layer,timestep,n,insufficient_n,native_or_simulated,n_jaccard,jaccard_median,jaccard_q1,jaccard_q3,jaccard_iqr,jaccard_mean,jaccard_p10,jaccard_p90,jaccard_min,jaccard_max,n_recall,recall_median,recall_q1,recall_q3,recall_iqr,recall_mean,recall_p10,recall_p90,recall_min,recall_max,decision_margin_reference_median,n_decision_margin_reference,decision_margin_candidate_median,n_decision_margin_candidate,frac_query_blocks_changed_median,n_frac_query_blocks_changed,boundary_ties_median,n_boundary_ties,spearman_rho_median,n_spearman_rho,sat_frac_q_median,n_sat_frac_q
0,0,24,False,native,24,0.969819,0.960428,0.973395,0.012967,0.966841,0.954416,0.976093,0.938111,0.989437,24,0.984678,0.979815,0.986518,0.006703,0.983101,0.976676,0.987902,0.968067,0.994691,0.001247,24,0.001092,24,0.886719,24,0.0,24,0.999272,24,0.096604,24
0,1,24,False,native,24,0.969304,0.960501,0.973173,0.012672,0.9664,0.954561,0.975945,0.937897,0.988237,24,0.984413,0.979852,0.986404,0.006552,0.982874,0.976752,0.987826,0.967954,0.994084,0.001201,24,0.001216,24,0.876953,24,0.0,24,,0,0.09667,24
0,2,24,False,native,24,0.967871,0.959863,0.973154,0.013291,0.966522,0.953258,0.975723,0.944184,0.988912,24,0.983673,0.979521,0.986394,0.006874,0.982943,0.976069,0.987712,0.971291,0.994425,0.001208,24,0.001237,24,0.882812,24,0.0,24,,0,0.096382,24
0,3,24,False,native,24,0.965928,0.95819,0.972601,0.014411,0.96631,0.95485,0.976908,0.94483,0.990413,24,0.982668,0.978648,0.98611,0.007462,0.982833,0.976904,0.988319,0.971632,0.995184,0.001245,24,0.001158,24,0.896484,24,0.0,24,,0,0.096028,24
0,4,24,False,native,24,0.966111,0.961162,0.973709,0.012547,0.966508,0.954343,0.976241,0.943539,0.990113,24,0.982763,0.980194,0.986679,0.006485,0.982934,0.976638,0.987978,0.97095,0.995032,0.001156,24,0.001199,24,0.890625,24,0.0,24,,0,0.09569,24
0,5,24,False,native,24,0.965269,0.961179,0.972769,0.01159,0.966678,0.955358,0.97713,0.947127,0.989737,24,0.982327,0.980203,0.986195,0.005992,0.983026,0.977169,0.988433,0.972846,0.994842,0.001163,24,0.001117,24,0.896484,24,0.0,24,,0,0.095452,24
0,6,24,False,native,24,0.965306,0.96012,0.971938,0.011818,0.966293,0.953981,0.977575,0.945404,0.990864,24,0.982346,0.979653,0.985769,0.006115,0.982823,0.976449,0.98866,0.971936,0.995411,0.001144,24,0.001185,24,0.90625,24,0.0,24,,0,0.095203,24
0,7,24,False,native,24,0.96472,0.959827,0.97227,0.012443,0.966209,0.956083,0.978095,0.944471,0.988537,24,0.982043,0.979502,0.985939,0.006438,0.982782,0.977549,0.988926,0.971443,0.994235,0.001104,24,0.001102,24,0.902344,24,0.0,24,,0,0.095028,24
0,8,24,False,native,24,0.964646,0.959955,0.971441,0.011487,0.966178,0.954561,0.978169,0.946409,0.989963,24,0.982005,0.979568,0.985513,0.005945,0.982766,0.976752,0.988964,0.972467,0.994956,0.001142,24,0.001141,24,0.914062,24,0.0,24,,0,0.094885,24
0,9,24,False,native,24,0.964133,0.959809,0.971055,0.011245,0.965889,0.954416,0.978837,0.947199,0.989437,24,0.981739,0.979492,0.985314,0.005821,0.982618,0.976676,0.989305,0.972884,0.994691,0.001028,24,0.001083,24,0.908203,24,0.0,24,,0,0.094766,24
0,10,24,False,native,24,0.964755,0.961322,0.971477,0.010155,0.966044,0.954561,0.977798,0.946912,0.988837,24,0.982062,0.980279,0.985532,0.005253,0.9827,0.976752,0.988774,0.972732,0.994387,0.001101,24,0.001142,24,0.896484,24,0.0,24,0.999329,24,0.094698,24
0,11,24,False,native,24,0.965158,0.961432,0.970963,0.009531,0.965975,0.952101,0.977427,0.946912,0.989812,24,0.98227,0.980336,0.985266,0.00493,0.982662,0.975463,0.988585,0.972732,0.99488,0.001113,24,0.001086,24,0.916016,24,0.0,24,,0,0.094647,24
0,12,24,False,native,24,0.964499,0.962308,0.971571,0.009263,0.96624,0.953185,0.976612,0.948566,0.990188,24,0.981929,0.980791,0.985579,0.004788,0.982801,0.976032,0.988167,0.973604,0.99507,0.001121,24,0.00103,24,0.910156,24,0.0,24,,0,0.094613,24
0,13,24,False,native,24,0.964755,0.962746,0.97122,0.008475,0.966502,0.951667,0.975649,0.950873,0.991616,24,0.982062,0.981019,0.985399,0.00438,0.982937,0.975235,0.987674,0.974818,0.99579,0.001066,24,0.001074,24,0.900391,24,0.0,24,,0,0.094589,24
0,14,24,False,native,24,0.96428,0.962744,0.971643,0.008898,0.966194,0.951378,0.976538,0.949863,0.989512,24,0.981815,0.981019,0.985617,0.004598,0.982779,0.975083,0.98813,0.974287,0.994728,0.001053,24,0.00115,24,0.900391,24,0.0,24,,0,0.094588,24
0,15,24,False,native,24,0.964317,0.961321,0.971274,0.009953,0.96566,0.949863,0.974909,0.949431,0.990038,24,0.981834,0.980279,0.985427,0.005148,0.982501,0.974287,0.987295,0.974059,0.994994,0.001109,24,0.001065,24,0.902344,24,0.0,24,,0,0.094613,24
0,16,24,False,native,24,0.964865,0.960355,0.971864,0.011509,0.965558,0.950512,0.974761,0.950152,0.988162,24,0.982118,0.979777,0.985731,0.005954,0.98245,0.974628,0.987219,0.974439,0.994046,0.001151,24,0.000976,24,0.904297,24,0.0,24,,0,0.09462,24
0,17,24,False,native,24,0.965451,0.960684,0.970777,0.010093,0.965188,0.949143,0.974909,0.945547,0.988462,24,0.982422,0.979947,0.985171,0.005224,0.982254,0.973908,0.987295,0.972012,0.994198,0.001173,24,0.001132,24,0.914062,24,0.0,24,,0,0.09464,24
0,18,24,False,native,24,0.965708,0.962344,0.970078,0.007733,0.965572,0.949287,0.97417,0.948134,0.988087,24,0.982555,0.98081,0.984811,0.004001,0.982457,0.973984,0.986916,0.973377,0.994008,0.001102,24,0.001127,24,0.916016,24,0.0,24,,0,0.094679,24
0,19,24,False,native,24,0.965671,0.961778,0.969305,0.007527,0.965349,0.948638,0.974466,0.947991,0.989437,24,0.982536,0.980516,0.984413,0.003897,0.98234,0.973642,0.987068,0.973301,0.994691,0.001111,24,0.001115,24,0.908203,24,0.0,24,,0,0.094721,24
0,20,24,False,native,24,0.965927,0.96085,0.970151,0.009301,0.965223,0.949575,0.974613,0.946984,0.989287,24,0.982668,0.980033,0.984849,0.004816,0.982273,0.974135,0.987144,0.97277,0.994615,0.00109,24,0.00105,24,0.916016,24,0.0,24,0.99928,24,0.094779,24
0,21,24,False,native,24,0.965451,0.961395,0.969599,0.008204,0.965135,0.949359,0.974835,0.946624,0.988162,24,0.982422,0.980317,0.984565,0.004248,0.982229,0.974022,0.987257,0.97258,0.994046,0.001176,24,0.001096,24,0.914062,24,0.0,24,,0,0.09483,24
0,22,24,False,native,24,0.965415,0.958171,0.969967,0.011795,0.964729,0.948494,0.974022,0.947343,0.988987,24,0.982403,0.978639,0.984754,0.006115,0.982017,0.973566,0.98684,0.97296,0.994463,0.001115,24,0.001031,24,0.919922,24,0.0,24,,0,0.094894,24
0,23,24,False,native,24,0.965378,0.960886,0.969488,0.008602,0.964884,0.949143,0.97321,0.947415,0.988537,24,0.982384,0.980052,0.984508,0.004456,0.9821,0.973908,0.986423,0.972998,0.994235,0.001107,24,0.00105,24,0.923828,24,0.0,24,,0,0.094946,24
0,24,24,False,native,24,0.965012,0.960174,0.968643,0.008469,0.964448,0.94871,0.974392,0.94483,0.987862,24,0.982194,0.979682,0.984072,0.00439,0.981872,0.97368,0.98703,0.971632,0.993894,0.001031,24,0.001187,24,0.914062,24,0.0,24,,0,0.095012,24
0,25,24,False,native,24,0.965671,0.960319,0.967799,0.00748,0.964796,0.949503,0.975205,0.947487,0.987188,24,0.982536,0.979758,0.983635,0.003878,0.982055,0.974097,0.987447,0.973035,0.993553,0.001217,24,0.001047,24,0.933594,24,0.0,24,,0,0.095076,24
0,26,24,False,native,24,0.965744,0.95961,0.968221,0.00861,0.964809,0.950007,0.974909,0.948422,0.988237,24,0.982574,0.979388,0.983854,0.004466,0.982062,0.974363,0.987295,0.973529,0.994084,0.001062,24,0.001006,24,0.943359,24,0.0,24,,0,0.095122,24
0,27,24,False,native,24,0.965415,0.957936,0.967321,0.009384,0.963905,0.948782,0.974983,0.946337,0.987413,24,0.982403,0.978516,0.983389,0.004873,0.981591,0.973718,0.987333,0.972429,0.993667,0.001128,24,0.001169,24,0.943359,24,0.0,24,,0,0.095179,24
0,28,24,False,native,24,0.965341,0.960686,0.968514,0.007829,0.964628,0.952317,0.974835,0.944113,0.987113,24,0.982365,0.979947,0.984005,0.004058,0.981967,0.975576,0.987257,0.971253,0.993515,0.001208,24,0.001058,24,0.931641,24,0.0,24,,0,0.095225,24
0,29,24,False,native,24,0.965195,0.959682,0.969194,0.009512,0.96406,0.953258,0.972988,0.941822,0.985467,24,0.982289,0.979426,0.984356,0.00493,0.981673,0.976069,0.986309,0.970039,0.992681,0.000991,24,0.001061,24,0.921875,24,0.0,24,,0,0.095277,24
0,30,24,False,native,24,0.965379,0.959463,0.969139,0.009676,0.963747,0.952607,0.97166,0.94175,0.984421,24,0.982384,0.979312,0.984328,0.005016,0.981512,0.975728,0.985627,0.970002,0.99215,0.001114,24,0.001162,24,0.917969,24,0.0,24,0.999249,24,0.095326,24
0,31,24,False,native,24,0.963551,0.958099,0.968423,0.010324,0.962704,0.952101,0.97085,0.938467,0.983004,24,0.981436,0.978601,0.983958,0.005357,0.980968,0.975463,0.985209,0.968257,0.991429,0.00118,24,0.001125,24,0.933594,24,0.0,24,,0,0.095364,24
0,32,24,False,native,24,0.963443,0.957735,0.968018,0.010283,0.962173,0.952173,0.970703,0.935977,0.982333,24,0.981379,0.978411,0.983749,0.005338,0.98069,0.975501,0.985133,0.96693,0.991088,0.001127,24,0.001089,24,0.923828,24,0.0,24,,0,0.095386,24
0,33,24,False,native,24,0.962164,0.957299,0.96745,0.010151,0.961532,0.952824,0.970408,0.933918,0.982556,24,0.980715,0.978184,0.983455,0.005272,0.980355,0.975842,0.984982,0.96583,0.991201,0.001128,24,0.001181,24,0.927734,24,0.0,24,,0,0.095425,24
0,34,24,False,native,24,0.962416,0.956138,0.967395,0.011257,0.961177,0.955865,0.969819,0.930802,0.981737,24,0.980848,0.977577,0.983427,0.00585,0.980169,0.977435,0.984678,0.964161,0.990784,0.001056,24,0.001081,24,0.935547,24,0.0,24,,0,0.095466,24
0,35,24,False,native,24,0.962891,0.957499,0.966477,0.008978,0.960934,0.954488,0.971292,0.929531,0.97958,24,0.981095,0.978288,0.982953,0.004665,0.980042,0.976714,0.985437,0.963478,0.989684,0.001091,24,0.001102,24,0.925781,24,0.0,24,,0,0.095527,24
0,36,24,False,native,24,0.962527,0.957354,0.964993,0.00764,0.96041,0.954416,0.971292,0.928543,0.977946,24,0.980905,0.978212,0.982185,0.003973,0.97977,0.976676,0.985437,0.962948,0.98885,0.00118,24,0.001061,24,0.9375,24,0.0,24,,0,0.095563,24
0,37,24,False,native,24,0.961469,0.956809,0.964499,0.00769,0.959479,0.954198,0.970923,0.925866,0.974983,24,0.980355,0.977928,0.981929,0.004001,0.979284,0.976562,0.985247,0.961506,0.987333,0.001192,24,0.001184,24,0.9375,24,0.0,24,,0,0.095602,24
0,38,24,False,native,24,0.963621,0.956356,0.964499,0.008144,0.959899,0.953185,0.970482,0.926288,0.975945,24,0.981474,0.977691,0.981929,0.004238,0.979502,0.976032,0.98502,0.961734,0.987826,0.001023,24,0.001123,24,0.9375,24,0.0,24,,0,0.095623,24
0,39,24,False,native,24,0.963,0.95652,0.964664,0.008144,0.959003,0.951884,0.968569,0.924601,0.973948,24,0.981151,0.977776,0.982014,0.004238,0.979034,0.975349,0.984034,0.960824,0.986802,0.001086,24,0.001117,24,0.933594,24,0.0,24,,0,0.095616,24
0,40,24,False,native,24,0.962927,0.954253,0.964335,0.010082,0.958557,0.952101,0.968349,0.923338,0.973727,24,0.981113,0.976591,0.981844,0.005253,0.9788,0.975463,0.98392,0.960141,0.986688,0.001118,24,0.001139,24,0.9375,24,0.0,24,0.998775,24,0.095583,24
0,41,24,False,native,24,0.961358,0.95489,0.963128,0.008239,0.957051,0.95008,0.966587,0.920816,0.970555,24,0.980298,0.976923,0.981218,0.004295,0.978013,0.974401,0.98301,0.958776,0.985058,0.001165,24,0.001096,24,0.9375,24,0.0,24,,0,0.09549,24
0,42,24,False,native,24,0.960191,0.950404,0.963311,0.012907,0.955977,0.947631,0.966587,0.919348,0.971587,24,0.979691,0.974571,0.981313,0.006741,0.977447,0.973111,0.98301,0.957979,0.985589,0.001042,24,0.001047,24,0.955078,24,0.0,24,,0,0.095285,24
0,43,24,False,native,24,0.956519,0.947038,0.964353,0.017315,0.954031,0.94684,0.966001,0.911417,0.970703,24,0.977776,0.972798,0.981853,0.009055,0.976414,0.972694,0.982706,0.953656,0.985133,0.000973,24,0.001085,24,0.949219,24,0.0,24,,0,0.094927,24
0,44,24,False,native,24,0.955288,0.946732,0.964573,0.017841,0.952191,0.941464,0.967321,0.907614,0.967981,24,0.977131,0.972637,0.981967,0.009329,0.975441,0.96985,0.983389,0.95157,0.98373,0.000991,24,0.001023,24,0.943359,24,0.0,24,,0,0.09442,24
0,45,24,False,native,24,0.951342,0.94354,0.961011,0.017471,0.948801,0.935977,0.964829,0.90417,0.967027,24,0.975064,0.97095,0.980118,0.009168,0.973655,0.96693,0.9821,0.949674,0.983237,0.000953,24,0.001047,24,0.960938,24,0.0,24,,0,0.093636,24
0,46,24,False,native,24,0.948206,0.940108,0.955368,0.01526,0.945941,0.927344,0.964755,0.899849,0.972029,24,0.973415,0.969129,0.977169,0.00804,0.972128,0.962303,0.982062,0.947285,0.985816,0.000963,24,0.001,24,0.966797,24,0.0,24,,0,0.092607,24
0,47,24,False,native,24,0.946373,0.939842,0.954332,0.01449,0.944499,0.92432,0.965121,0.894729,0.972177,24,0.972448,0.968987,0.976629,0.007642,0.971354,0.960672,0.982251,0.94444,0.985892,0.000944,24,0.001042,24,0.972656,24,0.0,24,,0,0.091023,24
0,48,24,False,native,24,0.946015,0.940411,0.95435,0.013939,0.943941,0.925093,0.962489,0.892078,0.968569,24,0.972258,0.96929,0.976638,0.007348,0.97106,0.961089,0.980886,0.942961,0.984034,0.001001,24,0.001055,24,0.962891,24,0.0,24,,0,0.089447,24
0,49,24,False,native,24,0.948386,0.938183,0.958136,0.019953,0.945809,0.932996,0.963146,0.898823,0.973136,24,0.97351,0.968105,0.97862,0.010515,0.972059,0.965337,0.981227,0.946716,0.986385,0.001019,24,0.000991,24,0.957031,24,0.0,24,,0,0.088911,24
1,0,24,False,native,24,0.976649,0.967083,0.97906,0.011977,0.973281,0.962168,0.980978,0.95485,0.982929,24,0.988186,0.983266,0.989419,0.006153,0.986443,0.980719,0.990397,0.976904,0.991391,0.001028,24,0.001022,24,0.798828,24,0.0,24,0.99969,24,0.101109,24
1,1,24,False,native,24,0.974392,0.968,0.9788,0.0108,0.972883,0.962168,0.980055,0.960082,0.981737,24,0.98703,0.98374,0.989286,0.005546,0.986243,0.980719,0.989927,0.979634,0.990784,0.001056,24,0.000958,24,0.816406,24,0.0,24,,0,0.100976,24
1,2,24,False,native,24,0.974872,0.967541,0.979877,0.012336,0.972581,0.957935,0.98071,0.95543,0.982333,24,0.987276,0.983503,0.989836,0.006333,0.986082,0.978516,0.990261,0.977207,0.991088,0.000978,24,0.000986,24,0.833984,24,0.0,24,,0,0.101126,24
1,3,24,False,native,24,0.973874,0.967431,0.979617,0.012186,0.97217,0.957049,0.980799,0.954054,0.983227,24,0.986764,0.983446,0.989703,0.006258,0.985868,0.978053,0.990306,0.976487,0.991543,0.001009,24,0.000956,24,0.839844,24,0.0,24,,0,0.101491,24
1,4,24,False,native,24,0.976131,0.967449,0.980174,0.012725,0.971749,0.952375,0.98237,0.946193,0.98375,24,0.987921,0.983455,0.989988,0.006533,0.985641,0.975607,0.991107,0.972353,0.991808,0.001057,24,0.001075,24,0.8125,24,0.0,24,,0,0.101703,24
1,5,24,False,native,24,0.975871,0.967339,0.980081,0.012742,0.971261,0.950952,0.982646,0.942752,0.984048,24,0.987788,0.983398,0.98994,0.006542,0.985383,0.97486,0.991247,0.970532,0.99196,0.000974,24,0.001061,24,0.796875,24,0.0,24,,0,0.101922,24
1,6,24,False,native,24,0.97539,0.966862,0.981309,0.014446,0.970954,0.952216,0.982065,0.938681,0.984197,24,0.987542,0.983152,0.990566,0.007414,0.985219,0.975523,0.990951,0.968371,0.992036,0.001014,24,0.001035,24,0.810547,24,0.0,24,,0,0.102169,24
1,7,24,False,native,24,0.975575,0.967009,0.981811,0.014802,0.97108,0.952622,0.983049,0.932996,0.987338,24,0.987637,0.983228,0.990822,0.007594,0.985274,0.975736,0.991452,0.965337,0.993629,0.000989,24,0.001028,24,0.8125,24,0.0,24,,0,0.102416,24
1,8,24,False,native,24,0.974651,0.966606,0.981942,0.015336,0.970912,0.952919,0.984115,0.933067,0.986739,24,0.987162,0.983019,0.990889,0.007869,0.985186,0.975891,0.991994,0.965375,0.993325,0.00104,24,0.001064,24,0.822266,24,0.0,24,,0,0.102599,24
1,9,24,False,native,24,0.974762,0.965708,0.982482,0.016773,0.970785,0.952009,0.984138,0.931439,0.987712,24,0.987219,0.982555,0.991164,0.008609,0.985116,0.975413,0.992005,0.964502,0.993818,0.001016,24,0.001011,24,0.820312,24,0.0,24,,0,0.102777,24
1,10,24,False,native,24,0.974096,0.963915,0.982426,0.018511,0.970435,0.95318,0.984735,0.930378,0.986964,24,0.986878,0.981625,0.991135,0.00951,0.984934,0.976028,0.992309,0.963934,0.993439,0.001008,24,0.001062,24,0.8125,24,0.0,24,0.999654,24,0.102938,24
1,11,24,False,native,24,0.975131,0.963623,0.982203,0.018579,0.970167,0.952166,0.98425,0.928825,0.987712,24,0.987409,0.981474,0.991021,0.009548,0.984791,0.975497,0.992062,0.963099,0.993818,0.001041,24,0.001026,24,0.806641,24,0.0,24,,0,0.103073,24
1,12,24,False,native,24,0.974761,0.964593,0.981421,0.016828,0.970006,0.953236,0.984698,0.92819,0.988087,24,0.987219,0.981976,0.990623,0.008647,0.984708,0.976058,0.99229,0.962758,0.994008,0.001055,24,0.001024,24,0.828125,24,0.0,24,,0,0.103181,24
1,13,24,False,native,24,0.974725,0.964776,0.981645,0.016869,0.970403,0.954162,0.985475,0.928966,0.987787,24,0.9872,0.982071,0.990737,0.008666,0.984914,0.976544,0.992684,0.963175,0.993856,0.000977,24,0.001074,24,0.808594,24,0.0,24,,0,0.103263,24
1,14,24,False,native,24,0.97502,0.963826,0.980677,0.016851,0.970286,0.955401,0.986208,0.927697,0.988237,24,0.987352,0.981578,0.990244,0.008666,0.984854,0.977192,0.993056,0.962492,0.994084,0.001036,24,0.00099,24,0.810547,24,0.0,24,,0,0.103306,24
1,15,24,False,native,24,0.97502,0.9637,0.980957,0.017257,0.9701,0.955155,0.985924,0.92812,0.988612,24,0.987352,0.981512,0.990386,0.008874,0.984759,0.977063,0.992912,0.96272,0.994273,0.001021,24,0.000977,24,0.824219,24,0.0,24,,0,0.103321,24
1,16,24,False,native,24,0.974355,0.963537,0.980585,0.017048,0.969571,0.953439,0.985752,0.927485,0.988012,24,0.987011,0.981426,0.990196,0.00877,0.984486,0.976164,0.992825,0.962379,0.99397,0.000977,24,0.001017,24,0.822266,24,0.0,24,,0,0.103324,24
1,17,24,False,native,24,0.973986,0.962642,0.979992,0.01735,0.969859,0.954314,0.986425,0.932075,0.988612,24,0.986821,0.980962,0.989893,0.008931,0.984637,0.976623,0.993166,0.964844,0.994273,0.001012,24,0.00103,24,0.824219,24,0.0,24,,0,0.103306,24
1,18,24,False,native,24,0.972841,0.962424,0.979547,0.017123,0.969655,0.954459,0.985535,0.934556,0.988537,24,0.986233,0.980848,0.989666,0.008818,0.984538,0.976699,0.992715,0.966171,0.994235,0.001021,24,0.001031,24,0.845703,24,0.0,24,,0,0.103259,24
1,19,24,False,native,24,0.972841,0.963027,0.979807,0.016781,0.970061,0.953135,0.986268,0.938253,0.988387,24,0.986233,0.981161,0.989798,0.008637,0.984751,0.976005,0.993086,0.968143,0.99416,0.001086,24,0.000966,24,0.863281,24,0.0,24,,0,0.103231,24
1,20,24,False,native,24,0.972914,0.962533,0.979531,0.016998,0.970418,0.951935,0.986814,0.94311,0.988987,24,0.986271,0.980905,0.989656,0.008751,0.984939,0.975375,0.993363,0.970722,0.994463,0.000955,24,0.00099,24,0.833984,24,0.0,24,0.999635,24,0.103205,24
1,21,24,False,native,24,0.971108,0.962986,0.979288,0.016302,0.970498,0.951019,0.986253,0.945332,0.986739,24,0.985342,0.981142,0.989533,0.008391,0.984987,0.974894,0.993079,0.971898,0.993325,0.001044,24,0.001035,24,0.865234,24,0.0,24,,0,0.103137,24
1,22,24,False,native,24,0.971513,0.963187,0.978973,0.015786,0.97056,0.951646,0.986402,0.947056,0.988162,24,0.985551,0.981246,0.989372,0.008125,0.98502,0.975224,0.993155,0.972808,0.994046,0.000959,24,0.000979,24,0.849609,24,0.0,24,,0,0.103043,24
1,23,24,False,native,24,0.97225,0.963514,0.979474,0.01596,0.970635,0.950276,0.986544,0.947343,0.987787,24,0.98593,0.981417,0.989628,0.008211,0.985056,0.974503,0.993227,0.97296,0.993856,0.000956,24,0.001005,24,0.833984,24,0.0,24,,0,0.102939,24
1,24,24,False,native,24,0.971218,0.963661,0.980104,0.016442,0.970573,0.95026,0.986462,0.946984,0.989137,24,0.985399,0.981493,0.98995,0.008457,0.985023,0.974496,0.993185,0.97277,0.994539,0.001092,24,0.001042,24,0.837891,24,0.0,24,,0,0.102863,24
1,25,24,False,native,24,0.970077,0.962766,0.978821,0.016055,0.969836,0.949611,0.986791,0.94526,0.988087,24,0.984811,0.981028,0.989296,0.008268,0.984642,0.974154,0.993352,0.97186,0.994008,0.001023,24,0.000997,24,0.875,24,0.0,24,,0,0.102773,24
1,26,24,False,native,24,0.970519,0.962784,0.979696,0.016912,0.970201,0.94977,0.987039,0.947056,0.989062,24,0.985039,0.981038,0.989741,0.008704,0.98483,0.974238,0.993477,0.972808,0.994501,0.000993,24,0.001084,24,0.876953,24,0.0,24,,0,0.102678,24
1,27,24,False,native,24,0.969672,0.962548,0.980049,0.017501,0.969614,0.947581,0.98617,0.946265,0.987338,24,0.984603,0.980914,0.989921,0.009007,0.984527,0.973085,0.993037,0.972391,0.993629,0.001066,24,0.001031,24,0.861328,24,0.0,24,,0,0.102564,24
1,28,24,False,native,24,0.970077,0.962092,0.979547,0.017455,0.969138,0.946459,0.986567,0.945188,0.987638,24,0.984811,0.980677,0.989666,0.008988,0.984279,0.972493,0.993238,0.971822,0.99378,0.001059,24,0.001028,24,0.869141,24,0.0,24,,0,0.102413,24
1,29,24,False,native,24,0.969782,0.962821,0.979418,0.016597,0.96927,0.947983,0.986619,0.945188,0.987488,24,0.984659,0.981057,0.989599,0.008543,0.984348,0.973297,0.993265,0.971822,0.993704,0.001025,24,0.001049,24,0.876953,24,0.0,24,,0,0.102295,24
1,30,24,False,native,24,0.968018,0.962637,0.978732,0.016094,0.968762,0.948206,0.986717,0.944758,0.987937,24,0.983749,0.980962,0.989248,0.008287,0.984086,0.973415,0.993314,0.971594,0.993932,0.001006,24,0.001052,24,0.873047,24,0.0,24,0.999494,24,0.10209,24
1,31,24,False,native,24,0.967835,0.960357,0.979622,0.019265,0.968482,0.949021,0.986582,0.944041,0.987638,24,0.983654,0.979777,0.989703,0.009927,0.98394,0.973843,0.993246,0.971215,0.99378,0.001024,24,0.000986,24,0.882812,24,0.0,24,,0,0.101968,24
1,32,24,False,native,24,0.967101,0.960539,0.979491,0.018952,0.968317,0.95031,0.986043,0.94268,0.987113,24,0.983275,0.979871,0.989637,0.009766,0.983857,0.974522,0.992973,0.970495,0.993515,0.001,24,0.000994,24,0.882812,24,0.0,24,,0,0.101815,24
1,33,24,False,native,24,0.966404,0.960703,0.978343,0.01764,0.967769,0.947869,0.986492,0.943969,0.987787,24,0.982915,0.979957,0.989049,0.009092,0.983572,0.973236,0.9932,0.971177,0.993856,0.001001,24,0.001017,24,0.902344,24,0.0,24,,0,0.101635,24
1,34,24,False,native,24,0.966771,0.961508,0.978619,0.017112,0.967667,0.946324,0.986073,0.944041,0.986964,24,0.983105,0.980374,0.989191,0.008818,0.98352,0.972421,0.992988,0.971215,0.993439,0.000999,24,0.000976,24,0.894531,24,0.0,24,,0,0.101418,24
1,35,24,False,native,24,0.967725,0.961329,0.978713,0.017384,0.967768,0.946604,0.98555,0.944901,0.987113,24,0.983598,0.980279,0.989239,0.00896,0.983572,0.972569,0.992722,0.97167,0.993515,0.00102,24,0.00101,24,0.892578,24,0.0,24,,0,0.101218,24
1,36,24,False,native,24,0.967027,0.960092,0.978898,0.018807,0.967078,0.944844,0.985445,0.941464,0.986589,24,0.983237,0.979634,0.989334,0.009699,0.98321,0.97164,0.992669,0.96985,0.993249,0.001016,24,0.001009,24,0.894531,24,0.0,24,,0,0.101004,24
1,37,24,False,native,24,0.966771,0.960273,0.978694,0.018421,0.966525,0.945425,0.985467,0.938467,0.986889,24,0.983105,0.979729,0.989229,0.0095,0.982921,0.971947,0.992681,0.968257,0.993401,0.001038,24,0.001005,24,0.886719,24,0.0,24,,0,0.100796,24
1,38,24,False,native,24,0.967651,0.958727,0.977545,0.018818,0.966373,0.945161,0.986073,0.937826,0.987338,24,0.98356,0.978923,0.988642,0.009718,0.982839,0.971807,0.992988,0.967916,0.993629,0.001062,24,0.001096,24,0.884766,24,0.0,24,,0,0.100468,24
1,39,24,False,native,24,0.967174,0.957055,0.977081,0.020025,0.965513,0.945196,0.984765,0.937826,0.986889,24,0.983313,0.978051,0.988405,0.010353,0.982395,0.971826,0.992324,0.967916,0.993401,0.001014,24,0.000988,24,0.890625,24,0.0,24,,0,0.100154,24
1,40,24,False,native,24,0.965158,0.955056,0.976342,0.021286,0.965118,0.945454,0.984675,0.941822,0.987113,24,0.98227,0.977008,0.988025,0.011017,0.982194,0.971962,0.992279,0.970039,0.993515,0.001037,24,0.001062,24,0.894531,24,0.0,24,0.999299,24,0.099915,24
1,41,24,False,native,24,0.964829,0.95375,0.976507,0.022758,0.964645,0.945497,0.984504,0.939537,0.985766,24,0.9821,0.976325,0.988111,0.011785,0.981949,0.971985,0.992191,0.968826,0.992832,0.00101,24,0.000979,24,0.900391,24,0.0,24,,0,0.099593,24
1,42,24,False,native,24,0.963038,0.952446,0.974788,0.022342,0.963689,0.945225,0.984548,0.936545,0.985467,24,0.98117,0.975643,0.987229,0.011586,0.981452,0.971841,0.992214,0.967233,0.992681,0.00104,24,0.000959,24,0.90625,24,0.0,24,,0,0.099333,24
1,43,24,False,native,24,0.962893,0.951598,0.973184,0.021586,0.962739,0.946122,0.983847,0.934485,0.986589,24,0.981095,0.975197,0.986404,0.011207,0.980957,0.972315,0.991858,0.966133,0.993249,0.000945,24,0.000969,24,0.916016,24,0.0,24,,0,0.099096,24
1,44,24,False,native,24,0.961943,0.951001,0.972742,0.02174,0.961655,0.942144,0.98246,0.93335,0.985617,24,0.980601,0.974884,0.986176,0.011292,0.980391,0.97021,0.991152,0.965526,0.992756,0.000996,24,0.000921,24,0.921875,24,0.0,24,,0,0.098877,24
1,45,24,False,native,24,0.959463,0.952067,0.970437,0.018369,0.960461,0.940322,0.982303,0.93335,0.983451,24,0.979312,0.975444,0.984991,0.009548,0.979772,0.969243,0.991073,0.965526,0.991657,0.000949,24,0.000978,24,0.923828,24,0.0,24,,0,0.098628,24
1,46,24,False,native,24,0.956664,0.95212,0.970179,0.01806,0.960333,0.943146,0.981454,0.934343,0.983974,24,0.977852,0.975472,0.984859,0.009386,0.979712,0.970741,0.99064,0.966057,0.991922,0.000953,24,0.000976,24,0.953125,24,0.0,24,,0,0.098132,24
1,47,24,False,native,24,0.954271,0.949989,0.967781,0.017792,0.958645,0.945203,0.97952,0.930873,0.982631,24,0.9766,0.974353,0.983617,0.009263,0.978829,0.971829,0.989654,0.964199,0.991239,0.00093,24,0.000959,24,0.943359,24,0.0,24,,0,0.097557,24
1,48,24,False,native,24,0.954778,0.947344,0.968655,0.021311,0.956926,0.943454,0.97848,0.925655,0.982035,24,0.976866,0.97296,0.984072,0.011112,0.977925,0.970904,0.989123,0.961393,0.990936,0.000959,24,0.000968,24,0.972656,24,0.0,24,,0,0.097133,24
1,49,24,False,native,24,0.953475,0.945888,0.969145,0.023257,0.956239,0.942051,0.977798,0.92664,0.980992,24,0.976183,0.972192,0.984328,0.012136,0.977569,0.970161,0.988774,0.961924,0.990405,0.00098,24,0.000929,24,0.976562,24,0.0,24,,0,0.097252,24
2,0,24,False,native,24,0.970997,0.969029,0.981085,0.012057,0.97377,0.965247,0.984131,0.959936,0.986066,24,0.985285,0.984271,0.990452,0.006182,0.986696,0.982316,0.992002,0.979559,0.992984,0.000955,24,0.000929,24,0.855469,24,0.0,24,0.999685,24,0.102926,24
2,1,24,False,native,24,0.97144,0.967321,0.97958,0.012259,0.973067,0.965385,0.982683,0.963951,0.985393,24,0.985513,0.983389,0.989684,0.006296,0.986338,0.982388,0.991266,0.981644,0.992643,0.000909,24,0.00094,24,0.880859,24,0.0,24,,0,0.103118,24
2,2,24,False,native,24,0.970776,0.968239,0.98036,0.012122,0.973139,0.966624,0.983921,0.958262,0.987188,24,0.985171,0.983863,0.990083,0.00622,0.986371,0.983029,0.991895,0.978686,0.993553,0.000962,24,0.000903,24,0.857422,24,0.0,24,,0,0.103125,24
2,3,24,False,native,24,0.970261,0.967651,0.98077,0.013118,0.973268,0.965422,0.984683,0.960373,0.987113,24,0.984906,0.98356,0.990291,0.006732,0.986437,0.982407,0.992282,0.979786,0.993515,0.000906,24,0.000889,24,0.863281,24,0.0,24,,0,0.103041,24
2,4,24,False,native,24,0.971513,0.96789,0.980361,0.01247,0.973625,0.964653,0.984728,0.961394,0.987712,24,0.985551,0.983683,0.990083,0.0064,0.98662,0.982008,0.992305,0.980317,0.993818,0.000937,24,0.000927,24,0.833984,24,0.0,24,,0,0.102865,24
2,5,24,False,native,24,0.972177,0.968753,0.980733,0.01198,0.973911,0.962936,0.985917,0.960956,0.988462,24,0.985892,0.984128,0.990272,0.006144,0.986766,0.981117,0.992908,0.98009,0.994198,0.000904,24,0.000888,24,0.830078,24,0.0,24,,0,0.102663,24
2,6,24,False,native,24,0.971992,0.967578,0.980267,0.012689,0.973601,0.962248,0.985723,0.960956,0.987638,24,0.985797,0.983522,0.990035,0.006514,0.986606,0.980761,0.992809,0.98009,0.99378,0.000982,24,0.000951,24,0.847656,24,0.0,24,,0,0.102467,24
2,7,24,False,native,24,0.973247,0.967945,0.981197,0.013252,0.973981,0.963483,0.985782,0.959572,0.989137,24,0.986442,0.983711,0.990509,0.006798,0.986801,0.981402,0.99284,0.979369,0.994539,0.000938,24,0.000897,24,0.820312,24,0.0,24,,0,0.102264,24
2,8,24,False,native,24,0.973136,0.968312,0.981049,0.012737,0.974102,0.965048,0.985056,0.960665,0.988087,24,0.986385,0.983901,0.990433,0.006533,0.986864,0.982213,0.992472,0.979938,0.994008,0.000959,24,0.000966,24,0.84375,24,0.0,24,,0,0.102099,24
2,9,24,False,native,24,0.973801,0.968514,0.979877,0.011363,0.974181,0.966008,0.98552,0.960227,0.987787,24,0.986726,0.984005,0.989836,0.005831,0.986905,0.98271,0.992707,0.97971,0.993856,0.000986,24,0.000993,24,0.822266,24,0.0,24,,0,0.101908,24
2,10,24,False,native,24,0.973542,0.968477,0.979134,0.010657,0.974229,0.965349,0.987046,0.959572,0.989287,24,0.986594,0.983986,0.989457,0.005471,0.986929,0.982369,0.993481,0.979369,0.994615,0.000934,24,0.000976,24,0.832031,24,0.0,24,0.999726,24,0.101796,24
2,11,24,False,native,24,0.973321,0.968312,0.979952,0.01164,0.974111,0.965268,0.986455,0.960738,0.988087,24,0.98648,0.983901,0.989874,0.005973,0.986869,0.982327,0.993181,0.979976,0.994008,0.000967,24,0.000954,24,0.835938,24,0.0,24,,0,0.101623,24
2,12,24,False,native,24,0.972841,0.968478,0.980138,0.01166,0.974266,0.965715,0.987293,0.960082,0.988612,24,0.986233,0.983986,0.989969,0.005983,0.986948,0.982558,0.993606,0.979634,0.994273,0.000978,24,0.001035,24,0.820312,24,0.0,24,,0,0.101485,24
2,13,24,False,native,24,0.972398,0.968551,0.98025,0.011699,0.974315,0.966242,0.987024,0.960373,0.987787,24,0.986006,0.984024,0.990026,0.006002,0.986973,0.982831,0.993469,0.979786,0.993856,0.000981,24,0.001002,24,0.835938,24,0.0,24,,0,0.101417,24
2,14,24,False,native,24,0.97155,0.968459,0.979228,0.010769,0.974163,0.96603,0.987113,0.961467,0.988612,24,0.98557,0.983977,0.989504,0.005528,0.986895,0.982721,0.993515,0.980355,0.994273,0.00101,24,0.00098,24,0.828125,24,0.0,24,,0,0.10127,24
2,15,24,False,native,24,0.971404,0.967431,0.980658,0.013228,0.97385,0.966433,0.985916,0.960373,0.987862,24,0.985494,0.983446,0.990234,0.006789,0.986734,0.98293,0.992908,0.979786,0.993894,0.000944,24,0.001018,24,0.796875,24,0.0,24,,0,0.101193,24
2,16,24,False,native,24,0.97214,0.967835,0.980678,0.012843,0.974493,0.965913,0.98742,0.960811,0.988387,24,0.985873,0.983654,0.990244,0.006589,0.987063,0.982661,0.99367,0.980014,0.99416,0.000983,24,0.00097,24,0.802734,24,0.0,24,,0,0.101052,24
2,17,24,False,native,24,0.972472,0.96822,0.980343,0.012123,0.974241,0.966572,0.987525,0.960665,0.988312,24,0.986044,0.983854,0.990073,0.00622,0.986935,0.983002,0.993723,0.979938,0.994122,0.000992,24,0.001002,24,0.849609,24,0.0,24,,0,0.101008,24
2,18,24,False,native,24,0.97214,0.968367,0.979418,0.01105,0.974075,0.964968,0.987406,0.960738,0.988987,24,0.985873,0.983929,0.989599,0.00567,0.986848,0.982172,0.993663,0.979976,0.994463,0.00095,24,0.001024,24,0.847656,24,0.0,24,,0,0.100812,24
2,19,24,False,native,24,0.971771,0.967871,0.980642,0.012771,0.973884,0.964149,0.986927,0.961102,0.988387,24,0.985683,0.983673,0.990225,0.006552,0.98675,0.981747,0.99342,0.980165,0.99416,0.00092,24,0.001008,24,0.855469,24,0.0,24,,0,0.10074,24
2,20,24,False,native,24,0.972656,0.968367,0.980439,0.012072,0.973942,0.963695,0.986589,0.960082,0.987038,24,0.986139,0.983929,0.990121,0.006191,0.98678,0.981512,0.993249,0.979634,0.993477,0.000998,24,0.000936,24,0.835938,24,0.0,24,0.999683,24,0.100685,24
2,21,24,False,native,24,0.971624,0.968257,0.98016,0.011903,0.973777,0.963446,0.986769,0.9603,0.987787,24,0.985608,0.983872,0.989978,0.006106,0.986695,0.981383,0.99334,0.979748,0.993856,0.001011,24,0.001002,24,0.833984,24,0.0,24,,0,0.100543,24
2,22,24,False,native,24,0.972582,0.967871,0.980641,0.01277,0.974009,0.963797,0.987413,0.959936,0.988087,24,0.986101,0.983673,0.990225,0.006552,0.986813,0.981565,0.993667,0.979559,0.994008,0.000981,24,0.001,24,0.853516,24,0.0,24,,0,0.100395,24
2,23,24,False,native,24,0.972066,0.96677,0.979991,0.01322,0.973837,0.963892,0.987608,0.960082,0.988237,24,0.985835,0.983105,0.989893,0.006789,0.986725,0.981614,0.993765,0.979634,0.994084,0.001042,24,0.000919,24,0.853516,24,0.0,24,,0,0.100266,24
2,24,24,False,native,24,0.972619,0.965946,0.981071,0.015125,0.973926,0.964207,0.986949,0.959863,0.987712,24,0.98612,0.982678,0.990443,0.007765,0.986771,0.981777,0.993431,0.979521,0.993818,0.001022,24,0.001014,24,0.865234,24,0.0,24,,0,0.100205,24
2,25,24,False,native,24,0.97321,0.966092,0.981127,0.015035,0.974411,0.964265,0.986746,0.960956,0.987638,24,0.986423,0.982754,0.990471,0.007718,0.98702,0.981807,0.993329,0.98009,0.99378,0.001055,24,0.001058,24,0.855469,24,0.0,24,,0,0.100081,24
2,26,24,False,native,24,0.973653,0.966147,0.980663,0.014516,0.974348,0.964141,0.987001,0.961467,0.988387,24,0.98665,0.982782,0.990234,0.007452,0.986987,0.981743,0.993458,0.980355,0.99416,0.001018,24,0.001031,24,0.861328,24,0.0,24,,0,0.099963,24
2,27,24,False,native,24,0.973653,0.966074,0.979994,0.01392,0.974389,0.963548,0.987053,0.962562,0.988162,24,0.98665,0.982744,0.989893,0.007149,0.987009,0.981436,0.993485,0.980924,0.994046,0.001033,24,0.001017,24,0.828125,24,0.0,24,,0,0.0998,24
2,28,24,False,native,24,0.974096,0.964609,0.982056,0.017447,0.974219,0.963073,0.987098,0.962343,0.989888,24,0.986878,0.981986,0.990945,0.00896,0.986919,0.981189,0.993507,0.98081,0.994918,0.001037,24,0.000997,24,0.845703,24,0.0,24,,0,0.099674,24
2,29,24,False,native,24,0.974207,0.964609,0.979863,0.015254,0.974039,0.962876,0.986732,0.961832,0.988537,24,0.986935,0.981986,0.989827,0.007841,0.986827,0.981087,0.993321,0.980545,0.994235,0.00104,24,0.001024,24,0.824219,24,0.0,24,,0,0.099565,24
2,30,24,False,native,24,0.973542,0.963567,0.980679,0.017112,0.973975,0.962832,0.986342,0.962124,0.988912,24,0.986594,0.981445,0.990244,0.008799,0.986794,0.981064,0.993124,0.980696,0.994425,0.001062,24,0.001032,24,0.853516,24,0.0,24,0.99967,24,0.099339,24
2,31,24,False,native,24,0.973136,0.962909,0.981143,0.018235,0.973641,0.962511,0.986664,0.961686,0.988987,24,0.986385,0.981104,0.990481,0.009377,0.986622,0.980897,0.993287,0.980469,0.994463,0.001023,24,0.001003,24,0.851562,24,0.0,24,,0,0.099189,24
2,32,24,False,native,24,0.973284,0.963731,0.981496,0.017765,0.973697,0.962241,0.987181,0.961613,0.989137,24,0.986461,0.981531,0.990661,0.00913,0.98665,0.980757,0.993549,0.980431,0.994539,0.001039,24,0.001001,24,0.84375,24,0.0,24,,0,0.09905,24
2,33,24,False,native,24,0.973874,0.963969,0.980567,0.016598,0.973602,0.962036,0.986732,0.960665,0.987263,24,0.986764,0.981654,0.990187,0.008533,0.986603,0.980651,0.993321,0.979938,0.993591,0.00098,24,0.00099,24,0.832031,24,0.0,24,,0,0.098882,24
2,34,24,False,native,24,0.9738,0.96417,0.978397,0.014227,0.973464,0.961635,0.986462,0.961248,0.989587,24,0.986726,0.981758,0.989078,0.007319,0.986532,0.980442,0.993185,0.980241,0.994766,0.001077,24,0.001051,24,0.839844,24,0.0,24,,0,0.098684,24
2,35,24,False,native,24,0.973653,0.964408,0.979825,0.015417,0.973513,0.961066,0.986245,0.960082,0.989437,24,0.98665,0.981881,0.989808,0.007926,0.986556,0.980146,0.993075,0.979634,0.994691,0.00104,24,0.001007,24,0.845703,24,0.0,24,,0,0.098492,24
2,36,24,False,native,24,0.973874,0.963786,0.979269,0.015483,0.973121,0.959907,0.986522,0.959281,0.989212,24,0.986764,0.981559,0.989523,0.007964,0.986353,0.979543,0.993215,0.979217,0.994577,0.001045,24,0.001096,24,0.853516,24,0.0,24,,0,0.098297,24
2,37,24,False,native,24,0.972545,0.963841,0.978413,0.014572,0.972963,0.959936,0.986417,0.959281,0.989287,24,0.986082,0.981588,0.989087,0.0075,0.986273,0.979559,0.993162,0.979217,0.994615,0.001063,24,0.001045,24,0.861328,24,0.0,24,,0,0.098104,24
2,38,24,False,native,24,0.973136,0.963621,0.979082,0.015461,0.97264,0.95888,0.985774,0.958117,0.988987,24,0.986385,0.981474,0.989428,0.007955,0.986105,0.979009,0.992836,0.97861,0.994463,0.00106,24,0.001061,24,0.859375,24,0.0,24,,0,0.097833,24
2,39,24,False,native,24,0.971882,0.962946,0.978951,0.016005,0.971746,0.959026,0.984698,0.95572,0.987338,24,0.98574,0.981123,0.989362,0.008239,0.985645,0.979084,0.99229,0.977359,0.993629,0.001036,24,0.001029,24,0.865234,24,0.0,24,,0,0.09759,24
2,40,24,False,native,24,0.97225,0.962708,0.978023,0.015315,0.971476,0.958939,0.98496,0.953692,0.988387,24,0.98593,0.981,0.988888,0.007888,0.985505,0.979039,0.992423,0.976297,0.99416,0.001049,24,0.001088,24,0.869141,24,0.0,24,0.999613,24,0.097336,24
2,41,24,False,native,24,0.970924,0.962452,0.977894,0.015441,0.971049,0.958102,0.984556,0.952462,0.988387,24,0.985247,0.980867,0.988822,0.007955,0.985284,0.978603,0.992218,0.975652,0.99416,0.00108,24,0.001074,24,0.853516,24,0.0,24,,0,0.09703,24
2,42,24,False,native,24,0.971402,0.961887,0.978117,0.016231,0.970828,0.957404,0.983668,0.951017,0.987862,24,0.985494,0.980573,0.988935,0.008362,0.985168,0.978239,0.991767,0.974894,0.993894,0.001001,24,0.00107,24,0.859375,24,0.0,24,,0,0.096678,24
2,43,24,False,native,24,0.97085,0.961576,0.97804,0.016464,0.970207,0.955459,0.983668,0.949791,0.987712,24,0.985209,0.980412,0.988898,0.008486,0.984846,0.977222,0.991767,0.974249,0.993818,0.001031,24,0.001078,24,0.890625,24,0.0,24,,0,0.096427,24
2,44,24,False,native,24,0.97144,0.960938,0.978597,0.017659,0.970178,0.957732,0.982191,0.947631,0.988237,24,0.985513,0.98008,0.989182,0.009102,0.98483,0.978409,0.991016,0.973111,0.994084,0.001102,24,0.001047,24,0.875,24,0.0,24,,0,0.096019,24
2,45,24,False,native,24,0.971256,0.96154,0.97791,0.01637,0.969927,0.95718,0.983317,0.945404,0.987413,24,0.985418,0.980393,0.988831,0.008438,0.984699,0.978121,0.991588,0.971936,0.993667,0.001073,24,0.001066,24,0.882812,24,0.0,24,,0,0.09569,24
2,46,24,False,native,24,0.971587,0.962034,0.977873,0.01584,0.970131,0.957085,0.982765,0.944901,0.988612,24,0.985589,0.980649,0.988812,0.008163,0.984805,0.978072,0.991308,0.97167,0.994273,0.0011,24,0.001127,24,0.871094,24,0.0,24,,0,0.095445,24
2,47,24,False,native,24,0.969489,0.960355,0.977762,0.017407,0.969407,0.957979,0.98372,0.945332,0.987937,24,0.984508,0.979777,0.988755,0.008979,0.984432,0.978538,0.991793,0.971898,0.993932,0.001092,24,0.001041,24,0.886719,24,0.0,24,,0,0.095234,24
2,48,24,False,native,24,0.970374,0.95919,0.97804,0.01885,0.968806,0.956489,0.981595,0.944328,0.986814,24,0.984963,0.97917,0.988898,0.009728,0.984119,0.977761,0.990712,0.971367,0.993363,0.001047,24,0.001103,24,0.882812,24,0.0,24,,0,0.095256,24
2,49,24,False,native,24,0.969166,0.958899,0.978726,0.019827,0.968868,0.955996,0.982028,0.946481,0.98614,24,0.984337,0.979018,0.989248,0.01023,0.984152,0.977503,0.990932,0.972505,0.993022,0.001064,24,0.001105,24,0.865234,24,0.0,24,,0,0.09559,24
3,0,24,False,native,24,0.977687,0.973505,0.980806,0.007302,0.977308,0.972715,0.984213,0.969231,0.985692,24,0.988717,0.986575,0.99031,0.003736,0.988518,0.986169,0.992043,0.984375,0.992794,0.000984,24,0.000957,24,0.785156,24,0.0,24,0.999733,24,0.106381,24
3,1,24,False,native,24,0.978206,0.975742,0.981961,0.006219,0.977588,0.965777,0.985819,0.961175,0.989137,24,0.988983,0.987722,0.990898,0.003176,0.988654,0.982589,0.992859,0.980203,0.994539,0.00096,24,0.000932,24,0.78125,24,0.0,24,,0,0.106774,24
3,2,24,False,native,24,0.978985,0.975446,0.983022,0.007577,0.97877,0.971137,0.985072,0.965854,0.988612,24,0.989381,0.98757,0.991438,0.003868,0.989263,0.985357,0.99248,0.98263,0.994273,0.001034,24,0.000978,24,0.746094,24,0.0,24,,0,0.106982,24
3,3,24,False,native,24,0.980137,0.976223,0.983899,0.007676,0.9797,0.971388,0.985789,0.969819,0.989812,24,0.989969,0.987968,0.991884,0.003916,0.989738,0.985486,0.992844,0.984678,0.99488,0.001015,24,0.000989,24,0.753906,24,0.0,24,,0,0.107121,24
3,4,24,False,native,24,0.979357,0.976519,0.98416,0.007641,0.979847,0.972206,0.98656,0.967541,0.990188,24,0.989571,0.98812,0.992017,0.003897,0.989812,0.985907,0.993234,0.983503,0.99507,0.000971,24,0.000971,24,0.767578,24,0.0,24,,0,0.107127,24
3,5,24,False,native,24,0.980174,0.976853,0.984832,0.00798,0.979948,0.972442,0.9854,0.967835,0.988312,24,0.989988,0.988291,0.992358,0.004067,0.989865,0.986029,0.992646,0.983654,0.994122,0.001007,24,0.001043,24,0.728516,24,0.0,24,,0,0.107154,24
3,6,24,False,native,24,0.980137,0.97676,0.985131,0.008371,0.980099,0.972036,0.986432,0.967247,0.989062,24,0.989969,0.988243,0.99251,0.004267,0.98994,0.98582,0.99317,0.983351,0.994501,0.001036,24,0.001021,24,0.748047,24,0.0,24,,0,0.107167,24
3,7,24,False,native,24,0.98062,0.976205,0.98558,0.009375,0.980136,0.971735,0.986799,0.967688,0.988312,24,0.990215,0.987959,0.992737,0.004779,0.989959,0.985664,0.993356,0.983579,0.994122,0.001008,24,0.001027,24,0.728516,24,0.0,24,,0,0.107164,24
3,8,24,False,native,24,0.980955,0.975779,0.985654,0.009876,0.980422,0.972737,0.987166,0.967247,0.988012,24,0.990386,0.987741,0.992775,0.005035,0.990105,0.98618,0.993541,0.983351,0.99397,0.001026,24,0.001038,24,0.707031,24,0.0,24,,0,0.107161,24
3,9,24,False,native,24,0.981141,0.976186,0.985841,0.009655,0.980224,0.971823,0.986702,0.96666,0.988537,24,0.990481,0.987949,0.99287,0.004921,0.990004,0.98571,0.993306,0.983048,0.994235,0.001052,24,0.000973,24,0.71875,24,0.0,24,,0,0.107113,24
3,10,24,False,native,24,0.982035,0.97602,0.986795,0.010775,0.980212,0.972022,0.98754,0.965634,0.988312,24,0.990936,0.987864,0.993354,0.00549,0.989996,0.985812,0.993731,0.982517,0.994122,0.00107,24,0.001074,24,0.707031,24,0.0,24,0.999833,24,0.107071,24
3,11,24,False,native,24,0.980844,0.976593,0.986833,0.010239,0.980451,0.972368,0.987218,0.965927,0.988237,24,0.990329,0.988158,0.993373,0.005215,0.990119,0.985991,0.993568,0.982668,0.994084,0.001071,24,0.001039,24,0.724609,24,0.0,24,,0,0.107019,24
3,12,24,False,native,24,0.982035,0.976778,0.986776,0.009998,0.980905,0.973675,0.98802,0.968128,0.988612,24,0.990936,0.988253,0.993344,0.005091,0.990351,0.986662,0.993974,0.983806,0.994273,0.001114,24,0.001049,24,0.693359,24,0.0,24,,0,0.10694,24
3,13,24,False,native,24,0.98062,0.976927,0.986458,0.009532,0.980976,0.97471,0.988072,0.971292,0.988912,24,0.990215,0.988329,0.993183,0.004854,0.990389,0.987193,0.994,0.985437,0.994425,0.001034,24,0.001085,24,0.724609,24,0.0,24,,0,0.106885,24
3,14,24,False,native,24,0.98196,0.977279,0.986739,0.00946,0.981381,0.974828,0.98754,0.970997,0.988612,24,0.990898,0.988509,0.993325,0.004816,0.990596,0.987253,0.993731,0.985285,0.994273,0.001056,24,0.001074,24,0.707031,24,0.0,24,,0,0.106823,24
3,15,24,False,native,24,0.981328,0.977149,0.986159,0.00901,0.981362,0.974724,0.988095,0.972324,0.988762,24,0.990576,0.988442,0.993031,0.004589,0.990587,0.9872,0.994012,0.985968,0.994349,0.001002,24,0.001061,24,0.710938,24,0.0,24,,0,0.106769,24
3,16,24,False,native,24,0.981104,0.977001,0.986028,0.009027,0.98116,0.974015,0.987196,0.972177,0.987563,24,0.990462,0.988367,0.992965,0.004598,0.990484,0.986836,0.993557,0.985892,0.993742,0.001035,24,0.001008,24,0.705078,24,0.0,24,,0,0.106685,24
3,17,24,False,native,24,0.981403,0.978187,0.986271,0.008084,0.981298,0.973654,0.987495,0.970555,0.988087,24,0.990614,0.988973,0.993088,0.004115,0.990554,0.98665,0.993708,0.985058,0.994008,0.001058,24,0.001092,24,0.703125,24,0.0,24,,0,0.106644,24
3,18,24,False,native,24,0.982184,0.977371,0.986833,0.009461,0.981472,0.973661,0.987787,0.971292,0.988762,24,0.991012,0.988556,0.993373,0.004816,0.990642,0.986654,0.993856,0.985437,0.994349,0.001112,24,0.001124,24,0.697266,24,0.0,24,,0,0.106577,24
3,19,24,False,native,24,0.980918,0.977427,0.986833,0.009406,0.981261,0.973667,0.987398,0.970923,0.988987,24,0.990367,0.988585,0.993373,0.004788,0.990535,0.986658,0.993659,0.985247,0.994463,0.001047,24,0.001055,24,0.720703,24,0.0,24,,0,0.106545,24
3,20,24,False,native,24,0.98129,0.978336,0.986776,0.008441,0.981506,0.973195,0.987465,0.971366,0.988237,24,0.990557,0.989049,0.993344,0.004295,0.990659,0.986415,0.993693,0.985475,0.994084,0.001051,24,0.001029,24,0.693359,24,0.0,24,0.999844,24,0.10648,24
3,21,24,False,native,24,0.982147,0.977408,0.987057,0.009649,0.981477,0.972892,0.987615,0.969819,0.987862,24,0.990993,0.988575,0.993486,0.004911,0.990644,0.98626,0.993769,0.984678,0.993894,0.001041,24,0.001115,24,0.693359,24,0.0,24,,0,0.10646,24
3,22,24,False,native,24,0.981216,0.977705,0.987095,0.009389,0.981255,0.972368,0.987945,0.968716,0.988837,24,0.990519,0.988727,0.993505,0.004779,0.99053,0.985991,0.993936,0.98411,0.994387,0.001041,24,0.001136,24,0.699219,24,0.0,24,,0,0.106438,24
3,23,24,False,native,24,0.980992,0.978447,0.987263,0.008816,0.981553,0.972295,0.988395,0.969157,0.989137,24,0.990405,0.989106,0.993591,0.004485,0.990682,0.985953,0.994163,0.984337,0.994539,0.001066,24,0.001105,24,0.716797,24,0.0,24,,0,0.106409,24
3,24,24,False,native,24,0.98144,0.978614,0.986664,0.00805,0.981319,0.972413,0.987413,0.968202,0.988912,24,0.990633,0.989191,0.993287,0.004096,0.990563,0.986013,0.993667,0.983844,0.994425,0.001067,24,0.001104,24,0.683594,24,0.0,24,,0,0.10638,24
3,25,24,False,native,24,0.980919,0.97854,0.986533,0.007993,0.981106,0.971808,0.987795,0.968128,0.989062,24,0.990367,0.989154,0.993221,0.004067,0.990454,0.985702,0.99386,0.983806,0.994501,0.001056,24,0.001052,24,0.705078,24,0.0,24,,0,0.106364,24
3,26,24,False,native,24,0.980063,0.977853,0.986122,0.008268,0.980835,0.972442,0.987593,0.966074,0.989212,24,0.989931,0.988803,0.993012,0.00421,0.990315,0.986029,0.993758,0.982744,0.994577,0.001033,24,0.001007,24,0.707031,24,0.0,24,,0,0.10633,24
3,27,24,False,native,24,0.979988,0.977649,0.986851,0.009202,0.980768,0.972051,0.987967,0.966881,0.989062,24,0.989893,0.988698,0.993382,0.004684,0.99028,0.985828,0.993947,0.983161,0.994501,0.001082,24,0.001088,24,0.705078,24,0.0,24,,0,0.106321,24
3,28,24,False,native,24,0.98077,0.977798,0.986533,0.008735,0.980994,0.971934,0.988275,0.96644,0.988687,24,0.990291,0.988774,0.993221,0.004447,0.990396,0.985767,0.994103,0.982934,0.994311,0.001078,24,0.001051,24,0.712891,24,0.0,24,,0,0.106278,24
3,29,24,False,native,24,0.981253,0.977446,0.987039,0.009593,0.981088,0.97259,0.988162,0.965561,0.988537,24,0.990538,0.988594,0.993477,0.004883,0.990443,0.986104,0.994046,0.982479,0.994235,0.001032,24,0.001101,24,0.705078,24,0.0,24,,0,0.106243,24
3,30,24,False,native,24,0.98103,0.978132,0.987207,0.009075,0.981183,0.972472,0.988492,0.96666,0.988837,24,0.990424,0.988945,0.993562,0.004617,0.990492,0.986044,0.994213,0.983048,0.994387,0.001063,24,0.001103,24,0.693359,24,0.0,24,0.999843,24,0.106252,24
3,31,24,False,native,24,0.982259,0.976371,0.987057,0.010686,0.981088,0.973712,0.988439,0.965121,0.988612,24,0.99105,0.988044,0.993486,0.005442,0.990443,0.986681,0.994186,0.982251,0.994273,0.001105,24,0.001136,24,0.675781,24,0.0,24,,0,0.106194,24
3,32,24,False,native,24,0.98196,0.975982,0.987469,0.011487,0.980876,0.97273,0.988372,0.965488,0.989212,24,0.990898,0.987845,0.993695,0.00585,0.990334,0.986176,0.994152,0.982441,0.994577,0.001088,24,0.001077,24,0.677734,24,0.0,24,,0,0.106164,24
3,33,24,False,native,24,0.982445,0.976241,0.987169,0.010928,0.98093,0.972604,0.988365,0.964536,0.989662,24,0.991145,0.987978,0.993543,0.005565,0.990361,0.986112,0.994148,0.981948,0.994804,0.001103,24,0.001073,24,0.669922,24,0.0,24,,0,0.10611,24
3,34,24,False,native,24,0.980844,0.975742,0.987038,0.011297,0.980342,0.972287,0.988042,0.963073,0.989812,24,0.990329,0.987722,0.993477,0.005755,0.990061,0.985949,0.993985,0.981189,0.99488,0.001049,24,0.001092,24,0.681641,24,0.0,24,,0,0.106058,24
3,35,24,False,native,24,0.980881,0.975242,0.986739,0.011497,0.980014,0.972169,0.98793,0.961759,0.990038,24,0.990348,0.987466,0.993325,0.005859,0.989891,0.985888,0.993928,0.980507,0.994994,0.001128,24,0.00105,24,0.677734,24,0.0,24,,0,0.106008,24
3,36,24,False,native,24,0.981737,0.975261,0.986851,0.011591,0.980071,0.971027,0.988425,0.960665,0.989062,24,0.990784,0.987475,0.993382,0.005907,0.98992,0.9853,0.994179,0.979938,0.994501,0.001043,24,0.001118,24,0.691406,24,0.0,24,,0,0.10595,24
3,37,24,False,native,24,0.982333,0.974743,0.987282,0.012539,0.980058,0.970953,0.988567,0.959135,0.988687,24,0.991088,0.98721,0.9936,0.00639,0.989912,0.985262,0.994251,0.979141,0.994311,0.001055,24,0.001109,24,0.669922,24,0.0,24,,0,0.105895,24
3,38,24,False,native,24,0.982035,0.975409,0.985393,0.009984,0.979798,0.971352,0.987443,0.958044,0.990714,24,0.990936,0.987551,0.992643,0.005091,0.989779,0.985467,0.993682,0.978573,0.995335,0.001035,24,0.001078,24,0.689453,24,0.0,24,,0,0.105841,24
3,39,24,False,native,24,0.981923,0.975113,0.986178,0.011065,0.979608,0.969799,0.987945,0.957027,0.989362,24,0.990879,0.987399,0.993041,0.005641,0.989681,0.984667,0.993936,0.978042,0.994653,0.001073,24,0.000994,24,0.695312,24,0.0,24,,0,0.105729,24
3,40,24,False,native,24,0.982072,0.975113,0.985281,0.010168,0.979566,0.97147,0.987316,0.958553,0.988462,24,0.990955,0.987399,0.992586,0.005186,0.989661,0.985528,0.993617,0.978838,0.994198,0.00111,24,0.001008,24,0.705078,24,0.0,24,0.999821,24,0.105632,24
3,41,24,False,native,24,0.981774,0.974669,0.985019,0.010351,0.979342,0.97024,0.987705,0.959572,0.989062,24,0.990803,0.987172,0.992453,0.005281,0.989547,0.984895,0.993814,0.979369,0.994501,0.001045,24,0.001036,24,0.722656,24,0.0,24,,0,0.105477,24
3,42,24,False,native,24,0.981998,0.974595,0.98543,0.010835,0.979017,0.968599,0.986896,0.956301,0.988987,24,0.990917,0.987134,0.992662,0.005528,0.989378,0.984049,0.993405,0.977662,0.994463,0.001034,24,0.001052,24,0.699219,24,0.0,24,,0,0.10534,24
3,43,24,False,native,24,0.981253,0.974133,0.985355,0.011222,0.9785,0.968827,0.987301,0.954198,0.988612,24,0.990538,0.986897,0.992624,0.005727,0.989111,0.984166,0.99361,0.976562,0.994273,0.00104,24,0.001078,24,0.716797,24,0.0,24,,0,0.105273,24
3,44,24,False,native,24,0.981886,0.974613,0.985355,0.010742,0.978542,0.968254,0.987091,0.952462,0.989662,24,0.99086,0.987144,0.992624,0.00548,0.989131,0.983871,0.993503,0.975652,0.994804,0.00108,24,0.001054,24,0.681641,24,0.0,24,,0,0.105091,24
3,45,24,False,native,24,0.982259,0.973468,0.985505,0.012037,0.977992,0.967836,0.986964,0.949431,0.989512,24,0.99105,0.986556,0.992699,0.006144,0.988845,0.983654,0.993439,0.974059,0.994728,0.000986,24,0.001123,24,0.71875,24,0.0,24,,0,0.104899,24
3,46,24,False,native,24,0.98278,0.972453,0.98571,0.013257,0.977847,0.967541,0.986447,0.948782,0.989437,24,0.991315,0.986034,0.992804,0.00677,0.988768,0.983503,0.993177,0.973718,0.994691,0.001088,24,0.001055,24,0.693359,24,0.0,24,,0,0.104762,24
3,47,24,False,native,24,0.982184,0.970684,0.986047,0.015363,0.977433,0.968114,0.987233,0.94684,0.989512,24,0.991012,0.985124,0.992974,0.00785,0.988553,0.983799,0.993576,0.972694,0.994728,0.001166,24,0.00112,24,0.6875,24,0.0,24,,0,0.10465,24
3,48,24,False,native,24,0.982185,0.971716,0.985393,0.013677,0.976873,0.967864,0.986866,0.942895,0.988537,24,0.991012,0.985655,0.992643,0.006988,0.988262,0.98367,0.99339,0.970608,0.994235,0.001106,24,0.001079,24,0.689453,24,0.0,24,,0,0.104613,24
3,49,24,False,native,24,0.982111,0.97004,0.98614,0.0161,0.976793,0.965495,0.988769,0.944471,0.990188,24,0.990974,0.984792,0.993022,0.00823,0.98822,0.982445,0.994353,0.971443,0.99507,0.001157,24,0.00124,24,0.724609,24,0.0,24,,0,0.104187,24
4,0,24,False,native,24,0.976538,0.971458,0.98375,0.012292,0.977086,0.96912,0.985318,0.966367,0.988237,24,0.98813,0.985522,0.991808,0.006286,0.988398,0.984318,0.992605,0.982896,0.994084,0.000941,24,0.000909,24,0.832031,24,0.0,24,0.99972,24,0.106997,24
4,1,24,False,native,24,0.979023,0.97515,0.983507,0.008357,0.978543,0.970224,0.985453,0.967981,0.98644,24,0.9894,0.987418,0.991685,0.004267,0.989147,0.984887,0.992673,0.98373,0.993174,0.000944,24,0.000893,24,0.775391,24,0.0,24,,0,0.106088,24
4,2,24,False,native,24,0.981737,0.978076,0.983918,0.005842,0.980707,0.972147,0.986582,0.971513,0.988162,24,0.990784,0.988916,0.991894,0.002977,0.990253,0.985877,0.993246,0.985551,0.994046,0.000928,24,0.001008,24,0.716797,24,0.0,24,,0,0.10581,24
4,3,24,False,native,24,0.981849,0.979134,0.984347,0.005213,0.981546,0.974436,0.986417,0.972914,0.989287,24,0.990841,0.989457,0.992112,0.002655,0.990682,0.987052,0.993162,0.986271,0.994615,0.00101,24,0.000995,24,0.714844,24,0.0,24,,0,0.105749,24
4,4,24,False,native,24,0.982929,0.979765,0.98487,0.005104,0.981941,0.973838,0.987391,0.971218,0.990263,24,0.991391,0.989779,0.992377,0.002598,0.990882,0.986745,0.993655,0.985399,0.995108,0.001006,24,0.000982,24,0.699219,24,0.0,24,,0,0.105651,24
4,5,24,False,native,24,0.983563,0.980826,0.984926,0.0041,0.982512,0.975612,0.987758,0.971145,0.990488,24,0.991713,0.99032,0.992406,0.002086,0.991173,0.987655,0.993841,0.985361,0.995221,0.001063,24,0.001034,24,0.675781,24,0.0,24,,0,0.105507,24
4,6,24,False,native,24,0.983899,0.981253,0.985,0.003747,0.982393,0.974414,0.986994,0.969893,0.990338,24,0.991884,0.990538,0.992443,0.001906,0.991111,0.987041,0.993454,0.984716,0.995146,0.001027,24,0.001088,24,0.662109,24,0.0,24,,0,0.105409,24
4,7,24,False,native,24,0.984048,0.982054,0.985748,0.003694,0.982784,0.974806,0.987518,0.969599,0.989888,24,0.99196,0.990945,0.992823,0.001877,0.99131,0.987242,0.99372,0.984565,0.994918,0.001043,24,0.001031,24,0.65625,24,0.0,24,,0,0.105386,24
4,8,24,False,native,24,0.984309,0.982221,0.985785,0.003564,0.982846,0.973712,0.987862,0.970923,0.989437,24,0.992093,0.991031,0.992842,0.001811,0.991342,0.986681,0.993894,0.985247,0.994691,0.000977,24,0.001061,24,0.65625,24,0.0,24,,0,0.105356,24
4,9,24,False,native,24,0.983787,0.981458,0.985505,0.004047,0.982562,0.972767,0.988072,0.970114,0.989888,24,0.991827,0.990642,0.992699,0.002057,0.991197,0.986195,0.994,0.98483,0.994918,0.001052,24,0.001019,24,0.669922,24,0.0,24,,0,0.105299,24
4,10,24,False,native,24,0.984309,0.981569,0.98586,0.004291,0.982633,0.973749,0.987368,0.969746,0.989437,24,0.992093,0.990699,0.99288,0.002181,0.991233,0.9867,0.993644,0.98464,0.994691,0.001078,24,0.00105,24,0.65625,24,0.0,24,0.999859,24,0.105248,24
4,11,24,False,native,24,0.984459,0.981402,0.985897,0.004496,0.982713,0.97431,0.98772,0.969746,0.988837,24,0.992169,0.990614,0.992899,0.002285,0.991274,0.986988,0.993822,0.98464,0.994387,0.001045,24,0.001109,24,0.638672,24,0.0,24,,0,0.105227,24
4,12,24,False,native,24,0.98416,0.981551,0.98629,0.004739,0.982823,0.97307,0.98823,0.969451,0.989062,24,0.992017,0.990689,0.993098,0.002408,0.991329,0.986351,0.99408,0.984489,0.994501,0.001055,24,0.001047,24,0.638672,24,0.0,24,,0,0.105203,24
4,13,24,False,native,24,0.984272,0.982091,0.985991,0.0039,0.982625,0.972576,0.987795,0.968422,0.989662,24,0.992074,0.990964,0.992946,0.001982,0.991228,0.986097,0.99386,0.983958,0.994804,0.001088,24,0.001074,24,0.644531,24,0.0,24,,0,0.105176,24
4,14,24,False,native,24,0.983862,0.982258,0.98543,0.003172,0.982464,0.97228,0.987952,0.968202,0.989137,24,0.991865,0.99105,0.992662,0.001612,0.991146,0.985945,0.99394,0.983844,0.994539,0.001053,24,0.000966,24,0.683594,24,0.0,24,,0,0.105135,24
4,15,24,False,native,24,0.984496,0.982463,0.986159,0.003696,0.982664,0.972191,0.987563,0.968422,0.988987,24,0.992188,0.991154,0.993031,0.001877,0.991247,0.9859,0.993742,0.983958,0.994463,0.001076,24,0.001022,24,0.640625,24,0.0,24,,0,0.105101,24
4,16,24,False,native,24,0.984496,0.982426,0.98586,0.003434,0.982608,0.971484,0.987091,0.968202,0.989963,24,0.992188,0.991135,0.99288,0.001745,0.991219,0.985535,0.993503,0.983844,0.994956,0.00105,24,0.001038,24,0.634766,24,0.0,24,,0,0.105094,24
4,17,24,False,native,24,0.98472,0.983433,0.986234,0.002801,0.982678,0.971012,0.987338,0.966734,0.989137,24,0.992301,0.991647,0.993069,0.001422,0.991254,0.985293,0.993629,0.983086,0.994539,0.001067,24,0.001053,24,0.640625,24,0.0,24,,0,0.10504,24
4,18,24,False,native,24,0.984272,0.982557,0.985617,0.00306,0.98227,0.970174,0.98796,0.965488,0.989512,24,0.992074,0.991201,0.992756,0.001555,0.991045,0.98486,0.993943,0.982441,0.994728,0.001042,24,0.001015,24,0.669922,24,0.0,24,,0,0.104984,24
4,19,24,False,native,24,0.98472,0.982277,0.985785,0.003508,0.982313,0.971285,0.987585,0.964975,0.988762,24,0.992301,0.991059,0.992842,0.001782,0.991067,0.985433,0.993754,0.982175,0.994349,0.001067,24,0.001057,24,0.648438,24,0.0,24,,0,0.104971,24
4,20,24,False,native,24,0.984758,0.982407,0.985879,0.003471,0.982253,0.969334,0.986866,0.966294,0.989963,24,0.99232,0.991126,0.992889,0.001764,0.991036,0.984428,0.99339,0.982858,0.994956,0.001062,24,0.001031,24,0.646484,24,0.0,24,0.999853,24,0.104892,24
4,21,24,False,native,24,0.984758,0.981272,0.986234,0.004962,0.982394,0.970232,0.987578,0.967027,0.989963,24,0.99232,0.990547,0.993069,0.002522,0.991108,0.984891,0.99375,0.983237,0.994956,0.001032,24,0.001062,24,0.648438,24,0.0,24,,0,0.104838,24
4,22,24,False,native,24,0.98487,0.981402,0.985841,0.004439,0.982241,0.970776,0.987293,0.967101,0.988087,24,0.992377,0.990614,0.99287,0.002257,0.991031,0.985171,0.993606,0.983275,0.994008,0.001087,24,0.001007,24,0.646484,24,0.0,24,,0,0.104809,24
4,23,24,False,native,24,0.984758,0.980881,0.986402,0.005521,0.982206,0.971852,0.987585,0.967101,0.988462,24,0.99232,0.990348,0.993155,0.002806,0.991013,0.985725,0.993754,0.983275,0.994198,0.001024,24,0.001013,24,0.634766,24,0.0,24,,0,0.104743,24
4,24,24,False,native,24,0.984683,0.981253,0.986253,0.005,0.982102,0.969665,0.987772,0.967321,0.988237,24,0.992282,0.990538,0.993079,0.002541,0.99096,0.984599,0.993849,0.983389,0.994084,0.001065,24,0.001027,24,0.652344,24,0.0,24,,0,0.104662,24
4,25,24,False,native,24,0.984683,0.981439,0.985935,0.004496,0.982117,0.970519,0.987271,0.96666,0.988687,24,0.992282,0.990633,0.992918,0.002285,0.990968,0.985039,0.993595,0.983048,0.994311,0.001023,24,0.001063,24,0.646484,24,0.0,24,,0,0.104614,24
4,26,24,False,native,24,0.983974,0.980546,0.98586,0.005314,0.982042,0.971624,0.987877,0.96622,0.989737,24,0.991922,0.990177,0.99288,0.002702,0.99093,0.985608,0.993902,0.98282,0.994842,0.001074,24,0.001069,24,0.660156,24,0.0,24,,0,0.104542,24
4,27,24,False,native,24,0.984459,0.981198,0.985897,0.0047,0.982149,0.970776,0.988447,0.966147,0.989812,24,0.992169,0.990509,0.992899,0.002389,0.990983,0.985171,0.99419,0.982782,0.99488,0.001044,24,0.00107,24,0.671875,24,0.0,24,,0,0.104483,24
4,28,24,False,native,24,0.984758,0.980249,0.986664,0.006415,0.982041,0.970924,0.987668,0.966734,0.989137,24,0.99232,0.990026,0.993287,0.003262,0.990928,0.985247,0.993796,0.983086,0.994539,0.001049,24,0.001066,24,0.644531,24,0.0,24,,0,0.104417,24
4,29,24,False,native,24,0.985056,0.979989,0.98586,0.005871,0.981779,0.970276,0.988252,0.965561,0.988762,24,0.992472,0.989893,0.99288,0.002987,0.990794,0.984914,0.994091,0.982479,0.994349,0.001077,24,0.001065,24,0.650391,24,0.0,24,,0,0.104337,24
4,30,24,False,native,24,0.984272,0.980472,0.986215,0.005743,0.981683,0.969841,0.987585,0.965341,0.988312,24,0.992074,0.99014,0.99306,0.00292,0.990745,0.98469,0.993754,0.982365,0.994122,0.00105,24,0.001059,24,0.650391,24,0.0,24,0.999834,24,0.104257,24
4,31,24,False,native,24,0.984571,0.979859,0.986627,0.006768,0.981504,0.968974,0.98742,0.964536,0.988237,24,0.992225,0.989827,0.993268,0.003442,0.990653,0.984242,0.99367,0.981948,0.994084,0.001042,24,0.001087,24,0.662109,24,0.0,24,,0,0.104154,24
4,32,24,False,native,24,0.984832,0.979394,0.986702,0.007308,0.981618,0.969525,0.98778,0.963585,0.990338,24,0.992358,0.98959,0.993306,0.003717,0.99071,0.984527,0.993852,0.981455,0.995146,0.000983,24,0.001064,24,0.642578,24,0.0,24,,0,0.104069,24
4,33,24,False,native,24,0.984124,0.979951,0.986833,0.006881,0.981437,0.968635,0.987757,0.963658,0.988312,24,0.991998,0.989874,0.993373,0.003499,0.990618,0.984068,0.993841,0.981493,0.994122,0.001055,24,0.001034,24,0.648438,24,0.0,24,,0,0.103975,24
4,34,24,False,native,24,0.983563,0.979822,0.987113,0.007292,0.981479,0.968591,0.988432,0.96417,0.989287,24,0.991713,0.989808,0.993515,0.003707,0.990639,0.984045,0.994182,0.981758,0.994615,0.001064,24,0.001085,24,0.666016,24,0.0,24,,0,0.103851,24
4,35,24,False,native,24,0.983563,0.979227,0.987282,0.008055,0.981297,0.966954,0.988559,0.964755,0.989287,24,0.991713,0.989504,0.9936,0.004096,0.990546,0.983199,0.994247,0.982062,0.994615,0.001024,24,0.001016,24,0.667969,24,0.0,24,,0,0.103741,24
4,36,24,False,native,24,0.983713,0.979041,0.986159,0.007118,0.981036,0.966947,0.98787,0.964316,0.989587,24,0.991789,0.98941,0.993031,0.003622,0.990413,0.983196,0.993898,0.981834,0.994766,0.001039,24,0.001098,24,0.677734,24,0.0,24,,0,0.103597,24
4,37,24,False,native,24,0.983414,0.978243,0.986645,0.008402,0.980997,0.965957,0.9876,0.965121,0.988687,24,0.991638,0.989002,0.993278,0.004276,0.990392,0.982684,0.993761,0.982251,0.994311,0.001049,24,0.001092,24,0.671875,24,0.0,24,,0,0.103516,24
4,38,24,False,native,24,0.983004,0.978893,0.987001,0.008108,0.981108,0.966631,0.988342,0.965854,0.989287,24,0.991429,0.989334,0.993458,0.004124,0.990449,0.983032,0.994137,0.98263,0.994615,0.001104,24,0.001054,24,0.693359,24,0.0,24,,0,0.103363,24
4,39,24,False,native,24,0.983601,0.978912,0.986739,0.007827,0.981065,0.967108,0.987495,0.965927,0.988987,24,0.991732,0.989343,0.993325,0.003982,0.990429,0.983279,0.993708,0.982668,0.994463,0.001053,24,0.001045,24,0.667969,24,0.0,24,,0,0.10328,24
4,40,24,False,native,24,0.983227,0.979043,0.986945,0.007902,0.981013,0.966764,0.988882,0.964536,0.989437,24,0.991543,0.98941,0.99343,0.00402,0.9904,0.983101,0.99441,0.981948,0.994691,0.00106,24,0.001097,24,0.699219,24,0.0,24,0.999824,24,0.103134,24
4,41,24,False,native,24,0.982483,0.977837,0.986645,0.008809,0.980841,0.9684,0.988222,0.965048,0.989737,24,0.991164,0.988793,0.993278,0.004485,0.990313,0.983946,0.994076,0.982213,0.994842,0.001122,24,0.001092,24,0.685547,24,0.0,24,,0,0.102989,24
4,42,24,False,native,24,0.982966,0.978653,0.985991,0.007338,0.980787,0.968143,0.988612,0.964975,0.990263,24,0.99141,0.98921,0.992946,0.003736,0.990287,0.983814,0.994273,0.982175,0.995108,0.001103,24,0.001099,24,0.695312,24,0.0,24,,0,0.102843,24
4,43,24,False,native,24,0.982221,0.977967,0.986234,0.008267,0.980568,0.968679,0.988514,0.964902,0.988987,24,0.991031,0.98886,0.993069,0.00421,0.990174,0.984091,0.994224,0.982137,0.994463,0.001062,24,0.001097,24,0.695312,24,0.0,24,,0,0.102767,24
4,44,24,False,native,24,0.9817,0.978189,0.986384,0.008194,0.980078,0.965935,0.988177,0.963951,0.988537,24,0.990765,0.988973,0.993145,0.004172,0.989923,0.982672,0.994053,0.981644,0.994235,0.001043,24,0.001154,24,0.697266,24,0.0,24,,0,0.102622,24
4,45,24,False,native,24,0.982967,0.97752,0.986552,0.009031,0.980343,0.965165,0.989017,0.963,0.989437,24,0.99141,0.988632,0.99323,0.004598,0.990056,0.982274,0.994478,0.981151,0.994691,0.001068,24,0.001086,24,0.673828,24,0.0,24,,0,0.102444,24
4,46,24,False,native,24,0.982482,0.977207,0.985897,0.00869,0.97983,0.963453,0.988282,0.96154,0.990413,24,0.991164,0.988471,0.992899,0.004428,0.989792,0.981387,0.994106,0.980393,0.995184,0.001136,24,0.001136,24,0.685547,24,0.0,24,,0,0.102411,24
4,47,24,False,native,24,0.98334,0.976393,0.986327,0.009935,0.97978,0.961919,0.988739,0.960883,0.990188,24,0.9916,0.988054,0.993117,0.005063,0.989763,0.98059,0.994338,0.980052,0.99507,0.001193,24,0.00117,24,0.669922,24,0.0,24,,0,0.102325,24
4,48,24,False,native,24,0.983005,0.976244,0.985823,0.009579,0.97917,0.961511,0.988087,0.958117,0.989662,24,0.991429,0.987978,0.992861,0.004883,0.989451,0.980378,0.994008,0.97861,0.994804,0.001154,24,0.001144,24,0.679688,24,0.0,24,,0,0.102308,24
4,49,24,False,native,24,0.981887,0.975392,0.985766,0.010374,0.979463,0.964741,0.988559,0.962343,0.990564,24,0.99086,0.987542,0.992832,0.005291,0.989605,0.982054,0.994247,0.98081,0.995259,0.001172,24,0.0012,24,0.707031,24,0.0,24,,0,0.102234,24
5,0,24,False,native,24,0.978725,0.97576,0.98023,0.00447,0.977736,0.971985,0.981097,0.970923,0.982482,24,0.989248,0.987731,0.990016,0.002285,0.98874,0.985793,0.990458,0.985247,0.991164,0.00107,24,0.001066,24,0.767578,24,0.0,24,0.99969,24,0.106006,24
5,1,24,False,native,24,0.979208,0.977353,0.981309,0.003956,0.977986,0.969982,0.982802,0.965927,0.985019,24,0.989495,0.988547,0.990566,0.002019,0.988864,0.984762,0.991327,0.982668,0.992453,0.001127,24,0.001153,24,0.757812,24,0.0,24,,0,0.105493,24
5,2,24,False,native,24,0.979134,0.975409,0.981048,0.00564,0.977993,0.970651,0.981945,0.969304,0.985991,24,0.989457,0.987551,0.990433,0.002882,0.988869,0.985107,0.99089,0.984413,0.992946,0.001022,24,0.00102,24,0.769531,24,0.0,24,,0,0.105777,24
5,3,24,False,native,24,0.977353,0.97576,0.980286,0.004526,0.977354,0.969246,0.982944,0.968716,0.98472,24,0.988547,0.987731,0.990045,0.002313,0.988542,0.984383,0.991399,0.98411,0.992301,0.001054,24,0.00096,24,0.757812,24,0.0,24,,0,0.105123,24
5,4,24,False,native,24,0.977687,0.974447,0.980881,0.006434,0.977279,0.970586,0.982765,0.96879,0.985393,24,0.988717,0.987058,0.990348,0.00329,0.988504,0.985073,0.991308,0.984147,0.992643,0.001024,24,0.000951,24,0.804688,24,0.0,24,,0,0.10491,24
5,5,24,False,native,24,0.976575,0.973856,0.980026,0.00617,0.976971,0.972612,0.984183,0.968496,0.985692,24,0.988149,0.986755,0.989912,0.003157,0.988346,0.986116,0.992028,0.983996,0.992794,0.000938,24,0.000989,24,0.800781,24,0.0,24,,0,0.10453,24
5,6,24,False,native,24,0.975909,0.973468,0.979282,0.005814,0.9769,0.971896,0.985557,0.967688,0.987038,24,0.987807,0.986556,0.989533,0.002977,0.988308,0.985748,0.992726,0.983579,0.993477,0.001044,24,0.001019,24,0.833984,24,0.0,24,,0,0.104298,24
5,7,24,False,native,24,0.977538,0.971992,0.98036,0.008368,0.976733,0.970423,0.985744,0.965195,0.985916,24,0.988642,0.985797,0.990083,0.004285,0.988221,0.984989,0.992821,0.982289,0.992908,0.00094,24,0.000963,24,0.78125,24,0.0,24,,0,0.10411,24
5,8,24,False,native,24,0.976575,0.972638,0.979896,0.007258,0.976898,0.970916,0.985647,0.968275,0.986215,24,0.988149,0.986129,0.989846,0.003717,0.988307,0.985243,0.992772,0.983882,0.99306,0.000968,24,0.001011,24,0.78125,24,0.0,24,,0,0.103939,24
5,9,24,False,native,24,0.976019,0.971697,0.980416,0.008719,0.976501,0.969385,0.986073,0.96622,0.987413,24,0.987864,0.985645,0.990111,0.004466,0.988101,0.984455,0.992988,0.98282,0.993667,0.000983,24,0.000936,24,0.775391,24,0.0,24,,0,0.103768,24
5,10,24,False,native,24,0.976315,0.971421,0.978726,0.007305,0.975951,0.968584,0.986051,0.966734,0.986889,24,0.988016,0.985503,0.989248,0.003745,0.98782,0.984041,0.992976,0.983086,0.993401,0.000961,24,0.00097,24,0.800781,24,0.0,24,0.999646,24,0.103614,24
5,11,24,False,native,24,0.97676,0.971771,0.979041,0.00727,0.97593,0.968297,0.98647,0.966147,0.987338,24,0.988243,0.985683,0.98941,0.003726,0.987809,0.983893,0.993189,0.982782,0.993629,0.000936,24,0.000997,24,0.806641,24,0.0,24,,0,0.103448,24
5,12,24,False,native,24,0.975871,0.971052,0.979431,0.008379,0.976014,0.968452,0.985587,0.965048,0.987712,24,0.987788,0.985314,0.989609,0.004295,0.987851,0.983973,0.992741,0.982213,0.993818,0.000942,24,0.00096,24,0.796875,24,0.0,24,,0,0.103273,24
5,13,24,False,native,24,0.975279,0.970482,0.978725,0.008244,0.976075,0.969422,0.986215,0.966367,0.987638,24,0.987485,0.98502,0.989248,0.004229,0.987883,0.984474,0.99306,0.982896,0.99378,0.000993,24,0.000991,24,0.798828,24,0.0,24,,0,0.103109,24
5,14,24,False,native,24,0.975501,0.971016,0.978429,0.007413,0.975751,0.968716,0.986006,0.966807,0.987712,24,0.987599,0.985295,0.989097,0.003802,0.987717,0.98411,0.992954,0.983123,0.993818,0.000982,24,0.000943,24,0.792969,24,0.0,24,,0,0.10298,24
5,15,24,False,native,24,0.975205,0.970316,0.978169,0.007853,0.975271,0.967952,0.986417,0.965268,0.986739,24,0.987447,0.984934,0.988964,0.00403,0.987471,0.983715,0.993162,0.982327,0.993325,0.001016,24,0.000943,24,0.816406,24,0.0,24,,0,0.102823,24
5,16,24,False,native,24,0.976575,0.970003,0.978354,0.008351,0.975434,0.967519,0.986395,0.964316,0.987787,24,0.988149,0.984773,0.989059,0.004285,0.987553,0.983491,0.993151,0.981834,0.993856,0.000979,24,0.000928,24,0.808594,24,0.0,24,,0,0.102673,24
5,17,24,False,native,24,0.976464,0.96969,0.978781,0.009091,0.975389,0.967409,0.986327,0.965268,0.987488,24,0.988092,0.984612,0.989277,0.004665,0.987529,0.983434,0.993117,0.982327,0.993704,0.000965,24,0.000995,24,0.806641,24,0.0,24,,0,0.102537,24
5,18,24,False,native,24,0.976019,0.968992,0.978484,0.009492,0.974994,0.967049,0.986769,0.963951,0.987787,24,0.987864,0.984252,0.989125,0.004873,0.987325,0.983249,0.99334,0.981644,0.993856,0.000954,24,0.001017,24,0.818359,24,0.0,24,,0,0.102386,24
5,19,24,False,native,24,0.975168,0.968165,0.97906,0.010895,0.974672,0.966895,0.986215,0.963804,0.988312,24,0.987428,0.983825,0.989419,0.005594,0.987159,0.983169,0.99306,0.981569,0.994122,0.000927,24,0.000996,24,0.835938,24,0.0,24,,0,0.102222,24
5,20,24,False,native,24,0.975501,0.967541,0.978948,0.011407,0.974423,0.966301,0.986791,0.961686,0.988537,24,0.987599,0.983503,0.989362,0.005859,0.98703,0.982862,0.993352,0.980469,0.994235,0.000982,24,0.000967,24,0.839844,24,0.0,24,0.999551,24,0.102097,24
5,21,24,False,native,24,0.975612,0.968422,0.978985,0.010563,0.974842,0.967137,0.986896,0.963219,0.988837,24,0.987655,0.983958,0.989381,0.005423,0.987246,0.983294,0.993405,0.981265,0.994387,0.000979,24,0.000968,24,0.841797,24,0.0,24,,0,0.101939,24
5,22,24,False,native,24,0.975131,0.967541,0.979041,0.0115,0.974373,0.96581,0.986762,0.963146,0.988312,24,0.987409,0.983503,0.98941,0.005907,0.987004,0.982608,0.993337,0.981227,0.994122,0.000972,24,0.001016,24,0.828125,24,0.0,24,,0,0.101812,24
5,23,24,False,native,24,0.974613,0.967138,0.97947,0.012332,0.974474,0.965122,0.987009,0.962854,0.988462,24,0.987144,0.983294,0.989628,0.006333,0.987055,0.982251,0.993462,0.981076,0.994198,0.001003,24,0.000995,24,0.837891,24,0.0,24,,0,0.101666,24
5,24,24,False,native,24,0.9738,0.967266,0.979542,0.012277,0.974189,0.964009,0.987098,0.96154,0.988462,24,0.986726,0.983361,0.989666,0.006305,0.986908,0.981675,0.993507,0.980393,0.994198,0.00098,24,0.001012,24,0.835938,24,0.0,24,,0,0.101496,24
5,25,24,False,native,24,0.974133,0.967486,0.979914,0.012428,0.974205,0.964046,0.987241,0.961029,0.987787,24,0.986897,0.983474,0.989855,0.006381,0.986916,0.981694,0.993579,0.980127,0.993856,0.000974,24,0.00102,24,0.837891,24,0.0,24,,0,0.101366,24
5,26,24,False,native,24,0.973764,0.967119,0.979821,0.012702,0.973806,0.963717,0.987076,0.959718,0.987488,24,0.986707,0.983285,0.989808,0.006523,0.986711,0.981523,0.993496,0.979445,0.993704,0.000947,24,0.000952,24,0.841797,24,0.0,24,,0,0.101278,24
5,27,24,False,native,24,0.974133,0.966532,0.979655,0.013122,0.973745,0.96357,0.986919,0.960009,0.987638,24,0.986897,0.982981,0.989722,0.006741,0.986679,0.981447,0.993416,0.979596,0.99378,0.000933,24,0.001017,24,0.833984,24,0.0,24,,0,0.101115,24
5,28,24,False,native,24,0.973025,0.965744,0.980974,0.01523,0.973474,0.96243,0.987151,0.960665,0.987862,24,0.986328,0.982574,0.990396,0.007822,0.986538,0.980856,0.993534,0.979938,0.993894,0.00096,24,0.000957,24,0.835938,24,0.0,24,,0,0.101009,24
5,29,24,False,native,24,0.972657,0.965634,0.980695,0.01506,0.973278,0.962599,0.986582,0.961394,0.987712,24,0.986139,0.982517,0.990253,0.007737,0.986439,0.980943,0.993246,0.980317,0.993818,0.000977,24,0.001002,24,0.861328,24,0.0,24,,0,0.100906,24
5,30,24,False,native,24,0.972731,0.964262,0.980509,0.016247,0.972761,0.961759,0.986245,0.961467,0.987937,24,0.986176,0.981806,0.990159,0.008353,0.986172,0.980507,0.993075,0.980355,0.993932,0.000982,24,0.001012,24,0.857422,24,0.0,24,0.999455,24,0.100773,24
5,31,24,False,native,24,0.972731,0.963512,0.980305,0.016793,0.972755,0.961832,0.987203,0.960519,0.987862,24,0.986176,0.981417,0.990054,0.008637,0.986167,0.980545,0.99356,0.979862,0.993894,0.000973,24,0.000943,24,0.841797,24,0.0,24,,0,0.100646,24
5,32,24,False,native,24,0.972362,0.963402,0.980713,0.017311,0.972427,0.961671,0.986589,0.959718,0.987787,24,0.985987,0.98136,0.990263,0.008903,0.985998,0.980461,0.993249,0.979445,0.993856,0.000978,24,0.000978,24,0.853516,24,0.0,24,,0,0.100557,24
5,33,24,False,native,24,0.971883,0.963037,0.980416,0.017379,0.972414,0.961664,0.986358,0.960446,0.987488,24,0.98574,0.98117,0.990111,0.008941,0.985992,0.980457,0.993132,0.979824,0.993704,0.000924,24,0.000967,24,0.824219,24,0.0,24,,0,0.10043,24
5,34,24,False,native,24,0.972251,0.963092,0.981365,0.018273,0.972453,0.961416,0.986275,0.959135,0.988237,24,0.98593,0.981199,0.990595,0.009396,0.986011,0.980328,0.99309,0.979141,0.994084,0.000922,24,0.000948,24,0.841797,24,0.0,24,,0,0.100353,24
5,35,24,False,native,24,0.972106,0.963457,0.980937,0.01748,0.972399,0.961569,0.987158,0.957971,0.988912,24,0.985854,0.981388,0.990377,0.008988,0.98598,0.980408,0.993538,0.978535,0.994425,0.000982,24,0.000972,24,0.847656,24,0.0,24,,0,0.100273,24
5,36,24,False,native,24,0.971553,0.96375,0.981141,0.017392,0.972209,0.960585,0.986851,0.957172,0.988387,24,0.98557,0.98154,0.990481,0.008941,0.985883,0.979896,0.993382,0.978117,0.99416,0.000952,24,0.000939,24,0.845703,24,0.0,24,,0,0.100182,24
5,37,24,False,native,24,0.970889,0.964024,0.980602,0.016578,0.972002,0.959696,0.9865,0.956156,0.987338,24,0.985228,0.981682,0.990206,0.008524,0.985777,0.979433,0.993204,0.977586,0.993629,0.000927,24,0.000944,24,0.847656,24,0.0,24,,0,0.100056,24
5,38,24,False,native,24,0.971478,0.963859,0.982333,0.018474,0.972247,0.96014,0.987495,0.955793,0.988312,24,0.985532,0.981597,0.991088,0.009491,0.9859,0.979665,0.993708,0.977397,0.994122,0.00094,24,0.000964,24,0.855469,24,0.0,24,,0,0.099996,24
5,39,24,False,native,24,0.970929,0.964024,0.981551,0.017527,0.971948,0.959412,0.986148,0.957099,0.987563,24,0.985247,0.981682,0.990689,0.009007,0.985748,0.979285,0.993026,0.978079,0.993742,0.000999,24,0.001019,24,0.869141,24,0.0,24,,0,0.099919,24
5,40,24,False,native,24,0.971226,0.963018,0.981737,0.018718,0.971831,0.959303,0.986395,0.955938,0.987488,24,0.985399,0.981161,0.990784,0.009623,0.985687,0.979229,0.993151,0.977473,0.993704,0.000982,24,0.000898,24,0.847656,24,0.0,24,0.999388,24,0.099818,24
5,41,24,False,native,24,0.970452,0.96227,0.980695,0.018425,0.971453,0.959732,0.986597,0.955285,0.987638,24,0.985001,0.980772,0.990253,0.009481,0.985491,0.979452,0.993253,0.977131,0.99378,0.000997,24,0.000993,24,0.851562,24,0.0,24,,0,0.099757,24
5,42,24,False,native,24,0.971262,0.961722,0.980323,0.018601,0.971082,0.958517,0.985101,0.954126,0.987563,24,0.985418,0.980488,0.990064,0.009576,0.985299,0.978819,0.992495,0.976525,0.993742,0.000982,24,0.000985,24,0.847656,24,0.0,24,,0,0.099711,24
5,43,24,False,native,24,0.970856,0.961668,0.980175,0.018507,0.971106,0.958663,0.984922,0.954633,0.987563,24,0.985209,0.980459,0.989988,0.009529,0.985312,0.978895,0.992404,0.97679,0.993742,0.000904,24,0.000957,24,0.841797,24,0.0,24,,0,0.099619,24
5,44,24,False,native,24,0.970083,0.961011,0.979878,0.018867,0.970533,0.957914,0.985348,0.953909,0.988087,24,0.984811,0.980118,0.989836,0.009718,0.985015,0.978504,0.99262,0.976411,0.994008,0.000981,24,0.001033,24,0.847656,24,0.0,24,,0,0.099532,24
5,45,24,False,native,24,0.969978,0.961358,0.979469,0.018111,0.970362,0.955975,0.984728,0.952896,0.988837,24,0.984754,0.980298,0.989628,0.009329,0.984925,0.977492,0.992305,0.97588,0.994387,0.000981,24,0.000962,24,0.853516,24,0.0,24,,0,0.099471,24
5,46,24,False,native,24,0.970053,0.961395,0.978968,0.017573,0.970229,0.955786,0.983996,0.950729,0.989362,24,0.984792,0.980317,0.989372,0.009055,0.984854,0.977393,0.991933,0.974742,0.994653,0.001067,24,0.001018,24,0.871094,24,0.0,24,,0,0.099397,24
5,47,24,False,native,24,0.969428,0.960446,0.979172,0.018725,0.97004,0.955039,0.985273,0.950945,0.989062,24,0.98447,0.979824,0.989476,0.009652,0.984756,0.977002,0.992582,0.974856,0.994501,0.001024,24,0.000984,24,0.873047,24,0.0,24,,0,0.09927,24
5,48,24,False,native,24,0.967107,0.958499,0.978708,0.020209,0.969085,0.954633,0.985714,0.953692,0.989662,24,0.983275,0.97881,0.989239,0.010429,0.984263,0.97679,0.992806,0.976297,0.994804,0.001024,24,0.00108,24,0.900391,24,0.0,24,,0,0.09917,24
5,49,24,False,native,24,0.967406,0.96061,0.978948,0.018338,0.969065,0.957121,0.983496,0.951812,0.988087,24,0.983427,0.979909,0.989362,0.009453,0.984256,0.978091,0.991679,0.975311,0.994008,0.001106,24,0.001099,24,0.886719,24,0.0,24,,0,0.099184,24
6,0,24,False,native,24,0.979914,0.975575,0.984142,0.008566,0.979177,0.972531,0.985669,0.965781,0.985766,24,0.989855,0.987637,0.992007,0.004371,0.989471,0.986074,0.992783,0.982593,0.992832,0.00103,24,0.001077,24,0.753906,24,0.0,24,0.99979,24,0.109792,24
6,1,24,False,native,24,0.980658,0.975279,0.985486,0.010207,0.979708,0.970632,0.986492,0.966001,0.988462,24,0.990234,0.987485,0.99269,0.005205,0.98974,0.985096,0.9932,0.982706,0.994198,0.000945,24,0.000989,24,0.746094,24,0.0,24,,0,0.110105,24
6,2,24,False,native,24,0.985393,0.979338,0.988106,0.008768,0.983132,0.976227,0.988874,0.969157,0.989287,24,0.992643,0.989561,0.994017,0.004456,0.991486,0.98797,0.994406,0.984337,0.994615,0.001074,24,0.001077,24,0.625,24,0.0,24,,0,0.109942,24
6,3,24,False,native,24,0.98487,0.978633,0.987432,0.008799,0.983072,0.97782,0.988117,0.968569,0.988987,24,0.992377,0.989201,0.993676,0.004475,0.991456,0.988786,0.994023,0.984034,0.994463,0.001083,24,0.001067,24,0.626953,24,0.0,24,,0,0.110043,24
6,4,24,False,native,24,0.985206,0.980434,0.987226,0.006791,0.98329,0.978451,0.988702,0.968349,0.989137,24,0.992548,0.990121,0.993572,0.003451,0.991566,0.989108,0.994319,0.98392,0.994539,0.00102,24,0.001087,24,0.638672,24,0.0,24,,0,0.110095,24
6,5,24,False,native,24,0.985617,0.9817,0.987638,0.005938,0.983803,0.978807,0.988425,0.967614,0.989737,24,0.992756,0.990765,0.99378,0.003015,0.991827,0.98929,0.994179,0.983541,0.994842,0.001058,24,0.001072,24,0.617188,24,0.0,24,,0,0.110084,24
6,6,24,False,native,24,0.986776,0.981495,0.9879,0.006405,0.984229,0.980182,0.988365,0.967908,0.990338,24,0.993344,0.990661,0.993913,0.003252,0.992044,0.989992,0.994148,0.983692,0.995146,0.001166,24,0.001116,24,0.585938,24,0.0,24,,0,0.110196,24
6,7,24,False,native,24,0.986627,0.982016,0.987432,0.005415,0.984089,0.980643,0.988485,0.96622,0.989512,24,0.993268,0.990927,0.993676,0.00275,0.991973,0.990227,0.994209,0.98282,0.994728,0.001117,24,0.001155,24,0.582031,24,0.0,24,,0,0.110264,24
6,8,24,False,native,24,0.986589,0.983806,0.987806,0.004001,0.984578,0.982057,0.988822,0.966074,0.989888,24,0.993249,0.991837,0.993866,0.002029,0.992221,0.990947,0.99438,0.982744,0.994918,0.001099,24,0.001118,24,0.59375,24,0.0,24,,0,0.110279,24
6,9,24,False,native,24,0.986477,0.98278,0.987937,0.005157,0.98446,0.982147,0.988417,0.965121,0.989137,24,0.993193,0.991315,0.993932,0.002617,0.992161,0.990993,0.994175,0.982251,0.994539,0.001103,24,0.001114,24,0.583984,24,0.0,24,,0,0.110343,24
6,10,24,False,native,24,0.986552,0.984478,0.988406,0.003928,0.984879,0.981998,0.988739,0.966514,0.989737,24,0.99323,0.992178,0.994169,0.001991,0.992374,0.990917,0.994338,0.982972,0.994842,0.001125,24,0.001189,24,0.589844,24,0.0,24,0.999879,24,0.110353,24
6,11,24,False,native,24,0.986589,0.984216,0.987656,0.00344,0.985018,0.981811,0.988514,0.967761,0.990263,24,0.993249,0.992045,0.99379,0.001745,0.992445,0.990822,0.994224,0.983617,0.995108,0.001115,24,0.001153,24,0.572266,24,0.0,24,,0,0.110382,24
6,12,24,False,native,24,0.987113,0.984459,0.988012,0.003553,0.985453,0.983399,0.989145,0.967835,0.989287,24,0.993515,0.992169,0.99397,0.001801,0.992666,0.99163,0.994543,0.983654,0.994615,0.001145,24,0.001167,24,0.556641,24,0.0,24,,0,0.110384,24
6,13,24,False,native,24,0.987188,0.985767,0.988237,0.00247,0.985586,0.982549,0.989107,0.96901,0.989662,24,0.993553,0.992832,0.994084,0.001252,0.992734,0.991198,0.994524,0.984261,0.994804,0.001208,24,0.001197,24,0.558594,24,0.0,24,,0,0.110387,24
6,14,24,False,native,24,0.987001,0.985131,0.988331,0.0032,0.985518,0.982825,0.989302,0.968202,0.989888,24,0.993458,0.99251,0.994131,0.001621,0.992699,0.991338,0.994622,0.983844,0.994918,0.001183,24,0.001142,24,0.570312,24,0.0,24,,0,0.110398,24
6,15,24,False,native,24,0.986814,0.98558,0.988031,0.002451,0.985477,0.98316,0.989024,0.967908,0.990038,24,0.993363,0.992737,0.993979,0.001242,0.992679,0.991509,0.994482,0.983692,0.994994,0.001117,24,0.001131,24,0.570312,24,0.0,24,,0,0.110401,24
6,16,24,False,native,24,0.987263,0.984888,0.987844,0.002955,0.985571,0.983399,0.989069,0.968202,0.989888,24,0.993591,0.992387,0.993885,0.001498,0.992726,0.99163,0.994505,0.983844,0.994918,0.00118,24,0.001153,24,0.566406,24,0.0,24,,0,0.110419,24
6,17,24,False,native,24,0.987226,0.985299,0.988125,0.002825,0.98562,0.983302,0.988942,0.968863,0.989437,24,0.993572,0.992595,0.994027,0.001432,0.992752,0.991581,0.99444,0.984185,0.994691,0.001175,24,0.001159,24,0.558594,24,0.0,24,,0,0.110423,24
6,18,24,False,native,24,0.986589,0.985785,0.988556,0.002771,0.985598,0.982363,0.989565,0.970482,0.990188,24,0.993249,0.992842,0.994245,0.001403,0.992741,0.991103,0.994755,0.98502,0.99507,0.001179,24,0.00125,24,0.583984,24,0.0,24,,0,0.110451,24
6,19,24,False,native,24,0.986926,0.985766,0.988556,0.002789,0.985856,0.983496,0.989475,0.970334,0.989662,24,0.99342,0.992832,0.994245,0.001413,0.992872,0.991679,0.994709,0.984944,0.994804,0.001234,24,0.001204,24,0.572266,24,0.0,24,,0,0.110467,24
6,20,24,False,native,24,0.987301,0.984907,0.987956,0.003049,0.985633,0.982817,0.98949,0.97004,0.990789,24,0.99361,0.992396,0.993942,0.001545,0.992758,0.991334,0.994717,0.984792,0.995373,0.001221,24,0.001154,24,0.554688,24,0.0,24,0.999885,24,0.110481,24
6,21,24,False,native,24,0.987525,0.985954,0.98835,0.002396,0.985903,0.983369,0.988942,0.969819,0.989963,24,0.993723,0.992927,0.994141,0.001214,0.992895,0.991615,0.99444,0.984678,0.994956,0.001252,24,0.001218,24,0.552734,24,0.0,24,,0,0.110463,24
6,22,24,False,native,24,0.987563,0.985953,0.988312,0.002359,0.985943,0.983213,0.988994,0.970997,0.990038,24,0.993742,0.992927,0.994122,0.001195,0.992916,0.991535,0.994467,0.985285,0.994994,0.00119,24,0.001169,24,0.556641,24,0.0,24,,0,0.110447,24
6,23,24,False,native,24,0.986776,0.985804,0.988293,0.002489,0.985719,0.983698,0.989355,0.970629,0.990488,24,0.993344,0.992851,0.994112,0.001261,0.992802,0.991782,0.994649,0.985096,0.995221,0.001132,24,0.001125,24,0.582031,24,0.0,24,,0,0.110457,24
6,24,24,False,native,24,0.986889,0.986084,0.988706,0.002621,0.985854,0.982877,0.989715,0.969525,0.990338,24,0.993401,0.992993,0.994321,0.001327,0.99287,0.991365,0.994831,0.984527,0.995146,0.001197,24,0.001164,24,0.570312,24,0.0,24,,0,0.110459,24
6,25,24,False,native,24,0.986964,0.985654,0.988162,0.002508,0.985831,0.983309,0.989482,0.969819,0.990564,24,0.993439,0.992775,0.994046,0.00127,0.992859,0.991584,0.994713,0.984678,0.995259,0.001166,24,0.001204,24,0.578125,24,0.0,24,,0,0.110434,24
6,26,24,False,native,24,0.987338,0.985729,0.9882,0.00247,0.985786,0.982885,0.988717,0.970776,0.990038,24,0.993629,0.992813,0.994065,0.001252,0.992837,0.991368,0.994326,0.985171,0.994994,0.001188,24,0.001159,24,0.564453,24,0.0,24,,0,0.110441,24
6,27,24,False,native,24,0.987226,0.985991,0.987919,0.001928,0.985953,0.983503,0.988912,0.97225,0.989737,24,0.993572,0.992946,0.993923,0.000977,0.992922,0.991683,0.994425,0.98593,0.994842,0.001167,24,0.001171,24,0.566406,24,0.0,24,,0,0.110422,24
6,28,24,False,native,24,0.987338,0.985897,0.988631,0.002733,0.985831,0.98237,0.98919,0.970923,0.990714,24,0.993629,0.992899,0.994283,0.001384,0.992859,0.991107,0.994565,0.985247,0.995335,0.001142,24,0.001177,24,0.578125,24,0.0,24,,0,0.110404,24
6,29,24,False,native,24,0.987001,0.984683,0.987975,0.003292,0.985705,0.98369,0.989602,0.971587,0.989812,24,0.993458,0.992282,0.993951,0.001669,0.992796,0.991778,0.994774,0.985589,0.99488,0.001143,24,0.001131,24,0.564453,24,0.0,24,,0,0.110378,24
6,30,24,False,native,24,0.986664,0.985355,0.988443,0.003088,0.985851,0.984369,0.988837,0.97085,0.990263,24,0.993287,0.992624,0.994188,0.001564,0.99287,0.992123,0.994387,0.985209,0.995108,0.001184,24,0.001123,24,0.578125,24,0.0,24,0.99988,24,0.11034,24
6,31,24,False,native,24,0.986964,0.985524,0.988125,0.002601,0.985943,0.983175,0.989512,0.972988,0.990413,24,0.993439,0.992709,0.994027,0.001318,0.992918,0.991516,0.994728,0.986309,0.995184,0.00113,24,0.001175,24,0.566406,24,0.0,24,,0,0.110287,24
6,32,24,False,native,24,0.986514,0.985187,0.987656,0.002469,0.985728,0.983295,0.98949,0.972619,0.990263,24,0.993211,0.992538,0.99379,0.001252,0.992809,0.991577,0.994717,0.98612,0.995108,0.001179,24,0.001107,24,0.572266,24,0.0,24,,0,0.110266,24
6,33,24,False,native,24,0.986365,0.985355,0.987825,0.00247,0.985645,0.982811,0.989437,0.971071,0.989888,24,0.993136,0.992624,0.993875,0.001252,0.992766,0.99133,0.994691,0.985323,0.994918,0.001157,24,0.001192,24,0.583984,24,0.0,24,,0,0.110211,24
6,34,24,False,native,24,0.987226,0.985393,0.987956,0.002563,0.985938,0.983332,0.990038,0.971808,0.990564,24,0.993572,0.992643,0.993942,0.001299,0.992914,0.991596,0.994994,0.985702,0.995259,0.001172,24,0.001158,24,0.558594,24,0.0,24,,0,0.110189,24
6,35,24,False,native,24,0.987038,0.985449,0.988012,0.002563,0.98586,0.983832,0.989325,0.972324,0.991165,24,0.993477,0.992671,0.99397,0.001299,0.992875,0.99185,0.994634,0.985968,0.995563,0.001195,24,0.001163,24,0.564453,24,0.0,24,,0,0.110145,24
6,36,24,False,native,24,0.98644,0.985467,0.987675,0.002208,0.985679,0.982825,0.989347,0.973357,0.990338,24,0.993174,0.992681,0.993799,0.001119,0.992783,0.991338,0.994645,0.986499,0.995146,0.00112,24,0.001177,24,0.576172,24,0.0,24,,0,0.110095,24
6,37,24,False,native,24,0.987113,0.985225,0.987638,0.002413,0.985952,0.984571,0.989024,0.973579,0.990413,24,0.993515,0.992557,0.99378,0.001223,0.992922,0.992225,0.994482,0.986613,0.995184,0.001155,24,0.001195,24,0.580078,24,0.0,24,,0,0.110092,24
6,38,24,False,native,24,0.987188,0.98571,0.988031,0.002321,0.985954,0.984944,0.98922,0.971734,0.989587,24,0.993553,0.992804,0.993979,0.001176,0.992922,0.992415,0.994581,0.985664,0.994766,0.00111,24,0.001171,24,0.570312,24,0.0,24,,0,0.110058,24
6,39,24,False,native,24,0.986253,0.985374,0.987975,0.002601,0.985742,0.983578,0.98964,0.972324,0.990488,24,0.993079,0.992633,0.993951,0.001318,0.992815,0.991721,0.994793,0.985968,0.995221,0.001153,24,0.001176,24,0.597656,24,0.0,24,,0,0.110002,24
6,40,24,False,native,24,0.98644,0.985094,0.988012,0.002918,0.985741,0.984384,0.989047,0.973136,0.990789,24,0.993174,0.992491,0.99397,0.001479,0.992815,0.992131,0.994493,0.986385,0.995373,0.001116,24,0.001176,24,0.582031,24,0.0,24,0.999879,24,0.109973,24
6,41,24,False,native,24,0.986589,0.985879,0.987544,0.001665,0.985754,0.984175,0.988942,0.972472,0.990113,24,0.993249,0.992889,0.993733,0.000844,0.992821,0.992024,0.99444,0.986044,0.995032,0.001139,24,0.001109,24,0.572266,24,0.0,24,,0,0.109931,24
6,42,24,False,native,24,0.986477,0.984795,0.987787,0.002992,0.98542,0.983086,0.988874,0.972472,0.989662,24,0.993193,0.992339,0.993856,0.001517,0.992652,0.991471,0.994406,0.986044,0.994804,0.001182,24,0.001201,24,0.580078,24,0.0,24,,0,0.109861,24
6,43,24,False,native,24,0.986477,0.983974,0.987844,0.00387,0.985131,0.983235,0.988694,0.972324,0.989137,24,0.993193,0.991922,0.993885,0.001963,0.992505,0.991547,0.994315,0.985968,0.994539,0.001191,24,0.001174,24,0.580078,24,0.0,24,,0,0.109808,24
6,44,24,False,native,24,0.98614,0.984291,0.988368,0.004077,0.98531,0.982407,0.988972,0.971955,0.990413,24,0.993022,0.992083,0.99415,0.002067,0.992595,0.991126,0.994455,0.985778,0.995184,0.001123,24,0.001203,24,0.589844,24,0.0,24,,0,0.109746,24
6,45,24,False,native,24,0.985916,0.984235,0.988106,0.003871,0.98522,0.983101,0.989527,0.970703,0.990038,24,0.992908,0.992055,0.994017,0.001963,0.992549,0.991478,0.994736,0.985133,0.994994,0.001181,24,0.001156,24,0.605469,24,0.0,24,,0,0.109678,24
6,46,24,False,native,24,0.986178,0.984627,0.988537,0.00391,0.985416,0.983563,0.989017,0.969378,0.99109,24,0.993041,0.992254,0.994235,0.001982,0.992647,0.991713,0.994478,0.984451,0.995525,0.001204,24,0.00124,24,0.570312,24,0.0,24,,0,0.109546,24
6,47,24,False,native,24,0.985131,0.983918,0.988012,0.004095,0.98497,0.982542,0.990128,0.970187,0.991541,24,0.99251,0.991894,0.99397,0.002076,0.992421,0.991194,0.995039,0.984868,0.995752,0.001247,24,0.001195,24,0.619141,24,0.0,24,,0,0.109378,24
6,48,24,False,native,24,0.985467,0.983712,0.988218,0.004506,0.984828,0.981685,0.989445,0.967247,0.991315,24,0.992681,0.991789,0.994074,0.002285,0.992347,0.990758,0.994694,0.983351,0.995639,0.001207,24,0.0012,24,0.613281,24,0.0,24,,0,0.109139,24
6,49,24,False,native,24,0.986066,0.983638,0.98775,0.004112,0.984899,0.982102,0.989707,0.969819,0.991842,24,0.992984,0.991751,0.993837,0.002086,0.992385,0.99097,0.994827,0.984678,0.995904,0.001245,24,0.001218,24,0.605469,24,0.0,24,,0,0.108895,24
7,0,24,False,native,24,0.981402,0.974226,0.985431,0.011205,0.979166,0.966331,0.988417,0.960082,0.992293,24,0.990614,0.986944,0.992662,0.005717,0.989454,0.982877,0.994175,0.979634,0.996132,0.000984,24,0.001028,24,0.734375,24,0.0,24,0.999809,24,0.107719,24
7,1,24,False,native,24,0.981514,0.979358,0.986608,0.007251,0.981604,0.973299,0.990864,0.965268,0.991315,24,0.990671,0.989571,0.993259,0.003688,0.990704,0.986468,0.995411,0.982327,0.995639,0.000995,24,0.001089,24,0.734375,24,0.0,24,,0,0.107895,24
7,2,24,False,native,24,0.984571,0.980918,0.989493,0.008575,0.983274,0.972597,0.990699,0.964975,0.990939,24,0.992225,0.990367,0.994719,0.004352,0.991552,0.986108,0.995328,0.982175,0.995449,0.001161,24,0.001195,24,0.650391,24,0.0,24,,0,0.107204,24
7,3,24,False,native,24,0.98472,0.979598,0.987619,0.008021,0.982563,0.97397,0.98925,0.960592,0.991466,24,0.992301,0.989694,0.993771,0.004077,0.991189,0.986814,0.994596,0.9799,0.995715,0.001119,24,0.001182,24,0.642578,24,0.0,24,,0,0.10689,24
7,4,24,False,native,24,0.985131,0.979171,0.988462,0.009291,0.98288,0.972163,0.990233,0.962708,0.99109,24,0.99251,0.989476,0.994198,0.004722,0.991352,0.985884,0.995093,0.981,0.995525,0.001175,24,0.001243,24,0.623047,24,0.0,24,,0,0.106688,24
7,5,24,False,native,24,0.984683,0.979375,0.987488,0.008113,0.982897,0.972863,0.989475,0.965634,0.992444,24,0.992282,0.98958,0.993704,0.004124,0.991363,0.986245,0.994709,0.982517,0.996208,0.001098,24,0.001169,24,0.648438,24,0.0,24,,0,0.106455,24
7,6,24,False,native,24,0.98416,0.979542,0.986907,0.007365,0.982562,0.971395,0.988957,0.968716,0.992293,24,0.992017,0.989666,0.993411,0.003745,0.991194,0.98549,0.994448,0.98411,0.996132,0.001193,24,0.001151,24,0.646484,24,0.0,24,,0,0.106361,24
7,7,24,False,native,24,0.985168,0.979822,0.986571,0.006749,0.98289,0.972878,0.990038,0.967835,0.992218,24,0.992529,0.989808,0.99324,0.003432,0.991359,0.986252,0.994994,0.983654,0.996094,0.001173,24,0.001156,24,0.630859,24,0.0,24,,0,0.106289,24
7,8,24,False,native,24,0.984197,0.980175,0.986309,0.006134,0.982722,0.973394,0.989783,0.968716,0.992368,24,0.992036,0.989988,0.993107,0.003119,0.991276,0.986518,0.994865,0.98411,0.99617,0.001103,24,0.001138,24,0.65625,24,0.0,24,,0,0.106252,24
7,9,24,False,native,24,0.983563,0.980174,0.986926,0.006752,0.982657,0.975701,0.990488,0.967908,0.991917,24,0.991713,0.989988,0.99342,0.003432,0.991243,0.987701,0.995221,0.983692,0.995942,0.001183,24,0.001083,24,0.667969,24,0.0,24,,0,0.106234,24
7,10,24,False,native,24,0.984048,0.980267,0.986627,0.00636,0.982923,0.974644,0.989986,0.969157,0.991842,24,0.99196,0.990035,0.993268,0.003233,0.991378,0.987159,0.994967,0.984337,0.995904,0.00117,24,0.001133,24,0.648438,24,0.0,24,0.999849,24,0.106183,24
7,11,24,False,native,24,0.983153,0.980174,0.986234,0.00606,0.982817,0.977286,0.989948,0.967614,0.992368,24,0.991505,0.989988,0.993069,0.003081,0.991325,0.988513,0.994948,0.983541,0.99617,0.0011,24,0.001095,24,0.669922,24,0.0,24,,0,0.106155,24
7,12,24,False,native,24,0.983451,0.980769,0.987469,0.0067,0.98283,0.976634,0.989625,0.966514,0.991165,24,0.991657,0.990291,0.993695,0.003404,0.991331,0.988179,0.994785,0.982972,0.995563,0.001204,24,0.001107,24,0.671875,24,0.0,24,,0,0.106107,24
7,13,24,False,native,24,0.98416,0.980174,0.986627,0.006453,0.98291,0.977568,0.988919,0.967247,0.99267,24,0.992017,0.989988,0.993268,0.00328,0.991372,0.988657,0.994429,0.983351,0.996321,0.001139,24,0.001128,24,0.669922,24,0.0,24,,0,0.106101,24
7,14,24,False,native,24,0.983265,0.980472,0.986945,0.006473,0.982979,0.97679,0.989918,0.967835,0.99267,24,0.991562,0.99014,0.99343,0.00329,0.991407,0.988258,0.994933,0.983654,0.996321,0.001196,24,0.001142,24,0.693359,24,0.0,24,,0,0.106067,24
7,15,24,False,native,24,0.984347,0.980007,0.987469,0.007462,0.982975,0.977657,0.989708,0.965268,0.991917,24,0.992112,0.989903,0.993695,0.003792,0.991404,0.988702,0.994827,0.982327,0.995942,0.001136,24,0.001155,24,0.640625,24,0.0,24,,0,0.106084,24
7,16,24,False,native,24,0.984272,0.980267,0.98745,0.007183,0.982996,0.977153,0.989677,0.96644,0.991616,24,0.992074,0.990035,0.993686,0.00365,0.991415,0.988444,0.994812,0.982934,0.99579,0.001142,24,0.001135,24,0.648438,24,0.0,24,,0,0.106082,24
7,17,24,False,native,24,0.984272,0.980323,0.987769,0.007446,0.983059,0.975879,0.990316,0.96666,0.992745,24,0.992074,0.990064,0.993847,0.003783,0.991446,0.987792,0.995134,0.983048,0.996359,0.00112,24,0.001137,24,0.660156,24,0.0,24,,0,0.106074,24
7,18,24,False,native,24,0.984086,0.980416,0.987563,0.007147,0.982904,0.974865,0.990068,0.967101,0.991992,24,0.991979,0.990111,0.993742,0.003631,0.991367,0.987272,0.995009,0.983275,0.99598,0.001143,24,0.001181,24,0.664062,24,0.0,24,,0,0.106102,24
7,19,24,False,native,24,0.984198,0.980825,0.987264,0.006439,0.983103,0.975095,0.989587,0.965268,0.991842,24,0.992036,0.99032,0.993591,0.003271,0.991469,0.98739,0.994766,0.982327,0.995904,0.001111,24,0.001171,24,0.636719,24,0.0,24,,0,0.106099,24
7,20,24,False,native,24,0.983862,0.980565,0.986459,0.005894,0.982859,0.974584,0.990428,0.966074,0.993121,24,0.991865,0.990187,0.993183,0.002996,0.991344,0.987128,0.995191,0.982744,0.996549,0.001141,24,0.001105,24,0.658203,24,0.0,24,0.999845,24,0.106086,24
7,21,24,False,native,24,0.985132,0.980286,0.987956,0.00767,0.983414,0.97542,0.989985,0.967541,0.99395,24,0.99251,0.990045,0.993942,0.003897,0.991627,0.987557,0.994967,0.983503,0.996966,0.001214,24,0.001117,24,0.644531,24,0.0,24,,0,0.106098,24
7,22,24,False,native,24,0.98487,0.98023,0.987619,0.007389,0.982915,0.973816,0.99,0.965854,0.992067,24,0.992377,0.990016,0.993771,0.003755,0.991372,0.986734,0.994975,0.98263,0.996018,0.00115,24,0.001139,24,0.648438,24,0.0,24,,0,0.106102,24
7,23,24,False,native,24,0.984272,0.980026,0.987731,0.007706,0.98269,0.974325,0.988994,0.966001,0.991691,24,0.992074,0.989912,0.993828,0.003916,0.991258,0.986996,0.994467,0.982706,0.995828,0.001138,24,0.001113,24,0.658203,24,0.0,24,,0,0.10612,24
7,24,24,False,native,24,0.984982,0.980249,0.987937,0.007689,0.982964,0.973823,0.989925,0.966294,0.991315,24,0.992434,0.990026,0.993932,0.003906,0.991397,0.986738,0.994937,0.982858,0.995639,0.001181,24,0.001163,24,0.634766,24,0.0,24,,0,0.10613,24
7,25,24,False,native,24,0.984758,0.98116,0.98717,0.00601,0.983013,0.974185,0.990263,0.966367,0.990939,24,0.99232,0.99049,0.993543,0.003053,0.991423,0.986924,0.995108,0.982896,0.995449,0.001208,24,0.001115,24,0.640625,24,0.0,24,,0,0.106138,24
7,26,24,False,native,24,0.984421,0.980918,0.987413,0.006495,0.982883,0.974969,0.989828,0.966001,0.990939,24,0.99215,0.990367,0.993667,0.003299,0.991356,0.987326,0.994888,0.982706,0.995449,0.001124,24,0.001114,24,0.669922,24,0.0,24,,0,0.106139,24
7,27,24,False,native,24,0.984907,0.982128,0.988237,0.006109,0.983541,0.974237,0.989813,0.965781,0.99124,24,0.992396,0.990983,0.994084,0.0031,0.991691,0.98695,0.99488,0.982593,0.995601,0.001188,24,0.001134,24,0.628906,24,0.0,24,,0,0.106149,24
7,28,24,False,native,24,0.984608,0.981644,0.987713,0.006069,0.983302,0.973645,0.989572,0.966587,0.99124,24,0.992244,0.990737,0.993818,0.003081,0.99157,0.986647,0.994759,0.98301,0.995601,0.001169,24,0.001138,24,0.646484,24,0.0,24,,0,0.106145,24
7,29,24,False,native,24,0.984384,0.981867,0.987151,0.005284,0.983111,0.973823,0.989415,0.966367,0.990038,24,0.992131,0.990851,0.993534,0.002683,0.991473,0.986738,0.994679,0.982896,0.994994,0.00116,24,0.00119,24,0.65625,24,0.0,24,,0,0.106112,24
7,30,24,False,native,24,0.984459,0.981551,0.987394,0.005844,0.982976,0.972605,0.989535,0.965854,0.990113,24,0.992169,0.990689,0.993657,0.002968,0.991404,0.986112,0.99474,0.98263,0.995032,0.001174,24,0.001138,24,0.654297,24,0.0,24,0.999844,24,0.106116,24
7,31,24,False,native,24,0.983526,0.980453,0.987076,0.006623,0.982824,0.972855,0.989843,0.96644,0.990263,24,0.991694,0.99013,0.993496,0.003366,0.991326,0.986241,0.994895,0.982934,0.995108,0.001161,24,0.001179,24,0.654297,24,0.0,24,,0,0.106122,24
7,32,24,False,native,24,0.984309,0.981402,0.98745,0.006049,0.982864,0.972737,0.989565,0.965927,0.990564,24,0.992093,0.990614,0.993686,0.003072,0.991347,0.98618,0.994755,0.982668,0.995259,0.001126,24,0.001162,24,0.65625,24,0.0,24,,0,0.1061,24
7,33,24,False,native,24,0.984123,0.980639,0.987282,0.006643,0.982488,0.972295,0.988875,0.965854,0.989963,24,0.991998,0.990225,0.9936,0.003375,0.991156,0.985953,0.994406,0.98263,0.994956,0.00123,24,0.001143,24,0.65625,24,0.0,24,,0,0.106078,24
7,34,24,False,native,24,0.984571,0.980918,0.987806,0.006888,0.982756,0.972044,0.989272,0.966147,0.990714,24,0.992225,0.990367,0.993866,0.003499,0.991292,0.985824,0.994607,0.982782,0.995335,0.001181,24,0.001162,24,0.654297,24,0.0,24,,0,0.106081,24
7,35,24,False,native,24,0.984459,0.980992,0.98745,0.006458,0.982643,0.970408,0.989512,0.966147,0.989737,24,0.992169,0.990405,0.993686,0.00328,0.991233,0.984982,0.994728,0.982782,0.994842,0.001179,24,0.001173,24,0.65625,24,0.0,24,,0,0.106047,24
7,36,24,False,native,24,0.98472,0.981011,0.986702,0.005691,0.982639,0.970607,0.989767,0.967247,0.989963,24,0.992301,0.990415,0.993306,0.002892,0.991231,0.985084,0.994857,0.983351,0.994956,0.001191,24,0.001167,24,0.642578,24,0.0,24,,0,0.106036,24
7,37,24,False,native,24,0.984832,0.981551,0.987488,0.005937,0.982605,0.970438,0.988702,0.965341,0.989888,24,0.992358,0.990689,0.993704,0.003015,0.991214,0.984997,0.994319,0.982365,0.994918,0.001192,24,0.001178,24,0.634766,24,0.0,24,,0,0.106033,24
7,38,24,False,native,24,0.985467,0.981737,0.986907,0.005171,0.982972,0.972007,0.989295,0.966587,0.989812,24,0.992681,0.990784,0.993411,0.002626,0.991402,0.985805,0.994618,0.98301,0.99488,0.001207,24,0.001193,24,0.621094,24,0.0,24,,0,0.106038,24
7,39,24,False,native,24,0.98487,0.981439,0.98672,0.005281,0.982619,0.970599,0.988589,0.966881,0.989888,24,0.992377,0.990633,0.993316,0.002683,0.991222,0.98508,0.994262,0.983161,0.994918,0.001213,24,0.001125,24,0.615234,24,0.0,24,,0,0.106074,24
7,40,24,False,native,24,0.984197,0.981662,0.986851,0.005189,0.982583,0.970334,0.988732,0.96644,0.989662,24,0.992036,0.990746,0.993382,0.002636,0.991203,0.984944,0.994334,0.982934,0.994804,0.001198,24,0.001246,24,0.646484,24,0.0,24,0.99983,24,0.106054,24
7,41,24,False,native,24,0.984459,0.980844,0.986833,0.005989,0.982441,0.971255,0.98919,0.965707,0.990488,24,0.992169,0.990329,0.993373,0.003043,0.99113,0.985418,0.994565,0.982555,0.995221,0.00119,24,0.001168,24,0.646484,24,0.0,24,,0,0.106065,24
7,42,24,False,native,24,0.98487,0.980453,0.98702,0.006567,0.98236,0.971646,0.989069,0.965488,0.989963,24,0.992377,0.99013,0.993467,0.003337,0.991089,0.985619,0.994505,0.982441,0.994956,0.001191,24,0.001136,24,0.654297,24,0.0,24,,0,0.106073,24
7,43,24,False,native,24,0.984086,0.97906,0.986964,0.007904,0.981796,0.97113,0.98919,0.965414,0.990864,24,0.991979,0.989419,0.993439,0.00402,0.990802,0.985353,0.994565,0.982403,0.995411,0.001179,24,0.001123,24,0.671875,24,0.0,24,,0,0.106034,24
7,44,24,False,native,24,0.983526,0.979656,0.9876,0.007945,0.981948,0.972103,0.988964,0.964536,0.990789,24,0.991694,0.989722,0.993761,0.004039,0.990879,0.985854,0.994452,0.981948,0.995373,0.001138,24,0.001151,24,0.667969,24,0.0,24,,0,0.105979,24
7,45,24,False,native,24,0.9836,0.978115,0.986889,0.008774,0.981815,0.972368,0.989843,0.965781,0.990939,24,0.991732,0.988935,0.993401,0.004466,0.990811,0.985991,0.994895,0.982593,0.995449,0.001251,24,0.0012,24,0.667969,24,0.0,24,,0,0.105932,24
7,46,24,False,native,24,0.982333,0.978563,0.986815,0.008251,0.981608,0.971358,0.989805,0.964389,0.991766,24,0.991088,0.989163,0.993363,0.0042,0.990704,0.985471,0.994876,0.981872,0.995866,0.001228,24,0.001174,24,0.683594,24,0.0,24,,0,0.105807,24
7,47,24,False,native,24,0.98375,0.979566,0.987039,0.007473,0.981215,0.965129,0.989287,0.963439,0.989963,24,0.991808,0.989675,0.993477,0.003802,0.9905,0.982255,0.994615,0.981379,0.994956,0.001207,24,0.001167,24,0.666016,24,0.0,24,,0,0.105639,24
7,48,24,False,native,24,0.983675,0.978357,0.987956,0.009599,0.980775,0.965195,0.989497,0.959936,0.990113,24,0.99177,0.989059,0.993942,0.004883,0.990272,0.982289,0.994721,0.979559,0.995032,0.00128,24,0.001129,24,0.666016,24,0.0,24,,0,0.10536,24
7,49,24,False,native,24,0.983078,0.979378,0.98687,0.007493,0.979925,0.965078,0.988987,0.951378,0.990113,24,0.991467,0.98958,0.993392,0.003811,0.989831,0.982228,0.994463,0.975083,0.995032,0.001186,24,0.001258,24,0.677734,24,0.0,24,,0,0.10476,24
8,0,24,False,native,24,0.981179,0.97997,0.98291,0.002941,0.98106,0.977479,0.984862,0.969746,0.988612,24,0.9905,0.989884,0.991382,0.001498,0.990435,0.988611,0.992373,0.98464,0.994273,0.001047,24,0.001123,24,0.714844,24,0.0,24,0.999742,24,0.108673,24
8,1,24,False,native,24,0.982072,0.980453,0.985879,0.005426,0.982746,0.978933,0.987713,0.974539,0.988687,24,0.990955,0.99013,0.992889,0.002759,0.991295,0.989355,0.993818,0.987106,0.994311,0.001146,24,0.001064,24,0.708984,24,0.0,24,,0,0.108837,24
8,2,24,False,native,24,0.983302,0.980844,0.985673,0.004829,0.98365,0.98007,0.988823,0.977724,0.990714,24,0.991581,0.990329,0.992785,0.002456,0.991755,0.989935,0.99438,0.988736,0.995335,0.001134,24,0.001158,24,0.685547,24,0.0,24,,0,0.108575,24
8,3,24,False,native,24,0.982966,0.981327,0.985561,0.004233,0.983712,0.979684,0.987623,0.979134,0.991691,24,0.99141,0.990576,0.992728,0.002152,0.991786,0.989738,0.993773,0.989457,0.995828,0.001195,24,0.00119,24,0.689453,24,0.0,24,,0,0.108201,24
8,4,24,False,native,24,0.983824,0.981681,0.985953,0.004272,0.984093,0.980449,0.988095,0.979431,0.991014,24,0.991846,0.990756,0.992927,0.002171,0.99198,0.990128,0.994012,0.989609,0.995487,0.001199,24,0.001155,24,0.654297,24,0.0,24,,0,0.107994,24
8,5,24,False,native,24,0.983451,0.982463,0.985841,0.003378,0.984124,0.981186,0.988207,0.979951,0.990338,24,0.991657,0.991154,0.99287,0.001716,0.991996,0.990504,0.994069,0.989874,0.995146,0.001267,24,0.001197,24,0.681641,24,0.0,24,,0,0.107694,24
8,6,24,False,native,24,0.983824,0.982612,0.986122,0.003509,0.984212,0.980085,0.987375,0.978466,0.991766,24,0.991846,0.99123,0.993012,0.001782,0.992041,0.989942,0.993648,0.989116,0.995866,0.001236,24,0.001232,24,0.666016,24,0.0,24,,0,0.107533,24
8,7,24,False,native,24,0.983974,0.982612,0.985972,0.00336,0.984477,0.981536,0.987271,0.978243,0.993272,24,0.991922,0.99123,0.992937,0.001707,0.992175,0.990682,0.993595,0.989002,0.996625,0.001251,24,0.001261,24,0.658203,24,0.0,24,,0,0.10733,24
8,8,24,False,native,24,0.983488,0.98291,0.985337,0.002426,0.984245,0.981931,0.987345,0.979505,0.991691,24,0.991676,0.991382,0.992614,0.001233,0.992058,0.990883,0.993632,0.989647,0.995828,0.001266,24,0.001208,24,0.677734,24,0.0,24,,0,0.107212,24
8,9,24,False,native,24,0.982929,0.981998,0.986271,0.004274,0.984088,0.980769,0.988012,0.979728,0.992368,24,0.991391,0.990917,0.993088,0.002171,0.991977,0.990291,0.99397,0.98976,0.99617,0.001208,24,0.001179,24,0.673828,24,0.0,24,,0,0.107072,24
8,10,24,False,native,24,0.983526,0.981662,0.985542,0.00388,0.984089,0.980583,0.987952,0.978243,0.992745,24,0.991694,0.990746,0.992718,0.001972,0.991977,0.990196,0.99394,0.989002,0.996359,0.001208,24,0.001216,24,0.677734,24,0.0,24,0.999735,24,0.106966,24
8,11,24,False,native,24,0.983004,0.982389,0.986309,0.00392,0.984206,0.980784,0.98868,0.97906,0.992067,24,0.991429,0.991116,0.993107,0.001991,0.992037,0.990299,0.994307,0.989419,0.996018,0.001278,24,0.001281,24,0.662109,24,0.0,24,,0,0.106815,24
8,12,24,False,native,24,0.983377,0.981625,0.986328,0.004702,0.984106,0.98062,0.988095,0.978763,0.990939,24,0.991619,0.990727,0.993117,0.002389,0.991987,0.990215,0.994012,0.989267,0.995449,0.001191,24,0.001261,24,0.662109,24,0.0,24,,0,0.106656,24
8,13,24,False,native,24,0.983414,0.981383,0.985542,0.004159,0.983954,0.98007,0.98778,0.979431,0.991992,24,0.991638,0.990604,0.992718,0.002114,0.991909,0.989935,0.993852,0.989609,0.99598,0.001214,24,0.00124,24,0.662109,24,0.0,24,,0,0.106543,24
8,14,24,False,native,24,0.983265,0.981123,0.986402,0.00528,0.983964,0.980866,0.987713,0.978466,0.991691,24,0.991562,0.990471,0.993155,0.002683,0.991914,0.990341,0.993818,0.989116,0.995828,0.001157,24,0.001235,24,0.664062,24,0.0,24,,0,0.106477,24
8,15,24,False,native,24,0.982594,0.981123,0.98644,0.005317,0.983927,0.980122,0.988057,0.979134,0.991992,24,0.99122,0.990471,0.993174,0.002702,0.991895,0.989961,0.993993,0.989457,0.99598,0.001252,24,0.001291,24,0.675781,24,0.0,24,,0,0.106379,24
8,16,24,False,native,24,0.983302,0.980546,0.985804,0.005258,0.983592,0.979372,0.987638,0.978688,0.991992,24,0.991581,0.990177,0.992851,0.002674,0.991725,0.989578,0.99378,0.989229,0.99598,0.001123,24,0.001241,24,0.673828,24,0.0,24,,0,0.106305,24
8,17,24,False,native,24,0.98237,0.980267,0.986122,0.005855,0.98353,0.979312,0.988514,0.978243,0.991992,24,0.991107,0.990035,0.993012,0.002977,0.991693,0.989548,0.994224,0.989002,0.99598,0.001179,24,0.001203,24,0.673828,24,0.0,24,,0,0.106236,24
8,18,24,False,native,24,0.982817,0.980583,0.986477,0.005894,0.983723,0.979253,0.988057,0.978911,0.992218,24,0.991334,0.990196,0.993193,0.002996,0.991791,0.989518,0.993993,0.989343,0.996094,0.001205,24,0.001279,24,0.669922,24,0.0,24,,0,0.106116,24
8,19,24,False,native,24,0.983079,0.980211,0.986645,0.006434,0.983721,0.979097,0.988515,0.978169,0.99282,24,0.991467,0.990007,0.993278,0.003271,0.991789,0.989438,0.994224,0.988964,0.996397,0.001214,24,0.001251,24,0.640625,24,0.0,24,,0,0.10603,24
8,20,24,False,native,24,0.982594,0.980304,0.986346,0.006042,0.98341,0.978169,0.987847,0.977724,0.99282,24,0.99122,0.990054,0.993126,0.003072,0.991631,0.988964,0.993887,0.988736,0.996397,0.001282,24,0.001288,24,0.65625,24,0.0,24,0.99969,24,0.105972,24
8,21,24,False,native,24,0.982445,0.979208,0.987001,0.007793,0.983383,0.978636,0.988485,0.977353,0.992143,24,0.991145,0.989495,0.993458,0.003963,0.991617,0.989203,0.994209,0.988547,0.996056,0.001219,24,0.001236,24,0.701172,24,0.0,24,,0,0.105889,24
8,22,24,False,native,24,0.982817,0.979041,0.987282,0.008241,0.983433,0.978466,0.988395,0.97713,0.992143,24,0.991334,0.98941,0.9936,0.004191,0.991642,0.989116,0.994163,0.988433,0.996056,0.001242,24,0.001264,24,0.691406,24,0.0,24,,0,0.105826,24
8,23,24,False,native,24,0.983899,0.978911,0.987076,0.008165,0.983524,0.977968,0.988012,0.977427,0.993046,24,0.991884,0.989343,0.993496,0.004153,0.991688,0.988861,0.99397,0.988585,0.996511,0.001304,24,0.001214,24,0.646484,24,0.0,24,,0,0.105763,24
8,24,24,False,native,24,0.982482,0.978521,0.986589,0.008068,0.983185,0.977642,0.988395,0.976464,0.991917,24,0.991164,0.989144,0.993249,0.004105,0.991516,0.988695,0.994163,0.988092,0.995942,0.001278,24,0.001251,24,0.701172,24,0.0,24,,0,0.105637,24
8,25,24,False,native,24,0.982705,0.978707,0.986702,0.007995,0.983244,0.977664,0.987975,0.977205,0.992895,24,0.991277,0.989239,0.993306,0.004067,0.991546,0.988706,0.993951,0.988471,0.996435,0.001305,24,0.001221,24,0.691406,24,0.0,24,,0,0.105595,24
8,26,24,False,native,24,0.983004,0.978187,0.986458,0.008271,0.982856,0.97713,0.98817,0.975797,0.99267,24,0.991429,0.988973,0.993183,0.00421,0.991348,0.988433,0.99405,0.98775,0.996321,0.001274,24,0.001187,24,0.691406,24,0.0,24,,0,0.105588,24
8,27,24,False,native,24,0.982893,0.97854,0.987095,0.008555,0.98287,0.977397,0.988215,0.975057,0.992218,24,0.991372,0.989154,0.993505,0.004352,0.991355,0.988569,0.994072,0.987371,0.996094,0.001218,24,0.001248,24,0.689453,24,0.0,24,,0,0.105545,24
8,28,24,False,native,24,0.982892,0.978521,0.986608,0.008087,0.982907,0.97736,0.988365,0.975279,0.991766,24,0.991372,0.989144,0.993259,0.004115,0.991374,0.988551,0.994148,0.987485,0.995866,0.00123,24,0.001204,24,0.675781,24,0.0,24,,0,0.105543,24
8,29,24,False,native,24,0.982147,0.977853,0.987151,0.009297,0.982536,0.97613,0.988177,0.974318,0.992444,24,0.990993,0.988803,0.993534,0.004731,0.991184,0.987921,0.994053,0.986992,0.996208,0.001246,24,0.001181,24,0.712891,24,0.0,24,,0,0.105522,24
8,30,24,False,native,24,0.982743,0.977928,0.987638,0.00971,0.982689,0.97596,0.988485,0.973727,0.991766,24,0.991296,0.988841,0.99378,0.00494,0.991262,0.987834,0.994209,0.986688,0.995866,0.001176,24,0.001172,24,0.693359,24,0.0,24,0.999659,24,0.1055,24
8,31,24,False,native,24,0.982296,0.97752,0.986889,0.009369,0.982385,0.975486,0.988537,0.972398,0.991766,24,0.991069,0.988632,0.993401,0.004769,0.991107,0.987591,0.994235,0.986006,0.995866,0.001231,24,0.001196,24,0.716797,24,0.0,24,,0,0.105487,24
8,32,24,False,native,24,0.982072,0.977687,0.987394,0.009707,0.982214,0.974776,0.988192,0.969231,0.99139,24,0.990955,0.988717,0.993657,0.00494,0.991018,0.987227,0.994061,0.984375,0.995677,0.001279,24,0.001184,24,0.720703,24,0.0,24,,0,0.105513,24
8,33,24,False,native,24,0.983116,0.976741,0.987488,0.010746,0.982164,0.97539,0.988762,0.967027,0.991842,24,0.991486,0.988234,0.993704,0.005471,0.990991,0.987542,0.994349,0.983237,0.995904,0.001161,24,0.001225,24,0.662109,24,0.0,24,,0,0.105504,24
8,34,24,False,native,24,0.983004,0.977724,0.987469,0.009745,0.982302,0.975168,0.98901,0.965854,0.992218,24,0.991429,0.988736,0.993695,0.004959,0.991061,0.987428,0.994474,0.98263,0.996094,0.001218,24,0.001194,24,0.669922,24,0.0,24,,0,0.105496,24
8,35,24,False,native,24,0.982743,0.977761,0.986851,0.00909,0.981598,0.974887,0.98754,0.960227,0.991315,24,0.991296,0.988755,0.993382,0.004627,0.990701,0.987284,0.993731,0.97971,0.995639,0.00121,24,0.001205,24,0.693359,24,0.0,24,,0,0.105506,24
8,36,24,False,native,24,0.983004,0.977279,0.986814,0.009535,0.981489,0.974126,0.989325,0.958626,0.99109,24,0.991429,0.988509,0.993363,0.004854,0.990642,0.986893,0.994634,0.978876,0.995525,0.001206,24,0.00127,24,0.693359,24,0.0,24,,0,0.105462,24
8,37,24,False,native,24,0.982855,0.977223,0.986234,0.00901,0.980958,0.974,0.988972,0.957899,0.990789,24,0.991353,0.98848,0.993069,0.004589,0.99037,0.986829,0.994455,0.978497,0.995373,0.001229,24,0.001209,24,0.695312,24,0.0,24,,0,0.105397,24
8,38,24,False,native,24,0.983004,0.97702,0.986458,0.009439,0.980786,0.973136,0.988342,0.957245,0.990789,24,0.991429,0.988376,0.993183,0.004807,0.990282,0.986385,0.994137,0.978155,0.995373,0.00116,24,0.001217,24,0.685547,24,0.0,24,,0,0.105312,24
8,39,24,False,native,24,0.983153,0.975964,0.986103,0.010139,0.98067,0.973527,0.988859,0.957099,0.990113,24,0.991505,0.987836,0.993003,0.005167,0.990223,0.986586,0.994399,0.978079,0.995032,0.001125,24,0.001254,24,0.679688,24,0.0,24,,0,0.10528,24
8,40,24,False,native,24,0.983451,0.974983,0.98601,0.011026,0.980458,0.973498,0.987645,0.957826,0.989888,24,0.991657,0.987333,0.992955,0.005622,0.990114,0.986571,0.993784,0.978459,0.994918,0.001216,24,0.001156,24,0.669922,24,0.0,24,0.999609,24,0.105241,24
8,41,24,False,native,24,0.98319,0.975464,0.986514,0.01105,0.980353,0.973202,0.987016,0.956011,0.990789,24,0.991524,0.98758,0.993211,0.005632,0.990061,0.986419,0.993466,0.977511,0.995373,0.001215,24,0.001228,24,0.679688,24,0.0,24,,0,0.105145,24
8,42,24,False,native,24,0.982855,0.975612,0.986458,0.010846,0.980441,0.973609,0.987698,0.958189,0.989512,24,0.991353,0.987655,0.993183,0.005528,0.990106,0.986628,0.993811,0.978648,0.994728,0.001241,24,0.001269,24,0.691406,24,0.0,24,,0,0.105033,24
8,43,24,False,native,24,0.981923,0.974761,0.985075,0.010314,0.979954,0.973896,0.987563,0.957099,0.990714,24,0.990879,0.987219,0.992481,0.005262,0.989858,0.986776,0.993742,0.978079,0.995335,0.001207,24,0.001213,24,0.701172,24,0.0,24,,0,0.104954,24
8,44,24,False,native,24,0.9817,0.974891,0.984105,0.009214,0.979686,0.972966,0.98757,0.958917,0.990038,24,0.990765,0.987286,0.991988,0.004703,0.989722,0.986298,0.993746,0.979028,0.994994,0.001254,24,0.001177,24,0.6875,24,0.0,24,,0,0.104764,24
8,45,24,False,native,24,0.982035,0.974724,0.98431,0.009585,0.979732,0.973985,0.987076,0.958844,0.991165,24,0.990936,0.9872,0.992093,0.004892,0.989746,0.986821,0.993496,0.97899,0.995563,0.001255,24,0.001184,24,0.705078,24,0.0,24,,0,0.104559,24
8,46,24,False,native,24,0.9801,0.975538,0.985897,0.010359,0.979878,0.973188,0.987241,0.959062,0.992971,24,0.98995,0.987618,0.992899,0.005281,0.98982,0.986412,0.993579,0.979103,0.996473,0.001315,24,0.00127,24,0.748047,24,0.0,24,,0,0.104398,24
8,47,24,False,native,24,0.979952,0.97539,0.985692,0.010302,0.97982,0.973173,0.987675,0.959208,0.991842,24,0.989874,0.987542,0.992794,0.005253,0.98979,0.986404,0.993799,0.979179,0.995904,0.001263,24,0.0013,24,0.75,24,0.0,24,,0,0.104271,24
8,48,24,False,native,24,0.980212,0.974854,0.985094,0.01024,0.979514,0.972929,0.986043,0.963512,0.990714,24,0.990007,0.987267,0.992491,0.005224,0.989639,0.986279,0.992973,0.981417,0.995335,0.001249,24,0.001268,24,0.734375,24,0.0,24,,0,0.104188,24
8,49,24,False,native,24,0.977207,0.973487,0.983675,0.010189,0.978607,0.970541,0.986732,0.968937,0.989812,24,0.988471,0.986565,0.99177,0.005205,0.989177,0.98505,0.993321,0.984223,0.99488,0.001229,24,0.001206,24,0.792969,24,0.0,24,,0,0.103928,24
9,0,24,False,native,24,0.98416,0.978837,0.986533,0.007696,0.982903,0.975442,0.989497,0.971366,0.989963,24,0.992017,0.989305,0.993221,0.003916,0.991371,0.987568,0.994721,0.985475,0.994956,0.001432,24,0.001324,24,0.660156,24,0.0,24,0.999725,24,0.108061,24
9,1,24,False,native,24,0.984645,0.983358,0.987076,0.003718,0.984065,0.976716,0.988912,0.972398,0.989963,24,0.992263,0.991609,0.993496,0.001887,0.991963,0.988221,0.994425,0.986006,0.994956,0.001269,24,0.001309,24,0.632812,24,0.0,24,,0,0.108796,24
9,2,24,False,native,24,0.986253,0.983339,0.988781,0.005441,0.985025,0.978696,0.989242,0.970482,0.990939,24,0.993079,0.9916,0.994359,0.002759,0.99245,0.989233,0.994592,0.98502,0.995449,0.001363,24,0.001293,24,0.59375,24,0.0,24,,0,0.10842,24
9,3,24,False,native,24,0.986514,0.983283,0.988649,0.005366,0.984847,0.980911,0.989347,0.966074,0.989812,24,0.993211,0.991571,0.994292,0.002721,0.992358,0.990363,0.994645,0.982744,0.99488,0.001323,24,0.001372,24,0.597656,24,0.0,24,,0,0.108659,24
9,4,24,False,native,24,0.986889,0.984085,0.988781,0.004695,0.985331,0.981402,0.98937,0.968055,0.989963,24,0.993401,0.991979,0.994359,0.00238,0.992605,0.990614,0.994656,0.983768,0.994956,0.001347,24,0.00132,24,0.570312,24,0.0,24,,0,0.108562,24
9,5,24,False,native,24,0.986814,0.984254,0.989062,0.004808,0.985637,0.980644,0.989805,0.969084,0.990639,24,0.993363,0.992064,0.994501,0.002437,0.99276,0.990227,0.994876,0.984299,0.995297,0.001367,24,0.001339,24,0.574219,24,0.0,24,,0,0.108634,24
9,6,24,False,native,24,0.986776,0.984944,0.987862,0.002918,0.985394,0.982355,0.989715,0.968422,0.990564,24,0.993344,0.992415,0.993894,0.001479,0.992636,0.991099,0.994831,0.983958,0.995259,0.001324,24,0.001368,24,0.572266,24,0.0,24,,0,0.108637,24
9,7,24,False,native,24,0.987263,0.984645,0.988649,0.004004,0.985947,0.983317,0.989565,0.972472,0.990113,24,0.993591,0.992263,0.994292,0.002029,0.992919,0.991588,0.994755,0.986044,0.995032,0.001356,24,0.001323,24,0.5625,24,0.0,24,,0,0.108666,24
9,8,24,False,native,24,0.986964,0.985075,0.987638,0.002562,0.985704,0.983488,0.989265,0.970923,0.989737,24,0.993439,0.992481,0.99378,0.001299,0.992796,0.991676,0.994603,0.985247,0.994842,0.001327,24,0.001276,24,0.576172,24,0.0,24,,0,0.108685,24
9,9,24,False,native,24,0.986552,0.984926,0.987563,0.002637,0.985606,0.983794,0.989167,0.972177,0.990113,24,0.99323,0.992406,0.993742,0.001337,0.992747,0.991831,0.994554,0.985892,0.995032,0.001233,24,0.001292,24,0.578125,24,0.0,24,,0,0.108689,24
9,10,24,False,native,24,0.986739,0.985766,0.987919,0.002152,0.986162,0.984183,0.989212,0.974983,0.990263,24,0.993325,0.992832,0.993923,0.00109,0.99303,0.992028,0.994577,0.987333,0.995108,0.0013,24,0.001335,24,0.587891,24,0.0,24,0.999807,24,0.108663,24
9,11,24,False,native,24,0.986402,0.985411,0.987544,0.002133,0.986033,0.984593,0.988425,0.97676,0.990639,24,0.993155,0.992652,0.993733,0.001081,0.992965,0.992237,0.994179,0.988243,0.995297,0.001311,24,0.001234,24,0.587891,24,0.0,24,,0,0.108611,24
9,12,24,False,native,24,0.986253,0.985374,0.987207,0.001833,0.985835,0.983742,0.988215,0.977872,0.989587,24,0.993079,0.992633,0.993562,0.000929,0.992865,0.991804,0.994072,0.988812,0.994766,0.001371,24,0.001333,24,0.59375,24,0.0,24,,0,0.108577,24
9,13,24,False,native,24,0.985766,0.985337,0.987525,0.002189,0.985974,0.984003,0.98808,0.980472,0.989362,24,0.992832,0.992614,0.993723,0.001109,0.992937,0.991937,0.994004,0.99014,0.994653,0.001372,24,0.001306,24,0.595703,24,0.0,24,,0,0.108518,24
9,14,24,False,native,24,0.986215,0.985505,0.986907,0.001403,0.985887,0.982594,0.987907,0.981439,0.989287,24,0.99306,0.992699,0.993411,0.000711,0.992892,0.99122,0.993917,0.990633,0.994615,0.00129,24,0.00127,24,0.611328,24,0.0,24,,0,0.10843,24
9,15,24,False,native,24,0.986253,0.985467,0.986889,0.001421,0.986061,0.983996,0.987855,0.981662,0.989287,24,0.993079,0.992681,0.993401,0.000721,0.992981,0.991933,0.99389,0.990746,0.994615,0.00134,24,0.001267,24,0.597656,24,0.0,24,,0,0.108346,24
9,16,24,False,native,24,0.985767,0.985393,0.986776,0.001384,0.985833,0.984354,0.98742,0.980769,0.988462,24,0.992832,0.992643,0.993344,0.000702,0.992865,0.992115,0.99367,0.990291,0.994198,0.00128,24,0.001285,24,0.605469,24,0.0,24,,0,0.108279,24
9,17,24,False,native,24,0.986215,0.984776,0.986533,0.001757,0.985778,0.983593,0.988282,0.979728,0.988912,24,0.99306,0.99233,0.993221,0.000891,0.992837,0.991729,0.994106,0.98976,0.994425,0.001311,24,0.001246,24,0.603516,24,0.0,24,,0,0.108191,24
9,18,24,False,native,24,0.986327,0.985337,0.987263,0.001926,0.985937,0.983474,0.98802,0.979505,0.988912,24,0.993117,0.992614,0.993591,0.000977,0.992918,0.991668,0.993974,0.989647,0.994425,0.001288,24,0.001311,24,0.595703,24,0.0,24,,0,0.108085,24
9,19,24,False,native,24,0.986253,0.985131,0.987413,0.002282,0.986009,0.984071,0.988012,0.978837,0.988312,24,0.993079,0.99251,0.993667,0.001157,0.992954,0.991971,0.99397,0.989305,0.994122,0.001328,24,0.00126,24,0.609375,24,0.0,24,,0,0.107965,24
9,20,24,False,native,24,0.98629,0.984888,0.987188,0.0023,0.985915,0.983854,0.987668,0.979654,0.989287,24,0.993098,0.992387,0.993553,0.001166,0.992906,0.991861,0.993796,0.989722,0.994615,0.001224,24,0.001285,24,0.59375,24,0.0,24,0.999801,24,0.107868,24
9,21,24,False,native,24,0.986215,0.984814,0.987095,0.002281,0.985526,0.982922,0.987765,0.977205,0.988162,24,0.99306,0.992349,0.993505,0.001157,0.992709,0.991387,0.993845,0.988471,0.994046,0.001277,24,0.00123,24,0.611328,24,0.0,24,,0,0.107737,24
9,22,24,False,native,24,0.98614,0.985299,0.987057,0.001758,0.98545,0.981879,0.987765,0.975871,0.988687,24,0.993022,0.992595,0.993486,0.000891,0.992669,0.990856,0.993845,0.987788,0.994311,0.001291,24,0.001336,24,0.605469,24,0.0,24,,0,0.107601,24
9,23,24,False,native,24,0.986028,0.984496,0.987338,0.002842,0.985291,0.981901,0.987817,0.976686,0.988762,24,0.992965,0.992188,0.993629,0.001441,0.992589,0.990868,0.993871,0.988205,0.994349,0.001342,24,0.001243,24,0.599609,24,0.0,24,,0,0.107476,24
9,24,24,False,native,24,0.985879,0.98515,0.986776,0.001627,0.985124,0.981238,0.987698,0.972767,0.989512,24,0.992889,0.992519,0.993344,0.000825,0.992504,0.99053,0.993811,0.986195,0.994728,0.001297,24,0.001313,24,0.621094,24,0.0,24,,0,0.107342,24
9,25,24,False,native,24,0.985692,0.984254,0.987413,0.003159,0.984869,0.981134,0.987795,0.973062,0.989062,24,0.992794,0.992064,0.993667,0.001602,0.992374,0.990477,0.99386,0.986347,0.994501,0.001252,24,0.001265,24,0.625,24,0.0,24,,0,0.107192,24
9,26,24,False,native,24,0.985804,0.984888,0.986253,0.001364,0.984724,0.981045,0.988065,0.971513,0.988912,24,0.992851,0.992387,0.993079,0.000692,0.9923,0.990432,0.993997,0.985551,0.994425,0.001197,24,0.001276,24,0.609375,24,0.0,24,,0,0.107077,24
9,27,24,False,native,24,0.985542,0.984235,0.986384,0.002149,0.984413,0.980963,0.987922,0.968202,0.989888,24,0.992718,0.992055,0.993145,0.00109,0.99214,0.99039,0.993924,0.983844,0.994918,0.001225,24,0.001237,24,0.623047,24,0.0,24,,0,0.106909,24
9,28,24,False,native,24,0.985019,0.984049,0.986458,0.00241,0.984172,0.980472,0.987525,0.970703,0.988912,24,0.992453,0.99196,0.993183,0.001223,0.992018,0.99014,0.993723,0.985133,0.994425,0.001221,24,0.001267,24,0.623047,24,0.0,24,,0,0.106775,24
9,29,24,False,native,24,0.985505,0.983358,0.986421,0.003063,0.984298,0.980606,0.989032,0.970114,0.989287,24,0.992699,0.991609,0.993164,0.001555,0.992082,0.990208,0.994486,0.98483,0.994615,0.00125,24,0.001214,24,0.632812,24,0.0,24,,0,0.106643,24
9,30,24,False,native,24,0.985206,0.982967,0.986477,0.003511,0.984122,0.980152,0.989077,0.970114,0.990789,24,0.992548,0.99141,0.993193,0.001782,0.991992,0.989976,0.994508,0.98483,0.995373,0.001291,24,0.001173,24,0.634766,24,0.0,24,0.999805,24,0.10645,24
9,31,24,False,native,24,0.985318,0.983377,0.986327,0.002951,0.98414,0.980955,0.988979,0.968716,0.990338,24,0.992605,0.991619,0.993117,0.001498,0.992001,0.990386,0.994459,0.98411,0.995146,0.001273,24,0.001255,24,0.632812,24,0.0,24,,0,0.106311,24
9,32,24,False,native,24,0.984384,0.98319,0.985636,0.002445,0.983807,0.980769,0.988837,0.967981,0.990038,24,0.992131,0.991524,0.992766,0.001242,0.991832,0.990291,0.994387,0.98373,0.994994,0.001221,24,0.001202,24,0.650391,24,0.0,24,,0,0.106149,24
9,33,24,False,native,24,0.984048,0.983507,0.986795,0.003288,0.983715,0.980888,0.988859,0.967394,0.989888,24,0.99196,0.991685,0.993354,0.001669,0.991785,0.990352,0.994399,0.983427,0.994918,0.001198,24,0.0012,24,0.646484,24,0.0,24,,0,0.106015,24
9,34,24,False,native,24,0.985206,0.982743,0.986309,0.003566,0.983913,0.980241,0.98865,0.970187,0.990413,24,0.992548,0.991296,0.993107,0.001811,0.991886,0.990022,0.994292,0.984868,0.995184,0.001198,24,0.001247,24,0.634766,24,0.0,24,,0,0.105863,24
9,35,24,False,native,24,0.984944,0.981904,0.986159,0.004255,0.983814,0.980673,0.988972,0.970776,0.990413,24,0.992415,0.99087,0.993031,0.002162,0.991835,0.990242,0.994455,0.985171,0.995184,0.001151,24,0.001243,24,0.642578,24,0.0,24,,0,0.10571,24
9,36,24,False,native,24,0.984197,0.982351,0.98601,0.003658,0.983639,0.980219,0.988575,0.970997,0.990188,24,0.992036,0.991097,0.992955,0.001858,0.991747,0.990011,0.994254,0.985285,0.99507,0.001177,24,0.001141,24,0.658203,24,0.0,24,,0,0.105523,24
9,37,24,False,native,24,0.984048,0.982426,0.985654,0.003228,0.983697,0.980807,0.989317,0.972029,0.989737,24,0.99196,0.991135,0.992775,0.00164,0.991777,0.99031,0.99463,0.985816,0.994842,0.001251,24,0.001126,24,0.658203,24,0.0,24,,0,0.105401,24
9,38,24,False,native,24,0.983824,0.981979,0.985916,0.003937,0.983922,0.980479,0.989542,0.974244,0.990864,24,0.991846,0.990908,0.992908,0.002001,0.991892,0.990143,0.994744,0.986954,0.995411,0.001133,24,0.001186,24,0.662109,24,0.0,24,,0,0.105141,24
9,39,24,False,native,24,0.983339,0.980658,0.986159,0.005502,0.983619,0.979401,0.989707,0.974244,0.990864,24,0.9916,0.990234,0.993031,0.002797,0.991737,0.989593,0.994827,0.986954,0.995411,0.001113,24,0.001122,24,0.677734,24,0.0,24,,0,0.10496,24
9,40,24,False,native,24,0.983153,0.980769,0.986627,0.005857,0.983685,0.977665,0.989963,0.975649,0.991014,24,0.991505,0.990291,0.993268,0.002977,0.99177,0.988706,0.994956,0.987674,0.995487,0.001151,24,0.001189,24,0.689453,24,0.0,24,0.999789,24,0.104767,24
9,41,24,False,native,24,0.983488,0.980769,0.98614,0.005371,0.983777,0.97926,0.990616,0.974835,0.99124,24,0.991676,0.990291,0.993022,0.002731,0.991818,0.989521,0.995286,0.987257,0.995601,0.001182,24,0.001068,24,0.662109,24,0.0,24,,0,0.104526,24
9,42,24,False,native,24,0.983824,0.980546,0.986215,0.005669,0.98374,0.978956,0.990323,0.976834,0.992368,24,0.991846,0.990177,0.99306,0.002882,0.991799,0.989366,0.995138,0.988281,0.99617,0.001186,24,0.00112,24,0.664062,24,0.0,24,,0,0.104263,24
9,43,24,False,native,24,0.983489,0.981216,0.986365,0.005149,0.984115,0.980256,0.990564,0.97713,0.990789,24,0.991676,0.990519,0.993136,0.002617,0.99199,0.99003,0.995259,0.988433,0.995373,0.001131,24,0.00114,24,0.677734,24,0.0,24,,0,0.104151,24
9,44,24,False,native,24,0.983601,0.981067,0.986627,0.00556,0.984153,0.979297,0.990594,0.977798,0.991315,24,0.991732,0.990443,0.993268,0.002825,0.992009,0.98954,0.995275,0.988774,0.995639,0.001182,24,0.001156,24,0.664062,24,0.0,24,,0,0.103889,24
9,45,24,False,native,24,0.984086,0.981048,0.986477,0.005429,0.984313,0.979803,0.990195,0.978911,0.99109,24,0.991979,0.990433,0.993193,0.002759,0.992091,0.989798,0.995074,0.989343,0.995525,0.001197,24,0.001152,24,0.660156,24,0.0,24,,0,0.103636,24
9,46,24,False,native,24,0.983788,0.981179,0.98614,0.004962,0.98409,0.979572,0.990346,0.978763,0.990939,24,0.991827,0.9905,0.993022,0.002522,0.991977,0.989681,0.995149,0.989267,0.995449,0.001234,24,0.001213,24,0.677734,24,0.0,24,,0,0.103487,24
9,47,24,False,native,24,0.983787,0.981085,0.986253,0.005167,0.98378,0.97874,0.989647,0.976982,0.991466,24,0.991827,0.990452,0.993079,0.002626,0.991819,0.989256,0.994797,0.988357,0.995715,0.00113,24,0.001229,24,0.654297,24,0.0,24,,0,0.103236,24
9,48,24,False,native,24,0.983302,0.981346,0.986271,0.004925,0.983937,0.979899,0.988784,0.97676,0.991691,24,0.991581,0.990585,0.993088,0.002503,0.9919,0.989848,0.994361,0.988243,0.995828,0.001291,24,0.001222,24,0.666016,24,0.0,24,,0,0.10306,24
9,49,24,False,native,24,0.983339,0.980714,0.987712,0.006999,0.983873,0.978339,0.988912,0.977649,0.991165,24,0.9916,0.990263,0.993818,0.003555,0.991867,0.989051,0.994425,0.988698,0.995563,0.001227,24,0.001269,24,0.679688,24,0.0,24,,0,0.102835,24
10,0,24,False,native,24,0.977538,0.974761,0.982594,0.007833,0.977527,0.969204,0.986574,0.953185,0.986814,24,0.988642,0.987219,0.99122,0.004001,0.988621,0.98436,0.993242,0.976032,0.993363,0.001022,24,0.001029,24,0.791016,24,0.0,24,0.999745,24,0.107521,24
10,1,24,False,native,24,0.980918,0.972416,0.985056,0.01264,0.978824,0.968224,0.987046,0.959863,0.988162,24,0.990367,0.986015,0.992472,0.006457,0.989283,0.983855,0.993481,0.979521,0.994046,0.001071,24,0.001125,24,0.720703,24,0.0,24,,0,0.108362,24
10,2,24,False,native,24,0.984683,0.978079,0.985916,0.007837,0.981419,0.971852,0.988604,0.958626,0.990714,24,0.992282,0.988916,0.992908,0.003992,0.990607,0.985725,0.99427,0.978876,0.995335,0.001131,24,0.001239,24,0.646484,24,0.0,24,,0,0.108725,24
10,3,24,False,native,24,0.984944,0.980436,0.986215,0.005779,0.982199,0.972944,0.988814,0.958189,0.992143,24,0.992415,0.990121,0.99306,0.002939,0.991006,0.986286,0.994376,0.978648,0.996056,0.001256,24,0.001223,24,0.648438,24,0.0,24,,0,0.1087,24
10,4,24,False,native,24,0.984795,0.981572,0.987282,0.00571,0.983173,0.975153,0.989445,0.965048,0.990939,24,0.992339,0.990699,0.9936,0.002901,0.991505,0.98742,0.994694,0.982213,0.995449,0.001233,24,0.001268,24,0.628906,24,0.0,24,,0,0.108682,24
10,5,24,False,native,24,0.984795,0.981998,0.988125,0.006126,0.983294,0.973941,0.989325,0.96622,0.991616,24,0.992339,0.990917,0.994027,0.00311,0.991566,0.986798,0.994634,0.98282,0.99579,0.001229,24,0.001268,24,0.634766,24,0.0,24,,0,0.108607,24
10,6,24,False,native,24,0.985841,0.981329,0.987937,0.006608,0.983568,0.974643,0.989242,0.968716,0.991014,24,0.99287,0.990576,0.993932,0.003356,0.991707,0.987159,0.994592,0.98411,0.995487,0.001274,24,0.001209,24,0.603516,24,0.0,24,,0,0.108631,24
10,7,24,False,native,24,0.984982,0.982261,0.98775,0.005489,0.983782,0.976412,0.989377,0.967541,0.991466,24,0.992434,0.99105,0.993837,0.002787,0.991816,0.988065,0.99466,0.983503,0.995715,0.001204,24,0.001243,24,0.632812,24,0.0,24,,0,0.108645,24
10,8,24,False,native,24,0.985953,0.980937,0.987881,0.006944,0.98401,0.975775,0.989175,0.966587,0.991917,24,0.992927,0.990377,0.993904,0.003527,0.991932,0.987739,0.994558,0.98301,0.995942,0.001216,24,0.001247,24,0.617188,24,0.0,24,,0,0.108626,24
10,9,24,False,native,24,0.985393,0.981924,0.988312,0.006388,0.984285,0.97696,0.98931,0.968643,0.992067,24,0.992643,0.990879,0.994122,0.003243,0.992072,0.988346,0.994626,0.984072,0.996018,0.001254,24,0.001284,24,0.621094,24,0.0,24,,0,0.108617,24
10,10,24,False,native,24,0.98629,0.981775,0.988499,0.006724,0.984639,0.975909,0.990128,0.970629,0.990939,24,0.993098,0.990803,0.994216,0.003413,0.992252,0.987807,0.995039,0.985096,0.995449,0.001296,24,0.001293,24,0.599609,24,0.0,24,0.999837,24,0.108602,24
10,11,24,False,native,24,0.986103,0.982184,0.988293,0.006109,0.984554,0.976434,0.989782,0.969819,0.991014,24,0.993003,0.991012,0.994112,0.0031,0.99221,0.988076,0.994865,0.984678,0.995487,0.00126,24,0.001291,24,0.603516,24,0.0,24,,0,0.108574,24
10,12,24,False,native,24,0.98644,0.982445,0.988724,0.006279,0.984988,0.978013,0.989677,0.972103,0.99109,24,0.993174,0.991145,0.99433,0.003186,0.992431,0.988884,0.994812,0.985854,0.995525,0.00122,24,0.001337,24,0.576172,24,0.0,24,,0,0.108528,24
10,13,24,False,native,24,0.986851,0.983509,0.988368,0.00486,0.985096,0.977323,0.989655,0.972693,0.990488,24,0.993382,0.991685,0.99415,0.002465,0.992486,0.988532,0.994801,0.986157,0.995221,0.001333,24,0.001295,24,0.589844,24,0.0,24,,0,0.108501,24
10,14,24,False,native,24,0.986702,0.984142,0.988462,0.00432,0.985268,0.977635,0.99009,0.970923,0.990939,24,0.993306,0.992007,0.994198,0.00219,0.992573,0.988691,0.99502,0.985247,0.995449,0.001342,24,0.00133,24,0.583984,24,0.0,24,,0,0.108486,24
10,15,24,False,native,24,0.986552,0.983433,0.988762,0.005329,0.985435,0.978525,0.990068,0.972545,0.99139,24,0.99323,0.991647,0.994349,0.002702,0.992658,0.989146,0.995009,0.986082,0.995677,0.001294,24,0.001252,24,0.578125,24,0.0,24,,0,0.108486,24
10,16,24,False,native,24,0.986702,0.984011,0.988818,0.004807,0.98562,0.979698,0.989812,0.972841,0.990038,24,0.993306,0.991941,0.994378,0.002437,0.992753,0.989745,0.99488,0.986233,0.994994,0.001267,24,0.001229,24,0.578125,24,0.0,24,,0,0.10849,24
10,17,24,False,native,24,0.986627,0.983918,0.987975,0.004057,0.985602,0.980219,0.989475,0.974909,0.990714,24,0.993268,0.991894,0.993951,0.002057,0.992745,0.990011,0.994709,0.987295,0.995335,0.001302,24,0.001271,24,0.59375,24,0.0,24,,0,0.108504,24
10,18,24,False,native,24,0.986589,0.984085,0.98835,0.004264,0.985577,0.980613,0.989175,0.974022,0.990113,24,0.993249,0.991979,0.994141,0.002162,0.992733,0.990212,0.994558,0.98684,0.995032,0.001324,24,0.001253,24,0.59375,24,0.0,24,,0,0.108502,24
10,19,24,False,native,24,0.986702,0.984702,0.988781,0.004079,0.986,0.981134,0.989152,0.976167,0.99109,24,0.993306,0.992292,0.994359,0.002067,0.992948,0.990477,0.994546,0.98794,0.995525,0.00134,24,0.001287,24,0.582031,24,0.0,24,,0,0.10847,24
10,20,24,False,native,24,0.986515,0.984179,0.988106,0.003927,0.985918,0.981246,0.989295,0.977205,0.991165,24,0.993211,0.992026,0.994017,0.001991,0.992906,0.990534,0.994618,0.988471,0.995563,0.001305,24,0.001318,24,0.585938,24,0.0,24,0.99985,24,0.108465,24
10,21,24,False,native,24,0.98644,0.984347,0.988912,0.004565,0.985817,0.98103,0.989317,0.975501,0.990939,24,0.993174,0.992112,0.994425,0.002313,0.992854,0.990424,0.99463,0.987599,0.995449,0.001237,24,0.001243,24,0.597656,24,0.0,24,,0,0.108475,24
10,22,24,False,native,24,0.987226,0.98416,0.987787,0.003627,0.986074,0.982311,0.989175,0.976538,0.991766,24,0.993572,0.992017,0.993856,0.001839,0.992986,0.991076,0.994558,0.98813,0.995866,0.001299,24,0.001285,24,0.566406,24,0.0,24,,0,0.108474,24
10,23,24,False,native,24,0.986328,0.984739,0.987488,0.002749,0.9857,0.981603,0.989085,0.976908,0.990564,24,0.993117,0.992311,0.993704,0.001394,0.992796,0.990716,0.994512,0.988319,0.995259,0.001214,24,0.00128,24,0.601562,24,0.0,24,,0,0.108502,24
10,24,24,False,native,24,0.986851,0.985038,0.987563,0.002525,0.98588,0.981707,0.988649,0.976538,0.990038,24,0.993382,0.992462,0.993742,0.00128,0.992888,0.990769,0.994292,0.98813,0.994994,0.001225,24,0.001231,24,0.582031,24,0.0,24,,0,0.108549,24
10,25,24,False,native,24,0.985692,0.984365,0.987413,0.003047,0.985714,0.981768,0.988702,0.980472,0.989512,24,0.992794,0.992121,0.993667,0.001545,0.992804,0.990799,0.994319,0.99014,0.994728,0.001157,24,0.001253,24,0.607422,24,0.0,24,,0,0.108583,24
10,26,24,False,native,24,0.986477,0.984683,0.98745,0.002767,0.98572,0.981886,0.988612,0.978169,0.989437,24,0.993193,0.992282,0.993686,0.001403,0.992807,0.99086,0.994273,0.988964,0.994691,0.001252,24,0.00115,24,0.585938,24,0.0,24,,0,0.108599,24
10,27,24,False,native,24,0.985729,0.984197,0.987525,0.003328,0.985798,0.98275,0.988934,0.980472,0.990113,24,0.992813,0.992036,0.993723,0.001688,0.992846,0.9913,0.994436,0.99014,0.995032,0.001185,24,0.001192,24,0.615234,24,0.0,24,,0,0.108658,24
10,28,24,False,native,24,0.985654,0.984515,0.987713,0.003198,0.985739,0.982542,0.988567,0.97958,0.990789,24,0.992775,0.992197,0.993818,0.001621,0.992816,0.991194,0.994251,0.989684,0.995373,0.001244,24,0.001262,24,0.615234,24,0.0,24,,0,0.108658,24
10,29,24,False,native,24,0.985991,0.984384,0.987394,0.00301,0.98591,0.98325,0.989017,0.979654,0.99109,24,0.992946,0.992131,0.993657,0.001526,0.992903,0.991554,0.994478,0.989722,0.995525,0.001189,24,0.00119,24,0.609375,24,0.0,24,,0,0.10871,24
10,30,24,False,native,24,0.985692,0.984552,0.987544,0.002992,0.985866,0.982378,0.988912,0.97958,0.990338,24,0.992794,0.992216,0.993733,0.001517,0.992881,0.99111,0.994425,0.989684,0.995146,0.001234,24,0.001296,24,0.623047,24,0.0,24,0.999848,24,0.108737,24
10,31,24,False,native,24,0.985654,0.98416,0.986702,0.002541,0.985411,0.982236,0.988102,0.979877,0.990714,24,0.992775,0.992017,0.993306,0.001289,0.99265,0.991038,0.994015,0.989836,0.995335,0.001225,24,0.001177,24,0.628906,24,0.0,24,,0,0.108786,24
10,32,24,False,native,24,0.985355,0.984141,0.987525,0.003384,0.985701,0.982594,0.988987,0.98062,0.989512,24,0.992624,0.992007,0.993723,0.001716,0.992797,0.99122,0.994463,0.990215,0.994728,0.001252,24,0.001239,24,0.607422,24,0.0,24,,0,0.108821,24
10,33,24,False,native,24,0.985916,0.984179,0.987769,0.00359,0.985965,0.983742,0.988342,0.982407,0.989137,24,0.992908,0.992026,0.993847,0.00182,0.992932,0.991804,0.994137,0.991126,0.994539,0.001244,24,0.001199,24,0.601562,24,0.0,24,,0,0.108863,24
10,34,24,False,native,24,0.986066,0.984758,0.987301,0.002543,0.985719,0.983817,0.987967,0.978911,0.988687,24,0.992984,0.99232,0.99361,0.001289,0.992807,0.991842,0.993947,0.989343,0.994311,0.001212,24,0.001229,24,0.605469,24,0.0,24,,0,0.10891,24
10,35,24,False,native,24,0.985505,0.983862,0.987226,0.003364,0.985439,0.983101,0.988042,0.979134,0.989362,24,0.992699,0.991865,0.993572,0.001707,0.992665,0.991478,0.993985,0.989457,0.994653,0.001203,24,0.001242,24,0.615234,24,0.0,24,,0,0.108915,24
10,36,24,False,native,24,0.985692,0.98444,0.987638,0.003197,0.985856,0.983265,0.988395,0.980174,0.989812,24,0.992794,0.992159,0.99378,0.001621,0.992876,0.991562,0.994163,0.989988,0.99488,0.001144,24,0.001311,24,0.599609,24,0.0,24,,0,0.108919,24
10,37,24,False,native,24,0.985879,0.984104,0.987488,0.003384,0.985644,0.982422,0.9882,0.981662,0.989287,24,0.992889,0.991988,0.993704,0.001716,0.992769,0.991133,0.994065,0.990746,0.994615,0.001218,24,0.00125,24,0.603516,24,0.0,24,,0,0.109009,24
10,38,24,False,native,24,0.986066,0.984944,0.987806,0.002862,0.985924,0.983213,0.988417,0.981439,0.989137,24,0.992984,0.992415,0.993866,0.001451,0.992911,0.991535,0.994175,0.990633,0.994539,0.001207,24,0.001195,24,0.605469,24,0.0,24,,0,0.108974,24
10,39,24,False,native,24,0.985916,0.983955,0.986608,0.002653,0.985582,0.982117,0.988327,0.980695,0.989963,24,0.992908,0.991913,0.993259,0.001346,0.992737,0.990978,0.994129,0.990253,0.994956,0.001216,24,0.001218,24,0.621094,24,0.0,24,,0,0.108992,24
10,40,24,False,native,24,0.985617,0.984104,0.987282,0.003178,0.985563,0.98275,0.987982,0.981513,0.989287,24,0.992756,0.991988,0.9936,0.001612,0.992728,0.9913,0.993955,0.990671,0.994615,0.001195,24,0.00119,24,0.623047,24,0.0,24,0.999839,24,0.10901,24
10,41,24,False,native,24,0.985841,0.98472,0.986739,0.002019,0.985784,0.982788,0.988829,0.980769,0.989287,24,0.99287,0.992301,0.993325,0.001024,0.99284,0.991319,0.994383,0.990291,0.994615,0.001242,24,0.001229,24,0.603516,24,0.0,24,,0,0.109009,24
10,42,24,False,native,24,0.986178,0.984534,0.987375,0.002842,0.985894,0.982601,0.988769,0.980026,0.99109,24,0.993041,0.992206,0.993648,0.001441,0.992895,0.991224,0.994353,0.989912,0.995525,0.001268,24,0.001198,24,0.585938,24,0.0,24,,0,0.108977,24
10,43,24,False,native,24,0.984758,0.983992,0.986982,0.00299,0.985327,0.982094,0.988485,0.980769,0.990113,24,0.99232,0.991932,0.993448,0.001517,0.992608,0.990966,0.994209,0.990291,0.995032,0.001184,24,0.00117,24,0.632812,24,0.0,24,,0,0.109065,24
10,44,24,False,native,24,0.985916,0.983955,0.987713,0.003758,0.98572,0.982251,0.988889,0.981737,0.990263,24,0.992908,0.991913,0.993818,0.001906,0.992807,0.991046,0.994414,0.990784,0.995108,0.001202,24,0.001208,24,0.617188,24,0.0,24,,0,0.109096,24
10,45,24,False,native,24,0.985355,0.984496,0.987563,0.003067,0.985689,0.982735,0.98901,0.97958,0.990413,24,0.992624,0.992188,0.993742,0.001555,0.992791,0.991292,0.994474,0.989684,0.995184,0.001235,24,0.001192,24,0.625,24,0.0,24,,0,0.109126,24
10,46,24,False,native,24,0.98558,0.983918,0.988068,0.004151,0.985882,0.982512,0.989527,0.981737,0.990188,24,0.992737,0.991894,0.993998,0.002105,0.992889,0.991179,0.994736,0.990784,0.99507,0.001232,24,0.001272,24,0.59375,24,0.0,24,,0,0.109242,24
10,47,24,False,native,24,0.985542,0.984272,0.987694,0.003422,0.985788,0.983324,0.989107,0.982035,0.989587,24,0.992718,0.992074,0.993809,0.001735,0.992842,0.991592,0.994524,0.990936,0.994766,0.00124,24,0.00133,24,0.621094,24,0.0,24,,0,0.109236,24
10,48,24,False,native,24,0.985318,0.98347,0.987132,0.003662,0.985689,0.982661,0.989677,0.981662,0.991616,24,0.992605,0.991666,0.993524,0.001858,0.992791,0.991255,0.994812,0.990746,0.99579,0.001242,24,0.001268,24,0.623047,24,0.0,24,,0,0.109251,24
10,49,24,False,native,24,0.985281,0.983227,0.987375,0.004148,0.985323,0.981141,0.988695,0.980026,0.992444,24,0.992586,0.991543,0.993648,0.002105,0.992605,0.990481,0.994315,0.989912,0.996208,0.001223,24,0.001154,24,0.636719,24,0.0,24,,0,0.109372,24
11,0,24,False,native,24,0.981402,0.974706,0.984422,0.009716,0.980192,0.972177,0.987098,0.962854,0.990488,24,0.990614,0.987191,0.99215,0.004959,0.989986,0.985892,0.993507,0.981076,0.995221,0.00106,24,0.001186,24,0.740234,24,0.0,24,0.999828,24,0.108311,24
11,1,24,False,native,24,0.983526,0.977242,0.985785,0.008544,0.982092,0.974429,0.988095,0.973357,0.990413,24,0.991694,0.98849,0.992842,0.004352,0.990958,0.987049,0.994012,0.986499,0.995184,0.001163,24,0.001167,24,0.675781,24,0.0,24,,0,0.1087,24
11,2,24,False,native,24,0.985804,0.978782,0.987151,0.008369,0.983228,0.974466,0.988717,0.971955,0.990188,24,0.992851,0.989277,0.993534,0.004257,0.991535,0.987068,0.994326,0.985778,0.99507,0.001175,24,0.001254,24,0.595703,24,0.0,24,,0,0.10804,24
11,3,24,False,native,24,0.985692,0.979989,0.98775,0.007761,0.983746,0.976508,0.988537,0.972545,0.990188,24,0.992794,0.989893,0.993837,0.003944,0.9918,0.988114,0.994235,0.986082,0.99507,0.001286,24,0.001333,24,0.617188,24,0.0,24,,0,0.107819,24
11,4,24,False,native,24,0.986178,0.979617,0.987787,0.008171,0.983936,0.976116,0.988395,0.974539,0.990038,24,0.993041,0.989703,0.993856,0.004153,0.991897,0.987913,0.994163,0.987106,0.994994,0.001224,24,0.001275,24,0.613281,24,0.0,24,,0,0.107656,24
11,5,24,False,native,24,0.985916,0.980713,0.987787,0.007074,0.984291,0.977219,0.988462,0.974835,0.989437,24,0.992908,0.990263,0.993856,0.003593,0.992078,0.988478,0.994198,0.987257,0.994691,0.001282,24,0.001279,24,0.623047,24,0.0,24,,0,0.107426,24
11,6,24,False,native,24,0.985654,0.981179,0.987113,0.005935,0.984341,0.978496,0.988117,0.977205,0.989437,24,0.992775,0.9905,0.993515,0.003015,0.992105,0.989131,0.994023,0.988471,0.994691,0.001284,24,0.001332,24,0.617188,24,0.0,24,,0,0.107354,24
11,7,24,False,native,24,0.985879,0.982091,0.987432,0.005341,0.984668,0.979201,0.988612,0.975501,0.989512,24,0.992889,0.990964,0.993676,0.002712,0.992271,0.989491,0.994273,0.987599,0.994728,0.001288,24,0.001282,24,0.607422,24,0.0,24,,0,0.107256,24
11,8,24,False,native,24,0.985206,0.983247,0.986608,0.003361,0.984507,0.979684,0.988305,0.977649,0.988912,24,0.992548,0.991552,0.993259,0.001707,0.992191,0.989738,0.994118,0.988698,0.994425,0.001279,24,0.001318,24,0.623047,24,0.0,24,,0,0.107197,24
11,9,24,False,native,24,0.985393,0.98334,0.987076,0.003736,0.984828,0.980323,0.988417,0.978243,0.989437,24,0.992643,0.9916,0.993496,0.001896,0.992353,0.990064,0.994175,0.989002,0.994691,0.001289,24,0.001265,24,0.628906,24,0.0,24,,0,0.107109,24
11,10,24,False,native,24,0.98487,0.983358,0.986608,0.00325,0.984649,0.980695,0.987945,0.979357,0.988237,24,0.992377,0.991609,0.993259,0.00165,0.992263,0.990253,0.993936,0.989571,0.994084,0.001217,24,0.001262,24,0.646484,24,0.0,24,0.999828,24,0.107032,24
11,11,24,False,native,24,0.984982,0.98319,0.986814,0.003624,0.984562,0.980457,0.98751,0.97854,0.988012,24,0.992434,0.991524,0.993363,0.001839,0.992219,0.990132,0.993716,0.989154,0.99397,0.00124,24,0.001304,24,0.623047,24,0.0,24,,0,0.106959,24
11,12,24,False,native,24,0.984944,0.983209,0.986103,0.002894,0.98467,0.981625,0.987548,0.979282,0.988312,24,0.992415,0.991533,0.993003,0.00147,0.992274,0.990727,0.993735,0.989533,0.994122,0.001306,24,0.00129,24,0.646484,24,0.0,24,,0,0.106907,24
11,13,24,False,native,24,0.985243,0.983582,0.986552,0.00297,0.984867,0.981655,0.987975,0.97906,0.989212,24,0.992567,0.991723,0.99323,0.001508,0.992374,0.990743,0.993951,0.989419,0.994577,0.001254,24,0.001248,24,0.619141,24,0.0,24,,0,0.106843,24
11,14,24,False,native,24,0.985056,0.983153,0.985804,0.002651,0.984605,0.981439,0.987982,0.97906,0.989287,24,0.992472,0.991505,0.992851,0.001346,0.992241,0.990633,0.993955,0.989419,0.994615,0.001306,24,0.001259,24,0.634766,24,0.0,24,,0,0.106782,24
11,15,24,False,native,24,0.984944,0.983638,0.98614,0.002503,0.984718,0.980918,0.988222,0.978763,0.990038,24,0.992415,0.991751,0.993022,0.00127,0.992298,0.990367,0.994076,0.989267,0.994994,0.00128,24,0.001235,24,0.625,24,0.0,24,,0,0.106759,24
11,16,24,False,native,24,0.984758,0.983395,0.986122,0.002727,0.984761,0.981052,0.988042,0.980174,0.989737,24,0.99232,0.991628,0.993012,0.001384,0.99232,0.990435,0.993985,0.989988,0.994842,0.001291,24,0.001375,24,0.634766,24,0.0,24,,0,0.106689,24
11,17,24,False,native,24,0.984832,0.983265,0.98601,0.002745,0.984783,0.981246,0.988072,0.97958,0.989437,24,0.992358,0.991562,0.992955,0.001394,0.992331,0.990534,0.994,0.989684,0.994691,0.001263,24,0.001328,24,0.632812,24,0.0,24,,0,0.106625,24
11,18,24,False,native,24,0.98558,0.983899,0.986702,0.002803,0.985213,0.98097,0.988514,0.978985,0.989587,24,0.992737,0.991884,0.993306,0.001422,0.992549,0.990394,0.994224,0.989381,0.994766,0.001309,24,0.001298,24,0.626953,24,0.0,24,,0,0.106567,24
11,19,24,False,native,24,0.984944,0.983246,0.98745,0.004204,0.98492,0.981067,0.98769,0.980249,0.989662,24,0.992415,0.991552,0.993686,0.002133,0.992401,0.990443,0.993807,0.990026,0.994804,0.001274,24,0.001287,24,0.640625,24,0.0,24,,0,0.106507,24
11,20,24,False,native,24,0.98558,0.982519,0.986964,0.004444,0.984896,0.980442,0.988514,0.979728,0.989362,24,0.992737,0.991182,0.993439,0.002257,0.992388,0.990124,0.994224,0.98976,0.994653,0.001302,24,0.001248,24,0.621094,24,0.0,24,0.999821,24,0.106447,24
11,21,24,False,native,24,0.985206,0.982687,0.986664,0.003977,0.984569,0.979847,0.988275,0.978466,0.988912,24,0.992548,0.991268,0.993287,0.002019,0.992222,0.989821,0.994103,0.989116,0.994425,0.00132,24,0.00132,24,0.632812,24,0.0,24,,0,0.106389,24
11,22,24,False,native,24,0.985056,0.982501,0.987151,0.00465,0.984731,0.980457,0.988252,0.978317,0.989662,24,0.992472,0.991173,0.993534,0.002361,0.992304,0.990132,0.994091,0.98904,0.994804,0.001238,24,0.001267,24,0.628906,24,0.0,24,,0,0.106342,24
11,23,24,False,native,24,0.985281,0.982221,0.987095,0.004873,0.984666,0.979877,0.988125,0.978837,0.990038,24,0.992586,0.991031,0.993505,0.002475,0.992271,0.989836,0.994027,0.989305,0.994994,0.001226,24,0.001313,24,0.621094,24,0.0,24,,0,0.106301,24
11,24,24,False,native,24,0.98558,0.982258,0.986365,0.004106,0.98438,0.979178,0.987683,0.978985,0.989587,24,0.992737,0.99105,0.993136,0.002086,0.992126,0.98948,0.993803,0.989381,0.994766,0.001272,24,0.001278,24,0.628906,24,0.0,24,,0,0.106349,24
11,25,24,False,native,24,0.985243,0.981495,0.987207,0.005712,0.984686,0.979736,0.98859,0.977427,0.989963,24,0.992567,0.990661,0.993562,0.002901,0.992281,0.989764,0.994262,0.988585,0.994956,0.001289,24,0.001276,24,0.623047,24,0.0,24,,0,0.106307,24
11,26,24,False,native,24,0.98558,0.98183,0.988087,0.006257,0.984876,0.979156,0.988814,0.978614,0.989888,24,0.992737,0.990832,0.994008,0.003176,0.992377,0.989468,0.994376,0.989191,0.994918,0.001313,24,0.001308,24,0.617188,24,0.0,24,,0,0.106279,24
11,27,24,False,native,24,0.985131,0.980881,0.987806,0.006925,0.984739,0.979372,0.989047,0.97906,0.989737,24,0.99251,0.990348,0.993866,0.003518,0.992308,0.989578,0.994493,0.989419,0.994842,0.001323,24,0.001291,24,0.619141,24,0.0,24,,0,0.106265,24
11,28,24,False,native,24,0.985505,0.982296,0.987506,0.005211,0.984823,0.979394,0.988492,0.978688,0.990263,24,0.992699,0.991069,0.993714,0.002645,0.99235,0.98959,0.994213,0.989229,0.995108,0.00134,24,0.001325,24,0.617188,24,0.0,24,,0,0.106236,24
11,29,24,False,native,24,0.986028,0.981924,0.987488,0.005564,0.984789,0.979639,0.98859,0.978317,0.989737,24,0.992965,0.990879,0.993704,0.002825,0.992333,0.989715,0.994262,0.98904,0.994842,0.001331,24,0.001331,24,0.617188,24,0.0,24,,0,0.106233,24
11,30,24,False,native,24,0.985467,0.981774,0.987282,0.005508,0.984459,0.978354,0.988845,0.977205,0.989212,24,0.992681,0.990803,0.9936,0.002797,0.992165,0.989059,0.994391,0.988471,0.994577,0.00125,24,0.001325,24,0.626953,24,0.0,24,0.999821,24,0.10624,24
11,31,24,False,native,24,0.985617,0.982035,0.987488,0.005453,0.984703,0.978406,0.988717,0.976834,0.989963,24,0.992756,0.990936,0.993704,0.002769,0.992289,0.989085,0.994326,0.988281,0.994956,0.001355,24,0.001301,24,0.623047,24,0.0,24,,0,0.106193,24
11,32,24,False,native,24,0.985206,0.982203,0.98775,0.005547,0.984653,0.978659,0.98901,0.976686,0.990639,24,0.992548,0.991021,0.993837,0.002816,0.992263,0.989214,0.994474,0.988205,0.995297,0.001301,24,0.001316,24,0.623047,24,0.0,24,,0,0.10617,24
11,33,24,False,native,24,0.985617,0.981514,0.98775,0.006236,0.984731,0.979164,0.989017,0.97802,0.990338,24,0.992756,0.990671,0.993837,0.003167,0.992303,0.989472,0.994478,0.988888,0.995146,0.00131,24,0.001276,24,0.623047,24,0.0,24,,0,0.106156,24
11,34,24,False,native,24,0.986103,0.981104,0.987806,0.006702,0.984865,0.979082,0.989069,0.977056,0.990413,24,0.993003,0.990462,0.993866,0.003404,0.992371,0.98943,0.994505,0.988395,0.995184,0.001347,24,0.001279,24,0.603516,24,0.0,24,,0,0.106164,24
11,35,24,False,native,24,0.985692,0.981253,0.98805,0.006797,0.984773,0.978458,0.98961,0.977056,0.990263,24,0.992794,0.990538,0.993989,0.003451,0.992323,0.989112,0.994778,0.988395,0.995108,0.00132,24,0.001335,24,0.619141,24,0.0,24,,0,0.106119,24
11,36,24,False,native,24,0.985281,0.981979,0.987694,0.005715,0.984712,0.978718,0.989212,0.977501,0.990338,24,0.992586,0.990908,0.993809,0.002901,0.992293,0.989245,0.994577,0.988623,0.995146,0.001324,24,0.001277,24,0.625,24,0.0,24,,0,0.106095,24
11,37,24,False,native,24,0.985617,0.98116,0.987619,0.006459,0.984606,0.97923,0.98913,0.978169,0.989963,24,0.992756,0.99049,0.993771,0.00328,0.99224,0.989506,0.994535,0.988964,0.994956,0.001355,24,0.001313,24,0.626953,24,0.0,24,,0,0.106206,24
11,38,24,False,native,24,0.985318,0.981607,0.988143,0.006537,0.984991,0.980197,0.989632,0.97906,0.990338,24,0.992605,0.990718,0.994036,0.003318,0.992436,0.989999,0.994789,0.989419,0.995146,0.001309,24,0.001275,24,0.626953,24,0.0,24,,0,0.106227,24
11,39,24,False,native,24,0.985206,0.981588,0.988256,0.006668,0.984918,0.979297,0.98994,0.975871,0.990714,24,0.992548,0.990708,0.994093,0.003385,0.992398,0.98954,0.994945,0.987788,0.995335,0.001352,24,0.001302,24,0.619141,24,0.0,24,,0,0.106229,24
11,40,24,False,native,24,0.984982,0.982053,0.987413,0.005359,0.984581,0.978458,0.989422,0.977649,0.990338,24,0.992434,0.990945,0.993667,0.002721,0.992227,0.989112,0.994683,0.988698,0.995146,0.001392,24,0.001273,24,0.642578,24,0.0,24,0.999821,24,0.106196,24
11,41,24,False,native,24,0.985318,0.981476,0.988331,0.006855,0.984612,0.978339,0.989445,0.975279,0.991014,24,0.992605,0.990652,0.994131,0.00348,0.992241,0.989051,0.994694,0.987485,0.995487,0.001305,24,0.001245,24,0.634766,24,0.0,24,,0,0.106181,24
11,42,24,False,native,24,0.985393,0.980379,0.987507,0.007128,0.984349,0.978681,0.989482,0.976241,0.989737,24,0.992643,0.990092,0.993714,0.003622,0.992108,0.989226,0.994713,0.987978,0.994842,0.001269,24,0.001298,24,0.630859,24,0.0,24,,0,0.106224,24
11,43,24,False,native,24,0.985281,0.980342,0.988331,0.007989,0.984381,0.978592,0.989512,0.976167,0.990488,24,0.992586,0.990073,0.994131,0.004058,0.992124,0.98918,0.994728,0.98794,0.995221,0.001342,24,0.001293,24,0.628906,24,0.0,24,,0,0.106414,24
11,44,24,False,native,24,0.98487,0.980565,0.9879,0.007335,0.98403,0.978228,0.98943,0.97417,0.990864,24,0.992377,0.990187,0.993913,0.003726,0.991946,0.988994,0.994687,0.986916,0.995411,0.001283,24,0.001184,24,0.636719,24,0.0,24,,0,0.106397,24
11,45,24,False,native,24,0.985056,0.981793,0.988181,0.006388,0.984379,0.977776,0.9894,0.974613,0.990714,24,0.992472,0.990813,0.994055,0.003243,0.992123,0.988763,0.994672,0.987144,0.995335,0.001283,24,0.00129,24,0.638672,24,0.0,24,,0,0.106382,24
11,46,24,False,native,24,0.984645,0.980918,0.987919,0.007001,0.984105,0.977657,0.989167,0.975279,0.990413,24,0.992263,0.990367,0.993923,0.003555,0.991984,0.988702,0.994554,0.987485,0.995184,0.001223,24,0.001313,24,0.644531,24,0.0,24,,0,0.106514,24
11,47,24,False,native,24,0.983824,0.980918,0.98687,0.005952,0.983551,0.97682,0.988799,0.97417,0.989888,24,0.991846,0.990367,0.993392,0.003024,0.991702,0.988274,0.994368,0.986916,0.994918,0.001265,24,0.001233,24,0.666016,24,0.0,24,,0,0.106473,24
11,48,24,False,native,24,0.9836,0.980807,0.986552,0.005745,0.983217,0.977286,0.989099,0.972398,0.990939,24,0.991732,0.99031,0.99323,0.00292,0.991532,0.988513,0.99452,0.986006,0.995449,0.001152,24,0.001224,24,0.675781,24,0.0,24,,0,0.106472,24
11,49,24,False,native,24,0.982929,0.980919,0.987469,0.00655,0.982853,0.97338,0.989835,0.97085,0.990714,24,0.991391,0.990367,0.993695,0.003328,0.991344,0.98651,0.994892,0.985209,0.995335,0.001202,24,0.001142,24,0.679688,24,0.0,24,,0,0.106198,24
12,0,24,False,native,24,0.979728,0.976427,0.984142,0.007715,0.978322,0.964355,0.989175,0.951017,0.99139,24,0.98976,0.988073,0.992007,0.003935,0.989016,0.981853,0.994558,0.974894,0.995677,0.00117,24,0.001122,24,0.746094,24,0.0,24,0.999758,24,0.107329,24
12,1,24,False,native,24,0.983302,0.976557,0.986253,0.009696,0.98023,0.967902,0.988845,0.960082,0.992594,24,0.991581,0.988139,0.993079,0.00494,0.989997,0.983689,0.994391,0.979634,0.996283,0.001116,24,0.001176,24,0.693359,24,0.0,24,,0,0.107892,24
12,2,24,False,native,24,0.982705,0.977149,0.986309,0.00916,0.980577,0.969452,0.99127,0.956373,0.992368,24,0.991277,0.988442,0.993107,0.004665,0.990173,0.984489,0.995616,0.9777,0.99617,0.001194,24,0.001126,24,0.685547,24,0.0,24,,0,0.107407,24
12,3,24,False,native,24,0.982631,0.978076,0.986159,0.008083,0.981066,0.971846,0.989662,0.961686,0.990564,24,0.991239,0.988916,0.993031,0.004115,0.990427,0.985721,0.994804,0.980469,0.995259,0.001145,24,0.00119,24,0.691406,24,0.0,24,,0,0.107007,24
12,4,24,False,native,24,0.983116,0.977742,0.986907,0.009165,0.981388,0.973454,0.989377,0.959208,0.990038,24,0.991486,0.988746,0.993411,0.004665,0.99059,0.986548,0.99466,0.979179,0.994994,0.001272,24,0.001247,24,0.691406,24,0.0,24,,0,0.106663,24
12,5,24,False,native,24,0.982333,0.978206,0.987263,0.009057,0.981005,0.97335,0.989415,0.955503,0.989963,24,0.991088,0.988983,0.993591,0.004608,0.990394,0.986495,0.994679,0.977245,0.994956,0.001209,24,0.001271,24,0.720703,24,0.0,24,,0,0.106355,24
12,6,24,False,native,24,0.981365,0.97841,0.986814,0.008404,0.980925,0.972575,0.988147,0.960665,0.989963,24,0.990595,0.989087,0.993363,0.004276,0.990358,0.986097,0.994038,0.979938,0.994956,0.00114,24,0.001238,24,0.728516,24,0.0,24,,0,0.106113,24
12,7,24,False,native,24,0.983153,0.97971,0.987207,0.007497,0.981758,0.972177,0.988342,0.962343,0.989137,24,0.991505,0.989751,0.993562,0.003811,0.990783,0.985892,0.994137,0.98081,0.994539,0.001152,24,0.00128,24,0.664062,24,0.0,24,,0,0.105972,24
12,8,24,False,native,24,0.982817,0.979617,0.986402,0.006786,0.981627,0.971285,0.988215,0.965634,0.988687,24,0.991334,0.989703,0.993155,0.003451,0.990718,0.985433,0.994072,0.982517,0.994311,0.001223,24,0.001231,24,0.691406,24,0.0,24,,0,0.105773,24
12,9,24,False,native,24,0.982817,0.978874,0.985916,0.007042,0.98115,0.970969,0.987001,0.965268,0.988087,24,0.991334,0.989324,0.992908,0.003584,0.990475,0.98527,0.993458,0.982327,0.994008,0.00124,24,0.001194,24,0.666016,24,0.0,24,,0,0.105612,24
12,10,24,False,native,24,0.981811,0.977631,0.985692,0.008061,0.981041,0.972164,0.98742,0.967394,0.987787,24,0.990822,0.988689,0.992794,0.004105,0.990421,0.985884,0.99367,0.983427,0.993856,0.001225,24,0.001168,24,0.697266,24,0.0,24,0.999784,24,0.105454,24
12,11,24,False,native,24,0.982892,0.979227,0.986384,0.007156,0.981623,0.971722,0.987503,0.969599,0.988387,24,0.991372,0.989504,0.993145,0.003641,0.990718,0.985657,0.993712,0.984565,0.99416,0.001182,24,0.001241,24,0.701172,24,0.0,24,,0,0.105288,24
12,12,24,False,native,24,0.98237,0.977649,0.987207,0.009557,0.981148,0.970895,0.987765,0.968349,0.989362,24,0.991107,0.988698,0.993562,0.004864,0.990475,0.985232,0.993845,0.98392,0.994653,0.001218,24,0.001212,24,0.693359,24,0.0,24,,0,0.105145,24
12,13,24,False,native,24,0.982669,0.978002,0.986253,0.008251,0.981246,0.971601,0.987308,0.96901,0.988462,24,0.991258,0.988879,0.993079,0.0042,0.990525,0.985596,0.993613,0.984261,0.994198,0.001207,24,0.001215,24,0.701172,24,0.0,24,,0,0.105021,24
12,14,24,False,native,24,0.982817,0.977501,0.985374,0.007873,0.980984,0.971483,0.986911,0.96879,0.989287,24,0.991334,0.988623,0.992633,0.004011,0.990392,0.985535,0.993412,0.984147,0.994615,0.001174,24,0.00115,24,0.683594,24,0.0,24,,0,0.104884,24
12,15,24,False,native,24,0.981403,0.978855,0.985411,0.006556,0.981039,0.971551,0.987413,0.969746,0.988687,24,0.990614,0.989315,0.992652,0.003337,0.990421,0.98557,0.993667,0.98464,0.994311,0.001179,24,0.001178,24,0.734375,24,0.0,24,,0,0.104778,24
12,16,24,False,native,24,0.981327,0.977798,0.985935,0.008137,0.980891,0.97021,0.987428,0.967908,0.988462,24,0.990576,0.988774,0.992918,0.004143,0.990343,0.984879,0.993674,0.983692,0.994198,0.001176,24,0.001215,24,0.710938,24,0.0,24,,0,0.104632,24
12,17,24,False,native,24,0.982445,0.978169,0.985804,0.007635,0.981188,0.972486,0.988042,0.967247,0.988987,24,0.991145,0.988964,0.992851,0.003887,0.990495,0.986051,0.993985,0.983351,0.994463,0.001174,24,0.00123,24,0.703125,24,0.0,24,,0,0.104534,24
12,18,24,False,native,24,0.982221,0.978076,0.986664,0.008588,0.981343,0.972649,0.987675,0.967247,0.989362,24,0.991031,0.988916,0.993287,0.004371,0.990574,0.986135,0.993799,0.983351,0.994653,0.001179,24,0.001235,24,0.6875,24,0.0,24,,0,0.104402,24
12,19,24,False,native,24,0.982445,0.977854,0.986702,0.008848,0.981319,0.973165,0.988155,0.967468,0.988987,24,0.991145,0.988803,0.993306,0.004504,0.990561,0.9864,0.994042,0.983465,0.994463,0.001255,24,0.001261,24,0.681641,24,0.0,24,,0,0.104285,24
12,20,24,False,native,24,0.982035,0.977724,0.985636,0.007912,0.981245,0.973985,0.988057,0.968128,0.988987,24,0.990936,0.988736,0.992766,0.00403,0.990525,0.986821,0.993993,0.983806,0.994463,0.001268,24,0.00121,24,0.689453,24,0.0,24,0.999765,24,0.104164,24
12,21,24,False,native,24,0.981551,0.976853,0.98644,0.009587,0.98124,0.975509,0.988477,0.967321,0.989512,24,0.990689,0.988291,0.993174,0.004883,0.990522,0.987602,0.994205,0.983389,0.994728,0.001199,24,0.00112,24,0.708984,24,0.0,24,,0,0.104052,24
12,22,24,False,native,24,0.982035,0.977038,0.986459,0.009421,0.981247,0.975316,0.988365,0.966954,0.989662,24,0.990936,0.988386,0.993183,0.004797,0.990525,0.987504,0.994148,0.983199,0.994804,0.001227,24,0.001164,24,0.71875,24,0.0,24,,0,0.103963,24
12,23,24,False,native,24,0.982631,0.976964,0.985823,0.008859,0.981427,0.975353,0.988297,0.967394,0.989362,24,0.991239,0.988348,0.992861,0.004513,0.990617,0.987523,0.994114,0.983427,0.994653,0.00128,24,0.001222,24,0.695312,24,0.0,24,,0,0.10387,24
12,24,24,False,native,24,0.982594,0.976871,0.985617,0.008746,0.981261,0.975864,0.988245,0.967174,0.988612,24,0.99122,0.9883,0.992756,0.004456,0.990533,0.987784,0.994088,0.983313,0.994273,0.001222,24,0.001227,24,0.691406,24,0.0,24,,0,0.103786,24
12,25,24,False,native,24,0.982855,0.977186,0.985711,0.008524,0.981427,0.975472,0.987922,0.968569,0.989137,24,0.991353,0.988461,0.992804,0.004342,0.990618,0.987583,0.993924,0.984034,0.994539,0.001167,24,0.001153,24,0.699219,24,0.0,24,,0,0.103704,24
12,26,24,False,native,24,0.982855,0.978354,0.986402,0.008048,0.981762,0.975901,0.988177,0.968349,0.989362,24,0.991353,0.989059,0.993155,0.004096,0.990789,0.987803,0.994053,0.98392,0.994653,0.001157,24,0.001212,24,0.685547,24,0.0,24,,0,0.103645,24
12,27,24,False,native,24,0.983227,0.977872,0.986533,0.008661,0.981644,0.974754,0.988087,0.96666,0.989587,24,0.991543,0.988812,0.993221,0.004409,0.990727,0.987216,0.994008,0.983048,0.994766,0.001204,24,0.001281,24,0.671875,24,0.0,24,,0,0.103532,24
12,28,24,False,native,24,0.983227,0.977649,0.985318,0.007669,0.981514,0.973964,0.987668,0.966074,0.989888,24,0.991543,0.988698,0.992605,0.003906,0.990661,0.98681,0.993796,0.982744,0.994918,0.001175,24,0.001243,24,0.669922,24,0.0,24,,0,0.103447,24
12,29,24,False,native,24,0.98278,0.977835,0.985505,0.00767,0.981274,0.97276,0.987922,0.965927,0.989662,24,0.991315,0.988793,0.992699,0.003906,0.990538,0.986192,0.993924,0.982668,0.994804,0.001181,24,0.001162,24,0.691406,24,0.0,24,,0,0.103391,24
12,30,24,False,native,24,0.983414,0.97815,0.986346,0.008196,0.981279,0.972221,0.988065,0.964682,0.989888,24,0.991638,0.988954,0.993126,0.004172,0.990539,0.985915,0.993997,0.982024,0.994918,0.001215,24,0.001194,24,0.6875,24,0.0,24,0.999784,24,0.103307,24
12,31,24,False,native,24,0.983041,0.977816,0.986402,0.008586,0.981164,0.971189,0.98763,0.965121,0.989963,24,0.991448,0.988784,0.993155,0.004371,0.990481,0.985384,0.993777,0.982251,0.994956,0.001193,24,0.001181,24,0.664062,24,0.0,24,,0,0.103218,24
12,32,24,False,native,24,0.98375,0.978503,0.98601,0.007507,0.981299,0.970843,0.988027,0.965048,0.989812,24,0.991808,0.989135,0.992955,0.003821,0.990549,0.985206,0.993978,0.982213,0.99488,0.001143,24,0.001241,24,0.679688,24,0.0,24,,0,0.103126,24
12,33,24,False,native,24,0.983489,0.978354,0.985673,0.007319,0.981216,0.969959,0.987937,0.964682,0.989587,24,0.991676,0.989059,0.992785,0.003726,0.990506,0.98475,0.993932,0.982024,0.994766,0.001195,24,0.001212,24,0.691406,24,0.0,24,,0,0.103041,24
12,34,24,False,native,24,0.983899,0.978967,0.986645,0.007679,0.981631,0.970084,0.989077,0.963804,0.990188,24,0.991884,0.989372,0.993278,0.003906,0.990716,0.984815,0.994508,0.981569,0.99507,0.001236,24,0.001205,24,0.65625,24,0.0,24,,0,0.102947,24
12,35,24,False,native,24,0.983899,0.978039,0.985542,0.007504,0.981237,0.969665,0.988215,0.963585,0.989812,24,0.991884,0.988898,0.992718,0.003821,0.990516,0.984599,0.994072,0.981455,0.99488,0.00119,24,0.001257,24,0.669922,24,0.0,24,,0,0.102853,24
12,36,24,False,native,24,0.983974,0.979858,0.985711,0.005853,0.981484,0.970269,0.9885,0.963146,0.990188,24,0.991922,0.989827,0.992804,0.002977,0.990642,0.98491,0.994216,0.981227,0.99507,0.001195,24,0.001211,24,0.675781,24,0.0,24,,0,0.102779,24
12,37,24,False,native,24,0.983899,0.97997,0.986458,0.006488,0.981571,0.971063,0.988372,0.961394,0.990564,24,0.991884,0.989884,0.993183,0.003299,0.990685,0.985319,0.994152,0.980317,0.995259,0.001204,24,0.001206,24,0.664062,24,0.0,24,,0,0.102746,24
12,38,24,False,native,24,0.983712,0.980342,0.986234,0.005892,0.981559,0.970261,0.987465,0.963146,0.990188,24,0.991789,0.990073,0.993069,0.002996,0.99068,0.984906,0.993693,0.981227,0.99507,0.001275,24,0.001222,24,0.664062,24,0.0,24,,0,0.102676,24
12,39,24,False,native,24,0.9836,0.981681,0.985411,0.00373,0.981519,0.96918,0.98745,0.963073,0.990564,24,0.991732,0.990756,0.992652,0.001896,0.990659,0.984348,0.993686,0.981189,0.995259,0.001201,24,0.001171,24,0.658203,24,0.0,24,,0,0.102603,24
12,40,24,False,native,24,0.983787,0.980937,0.98586,0.004923,0.981666,0.969003,0.987548,0.964463,0.990413,24,0.991827,0.990377,0.99288,0.002503,0.990735,0.984257,0.993735,0.98191,0.995184,0.001173,24,0.001221,24,0.654297,24,0.0,24,0.999807,24,0.102482,24
12,41,24,False,native,24,0.984496,0.980304,0.985879,0.005574,0.9817,0.968364,0.988395,0.963804,0.99109,24,0.992188,0.990054,0.992889,0.002835,0.990751,0.983927,0.994163,0.981569,0.995525,0.001161,24,0.001244,24,0.634766,24,0.0,24,,0,0.102418,24
12,42,24,False,native,24,0.983787,0.981569,0.985617,0.004048,0.981711,0.967704,0.987937,0.964024,0.990188,24,0.991827,0.990699,0.992756,0.002057,0.990757,0.983586,0.993932,0.981682,0.99507,0.001217,24,0.001139,24,0.677734,24,0.0,24,,0,0.102384,24
12,43,24,False,native,24,0.984309,0.981942,0.985729,0.003788,0.982138,0.968687,0.987443,0.965707,0.992971,24,0.992093,0.990889,0.992813,0.001925,0.990975,0.984094,0.993682,0.982555,0.996473,0.001206,24,0.001143,24,0.648438,24,0.0,24,,0,0.102327,24
12,44,24,False,native,24,0.983675,0.982557,0.98586,0.003303,0.982007,0.967798,0.987368,0.965781,0.99124,24,0.99177,0.991201,0.99288,0.001678,0.990909,0.983635,0.993644,0.982593,0.995601,0.001233,24,0.001243,24,0.65625,24,0.0,24,,0,0.102201,24
12,45,24,False,native,24,0.983787,0.981942,0.985673,0.003731,0.981844,0.967519,0.98763,0.964975,0.990789,24,0.991827,0.990889,0.992785,0.001896,0.990825,0.983491,0.993777,0.982175,0.995373,0.001213,24,0.001206,24,0.671875,24,0.0,24,,0,0.101958,24
12,46,24,False,native,24,0.984085,0.981532,0.98571,0.004178,0.981771,0.967592,0.987196,0.966294,0.990038,24,0.991979,0.99068,0.992804,0.002124,0.990789,0.983529,0.993557,0.982858,0.994994,0.00119,24,0.001227,24,0.652344,24,0.0,24,,0,0.101708,24
12,47,24,False,native,24,0.983638,0.980751,0.98515,0.004399,0.981043,0.965444,0.986941,0.964829,0.990639,24,0.991751,0.990282,0.992519,0.002238,0.990416,0.982418,0.993428,0.9821,0.995297,0.00118,24,0.001202,24,0.677734,24,0.0,24,,0,0.101302,24
12,48,24,False,native,24,0.984123,0.981197,0.985748,0.004551,0.981456,0.966184,0.986971,0.964024,0.990488,24,0.991998,0.990509,0.992823,0.002313,0.990626,0.982801,0.993443,0.981682,0.995221,0.001189,24,0.001164,24,0.648438,24,0.0,24,,0,0.10093,24
12,49,24,False,native,24,0.9836,0.981923,0.98571,0.003787,0.981098,0.964397,0.986589,0.963877,0.990338,24,0.991732,0.990879,0.992804,0.001925,0.990443,0.981876,0.993249,0.981606,0.995146,0.001196,24,0.001192,24,0.654297,24,0.0,24,,0,0.100385,24
13,0,24,False,native,24,0.978837,0.97096,0.983918,0.012957,0.97695,0.967115,0.985355,0.95572,0.988012,24,0.989305,0.985266,0.991894,0.006627,0.988322,0.983283,0.992624,0.977359,0.99397,0.001091,24,0.001104,24,0.777344,24,0.0,24,0.999736,24,0.10749,24
13,1,24,False,native,24,0.979246,0.973248,0.98515,0.011902,0.97838,0.966985,0.986522,0.964829,0.989662,24,0.989514,0.986442,0.992519,0.006077,0.989057,0.983215,0.993215,0.9821,0.994804,0.001175,24,0.001114,24,0.742188,24,0.0,24,,0,0.108384,24
13,2,24,False,native,24,0.984048,0.979544,0.98835,0.008805,0.982335,0.972641,0.989978,0.958117,0.990263,24,0.99196,0.989666,0.994141,0.004475,0.991072,0.986131,0.994964,0.97861,0.995108,0.001299,24,0.001311,24,0.667969,24,0.0,24,,0,0.108834,24
13,3,24,False,native,24,0.984272,0.9817,0.988556,0.006855,0.983717,0.975672,0.990549,0.958626,0.990864,24,0.992074,0.990765,0.994245,0.00348,0.991778,0.987686,0.995252,0.978876,0.995411,0.001492,24,0.001387,24,0.650391,24,0.0,24,,0,0.109146,24
13,4,24,False,native,24,0.985767,0.983116,0.988706,0.00559,0.984509,0.975777,0.990774,0.965927,0.991616,24,0.992832,0.991486,0.994321,0.002835,0.992184,0.987739,0.995366,0.982668,0.99579,0.001468,24,0.001365,24,0.607422,24,0.0,24,,0,0.109217,24
13,5,24,False,native,24,0.987113,0.982613,0.989888,0.007275,0.985131,0.976753,0.991195,0.967614,0.99139,24,0.993515,0.99123,0.994918,0.003688,0.9925,0.98824,0.995578,0.983541,0.995677,0.001421,24,0.001434,24,0.591797,24,0.0,24,,0,0.109341,24
13,6,24,False,native,24,0.987263,0.982482,0.990132,0.00765,0.98549,0.978785,0.991315,0.970482,0.992293,24,0.993591,0.991164,0.995041,0.003878,0.992684,0.989279,0.995639,0.98502,0.996132,0.001493,24,0.001489,24,0.560547,24,0.0,24,,0,0.109383,24
13,7,24,False,native,24,0.986552,0.98403,0.989944,0.005914,0.986125,0.980226,0.991834,0.971218,0.992143,24,0.99323,0.99195,0.994947,0.002996,0.993008,0.990014,0.9959,0.985399,0.996056,0.001526,24,0.001489,24,0.587891,24,0.0,24,,0,0.109375,24
13,8,24,False,native,24,0.986926,0.984851,0.990225,0.005375,0.986469,0.981246,0.991413,0.974613,0.991992,24,0.99342,0.992368,0.995089,0.002721,0.993183,0.990534,0.995688,0.987144,0.99598,0.001351,24,0.001471,24,0.566406,24,0.0,24,,0,0.1094,24
13,9,24,False,native,24,0.98775,0.984291,0.990282,0.005991,0.986602,0.981179,0.990977,0.974835,0.991766,24,0.993837,0.992083,0.995117,0.003034,0.993251,0.9905,0.995468,0.987257,0.995866,0.001498,24,0.001509,24,0.539062,24,0.0,24,,0,0.109408,24
13,10,24,False,native,24,0.987638,0.984421,0.990207,0.005785,0.986991,0.982177,0.991744,0.975205,0.992368,24,0.99378,0.99215,0.995079,0.00293,0.993448,0.991008,0.995855,0.987447,0.99617,0.001595,24,0.001551,24,0.556641,24,0.0,24,0.999799,24,0.109434,24
13,11,24,False,native,24,0.9882,0.984533,0.99,0.005467,0.987136,0.982058,0.991624,0.977872,0.992143,24,0.994065,0.992206,0.994975,0.002769,0.993523,0.990947,0.995794,0.988812,0.996056,0.001671,24,0.001701,24,0.525391,24,0.0,24,,0,0.109477,24
13,12,24,False,native,24,0.988537,0.985337,0.9897,0.004363,0.98741,0.982914,0.991451,0.978837,0.992218,24,0.994235,0.992614,0.994823,0.002209,0.993662,0.991383,0.995707,0.989305,0.996094,0.001627,24,0.001657,24,0.533203,24,0.0,24,,0,0.109493,24
13,13,24,False,native,24,0.988087,0.985449,0.991071,0.005622,0.987729,0.983668,0.991669,0.97906,0.992143,24,0.994008,0.992671,0.995515,0.002844,0.993823,0.991767,0.995817,0.989419,0.996056,0.001603,24,0.001553,24,0.517578,24,0.0,24,,0,0.109529,24
13,14,24,False,native,24,0.988537,0.985561,0.990601,0.00504,0.987905,0.984735,0.991797,0.980546,0.99267,24,0.994235,0.992728,0.995278,0.00255,0.993913,0.992309,0.995881,0.990177,0.996321,0.001446,24,0.001644,24,0.515625,24,0.0,24,,0,0.109564,24
13,15,24,False,native,24,0.988162,0.98472,0.990733,0.006012,0.987631,0.98322,0.991729,0.980695,0.992444,24,0.994046,0.992301,0.995345,0.003043,0.993774,0.991539,0.995847,0.990253,0.996208,0.001559,24,0.001519,24,0.541016,24,0.0,24,,0,0.10956,24
13,16,24,False,native,24,0.988724,0.986066,0.990789,0.004723,0.988039,0.983414,0.99212,0.981365,0.992519,24,0.99433,0.992984,0.995373,0.002389,0.993981,0.991638,0.996044,0.990595,0.996245,0.001537,24,0.001623,24,0.515625,24,0.0,24,,0,0.109595,24
13,17,24,False,native,24,0.987825,0.985655,0.99062,0.004965,0.987908,0.983548,0.991977,0.981216,0.993197,24,0.993875,0.992775,0.995288,0.002513,0.993915,0.991706,0.995972,0.990519,0.996587,0.001689,24,0.001628,24,0.542969,24,0.0,24,,0,0.109674,24
13,18,24,False,native,24,0.988724,0.985954,0.990714,0.00476,0.988083,0.983198,0.991842,0.982184,0.993197,24,0.99433,0.992927,0.995335,0.002408,0.994003,0.991528,0.995904,0.991012,0.996587,0.00161,24,0.001618,24,0.498047,24,0.0,24,,0,0.109728,24
13,19,24,False,native,24,0.989175,0.98586,0.990902,0.005042,0.988305,0.983295,0.992045,0.981662,0.992594,24,0.994558,0.99288,0.99543,0.00255,0.994115,0.991577,0.996007,0.990746,0.996283,0.001707,24,0.001648,24,0.496094,24,0.0,24,,0,0.109798,24
13,20,24,False,native,24,0.988125,0.986402,0.990526,0.004124,0.988004,0.983697,0.991593,0.982705,0.992594,24,0.994027,0.993155,0.99524,0.002086,0.993964,0.991782,0.995779,0.991277,0.996283,0.001642,24,0.001639,24,0.537109,24,0.0,24,0.999793,24,0.10985,24
13,21,24,False,native,24,0.988312,0.985393,0.990507,0.005114,0.987955,0.983168,0.992323,0.982407,0.992895,24,0.994122,0.992643,0.995231,0.002588,0.993938,0.991512,0.996147,0.991126,0.996435,0.001737,24,0.001666,24,0.515625,24,0.0,24,,0,0.109885,24
13,22,24,False,native,24,0.988087,0.985935,0.990808,0.004873,0.988239,0.98428,0.992421,0.983377,0.993197,24,0.994008,0.992918,0.995383,0.002465,0.994082,0.992078,0.996196,0.991619,0.996587,0.001668,24,0.001662,24,0.539062,24,0.0,24,,0,0.109938,24
13,23,24,False,native,24,0.988987,0.985785,0.99062,0.004835,0.988127,0.983496,0.992097,0.980844,0.992444,24,0.994463,0.992842,0.995288,0.002446,0.994025,0.991679,0.996033,0.990329,0.996208,0.001699,24,0.00163,24,0.494141,24,0.0,24,,0,0.109996,24
13,24,24,False,native,24,0.989099,0.986271,0.990864,0.004593,0.988388,0.984183,0.991924,0.982258,0.992971,24,0.99452,0.993088,0.995411,0.002323,0.994158,0.992028,0.995946,0.99105,0.996473,0.0017,24,0.001563,24,0.513672,24,0.0,24,,0,0.10999,24
13,25,24,False,native,24,0.988275,0.985374,0.990883,0.005509,0.988095,0.984444,0.991797,0.981886,0.992895,24,0.994103,0.992633,0.995421,0.002787,0.994009,0.992161,0.995881,0.99086,0.996435,0.001629,24,0.001648,24,0.53125,24,0.0,24,,0,0.110041,24
13,26,24,False,native,24,0.989362,0.986515,0.990695,0.004181,0.988329,0.984593,0.99142,0.981216,0.993347,24,0.994653,0.993211,0.995326,0.002114,0.994128,0.992237,0.995692,0.990519,0.996663,0.001729,24,0.001705,24,0.490234,24,0.0,24,,0,0.110064,24
13,27,24,False,native,24,0.988612,0.985636,0.990639,0.005003,0.988041,0.984713,0.99118,0.981216,0.992444,24,0.994273,0.992766,0.995297,0.002531,0.993983,0.992297,0.99557,0.990519,0.996208,0.001759,24,0.001731,24,0.498047,24,0.0,24,,0,0.110101,24
13,28,24,False,native,24,0.98895,0.986309,0.989737,0.003429,0.988038,0.984705,0.991398,0.981067,0.992067,24,0.994444,0.993107,0.994842,0.001735,0.993981,0.992294,0.99568,0.990443,0.996018,0.001744,24,0.001696,24,0.507812,24,0.0,24,,0,0.110147,24
13,29,24,False,native,24,0.988687,0.986047,0.990207,0.00416,0.988026,0.983951,0.991345,0.981216,0.992143,24,0.994311,0.992974,0.995079,0.002105,0.993975,0.991911,0.995654,0.990519,0.996056,0.001715,24,0.00172,24,0.511719,24,0.0,24,,0,0.110184,24
13,30,24,False,native,24,0.988425,0.986458,0.990751,0.004293,0.988067,0.984407,0.991368,0.980026,0.992218,24,0.994179,0.993183,0.995354,0.002171,0.993995,0.992142,0.995665,0.989912,0.996094,0.001752,24,0.001758,24,0.53125,24,0.0,24,0.999793,24,0.110204,24
13,31,24,False,native,24,0.988462,0.987151,0.990282,0.003131,0.987818,0.983787,0.991285,0.978466,0.991691,24,0.994198,0.993534,0.995117,0.001583,0.993869,0.991827,0.995623,0.989116,0.995828,0.001718,24,0.001778,24,0.513672,24,0.0,24,,0,0.110264,24
13,32,24,False,native,24,0.989175,0.987357,0.990395,0.003038,0.988258,0.982959,0.991308,0.981141,0.99267,24,0.994558,0.993638,0.995174,0.001536,0.994092,0.991406,0.995635,0.990481,0.996321,0.001699,24,0.001675,24,0.5,24,0.0,24,,0,0.1103,24
13,33,24,False,native,24,0.989024,0.987226,0.990094,0.002868,0.988157,0.984496,0.991067,0.980472,0.991992,24,0.994482,0.993572,0.995022,0.001451,0.994041,0.992188,0.995514,0.99014,0.99598,0.001711,24,0.001687,24,0.519531,24,0.0,24,,0,0.110327,24
13,34,24,False,native,24,0.988874,0.98702,0.990338,0.003318,0.988216,0.983996,0.990594,0.981513,0.991992,24,0.994406,0.993467,0.995146,0.001678,0.994071,0.991933,0.995275,0.990671,0.99598,0.001779,24,0.001684,24,0.513672,24,0.0,24,,0,0.110346,24
13,35,24,False,native,24,0.989512,0.987469,0.99062,0.003151,0.988542,0.983511,0.99142,0.980397,0.992895,24,0.994728,0.993695,0.995288,0.001593,0.994235,0.991687,0.995692,0.990102,0.996435,0.001721,24,0.001833,24,0.501953,24,0.0,24,,0,0.110366,24
13,36,24,False,native,24,0.989024,0.987113,0.990319,0.003206,0.988306,0.984422,0.991676,0.978466,0.992519,24,0.994482,0.993515,0.995136,0.001621,0.994115,0.99215,0.995821,0.989116,0.996245,0.001738,24,0.001705,24,0.5,24,0.0,24,,0,0.110355,24
13,37,24,False,native,24,0.989175,0.987525,0.990639,0.003113,0.988255,0.983295,0.991699,0.97906,0.992594,24,0.994558,0.993723,0.995297,0.001574,0.99409,0.991577,0.995832,0.989419,0.996283,0.001753,24,0.001764,24,0.492188,24,0.0,24,,0,0.110364,24
13,38,24,False,native,24,0.988762,0.987937,0.990413,0.002476,0.988211,0.984317,0.991045,0.979134,0.992218,24,0.994349,0.993932,0.995184,0.001252,0.994068,0.992096,0.995502,0.989457,0.996094,0.001698,24,0.001754,24,0.513672,24,0.0,24,,0,0.110355,24
13,39,24,False,native,24,0.989175,0.988256,0.989625,0.001369,0.988064,0.984937,0.990714,0.978095,0.99109,24,0.994558,0.994093,0.994785,0.000692,0.993994,0.992411,0.995335,0.988926,0.995525,0.001724,24,0.001684,24,0.505859,24,0.0,24,,0,0.110366,24
13,40,24,False,native,24,0.988874,0.988237,0.989662,0.001425,0.988129,0.984287,0.990496,0.978688,0.991992,24,0.994406,0.994084,0.994804,0.000721,0.994027,0.992081,0.995225,0.989229,0.99598,0.001708,24,0.001705,24,0.509766,24,0.0,24,0.999796,24,0.110348,24
13,41,24,False,native,24,0.988762,0.987937,0.990113,0.002176,0.98812,0.984175,0.990571,0.979877,0.991014,24,0.994349,0.993932,0.995032,0.0011,0.994022,0.992024,0.995263,0.989836,0.995487,0.001609,24,0.001698,24,0.511719,24,0.0,24,,0,0.110321,24
13,42,24,False,native,24,0.98835,0.987769,0.989888,0.002119,0.987806,0.983996,0.990556,0.978169,0.99267,24,0.994141,0.993847,0.994918,0.001071,0.993863,0.991933,0.995256,0.988964,0.996321,0.001752,24,0.001597,24,0.527344,24,0.0,24,,0,0.11029,24
13,43,24,False,native,24,0.989137,0.987207,0.989681,0.002474,0.987939,0.983802,0.991022,0.979654,0.992143,24,0.994539,0.993562,0.994814,0.001252,0.99393,0.991835,0.995491,0.989722,0.996056,0.001583,24,0.001626,24,0.5,24,0.0,24,,0,0.110283,24
13,44,24,False,native,24,0.988424,0.987244,0.989081,0.001836,0.987518,0.983533,0.990406,0.978317,0.992745,24,0.994179,0.993581,0.99451,0.000929,0.993717,0.991698,0.99518,0.98904,0.996359,0.001589,24,0.00156,24,0.537109,24,0.0,24,,0,0.110222,24
13,45,24,False,native,24,0.98835,0.986776,0.989362,0.002586,0.987594,0.983951,0.990714,0.977575,0.991842,24,0.994141,0.993344,0.994653,0.001308,0.993755,0.991911,0.995335,0.98866,0.995904,0.001727,24,0.001574,24,0.521484,24,0.0,24,,0,0.11015,24
13,46,24,False,native,24,0.98805,0.986402,0.988931,0.002528,0.987261,0.983966,0.990083,0.979803,0.990789,24,0.993989,0.993155,0.994435,0.00128,0.993588,0.991918,0.995017,0.989798,0.995373,0.001635,24,0.001419,24,0.539062,24,0.0,24,,0,0.109989,24
13,47,24,False,native,24,0.987413,0.98644,0.988931,0.002491,0.987137,0.984452,0.990278,0.978169,0.991766,24,0.993667,0.993174,0.994435,0.001261,0.993524,0.992165,0.995115,0.988964,0.995866,0.001518,24,0.001454,24,0.556641,24,0.0,24,,0,0.109731,24
13,48,24,False,native,24,0.987937,0.984589,0.989625,0.005035,0.986795,0.982944,0.990316,0.978169,0.990939,24,0.993932,0.992235,0.994785,0.00255,0.993351,0.991399,0.995134,0.988964,0.995449,0.001553,24,0.001508,24,0.560547,24,0.0,24,,0,0.109309,24
13,49,24,False,native,24,0.987113,0.98472,0.989606,0.004886,0.986599,0.981603,0.990564,0.978317,0.991165,24,0.993515,0.992301,0.994776,0.002475,0.993251,0.990716,0.995259,0.98904,0.995563,0.001466,24,0.001502,24,0.560547,24,0.0,24,,0,0.108603,24
14,0,24,False,native,24,0.979691,0.976186,0.982873,0.006687,0.9796,0.97304,0.986447,0.970114,0.990864,24,0.989741,0.987949,0.991363,0.003413,0.989688,0.986336,0.993177,0.98483,0.995411,0.001062,24,0.001084,24,0.759766,24,0.0,24,0.99979,24,0.108484,24
14,1,24,False,native,24,0.980583,0.977186,0.984645,0.007459,0.981033,0.975168,0.986799,0.97417,0.989062,24,0.990196,0.988461,0.992263,0.003802,0.990421,0.987428,0.993356,0.986916,0.994501,0.001133,24,0.001099,24,0.740234,24,0.0,24,,0,0.109046,24
14,2,24,False,native,24,0.983638,0.981495,0.984814,0.003319,0.983003,0.976318,0.987968,0.973727,0.990263,24,0.991751,0.990661,0.992349,0.001688,0.991424,0.988016,0.993947,0.986688,0.995108,0.001122,24,0.001169,24,0.660156,24,0.0,24,,0,0.109022,24
14,3,24,False,native,24,0.984123,0.981942,0.986795,0.004853,0.983549,0.979253,0.988447,0.971366,0.990639,24,0.991998,0.990889,0.993354,0.002465,0.991701,0.989518,0.99419,0.985475,0.995297,0.001208,24,0.001256,24,0.666016,24,0.0,24,,0,0.109041,24
14,4,24,False,native,24,0.984496,0.981849,0.986365,0.004516,0.983695,0.978043,0.988665,0.972545,0.990714,24,0.992188,0.990841,0.993136,0.002294,0.991775,0.988899,0.9943,0.986082,0.995335,0.001277,24,0.001315,24,0.644531,24,0.0,24,,0,0.109032,24
14,5,24,False,native,24,0.984347,0.981923,0.985953,0.00403,0.98389,0.979721,0.989302,0.972914,0.991992,24,0.992112,0.990879,0.992927,0.002048,0.991875,0.989757,0.994622,0.986271,0.99598,0.001213,24,0.001232,24,0.650391,24,0.0,24,,0,0.10915,24
14,6,24,False,native,24,0.984608,0.982053,0.986683,0.004629,0.984128,0.979298,0.989362,0.971808,0.991766,24,0.992244,0.990945,0.993297,0.002351,0.991995,0.98954,0.994653,0.985702,0.995866,0.001253,24,0.001286,24,0.644531,24,0.0,24,,0,0.109273,24
14,7,24,False,native,24,0.985206,0.982743,0.986889,0.004146,0.984345,0.97984,0.989437,0.970703,0.990864,24,0.992548,0.991296,0.993401,0.002105,0.992105,0.989817,0.994691,0.985133,0.995411,0.0013,24,0.00129,24,0.615234,24,0.0,24,,0,0.109306,24
14,8,24,False,native,24,0.986365,0.98319,0.987432,0.004241,0.985239,0.979803,0.990436,0.973505,0.99267,24,0.993136,0.991524,0.993676,0.002152,0.992559,0.989798,0.995195,0.986575,0.996321,0.001343,24,0.0013,24,0.601562,24,0.0,24,,0,0.109323,24
14,9,24,False,native,24,0.986515,0.983545,0.988275,0.00473,0.985517,0.98094,0.990398,0.974613,0.991766,24,0.993211,0.991704,0.994103,0.002399,0.992701,0.990378,0.995176,0.987144,0.995866,0.001295,24,0.001366,24,0.591797,24,0.0,24,,0,0.109308,24
14,10,24,False,native,24,0.986515,0.982724,0.987506,0.004782,0.985178,0.979402,0.98994,0.974466,0.991541,24,0.993211,0.991287,0.993714,0.002427,0.992529,0.989593,0.994945,0.987068,0.995752,0.001406,24,0.001379,24,0.597656,24,0.0,24,0.999835,24,0.109266,24
14,11,24,False,native,24,0.985916,0.983079,0.988443,0.005365,0.985429,0.980145,0.990083,0.976167,0.991466,24,0.992908,0.991467,0.994188,0.002721,0.992657,0.989973,0.995017,0.98794,0.995715,0.001366,24,0.001392,24,0.623047,24,0.0,24,,0,0.109285,24
14,12,24,False,native,24,0.986851,0.98196,0.988781,0.00682,0.985476,0.979988,0.990143,0.97713,0.99139,24,0.993382,0.990898,0.994359,0.003461,0.992681,0.989893,0.995047,0.988433,0.995677,0.001339,24,0.001384,24,0.585938,24,0.0,24,,0,0.109263,24
14,13,24,False,native,24,0.986664,0.983526,0.9891,0.005573,0.985896,0.980323,0.990541,0.978688,0.99139,24,0.993287,0.991694,0.99452,0.002825,0.992894,0.990064,0.995248,0.989229,0.995677,0.001444,24,0.00142,24,0.574219,24,0.0,24,,0,0.109231,24
14,14,24,False,native,24,0.986814,0.984272,0.989212,0.00494,0.986253,0.981089,0.990218,0.979282,0.99124,24,0.993363,0.992074,0.994577,0.002503,0.993076,0.990454,0.995085,0.989533,0.995601,0.001285,24,0.001392,24,0.59375,24,0.0,24,,0,0.109199,24
14,15,24,False,native,24,0.987001,0.983172,0.989981,0.00681,0.986241,0.980621,0.990421,0.978911,0.99139,24,0.993458,0.991514,0.994965,0.003451,0.993069,0.990215,0.995187,0.989343,0.995677,0.001486,24,0.001398,24,0.582031,24,0.0,24,,0,0.109224,24
14,16,24,False,native,24,0.986739,0.983358,0.989325,0.005967,0.986051,0.980844,0.990226,0.979208,0.991616,24,0.993325,0.991609,0.994634,0.003024,0.992973,0.990329,0.995089,0.989495,0.99579,0.001428,24,0.001479,24,0.585938,24,0.0,24,,0,0.1092,24
14,17,24,False,native,24,0.986739,0.982445,0.988799,0.006355,0.98623,0.981625,0.990271,0.980769,0.99109,24,0.993325,0.991145,0.994368,0.003224,0.993065,0.990727,0.995111,0.990291,0.995525,0.001376,24,0.001373,24,0.585938,24,0.0,24,,0,0.109173,24
14,18,24,False,native,24,0.987488,0.983507,0.988968,0.005461,0.986457,0.982102,0.990195,0.981216,0.991766,24,0.993704,0.991685,0.994454,0.002769,0.99318,0.99097,0.995074,0.990519,0.995866,0.001414,24,0.001465,24,0.5625,24,0.0,24,,0,0.109139,24
14,19,24,False,native,24,0.987076,0.983283,0.989175,0.005891,0.98656,0.982452,0.990827,0.980769,0.991917,24,0.993496,0.991571,0.994558,0.002987,0.993232,0.991148,0.995392,0.990291,0.995942,0.001403,24,0.00145,24,0.578125,24,0.0,24,,0,0.109112,24
14,20,24,False,native,24,0.987151,0.983358,0.989062,0.005704,0.986414,0.981886,0.989858,0.980323,0.99124,24,0.993534,0.991609,0.994501,0.002892,0.993158,0.99086,0.994903,0.990064,0.995601,0.001478,24,0.001463,24,0.589844,24,0.0,24,0.999829,24,0.109085,24
14,21,24,False,native,24,0.987113,0.98375,0.989062,0.005312,0.986492,0.981506,0.990518,0.98062,0.990939,24,0.993515,0.991808,0.994501,0.002693,0.993197,0.990667,0.995237,0.990215,0.995449,0.001405,24,0.001475,24,0.566406,24,0.0,24,,0,0.109032,24
14,22,24,False,native,24,0.98745,0.984123,0.989662,0.00554,0.986566,0.981826,0.99012,0.981365,0.990939,24,0.993686,0.991998,0.994804,0.002806,0.993235,0.99083,0.995036,0.990595,0.995449,0.001343,24,0.001459,24,0.558594,24,0.0,24,,0,0.109016,24
14,23,24,False,native,24,0.987226,0.984216,0.989456,0.00524,0.986407,0.981186,0.989617,0.979877,0.991014,24,0.993572,0.992045,0.9947,0.002655,0.993155,0.990504,0.994782,0.989836,0.995487,0.001539,24,0.001449,24,0.572266,24,0.0,24,,0,0.108994,24
14,24,24,False,native,24,0.987188,0.983694,0.989287,0.005593,0.986358,0.98196,0.989843,0.979208,0.990939,24,0.993553,0.99178,0.994615,0.002835,0.993129,0.990898,0.994895,0.989495,0.995449,0.001445,24,0.001402,24,0.564453,24,0.0,24,,0,0.108973,24
14,25,24,False,native,24,0.986627,0.984141,0.988762,0.00462,0.98618,0.981037,0.99003,0.980174,0.990714,24,0.993268,0.992007,0.994349,0.002342,0.993039,0.990428,0.99499,0.989988,0.995335,0.001339,24,0.001374,24,0.582031,24,0.0,24,,0,0.108986,24
14,26,24,False,native,24,0.986851,0.983339,0.989531,0.006192,0.986299,0.981528,0.990263,0.980026,0.991541,24,0.993382,0.9916,0.994738,0.003138,0.993099,0.990678,0.995108,0.989912,0.995752,0.001354,24,0.001411,24,0.597656,24,0.0,24,,0,0.108943,24
14,27,24,False,native,24,0.986776,0.984067,0.989343,0.005277,0.98656,0.981878,0.990488,0.9801,0.991315,24,0.993344,0.991969,0.994643,0.002674,0.993232,0.990856,0.995221,0.98995,0.995639,0.001398,24,0.001281,24,0.582031,24,0.0,24,,0,0.108942,24
14,28,24,False,native,24,0.986402,0.983153,0.989099,0.005947,0.986201,0.981856,0.989978,0.981439,0.99109,24,0.993155,0.991505,0.99452,0.003015,0.99305,0.990845,0.994964,0.990633,0.995525,0.001394,24,0.001409,24,0.587891,24,0.0,24,,0,0.108932,24
14,29,24,False,native,24,0.986402,0.983638,0.989175,0.005537,0.986186,0.982154,0.989925,0.980844,0.990714,24,0.993155,0.991751,0.994558,0.002806,0.993042,0.990997,0.994937,0.990329,0.995335,0.001336,24,0.001372,24,0.597656,24,0.0,24,,0,0.10895,24
14,30,24,False,native,24,0.986664,0.983451,0.989156,0.005705,0.986279,0.981864,0.989565,0.980844,0.990413,24,0.993287,0.991657,0.994548,0.002892,0.99309,0.990849,0.994755,0.990329,0.995184,0.001454,24,0.001418,24,0.580078,24,0.0,24,0.999826,24,0.108931,24
14,31,24,False,native,24,0.98745,0.983227,0.988912,0.005684,0.98632,0.982199,0.990143,0.979728,0.990789,24,0.993686,0.991543,0.994425,0.002882,0.99311,0.991019,0.995047,0.98976,0.995373,0.001379,24,0.001416,24,0.548828,24,0.0,24,,0,0.108922,24
14,32,24,False,native,24,0.987188,0.982575,0.988968,0.006393,0.986251,0.981983,0.989993,0.980546,0.990413,24,0.993553,0.991211,0.994454,0.003243,0.993076,0.990909,0.994971,0.990177,0.995184,0.001371,24,0.00134,24,0.556641,24,0.0,24,,0,0.108953,24
14,33,24,False,native,24,0.987226,0.983488,0.988612,0.005123,0.986406,0.983153,0.989655,0.981886,0.990263,24,0.993572,0.991676,0.994273,0.002598,0.993155,0.991505,0.994801,0.99086,0.995108,0.001392,24,0.001407,24,0.572266,24,0.0,24,,0,0.108975,24
14,34,24,False,native,24,0.987263,0.98347,0.989231,0.005761,0.986551,0.982363,0.990601,0.980918,0.991315,24,0.993591,0.991666,0.994586,0.00292,0.993227,0.991103,0.995278,0.990367,0.995639,0.001418,24,0.001413,24,0.560547,24,0.0,24,,0,0.109029,24
14,35,24,False,native,24,0.987151,0.983004,0.989475,0.006471,0.986463,0.982601,0.989865,0.98062,0.990789,24,0.993534,0.991429,0.994709,0.00328,0.993183,0.991224,0.994907,0.990215,0.995373,0.001455,24,0.001429,24,0.558594,24,0.0,24,,0,0.109051,24
14,36,24,False,native,24,0.986852,0.982258,0.989212,0.006954,0.986012,0.981275,0.98949,0.980844,0.990488,24,0.993382,0.99105,0.994577,0.003527,0.992954,0.990549,0.994717,0.990329,0.995221,0.001378,24,0.001389,24,0.568359,24,0.0,24,,0,0.10914,24
14,37,24,False,native,24,0.987151,0.983974,0.988631,0.004657,0.986457,0.981744,0.990008,0.981216,0.99109,24,0.993534,0.991922,0.994283,0.002361,0.99318,0.990788,0.994979,0.990519,0.995525,0.001407,24,0.001327,24,0.560547,24,0.0,24,,0,0.109216,24
14,38,24,False,native,24,0.986889,0.983097,0.989006,0.005909,0.986093,0.981759,0.989437,0.981067,0.990714,24,0.993401,0.991476,0.994472,0.002996,0.992995,0.990796,0.994691,0.990443,0.995335,0.001353,24,0.001382,24,0.560547,24,0.0,24,,0,0.10931,24
14,39,24,False,native,24,0.985729,0.983395,0.989024,0.005629,0.986174,0.981923,0.99009,0.981141,0.990714,24,0.992813,0.991628,0.994482,0.002854,0.993036,0.990879,0.99502,0.990481,0.995335,0.001491,24,0.001369,24,0.597656,24,0.0,24,,0,0.109398,24
14,40,24,False,native,24,0.987039,0.983843,0.988762,0.004919,0.986441,0.982631,0.989797,0.980397,0.991541,24,0.993477,0.991856,0.994349,0.002494,0.993172,0.991239,0.994873,0.990102,0.995752,0.001373,24,0.001401,24,0.568359,24,0.0,24,0.999816,24,0.109409,24
14,41,24,False,native,24,0.986664,0.984216,0.988706,0.00449,0.986289,0.982795,0.989918,0.979728,0.990564,24,0.993287,0.992045,0.994321,0.002275,0.993095,0.991323,0.994933,0.98976,0.995259,0.001376,24,0.001307,24,0.585938,24,0.0,24,,0,0.109435,24
14,42,24,False,native,24,0.986851,0.983488,0.989362,0.005874,0.986324,0.983078,0.989918,0.978169,0.99124,24,0.993382,0.991676,0.994653,0.002977,0.993112,0.991467,0.994933,0.988964,0.995601,0.00129,24,0.001426,24,0.570312,24,0.0,24,,0,0.109463,24
14,43,24,False,native,24,0.987263,0.983638,0.989156,0.005518,0.986298,0.982922,0.98952,0.97958,0.990789,24,0.993591,0.991751,0.994548,0.002797,0.993099,0.991387,0.994732,0.989684,0.995373,0.001356,24,0.001418,24,0.560547,24,0.0,24,,0,0.109469,24
14,44,24,False,native,24,0.987113,0.983116,0.989325,0.006209,0.986115,0.982139,0.989963,0.979357,0.990488,24,0.993515,0.991486,0.994634,0.003148,0.993006,0.990989,0.994956,0.989571,0.995221,0.00142,24,0.001464,24,0.564453,24,0.0,24,,0,0.109595,24
14,45,24,False,native,24,0.986589,0.983097,0.989719,0.006622,0.986191,0.982027,0.990781,0.978614,0.992143,24,0.993249,0.991476,0.994833,0.003356,0.993044,0.990932,0.995369,0.989191,0.996056,0.001331,24,0.001325,24,0.591797,24,0.0,24,,0,0.109715,24
14,46,24,False,native,24,0.986253,0.98306,0.989963,0.006903,0.986203,0.98164,0.990676,0.979431,0.991014,24,0.993079,0.991457,0.994956,0.003499,0.99305,0.990735,0.995316,0.989609,0.995487,0.001367,24,0.001363,24,0.595703,24,0.0,24,,0,0.109836,24
14,47,24,False,native,24,0.985991,0.983656,0.990169,0.006513,0.986323,0.98138,0.991202,0.978911,0.992293,24,0.992946,0.991761,0.99506,0.003299,0.99311,0.990602,0.995582,0.989343,0.996132,0.001424,24,0.001357,24,0.605469,24,0.0,24,,0,0.110045,24
14,48,24,False,native,24,0.985766,0.983283,0.989681,0.006398,0.985897,0.98071,0.990699,0.977575,0.992368,24,0.992832,0.991571,0.994814,0.003243,0.992894,0.990261,0.995328,0.98866,0.99617,0.001383,24,0.001307,24,0.619141,24,0.0,24,,0,0.110104,24
14,49,24,False,native,24,0.986103,0.982482,0.989888,0.007406,0.985284,0.97949,0.991067,0.971439,0.992519,24,0.993003,0.991164,0.994918,0.003755,0.992579,0.989639,0.995514,0.985513,0.996245,0.001446,24,0.001405,24,0.617188,24,0.0,24,,0,0.109773,24
15,0,24,False,native,24,0.974983,0.970666,0.97997,0.009304,0.975293,0.964946,0.986799,0.962051,0.989737,24,0.987333,0.985115,0.989884,0.004769,0.987477,0.98216,0.993356,0.980658,0.994842,0.000902,24,0.00097,24,0.839844,24,0.0,24,0.999636,24,0.10804,24
15,1,24,False,native,24,0.974392,0.970537,0.982426,0.011889,0.975692,0.967893,0.986125,0.960956,0.988012,24,0.98703,0.985048,0.991135,0.006087,0.987681,0.983685,0.993014,0.98009,0.99397,0.000935,24,0.00094,24,0.830078,24,0.0,24,,0,0.108587,24
15,2,24,False,native,24,0.978391,0.975686,0.98558,0.009893,0.979126,0.970541,0.987166,0.965854,0.988762,24,0.989078,0.987693,0.992737,0.005044,0.989441,0.98505,0.993541,0.98263,0.994349,0.001091,24,0.001083,24,0.775391,24,0.0,24,,0,0.108059,24
15,3,24,False,native,24,0.980026,0.975298,0.986776,0.011478,0.979555,0.968004,0.98874,0.962197,0.989587,24,0.989912,0.987494,0.993344,0.00585,0.989656,0.983742,0.994338,0.980734,0.994766,0.001092,24,0.001242,24,0.736328,24,0.0,24,,0,0.108185,24
15,4,24,False,native,24,0.982184,0.97589,0.986272,0.010381,0.98008,0.968939,0.98844,0.959208,0.989812,24,0.991012,0.987798,0.993088,0.005291,0.989923,0.984223,0.994186,0.979179,0.99488,0.001166,24,0.001106,24,0.691406,24,0.0,24,,0,0.108063,24
15,5,24,False,native,24,0.982109,0.978411,0.985561,0.00715,0.980465,0.972332,0.987982,0.958262,0.988762,24,0.990974,0.989087,0.992728,0.003641,0.990122,0.985972,0.993955,0.978686,0.994349,0.001261,24,0.001218,24,0.689453,24,0.0,24,,0,0.108086,24
15,6,24,False,native,24,0.982743,0.978003,0.986234,0.008231,0.981041,0.973395,0.988395,0.959936,0.990714,24,0.991296,0.988879,0.993069,0.004191,0.990416,0.986518,0.994163,0.979559,0.995335,0.001202,24,0.001211,24,0.673828,24,0.0,24,,0,0.107996,24
15,7,24,False,native,24,0.983712,0.977538,0.985337,0.007798,0.981447,0.974547,0.987518,0.963219,0.990413,24,0.991789,0.988642,0.992614,0.003973,0.990625,0.987109,0.99372,0.981265,0.995184,0.001327,24,0.001311,24,0.666016,24,0.0,24,,0,0.107989,24
15,8,24,False,native,24,0.983265,0.97906,0.985841,0.006782,0.98147,0.973684,0.989168,0.959135,0.990263,24,0.991562,0.989419,0.99287,0.003451,0.990634,0.986666,0.994554,0.979141,0.995108,0.001307,24,0.001178,24,0.666016,24,0.0,24,,0,0.107987,24
15,9,24,False,native,24,0.983414,0.979636,0.98444,0.004805,0.981948,0.976108,0.988694,0.964536,0.990413,24,0.991638,0.989713,0.992159,0.002446,0.990882,0.98791,0.994315,0.981948,0.995184,0.001234,24,0.001257,24,0.671875,24,0.0,24,,0,0.107985,24
15,10,24,False,native,24,0.982892,0.980677,0.985262,0.004585,0.98185,0.974792,0.98922,0.963658,0.990188,24,0.991372,0.990244,0.992576,0.002332,0.990832,0.987235,0.994581,0.981493,0.99507,0.001161,24,0.001268,24,0.666016,24,0.0,24,0.999766,24,0.107931,24
15,11,24,False,native,24,0.982743,0.97997,0.986103,0.006133,0.981927,0.975094,0.989347,0.963366,0.990564,24,0.991296,0.989884,0.993003,0.003119,0.99087,0.98739,0.994645,0.981341,0.995259,0.001226,24,0.00117,24,0.662109,24,0.0,24,,0,0.10788,24
15,12,24,False,native,24,0.98319,0.9809,0.985262,0.004363,0.982415,0.976775,0.989685,0.965634,0.990639,24,0.991524,0.990358,0.992576,0.002219,0.991121,0.988251,0.994816,0.982517,0.995297,0.001253,24,0.001263,24,0.681641,24,0.0,24,,0,0.107841,24
15,13,24,False,native,24,0.983489,0.98049,0.986346,0.005856,0.982872,0.976968,0.989662,0.970114,0.990413,24,0.991676,0.990149,0.993126,0.002977,0.991355,0.98835,0.994804,0.98483,0.995184,0.001219,24,0.0012,24,0.681641,24,0.0,24,,0,0.107761,24
15,14,24,False,native,24,0.983265,0.980267,0.985262,0.004995,0.982454,0.976982,0.98967,0.967247,0.990338,24,0.991562,0.990035,0.992576,0.002541,0.991141,0.988357,0.994808,0.983351,0.995146,0.001243,24,0.001269,24,0.667969,24,0.0,24,,0,0.107664,24
15,15,24,False,native,24,0.982706,0.979561,0.987712,0.008151,0.982842,0.977546,0.989828,0.969378,0.99139,24,0.991277,0.989675,0.993818,0.004143,0.991339,0.988645,0.994888,0.984451,0.995677,0.001249,24,0.001232,24,0.679688,24,0.0,24,,0,0.107619,24
15,16,24,False,native,24,0.983451,0.978466,0.986328,0.007862,0.982888,0.976953,0.990008,0.971218,0.991917,24,0.991657,0.989116,0.993117,0.004001,0.991363,0.988342,0.994979,0.985399,0.995942,0.001224,24,0.00128,24,0.652344,24,0.0,24,,0,0.107563,24
15,17,24,False,native,24,0.983488,0.978948,0.985767,0.006818,0.98283,0.977271,0.989715,0.968055,0.991616,24,0.991676,0.989362,0.992832,0.00347,0.991333,0.988505,0.994831,0.983768,0.99579,0.001332,24,0.001223,24,0.650391,24,0.0,24,,0,0.107514,24
15,18,24,False,native,24,0.983675,0.979487,0.986477,0.006991,0.982803,0.976797,0.98925,0.971882,0.991315,24,0.99177,0.989637,0.993193,0.003555,0.99132,0.988262,0.994596,0.98574,0.995639,0.001251,24,0.001251,24,0.654297,24,0.0,24,,0,0.107486,24
15,19,24,False,native,24,0.983899,0.979431,0.986777,0.007345,0.983188,0.976152,0.98916,0.970776,0.99124,24,0.991884,0.989609,0.993344,0.003736,0.991516,0.987932,0.99455,0.985171,0.995601,0.001241,24,0.001296,24,0.65625,24,0.0,24,,0,0.107468,24
15,20,24,False,native,24,0.984533,0.978447,0.987413,0.008966,0.983374,0.975827,0.989565,0.975575,0.991766,24,0.992206,0.989106,0.993667,0.00456,0.991611,0.987765,0.994755,0.987637,0.995866,0.001302,24,0.001344,24,0.640625,24,0.0,24,0.999777,24,0.107444,24
15,21,24,False,native,24,0.984832,0.979412,0.986664,0.007252,0.983402,0.975457,0.98943,0.974318,0.991315,24,0.992358,0.989599,0.993287,0.003688,0.991625,0.987576,0.994687,0.986992,0.995639,0.001283,24,0.00133,24,0.630859,24,0.0,24,,0,0.107391,24
15,22,24,False,native,24,0.984048,0.978633,0.987319,0.008687,0.983308,0.975242,0.990414,0.97417,0.991541,24,0.99196,0.989201,0.993619,0.004418,0.991576,0.987466,0.995184,0.986916,0.995752,0.001381,24,0.001245,24,0.636719,24,0.0,24,,0,0.107358,24
15,23,24,False,native,24,0.984608,0.979581,0.98629,0.00671,0.983294,0.975139,0.989715,0.9738,0.990864,24,0.992244,0.989684,0.993098,0.003413,0.99157,0.987413,0.994831,0.986726,0.995411,0.001326,24,0.001252,24,0.646484,24,0.0,24,,0,0.107277,24
15,24,24,False,native,24,0.984422,0.978893,0.98672,0.007827,0.983122,0.974614,0.989662,0.973062,0.991315,24,0.99215,0.989334,0.993316,0.003982,0.991481,0.987144,0.994804,0.986347,0.995639,0.001358,24,0.001357,24,0.626953,24,0.0,24,,0,0.107251,24
15,25,24,False,native,24,0.984496,0.97971,0.987132,0.007422,0.983192,0.974939,0.98964,0.97166,0.992444,24,0.992188,0.989751,0.993524,0.003774,0.991516,0.98731,0.994793,0.985627,0.996208,0.001284,24,0.001354,24,0.642578,24,0.0,24,,0,0.107185,24
15,26,24,False,native,24,0.985206,0.979544,0.986795,0.007252,0.98328,0.975398,0.988972,0.972545,0.991541,24,0.992548,0.989666,0.993354,0.003688,0.991562,0.987546,0.994455,0.986082,0.995752,0.001365,24,0.001304,24,0.619141,24,0.0,24,,0,0.107123,24
15,27,24,False,native,24,0.984645,0.979451,0.987301,0.00785,0.982992,0.974274,0.989355,0.970923,0.990789,24,0.992263,0.989618,0.99361,0.003992,0.991415,0.986969,0.994649,0.985247,0.995373,0.001341,24,0.00138,24,0.640625,24,0.0,24,,0,0.107088,24
15,28,24,False,native,24,0.984758,0.979896,0.987563,0.007667,0.983344,0.973971,0.98931,0.970923,0.991992,24,0.99232,0.989846,0.993742,0.003897,0.991593,0.986814,0.994626,0.985247,0.99598,0.001427,24,0.001365,24,0.609375,24,0.0,24,,0,0.107018,24
15,29,24,False,native,24,0.98487,0.980472,0.986982,0.00651,0.983206,0.973298,0.9897,0.970923,0.991165,24,0.992377,0.99014,0.993448,0.003309,0.991524,0.986468,0.994823,0.985247,0.995563,0.001262,24,0.001318,24,0.638672,24,0.0,24,,0,0.106913,24
15,30,24,False,native,24,0.98558,0.980734,0.98687,0.006136,0.983501,0.974089,0.989535,0.973283,0.99109,24,0.992737,0.990272,0.993392,0.003119,0.991674,0.986874,0.99474,0.986461,0.995525,0.00131,24,0.00131,24,0.595703,24,0.0,24,0.999775,24,0.106815,24
15,31,24,False,native,24,0.985505,0.979357,0.986066,0.006709,0.982904,0.972619,0.989437,0.971439,0.992368,24,0.992699,0.989571,0.992984,0.003413,0.991369,0.98612,0.994691,0.985513,0.99617,0.001281,24,0.001336,24,0.613281,24,0.0,24,,0,0.106715,24
15,32,24,False,native,24,0.985617,0.979672,0.986664,0.006992,0.983038,0.972841,0.988612,0.970555,0.991616,24,0.992756,0.989732,0.993287,0.003555,0.991437,0.986233,0.994273,0.985058,0.99579,0.001315,24,0.001259,24,0.607422,24,0.0,24,,0,0.106653,24
15,33,24,False,native,24,0.985094,0.978985,0.987076,0.008091,0.982776,0.971189,0.989475,0.97004,0.99139,24,0.992491,0.989381,0.993496,0.004115,0.991303,0.985384,0.994709,0.984792,0.995677,0.001377,24,0.001385,24,0.611328,24,0.0,24,,0,0.106596,24
15,34,24,False,native,24,0.985094,0.97945,0.986514,0.007065,0.982708,0.970033,0.98913,0.969819,0.991842,24,0.992491,0.989618,0.993211,0.003593,0.991268,0.984788,0.994535,0.984678,0.995904,0.001337,24,0.001338,24,0.615234,24,0.0,24,,0,0.106521,24
15,35,24,False,native,24,0.984944,0.978651,0.986234,0.007583,0.982568,0.969959,0.98934,0.967908,0.992745,24,0.992415,0.98921,0.993069,0.003859,0.991195,0.98475,0.994641,0.983692,0.996359,0.001301,24,0.001275,24,0.628906,24,0.0,24,,0,0.106448,24
15,36,24,False,native,24,0.985542,0.980397,0.986384,0.005986,0.982581,0.969407,0.989738,0.967981,0.992143,24,0.992718,0.990102,0.993145,0.003043,0.991201,0.984466,0.994842,0.98373,0.996056,0.001255,24,0.001317,24,0.623047,24,0.0,24,,0,0.106351,24
15,37,24,False,native,24,0.984347,0.979264,0.98644,0.007176,0.982153,0.968863,0.990399,0.967247,0.99124,24,0.992112,0.989523,0.993174,0.00365,0.990983,0.984185,0.995176,0.983351,0.995601,0.001209,24,0.001198,24,0.652344,24,0.0,24,,0,0.106323,24
15,38,24,False,native,24,0.985056,0.981253,0.986477,0.005224,0.982595,0.969841,0.989265,0.968202,0.991014,24,0.992472,0.990538,0.993193,0.002655,0.991209,0.98469,0.994603,0.983844,0.995487,0.001263,24,0.001263,24,0.636719,24,0.0,24,,0,0.106256,24
15,39,24,False,native,24,0.984309,0.980174,0.986159,0.005985,0.982139,0.969422,0.989513,0.966954,0.992067,24,0.992093,0.989988,0.993031,0.003043,0.990977,0.984474,0.994728,0.983199,0.996018,0.001238,24,0.001265,24,0.642578,24,0.0,24,,0,0.106136,24
15,40,24,False,native,24,0.984496,0.979505,0.986926,0.007421,0.98178,0.967644,0.988342,0.966367,0.99124,24,0.992188,0.989647,0.99342,0.003774,0.990792,0.983556,0.994137,0.982896,0.995601,0.001242,24,0.001324,24,0.642578,24,0.0,24,0.999794,24,0.106107,24
15,41,24,False,native,24,0.984944,0.97932,0.986514,0.007195,0.98157,0.966829,0.988739,0.964829,0.992895,24,0.992415,0.989552,0.993211,0.00366,0.990683,0.983135,0.994338,0.9821,0.996435,0.001211,24,0.001234,24,0.632812,24,0.0,24,,0,0.106053,24
15,42,24,False,native,24,0.985131,0.978503,0.986889,0.008386,0.981735,0.966367,0.989137,0.965634,0.991691,24,0.99251,0.989135,0.993401,0.004267,0.990767,0.982896,0.994539,0.982517,0.995828,0.001208,24,0.001269,24,0.644531,24,0.0,24,,0,0.106032,24
15,43,24,False,native,24,0.985355,0.978206,0.986851,0.008645,0.981614,0.965313,0.989017,0.963512,0.991165,24,0.992624,0.988983,0.993382,0.004399,0.990704,0.98235,0.994478,0.981417,0.995563,0.001227,24,0.00122,24,0.630859,24,0.0,24,,0,0.106088,24
15,44,24,False,native,24,0.984608,0.978707,0.986103,0.007396,0.981237,0.966859,0.987623,0.96227,0.991766,24,0.992244,0.989239,0.993003,0.003764,0.990512,0.98315,0.993773,0.980772,0.995866,0.001206,24,0.001194,24,0.636719,24,0.0,24,,0,0.106108,24
15,45,24,False,native,24,0.984496,0.9788,0.986066,0.007266,0.981371,0.966272,0.98967,0.960956,0.991766,24,0.992188,0.989286,0.992984,0.003698,0.990579,0.982847,0.994808,0.98009,0.995866,0.001191,24,0.001192,24,0.640625,24,0.0,24,,0,0.106195,24
15,46,24,False,native,24,0.984907,0.980918,0.98702,0.006102,0.981696,0.965143,0.988387,0.960519,0.991466,24,0.992396,0.990367,0.993467,0.0031,0.990743,0.982263,0.99416,0.979862,0.995715,0.001133,24,0.00125,24,0.615234,24,0.0,24,,0,0.106293,24
15,47,24,False,native,24,0.985281,0.98129,0.986833,0.005542,0.981552,0.965847,0.988927,0.958553,0.991165,24,0.992586,0.990557,0.993373,0.002816,0.990669,0.982627,0.994433,0.978838,0.995563,0.001193,24,0.001192,24,0.625,24,0.0,24,,0,0.106466,24
15,48,24,False,native,24,0.984347,0.98116,0.987506,0.006346,0.981715,0.966279,0.98922,0.960592,0.990263,24,0.992112,0.99049,0.993714,0.003224,0.990754,0.98285,0.994581,0.9799,0.995108,0.001179,24,0.001203,24,0.632812,24,0.0,24,,0,0.106626,24
15,49,24,False,native,24,0.985542,0.980272,0.986758,0.006486,0.981154,0.965444,0.988147,0.959645,0.989888,24,0.992718,0.990035,0.993335,0.003299,0.990467,0.982418,0.994038,0.979407,0.994918,0.001153,24,0.001136,24,0.625,24,0.0,24,,0,0.10681,24
16,0,24,False,native,24,0.978577,0.969507,0.983824,0.014317,0.976144,0.964799,0.987121,0.954778,0.990338,24,0.989172,0.984517,0.991846,0.007329,0.987905,0.982084,0.993519,0.976866,0.995146,0.001026,24,0.001021,24,0.789062,24,0.0,24,0.999689,24,0.108138,24
16,1,24,False,native,24,0.976948,0.967193,0.984627,0.017434,0.975966,0.962642,0.987847,0.95899,0.988762,24,0.988338,0.983323,0.992254,0.008931,0.987814,0.980966,0.993887,0.979066,0.994349,0.000989,24,0.000981,24,0.791016,24,0.0,24,,0,0.108744,24
16,2,24,False,native,24,0.977501,0.972859,0.984085,0.011227,0.977675,0.96657,0.986403,0.963,0.990413,24,0.988623,0.986243,0.991979,0.005736,0.988697,0.982998,0.993155,0.981151,0.995184,0.001049,24,0.001005,24,0.779297,24,0.0,24,,0,0.108465,24
16,3,24,False,native,24,0.97828,0.975372,0.9836,0.008229,0.978363,0.970991,0.985049,0.9603,0.990263,24,0.989021,0.987532,0.991732,0.0042,0.989051,0.985281,0.992468,0.979748,0.995108,0.001068,24,0.001101,24,0.78125,24,0.0,24,,0,0.108828,24
16,4,24,False,native,24,0.98036,0.977631,0.982519,0.004888,0.979346,0.973352,0.984145,0.961978,0.991992,24,0.990083,0.988689,0.991182,0.002494,0.989555,0.986495,0.992009,0.98062,0.99598,0.001073,24,0.001081,24,0.736328,24,0.0,24,,0,0.108756,24
16,5,24,False,native,24,0.980695,0.977983,0.983936,0.005953,0.980116,0.975205,0.985565,0.962927,0.990188,24,0.990253,0.988869,0.991903,0.003034,0.989948,0.987447,0.99273,0.981113,0.99507,0.001177,24,0.001133,24,0.726562,24,0.0,24,,0,0.108896,24
16,6,24,False,native,24,0.981514,0.979338,0.983992,0.004654,0.980683,0.97599,0.984937,0.96417,0.990789,24,0.990671,0.989561,0.991932,0.00237,0.990239,0.987849,0.992411,0.981758,0.995373,0.001184,24,0.001171,24,0.708984,24,0.0,24,,0,0.108924,24
16,7,24,False,native,24,0.981849,0.979505,0.983209,0.003704,0.980912,0.975398,0.985572,0.965707,0.990413,24,0.990841,0.989647,0.991533,0.001887,0.990356,0.987546,0.992734,0.982555,0.995184,0.001198,24,0.001197,24,0.710938,24,0.0,24,,0,0.10899,24
16,8,24,False,native,24,0.981662,0.979672,0.983544,0.003872,0.980884,0.974488,0.985804,0.965927,0.990488,24,0.990746,0.989732,0.991704,0.001972,0.990342,0.987079,0.992851,0.982668,0.995221,0.001192,24,0.001203,24,0.695312,24,0.0,24,,0,0.109033,24
16,9,24,False,native,24,0.981923,0.980546,0.983563,0.003017,0.981314,0.975997,0.985094,0.968937,0.989888,24,0.990879,0.990177,0.991713,0.001536,0.990563,0.987853,0.992491,0.984223,0.994918,0.00125,24,0.001188,24,0.685547,24,0.0,24,,0,0.10909,24
16,10,24,False,native,24,0.982296,0.981439,0.98347,0.002031,0.981442,0.975242,0.985453,0.96666,0.990263,24,0.991069,0.990633,0.991666,0.001033,0.990628,0.987466,0.992673,0.983048,0.995108,0.001257,24,0.00117,24,0.6875,24,0.0,24,0.999769,24,0.109145,24
16,11,24,False,native,24,0.982184,0.980137,0.983302,0.003165,0.981471,0.97599,0.98472,0.969157,0.990789,24,0.991012,0.989969,0.991581,0.001612,0.990644,0.987849,0.992301,0.984337,0.995373,0.001232,24,0.00118,24,0.701172,24,0.0,24,,0,0.10918,24
16,12,24,False,native,24,0.982221,0.980583,0.98375,0.003166,0.981965,0.976627,0.98537,0.972914,0.990413,24,0.991031,0.990196,0.991808,0.001612,0.990896,0.988175,0.992631,0.986271,0.995184,0.001262,24,0.001204,24,0.6875,24,0.0,24,,0,0.10924,24
16,13,24,False,native,24,0.98237,0.980081,0.982948,0.002866,0.981692,0.975294,0.985423,0.973357,0.990939,24,0.991107,0.98994,0.991401,0.00146,0.990757,0.987492,0.992658,0.986499,0.995449,0.001245,24,0.001238,24,0.708984,24,0.0,24,,0,0.109306,24
16,14,24,False,native,24,0.983153,0.980751,0.983675,0.002924,0.982367,0.97742,0.985572,0.975131,0.989963,24,0.991505,0.990282,0.99177,0.001489,0.991102,0.988581,0.992734,0.987409,0.994956,0.001204,24,0.001195,24,0.679688,24,0.0,24,,0,0.109355,24
16,15,24,False,native,24,0.982631,0.98077,0.983414,0.002644,0.981943,0.97713,0.984571,0.974983,0.988762,24,0.991239,0.990291,0.991638,0.001346,0.990887,0.988433,0.992225,0.987333,0.994349,0.001255,24,0.001275,24,0.691406,24,0.0,24,,0,0.10937,24
16,16,24,False,native,24,0.982556,0.980992,0.983899,0.002906,0.982165,0.976834,0.984974,0.975205,0.989662,24,0.991201,0.990405,0.991884,0.001479,0.990999,0.988281,0.99243,0.987447,0.994804,0.001226,24,0.001291,24,0.683594,24,0.0,24,,0,0.109389,24
16,17,24,False,native,24,0.98319,0.980249,0.984272,0.004023,0.98232,0.977538,0.984982,0.976093,0.988837,24,0.991524,0.990026,0.992074,0.002048,0.991078,0.988642,0.992434,0.987902,0.994387,0.001295,24,0.001322,24,0.677734,24,0.0,24,,0,0.109413,24
16,18,24,False,native,24,0.982445,0.980118,0.983544,0.003426,0.982128,0.977182,0.986859,0.975945,0.988987,24,0.991145,0.989959,0.991704,0.001745,0.99098,0.988459,0.993386,0.987826,0.994463,0.001249,24,0.001277,24,0.697266,24,0.0,24,,0,0.109405,24
16,19,24,False,native,24,0.982296,0.98023,0.983936,0.003706,0.982081,0.976708,0.986987,0.975871,0.988987,24,0.991069,0.990016,0.991903,0.001887,0.990957,0.988217,0.99345,0.987788,0.994463,0.001214,24,0.001259,24,0.681641,24,0.0,24,,0,0.1094,24
16,20,24,False,native,24,0.982855,0.979784,0.98388,0.004096,0.982191,0.976078,0.986837,0.975057,0.989062,24,0.991353,0.989789,0.991875,0.002086,0.991012,0.987894,0.993375,0.987371,0.994501,0.001346,24,0.001259,24,0.689453,24,0.0,24,0.999747,24,0.109386,24
16,21,24,False,native,24,0.982855,0.98142,0.984309,0.002889,0.982193,0.976027,0.985288,0.974539,0.988087,24,0.991353,0.990623,0.992093,0.00147,0.991013,0.987868,0.99259,0.987106,0.994008,0.001305,24,0.001247,24,0.695312,24,0.0,24,,0,0.109358,24
16,22,24,False,native,24,0.983451,0.982072,0.984347,0.002275,0.98262,0.975767,0.987121,0.974318,0.988762,24,0.991657,0.990955,0.992112,0.001157,0.99123,0.987735,0.993519,0.986992,0.994349,0.001361,24,0.001364,24,0.666016,24,0.0,24,,0,0.109351,24
16,23,24,False,native,24,0.983563,0.982277,0.98444,0.002163,0.98257,0.97579,0.985946,0.973283,0.988387,24,0.991713,0.991059,0.992159,0.0011,0.991205,0.987747,0.992923,0.986461,0.99416,0.001356,24,0.00125,24,0.660156,24,0.0,24,,0,0.109288,24
16,24,24,False,native,24,0.98278,0.982389,0.984347,0.001958,0.98248,0.976997,0.986545,0.972767,0.988687,24,0.991315,0.991116,0.992112,0.000996,0.991159,0.988365,0.993227,0.986195,0.994311,0.001269,24,0.001295,24,0.683594,24,0.0,24,,0,0.109258,24
16,25,24,False,native,24,0.983377,0.981402,0.984478,0.003076,0.982712,0.976945,0.986447,0.973727,0.988537,24,0.991619,0.990614,0.992178,0.001564,0.991277,0.988338,0.993177,0.986688,0.994235,0.001279,24,0.001331,24,0.673828,24,0.0,24,,0,0.109202,24
16,26,24,False,native,24,0.9836,0.982407,0.985019,0.002612,0.982971,0.976871,0.986657,0.973874,0.988462,24,0.991732,0.991126,0.992453,0.001327,0.991408,0.9883,0.993284,0.986764,0.994198,0.001329,24,0.001188,24,0.65625,24,0.0,24,,0,0.109148,24
16,27,24,False,native,24,0.98375,0.982091,0.985187,0.003097,0.98295,0.975865,0.987016,0.972767,0.988462,24,0.991808,0.990964,0.992538,0.001574,0.991397,0.987784,0.993466,0.986195,0.994198,0.001299,24,0.001325,24,0.671875,24,0.0,24,,0,0.109092,24
16,28,24,False,native,24,0.983638,0.982221,0.985935,0.003714,0.983238,0.977694,0.987121,0.9738,0.988237,24,0.991751,0.991031,0.992918,0.001887,0.991544,0.988721,0.993519,0.986726,0.994084,0.00132,24,0.001215,24,0.671875,24,0.0,24,,0,0.109037,24
16,29,24,False,native,24,0.984533,0.983134,0.986458,0.003324,0.983483,0.97699,0.987765,0.971218,0.988237,24,0.992206,0.991495,0.993183,0.001688,0.991668,0.988361,0.993845,0.985399,0.994084,0.001366,24,0.001277,24,0.628906,24,0.0,24,,0,0.109015,24
16,30,24,False,native,24,0.984086,0.982575,0.985673,0.003098,0.983207,0.977753,0.986874,0.972545,0.989062,24,0.991979,0.991211,0.992785,0.001574,0.991529,0.988752,0.993394,0.986082,0.994501,0.001261,24,0.001242,24,0.658203,24,0.0,24,0.99973,24,0.109019,24
16,31,24,False,native,24,0.984085,0.982389,0.98586,0.003471,0.983146,0.978102,0.986672,0.972545,0.989212,24,0.991979,0.991116,0.99288,0.001764,0.991497,0.98893,0.993291,0.986082,0.994577,0.00126,24,0.001249,24,0.662109,24,0.0,24,,0,0.108992,24
16,32,24,False,native,24,0.984384,0.982147,0.985692,0.003545,0.983214,0.977227,0.987016,0.972472,0.989062,24,0.992131,0.990993,0.992794,0.001801,0.991532,0.988482,0.993466,0.986044,0.994501,0.001316,24,0.001327,24,0.65625,24,0.0,24,,0,0.108977,24
16,33,24,False,native,24,0.984645,0.981365,0.985337,0.003972,0.983136,0.976538,0.987068,0.974613,0.989287,24,0.992263,0.990595,0.992614,0.002019,0.991492,0.98813,0.993492,0.987144,0.994615,0.001286,24,0.001234,24,0.644531,24,0.0,24,,0,0.10899,24
16,34,24,False,native,24,0.984309,0.983041,0.985841,0.0028,0.983959,0.978133,0.987623,0.975501,0.99124,24,0.992093,0.991448,0.99287,0.001422,0.991911,0.988945,0.993773,0.987599,0.995601,0.001367,24,0.00131,24,0.640625,24,0.0,24,,0,0.109048,24
16,35,24,False,native,24,0.984459,0.982761,0.98614,0.003379,0.983937,0.977295,0.987293,0.975501,0.989963,24,0.992169,0.991306,0.993022,0.001716,0.9919,0.988516,0.993606,0.987599,0.994956,0.001334,24,0.001312,24,0.626953,24,0.0,24,,0,0.109058,24
16,36,24,False,native,24,0.984309,0.982706,0.98629,0.003584,0.984014,0.979454,0.988312,0.974909,0.990188,24,0.992093,0.991277,0.993098,0.00182,0.991939,0.98962,0.994122,0.987295,0.99507,0.001268,24,0.001264,24,0.638672,24,0.0,24,,0,0.109089,24
16,37,24,False,native,24,0.984272,0.983078,0.986215,0.003137,0.98386,0.978184,0.987757,0.974244,0.992218,24,0.992074,0.991467,0.99306,0.001593,0.99186,0.988971,0.993841,0.986954,0.996094,0.00122,24,0.001287,24,0.642578,24,0.0,24,,0,0.109215,24
16,38,24,False,native,24,0.984533,0.981755,0.987169,0.005414,0.984429,0.980174,0.989054,0.976834,0.991766,24,0.992206,0.990794,0.993543,0.00275,0.99215,0.989988,0.994497,0.988281,0.995866,0.001241,24,0.001267,24,0.646484,24,0.0,24,,0,0.10923,24
16,39,24,False,native,24,0.98416,0.982687,0.987301,0.004614,0.984357,0.979766,0.988642,0.976093,0.990488,24,0.992017,0.991268,0.99361,0.002342,0.992113,0.989779,0.994289,0.987902,0.995221,0.001306,24,0.001298,24,0.658203,24,0.0,24,,0,0.109277,24
16,40,24,False,native,24,0.983526,0.981923,0.987188,0.005265,0.983794,0.979676,0.98832,0.975205,0.989737,24,0.991694,0.990879,0.993553,0.002674,0.991827,0.989734,0.994125,0.987447,0.994842,0.001237,24,0.001249,24,0.664062,24,0.0,24,0.999761,24,0.109314,24
16,41,24,False,native,24,0.983675,0.98196,0.987956,0.005996,0.984142,0.980145,0.98832,0.977205,0.989888,24,0.99177,0.990898,0.993942,0.003043,0.992004,0.989973,0.994125,0.988471,0.994918,0.001265,24,0.001275,24,0.671875,24,0.0,24,,0,0.109308,24
16,42,24,False,native,24,0.984085,0.98196,0.987038,0.005078,0.984065,0.978889,0.989145,0.976389,0.990188,24,0.991979,0.990898,0.993477,0.002579,0.991965,0.989332,0.994543,0.988054,0.99507,0.001316,24,0.001217,24,0.654297,24,0.0,24,,0,0.109264,24
16,43,24,False,native,24,0.983712,0.982128,0.987095,0.004967,0.984393,0.980896,0.989505,0.977427,0.990188,24,0.991789,0.990983,0.993505,0.002522,0.992132,0.990356,0.994725,0.988585,0.99507,0.001206,24,0.001246,24,0.662109,24,0.0,24,,0,0.109274,24
16,44,24,False,native,24,0.983712,0.982314,0.988087,0.005773,0.984687,0.980487,0.99,0.977427,0.991766,24,0.991789,0.991078,0.994008,0.00293,0.992281,0.990147,0.994975,0.988585,0.995866,0.001276,24,0.001314,24,0.660156,24,0.0,24,,0,0.10924,24
16,45,24,False,native,24,0.983488,0.981998,0.987263,0.005266,0.984391,0.980226,0.98982,0.97802,0.991541,24,0.991676,0.990917,0.993591,0.002674,0.992131,0.990014,0.994884,0.988888,0.995752,0.001198,24,0.001282,24,0.666016,24,0.0,24,,0,0.109148,24
16,46,24,False,native,24,0.984459,0.981607,0.98835,0.006743,0.984676,0.97955,0.990391,0.977872,0.990939,24,0.992169,0.990718,0.994141,0.003423,0.992274,0.989669,0.995172,0.988812,0.995449,0.001296,24,0.001211,24,0.666016,24,0.0,24,,0,0.109094,24
16,47,24,False,native,24,0.983675,0.980751,0.989212,0.008461,0.984364,0.978985,0.990729,0.976538,0.99139,24,0.99177,0.990282,0.994577,0.004295,0.992115,0.989381,0.995343,0.98813,0.995677,0.001228,24,0.001157,24,0.679688,24,0.0,24,,0,0.108869,24
16,48,24,False,native,24,0.983116,0.981886,0.989156,0.00727,0.984353,0.977843,0.990939,0.975501,0.99282,24,0.991486,0.99086,0.994548,0.003688,0.992108,0.988797,0.995449,0.987599,0.996397,0.001217,24,0.001228,24,0.669922,24,0.0,24,,0,0.108554,24
16,49,24,False,native,24,0.981998,0.98049,0.990207,0.009716,0.984136,0.978755,0.990842,0.975427,0.992368,24,0.990917,0.990149,0.995079,0.00493,0.991998,0.989264,0.9954,0.987561,0.99617,0.001186,24,0.001179,24,0.681641,24,0.0,24,,0,0.107903,24
17,0,24,False,native,24,0.98237,0.979729,0.984216,0.004487,0.980249,0.971779,0.986522,0.957099,0.988387,24,0.991107,0.98976,0.992045,0.002285,0.990012,0.985687,0.993215,0.978079,0.99416,0.001182,24,0.00118,24,0.695312,24,0.0,24,0.99981,24,0.106673,24
17,1,24,False,native,24,0.9836,0.981309,0.985056,0.003747,0.981592,0.970594,0.987068,0.964316,0.987937,24,0.991732,0.990566,0.992472,0.001906,0.990701,0.985077,0.993492,0.981834,0.993932,0.001204,24,0.001179,24,0.673828,24,0.0,24,,0,0.107031,24
17,2,24,False,native,24,0.984197,0.983339,0.985318,0.001979,0.983373,0.979617,0.985916,0.973874,0.98644,24,0.992036,0.9916,0.992605,0.001005,0.991614,0.989703,0.992908,0.986764,0.993174,0.001168,24,0.001135,24,0.667969,24,0.0,24,,0,0.105789,24
17,3,24,False,native,24,0.984907,0.983283,0.98558,0.002296,0.984126,0.982303,0.986223,0.975575,0.987038,24,0.992396,0.991571,0.992737,0.001166,0.991998,0.991073,0.993064,0.987637,0.993477,0.001214,24,0.001217,24,0.644531,24,0.0,24,,0,0.10524,24
17,4,24,False,native,24,0.983377,0.98278,0.984571,0.001791,0.983394,0.981998,0.985595,0.978466,0.986066,24,0.991619,0.991315,0.992225,0.00091,0.991627,0.990917,0.992745,0.989116,0.992984,0.001194,24,0.001259,24,0.679688,24,0.0,24,,0,0.104753,24
17,5,24,False,native,24,0.983787,0.982072,0.984758,0.002685,0.983543,0.981283,0.985542,0.980249,0.987188,24,0.991827,0.990955,0.99232,0.001365,0.991702,0.990553,0.992718,0.990026,0.993553,0.001224,24,0.001167,24,0.673828,24,0.0,24,,0,0.104501,24
17,6,24,False,native,24,0.982929,0.982109,0.984048,0.001939,0.983335,0.981231,0.986163,0.980844,0.986589,24,0.991391,0.990974,0.99196,0.000986,0.991597,0.990526,0.993033,0.990329,0.993249,0.001152,24,0.001214,24,0.677734,24,0.0,24,,0,0.104234,24
17,7,24,False,native,24,0.982668,0.981309,0.984421,0.003113,0.982925,0.980687,0.985325,0.980249,0.98644,24,0.991258,0.990566,0.99215,0.001583,0.991388,0.99025,0.992608,0.990026,0.993174,0.001141,24,0.001163,24,0.697266,24,0.0,24,,0,0.104042,24
17,8,24,False,native,24,0.982333,0.980992,0.984422,0.003429,0.982882,0.980107,0.986178,0.978911,0.988612,24,0.991088,0.990405,0.99215,0.001745,0.991366,0.989954,0.993041,0.989343,0.994273,0.001172,24,0.00115,24,0.701172,24,0.0,24,,0,0.103832,24
17,9,24,False,native,24,0.982109,0.980379,0.984235,0.003856,0.982348,0.979505,0.985774,0.978614,0.986889,24,0.990974,0.990092,0.992055,0.001963,0.991094,0.989647,0.992836,0.989191,0.993401,0.001202,24,0.001168,24,0.710938,24,0.0,24,,0,0.103649,24
17,10,24,False,native,24,0.981849,0.980174,0.984328,0.004154,0.982334,0.978852,0.985916,0.977724,0.988462,24,0.990841,0.989988,0.992102,0.002114,0.991086,0.989313,0.992908,0.988736,0.994198,0.001186,24,0.001206,24,0.705078,24,0.0,24,0.999809,24,0.103491,24
17,11,24,False,native,24,0.981327,0.97919,0.983992,0.004803,0.981735,0.978325,0.986201,0.976982,0.988087,24,0.990576,0.989485,0.991932,0.002446,0.990781,0.989044,0.993052,0.988357,0.994008,0.001139,24,0.001153,24,0.722656,24,0.0,24,,0,0.103308,24
17,12,24,False,native,24,0.980806,0.979208,0.98416,0.004952,0.981698,0.97848,0.985752,0.976982,0.987338,24,0.99031,0.989495,0.992017,0.002522,0.990762,0.989123,0.992825,0.988357,0.993629,0.001147,24,0.001157,24,0.734375,24,0.0,24,,0,0.103177,24
17,13,24,False,native,24,0.981514,0.978911,0.983992,0.005081,0.981398,0.977316,0.985759,0.975871,0.988012,24,0.990671,0.989343,0.991932,0.002588,0.990609,0.988528,0.992828,0.987788,0.99397,0.001128,24,0.001168,24,0.730469,24,0.0,24,,0,0.103027,24
17,14,24,False,native,24,0.981291,0.978911,0.984758,0.005847,0.981455,0.977427,0.985482,0.975057,0.987862,24,0.990557,0.989343,0.99232,0.002977,0.990637,0.988585,0.992688,0.987371,0.993894,0.001149,24,0.001163,24,0.716797,24,0.0,24,,0,0.102913,24
17,15,24,False,native,24,0.980806,0.978002,0.983918,0.005916,0.981024,0.976975,0.985647,0.975649,0.987937,24,0.99031,0.988879,0.991894,0.003015,0.990418,0.988353,0.992772,0.987674,0.993932,0.001217,24,0.001169,24,0.730469,24,0.0,24,,0,0.102845,24
17,16,24,False,native,24,0.98103,0.978354,0.98416,0.005806,0.980974,0.977249,0.985079,0.975057,0.987862,24,0.990424,0.989059,0.992017,0.002958,0.990392,0.988494,0.992483,0.987371,0.993894,0.001162,24,0.001113,24,0.740234,24,0.0,24,,0,0.102741,24
17,17,24,False,native,24,0.980955,0.978224,0.98291,0.004686,0.980794,0.976138,0.985236,0.975427,0.987937,24,0.990386,0.988992,0.991382,0.002389,0.990301,0.987925,0.992563,0.987561,0.993932,0.001152,24,0.001082,24,0.742188,24,0.0,24,,0,0.102665,24
17,18,24,False,native,24,0.980397,0.977464,0.982836,0.005372,0.980364,0.975782,0.985856,0.973874,0.987263,24,0.990102,0.988604,0.991344,0.00274,0.990081,0.987743,0.992878,0.986764,0.993591,0.001079,24,0.001138,24,0.746094,24,0.0,24,,0,0.102572,24
17,19,24,False,native,24,0.980435,0.977297,0.982892,0.005595,0.980454,0.976116,0.986261,0.973948,0.987263,24,0.990121,0.988518,0.991372,0.002854,0.990127,0.987913,0.993083,0.986802,0.993591,0.001115,24,0.001145,24,0.746094,24,0.0,24,,0,0.102515,24
17,20,24,False,native,24,0.97984,0.976297,0.982109,0.005812,0.979959,0.975242,0.986043,0.97225,0.987488,24,0.989817,0.988006,0.990974,0.002968,0.989874,0.987466,0.992973,0.98593,0.993704,0.001143,24,0.001116,24,0.759766,24,0.0,24,0.999777,24,0.102395,24
17,21,24,False,native,24,0.979877,0.976278,0.982054,0.005775,0.980022,0.974754,0.987098,0.973653,0.987937,24,0.989836,0.987997,0.990945,0.002949,0.989906,0.987216,0.993507,0.98665,0.993932,0.001148,24,0.001124,24,0.767578,24,0.0,24,,0,0.102312,24
17,22,24,False,native,24,0.979988,0.975927,0.982054,0.006127,0.979969,0.975131,0.986327,0.973727,0.988687,24,0.989893,0.987817,0.990945,0.003129,0.989879,0.987409,0.993117,0.986688,0.994311,0.001157,24,0.001167,24,0.753906,24,0.0,24,,0,0.102212,24
17,23,24,False,native,24,0.980063,0.976612,0.981886,0.005274,0.979894,0.974902,0.986163,0.972841,0.987413,24,0.989931,0.988167,0.99086,0.002693,0.989841,0.987291,0.993033,0.986233,0.993667,0.001236,24,0.001106,24,0.755859,24,0.0,24,,0,0.102089,24
17,24,24,False,native,24,0.980323,0.975723,0.982035,0.006312,0.979931,0.97465,0.987413,0.972103,0.989137,24,0.990064,0.987712,0.990936,0.003224,0.989858,0.987162,0.993667,0.985854,0.994539,0.001132,24,0.001221,24,0.748047,24,0.0,24,,0,0.10199,24
17,25,24,False,native,24,0.979728,0.976093,0.982258,0.006165,0.979723,0.973993,0.986889,0.973283,0.988912,24,0.98976,0.987902,0.99105,0.003148,0.989752,0.986825,0.993401,0.986461,0.994425,0.001151,24,0.001151,24,0.757812,24,0.0,24,,0,0.101887,24
17,26,24,False,native,24,0.979394,0.975483,0.982538,0.007055,0.979441,0.972959,0.98739,0.970261,0.988987,24,0.98959,0.987589,0.991192,0.003603,0.989607,0.986294,0.993655,0.984906,0.994463,0.00115,24,0.001169,24,0.765625,24,0.0,24,,0,0.101769,24
17,27,24,False,native,24,0.978688,0.974983,0.981123,0.00614,0.979002,0.972752,0.987368,0.969819,0.988012,24,0.989229,0.987333,0.990471,0.003138,0.989383,0.986188,0.993644,0.984678,0.99397,0.001126,24,0.001185,24,0.769531,24,0.0,24,,0,0.101721,24
17,28,24,False,native,24,0.979357,0.975557,0.981942,0.006386,0.979386,0.972907,0.98763,0.970776,0.989437,24,0.989571,0.987627,0.990889,0.003262,0.989579,0.986267,0.993777,0.985171,0.994691,0.001168,24,0.001156,24,0.769531,24,0.0,24,,0,0.101664,24
17,29,24,False,native,24,0.978763,0.975668,0.981756,0.006088,0.979111,0.972073,0.987862,0.970261,0.989062,24,0.989267,0.987684,0.990794,0.00311,0.989438,0.985839,0.993894,0.984906,0.994501,0.001257,24,0.001183,24,0.771484,24,0.0,24,,0,0.101631,24
17,30,24,False,native,24,0.978874,0.976334,0.981216,0.004882,0.979037,0.97096,0.98736,0.969819,0.989212,24,0.989324,0.988025,0.990519,0.002494,0.9894,0.985266,0.99364,0.984678,0.994577,0.00118,24,0.001157,24,0.775391,24,0.0,24,0.999759,24,0.101545,24
17,31,24,False,native,24,0.978614,0.975427,0.981701,0.006274,0.978923,0.970931,0.987623,0.970555,0.989362,24,0.989191,0.987561,0.990765,0.003205,0.989342,0.985251,0.993773,0.985058,0.994653,0.001204,24,0.001257,24,0.767578,24,0.0,24,,0,0.101534,24
17,32,24,False,native,24,0.977687,0.975612,0.981682,0.00607,0.978964,0.971439,0.988087,0.97004,0.989362,24,0.988717,0.987655,0.990756,0.0031,0.989362,0.985513,0.994008,0.984792,0.994653,0.001165,24,0.001134,24,0.783203,24,0.0,24,,0,0.101525,24
17,33,24,False,native,24,0.977613,0.975002,0.981533,0.006531,0.97894,0.971668,0.988559,0.970923,0.989963,24,0.988679,0.987343,0.99068,0.003337,0.989349,0.98563,0.994247,0.985247,0.994956,0.001183,24,0.001157,24,0.798828,24,0.0,24,,0,0.101532,24
17,34,24,False,native,24,0.977205,0.974891,0.981403,0.006512,0.978774,0.971388,0.988837,0.969451,0.990188,24,0.988471,0.987286,0.990614,0.003328,0.989264,0.985486,0.994387,0.984489,0.99507,0.001192,24,0.001144,24,0.792969,24,0.0,24,,0,0.101521,24
17,35,24,False,native,24,0.97713,0.975316,0.981644,0.006328,0.978643,0.971093,0.98841,0.970261,0.989812,24,0.988433,0.987504,0.990737,0.003233,0.989198,0.985334,0.994171,0.984906,0.99488,0.001153,24,0.001151,24,0.802734,24,0.0,24,,0,0.10153,24
17,36,24,False,native,24,0.977019,0.974872,0.982631,0.007759,0.978611,0.97141,0.988732,0.967541,0.989812,24,0.988376,0.987276,0.991239,0.003963,0.98918,0.985498,0.994334,0.983503,0.99488,0.001113,24,0.001183,24,0.806641,24,0.0,24,,0,0.101534,24
17,37,24,False,native,24,0.97802,0.974909,0.982203,0.007294,0.978757,0.971012,0.989024,0.96879,0.989812,24,0.988888,0.987295,0.991021,0.003726,0.989255,0.985293,0.994482,0.984147,0.99488,0.001235,24,0.001155,24,0.800781,24,0.0,24,,0,0.101545,24
17,38,24,False,native,24,0.977946,0.97539,0.981849,0.006459,0.978596,0.969805,0.988222,0.96879,0.989662,24,0.98885,0.987542,0.990841,0.003299,0.989172,0.984671,0.994076,0.984147,0.994804,0.001238,24,0.001159,24,0.791016,24,0.0,24,,0,0.101622,24
17,39,24,False,native,24,0.978243,0.976112,0.98278,0.006668,0.978954,0.970504,0.98802,0.969157,0.990413,24,0.989002,0.987911,0.991315,0.003404,0.989356,0.985031,0.993974,0.984337,0.995184,0.001193,24,0.001184,24,0.777344,24,0.0,24,,0,0.101666,24
17,40,24,False,native,24,0.977019,0.97576,0.981868,0.006108,0.978737,0.970555,0.988312,0.969157,0.989888,24,0.988376,0.987731,0.990851,0.003119,0.989245,0.985058,0.994122,0.984337,0.994918,0.001225,24,0.00116,24,0.769531,24,0.0,24,0.999728,24,0.101729,24
17,41,24,False,native,24,0.977501,0.975668,0.981998,0.006331,0.978711,0.969893,0.988035,0.968937,0.990714,24,0.988623,0.987684,0.990917,0.003233,0.989231,0.984716,0.993981,0.984223,0.995335,0.001163,24,0.001196,24,0.777344,24,0.0,24,,0,0.101868,24
17,42,24,False,native,24,0.978132,0.972804,0.982073,0.00927,0.978573,0.970224,0.988537,0.969084,0.990113,24,0.988945,0.986214,0.990955,0.004741,0.98916,0.984887,0.994235,0.984299,0.995032,0.001182,24,0.001161,24,0.785156,24,0.0,24,,0,0.102061,24
17,43,24,False,native,24,0.978466,0.972748,0.982948,0.0102,0.978403,0.969452,0.987308,0.967321,0.991691,24,0.989116,0.986186,0.991401,0.005215,0.989071,0.984489,0.993613,0.983389,0.995828,0.001219,24,0.001248,24,0.779297,24,0.0,24,,0,0.102198,24
17,44,24,False,native,24,0.978057,0.971771,0.983303,0.011532,0.978316,0.968547,0.986514,0.968128,0.991466,24,0.988907,0.985683,0.991581,0.005897,0.989026,0.984022,0.993211,0.983806,0.995715,0.001261,24,0.001193,24,0.794922,24,0.0,24,,0,0.102427,24
17,45,24,False,native,24,0.978503,0.972787,0.982893,0.010105,0.977887,0.966558,0.987435,0.964829,0.990864,24,0.989135,0.986205,0.991372,0.005167,0.988804,0.982995,0.993678,0.9821,0.995411,0.001236,24,0.001206,24,0.791016,24,0.0,24,,0,0.102742,24
17,46,24,False,native,24,0.979023,0.971495,0.98267,0.011175,0.977467,0.967358,0.987196,0.961394,0.990038,24,0.9894,0.985541,0.991258,0.005717,0.988588,0.983408,0.993557,0.980317,0.994994,0.001228,24,0.001207,24,0.773438,24,0.0,24,,0,0.103032,24
17,47,24,False,native,24,0.978095,0.971625,0.982985,0.011361,0.976962,0.966081,0.987181,0.960956,0.991014,24,0.988926,0.985608,0.99142,0.005812,0.988329,0.982748,0.993549,0.98009,0.995487,0.001213,24,0.001193,24,0.792969,24,0.0,24,,0,0.103441,24
17,48,24,False,native,24,0.977872,0.97155,0.982464,0.010913,0.976696,0.965759,0.986313,0.958189,0.99109,24,0.988812,0.98557,0.991154,0.005584,0.988191,0.982581,0.993109,0.978648,0.995525,0.001232,24,0.001218,24,0.792969,24,0.0,24,,0,0.103772,24
17,49,24,False,native,24,0.976316,0.968771,0.980827,0.012056,0.975504,0.966081,0.985408,0.95739,0.991315,24,0.988016,0.984138,0.99032,0.006182,0.98758,0.982748,0.99265,0.978231,0.995639,0.001286,24,0.001287,24,0.810547,24,0.0,24,,0,0.104057,24
18,0,24,False,native,24,0.982929,0.977557,0.985075,0.007518,0.979099,0.970593,0.987173,0.944471,0.987563,24,0.991391,0.988651,0.992481,0.00383,0.98941,0.985077,0.993545,0.971443,0.993742,0.001167,24,0.00111,24,0.697266,24,0.0,24,0.999794,24,0.105669,24
18,1,24,False,native,24,0.982929,0.977465,0.986552,0.009087,0.980132,0.968636,0.987907,0.94835,0.989212,24,0.991391,0.988604,0.99323,0.004627,0.989944,0.984068,0.993917,0.973491,0.994577,0.001187,24,0.001253,24,0.685547,24,0.0,24,,0,0.107161,24
18,2,24,False,native,24,0.986664,0.984795,0.987731,0.002936,0.982367,0.966404,0.988012,0.954416,0.988537,24,0.993287,0.992339,0.993828,0.001489,0.991078,0.982915,0.99397,0.976676,0.994235,0.001341,24,0.001301,24,0.585938,24,0.0,24,,0,0.106603,24
18,3,24,False,native,24,0.985841,0.983731,0.987638,0.003907,0.981755,0.967057,0.988215,0.951017,0.989587,24,0.99287,0.991799,0.99378,0.001982,0.990764,0.983252,0.994072,0.974894,0.994766,0.001341,24,0.001371,24,0.619141,24,0.0,24,,0,0.106518,24
18,4,24,False,native,24,0.98614,0.983918,0.987357,0.003439,0.981888,0.968738,0.988012,0.947559,0.990639,24,0.993022,0.991894,0.993638,0.001745,0.990832,0.984121,0.99397,0.973073,0.995297,0.001328,24,0.001377,24,0.59375,24,0.0,24,,0,0.10659,24
18,5,24,False,native,24,0.984533,0.98224,0.986889,0.004649,0.981457,0.969599,0.988252,0.951812,0.990939,24,0.992206,0.99104,0.993401,0.002361,0.990615,0.984565,0.994091,0.975311,0.995449,0.001266,24,0.001176,24,0.634766,24,0.0,24,,0,0.106448,24
18,6,24,False,native,24,0.984944,0.981253,0.986776,0.005523,0.98156,0.969283,0.987862,0.955358,0.991315,24,0.992415,0.990538,0.993344,0.002806,0.990672,0.984402,0.993894,0.977169,0.995639,0.001219,24,0.001257,24,0.628906,24,0.0,24,,0,0.106381,24
18,7,24,False,native,24,0.984832,0.980769,0.986122,0.005352,0.981048,0.968268,0.987525,0.951234,0.991992,24,0.992358,0.990291,0.993012,0.002721,0.99041,0.983878,0.993723,0.975008,0.99598,0.001155,24,0.001089,24,0.642578,24,0.0,24,,0,0.106254,24
18,8,24,False,native,24,0.984907,0.979673,0.986384,0.006711,0.981329,0.971152,0.987188,0.954995,0.991014,24,0.992396,0.989732,0.993145,0.003413,0.990558,0.985365,0.993553,0.97698,0.995487,0.001164,24,0.001137,24,0.650391,24,0.0,24,,0,0.106131,24
18,9,24,False,native,24,0.983265,0.978336,0.98543,0.007094,0.980529,0.970518,0.986492,0.957172,0.991014,24,0.991562,0.989049,0.992662,0.003612,0.990152,0.985039,0.9932,0.978117,0.995487,0.001065,24,0.001086,24,0.689453,24,0.0,24,,0,0.106024,24
18,10,24,False,native,24,0.983265,0.978206,0.984589,0.006384,0.9803,0.969326,0.986776,0.961321,0.990413,24,0.991562,0.988983,0.992235,0.003252,0.990037,0.984424,0.993344,0.980279,0.995184,0.001092,24,0.001033,24,0.683594,24,0.0,24,0.999733,24,0.105929,24
18,11,24,False,native,24,0.982296,0.978688,0.984216,0.005528,0.980163,0.969408,0.985752,0.9603,0.99139,24,0.991069,0.989229,0.992045,0.002816,0.989969,0.984466,0.992825,0.979748,0.995677,0.000997,24,0.001078,24,0.707031,24,0.0,24,,0,0.105822,24
18,12,24,False,native,24,0.982072,0.978021,0.983918,0.005897,0.980092,0.969731,0.985684,0.962197,0.990714,24,0.990955,0.988888,0.991894,0.003006,0.989934,0.984633,0.992791,0.980734,0.995335,0.001092,24,0.000988,24,0.701172,24,0.0,24,,0,0.105809,24
18,13,24,False,native,24,0.981514,0.977501,0.983339,0.005838,0.979984,0.970423,0.984929,0.963,0.991766,24,0.990671,0.988623,0.9916,0.002977,0.98988,0.984989,0.992407,0.981151,0.995866,0.00099,24,0.000968,24,0.71875,24,0.0,24,,0,0.1058,24
18,14,24,False,native,24,0.980546,0.977483,0.982556,0.005074,0.979432,0.969385,0.984078,0.96644,0.992143,24,0.990177,0.988613,0.991201,0.002588,0.989599,0.984455,0.991975,0.982934,0.996056,0.001001,24,0.000976,24,0.736328,24,0.0,24,,0,0.105761,24
18,15,24,False,native,24,0.980881,0.97589,0.982892,0.007002,0.979049,0.969496,0.98428,0.964902,0.99124,24,0.990348,0.987798,0.991372,0.003574,0.989403,0.984512,0.992078,0.982137,0.995601,0.000971,24,0.001024,24,0.734375,24,0.0,24,,0,0.105704,24
18,16,24,False,native,24,0.980546,0.975668,0.982109,0.006442,0.978933,0.969091,0.984011,0.967321,0.99109,24,0.990177,0.987684,0.990974,0.00329,0.989345,0.984303,0.991941,0.983389,0.995525,0.000944,24,0.00093,24,0.767578,24,0.0,24,,0,0.105652,24
18,17,24,False,native,24,0.979803,0.975612,0.981588,0.005976,0.978717,0.970047,0.983451,0.96879,0.99109,24,0.989798,0.987655,0.990708,0.003053,0.989236,0.984796,0.991657,0.984147,0.995525,0.000904,24,0.000916,24,0.767578,24,0.0,24,,0,0.105603,24
18,18,24,False,native,24,0.97906,0.974373,0.981216,0.006843,0.978437,0.969444,0.983638,0.968937,0.992143,24,0.989419,0.98702,0.990519,0.003499,0.989092,0.984485,0.991751,0.984223,0.996056,0.000941,24,0.000898,24,0.78125,24,0.0,24,,0,0.105526,24
18,19,24,False,native,24,0.9788,0.974355,0.980286,0.005931,0.977762,0.970592,0.98231,0.967541,0.990488,24,0.989286,0.987011,0.990045,0.003034,0.988747,0.985077,0.991076,0.983503,0.995221,0.000915,24,0.000859,24,0.789062,24,0.0,24,,0,0.105439,24
18,20,24,False,native,24,0.977947,0.974835,0.980844,0.006008,0.977851,0.970365,0.982139,0.967394,0.992368,24,0.98885,0.987257,0.990329,0.003072,0.988793,0.984959,0.990989,0.983427,0.99617,0.000801,24,0.000837,24,0.806641,24,0.0,24,0.999692,24,0.105391,24
18,21,24,False,native,24,0.978132,0.974318,0.979821,0.005503,0.97739,0.96965,0.981648,0.967835,0.990564,24,0.988945,0.986992,0.989808,0.002816,0.988558,0.984591,0.990739,0.983654,0.995259,0.000884,24,0.00084,24,0.796875,24,0.0,24,,0,0.105312,24
18,22,24,False,native,24,0.976797,0.97417,0.979282,0.005113,0.977145,0.970122,0.980286,0.968937,0.99109,24,0.988262,0.986916,0.989533,0.002617,0.988433,0.984834,0.990045,0.984223,0.995525,0.000806,24,0.00084,24,0.798828,24,0.0,24,,0,0.10519,24
18,23,24,False,native,24,0.976612,0.97454,0.978336,0.003796,0.976811,0.972213,0.980658,0.966587,0.991014,24,0.988167,0.987106,0.989049,0.001944,0.988262,0.985911,0.990234,0.98301,0.995487,0.000841,24,0.000854,24,0.816406,24,0.0,24,,0,0.105103,24
18,24,24,False,native,24,0.977464,0.973745,0.97867,0.004925,0.976986,0.97183,0.979431,0.968643,0.991014,24,0.988604,0.986698,0.98922,0.002522,0.988352,0.985714,0.989609,0.984072,0.995487,0.000832,24,0.000768,24,0.816406,24,0.0,24,,0,0.105049,24
18,25,24,False,native,24,0.976056,0.9719,0.977371,0.005471,0.975882,0.971122,0.978659,0.96622,0.990413,24,0.987883,0.98575,0.988556,0.002806,0.987787,0.98535,0.989214,0.98282,0.995184,0.000813,24,0.000794,24,0.833984,24,0.0,24,,0,0.104949,24
18,26,24,False,native,24,0.976352,0.973173,0.976853,0.00368,0.976142,0.97127,0.978503,0.968349,0.990263,24,0.988035,0.986404,0.988291,0.001887,0.987921,0.985426,0.989135,0.98392,0.995108,0.00078,24,0.000785,24,0.820312,24,0.0,24,,0,0.104859,24
18,27,24,False,native,24,0.975834,0.972748,0.976908,0.00416,0.975792,0.971218,0.977827,0.966954,0.990488,24,0.987769,0.986186,0.988319,0.002133,0.987741,0.985399,0.988789,0.983199,0.995221,0.000811,24,0.000803,24,0.828125,24,0.0,24,,0,0.104744,24
18,28,24,False,native,24,0.974096,0.973191,0.976056,0.002865,0.975319,0.972029,0.977805,0.967468,0.989512,24,0.986878,0.986413,0.987883,0.00147,0.987499,0.985816,0.988778,0.983465,0.994728,0.000788,24,0.000803,24,0.851562,24,0.0,24,,0,0.104682,24
18,29,24,False,native,24,0.974466,0.973136,0.975538,0.002402,0.974931,0.970629,0.976945,0.967174,0.990488,24,0.987068,0.986385,0.987618,0.001233,0.9873,0.985096,0.988338,0.983313,0.995221,0.000786,24,0.000773,24,0.845703,24,0.0,24,,0,0.104592,24
18,30,24,False,native,24,0.974835,0.971679,0.97626,0.004581,0.975043,0.970069,0.97756,0.96666,0.990488,24,0.987257,0.985636,0.987987,0.002351,0.987357,0.984807,0.988653,0.983048,0.995221,0.000785,24,0.000793,24,0.845703,24,0.0,24,0.999709,24,0.1045,24
18,31,24,False,native,24,0.9738,0.971347,0.975298,0.00395,0.974414,0.970246,0.976345,0.967981,0.990488,24,0.986726,0.985465,0.987494,0.002029,0.987034,0.984898,0.988031,0.98373,0.995221,0.000787,24,0.000823,24,0.853516,24,0.0,24,,0,0.104421,24
18,32,24,False,native,24,0.973025,0.971034,0.975242,0.004208,0.973788,0.9689,0.976612,0.966954,0.990639,24,0.986328,0.985304,0.987466,0.002162,0.986712,0.984204,0.988167,0.983199,0.995297,0.000804,24,0.000805,24,0.871094,24,0.0,24,,0,0.10437,24
18,33,24,False,native,24,0.973025,0.969672,0.974503,0.00483,0.97353,0.969326,0.975412,0.967541,0.99124,24,0.986328,0.984603,0.987087,0.002484,0.986579,0.984424,0.987553,0.983503,0.995601,0.000748,24,0.000786,24,0.859375,24,0.0,24,,0,0.104279,24
18,34,24,False,native,24,0.972361,0.970758,0.974299,0.003541,0.973646,0.970069,0.976449,0.968716,0.988912,24,0.985987,0.985162,0.986982,0.00182,0.986641,0.984807,0.988084,0.98411,0.994425,0.000805,24,0.000839,24,0.871094,24,0.0,24,,0,0.104186,24
18,35,24,False,native,24,0.973025,0.971845,0.974613,0.002769,0.974,0.970099,0.975309,0.967761,0.989212,24,0.986328,0.985721,0.987144,0.001422,0.986823,0.984823,0.9875,0.983617,0.994577,0.000831,24,0.00083,24,0.859375,24,0.0,24,,0,0.104073,24
18,36,24,False,native,24,0.971697,0.971052,0.974262,0.00321,0.97361,0.970099,0.975693,0.969304,0.989812,24,0.985645,0.985314,0.986963,0.00165,0.986622,0.984823,0.987697,0.984413,0.99488,0.000812,24,0.00081,24,0.875,24,0.0,24,,0,0.103986,24
18,37,24,False,native,24,0.971771,0.970537,0.973985,0.003448,0.973232,0.969908,0.97482,0.969451,0.989137,24,0.985683,0.985048,0.986821,0.001773,0.986428,0.984724,0.98725,0.984489,0.994539,0.000807,24,0.000829,24,0.875,24,0.0,24,,0,0.103922,24
18,38,24,False,native,24,0.972029,0.970684,0.973745,0.003061,0.973607,0.970209,0.976257,0.97004,0.989587,24,0.985816,0.985124,0.986698,0.001574,0.98662,0.984879,0.987985,0.984792,0.994766,0.000802,24,0.000799,24,0.876953,24,0.0,24,,0,0.103856,24
18,39,24,False,native,24,0.97155,0.970426,0.972933,0.002506,0.972957,0.969599,0.975745,0.968643,0.988762,24,0.98557,0.984991,0.986281,0.001289,0.986287,0.984565,0.987724,0.984072,0.994349,0.000827,24,0.000824,24,0.882812,24,0.0,24,,0,0.103734,24
18,40,24,False,native,24,0.971771,0.969966,0.973653,0.003686,0.972838,0.969201,0.974976,0.967614,0.989662,24,0.985683,0.984754,0.98665,0.001896,0.986225,0.98436,0.987329,0.983541,0.994804,0.000816,24,0.000842,24,0.875,24,0.0,24,0.999705,24,0.103615,24
18,41,24,False,native,24,0.971955,0.970831,0.973302,0.00247,0.973194,0.969555,0.974399,0.968937,0.989437,24,0.985778,0.9852,0.98647,0.00127,0.986409,0.984542,0.987034,0.984223,0.994691,0.000841,24,0.000845,24,0.865234,24,0.0,24,,0,0.103561,24
18,42,24,False,native,24,0.971918,0.970298,0.974207,0.003909,0.973291,0.968959,0.975901,0.967981,0.989287,24,0.985759,0.984925,0.986935,0.00201,0.986458,0.984235,0.987803,0.98373,0.994615,0.000842,24,0.000898,24,0.871094,24,0.0,24,,0,0.103542,24
18,43,24,False,native,24,0.971882,0.970316,0.973727,0.003411,0.973212,0.969341,0.976367,0.96901,0.987563,24,0.98574,0.984934,0.986688,0.001754,0.986418,0.984432,0.988042,0.984261,0.993742,0.00087,24,0.000873,24,0.875,24,0.0,24,,0,0.103505,24
18,44,24,False,native,24,0.972545,0.969966,0.973579,0.003612,0.973218,0.969444,0.976271,0.968863,0.988012,24,0.986082,0.984754,0.986613,0.001858,0.986421,0.984485,0.987993,0.984185,0.99397,0.000902,24,0.000852,24,0.875,24,0.0,24,,0,0.103597,24
18,45,24,False,native,24,0.972619,0.970279,0.974262,0.003983,0.973571,0.969746,0.978065,0.967394,0.986365,24,0.98612,0.984915,0.986963,0.002048,0.986603,0.98464,0.988911,0.983427,0.993136,0.000879,24,0.000886,24,0.880859,24,0.0,24,,0,0.103743,24
18,46,24,False,native,24,0.97225,0.971255,0.97576,0.004505,0.974137,0.970364,0.97958,0.969231,0.985916,24,0.98593,0.985418,0.987731,0.002313,0.986894,0.984959,0.989684,0.984375,0.992908,0.000898,24,0.000879,24,0.878906,24,0.0,24,,0,0.103935,24
18,47,24,False,native,24,0.973505,0.97214,0.975464,0.003324,0.974443,0.971167,0.979789,0.968863,0.985542,24,0.986575,0.985873,0.98758,0.001707,0.987052,0.985372,0.989791,0.984185,0.992718,0.00092,24,0.000905,24,0.863281,24,0.0,24,,0,0.104272,24
18,48,24,False,native,24,0.974687,0.972822,0.976834,0.004012,0.975736,0.972567,0.981499,0.972103,0.985243,24,0.987181,0.986224,0.988281,0.002057,0.987716,0.986093,0.990663,0.985854,0.992567,0.000974,24,0.000969,24,0.841797,24,0.0,24,,0,0.104497,24
18,49,24,False,native,24,0.975131,0.973283,0.976445,0.003162,0.976026,0.972501,0.981417,0.97166,0.986514,24,0.987409,0.986461,0.988082,0.001621,0.987864,0.986059,0.990621,0.985627,0.993211,0.000965,24,0.001011,24,0.835938,24,0.0,24,,0,0.104753,24
19,0,24,False,native,24,0.980806,0.978225,0.982612,0.004388,0.980447,0.97471,0.984989,0.974022,0.986664,24,0.99031,0.988992,0.99123,0.002238,0.990124,0.987193,0.992438,0.98684,0.993287,0.001142,24,0.001112,24,0.734375,24,0.0,24,0.999776,24,0.104758,24
19,1,24,False,native,24,0.98319,0.980937,0.98444,0.003503,0.982217,0.976938,0.985049,0.975057,0.988387,24,0.991524,0.990377,0.992159,0.001782,0.991026,0.988334,0.992468,0.987371,0.99416,0.001176,24,0.001264,24,0.675781,24,0.0,24,,0,0.104198,24
19,2,24,False,native,24,0.983862,0.982352,0.985467,0.003116,0.983528,0.979431,0.986687,0.976464,0.988912,24,0.991865,0.991097,0.992681,0.001583,0.991693,0.989609,0.993299,0.988092,0.994425,0.001279,24,0.001323,24,0.667969,24,0.0,24,,0,0.10445,24
19,3,24,False,native,24,0.984235,0.982538,0.986664,0.004126,0.983937,0.978198,0.988132,0.976315,0.990639,24,0.992055,0.991192,0.993287,0.002095,0.9919,0.988979,0.994031,0.988016,0.995297,0.001295,24,0.001309,24,0.664062,24,0.0,24,,0,0.104582,24
19,4,24,False,native,24,0.984832,0.982594,0.987132,0.004538,0.984224,0.977916,0.98865,0.975353,0.989963,24,0.992358,0.99122,0.993524,0.002304,0.992045,0.988835,0.994292,0.987523,0.994956,0.001479,24,0.001437,24,0.638672,24,0.0,24,,0,0.104828,24
19,5,24,False,native,24,0.985654,0.982054,0.988106,0.006052,0.984415,0.97565,0.988942,0.974244,0.99139,24,0.992775,0.990945,0.994017,0.003072,0.99214,0.987674,0.99444,0.986954,0.995677,0.00137,24,0.001449,24,0.621094,24,0.0,24,,0,0.10491,24
19,6,24,False,native,24,0.986103,0.982426,0.987937,0.005511,0.984626,0.975745,0.989415,0.975353,0.990263,24,0.993003,0.991135,0.993932,0.002797,0.992248,0.987724,0.994679,0.987523,0.995108,0.001438,24,0.00144,24,0.625,24,0.0,24,,0,0.105083,24
19,7,24,False,native,24,0.986365,0.9817,0.988631,0.006931,0.984606,0.977064,0.98988,0.973505,0.99139,24,0.993136,0.990765,0.994283,0.003518,0.992236,0.988399,0.994914,0.986575,0.995677,0.001412,24,0.001378,24,0.603516,24,0.0,24,,0,0.105176,24
19,8,24,False,native,24,0.985841,0.982184,0.988087,0.005903,0.98439,0.97616,0.988994,0.973505,0.990639,24,0.99287,0.991012,0.994008,0.002996,0.992127,0.987936,0.994467,0.986575,0.995297,0.001292,24,0.001376,24,0.59375,24,0.0,24,,0,0.105284,24
19,9,24,False,native,24,0.986253,0.981811,0.987806,0.005995,0.984482,0.97782,0.989985,0.970776,0.990488,24,0.993079,0.990822,0.993866,0.003043,0.992173,0.988786,0.994967,0.985171,0.995221,0.001378,24,0.00135,24,0.597656,24,0.0,24,,0,0.105377,24
19,10,24,False,native,24,0.986215,0.98224,0.987881,0.005641,0.984291,0.978391,0.988904,0.967908,0.990864,24,0.99306,0.99104,0.993904,0.002863,0.992075,0.989078,0.994421,0.983692,0.995411,0.001296,24,0.001338,24,0.589844,24,0.0,24,0.999802,24,0.105504,24
19,11,24,False,native,24,0.98629,0.981961,0.987919,0.005958,0.984229,0.978087,0.989482,0.96666,0.991766,24,0.993098,0.990898,0.993923,0.003024,0.992042,0.988922,0.994713,0.983048,0.995866,0.001431,24,0.001442,24,0.59375,24,0.0,24,,0,0.105632,24
19,12,24,False,native,24,0.986178,0.98129,0.987694,0.006404,0.983939,0.977746,0.98952,0.967981,0.990939,24,0.993041,0.990557,0.993809,0.003252,0.991895,0.988748,0.994732,0.98373,0.995449,0.00136,24,0.001533,24,0.609375,24,0.0,24,,0,0.105743,24
19,13,24,False,native,24,0.985841,0.981104,0.987469,0.006365,0.983884,0.979268,0.989002,0.966514,0.991014,24,0.99287,0.990462,0.993695,0.003233,0.991867,0.989525,0.994471,0.982972,0.995487,0.00138,24,0.001348,24,0.623047,24,0.0,24,,0,0.105886,24
19,14,24,False,native,24,0.985804,0.981756,0.987712,0.005957,0.983899,0.979713,0.98982,0.964536,0.990714,24,0.992851,0.990794,0.993818,0.003024,0.991873,0.989753,0.994884,0.981948,0.995335,0.001385,24,0.001386,24,0.607422,24,0.0,24,,0,0.105967,24
19,15,24,False,native,24,0.985953,0.981681,0.987806,0.006125,0.983667,0.978681,0.989039,0.965121,0.989212,24,0.992927,0.990756,0.993866,0.00311,0.991756,0.989226,0.99449,0.982251,0.994577,0.001372,24,0.001366,24,0.632812,24,0.0,24,,0,0.106076,24
19,16,24,False,native,24,0.985841,0.981365,0.987357,0.005992,0.983432,0.977124,0.989452,0.965414,0.990714,24,0.99287,0.990595,0.993638,0.003043,0.991636,0.988429,0.994698,0.982403,0.995335,0.001359,24,0.001333,24,0.621094,24,0.0,24,,0,0.106174,24
19,17,24,False,native,24,0.985916,0.982016,0.987713,0.005696,0.983458,0.976222,0.989647,0.961613,0.989812,24,0.992908,0.990927,0.993818,0.002892,0.991647,0.987966,0.994797,0.980431,0.99488,0.001341,24,0.001267,24,0.607422,24,0.0,24,,0,0.106233,24
19,18,24,False,native,24,0.985281,0.98142,0.987937,0.006517,0.983312,0.975476,0.989775,0.960811,0.990564,24,0.992586,0.990623,0.993932,0.003309,0.991571,0.987583,0.994861,0.980014,0.995259,0.001325,24,0.001386,24,0.619141,24,0.0,24,,0,0.106296,24
19,19,24,False,native,24,0.985505,0.981812,0.987993,0.006182,0.982976,0.973912,0.989114,0.961467,0.990113,24,0.992699,0.990822,0.99396,0.003138,0.991401,0.986783,0.994527,0.980355,0.995032,0.001362,24,0.001273,24,0.630859,24,0.0,24,,0,0.106356,24
19,20,24,False,native,24,0.986215,0.981532,0.988125,0.006592,0.983144,0.972933,0.989467,0.961394,0.990113,24,0.99306,0.99068,0.994027,0.003347,0.991484,0.986279,0.994706,0.980317,0.995032,0.001405,24,0.001428,24,0.599609,24,0.0,24,0.999809,24,0.10641,24
19,21,24,False,native,24,0.985505,0.981551,0.988087,0.006536,0.982794,0.97197,0.989099,0.960227,0.989812,24,0.992699,0.990689,0.994008,0.003318,0.991306,0.985786,0.99452,0.97971,0.99488,0.001321,24,0.001311,24,0.609375,24,0.0,24,,0,0.106454,24
19,22,24,False,native,24,0.986515,0.981104,0.988162,0.007058,0.982796,0.968013,0.98949,0.959208,0.990113,24,0.993211,0.990462,0.994046,0.003584,0.991303,0.983745,0.994717,0.979179,0.995032,0.00134,24,0.001337,24,0.587891,24,0.0,24,,0,0.106501,24
19,23,24,False,native,24,0.985991,0.981067,0.987244,0.006177,0.981942,0.966426,0.988162,0.957753,0.989812,24,0.992946,0.990443,0.993581,0.003138,0.990866,0.982926,0.994046,0.978421,0.99488,0.001365,24,0.001381,24,0.607422,24,0.0,24,,0,0.10656,24
19,24,24,False,native,24,0.985766,0.980193,0.987469,0.007276,0.981686,0.965549,0.988949,0.95739,0.989587,24,0.992832,0.989997,0.993695,0.003698,0.990735,0.982471,0.994444,0.978231,0.994766,0.001288,24,0.001373,24,0.619141,24,0.0,24,,0,0.106579,24
19,25,24,False,native,24,0.98614,0.981439,0.987544,0.006105,0.982209,0.967285,0.989212,0.955648,0.989888,24,0.993022,0.990633,0.993733,0.0031,0.991001,0.98337,0.994577,0.977321,0.994918,0.001396,24,0.0014,24,0.587891,24,0.0,24,,0,0.106588,24
19,26,24,False,native,24,0.98644,0.981625,0.987975,0.00635,0.98249,0.968233,0.988964,0.957899,0.990714,24,0.993174,0.990727,0.993951,0.003224,0.991146,0.983859,0.994452,0.978497,0.995335,0.001281,24,0.001401,24,0.582031,24,0.0,24,,0,0.106563,24
19,27,24,False,native,24,0.985766,0.981681,0.987994,0.006312,0.982727,0.970204,0.989137,0.959281,0.989287,24,0.992832,0.990756,0.99396,0.003205,0.991269,0.984876,0.994539,0.979217,0.994615,0.001314,24,0.001389,24,0.609375,24,0.0,24,,0,0.106564,24
19,28,24,False,native,24,0.985318,0.980211,0.987244,0.007033,0.981858,0.970512,0.988762,0.955938,0.989587,24,0.992605,0.990007,0.993581,0.003574,0.990824,0.985035,0.994349,0.977473,0.994766,0.001387,24,0.00137,24,0.626953,24,0.0,24,,0,0.106515,24
19,29,24,False,native,24,0.985916,0.981718,0.987712,0.005994,0.982447,0.971293,0.988702,0.956882,0.989812,24,0.992908,0.990775,0.993818,0.003043,0.991126,0.985437,0.994319,0.977966,0.99488,0.001326,24,0.001316,24,0.632812,24,0.0,24,,0,0.106492,24
19,30,24,False,native,24,0.985281,0.981104,0.98775,0.006646,0.982179,0.972509,0.988537,0.95543,0.989737,24,0.992586,0.990462,0.993837,0.003375,0.990988,0.986063,0.994235,0.977207,0.994842,0.001266,24,0.001292,24,0.625,24,0.0,24,0.999789,24,0.106424,24
19,31,24,False,native,24,0.985916,0.980955,0.987656,0.006701,0.982149,0.972184,0.98829,0.955285,0.989287,24,0.992908,0.990386,0.99379,0.003404,0.990972,0.985896,0.99411,0.977131,0.994615,0.001337,24,0.001351,24,0.603516,24,0.0,24,,0,0.106352,24
19,32,24,False,native,24,0.986365,0.980937,0.987731,0.006794,0.982341,0.973084,0.988215,0.956664,0.989137,24,0.993136,0.990377,0.993828,0.003451,0.991072,0.986358,0.994072,0.977852,0.994539,0.001351,24,0.001305,24,0.603516,24,0.0,24,,0,0.10629,24
19,33,24,False,native,24,0.98644,0.9801,0.987413,0.007313,0.982202,0.973114,0.987945,0.957535,0.989737,24,0.993174,0.98995,0.993667,0.003717,0.991002,0.986374,0.993936,0.978307,0.994842,0.001326,24,0.001397,24,0.591797,24,0.0,24,,0,0.106213,24
19,34,24,False,native,24,0.986215,0.981439,0.987638,0.006198,0.982421,0.972464,0.988642,0.959281,0.989362,24,0.99306,0.990633,0.99378,0.003148,0.991115,0.98604,0.994289,0.979217,0.994653,0.001351,24,0.001341,24,0.617188,24,0.0,24,,0,0.106123,24
19,35,24,False,native,24,0.985468,0.980267,0.987488,0.00722,0.982161,0.973682,0.988447,0.957317,0.989662,24,0.992681,0.990035,0.993704,0.003669,0.990982,0.986666,0.99419,0.978193,0.994804,0.001298,24,0.001398,24,0.636719,24,0.0,24,,0,0.10604,24
19,36,24,False,native,24,0.985991,0.980231,0.987132,0.006901,0.982224,0.972464,0.988072,0.959645,0.989437,24,0.992946,0.990016,0.993524,0.003508,0.991015,0.98604,0.994,0.979407,0.994691,0.001263,24,0.001289,24,0.623047,24,0.0,24,,0,0.105998,24
19,37,24,False,native,24,0.985953,0.979673,0.986926,0.007253,0.981913,0.973143,0.98829,0.959062,0.989212,24,0.992927,0.989732,0.99342,0.003688,0.990857,0.986389,0.99411,0.979103,0.994577,0.001317,24,0.001321,24,0.634766,24,0.0,24,,0,0.106021,24
19,38,24,False,native,24,0.985281,0.980081,0.986552,0.006471,0.981632,0.972457,0.987308,0.959208,0.988612,24,0.992586,0.98994,0.99323,0.00329,0.990715,0.986036,0.993613,0.979179,0.994273,0.001246,24,0.001228,24,0.640625,24,0.0,24,,0,0.105968,24
19,39,24,False,native,24,0.984795,0.980417,0.986814,0.006397,0.981396,0.969974,0.987698,0.959062,0.988612,24,0.992339,0.990111,0.993363,0.003252,0.990593,0.984758,0.993811,0.979103,0.994273,0.001228,24,0.001293,24,0.652344,24,0.0,24,,0,0.105943,24
19,40,24,False,native,24,0.984646,0.979078,0.98687,0.007792,0.981407,0.971609,0.988095,0.95848,0.989512,24,0.992263,0.989428,0.993392,0.003963,0.990599,0.9856,0.994012,0.9788,0.994728,0.001234,24,0.001243,24,0.648438,24,0.0,24,0.999775,24,0.105915,24
19,41,24,False,native,24,0.984459,0.980566,0.986346,0.00578,0.981515,0.97155,0.98775,0.960082,0.989587,24,0.992169,0.990187,0.993126,0.002939,0.990655,0.98557,0.993837,0.979634,0.994766,0.001221,24,0.001248,24,0.654297,24,0.0,24,,0,0.105898,24
19,42,24,False,native,24,0.984683,0.979359,0.986047,0.006688,0.98082,0.969393,0.98781,0.960811,0.988687,24,0.992282,0.989571,0.992974,0.003404,0.990301,0.984458,0.993868,0.980014,0.994311,0.001156,24,0.001192,24,0.673828,24,0.0,24,,0,0.105827,24
19,43,24,False,native,24,0.983414,0.979582,0.986215,0.006633,0.980653,0.967622,0.986866,0.960155,0.988612,24,0.991638,0.989684,0.99306,0.003375,0.990215,0.983544,0.99339,0.979672,0.994273,0.001211,24,0.001218,24,0.681641,24,0.0,24,,0,0.105784,24
19,44,24,False,native,24,0.984086,0.978429,0.986103,0.007674,0.981355,0.969731,0.988642,0.962635,0.990338,24,0.991979,0.989097,0.993003,0.003906,0.990574,0.984633,0.994289,0.980962,0.995146,0.001139,24,0.001177,24,0.644531,24,0.0,24,,0,0.105818,24
19,45,24,False,native,24,0.983451,0.978763,0.98558,0.006816,0.981199,0.970305,0.988215,0.963073,0.989662,24,0.991657,0.989267,0.992737,0.00347,0.990497,0.984929,0.994072,0.981189,0.994804,0.001209,24,0.001165,24,0.667969,24,0.0,24,,0,0.105873,24
19,46,24,False,native,24,0.982706,0.9788,0.985281,0.006481,0.98072,0.970283,0.988027,0.963073,0.988762,24,0.991277,0.989286,0.992586,0.003299,0.990253,0.984917,0.993978,0.981189,0.994349,0.001143,24,0.001173,24,0.679688,24,0.0,24,,0,0.106049,24
19,47,24,False,native,24,0.982966,0.978095,0.985243,0.007149,0.980693,0.969128,0.988132,0.963293,0.988912,24,0.99141,0.988926,0.992567,0.003641,0.990239,0.984322,0.994031,0.981303,0.994425,0.001113,24,0.001216,24,0.669922,24,0.0,24,,0,0.106249,24
19,48,24,False,native,24,0.982184,0.977501,0.983824,0.006323,0.980265,0.969716,0.988162,0.963731,0.989662,24,0.991012,0.988623,0.991846,0.003224,0.990021,0.984625,0.994046,0.981531,0.994804,0.0012,24,0.001217,24,0.701172,24,0.0,24,,0,0.106508,24
19,49,24,False,native,24,0.981141,0.974466,0.983526,0.00906,0.978624,0.964646,0.986889,0.962635,0.989662,24,0.990481,0.987068,0.991694,0.004627,0.98918,0.982005,0.993401,0.980962,0.994804,0.001173,24,0.001138,24,0.726562,24,0.0,24,,0,0.106502,24
20,0,24,False,native,24,0.980249,0.973616,0.983526,0.00991,0.978923,0.969157,0.98733,0.967468,0.988162,24,0.990026,0.986632,0.991694,0.005063,0.989338,0.984337,0.993625,0.983465,0.994046,0.001233,24,0.001311,24,0.742188,24,0.0,24,0.999694,24,0.103664,24
20,1,24,False,native,24,0.980546,0.977056,0.98224,0.005183,0.97965,0.971551,0.986306,0.966294,0.989062,24,0.990177,0.988395,0.99104,0.002645,0.989713,0.98557,0.993105,0.982858,0.994501,0.00123,24,0.001204,24,0.771484,24,0.0,24,,0,0.104852,24
20,2,24,False,native,24,0.981439,0.977817,0.984683,0.006866,0.980966,0.971705,0.988799,0.971145,0.990263,24,0.990633,0.988784,0.992282,0.003499,0.990383,0.985649,0.994368,0.985361,0.995108,0.001359,24,0.001287,24,0.720703,24,0.0,24,,0,0.104192,24
20,3,24,False,native,24,0.981067,0.977151,0.984011,0.006861,0.980347,0.971646,0.988507,0.969819,0.989737,24,0.990443,0.988442,0.991941,0.003499,0.990067,0.985619,0.99422,0.984678,0.994842,0.001269,24,0.001316,24,0.734375,24,0.0,24,,0,0.104226,24
20,4,24,False,native,24,0.981811,0.973616,0.985318,0.011702,0.980338,0.971513,0.988552,0.969966,0.990338,24,0.990822,0.986632,0.992605,0.005973,0.990061,0.985551,0.994243,0.984754,0.995146,0.001348,24,0.001299,24,0.707031,24,0.0,24,,0,0.104397,24
20,5,24,False,native,24,0.981179,0.973395,0.984217,0.010822,0.97979,0.970305,0.988207,0.97004,0.989812,24,0.9905,0.986518,0.992045,0.005528,0.989781,0.984929,0.994069,0.984792,0.99488,0.001249,24,0.001279,24,0.742188,24,0.0,24,,0,0.104387,24
20,6,24,False,native,24,0.980695,0.972287,0.984646,0.012359,0.97944,0.970629,0.987907,0.969378,0.989362,24,0.990253,0.985949,0.992263,0.006314,0.989602,0.985096,0.993917,0.984451,0.994653,0.001177,24,0.001279,24,0.746094,24,0.0,24,,0,0.104511,24
20,7,24,False,native,24,0.979691,0.973192,0.984199,0.011007,0.979277,0.970371,0.987922,0.96901,0.990939,24,0.989741,0.986413,0.992036,0.005622,0.989519,0.984963,0.993924,0.984261,0.995449,0.001235,24,0.001232,24,0.757812,24,0.0,24,,0,0.104597,24
20,8,24,False,native,24,0.979654,0.972601,0.984292,0.011691,0.97921,0.970187,0.98769,0.969231,0.99124,24,0.989722,0.98611,0.992083,0.005973,0.989484,0.984868,0.993807,0.984375,0.995601,0.001273,24,0.001306,24,0.773438,24,0.0,24,,0,0.104625,24
20,9,24,False,native,24,0.979171,0.972564,0.984516,0.011952,0.979108,0.970408,0.988934,0.969451,0.990113,24,0.989476,0.986091,0.992197,0.006106,0.989432,0.984982,0.994436,0.984489,0.995032,0.001262,24,0.001168,24,0.767578,24,0.0,24,,0,0.104595,24
20,10,24,False,native,24,0.979728,0.972379,0.984011,0.011632,0.979267,0.971351,0.988492,0.969378,0.990488,24,0.98976,0.985996,0.991941,0.005945,0.989514,0.985467,0.994213,0.984451,0.995221,0.001194,24,0.001313,24,0.767578,24,0.0,24,0.999673,24,0.104505,24
20,11,24,False,native,24,0.979023,0.971974,0.98431,0.012336,0.979043,0.970416,0.988597,0.969599,0.99109,24,0.9894,0.985788,0.992093,0.006305,0.989398,0.984986,0.994266,0.984565,0.995525,0.001255,24,0.001247,24,0.785156,24,0.0,24,,0,0.104449,24
20,12,24,False,native,24,0.978985,0.971992,0.984385,0.012392,0.978858,0.97015,0.989032,0.969746,0.989888,24,0.989381,0.985797,0.992131,0.006333,0.989304,0.984849,0.994486,0.98464,0.994918,0.001287,24,0.001312,24,0.769531,24,0.0,24,,0,0.10438,24
20,13,24,False,native,24,0.978614,0.972085,0.984049,0.011965,0.978691,0.969966,0.988942,0.96879,0.990639,24,0.989191,0.985845,0.99196,0.006115,0.989218,0.984754,0.99444,0.984147,0.995297,0.001429,24,0.001242,24,0.787109,24,0.0,24,,0,0.104291,24
20,14,24,False,native,24,0.979357,0.971716,0.983788,0.012072,0.978751,0.969503,0.98913,0.968937,0.99109,24,0.989571,0.985655,0.991827,0.006172,0.989248,0.984515,0.994535,0.984223,0.995525,0.001211,24,0.001245,24,0.761719,24,0.0,24,,0,0.10421,24
20,15,24,False,native,24,0.979134,0.972011,0.983043,0.011032,0.978327,0.969054,0.98793,0.967835,0.990263,24,0.989457,0.985807,0.991448,0.005641,0.989032,0.984284,0.993928,0.983654,0.995108,0.001238,24,0.001318,24,0.773438,24,0.0,24,,0,0.104106,24
20,16,24,False,native,24,0.978391,0.972307,0.9839,0.011593,0.978332,0.968378,0.987982,0.967541,0.990864,24,0.989078,0.985958,0.991884,0.005926,0.989033,0.983935,0.993955,0.983503,0.995411,0.001236,24,0.001234,24,0.791016,24,0.0,24,,0,0.104033,24
20,17,24,False,native,24,0.977612,0.972288,0.983246,0.010958,0.977964,0.968268,0.988725,0.967247,0.990038,24,0.988679,0.985949,0.991552,0.005603,0.988845,0.983878,0.99433,0.983351,0.994994,0.00127,24,0.001308,24,0.794922,24,0.0,24,,0,0.10395,24
20,18,24,False,native,24,0.976834,0.971164,0.982743,0.011579,0.97739,0.967343,0.987802,0.966367,0.989737,24,0.988281,0.985371,0.991296,0.005926,0.988551,0.9834,0.993864,0.982896,0.994842,0.001272,24,0.001243,24,0.800781,24,0.0,24,,0,0.103904,24
20,19,24,False,native,24,0.976501,0.97144,0.983322,0.011882,0.977583,0.967702,0.9882,0.966147,0.990564,24,0.988111,0.985513,0.99159,0.006077,0.988649,0.983586,0.994065,0.982782,0.995259,0.001295,24,0.001233,24,0.794922,24,0.0,24,,0,0.103874,24
20,20,24,False,native,24,0.97639,0.971145,0.98334,0.012195,0.977273,0.967255,0.988395,0.965561,0.990564,24,0.988054,0.985361,0.9916,0.006239,0.98849,0.983355,0.994163,0.982479,0.995259,0.001206,24,0.001198,24,0.822266,24,0.0,24,0.999593,24,0.10382,24
20,21,24,False,native,24,0.976019,0.970869,0.982502,0.011633,0.977248,0.967688,0.988875,0.965121,0.990488,24,0.987864,0.985219,0.991173,0.005954,0.988477,0.983579,0.994406,0.982251,0.995221,0.00122,24,0.001252,24,0.832031,24,0.0,24,,0,0.103802,24
20,22,24,False,native,24,0.976167,0.970059,0.981999,0.01194,0.976741,0.966045,0.9882,0.965561,0.989587,24,0.98794,0.984802,0.990917,0.006115,0.988218,0.982729,0.994065,0.982479,0.994766,0.001219,24,0.001239,24,0.814453,24,0.0,24,,0,0.103784,24
20,23,24,False,native,24,0.976056,0.969562,0.981663,0.012101,0.976741,0.967468,0.988739,0.965414,0.990263,24,0.987883,0.984546,0.990746,0.006201,0.988218,0.983465,0.994338,0.982403,0.995108,0.001229,24,0.001221,24,0.824219,24,0.0,24,,0,0.10374,24
20,24,24,False,native,24,0.975057,0.96912,0.982241,0.01312,0.976483,0.96658,0.98874,0.965634,0.989587,24,0.987371,0.984318,0.99104,0.006722,0.988085,0.983006,0.994338,0.982517,0.994766,0.001239,24,0.001177,24,0.839844,24,0.0,24,,0,0.103702,24
20,25,24,False,native,24,0.975871,0.969451,0.981775,0.012324,0.976192,0.966771,0.987772,0.964755,0.988462,24,0.987788,0.984489,0.990803,0.006314,0.987937,0.983105,0.993849,0.982062,0.994198,0.001162,24,0.00123,24,0.814453,24,0.0,24,,0,0.103685,24
20,26,24,False,native,24,0.974761,0.969176,0.981998,0.012823,0.975946,0.966338,0.9876,0.96417,0.988312,24,0.987219,0.984347,0.990917,0.00657,0.98781,0.982881,0.993761,0.981758,0.994122,0.001246,24,0.001222,24,0.839844,24,0.0,24,,0,0.103642,24
20,27,24,False,native,24,0.974613,0.968882,0.982799,0.013918,0.975614,0.966374,0.98647,0.963951,0.988762,24,0.987144,0.984195,0.991325,0.00713,0.98764,0.9829,0.993189,0.981644,0.994349,0.001247,24,0.001237,24,0.863281,24,0.0,24,,0,0.103561,24
20,28,24,False,native,24,0.973321,0.968202,0.98211,0.013908,0.975263,0.966697,0.986859,0.963585,0.988462,24,0.98648,0.983844,0.990974,0.00713,0.98746,0.983067,0.993386,0.981455,0.994198,0.001244,24,0.001162,24,0.875,24,0.0,24,,0,0.103526,24
20,29,24,False,native,24,0.972914,0.96789,0.981533,0.013643,0.974925,0.965942,0.987308,0.963293,0.988012,24,0.986271,0.983683,0.99068,0.006997,0.987286,0.982676,0.993613,0.981303,0.99397,0.001174,24,0.001189,24,0.878906,24,0.0,24,,0,0.103465,24
20,30,24,False,native,24,0.97192,0.967853,0.981887,0.014034,0.974554,0.965034,0.9865,0.96227,0.987712,24,0.985759,0.983664,0.99086,0.007196,0.987095,0.982206,0.993204,0.980772,0.993818,0.001155,24,0.001199,24,0.873047,24,0.0,24,0.999524,24,0.103416,24
20,31,24,False,native,24,0.971587,0.96767,0.9817,0.014031,0.974474,0.964873,0.987256,0.962562,0.987937,24,0.985589,0.983569,0.990765,0.007196,0.987053,0.982122,0.993587,0.980924,0.993932,0.001182,24,0.001178,24,0.896484,24,0.0,24,,0,0.103384,24
20,32,24,False,native,24,0.971734,0.966331,0.981309,0.014979,0.973979,0.96357,0.986694,0.963,0.988087,24,0.985664,0.982877,0.990566,0.007689,0.986799,0.981447,0.993302,0.981151,0.994008,0.001207,24,0.00116,24,0.892578,24,0.0,24,,0,0.103365,24
20,33,24,False,native,24,0.971552,0.966257,0.981886,0.015629,0.97396,0.963709,0.986851,0.962051,0.989812,24,0.98557,0.982839,0.99086,0.008021,0.986788,0.981519,0.993382,0.980658,0.99488,0.001231,24,0.001177,24,0.880859,24,0.0,24,,0,0.103323,24
20,34,24,False,native,24,0.971993,0.965836,0.981551,0.015714,0.97363,0.963402,0.986342,0.961905,0.988237,24,0.985797,0.982621,0.990689,0.008068,0.986619,0.98136,0.993124,0.980583,0.994084,0.001188,24,0.001133,24,0.869141,24,0.0,24,,0,0.103285,24
20,35,24,False,native,24,0.971845,0.965214,0.981421,0.016207,0.973406,0.963139,0.986619,0.961394,0.987563,24,0.985721,0.982299,0.990623,0.008324,0.986504,0.981223,0.993265,0.980317,0.993742,0.001176,24,0.001169,24,0.859375,24,0.0,24,,0,0.103268,24
20,36,24,False,native,24,0.971145,0.964609,0.982017,0.017407,0.972963,0.962,0.98543,0.961832,0.988087,24,0.985361,0.981986,0.990927,0.008941,0.986274,0.980632,0.992662,0.980545,0.994008,0.001219,24,0.00117,24,0.880859,24,0.0,24,,0,0.103244,24
20,37,24,False,native,24,0.971477,0.965048,0.982091,0.017043,0.972989,0.961365,0.986223,0.960446,0.988012,24,0.985532,0.982213,0.990964,0.008751,0.986287,0.980302,0.993064,0.979824,0.99397,0.001247,24,0.001152,24,0.878906,24,0.0,24,,0,0.103274,24
20,38,24,False,native,24,0.971956,0.964463,0.981608,0.017145,0.972993,0.962599,0.984855,0.960155,0.988012,24,0.985778,0.98191,0.990718,0.008808,0.98629,0.980943,0.99237,0.979672,0.99397,0.001205,24,0.001182,24,0.886719,24,0.0,24,,0,0.103328,24
20,39,24,False,native,24,0.973283,0.964152,0.982389,0.018237,0.97314,0.962744,0.985707,0.960738,0.987188,24,0.986461,0.981749,0.991116,0.009367,0.986366,0.981019,0.992802,0.979976,0.993553,0.001206,24,0.001205,24,0.878906,24,0.0,24,,0,0.103346,24
20,40,24,False,native,24,0.972951,0.963494,0.982184,0.018691,0.973072,0.963095,0.98632,0.961759,0.987638,24,0.98629,0.981407,0.991012,0.009604,0.98633,0.981201,0.993113,0.980507,0.99378,0.001225,24,0.001164,24,0.863281,24,0.0,24,0.999459,24,0.103321,24
20,41,24,False,native,24,0.971439,0.963932,0.982519,0.018587,0.972337,0.962825,0.984705,0.958189,0.986964,24,0.985513,0.981635,0.991182,0.009548,0.985952,0.98106,0.992294,0.978648,0.993439,0.00116,24,0.00119,24,0.882812,24,0.0,24,,0,0.103287,24
20,42,24,False,native,24,0.970592,0.963804,0.981849,0.018044,0.971734,0.962197,0.983832,0.958117,0.985542,24,0.985077,0.981569,0.990841,0.009273,0.985642,0.980734,0.99185,0.97861,0.992718,0.001163,24,0.001158,24,0.890625,24,0.0,24,,0,0.103272,24
20,43,24,False,native,24,0.970998,0.964444,0.980807,0.016363,0.971919,0.962043,0.985363,0.957681,0.986739,24,0.985285,0.9819,0.99031,0.00841,0.985737,0.980655,0.992627,0.978383,0.993325,0.001197,24,0.001205,24,0.876953,24,0.0,24,,0,0.103246,24
20,44,24,False,native,24,0.969675,0.964829,0.979823,0.014995,0.971532,0.962482,0.984735,0.955793,0.985542,24,0.984603,0.9821,0.989808,0.007708,0.985538,0.980882,0.992309,0.977397,0.992718,0.001155,24,0.001153,24,0.884766,24,0.0,24,,0,0.103134,24
20,45,24,False,native,24,0.968536,0.96428,0.980102,0.015822,0.97138,0.962525,0.984713,0.954561,0.986514,24,0.984015,0.981815,0.98995,0.008135,0.985457,0.980905,0.992297,0.976752,0.993211,0.001086,24,0.001125,24,0.892578,24,0.0,24,,0,0.102983,24
20,46,24,False,native,24,0.968315,0.963896,0.980565,0.016669,0.970694,0.961372,0.984354,0.950729,0.987038,24,0.983901,0.981616,0.990187,0.008571,0.985102,0.980306,0.992115,0.974742,0.993477,0.001139,24,0.001159,24,0.886719,24,0.0,24,,0,0.102725,24
20,47,24,False,native,24,0.967619,0.962507,0.980677,0.01817,0.969667,0.957637,0.984899,0.948134,0.985243,24,0.983541,0.980895,0.990244,0.009348,0.984566,0.97836,0.992392,0.973377,0.992567,0.001174,24,0.001186,24,0.90625,24,0.0,24,,0,0.102335,24
20,48,24,False,native,24,0.966406,0.961415,0.979618,0.018204,0.968137,0.951949,0.98316,0.943898,0.985094,24,0.982915,0.980327,0.989703,0.009377,0.98377,0.975383,0.991509,0.971139,0.992491,0.001089,24,0.001125,24,0.925781,24,0.0,24,,0,0.101712,24
20,49,24,False,native,24,0.963147,0.958522,0.979396,0.020874,0.966705,0.950989,0.983906,0.94025,0.985243,24,0.981227,0.978819,0.98959,0.010771,0.983019,0.974879,0.991888,0.969205,0.992567,0.001152,24,0.001137,24,0.935547,24,0.0,24,,0,0.100243,24
21,0,24,False,native,24,0.978132,0.974872,0.981532,0.00666,0.975863,0.96918,0.982541,0.947559,0.9836,24,0.988945,0.987276,0.99068,0.003404,0.987765,0.984348,0.991194,0.973073,0.991732,0.001078,24,0.001027,24,0.787109,24,0.0,24,0.999732,24,0.104944,24
21,1,24,False,native,24,0.97906,0.972841,0.983339,0.010499,0.976916,0.972413,0.985393,0.94483,0.98614,24,0.989419,0.986233,0.9916,0.005366,0.988299,0.986013,0.992643,0.971632,0.993022,0.001091,24,0.001078,24,0.763672,24,0.0,24,,0,0.105294,24
21,2,24,False,native,24,0.978948,0.97225,0.983339,0.011089,0.977053,0.968834,0.986103,0.952751,0.988912,24,0.989362,0.98593,0.9916,0.00567,0.988371,0.98417,0.993003,0.975804,0.994425,0.001007,24,0.001019,24,0.777344,24,0.0,24,,0,0.105192,24
21,3,24,False,native,24,0.979171,0.97441,0.984197,0.009787,0.977808,0.971093,0.986365,0.952462,0.989587,24,0.989476,0.987039,0.992036,0.004997,0.988758,0.985334,0.993136,0.975652,0.994766,0.001064,24,0.001029,24,0.773438,24,0.0,24,,0,0.105262,24
21,4,24,False,native,24,0.979171,0.973708,0.982948,0.00924,0.977761,0.970916,0.98784,0.954923,0.990413,24,0.989476,0.986679,0.991401,0.004722,0.988736,0.985243,0.993883,0.976942,0.995184,0.000963,24,0.001078,24,0.765625,24,0.0,24,,0,0.105179,24
21,5,24,False,native,24,0.979134,0.973561,0.982463,0.008902,0.977415,0.970725,0.988447,0.953909,0.990564,24,0.989457,0.986603,0.991154,0.004551,0.988558,0.985145,0.99419,0.976411,0.995259,0.001021,24,0.000989,24,0.777344,24,0.0,24,,0,0.105196,24
21,6,24,False,native,24,0.977724,0.973745,0.983358,0.009613,0.977217,0.970791,0.988822,0.954054,0.99139,24,0.988736,0.986698,0.991609,0.004911,0.988457,0.985179,0.99438,0.976487,0.995677,0.001066,24,0.001011,24,0.8125,24,0.0,24,,0,0.105065,24
21,7,24,False,native,24,0.977168,0.972674,0.982109,0.009435,0.976891,0.970983,0.987975,0.954778,0.990639,24,0.988452,0.986148,0.990974,0.004826,0.988291,0.985278,0.993951,0.976866,0.995297,0.001004,24,0.00099,24,0.802734,24,0.0,24,,0,0.104965,24
21,8,24,False,native,24,0.977019,0.972398,0.98196,0.009562,0.977098,0.970541,0.989145,0.956373,0.990789,24,0.988376,0.986006,0.990898,0.004892,0.988398,0.98505,0.994543,0.9777,0.995373,0.001002,24,0.001008,24,0.808594,24,0.0,24,,0,0.104876,24
21,9,24,False,native,24,0.976649,0.972545,0.981811,0.009266,0.976898,0.969915,0.989325,0.95739,0.990488,24,0.988186,0.986082,0.990822,0.004741,0.988295,0.984728,0.994634,0.978231,0.995221,0.000982,24,0.000937,24,0.816406,24,0.0,24,,0,0.104711,24
21,10,24,False,native,24,0.977094,0.971771,0.981756,0.009985,0.97668,0.968467,0.988762,0.957826,0.99109,24,0.988414,0.985683,0.990794,0.00511,0.988183,0.983981,0.994349,0.978459,0.995525,0.000988,24,0.000972,24,0.798828,24,0.0,24,0.999733,24,0.104568,24
21,11,24,False,native,24,0.977019,0.970979,0.981625,0.010647,0.97662,0.968312,0.98889,0.958189,0.99109,24,0.988376,0.985276,0.990727,0.005452,0.988153,0.983901,0.994414,0.978648,0.995525,0.000923,24,0.000903,24,0.818359,24,0.0,24,,0,0.104426,24
21,12,24,False,native,24,0.977612,0.969966,0.983339,0.013373,0.976589,0.96738,0.98838,0.957027,0.990263,24,0.988679,0.984754,0.9916,0.006845,0.988136,0.983419,0.994156,0.978042,0.995108,0.00097,24,0.000955,24,0.792969,24,0.0,24,,0,0.104302,24
21,13,24,False,native,24,0.97739,0.969801,0.983339,0.013538,0.976709,0.96669,0.9894,0.958917,0.990263,24,0.988566,0.984669,0.9916,0.006931,0.988197,0.983063,0.994672,0.979028,0.995108,0.000964,24,0.000911,24,0.792969,24,0.0,24,,0,0.10425,24
21,14,24,False,native,24,0.977427,0.969359,0.981477,0.012117,0.97632,0.965797,0.988747,0.95848,0.990488,24,0.988585,0.984441,0.990652,0.00621,0.987998,0.9826,0.994342,0.9788,0.995221,0.001017,24,0.000948,24,0.794922,24,0.0,24,,0,0.104152,24
21,15,24,False,native,24,0.977725,0.968937,0.982204,0.013267,0.976592,0.965255,0.989032,0.960082,0.989737,24,0.988736,0.984223,0.991021,0.006798,0.988137,0.982319,0.994486,0.979634,0.994842,0.000987,24,0.000938,24,0.802734,24,0.0,24,,0,0.104074,24
21,16,24,False,native,24,0.976576,0.967559,0.980993,0.013434,0.975868,0.965649,0.988162,0.959936,0.990789,24,0.988149,0.983512,0.990405,0.006893,0.987766,0.982524,0.994046,0.979559,0.995373,0.000981,24,0.000953,24,0.832031,24,0.0,24,,0,0.103976,24
21,17,24,False,native,24,0.976241,0.967486,0.982166,0.01468,0.975881,0.964719,0.98883,0.961175,0.990564,24,0.987978,0.983474,0.991002,0.007528,0.987772,0.982043,0.994383,0.980203,0.995259,0.000906,24,0.000938,24,0.830078,24,0.0,24,,0,0.103892,24
21,18,24,False,native,24,0.976427,0.966221,0.981441,0.01522,0.975312,0.963753,0.98784,0.960009,0.989662,24,0.988073,0.98282,0.990633,0.007812,0.98748,0.981542,0.993883,0.979596,0.994804,0.000927,24,0.000979,24,0.841797,24,0.0,24,,0,0.103778,24
21,19,24,False,native,24,0.975872,0.965195,0.981943,0.016748,0.975205,0.963738,0.9891,0.959354,0.989888,24,0.987788,0.982289,0.990889,0.008599,0.987423,0.981534,0.99452,0.979255,0.994918,0.000916,24,0.000934,24,0.839844,24,0.0,24,,0,0.103709,24
21,20,24,False,native,24,0.975316,0.965323,0.980956,0.015633,0.974921,0.963278,0.988552,0.959936,0.989812,24,0.987504,0.982356,0.990386,0.008031,0.987278,0.981296,0.994243,0.979559,0.99488,0.000879,24,0.000912,24,0.839844,24,0.0,24,0.999705,24,0.103638,24
21,21,24,False,native,24,0.975168,0.964957,0.981069,0.016112,0.974791,0.963359,0.987915,0.960009,0.990413,24,0.987428,0.982166,0.990443,0.008277,0.987211,0.981337,0.993921,0.979596,0.995184,0.000892,24,0.000891,24,0.830078,24,0.0,24,,0,0.103585,24
21,22,24,False,native,24,0.973985,0.964261,0.98213,0.017869,0.974434,0.963585,0.987218,0.959863,0.989212,24,0.986821,0.981806,0.990983,0.009178,0.987028,0.981455,0.993568,0.979521,0.994577,0.000907,24,0.00091,24,0.847656,24,0.0,24,,0,0.103535,24
21,23,24,False,native,24,0.97417,0.96428,0.981478,0.017198,0.974421,0.962599,0.987915,0.960883,0.990188,24,0.986916,0.981815,0.990652,0.008836,0.987022,0.980943,0.993921,0.980052,0.99507,0.000912,24,0.000882,24,0.861328,24,0.0,24,,0,0.103481,24
21,24,24,False,native,24,0.973801,0.964298,0.981609,0.017311,0.974373,0.963059,0.988664,0.960446,0.989737,24,0.986726,0.981825,0.990718,0.008893,0.986997,0.981182,0.9943,0.979824,0.994842,0.000849,24,0.000948,24,0.84375,24,0.0,24,,0,0.103462,24
21,25,24,False,native,24,0.97321,0.964408,0.980882,0.016474,0.97392,0.9633,0.987458,0.962489,0.988687,24,0.986423,0.981881,0.990348,0.008467,0.986767,0.981307,0.993689,0.980886,0.994311,0.000884,24,0.00095,24,0.871094,24,0.0,24,,0,0.103393,24
21,26,24,False,native,24,0.974059,0.964133,0.980475,0.016341,0.974056,0.963008,0.987727,0.961686,0.989137,24,0.986859,0.981739,0.99014,0.0084,0.986835,0.981155,0.993826,0.980469,0.994539,0.000939,24,0.000903,24,0.833984,24,0.0,24,,0,0.103333,24
21,27,24,False,native,24,0.973247,0.964902,0.980474,0.015572,0.974056,0.962766,0.988215,0.961613,0.989212,24,0.986442,0.982137,0.99014,0.008002,0.986835,0.98103,0.994072,0.980431,0.994577,0.000916,24,0.000953,24,0.867188,24,0.0,24,,0,0.103321,24
21,28,24,False,native,24,0.973874,0.964518,0.979565,0.015048,0.974118,0.963643,0.988215,0.96227,0.989062,24,0.986764,0.981938,0.989675,0.007737,0.986869,0.981485,0.994072,0.980772,0.994501,0.000957,24,0.000925,24,0.855469,24,0.0,24,,0,0.103294,24
21,29,24,False,native,24,0.972988,0.963987,0.98016,0.016173,0.973895,0.962657,0.98805,0.961759,0.989737,24,0.986309,0.981663,0.989978,0.008315,0.986752,0.980973,0.993989,0.980507,0.994842,0.000946,24,0.000917,24,0.878906,24,0.0,24,,0,0.103274,24
21,30,24,False,native,24,0.972877,0.963402,0.980661,0.017258,0.973712,0.962511,0.988042,0.961613,0.989362,24,0.986252,0.98136,0.990234,0.008874,0.986658,0.980897,0.993985,0.980431,0.994653,0.000961,24,0.000897,24,0.861328,24,0.0,24,0.999682,24,0.103256,24
21,31,24,False,native,24,0.972472,0.964079,0.978711,0.014632,0.973223,0.963088,0.987885,0.960883,0.989512,24,0.986044,0.981711,0.989239,0.007528,0.986407,0.981197,0.993905,0.980052,0.994728,0.000953,24,0.000909,24,0.878906,24,0.0,24,,0,0.103267,24
21,32,24,False,native,24,0.972435,0.963695,0.978768,0.015074,0.973229,0.961832,0.988095,0.960227,0.990113,24,0.986025,0.981512,0.989267,0.007756,0.986409,0.980545,0.994012,0.97971,0.995032,0.000905,24,0.000957,24,0.859375,24,0.0,24,,0,0.10325,24
21,33,24,False,native,24,0.971734,0.963804,0.979378,0.015574,0.972977,0.961701,0.987241,0.960009,0.988237,24,0.985664,0.981569,0.98958,0.008012,0.986281,0.980476,0.993579,0.979596,0.994084,0.000918,24,0.000951,24,0.865234,24,0.0,24,,0,0.103256,24
21,34,24,False,native,24,0.97214,0.964426,0.980176,0.015749,0.97289,0.961606,0.988222,0.959208,0.988687,24,0.985873,0.981891,0.989988,0.008097,0.986235,0.980427,0.994076,0.979179,0.994311,0.000884,24,0.000956,24,0.853516,24,0.0,24,,0,0.103284,24
21,35,24,False,native,24,0.972767,0.964609,0.979212,0.014603,0.973037,0.960606,0.988057,0.958844,0.990113,24,0.986195,0.981986,0.989495,0.007509,0.986309,0.979907,0.993993,0.97899,0.995032,0.000866,24,0.000985,24,0.855469,24,0.0,24,,0,0.103267,24
21,36,24,False,native,24,0.972361,0.965067,0.979081,0.014015,0.973012,0.960585,0.987802,0.959062,0.989587,24,0.985987,0.982223,0.989428,0.007206,0.986298,0.979896,0.993864,0.979103,0.994766,0.000928,24,0.000912,24,0.849609,24,0.0,24,,0,0.103289,24
21,37,24,False,native,24,0.972545,0.965506,0.979119,0.013613,0.973363,0.961891,0.987892,0.959936,0.988687,24,0.986082,0.98245,0.989447,0.006997,0.98648,0.980575,0.993909,0.979559,0.994311,0.000847,24,0.00095,24,0.837891,24,0.0,24,,0,0.103299,24
21,38,24,False,native,24,0.972767,0.964133,0.979416,0.015283,0.973076,0.962628,0.98802,0.95979,0.988462,24,0.986195,0.981739,0.989599,0.00786,0.986331,0.980958,0.993974,0.979483,0.994198,0.000917,24,0.000913,24,0.859375,24,0.0,24,,0,0.103324,24
21,39,24,False,native,24,0.972619,0.964664,0.977897,0.013233,0.972863,0.962569,0.987548,0.958844,0.988237,24,0.98612,0.982014,0.988822,0.006807,0.986222,0.980928,0.993735,0.97899,0.994084,0.000923,24,0.000924,24,0.867188,24,0.0,24,,0,0.103331,24
21,40,24,False,native,24,0.972287,0.965598,0.978823,0.013226,0.972984,0.962993,0.987091,0.958335,0.988612,24,0.985949,0.982498,0.989296,0.006798,0.986285,0.981148,0.993503,0.978724,0.994273,0.000955,24,0.000927,24,0.865234,24,0.0,24,0.999664,24,0.103385,24
21,41,24,False,native,24,0.971882,0.966001,0.97975,0.013749,0.972886,0.963198,0.98614,0.957899,0.988237,24,0.98574,0.982706,0.98977,0.007063,0.986235,0.981254,0.993022,0.978497,0.994084,0.000985,24,0.000964,24,0.875,24,0.0,24,,0,0.103389,24
21,42,24,False,native,24,0.970703,0.966111,0.97886,0.012749,0.972714,0.963753,0.987151,0.958699,0.988012,24,0.985133,0.982763,0.989315,0.006552,0.986146,0.981542,0.993534,0.978914,0.99397,0.000933,24,0.000921,24,0.894531,24,0.0,24,,0,0.103432,24
21,43,24,False,native,24,0.971108,0.966789,0.979304,0.012515,0.972958,0.961752,0.987121,0.957681,0.987787,24,0.985342,0.983114,0.989542,0.006428,0.986271,0.980503,0.993519,0.978383,0.993856,0.000952,24,0.000903,24,0.896484,24,0.0,24,,0,0.103435,24
21,44,24,False,native,24,0.970004,0.967009,0.979971,0.012962,0.972923,0.961474,0.987443,0.958335,0.989287,24,0.984773,0.983228,0.989884,0.006656,0.986252,0.980359,0.993682,0.978724,0.994615,0.000972,24,0.000943,24,0.882812,24,0.0,24,,0,0.103466,24
21,45,24,False,native,24,0.969636,0.966679,0.979507,0.012828,0.972798,0.959499,0.987091,0.959208,0.989437,24,0.984584,0.983057,0.989647,0.006589,0.986187,0.979331,0.993503,0.979179,0.994691,0.000936,24,0.000949,24,0.890625,24,0.0,24,,0,0.103584,24
21,46,24,False,native,24,0.970743,0.967064,0.979581,0.012517,0.972796,0.959062,0.98626,0.95848,0.988462,24,0.985152,0.983256,0.989684,0.006428,0.986187,0.979103,0.993083,0.9788,0.994198,0.000982,24,0.000981,24,0.861328,24,0.0,24,,0,0.103738,24
21,47,24,False,native,24,0.971184,0.967339,0.979117,0.011778,0.972703,0.958939,0.985931,0.957899,0.987563,24,0.98538,0.983398,0.989447,0.006049,0.98614,0.979039,0.992916,0.978497,0.993742,0.000971,24,0.000979,24,0.859375,24,0.0,24,,0,0.104022,24
21,48,24,False,native,24,0.970703,0.966899,0.980491,0.013592,0.972982,0.961197,0.985206,0.958626,0.989062,24,0.985133,0.983171,0.990149,0.006978,0.986284,0.980215,0.992548,0.978876,0.994501,0.000965,24,0.000946,24,0.888672,24,0.0,24,,0,0.104239,24
21,49,24,False,native,24,0.971625,0.967285,0.980175,0.01289,0.972992,0.959135,0.986485,0.957899,0.987413,24,0.985608,0.98337,0.989988,0.006618,0.986289,0.979141,0.993196,0.978497,0.993667,0.001025,24,0.001023,24,0.871094,24,0.0,24,,0,0.104118,24
22,0,24,False,native,24,0.976686,0.969029,0.980695,0.011666,0.974263,0.960366,0.984138,0.953692,0.986215,24,0.988205,0.984271,0.990253,0.005983,0.986943,0.979782,0.992005,0.976297,0.99306,0.001118,24,0.000919,24,0.810547,24,0.0,24,0.999669,24,0.101176,24
22,1,24,False,native,24,0.977317,0.97096,0.981998,0.011037,0.97576,0.964887,0.986043,0.94835,0.988462,24,0.988528,0.985266,0.990917,0.005651,0.987709,0.98213,0.992973,0.973491,0.994198,0.00109,24,0.00103,24,0.789062,24,0.0,24,,0,0.101626,24
22,2,24,False,native,24,0.982743,0.974725,0.986028,0.011304,0.980102,0.968477,0.986791,0.964975,0.989737,24,0.991296,0.9872,0.992965,0.005765,0.989937,0.983984,0.993352,0.982175,0.994842,0.00123,24,0.001191,24,0.683594,24,0.0,24,,0,0.102179,24
22,3,24,False,native,24,0.982892,0.976056,0.985617,0.009561,0.980278,0.973255,0.987315,0.961759,0.988762,24,0.991372,0.987883,0.992756,0.004873,0.990027,0.986446,0.993617,0.980507,0.994349,0.001236,24,0.001178,24,0.701172,24,0.0,24,,0,0.10272,24
22,4,24,False,native,24,0.983004,0.977501,0.98644,0.008939,0.980803,0.974503,0.987862,0.95739,0.988762,24,0.991429,0.988623,0.993174,0.004551,0.990293,0.987087,0.993894,0.978231,0.994349,0.00125,24,0.001292,24,0.695312,24,0.0,24,,0,0.103081,24
22,5,24,False,native,24,0.982184,0.978651,0.986402,0.007751,0.980543,0.974835,0.987128,0.95739,0.988012,24,0.991012,0.98921,0.993155,0.003944,0.99016,0.987257,0.993522,0.978231,0.99397,0.00128,24,0.001212,24,0.710938,24,0.0,24,,0,0.103213,24
22,6,24,False,native,24,0.98319,0.978855,0.985617,0.006762,0.98063,0.976397,0.987016,0.952607,0.988687,24,0.991524,0.989315,0.992756,0.003442,0.990201,0.988057,0.993466,0.975728,0.994311,0.001256,24,0.0012,24,0.710938,24,0.0,24,,0,0.103392,24
22,7,24,False,native,24,0.982743,0.97997,0.985972,0.006002,0.980686,0.974281,0.986874,0.954995,0.988012,24,0.991296,0.989884,0.992937,0.003053,0.990231,0.986973,0.993394,0.97698,0.99397,0.001252,24,0.001192,24,0.667969,24,0.0,24,,0,0.103488,24
22,8,24,False,native,24,0.983339,0.979858,0.985972,0.006114,0.98101,0.975605,0.987368,0.956373,0.988237,24,0.9916,0.989827,0.992937,0.00311,0.990397,0.987652,0.993644,0.9777,0.994084,0.00123,24,0.001267,24,0.6875,24,0.0,24,,0,0.103643,24
22,9,24,False,native,24,0.983712,0.980639,0.985131,0.004492,0.981269,0.976671,0.988357,0.955575,0.988987,24,0.991789,0.990225,0.99251,0.002285,0.990528,0.988198,0.994144,0.977283,0.994463,0.001228,24,0.001228,24,0.673828,24,0.0,24,,0,0.103681,24
22,10,24,False,native,24,0.983974,0.981774,0.98614,0.004366,0.981309,0.977538,0.986896,0.951162,0.988987,24,0.991922,0.990803,0.993022,0.002219,0.990546,0.988642,0.993405,0.97497,0.994463,0.001244,24,0.001289,24,0.669922,24,0.0,24,0.99972,24,0.103787,24
22,11,24,False,native,24,0.983377,0.980416,0.984664,0.004248,0.981131,0.977798,0.986814,0.956156,0.987787,24,0.991619,0.990111,0.992273,0.002162,0.99046,0.988774,0.993363,0.977586,0.993856,0.001204,24,0.001266,24,0.681641,24,0.0,24,,0,0.103832,24
22,12,24,False,native,24,0.983414,0.981254,0.985542,0.004288,0.981133,0.977042,0.986425,0.956519,0.987563,24,0.991638,0.990538,0.992718,0.002181,0.99046,0.988387,0.993166,0.977776,0.993742,0.001234,24,0.001207,24,0.667969,24,0.0,24,,0,0.103867,24
22,13,24,False,native,24,0.983489,0.981217,0.984664,0.003448,0.98103,0.97779,0.985699,0.954271,0.987712,24,0.991676,0.990519,0.992273,0.001754,0.990408,0.98877,0.992798,0.9766,0.993818,0.00122,24,0.001281,24,0.677734,24,0.0,24,,0,0.103879,24
22,14,24,False,native,24,0.983339,0.980621,0.98416,0.003539,0.980692,0.975693,0.985146,0.958117,0.987862,24,0.9916,0.990215,0.992017,0.001801,0.990238,0.987697,0.992517,0.97861,0.993894,0.001247,24,0.001221,24,0.683594,24,0.0,24,,0,0.103863,24
22,15,24,False,native,24,0.983414,0.980918,0.984235,0.003316,0.98104,0.976908,0.985565,0.959062,0.988612,24,0.991638,0.990367,0.992055,0.001688,0.990416,0.988319,0.99273,0.979103,0.994273,0.00119,24,0.001203,24,0.683594,24,0.0,24,,0,0.103882,24
22,16,24,False,native,24,0.983526,0.98049,0.98444,0.00395,0.98086,0.977123,0.985161,0.957099,0.987862,24,0.991694,0.990149,0.992159,0.00201,0.990323,0.988429,0.992525,0.978079,0.993894,0.001177,24,0.001171,24,0.683594,24,0.0,24,,0,0.103908,24
22,17,24,False,native,24,0.983526,0.979468,0.984664,0.005196,0.980857,0.97573,0.985699,0.957681,0.988312,24,0.991694,0.989628,0.992273,0.002645,0.990321,0.987716,0.992798,0.978383,0.994122,0.00123,24,0.001201,24,0.669922,24,0.0,24,,0,0.103979,24
22,18,24,False,native,24,0.982743,0.979227,0.984664,0.005437,0.980599,0.975671,0.985355,0.960227,0.986964,24,0.991296,0.989504,0.992273,0.002769,0.990193,0.987686,0.992624,0.97971,0.993439,0.00106,24,0.00114,24,0.675781,24,0.0,24,,0,0.104009,24
22,19,24,False,native,24,0.983638,0.979394,0.984589,0.005196,0.980861,0.975014,0.985363,0.962562,0.987787,24,0.991751,0.98959,0.992235,0.002645,0.990328,0.987348,0.992627,0.980924,0.993856,0.001111,24,0.001106,24,0.671875,24,0.0,24,,0,0.104091,24
22,20,24,False,native,24,0.982743,0.978725,0.983656,0.004931,0.980016,0.973919,0.985669,0.961467,0.986664,24,0.991296,0.989248,0.991761,0.002513,0.989896,0.986787,0.992783,0.980355,0.993287,0.001073,24,0.001072,24,0.695312,24,0.0,24,0.999741,24,0.104138,24
22,21,24,False,native,24,0.982445,0.977724,0.984104,0.006381,0.979894,0.973254,0.984862,0.962343,0.987563,24,0.991145,0.988736,0.991988,0.003252,0.989835,0.986446,0.992373,0.98081,0.993742,0.001188,24,0.001145,24,0.716797,24,0.0,24,,0,0.104197,24
22,22,24,False,native,24,0.982333,0.977464,0.984608,0.007144,0.979952,0.971918,0.98537,0.962051,0.987712,24,0.991088,0.988604,0.992244,0.003641,0.989863,0.985759,0.992631,0.980658,0.993818,0.00109,24,0.001045,24,0.699219,24,0.0,24,,0,0.104201,24
22,23,24,False,native,24,0.982519,0.978837,0.984608,0.005771,0.980178,0.970519,0.985834,0.964536,0.986589,24,0.991182,0.989305,0.992244,0.002939,0.98998,0.985039,0.992866,0.981948,0.993249,0.001095,24,0.001109,24,0.6875,24,0.0,24,,0,0.104222,24
22,24,24,False,native,24,0.981476,0.978224,0.984291,0.006066,0.979897,0.969915,0.985767,0.964316,0.986814,24,0.990652,0.988992,0.992083,0.003091,0.989836,0.984728,0.992832,0.981834,0.993363,0.00109,24,0.001128,24,0.71875,24,0.0,24,,0,0.104229,24
22,25,24,False,native,24,0.981551,0.9788,0.984888,0.006089,0.980112,0.97021,0.985834,0.964902,0.98629,24,0.990689,0.989286,0.992387,0.0031,0.989947,0.984879,0.992866,0.982137,0.993098,0.001116,24,0.001101,24,0.724609,24,0.0,24,,0,0.104219,24
22,26,24,False,native,24,0.981849,0.978243,0.985168,0.006925,0.979945,0.96882,0.985998,0.963073,0.98614,24,0.990841,0.989002,0.992529,0.003527,0.98986,0.984163,0.99295,0.981189,0.993022,0.00119,24,0.001136,24,0.707031,24,0.0,24,,0,0.104246,24
22,27,24,False,native,24,0.982407,0.977408,0.985038,0.007629,0.980233,0.969319,0.985318,0.96666,0.987638,24,0.991126,0.988575,0.992462,0.003887,0.990008,0.984421,0.992605,0.983048,0.99378,0.001071,24,0.001139,24,0.685547,24,0.0,24,,0,0.104213,24
22,28,24,False,native,24,0.981774,0.977483,0.984645,0.007163,0.979764,0.968563,0.985804,0.963731,0.987113,24,0.990803,0.988613,0.992263,0.00365,0.989768,0.98403,0.992851,0.981531,0.993515,0.001125,24,0.001083,24,0.705078,24,0.0,24,,0,0.104202,24
22,29,24,False,native,24,0.981886,0.977075,0.985187,0.008112,0.980061,0.96899,0.985595,0.965341,0.987113,24,0.99086,0.988405,0.992538,0.004134,0.98992,0.98425,0.992745,0.982365,0.993515,0.00119,24,0.001212,24,0.699219,24,0.0,24,,0,0.104183,24
22,30,24,False,native,24,0.981179,0.976927,0.984645,0.007719,0.979759,0.970151,0.985856,0.966734,0.986589,24,0.9905,0.988329,0.992263,0.003935,0.989767,0.984849,0.992878,0.983086,0.993249,0.001128,24,0.001166,24,0.720703,24,0.0,24,0.999737,24,0.104133,24
22,31,24,False,native,24,0.980658,0.976538,0.984533,0.007996,0.979293,0.969997,0.985355,0.962781,0.986365,24,0.990234,0.98813,0.992206,0.004077,0.989528,0.984769,0.992624,0.981038,0.993136,0.001148,24,0.00106,24,0.746094,24,0.0,24,,0,0.104101,24
22,32,24,False,native,24,0.981253,0.977168,0.984533,0.007366,0.979656,0.969886,0.985654,0.967541,0.986589,24,0.990538,0.988452,0.992206,0.003755,0.989714,0.984713,0.992775,0.983503,0.993249,0.001154,24,0.001115,24,0.734375,24,0.0,24,,0,0.104048,24
22,33,24,False,native,24,0.98036,0.976612,0.984384,0.007772,0.979548,0.970202,0.986193,0.966881,0.986964,24,0.990083,0.988167,0.992131,0.003963,0.989659,0.984876,0.993048,0.983161,0.993439,0.001123,24,0.001148,24,0.742188,24,0.0,24,,0,0.104034,24
22,34,24,False,native,24,0.981253,0.97613,0.984758,0.008627,0.979628,0.971277,0.985296,0.966881,0.986066,24,0.990538,0.987921,0.99232,0.004399,0.9897,0.985429,0.992593,0.983161,0.992984,0.001077,24,0.001086,24,0.748047,24,0.0,24,,0,0.103984,24
22,35,24,False,native,24,0.980583,0.976038,0.984291,0.008253,0.979555,0.971977,0.985012,0.96644,0.986514,24,0.990196,0.987874,0.992083,0.00421,0.989664,0.98579,0.992449,0.982934,0.993211,0.001115,24,0.001174,24,0.744141,24,0.0,24,,0,0.103911,24
22,36,24,False,native,24,0.9801,0.975631,0.984664,0.009034,0.979567,0.972546,0.985826,0.968349,0.986889,24,0.98995,0.987665,0.992273,0.004608,0.98967,0.986082,0.992863,0.98392,0.993401,0.001283,24,0.001123,24,0.771484,24,0.0,24,,0,0.103901,24
22,37,24,False,native,24,0.98062,0.975797,0.98472,0.008923,0.979779,0.972449,0.985393,0.969157,0.986589,24,0.990215,0.98775,0.992301,0.004551,0.989779,0.986032,0.992643,0.984337,0.993249,0.001259,24,0.001121,24,0.748047,24,0.0,24,,0,0.103922,24
22,38,24,False,native,24,0.980658,0.976038,0.98416,0.008122,0.980049,0.97417,0.985378,0.972177,0.987937,24,0.990234,0.987874,0.992017,0.004143,0.989918,0.986916,0.992635,0.985892,0.993932,0.001083,24,0.001142,24,0.734375,24,0.0,24,,0,0.103961,24
22,39,24,False,native,24,0.980509,0.975316,0.984739,0.009423,0.980032,0.974377,0.985968,0.969451,0.986739,24,0.990159,0.987504,0.992311,0.004807,0.989909,0.987022,0.992935,0.984489,0.993325,0.001131,24,0.00113,24,0.734375,24,0.0,24,,0,0.103998,24
22,40,24,False,native,24,0.98036,0.975575,0.984776,0.009201,0.980106,0.974532,0.985998,0.971882,0.987638,24,0.990083,0.987637,0.99233,0.004693,0.989947,0.987102,0.99295,0.98574,0.99378,0.001141,24,0.001137,24,0.75,24,0.0,24,0.999747,24,0.104055,24
22,41,24,False,native,24,0.978614,0.975113,0.984123,0.00901,0.979615,0.974466,0.985796,0.973727,0.986964,24,0.989191,0.987399,0.991998,0.004598,0.989697,0.987068,0.992847,0.986688,0.993439,0.001113,24,0.001144,24,0.763672,24,0.0,24,,0,0.104083,24
22,42,24,False,native,24,0.979468,0.975131,0.984142,0.00901,0.979805,0.974332,0.984877,0.971882,0.987937,24,0.989628,0.987409,0.992007,0.004598,0.989793,0.986999,0.992381,0.98574,0.993932,0.001151,24,0.001101,24,0.773438,24,0.0,24,,0,0.104193,24
22,43,24,False,native,24,0.979877,0.976075,0.984515,0.00844,0.980245,0.975131,0.985056,0.971292,0.988912,24,0.989836,0.987893,0.992197,0.004304,0.990018,0.987409,0.992472,0.985437,0.994425,0.001088,24,0.001159,24,0.761719,24,0.0,24,,0,0.104364,24
22,44,24,False,native,24,0.980063,0.975612,0.984627,0.009015,0.980166,0.975101,0.985318,0.974687,0.989287,24,0.989931,0.987655,0.992254,0.004598,0.989978,0.987394,0.992605,0.987181,0.994615,0.001138,24,0.001171,24,0.763672,24,0.0,24,,0,0.104737,24
22,45,24,False,native,24,0.97932,0.976204,0.983302,0.007098,0.980057,0.975205,0.985012,0.974613,0.989212,24,0.989552,0.987959,0.991581,0.003622,0.989923,0.987447,0.992449,0.987144,0.994577,0.001052,24,0.001063,24,0.771484,24,0.0,24,,0,0.105208,24
22,46,24,False,native,24,0.979914,0.977112,0.98278,0.005668,0.980163,0.975686,0.984952,0.974909,0.988687,24,0.989855,0.988423,0.991315,0.002892,0.989978,0.987693,0.992419,0.987295,0.994311,0.001139,24,0.001124,24,0.759766,24,0.0,24,,0,0.105804,24
22,47,24,False,native,24,0.979282,0.976797,0.982761,0.005964,0.980266,0.976145,0.984026,0.974096,0.989512,24,0.989533,0.988262,0.991306,0.003043,0.990031,0.987929,0.991949,0.986878,0.994728,0.001123,24,0.001136,24,0.767578,24,0.0,24,,0,0.106588,24
22,48,24,False,native,24,0.979134,0.977853,0.981662,0.003809,0.979826,0.975745,0.984153,0.972841,0.989512,24,0.989457,0.988803,0.990746,0.001944,0.989806,0.987724,0.992013,0.986233,0.994728,0.001104,24,0.001122,24,0.75,24,0.0,24,,0,0.10739,24
22,49,24,False,native,24,0.979134,0.97739,0.982594,0.005204,0.979626,0.975212,0.984489,0.970629,0.987862,24,0.989457,0.988566,0.99122,0.002655,0.989703,0.987451,0.992184,0.985096,0.993894,0.001124,24,0.001084,24,0.748047,24,0.0,24,,0,0.108557,24
23,0,24,False,native,24,0.978651,0.97332,0.982911,0.00959,0.975585,0.96571,0.985318,0.93555,0.989287,24,0.98921,0.98648,0.991382,0.004902,0.987602,0.982555,0.992605,0.966702,0.994615,0.001199,24,0.001141,24,0.798828,24,0.0,24,0.999728,24,0.106392,24
23,1,24,False,native,24,0.978725,0.972951,0.983171,0.01022,0.974801,0.967813,0.988042,0.912388,0.989888,24,0.989248,0.98629,0.991514,0.005224,0.987162,0.983643,0.993985,0.954187,0.994918,0.001109,24,0.00111,24,0.785156,24,0.0,24,,0,0.106506,24
23,2,24,False,native,24,0.98211,0.978299,0.986084,0.007786,0.978343,0.96821,0.987847,0.935408,0.988837,24,0.990974,0.98903,0.992993,0.003963,0.989013,0.983848,0.993887,0.966626,0.994387,0.001272,24,0.001207,24,0.699219,24,0.0,24,,0,0.106545,24
23,3,24,False,native,24,0.98237,0.97843,0.986234,0.007804,0.979209,0.968768,0.987443,0.944399,0.990188,24,0.991107,0.989097,0.993069,0.003973,0.989466,0.984136,0.993682,0.971405,0.99507,0.001177,24,0.001225,24,0.716797,24,0.0,24,,0,0.106919,24
23,4,24,False,native,24,0.983078,0.977724,0.985897,0.008173,0.979596,0.968724,0.98814,0.94605,0.988987,24,0.991467,0.988736,0.992899,0.004162,0.989667,0.984113,0.994034,0.972277,0.994463,0.001101,24,0.001176,24,0.685547,24,0.0,24,,0,0.106851,24
23,5,24,False,native,24,0.982221,0.977263,0.985467,0.008204,0.979751,0.968922,0.987443,0.956373,0.989362,24,0.991031,0.988499,0.992681,0.004181,0.989752,0.984216,0.993682,0.9777,0.994653,0.001173,24,0.001178,24,0.677734,24,0.0,24,,0,0.106785,24
23,6,24,False,native,24,0.983451,0.976617,0.985692,0.009075,0.980336,0.967402,0.987945,0.959135,0.990564,24,0.991657,0.988167,0.992794,0.004627,0.990053,0.983431,0.993936,0.979141,0.995259,0.001251,24,0.001149,24,0.679688,24,0.0,24,,0,0.10673,24
23,7,24,False,native,24,0.983265,0.976595,0.985673,0.009078,0.980117,0.969003,0.987712,0.961321,0.988012,24,0.991562,0.988158,0.992785,0.004627,0.989942,0.984257,0.993818,0.980279,0.99397,0.001286,24,0.001195,24,0.681641,24,0.0,24,,0,0.106751,24
23,8,24,False,native,24,0.983638,0.977042,0.985355,0.008313,0.980455,0.969319,0.988125,0.960738,0.989362,24,0.991751,0.988386,0.992624,0.004238,0.990116,0.984421,0.994027,0.979976,0.994653,0.001159,24,0.001233,24,0.671875,24,0.0,24,,0,0.106636,24
23,9,24,False,native,24,0.983675,0.977338,0.986327,0.008989,0.980683,0.968702,0.987181,0.964975,0.989888,24,0.99177,0.988537,0.993117,0.004579,0.990233,0.984102,0.993549,0.982175,0.994918,0.00127,24,0.001185,24,0.666016,24,0.0,24,,0,0.106516,24
23,10,24,False,native,24,0.983339,0.976802,0.98601,0.009208,0.980496,0.968989,0.987405,0.966367,0.988012,24,0.9916,0.988262,0.992955,0.004693,0.99014,0.98425,0.993663,0.982896,0.99397,0.001303,24,0.001307,24,0.689453,24,0.0,24,0.999753,24,0.106343,24
23,11,24,False,native,24,0.983116,0.976095,0.985561,0.009466,0.9805,0.969805,0.987196,0.965268,0.988837,24,0.991486,0.987902,0.992728,0.004826,0.990141,0.984671,0.993557,0.982327,0.994387,0.001304,24,0.001191,24,0.6875,24,0.0,24,,0,0.106228,24
23,12,24,False,native,24,0.983041,0.976782,0.985766,0.008984,0.980585,0.970165,0.986589,0.967761,0.990564,24,0.991448,0.988253,0.992832,0.004579,0.990185,0.984857,0.993249,0.983617,0.995259,0.001178,24,0.001243,24,0.685547,24,0.0,24,,0,0.106114,24
23,13,24,False,native,24,0.983153,0.976319,0.985449,0.009129,0.98027,0.969393,0.987668,0.965195,0.988762,24,0.991505,0.988016,0.992671,0.004655,0.990023,0.984458,0.993796,0.982289,0.994349,0.001217,24,0.001161,24,0.685547,24,0.0,24,,0,0.105976,24
23,14,24,False,native,24,0.982519,0.974707,0.985785,0.011078,0.980045,0.968283,0.987068,0.967394,0.988162,24,0.991182,0.987191,0.992842,0.005651,0.989909,0.983886,0.993492,0.983427,0.994046,0.001208,24,0.001285,24,0.703125,24,0.0,24,,0,0.1059,24
23,15,24,False,native,24,0.982743,0.975783,0.985486,0.009703,0.980056,0.969121,0.986911,0.965707,0.988312,24,0.991296,0.987741,0.99269,0.004949,0.989915,0.984318,0.993412,0.982555,0.994122,0.001198,24,0.001239,24,0.6875,24,0.0,24,,0,0.105765,24
23,16,24,False,native,24,0.982258,0.975578,0.985262,0.009684,0.979749,0.967673,0.986544,0.965707,0.989437,24,0.99105,0.987637,0.992576,0.00494,0.989757,0.983571,0.993227,0.982555,0.994691,0.001219,24,0.001209,24,0.708984,24,0.0,24,,0,0.10575,24
23,17,24,False,native,24,0.981625,0.97421,0.985748,0.011538,0.97946,0.968672,0.986342,0.964975,0.987563,24,0.990727,0.986935,0.992823,0.005888,0.98961,0.984087,0.993124,0.982175,0.993742,0.001165,24,0.001187,24,0.728516,24,0.0,24,,0,0.105669,24
23,18,24,False,native,24,0.982035,0.975466,0.984963,0.009497,0.979539,0.968143,0.985916,0.965414,0.987638,24,0.990936,0.98758,0.992425,0.004845,0.989651,0.983814,0.992908,0.982403,0.99378,0.00125,24,0.001185,24,0.707031,24,0.0,24,,0,0.105627,24
23,19,24,False,native,24,0.981253,0.973969,0.985169,0.0112,0.979215,0.967842,0.986313,0.963146,0.989287,24,0.990538,0.986812,0.992529,0.005717,0.989484,0.983658,0.993109,0.981227,0.994615,0.001155,24,0.001218,24,0.738281,24,0.0,24,,0,0.105662,24
23,20,24,False,native,24,0.981179,0.974581,0.984851,0.01027,0.979032,0.966873,0.986425,0.965121,0.987862,24,0.9905,0.987125,0.992368,0.005243,0.989391,0.983158,0.993166,0.982251,0.993894,0.00115,24,0.001167,24,0.740234,24,0.0,24,0.999746,24,0.105586,24
23,21,24,False,native,24,0.980955,0.975616,0.985243,0.009627,0.978884,0.966697,0.986118,0.961978,0.987638,24,0.990386,0.987655,0.992567,0.004911,0.989315,0.983067,0.99301,0.98062,0.99378,0.001187,24,0.00115,24,0.730469,24,0.0,24,,0,0.105578,24
23,22,24,False,native,24,0.980546,0.974134,0.984421,0.010287,0.978778,0.966272,0.986589,0.965561,0.988762,24,0.990177,0.986897,0.99215,0.005253,0.989261,0.982847,0.993249,0.982479,0.994349,0.001223,24,0.001162,24,0.742188,24,0.0,24,,0,0.105534,24
23,23,24,False,native,24,0.980026,0.975743,0.985486,0.009743,0.979078,0.967431,0.986926,0.964463,0.987413,24,0.989912,0.987722,0.99269,0.004968,0.989416,0.983446,0.99342,0.98191,0.993667,0.001231,24,0.001166,24,0.746094,24,0.0,24,,0,0.105517,24
23,24,24,False,native,24,0.980249,0.97554,0.984944,0.009405,0.978571,0.96477,0.986268,0.962489,0.987862,24,0.990026,0.987618,0.992415,0.004797,0.989154,0.982069,0.993086,0.980886,0.993894,0.00126,24,0.001166,24,0.753906,24,0.0,24,,0,0.105504,24
23,25,24,False,native,24,0.980732,0.975206,0.984739,0.009533,0.978742,0.965202,0.987053,0.963731,0.987787,24,0.990272,0.987447,0.992311,0.004864,0.989242,0.982293,0.993485,0.981531,0.993856,0.001207,24,0.001169,24,0.744141,24,0.0,24,,0,0.105453,24
23,26,24,False,native,24,0.979468,0.975096,0.984982,0.009886,0.97822,0.964148,0.986507,0.961613,0.987712,24,0.989628,0.98739,0.992434,0.005044,0.988973,0.981747,0.993208,0.980431,0.993818,0.001204,24,0.001131,24,0.769531,24,0.0,24,,0,0.105435,24
23,27,24,False,native,24,0.979654,0.974558,0.984086,0.009528,0.97824,0.966048,0.986642,0.958553,0.986964,24,0.989722,0.987115,0.991979,0.004864,0.988984,0.982729,0.993276,0.978838,0.993439,0.001158,24,0.001161,24,0.757812,24,0.0,24,,0,0.105368,24
23,28,24,False,native,24,0.978985,0.97443,0.985168,0.010738,0.977939,0.966067,0.986567,0.959863,0.987413,24,0.989381,0.987049,0.992529,0.00548,0.98883,0.98274,0.993238,0.979521,0.993667,0.001165,24,0.001152,24,0.757812,24,0.0,24,,0,0.105305,24
23,29,24,False,native,24,0.97958,0.974264,0.984365,0.010102,0.977866,0.966206,0.986118,0.959062,0.987712,24,0.989684,0.986963,0.992121,0.005158,0.988792,0.982813,0.99301,0.979103,0.993818,0.001162,24,0.001196,24,0.753906,24,0.0,24,,0,0.105231,24
23,30,24,False,native,24,0.979134,0.973302,0.984926,0.011624,0.977724,0.967622,0.986395,0.957971,0.986964,24,0.989457,0.98647,0.992406,0.005935,0.988719,0.983544,0.993151,0.978535,0.993439,0.001126,24,0.001143,24,0.777344,24,0.0,24,0.999726,24,0.105182,24
23,31,24,False,native,24,0.978725,0.973487,0.984758,0.011271,0.977545,0.966675,0.98629,0.957753,0.986739,24,0.989248,0.986565,0.99232,0.005755,0.988627,0.983055,0.993098,0.978421,0.993325,0.001227,24,0.001194,24,0.787109,24,0.0,24,,0,0.105098,24
23,32,24,False,native,24,0.978503,0.973727,0.983992,0.010266,0.97777,0.967923,0.986253,0.958408,0.986964,24,0.989135,0.986688,0.991932,0.005243,0.988744,0.9837,0.993079,0.978762,0.993439,0.001197,24,0.001086,24,0.775391,24,0.0,24,,0,0.105059,24
23,33,24,False,native,24,0.978688,0.97273,0.984011,0.011281,0.977572,0.968195,0.986043,0.959718,0.987263,24,0.989229,0.986176,0.991941,0.005765,0.988643,0.98384,0.992973,0.979445,0.993591,0.001126,24,0.001127,24,0.773438,24,0.0,24,,0,0.105053,24
23,34,24,False,native,24,0.977946,0.972896,0.983451,0.010556,0.977466,0.968716,0.985744,0.959062,0.986964,24,0.98885,0.986262,0.991657,0.005395,0.988589,0.98411,0.992821,0.979103,0.993439,0.001135,24,0.001065,24,0.785156,24,0.0,24,,0,0.104991,24
23,35,24,False,native,24,0.97906,0.972066,0.983154,0.011088,0.977461,0.967952,0.986604,0.957826,0.987263,24,0.989419,0.985835,0.991505,0.00567,0.988585,0.983715,0.993257,0.978459,0.993591,0.001032,24,0.001178,24,0.767578,24,0.0,24,,0,0.105006,24
23,36,24,False,native,24,0.97713,0.971366,0.98472,0.013355,0.976933,0.969098,0.985991,0.957463,0.986589,24,0.988433,0.985475,0.992301,0.006826,0.988314,0.984307,0.992946,0.978269,0.993249,0.001124,24,0.001113,24,0.789062,24,0.0,24,,0,0.105032,24
23,37,24,False,native,24,0.978911,0.970887,0.983396,0.012509,0.977025,0.96854,0.985849,0.957245,0.98629,24,0.989343,0.985228,0.991628,0.0064,0.988362,0.984019,0.992874,0.978155,0.993098,0.001106,24,0.001133,24,0.773438,24,0.0,24,,0,0.105086,24
23,38,24,False,native,24,0.978985,0.971439,0.982836,0.011397,0.977226,0.969908,0.9854,0.958117,0.985692,24,0.989381,0.985513,0.991344,0.005831,0.988466,0.984724,0.992646,0.97861,0.992794,0.001118,24,0.001116,24,0.773438,24,0.0,24,,0,0.105171,24
23,39,24,False,native,24,0.979357,0.971992,0.983116,0.011123,0.976997,0.968328,0.98478,0.957899,0.985542,24,0.989571,0.985797,0.991486,0.005689,0.988349,0.983909,0.992332,0.978497,0.992718,0.001149,24,0.001116,24,0.773438,24,0.0,24,,0,0.10525,24
23,40,24,False,native,24,0.9801,0.972841,0.981961,0.00912,0.976988,0.967717,0.985176,0.955285,0.985841,24,0.98995,0.986233,0.990898,0.004665,0.988343,0.983594,0.992533,0.977131,0.99287,0.001067,24,0.001054,24,0.748047,24,0.0,24,0.999745,24,0.105328,24
23,41,24,False,native,24,0.979357,0.972453,0.982519,0.010066,0.976784,0.966389,0.984571,0.956591,0.985916,24,0.989571,0.986034,0.991182,0.005148,0.988239,0.982907,0.992225,0.977814,0.992908,0.00105,24,0.001092,24,0.771484,24,0.0,24,,0,0.1054,24
23,42,24,False,native,24,0.979431,0.974336,0.981849,0.007513,0.976983,0.966133,0.984601,0.957027,0.985617,24,0.989609,0.987001,0.990841,0.00384,0.988341,0.982775,0.992241,0.978042,0.992756,0.001116,24,0.001111,24,0.757812,24,0.0,24,,0,0.105479,24
23,43,24,False,native,24,0.97854,0.974689,0.980918,0.006229,0.976512,0.966462,0.983817,0.956373,0.986215,24,0.989154,0.987181,0.990367,0.003186,0.988101,0.982945,0.991842,0.9777,0.99306,0.001118,24,0.00106,24,0.775391,24,0.0,24,,0,0.105556,24
23,44,24,False,native,24,0.978354,0.974542,0.98278,0.008238,0.976425,0.964756,0.983421,0.957172,0.986215,24,0.989059,0.987106,0.991315,0.00421,0.988055,0.982062,0.991641,0.978117,0.99306,0.001172,24,0.001083,24,0.773438,24,0.0,24,,0,0.105737,24
23,45,24,False,native,24,0.979617,0.974762,0.981625,0.006863,0.976188,0.961978,0.983414,0.955575,0.985094,24,0.989703,0.987219,0.990727,0.003508,0.987932,0.98062,0.991638,0.977283,0.992491,0.001077,24,0.001134,24,0.755859,24,0.0,24,,0,0.105955,24
23,46,24,False,native,24,0.979394,0.975668,0.981253,0.005585,0.976419,0.963402,0.983407,0.954633,0.985692,24,0.98959,0.987684,0.990538,0.002854,0.988051,0.98136,0.991634,0.97679,0.992794,0.001109,24,0.001049,24,0.773438,24,0.0,24,,0,0.106165,24
23,47,24,False,native,24,0.97958,0.975409,0.98129,0.005882,0.976584,0.964192,0.983056,0.955358,0.986215,24,0.989684,0.987551,0.990557,0.003006,0.988136,0.98177,0.991456,0.977169,0.99306,0.001092,24,0.00113,24,0.759766,24,0.0,24,,0,0.106409,24
23,48,24,False,native,24,0.97906,0.97478,0.981216,0.006436,0.976545,0.965048,0.983205,0.957172,0.984347,24,0.989419,0.987229,0.990519,0.00329,0.988118,0.982213,0.991531,0.978117,0.992112,0.001081,24,0.001117,24,0.759766,24,0.0,24,,0,0.106604,24
23,49,24,False,native,24,0.978948,0.97432,0.980788,0.006468,0.976247,0.963892,0.98419,0.956446,0.985916,24,0.989362,0.986992,0.990301,0.003309,0.987964,0.981614,0.992032,0.977738,0.992908,0.00109,24,0.001111,24,0.78125,24,0.0,24,,0,0.106837,24
24,0,24,False,native,24,0.980211,0.973191,0.983843,0.010652,0.977794,0.966522,0.986171,0.958771,0.987563,24,0.990007,0.986413,0.991856,0.005442,0.988757,0.982976,0.993037,0.978952,0.993742,0.00106,24,0.001046,24,0.734375,24,0.0,24,0.999722,24,0.106707,24
24,1,24,False,native,24,0.983153,0.978521,0.985094,0.006572,0.980767,0.973339,0.986687,0.963512,0.988387,24,0.991505,0.989144,0.992491,0.003347,0.99028,0.986487,0.993299,0.981417,0.99416,0.001231,24,0.00121,24,0.701172,24,0.0,24,,0,0.107394,24
24,2,24,False,native,24,0.984459,0.977779,0.985355,0.007576,0.981869,0.974429,0.986477,0.970187,0.990564,24,0.992169,0.988765,0.992624,0.003859,0.990844,0.987049,0.993193,0.984868,0.995259,0.001138,24,0.00121,24,0.671875,24,0.0,24,,0,0.107187,24
24,3,24,False,native,24,0.983824,0.980472,0.985187,0.004715,0.982285,0.974347,0.987315,0.972103,0.989437,24,0.991846,0.99014,0.992538,0.002399,0.991058,0.987007,0.993617,0.985854,0.994691,0.001174,24,0.001137,24,0.679688,24,0.0,24,,0,0.107289,24
24,4,24,False,native,24,0.983302,0.98036,0.986309,0.005949,0.982638,0.974385,0.988492,0.971734,0.990188,24,0.991581,0.990083,0.993107,0.003024,0.991236,0.987026,0.994213,0.985664,0.99507,0.001133,24,0.001097,24,0.679688,24,0.0,24,,0,0.107405,24
24,5,24,False,native,24,0.983078,0.97945,0.986421,0.006972,0.982538,0.976376,0.988237,0.971145,0.990263,24,0.991467,0.989618,0.993164,0.003546,0.991186,0.988046,0.994084,0.985361,0.995108,0.001146,24,0.001105,24,0.679688,24,0.0,24,,0,0.107357,24
24,6,24,False,native,24,0.983414,0.980918,0.986739,0.005821,0.982824,0.977242,0.989107,0.970482,0.989963,24,0.991638,0.990367,0.993325,0.002958,0.991331,0.98849,0.994524,0.98502,0.994956,0.001115,24,0.001084,24,0.679688,24,0.0,24,,0,0.107438,24
24,7,24,False,native,24,0.981737,0.979375,0.986608,0.007233,0.982263,0.976775,0.989055,0.970555,0.990338,24,0.990784,0.98958,0.993259,0.003679,0.991045,0.988251,0.994497,0.985058,0.995146,0.001161,24,0.001119,24,0.710938,24,0.0,24,,0,0.107494,24
24,8,24,False,native,24,0.982407,0.97958,0.986458,0.006879,0.982548,0.978095,0.989032,0.969966,0.989737,24,0.991126,0.989684,0.993183,0.003499,0.99119,0.988926,0.994486,0.984754,0.994842,0.001158,24,0.001122,24,0.722656,24,0.0,24,,0,0.107585,24
24,9,24,False,native,24,0.982109,0.979617,0.987919,0.008302,0.982395,0.977412,0.989347,0.97004,0.990639,24,0.990974,0.989703,0.993923,0.004219,0.991111,0.988577,0.994645,0.984792,0.995297,0.001112,24,0.001133,24,0.712891,24,0.0,24,,0,0.107625,24
24,10,24,False,native,24,0.981253,0.978837,0.986926,0.008089,0.982062,0.977375,0.989099,0.970482,0.990939,24,0.990538,0.989305,0.99342,0.004115,0.990942,0.988558,0.99452,0.98502,0.995449,0.001164,24,0.001058,24,0.730469,24,0.0,24,0.999737,24,0.107689,24
24,11,24,False,native,24,0.98103,0.978224,0.986571,0.008346,0.981705,0.976486,0.989557,0.971439,0.990038,24,0.990424,0.988992,0.99324,0.004248,0.990761,0.988103,0.994751,0.985513,0.994994,0.001041,24,0.001056,24,0.738281,24,0.0,24,,0,0.107709,24
24,12,24,False,native,24,0.981216,0.979468,0.985487,0.006019,0.982011,0.977056,0.989039,0.970629,0.990564,24,0.990519,0.989628,0.99269,0.003062,0.990917,0.988395,0.99449,0.985096,0.995259,0.001102,24,0.00113,24,0.734375,24,0.0,24,,0,0.10782,24
24,13,24,False,native,24,0.980137,0.978725,0.985861,0.007135,0.98168,0.976849,0.98961,0.970703,0.990714,24,0.989969,0.989248,0.99288,0.003631,0.990748,0.988289,0.994778,0.985133,0.995335,0.001054,24,0.00112,24,0.759766,24,0.0,24,,0,0.107899,24
24,14,24,False,native,24,0.981104,0.977761,0.98588,0.008119,0.98165,0.977093,0.989497,0.969304,0.990338,24,0.990462,0.988755,0.992889,0.004134,0.990732,0.988414,0.994721,0.984413,0.995146,0.00111,24,0.00103,24,0.751953,24,0.0,24,,0,0.107946,24
24,15,24,False,native,24,0.980137,0.976667,0.984983,0.008315,0.98083,0.975597,0.988402,0.970997,0.989137,24,0.989969,0.988196,0.992434,0.004238,0.990315,0.987648,0.994167,0.985285,0.994539,0.001037,24,0.001041,24,0.757812,24,0.0,24,,0,0.108013,24
24,16,24,False,native,24,0.980323,0.977149,0.984796,0.007647,0.981177,0.975938,0.98934,0.971366,0.989812,24,0.990064,0.988442,0.992339,0.003897,0.990492,0.987822,0.994641,0.985475,0.99488,0.001026,24,0.000983,24,0.730469,24,0.0,24,,0,0.108055,24
24,17,24,False,native,24,0.979988,0.977001,0.98515,0.00815,0.980966,0.975627,0.989077,0.968496,0.990639,24,0.989893,0.988367,0.992519,0.004153,0.990383,0.987663,0.994508,0.983996,0.995297,0.001011,24,0.001069,24,0.748047,24,0.0,24,,0,0.108149,24
24,18,24,False,native,24,0.97958,0.97726,0.984646,0.007386,0.980934,0.974865,0.989175,0.970629,0.99109,24,0.989684,0.988499,0.992263,0.003764,0.990367,0.987272,0.994558,0.985096,0.995525,0.000931,24,0.001029,24,0.767578,24,0.0,24,,0,0.108233,24
24,19,24,False,native,24,0.978651,0.977019,0.984384,0.007365,0.980768,0.974924,0.989107,0.971071,0.990939,24,0.98921,0.988376,0.992131,0.003755,0.990283,0.987303,0.994524,0.985323,0.995449,0.001012,24,0.000936,24,0.78125,24,0.0,24,,0,0.108291,24
24,20,24,False,native,24,0.97906,0.975853,0.984888,0.009036,0.980643,0.975079,0.988537,0.970261,0.990338,24,0.989419,0.987779,0.992387,0.004608,0.990219,0.987382,0.994235,0.984906,0.995146,0.001053,24,0.001066,24,0.773438,24,0.0,24,0.999738,24,0.108365,24
24,21,24,False,native,24,0.978577,0.976056,0.985075,0.009019,0.980559,0.97434,0.98919,0.971513,0.989737,24,0.989172,0.987883,0.992481,0.004598,0.990176,0.987003,0.994565,0.985551,0.994842,0.000981,24,0.000992,24,0.785156,24,0.0,24,,0,0.108406,24
24,22,24,False,native,24,0.978725,0.975816,0.985187,0.009372,0.980454,0.974185,0.989407,0.971513,0.990789,24,0.989248,0.98776,0.992538,0.004779,0.990122,0.986924,0.994675,0.985551,0.995373,0.001021,24,0.001049,24,0.775391,24,0.0,24,,0,0.108445,24
24,23,24,False,native,24,0.978466,0.976186,0.984552,0.008366,0.98028,0.973675,0.9885,0.97085,0.989737,24,0.989116,0.987949,0.992216,0.004267,0.990034,0.986662,0.994216,0.985209,0.994842,0.001049,24,0.000944,24,0.783203,24,0.0,24,,0,0.108431,24
24,24,24,False,native,24,0.97854,0.975668,0.986477,0.01081,0.980455,0.973682,0.989145,0.972103,0.989512,24,0.989154,0.987684,0.993193,0.005509,0.990122,0.986666,0.994543,0.985854,0.994728,0.000988,24,0.000996,24,0.783203,24,0.0,24,,0,0.108467,24
24,25,24,False,native,24,0.97802,0.975427,0.985561,0.010134,0.980258,0.973993,0.988357,0.973062,0.990338,24,0.988888,0.987561,0.992728,0.005167,0.990023,0.986825,0.994144,0.986347,0.995146,0.000991,24,0.000951,24,0.792969,24,0.0,24,,0,0.108471,24
24,26,24,False,native,24,0.978688,0.976001,0.98629,0.010289,0.980416,0.97369,0.98802,0.972545,0.990639,24,0.989229,0.987855,0.993098,0.005243,0.990103,0.986669,0.993974,0.986082,0.995297,0.000993,24,0.001022,24,0.779297,24,0.0,24,,0,0.108458,24
24,27,24,False,native,24,0.9788,0.976667,0.986178,0.009511,0.980387,0.97366,0.987555,0.972841,0.989362,24,0.989286,0.988196,0.993041,0.004845,0.990089,0.986654,0.993739,0.986233,0.994653,0.00104,24,0.000983,24,0.783203,24,0.0,24,,0,0.108417,24
24,28,24,False,native,24,0.977464,0.97552,0.985318,0.009799,0.979901,0.97366,0.986567,0.972914,0.990263,24,0.988604,0.987608,0.992605,0.004997,0.989841,0.986654,0.993238,0.986271,0.995108,0.001028,24,0.000942,24,0.791016,24,0.0,24,,0,0.108342,24
24,29,24,False,native,24,0.977575,0.976427,0.985897,0.009471,0.980264,0.974044,0.988297,0.973136,0.990789,24,0.98866,0.988073,0.992899,0.004826,0.990026,0.986851,0.994114,0.986385,0.995373,0.000982,24,0.001011,24,0.808594,24,0.0,24,,0,0.108278,24
24,30,24,False,native,24,0.977724,0.976612,0.98543,0.008818,0.98012,0.974325,0.987166,0.973653,0.990113,24,0.988736,0.988167,0.992662,0.004494,0.989953,0.986996,0.993541,0.98665,0.995032,0.000947,24,0.001057,24,0.78125,24,0.0,24,0.999736,24,0.108243,24
24,31,24,False,native,24,0.977983,0.975816,0.985038,0.009223,0.98027,0.974429,0.987645,0.974096,0.99109,24,0.988869,0.98776,0.992462,0.004703,0.990029,0.987049,0.993784,0.986878,0.995525,0.000978,24,0.000962,24,0.787109,24,0.0,24,,0,0.108186,24
24,32,24,False,native,24,0.978206,0.975483,0.985243,0.009761,0.980032,0.974,0.9876,0.972324,0.990413,24,0.988983,0.987589,0.992567,0.004978,0.989907,0.986829,0.993761,0.985968,0.995184,0.001026,24,0.000975,24,0.798828,24,0.0,24,,0,0.108164,24
24,33,24,False,native,24,0.978354,0.975483,0.985748,0.010265,0.98002,0.973261,0.987315,0.972914,0.990488,24,0.989059,0.987589,0.992823,0.005234,0.989901,0.986449,0.993617,0.986271,0.995221,0.001004,24,0.000977,24,0.791016,24,0.0,24,,0,0.108069,24
24,34,24,False,native,24,0.978466,0.976612,0.98487,0.008258,0.980071,0.973601,0.987083,0.972029,0.990263,24,0.989116,0.988167,0.992377,0.00421,0.989928,0.986624,0.9935,0.985816,0.995108,0.001035,24,0.000931,24,0.777344,24,0.0,24,,0,0.107995,24
24,35,24,False,native,24,0.977353,0.976075,0.984739,0.008664,0.979692,0.97434,0.986964,0.972545,0.989963,24,0.988547,0.987893,0.992311,0.004418,0.989735,0.987003,0.993439,0.986082,0.994956,0.001021,24,0.000987,24,0.791016,24,0.0,24,,0,0.107936,24
24,36,24,False,native,24,0.97854,0.976927,0.982948,0.006022,0.979765,0.974126,0.987675,0.972472,0.988762,24,0.989154,0.988329,0.991401,0.003072,0.989773,0.986893,0.993799,0.986044,0.994349,0.000974,24,0.001003,24,0.785156,24,0.0,24,,0,0.107918,24
24,37,24,False,native,24,0.97906,0.976464,0.984795,0.008331,0.979868,0.973896,0.987166,0.972841,0.988162,24,0.989419,0.988092,0.992339,0.004248,0.989825,0.986776,0.993541,0.986233,0.994046,0.000972,24,0.000992,24,0.775391,24,0.0,24,,0,0.107934,24
24,38,24,False,native,24,0.978354,0.976371,0.984179,0.007808,0.979796,0.974377,0.987151,0.973579,0.989362,24,0.989059,0.988044,0.992026,0.003982,0.989789,0.987022,0.993534,0.986613,0.994653,0.001027,24,0.001005,24,0.791016,24,0.0,24,,0,0.108038,24
24,39,24,False,native,24,0.978688,0.976593,0.984142,0.007548,0.979882,0.974185,0.987271,0.973357,0.988762,24,0.989229,0.988158,0.992007,0.003849,0.989833,0.986924,0.993595,0.986499,0.994349,0.001004,24,0.000954,24,0.771484,24,0.0,24,,0,0.108056,24
24,40,24,False,native,24,0.978206,0.976242,0.983619,0.007378,0.979527,0.973461,0.987293,0.972398,0.987937,24,0.988983,0.987978,0.991742,0.003764,0.989651,0.986552,0.993606,0.986006,0.993932,0.001055,24,0.000986,24,0.779297,24,0.0,24,0.999737,24,0.108097,24
24,41,24,False,native,24,0.97828,0.975834,0.98388,0.008046,0.979494,0.973675,0.987098,0.97166,0.989062,24,0.989021,0.987769,0.991875,0.004105,0.989634,0.986662,0.993507,0.985627,0.994501,0.000985,24,0.000989,24,0.789062,24,0.0,24,,0,0.108107,24
24,42,24,False,native,24,0.978837,0.976075,0.982873,0.006798,0.97944,0.973062,0.986934,0.972324,0.988762,24,0.989305,0.987893,0.991363,0.00347,0.989607,0.986347,0.993424,0.985968,0.994349,0.000997,24,0.001031,24,0.791016,24,0.0,24,,0,0.108188,24
24,43,24,False,native,24,0.978503,0.976927,0.983227,0.006301,0.979681,0.973298,0.987218,0.972988,0.989137,24,0.989135,0.988329,0.991543,0.003214,0.98973,0.986468,0.993568,0.986309,0.994539,0.001054,24,0.001012,24,0.773438,24,0.0,24,,0,0.1082,24
24,44,24,False,native,24,0.978391,0.97726,0.982892,0.005632,0.979605,0.974281,0.986605,0.972472,0.989212,24,0.989078,0.988499,0.991372,0.002873,0.989692,0.986973,0.993257,0.986044,0.994577,0.000984,24,0.000969,24,0.789062,24,0.0,24,,0,0.108386,24
24,45,24,False,native,24,0.977946,0.975927,0.981309,0.005382,0.979249,0.975301,0.9865,0.972472,0.988837,24,0.98885,0.987817,0.990566,0.00275,0.989511,0.987496,0.993204,0.986044,0.994387,0.000966,24,0.001061,24,0.791016,24,0.0,24,,0,0.108641,24
24,46,24,False,native,24,0.978837,0.977112,0.981625,0.004513,0.979818,0.976175,0.986477,0.973357,0.989287,24,0.989305,0.988423,0.990727,0.002304,0.989801,0.987944,0.993193,0.986499,0.994615,0.001049,24,0.001053,24,0.785156,24,0.0,24,,0,0.108876,24
24,47,24,False,native,24,0.979394,0.977557,0.981588,0.004031,0.979867,0.974141,0.985669,0.972767,0.988837,24,0.98959,0.988651,0.990708,0.002057,0.989827,0.986901,0.992783,0.986195,0.994387,0.00099,24,0.001026,24,0.777344,24,0.0,24,,0,0.109185,24
24,48,24,False,native,24,0.979022,0.977928,0.980844,0.002916,0.979712,0.974843,0.986275,0.97225,0.989512,24,0.9894,0.988841,0.990329,0.001489,0.989748,0.987261,0.99309,0.98593,0.994728,0.001058,24,0.001099,24,0.763672,24,0.0,24,,0,0.109382,24
24,49,24,False,native,24,0.978911,0.977705,0.980044,0.002339,0.979592,0.976138,0.984855,0.975279,0.988462,24,0.989343,0.988727,0.989921,0.001195,0.989688,0.987925,0.99237,0.987485,0.994198,0.001058,24,0.001005,24,0.775391,24,0.0,24,,0,0.109715,24
25,0,24,False,native,24,0.977057,0.965964,0.982296,0.016332,0.970887,0.953919,0.98375,0.910794,0.985916,24,0.988395,0.982687,0.991069,0.008381,0.985145,0.976415,0.991808,0.953315,0.992908,0.001004,24,0.000951,24,0.796875,24,0.0,24,0.999733,24,0.105971,24
25,1,24,False,native,24,0.97676,0.972306,0.982575,0.010269,0.970207,0.965004,0.984899,0.890315,0.986066,24,0.988243,0.985958,0.991211,0.005253,0.984716,0.982191,0.992392,0.941975,0.992984,0.001037,24,0.000929,24,0.777344,24,0.0,24,,0,0.106513,24
25,2,24,False,native,24,0.983862,0.979301,0.985748,0.006447,0.975899,0.976278,0.986619,0.888284,0.989587,24,0.991865,0.989542,0.992823,0.00328,0.987638,0.987997,0.993265,0.940837,0.994766,0.001242,24,0.001203,24,0.65625,24,0.0,24,,0,0.108139,24
25,3,24,False,native,24,0.984384,0.9801,0.986421,0.006321,0.976692,0.976723,0.986956,0.895615,0.988612,24,0.992131,0.98995,0.993164,0.003214,0.988057,0.988224,0.993435,0.944933,0.994273,0.001198,24,0.001338,24,0.646484,24,0.0,24,,0,0.10814,24
25,4,24,False,native,24,0.984758,0.981067,0.987132,0.006065,0.976972,0.977242,0.98829,0.892825,0.988612,24,0.99232,0.990443,0.993524,0.003081,0.988183,0.98849,0.99411,0.943378,0.994273,0.001239,24,0.001307,24,0.638672,24,0.0,24,,0,0.108327,24
25,5,24,False,native,24,0.984832,0.980881,0.986421,0.00554,0.976813,0.976597,0.987608,0.895342,0.988462,24,0.992358,0.990348,0.993164,0.002816,0.988111,0.98816,0.993765,0.944782,0.994198,0.00125,24,0.001222,24,0.628906,24,0.0,24,,0,0.108374,24
25,6,24,False,native,24,0.984758,0.981552,0.986795,0.005244,0.976707,0.97573,0.987862,0.891739,0.988612,24,0.99232,0.990689,0.993354,0.002664,0.988046,0.987716,0.993894,0.942772,0.994273,0.001292,24,0.001313,24,0.632812,24,0.0,24,,0,0.108431,24
25,7,24,False,native,24,0.98558,0.980863,0.986552,0.005689,0.976719,0.97485,0.987323,0.89235,0.989512,24,0.992737,0.990339,0.99323,0.002892,0.988051,0.987265,0.993621,0.943113,0.994728,0.001309,24,0.001259,24,0.623047,24,0.0,24,,0,0.108439,24
25,8,24,False,native,24,0.985356,0.980063,0.986795,0.006732,0.976532,0.974288,0.987683,0.892485,0.988837,24,0.992624,0.989931,0.993354,0.003423,0.987954,0.986977,0.993803,0.943189,0.994387,0.001274,24,0.00126,24,0.623047,24,0.0,24,,0,0.10846,24
25,9,24,False,native,24,0.984683,0.98103,0.98687,0.00584,0.976624,0.97352,0.98826,0.890993,0.989587,24,0.992282,0.990424,0.993392,0.002968,0.988002,0.986582,0.994095,0.942354,0.994766,0.001375,24,0.001291,24,0.623047,24,0.0,24,,0,0.108462,24
25,10,24,False,native,24,0.985243,0.980993,0.987207,0.006213,0.976782,0.973254,0.987593,0.893913,0.988912,24,0.992567,0.990405,0.993562,0.003157,0.988092,0.986446,0.993758,0.943985,0.994425,0.001256,24,0.001242,24,0.628906,24,0.0,24,0.999807,24,0.108446,24
25,11,24,False,native,24,0.984944,0.981961,0.986066,0.004105,0.976515,0.971336,0.987375,0.896092,0.988387,24,0.992415,0.990898,0.992984,0.002086,0.987964,0.98546,0.993648,0.945199,0.99416,0.001254,24,0.001241,24,0.625,24,0.0,24,,0,0.108474,24
25,12,24,False,native,24,0.984235,0.981943,0.986122,0.004178,0.97622,0.968843,0.987593,0.898003,0.988087,24,0.992055,0.990889,0.993012,0.002124,0.987814,0.984174,0.993758,0.946261,0.994008,0.001199,24,0.001138,24,0.630859,24,0.0,24,,0,0.108492,24
25,13,24,False,native,24,0.983563,0.981198,0.985804,0.004606,0.976227,0.967233,0.987907,0.903483,0.988837,24,0.991713,0.990509,0.992851,0.002342,0.987836,0.983343,0.993917,0.949295,0.994387,0.001191,24,0.001138,24,0.662109,24,0.0,24,,0,0.108492,24
25,14,24,False,native,24,0.984384,0.981254,0.985991,0.004737,0.976664,0.967512,0.987413,0.90417,0.988762,24,0.992131,0.990538,0.992946,0.002408,0.988063,0.983488,0.993667,0.949674,0.994349,0.001218,24,0.001161,24,0.630859,24,0.0,24,,0,0.108533,24
25,15,24,False,native,24,0.984683,0.980715,0.985935,0.00522,0.976809,0.967857,0.987196,0.908443,0.988612,24,0.992282,0.990263,0.992918,0.002655,0.98815,0.983666,0.993557,0.952025,0.994273,0.001259,24,0.001243,24,0.646484,24,0.0,24,,0,0.108531,24
25,16,24,False,native,24,0.984646,0.981161,0.985916,0.004755,0.977046,0.967585,0.987495,0.910309,0.990413,24,0.992263,0.99049,0.992908,0.002418,0.988275,0.983525,0.993708,0.953049,0.995184,0.001139,24,0.001141,24,0.646484,24,0.0,24,,0,0.108531,24
25,17,24,False,native,24,0.984011,0.98105,0.985486,0.004436,0.976872,0.964924,0.98784,0.913706,0.988537,24,0.991941,0.990433,0.99269,0.002257,0.988196,0.982149,0.993883,0.954907,0.994235,0.001165,24,0.001176,24,0.646484,24,0.0,24,,0,0.108516,24
25,18,24,False,native,24,0.984011,0.981553,0.985823,0.004269,0.977247,0.965964,0.987023,0.916697,0.989062,24,0.991941,0.990689,0.992861,0.002171,0.988397,0.982687,0.993469,0.956538,0.994501,0.001078,24,0.001233,24,0.638672,24,0.0,24,,0,0.108455,24
25,19,24,False,native,24,0.984832,0.982447,0.985954,0.003507,0.977994,0.966638,0.987525,0.918859,0.989512,24,0.992358,0.991145,0.992927,0.001782,0.988784,0.983036,0.993723,0.957714,0.994728,0.001214,24,0.001171,24,0.630859,24,0.0,24,,0,0.108429,24
25,20,24,False,native,24,0.984272,0.981795,0.986159,0.004364,0.97792,0.96573,0.98739,0.921376,0.989137,24,0.992074,0.990813,0.993031,0.002219,0.988752,0.982566,0.993655,0.959079,0.994539,0.001178,24,0.001245,24,0.634766,24,0.0,24,0.999809,24,0.108398,24
25,21,24,False,native,24,0.983936,0.98118,0.985094,0.003914,0.977787,0.965144,0.988507,0.923338,0.989212,24,0.991903,0.9905,0.992491,0.001991,0.988689,0.982263,0.99422,0.960141,0.994577,0.001236,24,0.001183,24,0.640625,24,0.0,24,,0,0.108441,24
25,22,24,False,native,24,0.983862,0.981403,0.98543,0.004027,0.977845,0.965312,0.98808,0.923829,0.988387,24,0.991865,0.990614,0.992662,0.002048,0.988721,0.98235,0.994004,0.960407,0.99416,0.001215,24,0.00116,24,0.628906,24,0.0,24,,0,0.10847,24
25,23,24,False,native,24,0.984496,0.981665,0.985561,0.003896,0.978087,0.965986,0.988087,0.924531,0.988612,24,0.992188,0.990746,0.992728,0.001982,0.988845,0.982699,0.994008,0.960786,0.994273,0.001158,24,0.001175,24,0.644531,24,0.0,24,,0,0.108506,24
25,24,24,False,native,24,0.983936,0.981069,0.985729,0.00466,0.977957,0.965041,0.988252,0.925655,0.989362,24,0.991903,0.990443,0.992813,0.00237,0.988781,0.982209,0.994091,0.961393,0.994653,0.001221,24,0.001236,24,0.634766,24,0.0,24,,0,0.108502,24
25,25,24,False,native,24,0.984459,0.981833,0.98543,0.003597,0.978282,0.965414,0.988447,0.926781,0.989362,24,0.992169,0.990832,0.992662,0.00183,0.98895,0.982403,0.99419,0.961999,0.994653,0.001142,24,0.00112,24,0.640625,24,0.0,24,,0,0.108532,24
25,26,24,False,native,24,0.984272,0.981163,0.984907,0.003744,0.978043,0.964492,0.98844,0.926781,0.990263,24,0.992074,0.99049,0.992396,0.001906,0.98883,0.981925,0.994186,0.961999,0.995108,0.001167,24,0.001111,24,0.660156,24,0.0,24,,0,0.108579,24
25,27,24,False,native,24,0.98416,0.981814,0.985,0.003186,0.978029,0.963,0.988282,0.926429,0.990413,24,0.992017,0.990822,0.992443,0.001621,0.988823,0.981151,0.994106,0.96181,0.995184,0.001157,24,0.001151,24,0.646484,24,0.0,24,,0,0.108639,24
25,28,24,False,native,24,0.98375,0.980845,0.984571,0.003726,0.977755,0.96387,0.98751,0.9265,0.989512,24,0.991808,0.990329,0.992225,0.001896,0.988684,0.981603,0.993716,0.961848,0.994728,0.001131,24,0.00116,24,0.671875,24,0.0,24,,0,0.108646,24
25,29,24,False,native,24,0.983638,0.98146,0.984608,0.003148,0.978082,0.963074,0.988327,0.926992,0.990113,24,0.991751,0.990642,0.992244,0.001602,0.988852,0.981189,0.994129,0.962113,0.995032,0.0012,24,0.001187,24,0.654297,24,0.0,24,,0,0.108728,24
25,30,24,False,native,24,0.983862,0.980623,0.984814,0.00419,0.978083,0.965239,0.988754,0.926781,0.990488,24,0.991865,0.990215,0.992349,0.002133,0.988853,0.982312,0.994345,0.961999,0.995221,0.001169,24,0.001134,24,0.660156,24,0.0,24,0.999816,24,0.108799,24
25,31,24,False,native,24,0.983377,0.980231,0.98472,0.004489,0.978082,0.96477,0.988874,0.930025,0.990939,24,0.991619,0.990016,0.992301,0.002285,0.988858,0.982069,0.994406,0.963744,0.995449,0.001184,24,0.001133,24,0.679688,24,0.0,24,,0,0.108833,24
25,32,24,False,native,24,0.983377,0.979822,0.984235,0.004413,0.977848,0.964009,0.988597,0.930731,0.990113,24,0.991619,0.989808,0.992055,0.002247,0.988738,0.981675,0.994266,0.964123,0.995032,0.001153,24,0.00112,24,0.673828,24,0.0,24,,0,0.108926,24
25,33,24,False,native,24,0.983302,0.98077,0.984627,0.003857,0.978275,0.965569,0.988095,0.931368,0.989512,24,0.991581,0.990291,0.992254,0.001963,0.988961,0.982483,0.994012,0.964465,0.994728,0.001102,24,0.001125,24,0.660156,24,0.0,24,,0,0.108921,24
25,34,24,False,native,24,0.983451,0.980398,0.984515,0.004117,0.978252,0.966338,0.988305,0.931722,0.990038,24,0.991657,0.990102,0.992197,0.002095,0.98895,0.982881,0.994118,0.964654,0.994994,0.001117,24,0.001062,24,0.683594,24,0.0,24,,0,0.108987,24
25,35,24,False,native,24,0.98319,0.980379,0.984907,0.004528,0.978207,0.965818,0.987585,0.932854,0.988837,24,0.991524,0.990092,0.992396,0.002304,0.988929,0.982611,0.993754,0.965261,0.994387,0.001152,24,0.001156,24,0.667969,24,0.0,24,,0,0.108988,24
25,36,24,False,native,24,0.983339,0.980324,0.984384,0.00406,0.978353,0.966074,0.988395,0.933776,0.989062,24,0.9916,0.990064,0.992131,0.002067,0.989005,0.982744,0.994163,0.965754,0.994501,0.001154,24,0.001128,24,0.671875,24,0.0,24,,0,0.109033,24
25,37,24,False,native,24,0.983153,0.980995,0.984141,0.003147,0.978176,0.966683,0.988455,0.934059,0.988987,24,0.991505,0.990405,0.992007,0.001602,0.988913,0.983059,0.994194,0.965906,0.994463,0.001135,24,0.001095,24,0.675781,24,0.0,24,,0,0.108998,24
25,38,24,False,native,24,0.983116,0.979525,0.984758,0.005233,0.978562,0.966712,0.989325,0.934911,0.990488,24,0.991486,0.989656,0.99232,0.002664,0.989111,0.983074,0.994634,0.966361,0.995221,0.001124,24,0.001121,24,0.677734,24,0.0,24,,0,0.10904,24
25,39,24,False,native,24,0.982743,0.980455,0.98487,0.004414,0.978366,0.967513,0.988957,0.933918,0.989287,24,0.991296,0.99013,0.992377,0.002247,0.989011,0.983488,0.994448,0.96583,0.994615,0.001107,24,0.001149,24,0.675781,24,0.0,24,,0,0.109039,24
25,40,24,False,native,24,0.982817,0.980568,0.984048,0.003481,0.978377,0.969018,0.98763,0.935195,0.989888,24,0.991334,0.990187,0.99196,0.001773,0.989021,0.984265,0.993777,0.966512,0.994918,0.001156,24,0.001098,24,0.681641,24,0.0,24,0.999805,24,0.10909,24
25,41,24,False,native,24,0.982855,0.980754,0.984515,0.003761,0.978291,0.968621,0.987271,0.935621,0.988012,24,0.991353,0.990282,0.992197,0.001915,0.988978,0.98406,0.993595,0.96674,0.99397,0.001119,24,0.001137,24,0.671875,24,0.0,24,,0,0.109116,24
25,42,24,False,native,24,0.983862,0.98051,0.98472,0.00421,0.979029,0.970857,0.98772,0.937114,0.988612,24,0.991865,0.990159,0.992301,0.002143,0.989357,0.985213,0.993822,0.967536,0.994273,0.001207,24,0.001132,24,0.666016,24,0.0,24,,0,0.10918,24
25,43,24,False,native,24,0.983078,0.980976,0.98472,0.003744,0.978502,0.968687,0.986791,0.936474,0.987712,24,0.991467,0.990396,0.992301,0.001906,0.989087,0.984094,0.993352,0.967195,0.993818,0.00111,24,0.001093,24,0.675781,24,0.0,24,,0,0.109146,24
25,44,24,False,native,24,0.982519,0.979563,0.984608,0.005046,0.978304,0.968048,0.987615,0.936759,0.987862,24,0.991182,0.989675,0.992244,0.002569,0.988986,0.983764,0.993769,0.967347,0.993894,0.001137,24,0.001167,24,0.679688,24,0.0,24,,0,0.10926,24
25,45,24,False,native,24,0.983116,0.979229,0.985056,0.005827,0.978318,0.967512,0.986934,0.93683,0.988687,24,0.991486,0.989504,0.992472,0.002968,0.988992,0.983488,0.993424,0.967385,0.994311,0.001153,24,0.001186,24,0.675781,24,0.0,24,,0,0.109355,24
25,46,24,False,native,24,0.982594,0.97962,0.985131,0.005511,0.978012,0.966704,0.986522,0.938396,0.987787,24,0.99122,0.989703,0.99251,0.002806,0.988839,0.98307,0.993215,0.968219,0.993856,0.001092,24,0.00114,24,0.6875,24,0.0,24,,0,0.109378,24
25,47,24,False,native,24,0.982705,0.980457,0.984366,0.003909,0.978061,0.964478,0.98754,0.93747,0.988612,24,0.991277,0.99013,0.992121,0.001991,0.988861,0.981917,0.993731,0.967726,0.994273,0.001187,24,0.001183,24,0.689453,24,0.0,24,,0,0.109473,24
25,48,24,False,native,24,0.982556,0.979619,0.983862,0.004242,0.977831,0.963227,0.98632,0.940964,0.987787,24,0.991201,0.989703,0.991865,0.002162,0.988749,0.981269,0.993113,0.969584,0.993856,0.001176,24,0.00112,24,0.697266,24,0.0,24,,0,0.109403,24
25,49,24,False,native,24,0.982668,0.979915,0.98403,0.004115,0.978321,0.963746,0.986006,0.94483,0.987488,24,0.991258,0.989855,0.99195,0.002095,0.989007,0.981538,0.992954,0.971632,0.993704,0.00121,24,0.001251,24,0.685547,24,0.0,24,,0,0.109275,24
26,0,24,False,native,24,0.973505,0.967614,0.977872,0.010258,0.970793,0.962504,0.980078,0.936474,0.983078,24,0.986575,0.983541,0.988812,0.005272,0.985149,0.980894,0.989939,0.967195,0.991467,0.001079,24,0.001039,24,0.84375,24,0.0,24,0.999617,24,0.107621,24
26,1,24,False,native,24,0.975464,0.972324,0.979524,0.0072,0.974141,0.967189,0.982243,0.947991,0.985617,24,0.98758,0.985968,0.989656,0.003688,0.986883,0.983321,0.991042,0.973301,0.992756,0.001097,24,0.001179,24,0.828125,24,0.0,24,,0,0.107486,24
26,2,24,False,native,24,0.979654,0.975261,0.982873,0.007613,0.977371,0.972605,0.984504,0.951595,0.988687,24,0.989722,0.987475,0.991363,0.003887,0.988536,0.986112,0.992191,0.975197,0.994311,0.001101,24,0.001197,24,0.761719,24,0.0,24,,0,0.106691,24
26,3,24,False,native,24,0.98196,0.978651,0.983787,0.005136,0.979203,0.9733,0.986036,0.952462,0.987862,24,0.990898,0.98921,0.991827,0.002617,0.989473,0.986468,0.992969,0.975652,0.993894,0.001262,24,0.001266,24,0.703125,24,0.0,24,,0,0.107106,24
26,4,24,False,native,24,0.981551,0.978095,0.984496,0.006401,0.979117,0.972479,0.986866,0.94907,0.987862,24,0.990689,0.988926,0.992188,0.003262,0.989424,0.986047,0.99339,0.97387,0.993894,0.001209,24,0.001283,24,0.71875,24,0.0,24,,0,0.107455,24
26,5,24,False,native,24,0.982743,0.977297,0.984141,0.006844,0.979093,0.971403,0.986949,0.948278,0.988312,24,0.991296,0.988518,0.992007,0.003489,0.989411,0.985494,0.993431,0.973453,0.994122,0.00135,24,0.001264,24,0.683594,24,0.0,24,,0,0.10771,24
26,6,24,False,native,24,0.982594,0.977594,0.985617,0.008023,0.979559,0.970563,0.98739,0.948134,0.988987,24,0.99122,0.98867,0.992756,0.004086,0.989648,0.985061,0.993655,0.973377,0.994463,0.001299,24,0.001351,24,0.689453,24,0.0,24,,0,0.107934,24
26,7,24,False,native,24,0.983302,0.977224,0.98601,0.008785,0.979645,0.970504,0.988275,0.951017,0.989137,24,0.991581,0.98848,0.992955,0.004475,0.989692,0.985031,0.994103,0.974894,0.994539,0.001366,24,0.001272,24,0.683594,24,0.0,24,,0,0.108206,24
26,8,24,False,native,24,0.982519,0.977576,0.985524,0.007948,0.979419,0.969415,0.987046,0.951739,0.988912,24,0.991182,0.98866,0.992709,0.004048,0.989577,0.98447,0.993481,0.975273,0.994425,0.001271,24,0.001283,24,0.697266,24,0.0,24,,0,0.108384,24
26,9,24,False,native,24,0.983339,0.97741,0.986215,0.008806,0.979716,0.970489,0.987053,0.952751,0.988237,24,0.9916,0.988575,0.99306,0.004485,0.98973,0.985024,0.993485,0.975804,0.994084,0.001228,24,0.001278,24,0.671875,24,0.0,24,,0,0.108445,24
26,10,24,False,native,24,0.983862,0.977224,0.986084,0.00886,0.979746,0.970239,0.987315,0.953258,0.988312,24,0.991865,0.98848,0.992993,0.004513,0.989746,0.984895,0.993617,0.976069,0.994122,0.001308,24,0.001257,24,0.664062,24,0.0,24,0.99971,24,0.108422,24
26,11,24,False,native,24,0.983974,0.977131,0.986103,0.008972,0.979645,0.970069,0.986567,0.95543,0.986889,24,0.991922,0.988433,0.993003,0.00457,0.989697,0.984807,0.993238,0.977207,0.993401,0.001275,24,0.001271,24,0.662109,24,0.0,24,,0,0.108374,24
26,12,24,False,native,24,0.983377,0.976464,0.985654,0.00919,0.979713,0.969871,0.987256,0.956591,0.987787,24,0.991619,0.988092,0.992775,0.004684,0.989733,0.984705,0.993587,0.977814,0.993856,0.001186,24,0.001335,24,0.669922,24,0.0,24,,0,0.10832,24
26,13,24,False,native,24,0.983116,0.976797,0.985019,0.008222,0.979702,0.971461,0.986866,0.958335,0.987937,24,0.991486,0.988262,0.992453,0.004191,0.98973,0.985524,0.99339,0.978724,0.993932,0.001285,24,0.001309,24,0.662109,24,0.0,24,,0,0.108226,24
26,14,24,False,native,24,0.98278,0.975834,0.984552,0.008718,0.979464,0.971535,0.98629,0.958044,0.987038,24,0.991315,0.987769,0.992216,0.004447,0.98961,0.985562,0.993098,0.978573,0.993477,0.001299,24,0.001218,24,0.669922,24,0.0,24,,0,0.108141,24
26,15,24,False,native,24,0.982109,0.975631,0.985019,0.009389,0.979382,0.972317,0.986148,0.957608,0.988162,24,0.990974,0.987665,0.992453,0.004788,0.989568,0.985964,0.993026,0.978345,0.994046,0.0012,24,0.001265,24,0.677734,24,0.0,24,,0,0.108011,24
26,16,24,False,native,24,0.982296,0.975982,0.985131,0.009149,0.979108,0.971086,0.986021,0.958553,0.986365,24,0.991069,0.987845,0.99251,0.004665,0.989428,0.985331,0.992961,0.978838,0.993136,0.001213,24,0.001166,24,0.695312,24,0.0,24,,0,0.107891,24
26,17,24,False,native,24,0.98066,0.974447,0.984683,0.010236,0.978693,0.971182,0.986342,0.957971,0.986514,24,0.990234,0.987058,0.992282,0.005224,0.989217,0.98538,0.993124,0.978535,0.993211,0.001195,24,0.001242,24,0.720703,24,0.0,24,,0,0.107768,24
26,18,24,False,native,24,0.981105,0.975261,0.984963,0.009702,0.978953,0.970732,0.986387,0.959135,0.987338,24,0.990462,0.987475,0.992425,0.004949,0.989349,0.985149,0.993147,0.979141,0.993629,0.001166,24,0.001185,24,0.712891,24,0.0,24,,0,0.107631,24
26,19,24,False,native,24,0.980807,0.974539,0.984963,0.010424,0.978765,0.97082,0.986492,0.959572,0.988237,24,0.99031,0.987106,0.992425,0.005319,0.989253,0.985194,0.9932,0.979369,0.994084,0.001163,24,0.001177,24,0.736328,24,0.0,24,,0,0.107359,24
26,20,24,False,native,24,0.980175,0.975205,0.984571,0.009366,0.978665,0.971742,0.985841,0.959863,0.987038,24,0.989988,0.987447,0.992225,0.004779,0.989204,0.985668,0.99287,0.979521,0.993477,0.001133,24,0.001192,24,0.734375,24,0.0,24,0.999733,24,0.107158,24
26,21,24,False,native,24,0.979208,0.974798,0.984477,0.009679,0.978354,0.971602,0.986021,0.959499,0.986814,24,0.989495,0.987238,0.992178,0.00494,0.989044,0.985596,0.992961,0.979331,0.993363,0.001068,24,0.001126,24,0.761719,24,0.0,24,,0,0.106854,24
26,22,24,False,native,24,0.979097,0.97417,0.984085,0.009915,0.978136,0.971248,0.985056,0.959936,0.987038,24,0.989438,0.986916,0.991979,0.005063,0.988934,0.985414,0.992472,0.979559,0.993477,0.001068,24,0.001154,24,0.755859,24,0.0,24,,0,0.106561,24
26,23,24,False,native,24,0.979134,0.973635,0.984459,0.010824,0.97789,0.971528,0.984974,0.959426,0.986889,24,0.989457,0.986641,0.992169,0.005528,0.988807,0.985558,0.99243,0.979293,0.993401,0.001091,24,0.001083,24,0.761719,24,0.0,24,,0,0.106236,24
26,24,24,False,native,24,0.979394,0.97454,0.983489,0.008948,0.97806,0.971705,0.98558,0.95899,0.987338,24,0.98959,0.987106,0.991676,0.00457,0.988894,0.985649,0.992737,0.979066,0.993629,0.001055,24,0.001099,24,0.736328,24,0.0,24,,0,0.106057,24
26,25,24,False,native,24,0.979989,0.975039,0.983041,0.008001,0.978256,0.971859,0.985609,0.960082,0.986514,24,0.989893,0.987362,0.991448,0.004086,0.988995,0.985729,0.992753,0.979634,0.993211,0.001035,24,0.001075,24,0.751953,24,0.0,24,,0,0.105784,24
26,26,24,False,native,24,0.980063,0.97515,0.983302,0.008152,0.978327,0.970312,0.985027,0.960592,0.987638,24,0.989931,0.987418,0.991581,0.004162,0.989032,0.984932,0.992457,0.9799,0.99378,0.001101,24,0.001083,24,0.751953,24,0.0,24,,0,0.105504,24
26,27,24,False,native,24,0.979097,0.975113,0.983768,0.008656,0.97815,0.970622,0.985744,0.960811,0.986365,24,0.989438,0.987399,0.991818,0.004418,0.988942,0.985092,0.992821,0.980014,0.993136,0.001092,24,0.001065,24,0.763672,24,0.0,24,,0,0.105242,24
26,28,24,False,native,24,0.979023,0.976038,0.982743,0.006705,0.977885,0.97046,0.984623,0.961102,0.986215,24,0.9894,0.987874,0.991296,0.003423,0.988807,0.985008,0.992252,0.980165,0.99306,0.001112,24,0.001048,24,0.771484,24,0.0,24,,0,0.104945,24
26,29,24,False,native,24,0.979208,0.977038,0.983041,0.006003,0.978359,0.970372,0.985169,0.960592,0.986664,24,0.989495,0.988386,0.991448,0.003062,0.989049,0.984963,0.992529,0.9799,0.993287,0.001033,24,0.001047,24,0.755859,24,0.0,24,,0,0.104776,24
26,30,24,False,native,24,0.978837,0.977353,0.983022,0.00567,0.978468,0.970695,0.985602,0.960009,0.987038,24,0.989305,0.988547,0.991438,0.002892,0.989105,0.98513,0.992749,0.979596,0.993477,0.001086,24,0.001067,24,0.779297,24,0.0,24,0.999756,24,0.104571,24
26,31,24,False,native,24,0.978911,0.977501,0.983451,0.00595,0.978599,0.971034,0.986193,0.958699,0.987038,24,0.989343,0.988623,0.991657,0.003034,0.989171,0.985304,0.993048,0.978914,0.993477,0.00111,24,0.001144,24,0.748047,24,0.0,24,,0,0.104448,24
26,32,24,False,native,24,0.979097,0.977649,0.982855,0.005205,0.978497,0.971255,0.985198,0.959062,0.988312,24,0.989438,0.988698,0.991353,0.002655,0.989119,0.985418,0.992544,0.979103,0.994122,0.001139,24,0.001085,24,0.746094,24,0.0,24,,0,0.104322,24
26,33,24,False,native,24,0.979468,0.976964,0.981923,0.00496,0.978445,0.971079,0.986245,0.958335,0.988237,24,0.989628,0.988348,0.990879,0.002531,0.989092,0.985327,0.993075,0.978724,0.994084,0.001104,24,0.001125,24,0.740234,24,0.0,24,,0,0.104212,24
26,34,24,False,native,24,0.979208,0.977279,0.982929,0.00565,0.978816,0.970946,0.985886,0.960082,0.988762,24,0.989495,0.988509,0.991391,0.002882,0.989282,0.985259,0.992893,0.979634,0.994349,0.001075,24,0.001136,24,0.738281,24,0.0,24,,0,0.10409,24
26,35,24,False,native,24,0.979988,0.97726,0.982892,0.005632,0.97892,0.970614,0.985767,0.960665,0.989137,24,0.989893,0.988499,0.991372,0.002873,0.989335,0.985088,0.992832,0.979938,0.994539,0.001115,24,0.001096,24,0.732422,24,0.0,24,,0,0.104011,24
26,36,24,False,native,24,0.980472,0.976908,0.982072,0.005164,0.978859,0.9718,0.984795,0.960956,0.988612,24,0.99014,0.988319,0.990955,0.002636,0.989305,0.985699,0.992339,0.98009,0.994273,0.001122,24,0.001067,24,0.740234,24,0.0,24,,0,0.10398,24
26,37,24,False,native,24,0.979468,0.977668,0.98265,0.004982,0.978602,0.971845,0.985027,0.960519,0.987787,24,0.989628,0.988708,0.991249,0.002541,0.989174,0.985721,0.992457,0.979862,0.993856,0.001126,24,0.001053,24,0.746094,24,0.0,24,,0,0.104047,24
26,38,24,False,native,24,0.978688,0.976149,0.982463,0.006315,0.978269,0.970614,0.984855,0.960373,0.988237,24,0.989229,0.98793,0.991154,0.003224,0.989003,0.985088,0.99237,0.979786,0.994084,0.001098,24,0.001125,24,0.763672,24,0.0,24,,0,0.104028,24
26,39,24,False,native,24,0.97984,0.976445,0.982314,0.005869,0.978315,0.970246,0.985079,0.961029,0.987113,24,0.989817,0.988082,0.991078,0.002996,0.989027,0.984898,0.992483,0.980127,0.993515,0.001145,24,0.001099,24,0.746094,24,0.0,24,,0,0.104042,24
26,40,24,False,native,24,0.980249,0.976001,0.981681,0.00568,0.978122,0.969275,0.984668,0.961248,0.988612,24,0.990026,0.987855,0.990756,0.002901,0.988928,0.984398,0.992275,0.980241,0.994273,0.001069,24,0.001084,24,0.761719,24,0.0,24,0.999764,24,0.104138,24
26,41,24,False,native,24,0.979766,0.975335,0.982147,0.006811,0.97801,0.970261,0.985528,0.961175,0.987338,24,0.989779,0.987513,0.990993,0.00348,0.988871,0.984906,0.992711,0.980203,0.993629,0.001144,24,0.001089,24,0.753906,24,0.0,24,,0,0.104151,24
26,42,24,False,native,24,0.9801,0.974059,0.982221,0.008162,0.977712,0.968466,0.985109,0.961175,0.987338,24,0.98995,0.986859,0.991031,0.004172,0.988717,0.983981,0.992498,0.980203,0.993629,0.001132,24,0.00105,24,0.746094,24,0.0,24,,0,0.104244,24
26,43,24,False,native,24,0.980397,0.972934,0.982724,0.00979,0.977775,0.969076,0.98534,0.961613,0.986964,24,0.990102,0.986281,0.991287,0.005006,0.988749,0.984295,0.992616,0.980431,0.993439,0.001069,24,0.001135,24,0.736328,24,0.0,24,,0,0.104384,24
26,44,24,False,native,24,0.980063,0.971255,0.98291,0.011655,0.97733,0.967761,0.98531,0.959645,0.986889,24,0.989931,0.985418,0.991382,0.005964,0.98852,0.983617,0.992601,0.979407,0.993401,0.001054,24,0.001075,24,0.767578,24,0.0,24,,0,0.104573,24
26,45,24,False,native,24,0.980807,0.96901,0.982612,0.013602,0.976857,0.966147,0.984302,0.960519,0.985318,24,0.99031,0.984261,0.99123,0.006969,0.988277,0.982782,0.992089,0.979862,0.992605,0.001086,24,0.001107,24,0.75,24,0.0,24,,0,0.104705,24
26,46,24,False,native,24,0.979394,0.96789,0.983283,0.015394,0.976025,0.963498,0.984093,0.958626,0.985617,24,0.98959,0.983683,0.991571,0.007888,0.987848,0.981409,0.991983,0.978876,0.992756,0.001104,24,0.001031,24,0.775391,24,0.0,24,,0,0.104938,24
26,47,24,False,native,24,0.979394,0.967982,0.98237,0.014389,0.975726,0.96311,0.983503,0.956954,0.986739,24,0.98959,0.98373,0.991107,0.007376,0.987693,0.981208,0.991683,0.978004,0.993325,0.0011,24,0.001077,24,0.763672,24,0.0,24,,0,0.105242,24
26,48,24,False,native,24,0.980397,0.967596,0.982873,0.015277,0.975557,0.962146,0.98413,0.956736,0.98487,24,0.990102,0.983531,0.991363,0.007831,0.987605,0.980708,0.992002,0.97789,0.992377,0.001035,24,0.001058,24,0.78125,24,0.0,24,,0,0.10555,24
26,49,24,False,native,24,0.977798,0.96525,0.98237,0.01712,0.974375,0.959026,0.983951,0.957245,0.986589,24,0.988774,0.982318,0.991107,0.008789,0.986997,0.979084,0.991911,0.978155,0.993249,0.000997,24,0.001018,24,0.798828,24,0.0,24,,0,0.105743,24
27,0,24,False,native,24,0.96417,0.95411,0.970206,0.016096,0.961603,0.94321,0.972811,0.939037,0.982482,24,0.981758,0.976515,0.984878,0.008362,0.980388,0.970775,0.986218,0.96856,0.991164,0.001067,24,0.001044,24,0.921875,24,0.0,24,0.99933,24,0.104474,24
27,1,24,False,native,24,0.968056,0.952932,0.974559,0.021627,0.964709,0.947056,0.97802,0.94125,0.982109,24,0.983768,0.975899,0.987115,0.011216,0.981998,0.972808,0.988888,0.969736,0.990974,0.001098,24,0.001142,24,0.888672,24,0.0,24,,0,0.105823,24
27,2,24,False,native,24,0.968722,0.961467,0.9788,0.017333,0.96837,0.95795,0.982356,0.934272,0.986589,24,0.98411,0.980355,0.989286,0.008931,0.983885,0.978523,0.991099,0.966019,0.993249,0.00122,24,0.001283,24,0.884766,24,0.0,24,,0,0.105792,24
27,3,24,False,native,24,0.967617,0.960883,0.979264,0.018381,0.968919,0.958931,0.983078,0.941393,0.987787,24,0.983541,0.980052,0.989523,0.009472,0.984174,0.979035,0.991467,0.969812,0.993856,0.001229,24,0.001228,24,0.90625,24,0.0,24,,0,0.105388,24
27,4,24,False,native,24,0.969049,0.959991,0.980454,0.020463,0.969478,0.957187,0.984631,0.941893,0.988612,24,0.98428,0.979587,0.99013,0.010543,0.984459,0.978125,0.992256,0.970077,0.994273,0.001227,24,0.001225,24,0.884766,24,0.0,24,,0,0.105029,24
27,5,24,False,native,24,0.967908,0.958953,0.98023,0.021277,0.969116,0.955017,0.983645,0.945117,0.988237,24,0.983692,0.979047,0.990016,0.01097,0.984275,0.976991,0.991755,0.971784,0.994084,0.001241,24,0.001203,24,0.900391,24,0.0,24,,0,0.105028,24
27,6,24,False,native,24,0.96901,0.958262,0.980045,0.021783,0.969409,0.955256,0.983556,0.946121,0.988687,24,0.984261,0.978686,0.989921,0.011235,0.984426,0.977116,0.99171,0.972315,0.994311,0.001128,24,0.001258,24,0.892578,24,0.0,24,,0,0.104963,24
27,7,24,False,native,24,0.968937,0.958608,0.981439,0.022832,0.969867,0.953866,0.985244,0.948063,0.990413,24,0.984223,0.978866,0.990633,0.011766,0.984661,0.976388,0.992567,0.973339,0.995184,0.001225,24,0.001171,24,0.904297,24,0.0,24,,0,0.105007,24
27,8,24,False,native,24,0.969452,0.957299,0.98172,0.02442,0.969915,0.953338,0.985296,0.949575,0.989662,24,0.984489,0.978184,0.990775,0.012591,0.984685,0.976111,0.992593,0.974135,0.994804,0.00117,24,0.001229,24,0.894531,24,0.0,24,,0,0.105088,24
27,9,24,False,native,24,0.969599,0.957263,0.981049,0.023787,0.970042,0.952549,0.985535,0.948063,0.990639,24,0.984565,0.978165,0.990433,0.012269,0.984748,0.975698,0.992715,0.973339,0.995297,0.001157,24,0.001195,24,0.894531,24,0.0,24,,0,0.105155,24
27,10,24,False,native,24,0.971145,0.955231,0.980808,0.025577,0.970159,0.952173,0.985909,0.94907,0.990714,24,0.985361,0.977103,0.99031,0.013207,0.984806,0.975501,0.992904,0.97387,0.995335,0.001219,24,0.001202,24,0.873047,24,0.0,24,0.999628,24,0.10521,24
27,11,24,False,native,24,0.971181,0.955322,0.981553,0.026231,0.970138,0.951863,0.985968,0.948998,0.992067,24,0.98538,0.97715,0.990689,0.013539,0.984795,0.975338,0.992935,0.973832,0.996018,0.001188,24,0.001167,24,0.880859,24,0.0,24,,0,0.105151,24
27,12,24,False,native,24,0.971292,0.955122,0.980715,0.025593,0.970016,0.951906,0.986013,0.950584,0.991165,24,0.985437,0.977046,0.990263,0.013217,0.984734,0.97536,0.992957,0.974666,0.995563,0.001195,24,0.001217,24,0.878906,24,0.0,24,,0,0.10512,24
27,13,24,False,native,24,0.971956,0.955865,0.982893,0.027028,0.970311,0.952123,0.985647,0.950657,0.989963,24,0.985778,0.977435,0.991372,0.013937,0.984885,0.975474,0.992772,0.974704,0.994956,0.001118,24,0.001151,24,0.878906,24,0.0,24,,0,0.105132,24
27,14,24,False,native,24,0.973099,0.957354,0.982203,0.02485,0.970322,0.951299,0.985811,0.949863,0.990413,24,0.986366,0.978212,0.991021,0.012809,0.98489,0.975042,0.992855,0.974287,0.995184,0.001142,24,0.001228,24,0.857422,24,0.0,24,,0,0.10508,24
27,15,24,False,native,24,0.972177,0.957354,0.98185,0.024496,0.970128,0.950837,0.985909,0.949431,0.991315,24,0.985892,0.978212,0.990841,0.012629,0.984789,0.974799,0.992904,0.974059,0.995639,0.001129,24,0.00115,24,0.878906,24,0.0,24,,0,0.105153,24
27,16,24,False,native,24,0.972103,0.957318,0.983284,0.025967,0.9702,0.949611,0.987031,0.947919,0.991842,24,0.985854,0.978193,0.991571,0.013378,0.984822,0.974154,0.993473,0.973263,0.995904,0.001195,24,0.001232,24,0.896484,24,0.0,24,,0,0.105101,24
27,17,24,False,native,24,0.972287,0.957753,0.984216,0.026463,0.970381,0.949049,0.987113,0.947703,0.990939,24,0.985949,0.978421,0.992045,0.013624,0.984915,0.973858,0.993515,0.973149,0.995449,0.001185,24,0.001171,24,0.875,24,0.0,24,,0,0.105115,24
27,18,24,False,native,24,0.972103,0.956845,0.983545,0.026699,0.970173,0.949179,0.98629,0.947703,0.991165,24,0.985854,0.977947,0.991704,0.013757,0.984808,0.973927,0.993098,0.973149,0.995563,0.001218,24,0.001153,24,0.871094,24,0.0,24,,0,0.105067,24
27,19,24,False,native,24,0.972841,0.957063,0.983396,0.026333,0.970244,0.949222,0.986275,0.948494,0.990564,24,0.986233,0.978061,0.991628,0.013568,0.984846,0.973949,0.99309,0.973566,0.995259,0.001164,24,0.001152,24,0.880859,24,0.0,24,,0,0.105049,24
27,20,24,False,native,24,0.971442,0.957372,0.982874,0.025502,0.969746,0.948286,0.98558,0.947631,0.990639,24,0.985513,0.978222,0.991363,0.013141,0.98459,0.973456,0.992737,0.973111,0.995297,0.001147,24,0.001198,24,0.878906,24,0.0,24,0.999622,24,0.10508,24
27,21,24,False,native,24,0.971588,0.956972,0.983153,0.026181,0.970033,0.949042,0.986485,0.947199,0.990188,24,0.985589,0.978013,0.991505,0.013492,0.984737,0.973855,0.993196,0.972884,0.99507,0.001181,24,0.001137,24,0.875,24,0.0,24,,0,0.105034,24
27,22,24,False,native,24,0.972549,0.958244,0.983097,0.024853,0.970345,0.950217,0.986514,0.946552,0.989287,24,0.986082,0.978677,0.991476,0.0128,0.984898,0.974473,0.993211,0.972542,0.994615,0.001193,24,0.001125,24,0.863281,24,0.0,24,,0,0.104995,24
27,23,24,False,native,24,0.973728,0.957517,0.985131,0.027614,0.970575,0.949971,0.987023,0.946696,0.988837,24,0.986688,0.978298,0.99251,0.014212,0.985015,0.974344,0.993469,0.972618,0.994387,0.001129,24,0.001205,24,0.851562,24,0.0,24,,0,0.104998,24
27,24,24,False,native,24,0.972289,0.957517,0.984235,0.026718,0.970382,0.950563,0.987009,0.946265,0.988537,24,0.985949,0.978298,0.992055,0.013757,0.984917,0.974655,0.993462,0.972391,0.994235,0.001137,24,0.001195,24,0.857422,24,0.0,24,,0,0.104969,24
27,25,24,False,native,24,0.97181,0.957517,0.98558,0.028062,0.970488,0.949827,0.987787,0.946409,0.989062,24,0.985702,0.978298,0.992737,0.01444,0.984969,0.974268,0.993856,0.972467,0.994501,0.001129,24,0.001108,24,0.869141,24,0.0,24,,0,0.10495,24
27,26,24,False,native,24,0.972326,0.956755,0.984459,0.027704,0.970137,0.949496,0.986619,0.945762,0.988537,24,0.985968,0.977899,0.992169,0.014269,0.984787,0.974094,0.993265,0.972125,0.994235,0.001134,24,0.00119,24,0.857422,24,0.0,24,,0,0.104896,24
27,27,24,False,native,24,0.974135,0.957063,0.985598,0.028535,0.970355,0.948847,0.986245,0.946193,0.987937,24,0.986897,0.978061,0.992747,0.014686,0.9849,0.973752,0.993075,0.972353,0.993932,0.001206,24,0.001138,24,0.841797,24,0.0,24,,0,0.104882,24
27,28,24,False,native,24,0.973249,0.957553,0.985262,0.027708,0.970333,0.948545,0.986694,0.945978,0.988237,24,0.986442,0.978317,0.992576,0.01426,0.984889,0.973593,0.993302,0.972239,0.994084,0.001135,24,0.001193,24,0.876953,24,0.0,24,,0,0.104822,24
27,29,24,False,native,24,0.972401,0.957318,0.984646,0.027328,0.970008,0.946933,0.986784,0.946337,0.987413,24,0.986006,0.978193,0.992263,0.01407,0.984719,0.972743,0.993348,0.972429,0.993667,0.00112,24,0.001148,24,0.869141,24,0.0,24,,0,0.104704,24
27,30,24,False,native,24,0.972474,0.956247,0.985,0.028754,0.969568,0.947307,0.98617,0.944256,0.987338,24,0.986044,0.977634,0.992443,0.01481,0.98449,0.972941,0.993037,0.971329,0.993629,0.001154,24,0.001105,24,0.871094,24,0.0,24,0.999623,24,0.104655,24
27,31,24,False,native,24,0.972289,0.955866,0.985075,0.029209,0.969515,0.946704,0.986724,0.943325,0.987937,24,0.985949,0.977435,0.992481,0.015047,0.98446,0.972622,0.993318,0.970836,0.993932,0.001129,24,0.001041,24,0.871094,24,0.0,24,,0,0.10459,24
27,32,24,False,native,24,0.972183,0.955539,0.985206,0.029667,0.969296,0.945576,0.986021,0.94218,0.987638,24,0.985892,0.977264,0.992548,0.015284,0.984345,0.972027,0.992961,0.970229,0.99378,0.001169,24,0.001028,24,0.851562,24,0.0,24,,0,0.104487,24
27,33,24,False,native,24,0.971077,0.956101,0.983862,0.02776,0.969193,0.946042,0.985819,0.939608,0.987787,24,0.985323,0.977558,0.991865,0.014307,0.984291,0.972273,0.992859,0.968864,0.993856,0.001056,24,0.001073,24,0.865234,24,0.0,24,,0,0.104413,24
27,34,24,False,native,24,0.972222,0.955666,0.98388,0.028214,0.969035,0.94549,0.986791,0.93918,0.988087,24,0.985911,0.97733,0.991875,0.014544,0.984206,0.971981,0.993352,0.968636,0.994008,0.001115,24,0.001124,24,0.863281,24,0.0,24,,0,0.104319,24
27,35,24,False,native,24,0.97233,0.955866,0.982966,0.027101,0.969033,0.945999,0.986283,0.938895,0.988762,24,0.985968,0.977435,0.99141,0.013975,0.984207,0.97225,0.993094,0.968485,0.994349,0.001064,24,0.001009,24,0.861328,24,0.0,24,,0,0.104217,24
27,36,24,False,native,24,0.971742,0.954869,0.983563,0.028695,0.968703,0.945418,0.98638,0.937684,0.987488,24,0.985664,0.976913,0.991713,0.0148,0.984034,0.971943,0.993143,0.96784,0.993704,0.00103,24,0.001024,24,0.871094,24,0.0,24,,0,0.104147,24
27,37,24,False,native,24,0.972145,0.95447,0.983321,0.028851,0.968895,0.945612,0.987038,0.937897,0.988087,24,0.985873,0.976705,0.99159,0.014885,0.984133,0.972046,0.993477,0.967954,0.994008,0.001103,24,0.001063,24,0.867188,24,0.0,24,,0,0.104114,24
27,38,24,False,native,24,0.972334,0.95534,0.982948,0.027608,0.96921,0.945404,0.987158,0.94025,0.988837,24,0.985968,0.97716,0.991401,0.014241,0.984298,0.971936,0.993538,0.969205,0.994387,0.001084,24,0.000996,24,0.857422,24,0.0,24,,0,0.104003,24
27,39,24,False,native,24,0.972257,0.95534,0.982408,0.027068,0.969204,0.945569,0.987743,0.94025,0.988387,24,0.98593,0.97716,0.991126,0.013966,0.984294,0.972023,0.993833,0.969205,0.99416,0.001008,24,0.00107,24,0.857422,24,0.0,24,,0,0.103907,24
27,40,24,False,native,24,0.972146,0.956356,0.98252,0.026164,0.969531,0.94638,0.987922,0.940464,0.988837,24,0.985873,0.977691,0.991182,0.013492,0.984463,0.972451,0.993924,0.969319,0.994387,0.001016,24,0.001046,24,0.863281,24,0.0,24,0.999638,24,0.10384,24
27,41,24,False,native,24,0.973218,0.955521,0.98347,0.027949,0.969492,0.946531,0.987945,0.938966,0.988687,24,0.986423,0.977255,0.991666,0.014411,0.984441,0.972531,0.993936,0.968522,0.994311,0.001073,24,0.001034,24,0.855469,24,0.0,24,,0,0.103777,24
27,42,24,False,native,24,0.973034,0.955884,0.98265,0.026767,0.969484,0.946854,0.987128,0.93861,0.989362,24,0.986328,0.977444,0.991249,0.013805,0.984438,0.972702,0.993522,0.968333,0.994653,0.001043,24,0.001077,24,0.841797,24,0.0,24,,0,0.103661,24
27,43,24,False,native,24,0.973034,0.955267,0.982724,0.027457,0.96915,0.94725,0.987218,0.938752,0.988237,24,0.986328,0.977122,0.991287,0.014165,0.984266,0.97291,0.993568,0.968409,0.994084,0.001072,24,0.00103,24,0.851562,24,0.0,24,,0,0.103565,24
27,44,24,False,native,24,0.972261,0.95476,0.98347,0.02871,0.969328,0.947566,0.987196,0.93918,0.988387,24,0.98593,0.976856,0.991666,0.01481,0.984358,0.973077,0.993557,0.968636,0.99416,0.000999,24,0.00104,24,0.880859,24,0.0,24,,0,0.103528,24
27,45,24,False,native,24,0.971448,0.954253,0.983097,0.028844,0.96904,0.948394,0.986986,0.938824,0.989062,24,0.985513,0.976591,0.991476,0.014885,0.984207,0.973513,0.99345,0.968447,0.994501,0.00102,24,0.001044,24,0.871094,24,0.0,24,,0,0.103468,24
27,46,24,False,native,24,0.9713,0.956011,0.982556,0.026546,0.968915,0.949272,0.985617,0.935479,0.990338,24,0.985437,0.977511,0.991201,0.013691,0.984144,0.973976,0.992756,0.966664,0.995146,0.001017,24,0.001037,24,0.861328,24,0.0,24,,0,0.103321,24
27,47,24,False,native,24,0.970342,0.95485,0.983377,0.028526,0.968296,0.948992,0.985812,0.934627,0.990338,24,0.984944,0.976904,0.991619,0.014715,0.983822,0.973828,0.992855,0.966209,0.995146,0.001081,24,0.000972,24,0.890625,24,0.0,24,,0,0.103043,24
27,48,24,False,native,24,0.970557,0.955285,0.982333,0.027047,0.967498,0.950815,0.985086,0.9325,0.989812,24,0.985058,0.977131,0.991088,0.013956,0.983411,0.974788,0.992487,0.965071,0.99488,0.00102,24,0.000985,24,0.896484,24,0.0,24,,0,0.102593,24
27,49,24,False,native,24,0.967285,0.958265,0.982575,0.02431,0.967065,0.949935,0.98555,0.930873,0.990639,24,0.98337,0.978686,0.991211,0.012525,0.983185,0.974325,0.992722,0.964199,0.995297,0.000976,24,0.001012,24,0.902344,24,0.0,24,,0,0.101892,24
28,0,24,False,native,24,0.956373,0.941574,0.963439,0.021865,0.95201,0.931333,0.966411,0.926148,0.976019,24,0.9777,0.969907,0.981379,0.011472,0.975363,0.964446,0.982919,0.961658,0.987864,0.000967,24,0.000943,24,0.955078,24,0.0,24,0.998946,24,0.100831,24
28,1,24,False,native,24,0.947739,0.93936,0.959709,0.020349,0.947668,0.923221,0.971602,0.904514,0.977501,24,0.973168,0.968731,0.979435,0.010704,0.973029,0.960077,0.985596,0.949863,0.988623,0.001003,24,0.001023,24,0.957031,24,0.0,24,,0,0.097769,24
28,2,24,False,native,24,0.951848,0.940983,0.961615,0.020632,0.950139,0.925452,0.970843,0.907614,0.978614,24,0.97533,0.969594,0.980431,0.010837,0.974341,0.961283,0.985206,0.95157,0.989191,0.001073,24,0.001086,24,0.962891,24,0.0,24,,0,0.099073,24
28,3,24,False,native,24,0.954527,0.939015,0.966331,0.027316,0.950722,0.924423,0.972568,0.909203,0.977724,24,0.976733,0.968541,0.982877,0.014336,0.974644,0.960725,0.986093,0.952442,0.988736,0.001079,24,0.001031,24,0.966797,24,0.0,24,,0,0.0981,24
28,4,24,False,native,24,0.954744,0.940796,0.966862,0.026066,0.95174,0.928805,0.970342,0.908857,0.976686,24,0.976847,0.96949,0.983152,0.013662,0.975191,0.963088,0.984948,0.952253,0.988205,0.001047,24,0.00113,24,0.955078,24,0.0,24,,0,0.098524,24
28,5,24,False,native,24,0.954385,0.941186,0.966679,0.025493,0.951744,0.929834,0.96832,0.915096,0.976908,24,0.976657,0.969698,0.983057,0.013359,0.975199,0.963642,0.983905,0.955666,0.988319,0.001058,24,0.001053,24,0.941406,24,0.0,24,,0,0.098487,24
28,6,24,False,native,24,0.954348,0.940794,0.966147,0.025354,0.951961,0.93311,0.969135,0.91218,0.976167,24,0.976638,0.96949,0.982782,0.013293,0.975311,0.965397,0.984326,0.954073,0.98794,0.001068,24,0.001102,24,0.951172,24,0.0,24,,0,0.098557,24
28,7,24,False,native,24,0.954599,0.942718,0.965268,0.02255,0.952425,0.933861,0.970187,0.913498,0.976982,24,0.976771,0.970514,0.982327,0.011814,0.975559,0.965799,0.984868,0.954794,0.988357,0.001035,24,0.001078,24,0.951172,24,0.0,24,,0,0.098683,24
28,8,24,False,native,24,0.954164,0.943146,0.967156,0.02401,0.952755,0.933408,0.97214,0.909341,0.975501,24,0.976544,0.970741,0.983304,0.012563,0.975722,0.965557,0.985873,0.952518,0.987599,0.001048,24,0.001034,24,0.945312,24,0.0,24,,0,0.098742,24
28,9,24,False,native,24,0.95536,0.944901,0.967046,0.022144,0.953057,0.933648,0.972959,0.905753,0.973653,24,0.977169,0.97167,0.983247,0.011577,0.975878,0.965686,0.986294,0.950546,0.98665,0.001058,24,0.001065,24,0.943359,24,0.0,24,,0,0.098802,24
28,10,24,False,native,24,0.956229,0.946966,0.966771,0.019805,0.953093,0.933344,0.971373,0.904721,0.974613,24,0.977624,0.972761,0.983105,0.010344,0.975896,0.965523,0.985479,0.949977,0.987144,0.001117,24,0.001162,24,0.951172,24,0.0,24,0.998848,24,0.098843,24
28,11,24,False,native,24,0.956593,0.948172,0.966919,0.018747,0.953586,0.932302,0.973018,0.904789,0.974909,24,0.977814,0.973396,0.98318,0.009785,0.976148,0.964965,0.986324,0.950015,0.987295,0.001068,24,0.001097,24,0.958984,24,0.0,24,,0,0.098831,24
28,12,24,False,native,24,0.95554,0.948532,0.96756,0.019028,0.953548,0.931977,0.972427,0.907269,0.974613,24,0.977264,0.973585,0.983512,0.009927,0.976133,0.964791,0.986021,0.95138,0.987144,0.001066,24,0.001049,24,0.947266,24,0.0,24,,0,0.098889,24
28,13,24,False,native,24,0.956884,0.94855,0.967599,0.019049,0.954422,0.93064,0.974325,0.909894,0.977427,24,0.977966,0.973595,0.983531,0.009936,0.976589,0.964074,0.986996,0.952822,0.988585,0.001064,24,0.001042,24,0.957031,24,0.0,24,,0,0.098919,24
28,14,24,False,native,24,0.957318,0.949198,0.967745,0.018546,0.954938,0.930788,0.974554,0.911348,0.976908,24,0.978193,0.973936,0.983607,0.009671,0.976864,0.964154,0.987113,0.953618,0.988319,0.001079,24,0.001111,24,0.947266,24,0.0,24,,0,0.098948,24
28,15,24,False,native,24,0.957463,0.949306,0.967709,0.018403,0.955339,0.931262,0.975427,0.911625,0.976834,24,0.978269,0.973993,0.983588,0.009595,0.977074,0.964408,0.987561,0.95377,0.988281,0.001035,24,0.001108,24,0.951172,24,0.0,24,,0,0.09903,24
28,16,24,False,native,24,0.957463,0.949325,0.968885,0.019559,0.955655,0.932111,0.97559,0.914053,0.977279,24,0.978269,0.974003,0.984195,0.010192,0.977242,0.964863,0.987644,0.955097,0.988509,0.001073,24,0.001097,24,0.949219,24,0.0,24,,0,0.099166,24
28,17,24,False,native,24,0.958299,0.948622,0.970042,0.02142,0.956109,0.932564,0.975287,0.916697,0.977872,24,0.978705,0.973633,0.984792,0.011159,0.977482,0.965105,0.987489,0.956538,0.988812,0.001074,24,0.001018,24,0.943359,24,0.0,24,,0,0.099304,24
28,18,24,False,native,24,0.959063,0.948334,0.970686,0.022352,0.956995,0.933202,0.975849,0.918231,0.978095,24,0.979103,0.973481,0.985124,0.011643,0.977945,0.965447,0.987777,0.957373,0.988926,0.001084,24,0.00105,24,0.939453,24,0.0,24,,0,0.099514,24
28,19,24,False,native,24,0.960011,0.94855,0.972712,0.024161,0.957386,0.932968,0.976427,0.919557,0.97802,24,0.979596,0.973595,0.986167,0.012572,0.978149,0.965322,0.988073,0.958093,0.988888,0.001051,24,0.001092,24,0.949219,24,0.0,24,,0,0.099781,24
28,20,24,False,native,24,0.961143,0.948984,0.972546,0.023562,0.958079,0.934542,0.976597,0.922286,0.978688,24,0.980184,0.973822,0.986082,0.012259,0.978514,0.966164,0.98816,0.959572,0.989229,0.001108,24,0.001056,24,0.939453,24,0.0,24,0.998951,24,0.099938,24
28,21,24,False,native,24,0.961215,0.949941,0.972509,0.022568,0.958024,0.933783,0.975286,0.923408,0.979282,24,0.980222,0.974325,0.986063,0.011738,0.978489,0.965758,0.987489,0.960179,0.989533,0.001112,24,0.001083,24,0.939453,24,0.0,24,,0,0.100159,24
28,22,24,False,native,24,0.962131,0.949202,0.971772,0.022571,0.958583,0.933726,0.975701,0.92657,0.979728,24,0.980696,0.973936,0.985683,0.011747,0.978783,0.965727,0.987701,0.961886,0.98976,0.001106,24,0.001069,24,0.941406,24,0.0,24,,0,0.1004,24
28,23,24,False,native,24,0.963926,0.949597,0.971551,0.021954,0.959053,0.93396,0.975908,0.929178,0.979208,24,0.981625,0.974145,0.98557,0.011425,0.979031,0.965853,0.987807,0.963289,0.989495,0.001106,24,0.001069,24,0.935547,24,0.0,24,,0,0.100554,24
28,24,24,False,native,24,0.963925,0.950231,0.97205,0.021819,0.959889,0.933797,0.977679,0.9325,0.979431,24,0.981625,0.974477,0.985826,0.011349,0.979467,0.965765,0.988714,0.965071,0.989609,0.001174,24,0.00107,24,0.927734,24,0.0,24,,0,0.100654,24
28,25,24,False,native,24,0.964586,0.949455,0.971864,0.022409,0.959853,0.93423,0.977909,0.931792,0.981067,24,0.981967,0.974069,0.985731,0.011662,0.979446,0.965997,0.988831,0.964692,0.990443,0.001112,24,0.001038,24,0.935547,24,0.0,24,,0,0.100707,24
28,26,24,False,native,24,0.965134,0.948518,0.972915,0.024396,0.960212,0.934691,0.97903,0.931651,0.981513,24,0.982251,0.973576,0.986271,0.012695,0.979631,0.966243,0.989404,0.964616,0.990671,0.001127,24,0.001087,24,0.927734,24,0.0,24,,0,0.100773,24
28,27,24,False,native,24,0.965757,0.947418,0.975094,0.027677,0.960318,0.934024,0.977813,0.933138,0.979208,24,0.982574,0.972998,0.98739,0.014392,0.979685,0.965887,0.988782,0.965413,0.989495,0.00122,24,0.001004,24,0.925781,24,0.0,24,,0,0.100717,24
28,28,24,False,native,24,0.9655,0.947634,0.976112,0.028478,0.960781,0.935082,0.977909,0.933776,0.979208,24,0.982441,0.973111,0.987911,0.0148,0.979927,0.966452,0.988831,0.965754,0.989495,0.001157,24,0.001111,24,0.917969,24,0.0,24,,0,0.100734,24
28,29,24,False,native,24,0.966708,0.945747,0.976352,0.030606,0.961182,0.935813,0.978377,0.935124,0.979951,24,0.983067,0.972116,0.988035,0.015919,0.980134,0.966842,0.98907,0.966475,0.989874,0.001159,24,0.001098,24,0.912109,24,0.0,24,,0,0.100723,24
28,30,24,False,native,24,0.966265,0.94607,0.977223,0.031153,0.961347,0.936112,0.977776,0.934272,0.9801,24,0.982839,0.972286,0.98848,0.016194,0.980217,0.967002,0.988763,0.966019,0.98995,0.001069,24,0.001087,24,0.910156,24,0.0,24,0.999061,24,0.100703,24
28,31,24,False,native,24,0.966597,0.946286,0.976908,0.030622,0.961282,0.936602,0.978681,0.93335,0.979357,24,0.98301,0.9724,0.988319,0.015919,0.980184,0.967263,0.989226,0.965526,0.989571,0.001091,24,0.001042,24,0.910156,24,0.0,24,,0,0.100706,24
28,32,24,False,native,24,0.966889,0.946502,0.97726,0.030758,0.961413,0.93641,0.978473,0.933634,0.979728,24,0.983161,0.972514,0.988499,0.015985,0.980252,0.967161,0.989119,0.965678,0.98976,0.001106,24,0.001068,24,0.917969,24,0.0,24,,0,0.100679,24
28,33,24,False,native,24,0.967588,0.945981,0.977538,0.031557,0.961693,0.937556,0.979045,0.933563,0.980249,24,0.983522,0.972239,0.988642,0.016402,0.980396,0.967772,0.989411,0.96564,0.990026,0.001065,24,0.001056,24,0.894531,24,0.0,24,,0,0.100615,24
28,34,24,False,native,24,0.967994,0.946035,0.977835,0.0318,0.961946,0.93923,0.979305,0.934485,0.98062,24,0.98373,0.972268,0.988793,0.016526,0.980529,0.968663,0.989544,0.966133,0.990215,0.001094,24,0.001089,24,0.894531,24,0.0,24,,0,0.100611,24
28,35,24,False,native,24,0.968403,0.94706,0.976575,0.029515,0.962106,0.940043,0.979312,0.934982,0.980472,24,0.983939,0.972808,0.988149,0.015341,0.980616,0.969095,0.989548,0.966399,0.99014,0.001022,24,0.001098,24,0.876953,24,0.0,24,,0,0.100564,24
28,36,24,False,native,24,0.968145,0.945945,0.976186,0.030241,0.962098,0.939515,0.979617,0.935834,0.981141,24,0.983806,0.97222,0.987949,0.015729,0.980611,0.968814,0.989703,0.966854,0.990481,0.001085,24,0.001077,24,0.894531,24,0.0,24,,0,0.100558,24
28,37,24,False,native,24,0.967704,0.946896,0.977297,0.030401,0.962456,0.939358,0.979899,0.938966,0.982109,24,0.983579,0.972723,0.988518,0.015796,0.980799,0.968731,0.989848,0.968522,0.990974,0.001074,24,0.001074,24,0.90625,24,0.0,24,,0,0.1005,24
28,38,24,False,native,24,0.967043,0.947399,0.976964,0.029564,0.962365,0.940143,0.979268,0.939679,0.982556,24,0.983237,0.972988,0.988348,0.01536,0.980755,0.969148,0.989525,0.968902,0.991201,0.001121,24,0.001062,24,0.916016,24,0.0,24,,0,0.100517,24
28,39,24,False,native,24,0.96664,0.947165,0.977631,0.030466,0.962248,0.940821,0.980219,0.939465,0.982258,24,0.983029,0.972865,0.988689,0.015824,0.980693,0.969508,0.990011,0.968788,0.99105,0.00107,24,0.001022,24,0.910156,24,0.0,24,,0,0.10061,24
28,40,24,False,native,24,0.966932,0.946734,0.977631,0.030897,0.962547,0.942344,0.979765,0.939465,0.983526,24,0.98318,0.972637,0.988689,0.016052,0.980848,0.970316,0.989779,0.968788,0.991694,0.001033,24,0.001077,24,0.914062,24,0.0,24,0.999395,24,0.100728,24
28,41,24,False,native,24,0.966311,0.945529,0.97726,0.031731,0.962296,0.942673,0.980227,0.93861,0.98487,24,0.982858,0.972002,0.988499,0.016497,0.980715,0.970491,0.990014,0.968333,0.992377,0.001119,24,0.001087,24,0.925781,24,0.0,24,,0,0.100875,24
28,42,24,False,native,24,0.966019,0.946373,0.977408,0.031035,0.962639,0.942459,0.982043,0.939394,0.984944,24,0.982706,0.972448,0.988575,0.016128,0.980894,0.970377,0.99094,0.96875,0.992415,0.001071,24,0.001037,24,0.908203,24,0.0,24,,0,0.101054,24
28,43,24,False,native,24,0.96466,0.946786,0.977427,0.030641,0.962712,0.942301,0.981171,0.940607,0.985991,24,0.982005,0.972666,0.988585,0.015919,0.980933,0.970294,0.990496,0.969395,0.992946,0.001059,24,0.001042,24,0.919922,24,0.0,24,,0,0.10116,24
28,44,24,False,native,24,0.963712,0.946068,0.977131,0.031063,0.961916,0.941272,0.980011,0.94075,0.983974,24,0.981512,0.972286,0.988433,0.016146,0.980521,0.969747,0.989904,0.969471,0.991922,0.001047,24,0.001053,24,0.919922,24,0.0,24,,0,0.101376,24
28,45,24,False,native,24,0.964259,0.94702,0.977909,0.030889,0.962626,0.941929,0.981968,0.941322,0.985841,24,0.981796,0.972789,0.988831,0.016042,0.980888,0.970096,0.990902,0.969774,0.99287,0.001065,24,0.001104,24,0.917969,24,0.0,24,,0,0.101617,24
28,46,24,False,native,24,0.962616,0.947937,0.976594,0.028657,0.962217,0.942258,0.980881,0.940393,0.98644,24,0.980943,0.973273,0.988158,0.014885,0.980679,0.970271,0.990348,0.969281,0.993174,0.001017,24,0.001025,24,0.925781,24,0.0,24,,0,0.10175,24
28,47,24,False,native,24,0.960671,0.947272,0.975501,0.028229,0.961836,0.944005,0.980263,0.941393,0.98644,24,0.979919,0.972922,0.987599,0.014677,0.980481,0.971196,0.990033,0.969812,0.993174,0.001042,24,0.001025,24,0.912109,24,0.0,24,,0,0.101848,24
28,48,24,False,native,24,0.961397,0.947452,0.976686,0.029235,0.962358,0.944385,0.980293,0.940322,0.989437,24,0.980298,0.973017,0.988205,0.015189,0.980748,0.971397,0.990049,0.969243,0.994691,0.001006,24,0.001024,24,0.917969,24,0.0,24,,0,0.101646,24
28,49,24,False,native,24,0.96153,0.948656,0.977742,0.029086,0.963159,0.946689,0.981238,0.94075,0.987038,24,0.980374,0.973652,0.988746,0.015094,0.981172,0.972615,0.99053,0.969471,0.993477,0.000995,24,0.001051,24,0.9375,24,0.0,24,,0,0.10078,24
29,0,24,False,native,24,0.962927,0.95514,0.968551,0.013411,0.960716,0.944841,0.970614,0.925163,0.980472,24,0.981113,0.977056,0.984024,0.006969,0.979925,0.971636,0.985088,0.961127,0.99014,0.001012,24,0.000968,24,0.945312,24,0.0,24,0.999191,24,0.102022,24
29,1,24,False,native,24,0.965891,0.956359,0.973634,0.017275,0.963444,0.942788,0.975553,0.938467,0.981811,24,0.982649,0.977691,0.986641,0.00895,0.981338,0.970551,0.987625,0.968257,0.990822,0.000983,24,0.001013,24,0.884766,24,0.0,24,,0,0.103873,24
29,2,24,False,native,24,0.971071,0.957108,0.974503,0.017395,0.964611,0.940893,0.976849,0.938824,0.979803,24,0.985323,0.978079,0.987087,0.009007,0.981938,0.969546,0.988289,0.968447,0.989798,0.001076,24,0.001152,24,0.886719,24,0.0,24,,0,0.104518,24
29,3,24,False,native,24,0.969456,0.959688,0.973875,0.014187,0.965065,0.943246,0.978325,0.938895,0.980249,24,0.984489,0.979426,0.986764,0.007338,0.982177,0.970794,0.989044,0.968485,0.990026,0.001116,24,0.001142,24,0.904297,24,0.0,24,,0,0.104718,24
29,4,24,False,native,24,0.967543,0.958229,0.975372,0.017143,0.964507,0.941486,0.97848,0.940036,0.979877,24,0.983503,0.978667,0.987532,0.008865,0.981888,0.969861,0.989123,0.969091,0.989836,0.001179,24,0.001164,24,0.904297,24,0.0,24,,0,0.104975,24
29,5,24,False,native,24,0.967286,0.958192,0.975279,0.017087,0.964274,0.939958,0.97759,0.939323,0.980844,24,0.98337,0.978648,0.987485,0.008836,0.981765,0.96905,0.988668,0.968712,0.990329,0.001101,24,0.001114,24,0.916016,24,0.0,24,,0,0.105068,24
29,6,24,False,native,24,0.966963,0.958084,0.975464,0.01738,0.963784,0.94005,0.976597,0.937826,0.979208,24,0.983199,0.978591,0.98758,0.008988,0.98151,0.969099,0.98816,0.967916,0.989495,0.001117,24,0.001115,24,0.910156,24,0.0,24,,0,0.105022,24
29,7,24,False,native,24,0.966481,0.956646,0.97552,0.018874,0.963948,0.940486,0.977197,0.937328,0.981439,24,0.982953,0.977842,0.987608,0.009766,0.981594,0.96933,0.988467,0.96765,0.990633,0.001119,24,0.001081,24,0.904297,24,0.0,24,,0,0.104996,24
29,8,24,False,native,24,0.966195,0.956538,0.975853,0.019315,0.963894,0.939587,0.979297,0.935834,0.982258,24,0.982801,0.977786,0.987779,0.009993,0.981561,0.968852,0.98954,0.966854,0.99105,0.001102,24,0.00109,24,0.90625,24,0.0,24,,0,0.104841,24
29,9,24,False,native,24,0.966047,0.956537,0.975816,0.019279,0.963831,0.940443,0.979432,0.935408,0.981141,24,0.982725,0.977786,0.98776,0.009974,0.981529,0.969307,0.989609,0.966626,0.990481,0.001094,24,0.001086,24,0.925781,24,0.0,24,,0,0.104767,24
29,10,24,False,native,24,0.965492,0.956228,0.976815,0.020587,0.963789,0.9402,0.979015,0.934911,0.980695,24,0.982441,0.977624,0.988272,0.010647,0.981505,0.969179,0.989396,0.966361,0.990253,0.001092,24,0.001119,24,0.914062,24,0.0,24,0.999249,24,0.104688,24
29,11,24,False,native,24,0.965679,0.956301,0.976538,0.020237,0.963799,0.94115,0.979654,0.935124,0.981141,24,0.982536,0.977662,0.98813,0.010467,0.981512,0.969683,0.989722,0.966475,0.990481,0.001182,24,0.001064,24,0.916016,24,0.0,24,,0,0.104611,24
29,12,24,False,native,24,0.965903,0.957426,0.976279,0.018853,0.963997,0.941179,0.979364,0.933776,0.981216,24,0.982649,0.97825,0.987997,0.009747,0.981613,0.969698,0.989574,0.965754,0.990519,0.001133,24,0.001078,24,0.894531,24,0.0,24,,0,0.104502,24
29,13,24,False,native,24,0.967298,0.957154,0.97752,0.020366,0.964738,0.942559,0.980576,0.93328,0.980918,24,0.98337,0.978108,0.988632,0.010524,0.981995,0.97043,0.990193,0.965488,0.990367,0.001092,24,0.001113,24,0.898438,24,0.0,24,,0,0.104346,24
29,14,24,False,native,24,0.966709,0.957245,0.977372,0.020127,0.964649,0.942144,0.980301,0.933634,0.980397,24,0.983067,0.978155,0.988556,0.010401,0.981949,0.97021,0.990052,0.965678,0.990102,0.001102,24,0.001079,24,0.896484,24,0.0,24,,0,0.104227,24
29,15,24,False,native,24,0.966416,0.958117,0.978113,0.019996,0.964543,0.942494,0.979632,0.932075,0.981513,24,0.982915,0.97861,0.988935,0.010325,0.981893,0.970396,0.989711,0.964844,0.990671,0.001106,24,0.00111,24,0.896484,24,0.0,24,,0,0.104047,24
29,16,24,False,native,24,0.965607,0.958299,0.977687,0.019388,0.964781,0.941844,0.979684,0.932146,0.98196,24,0.982498,0.978705,0.988717,0.010012,0.982016,0.970051,0.989738,0.964882,0.990898,0.001175,24,0.001034,24,0.927734,24,0.0,24,,0,0.103836,24
29,17,24,False,native,24,0.966006,0.95879,0.97841,0.01962,0.965497,0.942351,0.981149,0.933563,0.982855,24,0.982706,0.978961,0.989087,0.010126,0.982387,0.97032,0.990485,0.96564,0.991353,0.001143,24,0.00109,24,0.914062,24,0.0,24,,0,0.10358,24
29,18,24,False,native,24,0.967143,0.959299,0.979505,0.020206,0.96593,0.942487,0.981811,0.934343,0.982482,24,0.983294,0.979227,0.989647,0.01042,0.982611,0.970392,0.990822,0.966057,0.991164,0.001169,24,0.001184,24,0.900391,24,0.0,24,,0,0.103436,24
29,19,24,False,native,24,0.968358,0.958499,0.97997,0.021471,0.966382,0.944672,0.981953,0.935053,0.9836,24,0.98392,0.97881,0.989884,0.011074,0.982845,0.971549,0.990894,0.966437,0.991732,0.001226,24,0.001202,24,0.904297,24,0.0,24,,0,0.103113,24
29,20,24,False,native,24,0.967912,0.958626,0.979171,0.020546,0.96629,0.945475,0.982489,0.934343,0.983153,24,0.983692,0.978876,0.989476,0.0106,0.9828,0.971974,0.991167,0.966057,0.991505,0.001165,24,0.001255,24,0.900391,24,0.0,24,0.999344,24,0.102867,24
29,21,24,False,native,24,0.967287,0.958171,0.979004,0.020833,0.965966,0.946955,0.9824,0.933563,0.983526,24,0.98337,0.978639,0.989391,0.010752,0.982632,0.972755,0.991122,0.96564,0.991694,0.001182,24,0.001218,24,0.896484,24,0.0,24,,0,0.10261,24
29,22,24,False,native,24,0.966811,0.957444,0.978596,0.021151,0.965918,0.946323,0.98284,0.934911,0.984571,24,0.983123,0.97826,0.989182,0.010922,0.982607,0.972421,0.991346,0.966361,0.992225,0.001207,24,0.001122,24,0.908203,24,0.0,24,,0,0.102475,24
29,23,24,False,native,24,0.967102,0.957463,0.979394,0.021932,0.966346,0.947602,0.983466,0.936119,0.984272,24,0.983275,0.978269,0.98959,0.011321,0.98283,0.973096,0.991664,0.967005,0.992074,0.001126,24,0.001096,24,0.912109,24,0.0,24,,0,0.102305,24
29,24,24,False,native,24,0.966038,0.957645,0.979358,0.021713,0.966582,0.948509,0.982773,0.936332,0.984571,24,0.982725,0.978364,0.989571,0.011207,0.982953,0.973574,0.991311,0.967119,0.992225,0.001163,24,0.001202,24,0.90625,24,0.0,24,,0,0.102123,24
29,25,24,False,native,24,0.965268,0.958499,0.979877,0.021378,0.966518,0.948667,0.982042,0.937826,0.985318,24,0.982327,0.97881,0.989836,0.011027,0.982921,0.973657,0.99094,0.967916,0.992605,0.001152,24,0.001161,24,0.902344,24,0.0,24,,0,0.102013,24
29,26,24,False,native,24,0.964975,0.958008,0.979097,0.021089,0.966444,0.947934,0.982817,0.939537,0.986589,24,0.982175,0.978554,0.989438,0.010884,0.982883,0.973271,0.991334,0.968826,0.993249,0.001131,24,0.001137,24,0.917969,24,0.0,24,,0,0.101937,24
29,27,24,False,native,24,0.962672,0.95739,0.980658,0.023267,0.966534,0.948502,0.983884,0.940964,0.985467,24,0.980981,0.978231,0.990234,0.012003,0.982929,0.97357,0.991877,0.969584,0.992681,0.001153,24,0.00119,24,0.919922,24,0.0,24,,0,0.101826,24
29,28,24,False,native,24,0.962636,0.957173,0.980565,0.023392,0.966544,0.948351,0.985154,0.94125,0.98644,24,0.980962,0.978117,0.990187,0.01207,0.982932,0.973491,0.992521,0.969736,0.993174,0.001113,24,0.001175,24,0.919922,24,0.0,24,,0,0.101755,24
29,29,24,False,native,24,0.962344,0.956955,0.981439,0.024485,0.966608,0.947818,0.983877,0.942537,0.986964,24,0.98081,0.978004,0.990633,0.012629,0.982964,0.97321,0.991873,0.970419,0.993439,0.001102,24,0.001167,24,0.929688,24,0.0,24,,0,0.101639,24
29,30,24,False,native,24,0.961687,0.955448,0.981328,0.025879,0.966554,0.948732,0.98425,0.942895,0.98614,24,0.980469,0.977217,0.990576,0.013359,0.982937,0.973692,0.992062,0.970608,0.993022,0.001048,24,0.001092,24,0.933594,24,0.0,24,0.999342,24,0.10156,24
29,31,24,False,native,24,0.961905,0.954543,0.982054,0.027511,0.966751,0.949669,0.984496,0.942823,0.987488,24,0.980583,0.976743,0.990945,0.014203,0.983037,0.974185,0.992188,0.97057,0.993704,0.001076,24,0.001112,24,0.931641,24,0.0,24,,0,0.101444,24
29,32,24,False,native,24,0.960519,0.954126,0.980713,0.026587,0.966274,0.950916,0.984787,0.943969,0.986964,24,0.979862,0.976525,0.990263,0.013738,0.982792,0.974841,0.992335,0.971177,0.993439,0.001124,24,0.001093,24,0.933594,24,0.0,24,,0,0.101303,24
29,33,24,False,native,24,0.962016,0.953909,0.980583,0.026674,0.966838,0.951992,0.985669,0.944184,0.987862,24,0.980639,0.976411,0.990196,0.013786,0.983084,0.975406,0.992783,0.971291,0.993894,0.001114,24,0.00104,24,0.923828,24,0.0,24,,0,0.101179,24
29,34,24,False,native,24,0.961908,0.953203,0.980844,0.02764,0.966653,0.950916,0.985393,0.945332,0.987488,24,0.980583,0.976041,0.990329,0.014288,0.982988,0.974841,0.992643,0.971898,0.993704,0.001053,24,0.001024,24,0.931641,24,0.0,24,,0,0.100992,24
29,35,24,False,native,24,0.962644,0.951992,0.981346,0.029354,0.96649,0.951082,0.983824,0.945475,0.988087,24,0.980962,0.975406,0.990585,0.015179,0.982902,0.974928,0.991846,0.971974,0.994008,0.001116,24,0.001101,24,0.921875,24,0.0,24,,0,0.100846,24
29,36,24,False,native,24,0.96367,0.952589,0.981402,0.028813,0.966935,0.950909,0.984743,0.946624,0.988162,24,0.981493,0.975719,0.990614,0.014895,0.983133,0.974837,0.992313,0.97258,0.994046,0.00115,24,0.001084,24,0.919922,24,0.0,24,,0,0.100707,24
29,37,24,False,native,24,0.96463,0.95286,0.981365,0.028505,0.966792,0.949474,0.9844,0.946912,0.988837,24,0.981986,0.975861,0.990595,0.014734,0.983059,0.974082,0.992138,0.972732,0.994387,0.000998,24,0.001063,24,0.917969,24,0.0,24,,0,0.100477,24
29,38,24,False,native,24,0.96412,0.952552,0.980769,0.028217,0.966659,0.94938,0.985871,0.946121,0.988087,24,0.98172,0.9757,0.990291,0.014592,0.982988,0.974033,0.992885,0.972315,0.994008,0.001061,24,0.001015,24,0.921875,24,0.0,24,,0,0.10027,24
29,39,24,False,native,24,0.964999,0.951451,0.980992,0.029542,0.966691,0.949344,0.985512,0.946481,0.987787,24,0.982175,0.975121,0.990405,0.015284,0.983003,0.974014,0.992703,0.972505,0.993856,0.001082,24,0.001014,24,0.921875,24,0.0,24,,0,0.100109,24
29,40,24,False,native,24,0.964634,0.951559,0.981625,0.030066,0.966849,0.949438,0.984855,0.947919,0.987263,24,0.981986,0.975178,0.990727,0.015549,0.983086,0.974063,0.99237,0.973263,0.993591,0.001086,24,0.00102,24,0.927734,24,0.0,24,0.999299,24,0.099977,24
29,41,24,False,native,24,0.964845,0.952896,0.981755,0.02886,0.967432,0.949979,0.986111,0.94907,0.988687,24,0.9821,0.97588,0.990794,0.014914,0.983389,0.974348,0.993007,0.97387,0.994311,0.00103,24,0.001033,24,0.927734,24,0.0,24,,0,0.099797,24
29,42,24,False,native,24,0.965323,0.953276,0.9825,0.029225,0.967564,0.95008,0.984847,0.94835,0.988237,24,0.982346,0.976079,0.991173,0.015094,0.983458,0.974401,0.992366,0.973491,0.994084,0.001051,24,0.001022,24,0.902344,24,0.0,24,,0,0.099556,24
29,43,24,False,native,24,0.965354,0.953059,0.982389,0.02933,0.967638,0.951609,0.986597,0.948422,0.988162,24,0.982365,0.975965,0.991116,0.015151,0.983498,0.975205,0.993253,0.973529,0.994046,0.001029,24,0.001071,24,0.917969,24,0.0,24,,0,0.099319,24
29,44,24,False,native,24,0.966415,0.953511,0.982761,0.02925,0.967578,0.948754,0.987368,0.948422,0.987787,24,0.982915,0.976202,0.991306,0.015104,0.983463,0.973703,0.993644,0.973529,0.993856,0.001029,24,0.001015,24,0.902344,24,0.0,24,,0,0.099095,24
29,45,24,False,native,24,0.967958,0.952227,0.982706,0.030478,0.967261,0.948898,0.987368,0.945547,0.988387,24,0.983711,0.975529,0.991277,0.015748,0.983293,0.973779,0.993644,0.972012,0.99416,0.001037,24,0.001035,24,0.914062,24,0.0,24,,0,0.098897,24
29,46,24,False,native,24,0.968618,0.951433,0.983544,0.032112,0.967388,0.948732,0.9876,0.945045,0.987937,24,0.984053,0.975112,0.991704,0.016592,0.983356,0.973692,0.993761,0.971746,0.993932,0.001033,24,0.001055,24,0.904297,24,0.0,24,,0,0.098624,24
29,47,24,False,native,24,0.96935,0.95174,0.982277,0.030537,0.966858,0.946244,0.985445,0.945045,0.987413,24,0.984432,0.975273,0.991059,0.015786,0.983084,0.972379,0.992669,0.971746,0.993667,0.001033,24,0.001049,24,0.910156,24,0.0,24,,0,0.098322,24
29,48,24,False,native,24,0.969943,0.95364,0.98103,0.02739,0.967018,0.946689,0.984563,0.944113,0.985393,24,0.984735,0.976269,0.990424,0.014155,0.983172,0.972615,0.992222,0.971253,0.992643,0.00102,24,0.000983,24,0.882812,24,0.0,24,,0,0.097893,24
29,49,24,False,native,24,0.969607,0.955456,0.981495,0.026039,0.966688,0.94238,0.98331,0.941893,0.984272,24,0.984565,0.977217,0.990661,0.013444,0.982999,0.970335,0.991584,0.970077,0.992074,0.001051,24,0.000987,24,0.890625,24,0.0,24,,0,0.097244,24
