layer,timestep,n,insufficient_n,native_or_simulated,n_jaccard,jaccard_median,jaccard_q1,jaccard_q3,jaccard_iqr,jaccard_mean,jaccard_p10,jaccard_p90,jaccard_min,jaccard_max,n_recall,recall_median,recall_q1,recall_q3,recall_iqr,recall_mean,recall_p10,recall_p90,recall_min,recall_max,decision_margin_reference_median,n_decision_margin_reference,decision_margin_candidate_median,n_decision_margin_candidate,frac_query_blocks_changed_median,n_frac_query_blocks_changed,boundary_ties_median,n_boundary_ties,spearman_rho_median,n_spearman_rho,sat_frac_q_median,n_sat_frac_q
0,0,24,False,native,24,0.959022,0.942265,0.966725,0.02446,0.954236,0.936432,0.972587,0.92231,0.974635,24,0.979079,0.970271,0.983079,0.012808,0.976512,0.967172,0.986103,0.959585,0.987154,0.001488,24,0.001606,24,0.722656,24,0.0,24,0.999272,24,0.096604,24
0,1,24,False,native,24,0.958801,0.943863,0.967196,0.023333,0.954251,0.934884,0.972294,0.921201,0.974342,24,0.978966,0.971116,0.983323,0.012207,0.976519,0.966346,0.985953,0.958984,0.987004,0.001494,24,0.001608,24,0.740234,24,0.0,24,,0,0.09667,24
0,2,24,False,native,24,0.953052,0.944461,0.965743,0.021282,0.953663,0.935728,0.970397,0.926483,0.976394,24,0.975962,0.971436,0.982572,0.011137,0.976224,0.966797,0.984976,0.961839,0.988056,0.001533,24,0.001515,24,0.777344,24,0.0,24,,0,0.096382,24
0,3,24,False,native,24,0.954845,0.944707,0.966615,0.021908,0.954751,0.932496,0.974342,0.926623,0.977862,24,0.976901,0.971567,0.983023,0.011456,0.976788,0.965069,0.987004,0.961914,0.988807,0.001559,24,0.001626,24,0.771484,24,0.0,24,,0,0.096028,24
0,4,24,False,native,24,0.958368,0.947626,0.968214,0.020587,0.956058,0.927181,0.9761,0.92523,0.97948,24,0.978741,0.973107,0.983849,0.010742,0.977458,0.962215,0.987906,0.961163,0.989633,0.001742,24,0.001729,24,0.75,24,0.0,24,,0,0.09569,24
0,5,24,False,native,24,0.957434,0.949555,0.966178,0.016623,0.956107,0.928158,0.977274,0.926623,0.980216,24,0.978253,0.974121,0.982797,0.008676,0.977489,0.96274,0.988507,0.961914,0.990009,0.001763,24,0.001643,24,0.751953,24,0.0,24,,0,0.095452,24
0,6,24,False,native,24,0.957936,0.947873,0.964945,0.017072,0.956183,0.929835,0.977715,0.929275,0.978156,24,0.978516,0.973238,0.982159,0.008921,0.977539,0.963642,0.988732,0.963341,0.988957,0.001684,24,0.001826,24,0.757812,24,0.0,24,,0,0.095203,24
0,7,24,False,native,24,0.957937,0.947979,0.964548,0.016569,0.955489,0.927041,0.9761,0.925508,0.978009,24,0.978516,0.973295,0.981952,0.008658,0.97717,0.962139,0.987906,0.961313,0.988882,0.001785,24,0.001728,24,0.777344,24,0.0,24,,0,0.095028,24
0,8,24,False,native,24,0.954127,0.948942,0.964219,0.015277,0.954729,0.932496,0.976687,0.9194,0.979185,24,0.976525,0.973802,0.981783,0.007982,0.976769,0.965069,0.988206,0.958008,0.989483,0.00176,24,0.001726,24,0.785156,24,0.0,24,,0,0.094885,24
0,9,24,False,native,24,0.955563,0.950262,0.966758,0.016496,0.955578,0.932216,0.976394,0.920092,0.978891,24,0.977276,0.974497,0.983098,0.008601,0.977214,0.964919,0.988056,0.958383,0.989333,0.001781,24,0.00164,24,0.769531,24,0.0,24,,0,0.094766,24
0,10,24,False,native,24,0.956784,0.951693,0.964871,0.013178,0.956059,0.933198,0.979038,0.919954,0.980658,24,0.977915,0.975248,0.982121,0.006873,0.977464,0.965445,0.989408,0.958308,0.990234,0.001743,24,0.001653,24,0.759766,24,0.0,24,0.999329,24,0.094698,24
0,11,24,False,native,24,0.955994,0.952159,0.962626,0.010467,0.955199,0.934603,0.97845,0.916085,0.978597,24,0.977502,0.975492,0.980957,0.005465,0.977013,0.966196,0.989108,0.956205,0.989183,0.001683,24,0.001729,24,0.767578,24,0.0,24,,0,0.094647,24
0,12,24,False,native,24,0.956789,0.951728,0.961722,0.009994,0.954832,0.932496,0.976247,0.917879,0.978009,24,0.977915,0.975267,0.980488,0.005221,0.976825,0.965069,0.987981,0.957181,0.988882,0.00157,24,0.001608,24,0.787109,24,0.0,24,,0,0.094613,24
0,13,24,False,native,24,0.955132,0.949906,0.960784,0.010878,0.953479,0.929136,0.976687,0.916637,0.977274,24,0.977051,0.974309,0.979999,0.00569,0.976112,0.963266,0.988206,0.956505,0.988507,0.001454,24,0.001537,24,0.804688,24,0.0,24,,0,0.094589,24
0,14,24,False,native,24,0.954129,0.947661,0.960279,0.012618,0.952435,0.928716,0.975807,0.914707,0.976687,24,0.976525,0.973126,0.979736,0.006611,0.975561,0.963041,0.987755,0.955454,0.988206,0.001571,24,0.00161,24,0.826172,24,0.0,24,,0,0.094588,24
0,15,24,False,native,24,0.955781,0.946097,0.963567,0.017469,0.952845,0.928577,0.977568,0.911133,0.978303,24,0.977389,0.972299,0.981445,0.009146,0.975761,0.962966,0.988657,0.953501,0.989032,0.001697,24,0.001612,24,0.791016,24,0.0,24,,0,0.094613,24
0,16,24,False,native,24,0.955856,0.947088,0.963856,0.016768,0.953596,0.929975,0.9761,0.912919,0.978597,24,0.977426,0.972825,0.981596,0.00877,0.976162,0.963717,0.987906,0.954477,0.989183,0.001661,24,0.001801,24,0.785156,24,0.0,24,,0,0.09462,24
0,17,24,False,native,24,0.956432,0.949655,0.96382,0.014165,0.953337,0.924395,0.975221,0.910448,0.977421,24,0.977727,0.974177,0.981577,0.007399,0.976018,0.960712,0.987455,0.953125,0.988582,0.001635,24,0.001606,24,0.783203,24,0.0,24,,0,0.09464,24
0,18,24,False,native,24,0.955568,0.949191,0.96252,0.013329,0.953193,0.928018,0.97566,0.908804,0.978303,24,0.977276,0.973933,0.980901,0.006967,0.975943,0.962665,0.98768,0.952224,0.989032,0.001694,24,0.001549,24,0.794922,24,0.0,24,,0,0.094679,24
0,19,24,False,native,24,0.955422,0.947302,0.962121,0.014819,0.95245,0.929136,0.974928,0.908394,0.978156,24,0.977201,0.972938,0.980694,0.007756,0.975555,0.963266,0.987305,0.951998,0.988957,0.001579,24,0.001552,24,0.792969,24,0.0,24,,0,0.094721,24
0,20,24,False,native,24,0.957075,0.946413,0.962302,0.015889,0.952527,0.928158,0.9761,0.908667,0.977568,24,0.978065,0.972468,0.980788,0.00832,0.975592,0.96274,0.987906,0.952148,0.988657,0.001473,24,0.001647,24,0.792969,24,0.0,24,0.99928,24,0.094779,24
0,21,24,False,native,24,0.957435,0.945204,0.965197,0.019994,0.952546,0.929136,0.975807,0.9073,0.976834,24,0.978253,0.97183,0.98229,0.01046,0.975598,0.963266,0.987755,0.951397,0.988281,0.001431,24,0.001474,24,0.802734,24,0.0,24,,0,0.09483,24
0,22,24,False,native,24,0.95607,0.945203,0.964219,0.019015,0.9516,0.923699,0.974195,0.906617,0.976687,24,0.977539,0.97183,0.981783,0.009953,0.975098,0.960337,0.986929,0.951022,0.988206,0.001478,24,0.001543,24,0.800781,24,0.0,24,,0,0.094894,24
0,23,24,False,native,24,0.955995,0.9446,0.965052,0.020453,0.95165,0.924395,0.973464,0.906207,0.97654,24,0.977502,0.971511,0.982215,0.010705,0.975123,0.960712,0.986553,0.950796,0.988131,0.001573,24,0.001519,24,0.785156,24,0.0,24,,0,0.094946,24
0,24,24,False,native,24,0.9565,0.944316,0.961759,0.017443,0.950677,0.921478,0.975074,0.902666,0.975221,24,0.977764,0.97136,0.980506,0.009146,0.974603,0.959135,0.98738,0.948843,0.987455,0.001534,24,0.001565,24,0.8125,24,0.0,24,,0,0.095012,24
0,25,24,False,native,24,0.955852,0.943252,0.961398,0.018147,0.950859,0.925647,0.973318,0.90689,0.974488,24,0.977426,0.970797,0.980319,0.009521,0.974716,0.961388,0.986478,0.951172,0.987079,0.001483,24,0.001557,24,0.814453,24,0.0,24,,0,0.095076,24
0,26,24,False,native,24,0.955277,0.942614,0.960676,0.018062,0.951156,0.927181,0.974635,0.907847,0.977568,24,0.977126,0.970459,0.979943,0.009484,0.974872,0.962215,0.987154,0.951698,0.988657,0.001471,24,0.001534,24,0.822266,24,0.0,24,,0,0.095122,24
0,27,24,False,native,24,0.95506,0.940949,0.958515,0.017566,0.949535,0.920508,0.974049,0.90321,0.97845,24,0.977013,0.969576,0.978816,0.00924,0.974002,0.958609,0.986854,0.949144,0.989108,0.001498,24,0.001587,24,0.841797,24,0.0,24,,0,0.095179,24
0,28,24,False,native,24,0.954271,0.942189,0.959162,0.016973,0.949646,0.923421,0.974049,0.901986,0.976247,24,0.9766,0.970234,0.979154,0.008921,0.974065,0.960186,0.986854,0.948468,0.987981,0.001641,24,0.001517,24,0.828125,24,0.0,24,,0,0.095225,24
0,29,24,False,native,24,0.95291,0.940136,0.95981,0.019674,0.9488,0.922866,0.971418,0.899272,0.9761,24,0.975886,0.969144,0.979492,0.010348,0.973614,0.959886,0.985502,0.946965,0.987906,0.001709,24,0.001597,24,0.832031,24,0.0,24,,0,0.095277,24
0,30,24,False,native,24,0.952264,0.940737,0.95963,0.018893,0.948575,0.923838,0.971856,0.899814,0.974488,24,0.975548,0.969464,0.979398,0.009935,0.973501,0.960412,0.985727,0.947266,0.987079,0.001657,24,0.001624,24,0.835938,24,0.0,24,0.999249,24,0.095326,24
0,31,24,False,native,24,0.951692,0.939429,0.959342,0.019912,0.947273,0.92231,0.968648,0.895216,0.97361,24,0.975248,0.968769,0.979248,0.010479,0.972806,0.959585,0.984075,0.944712,0.986629,0.001672,24,0.00161,24,0.839844,24,0.0,24,,0,0.095364,24
0,32,24,False,native,24,0.950334,0.93897,0.960066,0.021095,0.946587,0.923838,0.967775,0.893734,0.972879,24,0.974534,0.968525,0.979624,0.011099,0.972443,0.960412,0.983624,0.943885,0.986253,0.001723,24,0.001653,24,0.855469,24,0.0,24,,0,0.095386,24
0,33,24,False,native,24,0.948193,0.940031,0.957043,0.017013,0.945183,0.919815,0.967775,0.888495,0.974195,24,0.973407,0.969088,0.978046,0.008958,0.971686,0.958233,0.983624,0.940956,0.986929,0.001646,24,0.001643,24,0.855469,24,0.0,24,,0,0.095425,24
0,34,24,False,native,24,0.947908,0.940384,0.957654,0.01727,0.944973,0.928437,0.967048,0.884885,0.970251,24,0.973257,0.969276,0.978365,0.00909,0.97158,0.962891,0.983248,0.938927,0.984901,0.00159,24,0.001544,24,0.869141,24,0.0,24,,0,0.095466,24
0,35,24,False,native,24,0.946839,0.941731,0.956499,0.014768,0.943219,0.925647,0.965161,0.875986,0.969668,24,0.972694,0.969989,0.977764,0.007775,0.970628,0.961388,0.982272,0.933894,0.9846,0.001378,24,0.001499,24,0.873047,24,0.0,24,,0,0.095527,24
0,36,24,False,native,24,0.945346,0.939288,0.953672,0.014384,0.941021,0.920924,0.963422,0.871634,0.966758,24,0.971905,0.968694,0.976281,0.007587,0.969451,0.958834,0.98137,0.931415,0.983098,0.001446,24,0.001548,24,0.876953,24,0.0,24,,0,0.095563,24
0,37,24,False,native,24,0.942227,0.938194,0.952461,0.014266,0.940263,0.926902,0.964001,0.869138,0.967194,24,0.970252,0.968111,0.975642,0.007531,0.969044,0.962064,0.981671,0.929988,0.983323,0.001448,24,0.001553,24,0.896484,24,0.0,24,,0,0.095602,24
0,38,24,False,native,24,0.940384,0.936928,0.952886,0.015959,0.93923,0.932496,0.962409,0.864687,0.964726,24,0.969276,0.967435,0.975868,0.008432,0.968487,0.965069,0.980844,0.927434,0.982046,0.001265,24,0.001494,24,0.908203,24,0.0,24,,0,0.095623,24
0,39,24,False,native,24,0.94003,0.933865,0.950063,0.016198,0.937574,0.929975,0.962553,0.856884,0.964291,24,0.969088,0.965802,0.974384,0.008582,0.967579,0.963717,0.980919,0.922927,0.981821,0.001482,24,0.001449,24,0.90625,24,0.0,24,,0,0.095616,24
0,40,24,False,native,24,0.940881,0.935341,0.947775,0.012434,0.936706,0.928018,0.963132,0.85262,0.963277,24,0.969539,0.96659,0.973182,0.006592,0.967104,0.962665,0.98122,0.920448,0.981295,0.001462,24,0.001563,24,0.912109,24,0.0,24,0.998775,24,0.095583,24
0,41,24,False,native,24,0.943854,0.934466,0.946955,0.012489,0.935869,0.921894,0.961397,0.850302,0.96183,24,0.971116,0.966121,0.97275,0.006629,0.966647,0.95936,0.980319,0.919096,0.980544,0.001582,24,0.001582,24,0.884766,24,0.0,24,,0,0.09549,24
0,42,24,False,native,24,0.942365,0.935982,0.945812,0.00983,0.93489,0.916913,0.959232,0.847991,0.963132,24,0.970328,0.966928,0.972149,0.005221,0.966115,0.956656,0.979192,0.917743,0.98122,0.001376,24,0.001512,24,0.892578,24,0.0,24,,0,0.095285,24
0,43,24,False,native,24,0.940173,0.937067,0.94457,0.007503,0.932995,0.914156,0.958223,0.838928,0.958799,24,0.969163,0.967511,0.971492,0.003981,0.965069,0.955153,0.978666,0.91241,0.978966,0.001428,24,0.001461,24,0.902344,24,0.0,24,,0,0.094927,24
0,44,24,False,native,24,0.94088,0.933058,0.945492,0.012434,0.931875,0.913193,0.955634,0.836645,0.956784,24,0.969539,0.96537,0.97198,0.006611,0.964462,0.954627,0.977314,0.911058,0.977915,0.001597,24,0.001623,24,0.914062,24,0.0,24,,0,0.09442,24
0,45,24,False,native,24,0.940174,0.930612,0.946201,0.015589,0.930761,0.914707,0.955347,0.830709,0.957503,24,0.969163,0.964055,0.972356,0.008301,0.963836,0.955454,0.977163,0.907527,0.97829,0.001594,24,0.001506,24,0.896484,24,0.0,24,,0,0.093636,24
0,46,24,False,native,24,0.938132,0.925964,0.947124,0.02116,0.929353,0.911271,0.953482,0.829954,0.959664,24,0.968074,0.961557,0.972844,0.011287,0.963072,0.953576,0.976187,0.907076,0.979417,0.001476,24,0.001585,24,0.908203,24,0.0,24,,0,0.092607,24
0,47,24,False,native,24,0.938272,0.916154,0.945808,0.029653,0.927065,0.909489,0.95549,0.826063,0.961252,24,0.968149,0.956242,0.972149,0.015907,0.961814,0.952599,0.977239,0.904748,0.980243,0.001457,24,0.001522,24,0.908203,24,0.0,24,,0,0.091023,24
0,48,24,False,native,24,0.935957,0.913677,0.946342,0.032664,0.925149,0.906071,0.952049,0.828948,0.963711,24,0.96691,0.95489,0.972431,0.017541,0.960787,0.950721,0.975436,0.906475,0.98152,0.001597,24,0.001483,24,0.933594,24,0.0,24,,0,0.089447,24
0,49,24,False,native,24,0.940526,0.914639,0.949263,0.034624,0.927164,0.902122,0.952336,0.842619,0.955634,24,0.969351,0.955416,0.973971,0.018555,0.961933,0.948543,0.975586,0.914588,0.977314,0.001571,24,0.001439,24,0.914062,24,0.0,24,,0,0.088911,24
1,0,24,False,native,24,0.963784,0.957181,0.967485,0.010304,0.960783,0.943149,0.970105,0.93615,0.976247,24,0.981558,0.978121,0.983474,0.005352,0.979971,0.970741,0.984826,0.967022,0.987981,0.001188,24,0.001241,24,0.736328,24,0.0,24,0.99969,24,0.101109,24
1,1,24,False,native,24,0.961614,0.957,0.965198,0.008198,0.95987,0.944763,0.969726,0.939253,0.977862,24,0.980431,0.978027,0.98229,0.004263,0.979498,0.971597,0.98463,0.968675,0.988807,0.001288,24,0.001364,24,0.742188,24,0.0,24,,0,0.100976,24
1,2,24,False,native,24,0.962337,0.95549,0.966177,0.010687,0.959457,0.94204,0.970295,0.935446,0.975514,24,0.980807,0.977239,0.982797,0.005559,0.979279,0.970155,0.984923,0.966647,0.987605,0.001352,24,0.001329,24,0.722656,24,0.0,24,,0,0.101126,24
1,3,24,False,native,24,0.962553,0.955778,0.966033,0.010255,0.959338,0.942341,0.971871,0.924951,0.973318,24,0.980919,0.977389,0.982722,0.005334,0.97921,0.970312,0.985735,0.961013,0.986478,0.001354,24,0.001295,24,0.724609,24,0.0,24,,0,0.101491,24
1,4,24,False,native,24,0.963784,0.955922,0.96883,0.012908,0.960805,0.939968,0.974899,0.930254,0.978303,24,0.981558,0.977464,0.984168,0.006704,0.979968,0.969043,0.98729,0.963867,0.989032,0.001337,24,0.001458,24,0.691406,24,0.0,24,,0,0.101703,24
1,5,24,False,native,24,0.963422,0.955778,0.970033,0.014256,0.961855,0.942022,0.976086,0.935587,0.977274,24,0.98137,0.977389,0.984788,0.007399,0.980519,0.970132,0.987898,0.966722,0.988507,0.001424,24,0.001529,24,0.689453,24,0.0,24,,0,0.101922,24
1,6,24,False,native,24,0.964654,0.957035,0.969596,0.01256,0.962272,0.943199,0.976306,0.935587,0.978891,24,0.982009,0.978046,0.984563,0.006517,0.980735,0.970756,0.988011,0.966722,0.989333,0.001585,24,0.001566,24,0.685547,24,0.0,24,,0,0.102169,24
1,7,24,False,native,24,0.965454,0.955993,0.971564,0.015571,0.962207,0.94262,0.975968,0.932917,0.978156,24,0.982422,0.977502,0.985577,0.008075,0.980697,0.970455,0.987838,0.965294,0.988957,0.001489,24,0.001505,24,0.681641,24,0.0,24,,0,0.102416,24
1,8,24,False,native,24,0.964952,0.955598,0.973683,0.018085,0.962322,0.942317,0.976394,0.936995,0.977862,24,0.982159,0.977295,0.986666,0.009371,0.980757,0.970297,0.988056,0.967473,0.988807,0.001549,24,0.001497,24,0.677734,24,0.0,24,,0,0.102599,24
1,9,24,False,native,24,0.963064,0.955922,0.972843,0.016921,0.961988,0.941333,0.976423,0.934462,0.980068,24,0.981182,0.977464,0.986234,0.00877,0.980578,0.969779,0.988071,0.966121,0.989934,0.001536,24,0.001502,24,0.662109,24,0.0,24,,0,0.102777,24
1,10,24,False,native,24,0.964008,0.954306,0.972952,0.018646,0.961688,0.941487,0.976717,0.93404,0.979774,24,0.981671,0.976619,0.986291,0.009672,0.980422,0.969862,0.988221,0.965895,0.989784,0.001479,24,0.001473,24,0.6875,24,0.0,24,0.999654,24,0.102938,24
1,11,24,False,native,24,0.964439,0.952837,0.974342,0.021504,0.961947,0.941885,0.975778,0.932075,0.982723,24,0.981896,0.975849,0.987004,0.011155,0.980553,0.970072,0.98774,0.964844,0.991286,0.001545,24,0.001514,24,0.683594,24,0.0,24,,0,0.103073,24
1,12,24,False,native,24,0.964441,0.952945,0.972148,0.019204,0.961373,0.93962,0.97443,0.932777,0.982427,24,0.981896,0.975905,0.985877,0.009972,0.980256,0.96887,0.987049,0.965219,0.991136,0.001568,24,0.001519,24,0.667969,24,0.0,24,,0,0.103181,24
1,13,24,False,native,24,0.964509,0.953736,0.972404,0.018668,0.961181,0.938998,0.976321,0.930394,0.98051,24,0.981934,0.976318,0.986009,0.009691,0.980153,0.96854,0.988018,0.963942,0.990159,0.001512,24,0.001564,24,0.689453,24,0.0,24,,0,0.103263,24
1,14,24,False,native,24,0.964293,0.954024,0.972331,0.018307,0.960739,0.935927,0.976967,0.926623,0.983018,24,0.981821,0.976469,0.985971,0.009503,0.979915,0.966902,0.988349,0.961914,0.991436,0.0015,24,0.001537,24,0.677734,24,0.0,24,,0,0.103306,24
1,15,24,False,native,24,0.96306,0.951549,0.970507,0.018957,0.960195,0.934857,0.978157,0.923144,0.982132,24,0.981182,0.975173,0.985032,0.00986,0.979627,0.966331,0.988957,0.960036,0.990986,0.001528,24,0.001413,24,0.6875,24,0.0,24,,0,0.103321,24
1,16,24,False,native,24,0.963784,0.953088,0.97058,0.017492,0.960536,0.939183,0.977803,0.923144,0.983018,24,0.981558,0.97598,0.98507,0.00909,0.979808,0.968637,0.988777,0.960036,0.991436,0.001521,24,0.001415,24,0.693359,24,0.0,24,,0,0.103324,24
1,17,24,False,native,24,0.963711,0.951549,0.970835,0.019286,0.960065,0.93938,0.978553,0.922172,0.984052,24,0.98152,0.975173,0.985201,0.010029,0.979558,0.968742,0.98916,0.95951,0.991962,0.001376,24,0.001446,24,0.712891,24,0.0,24,,0,0.103306,24
1,18,24,False,native,24,0.962771,0.953626,0.970511,0.016885,0.960157,0.941402,0.97773,0.922172,0.982132,24,0.981032,0.976262,0.985032,0.00877,0.979608,0.969817,0.988739,0.95951,0.990986,0.001473,24,0.00152,24,0.6875,24,0.0,24,,0,0.103259,24
1,19,24,False,native,24,0.964074,0.952157,0.96967,0.017513,0.960923,0.945175,0.978185,0.924812,0.983166,24,0.981708,0.975492,0.9846,0.009108,0.980012,0.971815,0.988972,0.960938,0.991511,0.001484,24,0.001491,24,0.691406,24,0.0,24,,0,0.103231,24
1,20,24,False,native,24,0.962626,0.952873,0.968324,0.015451,0.96035,0.946057,0.977276,0.926762,0.98228,24,0.980957,0.975868,0.983905,0.008038,0.979721,0.972281,0.988507,0.961989,0.991061,0.001489,24,0.001453,24,0.716797,24,0.0,24,0.999635,24,0.103205,24
1,21,24,False,native,24,0.962554,0.952945,0.968469,0.015524,0.960438,0.947452,0.977128,0.923144,0.985088,24,0.980919,0.975905,0.983981,0.008075,0.979764,0.973017,0.988431,0.960036,0.992488,0.001431,24,0.00147,24,0.726562,24,0.0,24,,0,0.103137,24
1,22,24,False,native,24,0.961036,0.953841,0.968327,0.014486,0.960623,0.947866,0.978157,0.925508,0.983166,24,0.980131,0.976375,0.983905,0.007531,0.979865,0.973235,0.988957,0.961313,0.991511,0.00143,24,0.001524,24,0.753906,24,0.0,24,,0,0.103043,24
1,23,24,False,native,24,0.960891,0.953374,0.967857,0.014483,0.960144,0.948051,0.976717,0.920646,0.983757,24,0.980056,0.976131,0.983661,0.007531,0.979611,0.973332,0.988221,0.958684,0.991812,0.00148,24,0.00146,24,0.738281,24,0.0,24,,0,0.102939,24
1,24,24,False,native,24,0.961325,0.952837,0.967059,0.014222,0.959743,0.948307,0.977935,0.919677,0.983461,24,0.980281,0.975849,0.983248,0.007399,0.979398,0.973468,0.988845,0.958158,0.991662,0.00148,24,0.00149,24,0.755859,24,0.0,24,,0,0.102863,24
1,25,24,False,native,24,0.96183,0.953195,0.966623,0.013428,0.959277,0.948264,0.976643,0.912781,0.983166,24,0.980544,0.976037,0.983023,0.006986,0.979148,0.973445,0.988184,0.954402,0.991511,0.001486,24,0.001548,24,0.75,24,0.0,24,,0,0.102773,24
1,26,24,False,native,24,0.959448,0.951906,0.966225,0.014319,0.958735,0.950105,0.976262,0.911682,0.98169,24,0.979304,0.975361,0.982816,0.007456,0.978866,0.974414,0.987988,0.953801,0.99076,0.001449,24,0.001482,24,0.765625,24,0.0,24,,0,0.102678,24
1,27,24,False,native,24,0.95952,0.953446,0.967242,0.013796,0.958563,0.948478,0.978965,0.910585,0.98228,24,0.979342,0.976168,0.983342,0.007174,0.978766,0.973558,0.98937,0.9532,0.991061,0.001504,24,0.001476,24,0.78125,24,0.0,24,,0,0.102564,24
1,28,24,False,native,24,0.95844,0.950441,0.968001,0.017561,0.957462,0.946996,0.979009,0.906071,0.982132,24,0.978779,0.974591,0.983736,0.009146,0.978178,0.972776,0.989393,0.950721,0.990986,0.001408,24,0.00146,24,0.769531,24,0.0,24,,0,0.102413,24
1,29,24,False,native,24,0.958223,0.951728,0.967385,0.015657,0.957711,0.946953,0.97798,0.906617,0.981395,24,0.978666,0.975267,0.983417,0.008151,0.978315,0.972754,0.988867,0.951022,0.99061,0.001483,24,0.001506,24,0.777344,24,0.0,24,,0,0.102295,24
1,30,24,False,native,24,0.957215,0.948371,0.967058,0.018687,0.957096,0.94482,0.978847,0.913468,0.982132,24,0.97814,0.973501,0.983248,0.009747,0.977996,0.971627,0.98931,0.954778,0.990986,0.001491,24,0.001435,24,0.791016,24,0.0,24,0.999494,24,0.10209,24
1,31,24,False,native,24,0.955778,0.946661,0.965754,0.019093,0.956442,0.939946,0.979259,0.9194,0.98228,24,0.977389,0.9726,0.982572,0.009972,0.977664,0.969043,0.989521,0.958008,0.991061,0.00151,24,0.001602,24,0.785156,24,0.0,24,,0,0.101968,24
1,32,24,False,native,24,0.956209,0.945275,0.966197,0.020922,0.957048,0.941531,0.98054,0.924673,0.982575,24,0.977614,0.971867,0.982797,0.01093,0.977984,0.969884,0.990174,0.960862,0.991211,0.001504,24,0.00154,24,0.794922,24,0.0,24,,0,0.101815,24
1,33,24,False,native,24,0.955562,0.944919,0.966153,0.021234,0.956476,0.93876,0.978627,0.924256,0.983166,24,0.977276,0.97168,0.982779,0.011099,0.977689,0.968412,0.989198,0.960637,0.991511,0.001479,24,0.001519,24,0.792969,24,0.0,24,,0,0.101635,24
1,34,24,False,native,24,0.955778,0.944316,0.965827,0.021512,0.955944,0.936855,0.978376,0.923144,0.982723,24,0.977389,0.97136,0.98261,0.011249,0.977408,0.967398,0.98907,0.960036,0.991286,0.001565,24,0.001528,24,0.789062,24,0.0,24,,0,0.101418,24
1,35,24,False,native,24,0.956426,0.94421,0.965144,0.020935,0.956403,0.937871,0.978421,0.926902,0.981247,24,0.977727,0.971304,0.982253,0.010949,0.977652,0.967939,0.989093,0.962064,0.990535,0.001552,24,0.001467,24,0.771484,24,0.0,24,,0,0.101218,24
1,36,24,False,native,24,0.957432,0.942649,0.966513,0.023864,0.955457,0.934674,0.978847,0.922172,0.980216,24,0.978253,0.970478,0.982966,0.012489,0.977148,0.966233,0.98931,0.95951,0.990009,0.001532,24,0.001567,24,0.753906,24,0.0,24,,0,0.101004,24
1,37,24,False,native,24,0.958223,0.941056,0.966122,0.025066,0.955711,0.935503,0.976981,0.923283,0.981985,24,0.978666,0.969633,0.98276,0.013127,0.977276,0.966677,0.988356,0.960111,0.99091,0.001513,24,0.001542,24,0.748047,24,0.0,24,,0,0.100796,24
1,38,24,False,native,24,0.957,0.941308,0.964491,0.023183,0.954013,0.930662,0.977775,0.924116,0.983609,24,0.978027,0.969764,0.981915,0.012151,0.976381,0.964085,0.988762,0.960562,0.991737,0.001574,24,0.00155,24,0.794922,24,0.0,24,,0,0.100468,24
1,39,24,False,native,24,0.955634,0.939079,0.96445,0.025371,0.953293,0.930045,0.976511,0.925369,0.981247,24,0.977314,0.968581,0.981896,0.013315,0.976005,0.963755,0.988116,0.961238,0.990535,0.001509,24,0.00153,24,0.800781,24,0.0,24,,0,0.100154,24
1,40,24,False,native,24,0.956209,0.936573,0.965173,0.028599,0.953572,0.930437,0.9787,0.926762,0.980805,24,0.977614,0.967248,0.982272,0.015024,0.976149,0.963965,0.989235,0.961989,0.990309,0.001564,24,0.00157,24,0.796875,24,0.0,24,0.999299,24,0.099915,24
1,41,24,False,native,24,0.954702,0.937348,0.967131,0.029783,0.953456,0.933198,0.977627,0.923421,0.978891,24,0.976825,0.967661,0.983286,0.015625,0.97609,0.965445,0.988687,0.960186,0.989333,0.001498,24,0.001491,24,0.798828,24,0.0,24,,0,0.099593,24
1,42,24,False,native,24,0.954342,0.936926,0.967527,0.030602,0.952553,0.930115,0.976643,0.923838,0.978009,24,0.976638,0.967435,0.983492,0.016057,0.975617,0.963792,0.988184,0.960412,0.988882,0.001602,24,0.001569,24,0.802734,24,0.0,24,,0,0.099333,24
1,43,24,False,native,24,0.950836,0.936544,0.9656,0.029056,0.951185,0.926442,0.97701,0.921062,0.979038,24,0.974797,0.967229,0.982497,0.015268,0.974891,0.961816,0.988371,0.958909,0.989408,0.001561,24,0.001663,24,0.824219,24,0.0,24,,0,0.099096,24
1,44,24,False,native,24,0.950407,0.938375,0.960976,0.022601,0.949686,0.92352,0.974314,0.914982,0.978009,24,0.974572,0.968205,0.980093,0.011888,0.974105,0.960239,0.986989,0.955604,0.988882,0.001519,24,0.001554,24,0.847656,24,0.0,24,,0,0.098877,24
1,45,24,False,native,24,0.94905,0.937604,0.960543,0.022939,0.948954,0.921548,0.974986,0.920231,0.9761,24,0.973858,0.967792,0.979868,0.012076,0.973717,0.959172,0.987335,0.958459,0.987906,0.001566,24,0.001514,24,0.845703,24,0.0,24,,0,0.098628,24
1,46,24,False,native,24,0.948549,0.938769,0.961293,0.022524,0.948417,0.92177,0.970864,0.917879,0.97948,24,0.973595,0.968412,0.980262,0.01185,0.973439,0.959292,0.985216,0.957181,0.989633,0.001517,24,0.001573,24,0.861328,24,0.0,24,,0,0.098132,24
1,47,24,False,native,24,0.948336,0.935941,0.961833,0.025892,0.94812,0.922366,0.970061,0.915533,0.978009,24,0.973483,0.96691,0.980544,0.013634,0.973285,0.959615,0.984803,0.955904,0.988882,0.001564,24,0.001613,24,0.841797,24,0.0,24,,0,0.097557,24
1,48,24,False,native,24,0.950691,0.938618,0.964908,0.02629,0.948703,0.924804,0.96859,0.908394,0.975807,24,0.974722,0.968337,0.98214,0.013803,0.973592,0.96093,0.984044,0.951998,0.987755,0.001683,24,0.001532,24,0.841797,24,0.0,24,,0,0.097133,24
1,49,24,False,native,24,0.95205,0.939257,0.963241,0.023984,0.949059,0.92957,0.967252,0.907847,0.973756,24,0.975436,0.968675,0.981276,0.012601,0.973786,0.963499,0.983353,0.951698,0.986704,0.001603,24,0.001652,24,0.822266,24,0.0,24,,0,0.097252,24
2,0,24,False,native,24,0.968721,0.962192,0.977311,0.015119,0.967048,0.953103,0.9797,0.9339,0.98169,24,0.984112,0.980732,0.988525,0.007794,0.983211,0.975984,0.989746,0.96582,0.99076,0.001657,24,0.001597,24,0.648438,24,0.0,24,0.999685,24,0.102926,24
2,1,24,False,native,24,0.969158,0.957827,0.974159,0.016332,0.965298,0.95384,0.977084,0.936713,0.979774,24,0.984337,0.978459,0.98691,0.008451,0.982306,0.976375,0.988409,0.967323,0.989784,0.001529,24,0.001445,24,0.642578,24,0.0,24,,0,0.103118,24
2,2,24,False,native,24,0.972879,0.955526,0.974928,0.019402,0.966426,0.951049,0.978112,0.932917,0.981395,24,0.986253,0.977257,0.987305,0.010047,0.982882,0.97491,0.988935,0.965294,0.99061,0.001474,24,0.001481,24,0.59375,24,0.0,24,,0,0.103125,24
2,3,24,False,native,24,0.97047,0.956425,0.975477,0.019053,0.96626,0.947352,0.9792,0.939253,0.982132,24,0.985014,0.977727,0.987586,0.00986,0.982797,0.972964,0.989491,0.968675,0.990986,0.001562,24,0.001403,24,0.634766,24,0.0,24,,0,0.103041,24
2,4,24,False,native,24,0.969522,0.957071,0.976137,0.019066,0.966645,0.947124,0.980378,0.939394,0.984052,24,0.984525,0.978065,0.987924,0.00986,0.982998,0.972844,0.990092,0.96875,0.991962,0.001545,24,0.001557,24,0.666016,24,0.0,24,,0,0.102865,24
2,5,24,False,native,24,0.969741,0.956964,0.976834,0.019871,0.966378,0.947523,0.980348,0.941374,0.985088,24,0.984638,0.978009,0.988281,0.010273,0.98286,0.973054,0.990077,0.969802,0.992488,0.00169,24,0.001786,24,0.658203,24,0.0,24,,0,0.102663,24
2,6,24,False,native,24,0.968576,0.958116,0.975551,0.017435,0.966735,0.951391,0.979112,0.941374,0.983757,24,0.984037,0.97861,0.987624,0.009014,0.983051,0.97509,0.989446,0.969802,0.991812,0.001667,24,0.00158,24,0.65625,24,0.0,24,,0,0.102467,24
2,7,24,False,native,24,0.968139,0.959702,0.975954,0.016252,0.966921,0.95311,0.979656,0.941374,0.985384,24,0.983812,0.979436,0.987831,0.008395,0.983148,0.975992,0.989724,0.969802,0.992638,0.00172,24,0.001582,24,0.660156,24,0.0,24,,0,0.102264,24
2,8,24,False,native,24,0.96814,0.958043,0.976028,0.017984,0.966439,0.951765,0.978921,0.937136,0.985384,24,0.983812,0.978572,0.987868,0.009296,0.982895,0.975285,0.989348,0.967548,0.992638,0.001726,24,0.001703,24,0.664062,24,0.0,24,,0,0.102099,24
2,9,24,False,native,24,0.967849,0.959268,0.977936,0.018667,0.966519,0.948696,0.980186,0.9377,0.98568,24,0.983661,0.97921,0.988845,0.009634,0.982932,0.97367,0.989994,0.967849,0.992788,0.001611,24,0.001635,24,0.677734,24,0.0,24,,0,0.101908,24
2,10,24,False,native,24,0.969085,0.959197,0.976321,0.017124,0.966305,0.95012,0.98054,0.936713,0.987014,24,0.9843,0.979173,0.988018,0.008845,0.982819,0.974422,0.990174,0.967323,0.993465,0.001732,24,0.001745,24,0.660156,24,0.0,24,0.999726,24,0.101796,24
2,11,24,False,native,24,0.968504,0.956712,0.978119,0.021407,0.966272,0.948378,0.981277,0.939959,0.985976,24,0.983999,0.977877,0.988939,0.011061,0.982801,0.973505,0.99055,0.96905,0.992939,0.001607,24,0.001697,24,0.673828,24,0.0,24,,0,0.101623,24
2,12,24,False,native,24,0.966616,0.955778,0.977972,0.022195,0.966439,0.950591,0.980894,0.942224,0.985828,24,0.983023,0.977389,0.988863,0.011475,0.982891,0.974669,0.990355,0.970252,0.992864,0.001538,24,0.001607,24,0.683594,24,0.0,24,,0,0.101485,24
2,13,24,False,native,24,0.968433,0.955167,0.978707,0.02354,0.966606,0.951335,0.983241,0.944351,0.985088,24,0.983962,0.97707,0.989239,0.012169,0.982976,0.97506,0.991549,0.971379,0.992488,0.001562,24,0.001587,24,0.642578,24,0.0,24,,0,0.101417,24
2,14,24,False,native,24,0.9664,0.955024,0.977972,0.022949,0.966655,0.952007,0.982693,0.943925,0.987014,24,0.98291,0.976994,0.988863,0.011869,0.983001,0.975413,0.991271,0.971154,0.993465,0.001621,24,0.00149,24,0.667969,24,0.0,24,,0,0.10127,24
2,15,24,False,native,24,0.966398,0.954593,0.977348,0.022755,0.965827,0.950033,0.981705,0.944635,0.986866,24,0.98291,0.976769,0.988544,0.011775,0.982572,0.974377,0.990768,0.971529,0.993389,0.001639,24,0.001533,24,0.660156,24,0.0,24,,0,0.101193,24
2,16,24,False,native,24,0.966179,0.953338,0.976834,0.023496,0.965601,0.951248,0.982413,0.944493,0.986866,24,0.982797,0.976112,0.988281,0.012169,0.982453,0.975015,0.991128,0.971454,0.993389,0.001576,24,0.001536,24,0.683594,24,0.0,24,,0,0.101052,24
2,17,24,False,native,24,0.96669,0.952622,0.977753,0.025131,0.965896,0.949848,0.981365,0.945203,0.987459,24,0.98306,0.975736,0.988751,0.013015,0.982603,0.974279,0.990595,0.97183,0.99369,0.001538,24,0.0015,24,0.675781,24,0.0,24,,0,0.101008,24
2,18,24,False,native,24,0.964655,0.953267,0.977899,0.024632,0.96557,0.951606,0.981159,0.943925,0.986125,24,0.982009,0.976074,0.988826,0.012752,0.982438,0.975203,0.99049,0.971154,0.993014,0.001532,24,0.001466,24,0.667969,24,0.0,24,,0,0.100812,24
2,19,24,False,native,24,0.964589,0.952694,0.978119,0.025426,0.965046,0.950276,0.979892,0.945488,0.987756,24,0.981971,0.975774,0.988939,0.013165,0.982165,0.974504,0.989844,0.97198,0.99384,0.001618,24,0.001476,24,0.695312,24,0.0,24,,0,0.10074,24
2,20,24,False,native,24,0.962343,0.951191,0.976834,0.025643,0.964375,0.948093,0.981749,0.944209,0.987014,24,0.980807,0.974985,0.988281,0.013296,0.981812,0.973355,0.99079,0.971304,0.993465,0.001467,24,0.001483,24,0.714844,24,0.0,24,0.999683,24,0.100685,24
2,21,24,False,native,24,0.963005,0.950691,0.978304,0.027613,0.964428,0.946512,0.981056,0.943216,0.987904,24,0.981145,0.974722,0.989032,0.01431,0.981833,0.972521,0.990437,0.970778,0.993915,0.001562,24,0.001517,24,0.712891,24,0.0,24,,0,0.100543,24
2,22,24,False,native,24,0.962644,0.951549,0.978009,0.02646,0.964431,0.948093,0.980334,0.9435,0.987904,24,0.980957,0.975173,0.988882,0.013709,0.98184,0.973355,0.990069,0.970928,0.993915,0.001531,24,0.001477,24,0.703125,24,0.0,24,,0,0.100395,24
2,23,24,False,native,24,0.962131,0.950369,0.978744,0.028375,0.964709,0.947836,0.98082,0.9435,0.989092,24,0.980694,0.974553,0.989258,0.014705,0.981981,0.97322,0.990317,0.970928,0.994516,0.001556,24,0.00156,24,0.714844,24,0.0,24,,0,0.100266,24
2,24,24,False,native,24,0.961556,0.948799,0.977752,0.028953,0.963531,0.947409,0.979966,0.943074,0.985828,24,0.980394,0.973727,0.988751,0.015024,0.98137,0.972994,0.989881,0.970703,0.992864,0.001478,24,0.001634,24,0.708984,24,0.0,24,,0,0.100205,24
2,25,24,False,native,24,0.963007,0.948977,0.978082,0.029105,0.963692,0.946669,0.979818,0.94279,0.987014,24,0.981145,0.973821,0.98892,0.015099,0.981455,0.972604,0.989806,0.970553,0.993465,0.001538,24,0.001479,24,0.712891,24,0.0,24,,0,0.100081,24
2,26,24,False,native,24,0.963363,0.94912,0.978487,0.029367,0.963564,0.946384,0.980584,0.941799,0.986273,24,0.981333,0.973896,0.989126,0.015231,0.981386,0.972453,0.990197,0.970027,0.993089,0.001419,24,0.001418,24,0.732422,24,0.0,24,,0,0.099963,24
2,27,24,False,native,24,0.962928,0.949513,0.977458,0.027945,0.963043,0.945943,0.979392,0.94194,0.987162,24,0.981107,0.974102,0.988601,0.014498,0.981117,0.972221,0.989588,0.970102,0.99354,0.001455,24,0.001578,24,0.681641,24,0.0,24,,0,0.0998,24
2,28,24,False,native,24,0.961478,0.948193,0.977972,0.02978,0.96271,0.944763,0.980776,0.941374,0.985532,24,0.980356,0.973407,0.988863,0.015456,0.980941,0.971597,0.990294,0.969802,0.992713,0.001594,24,0.001518,24,0.734375,24,0.0,24,,0,0.099674,24
2,29,24,False,native,24,0.960751,0.948372,0.976944,0.028573,0.962333,0.945232,0.979803,0.940808,0.985088,24,0.97998,0.973501,0.988338,0.014836,0.980747,0.971845,0.989799,0.969501,0.992488,0.001568,24,0.001364,24,0.738281,24,0.0,24,,0,0.099565,24
2,30,24,False,native,24,0.960828,0.946875,0.978487,0.031612,0.962215,0.944763,0.98051,0.939959,0.985236,24,0.980018,0.972713,0.989126,0.016414,0.980682,0.971597,0.990159,0.96905,0.992563,0.001537,24,0.001514,24,0.732422,24,0.0,24,0.99967,24,0.099339,24
2,31,24,False,native,24,0.962351,0.946804,0.978229,0.031426,0.962374,0.945545,0.981277,0.938123,0.98494,24,0.980807,0.972675,0.988995,0.01632,0.980763,0.97201,0.99055,0.968074,0.992413,0.001505,24,0.001458,24,0.712891,24,0.0,24,,0,0.099189,24
2,32,24,False,native,24,0.962343,0.947623,0.978377,0.030754,0.962116,0.944735,0.981587,0.938406,0.983905,24,0.980807,0.973107,0.98907,0.015963,0.980628,0.971582,0.990708,0.968224,0.991887,0.001527,24,0.001373,24,0.724609,24,0.0,24,,0,0.09905,24
2,33,24,False,native,24,0.961043,0.946199,0.978854,0.032655,0.961864,0.943074,0.981985,0.937841,0.985976,24,0.980131,0.972356,0.989314,0.016958,0.980491,0.970703,0.99091,0.967924,0.992939,0.001468,24,0.001409,24,0.746094,24,0.0,24,,0,0.098882,24
2,34,24,False,native,24,0.960966,0.945239,0.978082,0.032843,0.961284,0.943216,0.982,0.937982,0.986273,24,0.980093,0.971849,0.98892,0.017071,0.98019,0.970778,0.990918,0.967999,0.993089,0.001511,24,0.001422,24,0.75,24,0.0,24,,0,0.098684,24
2,35,24,False,native,24,0.961401,0.945275,0.977568,0.032294,0.960896,0.944394,0.981572,0.936573,0.983905,24,0.980319,0.971867,0.988657,0.016789,0.97999,0.971402,0.9907,0.967248,0.991887,0.001426,24,0.001358,24,0.732422,24,0.0,24,,0,0.098492,24
2,36,24,False,native,24,0.962915,0.943641,0.976836,0.033194,0.960289,0.941841,0.981852,0.937559,0.982723,24,0.981107,0.971004,0.988281,0.017278,0.979671,0.97005,0.990843,0.967773,0.991286,0.001348,24,0.001409,24,0.708984,24,0.0,24,,0,0.098297,24
2,37,24,False,native,24,0.960318,0.945488,0.978119,0.032632,0.960615,0.94306,0.982369,0.937982,0.983313,24,0.979755,0.97198,0.988939,0.016958,0.979843,0.970696,0.991106,0.967999,0.991587,0.001431,24,0.001393,24,0.755859,24,0.0,24,,0,0.098104,24
2,38,24,False,native,24,0.959884,0.944458,0.976321,0.031863,0.959714,0.942408,0.980672,0.936009,0.983609,24,0.97953,0.971436,0.988018,0.016583,0.979373,0.97035,0.990242,0.966947,0.991737,0.001418,24,0.001468,24,0.732422,24,0.0,24,,0,0.097833,24
2,39,24,False,native,24,0.956067,0.942897,0.974379,0.031482,0.958858,0.941714,0.979583,0.938829,0.983313,24,0.977539,0.970609,0.987023,0.016414,0.978932,0.969982,0.989686,0.96845,0.991587,0.001551,24,0.001426,24,0.753906,24,0.0,24,,0,0.09759,24
2,40,24,False,native,24,0.959377,0.942862,0.973612,0.03075,0.958668,0.939451,0.980202,0.938829,0.983018,24,0.979267,0.97059,0.986629,0.016038,0.978832,0.96878,0.990002,0.96845,0.991436,0.001419,24,0.001475,24,0.751953,24,0.0,24,0.999613,24,0.097336,24
2,41,24,False,native,24,0.957215,0.942472,0.972223,0.029751,0.957885,0.938349,0.978656,0.9377,0.981985,24,0.97814,0.970384,0.985915,0.015531,0.978425,0.968194,0.989213,0.967849,0.99091,0.001414,24,0.001434,24,0.755859,24,0.0,24,,0,0.09703,24
2,42,24,False,native,24,0.958223,0.941728,0.972223,0.030495,0.957125,0.937503,0.977818,0.936432,0.983461,24,0.978666,0.969989,0.985915,0.015925,0.978024,0.967743,0.988785,0.967172,0.991662,0.001435,24,0.001474,24,0.748047,24,0.0,24,,0,0.096678,24
2,43,24,False,native,24,0.957143,0.940702,0.970835,0.030134,0.95648,0.937883,0.978451,0.936009,0.9811,24,0.978102,0.969445,0.985201,0.015756,0.977686,0.967946,0.989108,0.966947,0.99046,0.001438,24,0.001423,24,0.761719,24,0.0,24,,0,0.096427,24
2,44,24,False,native,24,0.957791,0.938265,0.972623,0.034358,0.955929,0.93435,0.978127,0.931795,0.983166,24,0.978441,0.968149,0.986122,0.017973,0.977386,0.966061,0.988942,0.964694,0.991511,0.001456,24,0.001371,24,0.751953,24,0.0,24,,0,0.096019,24
2,45,24,False,native,24,0.955203,0.936819,0.970433,0.033614,0.954682,0.934294,0.975543,0.931935,0.98228,24,0.977088,0.967379,0.984995,0.017616,0.976738,0.966031,0.98762,0.964769,0.991061,0.001464,24,0.001478,24,0.761719,24,0.0,24,,0,0.09569,24
2,46,24,False,native,24,0.958151,0.934427,0.970398,0.035971,0.954341,0.933029,0.974811,0.931655,0.980068,24,0.978628,0.966102,0.984976,0.018874,0.976559,0.965355,0.987245,0.964618,0.989934,0.001384,24,0.001343,24,0.75,24,0.0,24,,0,0.095445,24
2,47,24,False,native,24,0.95808,0.933724,0.968503,0.034779,0.953598,0.931907,0.973347,0.928577,0.981837,24,0.978591,0.965726,0.983999,0.018273,0.976162,0.964754,0.986493,0.962966,0.990835,0.001449,24,0.001336,24,0.763672,24,0.0,24,,0,0.095234,24
2,48,24,False,native,24,0.958872,0.934076,0.966831,0.032755,0.951857,0.92749,0.970966,0.923977,0.980658,24,0.979004,0.965914,0.983136,0.017221,0.975245,0.96238,0.985269,0.960487,0.990234,0.001448,24,0.001356,24,0.751953,24,0.0,24,,0,0.095256,24
2,49,24,False,native,24,0.959881,0.932672,0.968212,0.035541,0.953569,0.929905,0.97193,0.918156,0.981542,24,0.97953,0.965163,0.983849,0.018686,0.976134,0.963679,0.985765,0.957332,0.990685,0.001476,24,0.001393,24,0.722656,24,0.0,24,,0,0.09559,24
3,0,24,False,native,24,0.970032,0.964654,0.972989,0.008335,0.967208,0.958166,0.975983,0.933479,0.978597,24,0.984788,0.982009,0.986309,0.004301,0.983308,0.978636,0.987846,0.965595,0.989183,0.001445,24,0.001487,24,0.628906,24,0.0,24,0.999733,24,0.106381,24
3,1,24,False,native,24,0.97244,0.966909,0.978303,0.011394,0.970245,0.955103,0.981513,0.944635,0.983313,24,0.986028,0.983173,0.989032,0.005859,0.984866,0.977036,0.99067,0.971529,0.991587,0.001436,24,0.001549,24,0.601562,24,0.0,24,,0,0.106774,24
3,2,24,False,native,24,0.974122,0.967742,0.97959,0.011848,0.972235,0.955806,0.983477,0.949762,0.987756,24,0.986892,0.983605,0.98969,0.006085,0.985893,0.977404,0.991669,0.974234,0.99384,0.001477,24,0.001532,24,0.578125,24,0.0,24,,0,0.106982,24
3,3,24,False,native,24,0.974196,0.968582,0.979774,0.011192,0.971772,0.954787,0.982841,0.947195,0.987904,24,0.986929,0.984037,0.989784,0.005747,0.985652,0.97687,0.991346,0.972882,0.993915,0.001452,24,0.001436,24,0.578125,24,0.0,24,,0,0.107121,24
3,4,24,False,native,24,0.97405,0.966726,0.979553,0.012827,0.971382,0.956899,0.980908,0.949619,0.985088,24,0.986854,0.983079,0.989671,0.006592,0.985458,0.977975,0.990362,0.974159,0.992488,0.001463,24,0.001486,24,0.587891,24,0.0,24,,0,0.107127,24
3,5,24,False,native,24,0.975588,0.967378,0.980694,0.013317,0.971913,0.957503,0.98135,0.943783,0.984792,24,0.987643,0.983417,0.990253,0.006836,0.985727,0.97829,0.990587,0.971079,0.992338,0.001591,24,0.001465,24,0.558594,24,0.0,24,,0,0.107154,24
3,6,24,False,native,24,0.974269,0.966288,0.979075,0.012786,0.970977,0.958455,0.97948,0.940101,0.983905,24,0.986967,0.982854,0.989427,0.006573,0.985245,0.978786,0.989633,0.969126,0.991887,0.001444,24,0.0014,24,0.564453,24,0.0,24,,0,0.107167,24
3,7,24,False,native,24,0.975954,0.964764,0.979038,0.014274,0.971129,0.958497,0.980908,0.941232,0.982575,24,0.987831,0.982065,0.989408,0.007343,0.98532,0.978809,0.990362,0.969727,0.991211,0.001507,24,0.001463,24,0.5625,24,0.0,24,,0,0.107164,24
3,8,24,False,native,24,0.975734,0.966216,0.978487,0.012271,0.971019,0.957676,0.980024,0.943074,0.984644,24,0.987718,0.982816,0.989126,0.00631,0.985264,0.97838,0.989911,0.970703,0.992263,0.001421,24,0.001513,24,0.546875,24,0.0,24,,0,0.107161,24
3,9,24,False,native,24,0.976027,0.964801,0.979112,0.01431,0.970907,0.956727,0.97973,0.943074,0.982723,24,0.987868,0.982084,0.989446,0.007362,0.985208,0.977885,0.989761,0.970703,0.991286,0.001498,24,0.001459,24,0.550781,24,0.0,24,,0,0.107113,24
3,10,24,False,native,24,0.975441,0.96422,0.978707,0.014487,0.970858,0.956541,0.980186,0.940525,0.982427,24,0.987568,0.981783,0.989239,0.007456,0.985179,0.977787,0.989994,0.969351,0.991136,0.00145,24,0.001447,24,0.542969,24,0.0,24,0.999833,24,0.107071,24
3,11,24,False,native,24,0.976541,0.966252,0.978156,0.011904,0.971145,0.958022,0.980245,0.940101,0.985088,24,0.988131,0.982835,0.988957,0.006122,0.985327,0.978561,0.990024,0.969126,0.992488,0.0015,24,0.001528,24,0.542969,24,0.0,24,,0,0.107019,24
3,12,24,False,native,24,0.9761,0.966034,0.978193,0.012158,0.970624,0.956741,0.979877,0.937418,0.98287,24,0.987906,0.982722,0.988976,0.006254,0.985054,0.977892,0.989836,0.967698,0.991361,0.001522,24,0.001485,24,0.542969,24,0.0,24,,0,0.10694,24
3,13,24,False,native,24,0.975367,0.965669,0.977495,0.011826,0.970532,0.955548,0.979597,0.940666,0.985532,24,0.98753,0.982535,0.988619,0.006085,0.98501,0.977269,0.989694,0.969426,0.992713,0.001374,24,0.001517,24,0.542969,24,0.0,24,,0,0.106885,24
3,14,24,False,native,24,0.975954,0.965851,0.977899,0.012048,0.970807,0.957158,0.979362,0.941799,0.983905,24,0.987831,0.982628,0.988826,0.006197,0.985154,0.97811,0.989573,0.970027,0.991887,0.001464,24,0.001495,24,0.541016,24,0.0,24,,0,0.106823,24
3,15,24,False,native,24,0.976907,0.965379,0.978303,0.012925,0.971256,0.957057,0.980319,0.941374,0.985236,24,0.988319,0.982384,0.989032,0.006648,0.985383,0.978057,0.990062,0.969802,0.992563,0.001495,24,0.001483,24,0.542969,24,0.0,24,,0,0.106769,24
3,16,24,False,native,24,0.976907,0.964001,0.978413,0.014412,0.97099,0.958497,0.9797,0.938547,0.984496,24,0.988319,0.981671,0.989089,0.007418,0.985245,0.978809,0.989746,0.968299,0.992188,0.001434,24,0.001389,24,0.529297,24,0.0,24,,0,0.106685,24
3,17,24,False,native,24,0.976614,0.965596,0.979995,0.014399,0.971386,0.957144,0.98082,0.940525,0.985236,24,0.988169,0.982497,0.989896,0.007399,0.985449,0.978102,0.990317,0.969351,0.992563,0.001388,24,0.001483,24,0.541016,24,0.0,24,,0,0.106644,24
3,18,24,False,native,24,0.976027,0.9644,0.979443,0.015043,0.971355,0.957663,0.981749,0.941799,0.983018,24,0.987868,0.981877,0.989615,0.007737,0.985436,0.978373,0.99079,0.970027,0.991436,0.001371,24,0.001369,24,0.550781,24,0.0,24,,0,0.106577,24
3,19,24,False,native,24,0.975514,0.964873,0.97948,0.014606,0.971272,0.958915,0.982073,0.941799,0.984052,24,0.987605,0.982121,0.989633,0.007512,0.985392,0.979026,0.990956,0.970027,0.991962,0.001517,24,0.001498,24,0.558594,24,0.0,24,,0,0.106545,24
3,20,24,False,native,24,0.9761,0.965632,0.979075,0.013443,0.971736,0.95965,0.982222,0.942365,0.98494,24,0.987906,0.982516,0.989427,0.006911,0.985633,0.97941,0.991031,0.970328,0.992413,0.001461,24,0.001429,24,0.537109,24,0.0,24,0.999844,24,0.10648,24
3,21,24,False,native,24,0.975514,0.965596,0.980105,0.014509,0.971677,0.960588,0.981852,0.94279,0.985384,24,0.987605,0.982497,0.989953,0.007456,0.985602,0.979898,0.990843,0.970553,0.992638,0.001375,24,0.001395,24,0.541016,24,0.0,24,,0,0.10646,24
3,22,24,False,native,24,0.977495,0.96469,0.979259,0.014569,0.971813,0.95965,0.982088,0.9435,0.983609,24,0.988619,0.982027,0.989521,0.007493,0.985674,0.97941,0.990963,0.970928,0.991737,0.001481,24,0.001471,24,0.515625,24,0.0,24,,0,0.106438,24
3,23,24,False,native,24,0.976467,0.967412,0.979664,0.012252,0.971357,0.95723,0.981203,0.942082,0.982427,24,0.988093,0.983436,0.989727,0.006291,0.985436,0.978148,0.990512,0.970177,0.991136,0.001399,24,0.001462,24,0.541016,24,0.0,24,,0,0.106409,24
3,24,24,False,native,24,0.977348,0.965451,0.980068,0.014617,0.971362,0.958886,0.981704,0.940383,0.982427,24,0.988544,0.982422,0.989934,0.007512,0.985436,0.979011,0.990768,0.969276,0.991136,0.00145,24,0.001469,24,0.503906,24,0.0,24,,0,0.10638,24
3,25,24,False,native,24,0.976174,0.966177,0.979811,0.013633,0.971535,0.958007,0.982546,0.939959,0.985236,24,0.987943,0.982797,0.989802,0.007005,0.985524,0.978553,0.991196,0.96905,0.992563,0.001407,24,0.001426,24,0.525391,24,0.0,24,,0,0.106364,24
3,26,24,False,native,24,0.975661,0.965887,0.979737,0.01385,0.971301,0.957115,0.983668,0.936854,0.984052,24,0.98768,0.982647,0.989765,0.007118,0.985402,0.978087,0.991767,0.967398,0.991962,0.001405,24,0.001431,24,0.521484,24,0.0,24,,0,0.10633,24
3,27,24,False,native,24,0.97588,0.964835,0.978965,0.01413,0.970843,0.95723,0.982546,0.939253,0.985384,24,0.987793,0.982103,0.98937,0.007268,0.985167,0.978148,0.991196,0.968675,0.992638,0.001393,24,0.001386,24,0.550781,24,0.0,24,,0,0.106321,24
3,28,24,False,native,24,0.975514,0.966576,0.979406,0.01283,0.97125,0.95782,0.982221,0.937559,0.985236,24,0.987605,0.983004,0.989596,0.006592,0.985377,0.978456,0.991031,0.967773,0.992563,0.00149,24,0.00145,24,0.546875,24,0.0,24,,0,0.106278,24
3,29,24,False,native,24,0.974635,0.964871,0.9804,0.015529,0.970927,0.956626,0.98259,0.93897,0.984496,24,0.987154,0.982121,0.990103,0.007982,0.985208,0.977832,0.991218,0.968525,0.992188,0.001377,24,0.0014,24,0.5625,24,0.0,24,,0,0.106243,24
3,30,24,False,native,24,0.975221,0.965415,0.981174,0.015759,0.971652,0.957,0.98352,0.938123,0.985976,24,0.987455,0.982403,0.990497,0.008094,0.98558,0.978027,0.991692,0.968074,0.992939,0.001421,24,0.001444,24,0.542969,24,0.0,24,0.999843,24,0.106252,24
3,31,24,False,native,24,0.974344,0.966976,0.981321,0.014345,0.971191,0.957489,0.982546,0.936573,0.984792,24,0.987004,0.983211,0.990572,0.007362,0.985342,0.978283,0.991196,0.967248,0.992338,0.00156,24,0.001399,24,0.566406,24,0.0,24,,0,0.106194,24
3,32,24,False,native,24,0.974488,0.966576,0.981137,0.01456,0.971132,0.956194,0.98321,0.936432,0.983757,24,0.987079,0.983004,0.990479,0.007474,0.985311,0.977607,0.991534,0.967172,0.991812,0.001428,24,0.001328,24,0.576172,24,0.0,24,,0,0.106164,24
3,33,24,False,native,24,0.975514,0.965451,0.981468,0.016017,0.970823,0.955177,0.982236,0.935165,0.984496,24,0.987605,0.982422,0.990648,0.008226,0.985151,0.977073,0.991038,0.966496,0.992188,0.001551,24,0.001379,24,0.535156,24,0.0,24,,0,0.10611,24
3,34,24,False,native,24,0.974854,0.965814,0.981358,0.015544,0.971137,0.957388,0.983594,0.9339,0.984496,24,0.987267,0.98261,0.990591,0.007982,0.985311,0.97823,0.991729,0.96582,0.992188,0.001556,24,0.001376,24,0.564453,24,0.0,24,,0,0.106058,24
3,35,24,False,native,24,0.974123,0.967885,0.981616,0.013731,0.971197,0.95654,0.983166,0.932777,0.984052,24,0.986892,0.98368,0.990723,0.007043,0.985342,0.977787,0.991511,0.965219,0.991962,0.001497,24,0.001374,24,0.574219,24,0.0,24,,0,0.106008,24
3,36,24,False,native,24,0.973466,0.967666,0.98121,0.013544,0.970987,0.955907,0.983166,0.934743,0.984792,24,0.986553,0.983567,0.990516,0.006949,0.985233,0.977456,0.991511,0.966271,0.992338,0.001382,24,0.001492,24,0.578125,24,0.0,24,,0,0.10595,24
3,37,24,False,native,24,0.97288,0.967449,0.980253,0.012804,0.970537,0.956813,0.981867,0.934181,0.98494,24,0.986253,0.983455,0.990028,0.006573,0.985004,0.97793,0.99085,0.965971,0.992413,0.001482,24,0.001483,24,0.580078,24,0.0,24,,0,0.105895,24
3,38,24,False,native,24,0.972952,0.965524,0.980952,0.015429,0.970671,0.958309,0.982944,0.932356,0.984644,24,0.986291,0.982459,0.990385,0.007925,0.98507,0.978711,0.991399,0.964994,0.992263,0.001439,24,0.00149,24,0.59375,24,0.0,24,,0,0.105841,24
3,39,24,False,native,24,0.972882,0.965161,0.981653,0.016492,0.970938,0.959881,0.983313,0.930534,0.985236,24,0.986253,0.982272,0.990741,0.00847,0.985204,0.97953,0.991587,0.964017,0.992563,0.001378,24,0.001489,24,0.574219,24,0.0,24,,0,0.105729,24
3,40,24,False,native,24,0.973683,0.964255,0.981579,0.017324,0.970614,0.958367,0.98358,0.931375,0.985088,24,0.986666,0.981802,0.990704,0.008902,0.985039,0.978741,0.991722,0.964468,0.992488,0.001467,24,0.001518,24,0.556641,24,0.0,24,0.999821,24,0.105632,24
3,41,24,False,native,24,0.97383,0.962156,0.981911,0.019755,0.97076,0.959895,0.983831,0.933057,0.987607,24,0.986741,0.980713,0.990873,0.01016,0.985111,0.979537,0.991849,0.96537,0.993765,0.001556,24,0.001502,24,0.552734,24,0.0,24,,0,0.105477,24
3,42,24,False,native,24,0.973903,0.961361,0.982354,0.020993,0.970528,0.956641,0.983668,0.933759,0.985532,24,0.986779,0.9803,0.991098,0.010799,0.984988,0.97784,0.991767,0.965745,0.992713,0.001461,24,0.001501,24,0.566406,24,0.0,24,,0,0.10534,24
3,43,24,False,native,24,0.973756,0.960747,0.980805,0.020058,0.969956,0.957921,0.983373,0.930954,0.9842,24,0.986704,0.97998,0.990309,0.010329,0.984694,0.978508,0.991617,0.964243,0.992037,0.001534,24,0.001496,24,0.585938,24,0.0,24,,0,0.105273,24
3,44,24,False,native,24,0.975294,0.960314,0.982501,0.022188,0.970976,0.956324,0.98534,0.93404,0.986421,24,0.987492,0.979755,0.991173,0.011418,0.98522,0.977674,0.992616,0.965895,0.993164,0.001524,24,0.001591,24,0.552734,24,0.0,24,,0,0.105091,24
3,45,24,False,native,24,0.976029,0.959809,0.982501,0.022693,0.970829,0.956654,0.984334,0.936432,0.986866,24,0.987868,0.979492,0.991173,0.011681,0.985145,0.977847,0.992105,0.967172,0.993389,0.001528,24,0.001636,24,0.544922,24,0.0,24,,0,0.104899,24
3,46,24,False,native,24,0.97632,0.958475,0.981837,0.023362,0.970112,0.955362,0.984304,0.935728,0.985532,24,0.988018,0.978797,0.990835,0.012038,0.984773,0.977171,0.99209,0.966797,0.992713,0.001583,24,0.0016,24,0.542969,24,0.0,24,,0,0.104762,24
3,47,24,False,native,24,0.977128,0.957684,0.981874,0.02419,0.97004,0.953654,0.984555,0.934321,0.985384,24,0.988431,0.978384,0.990854,0.01247,0.984732,0.976277,0.992218,0.966046,0.992638,0.00168,24,0.001582,24,0.521484,24,0.0,24,,0,0.10465,24
3,48,24,False,native,24,0.977642,0.956676,0.981948,0.025272,0.969071,0.951249,0.985103,0.927041,0.986569,24,0.988694,0.977858,0.990892,0.013033,0.984218,0.975015,0.992495,0.962139,0.993239,0.001607,24,0.001633,24,0.525391,24,0.0,24,,0,0.104613,24
3,49,24,False,native,24,0.974123,0.953625,0.982022,0.028397,0.968465,0.950233,0.985739,0.932636,0.986569,24,0.986892,0.976262,0.990929,0.014667,0.983909,0.974482,0.992819,0.965144,0.993239,0.001707,24,0.00165,24,0.59375,24,0.0,24,,0,0.104187,24
4,0,24,False,native,24,0.971272,0.965415,0.979038,0.013623,0.971584,0.961816,0.979583,0.953195,0.98939,24,0.985427,0.982403,0.989408,0.007005,0.985568,0.980536,0.989686,0.976037,0.994666,0.001634,24,0.001538,24,0.621094,24,0.0,24,0.99972,24,0.106997,24
4,1,24,False,native,24,0.974049,0.971053,0.978266,0.007213,0.97454,0.966395,0.985563,0.957647,0.990579,24,0.986854,0.985314,0.989014,0.0037,0.987092,0.98291,0.992728,0.978365,0.995267,0.001565,24,0.001514,24,0.572266,24,0.0,24,,0,0.106088,24
4,2,24,False,native,24,0.975587,0.972952,0.980106,0.007154,0.976598,0.969741,0.987993,0.960386,0.990579,24,0.987643,0.986291,0.989953,0.003662,0.988147,0.984638,0.99396,0.979793,0.995267,0.001594,24,0.001617,24,0.550781,24,0.0,24,,0,0.10581,24
4,3,24,False,native,24,0.976027,0.972988,0.980805,0.007817,0.976752,0.972236,0.987548,0.959232,0.991473,24,0.987868,0.986309,0.990309,0.004,0.988225,0.985922,0.993735,0.979192,0.995718,0.001598,24,0.001491,24,0.560547,24,0.0,24,,0,0.105749,24
4,4,24,False,native,24,0.976467,0.974379,0.980989,0.006611,0.97736,0.97282,0.98933,0.958079,0.990579,24,0.988093,0.987023,0.990403,0.00338,0.988535,0.986223,0.994636,0.978591,0.995267,0.001492,24,0.001611,24,0.525391,24,0.0,24,,0,0.105651,24
4,5,24,False,native,24,0.976907,0.973647,0.979406,0.005759,0.976755,0.970951,0.988202,0.95664,0.989687,24,0.988319,0.986647,0.989596,0.002948,0.988225,0.985261,0.994066,0.97784,0.994817,0.001644,24,0.001574,24,0.529297,24,0.0,24,,0,0.105507,24
4,6,24,False,native,24,0.977201,0.974342,0.980584,0.006242,0.976711,0.968488,0.987311,0.955347,0.98939,24,0.988469,0.987004,0.990197,0.003193,0.9882,0.983992,0.993615,0.977163,0.994666,0.001543,24,0.001506,24,0.521484,24,0.0,24,,0,0.105409,24
4,7,24,False,native,24,0.977054,0.975111,0.979848,0.004737,0.97659,0.966294,0.988483,0.955921,0.991026,24,0.988394,0.987399,0.989821,0.002423,0.988137,0.982858,0.994208,0.977464,0.995493,0.001463,24,0.001538,24,0.529297,24,0.0,24,,0,0.105386,24
4,8,24,False,native,24,0.978082,0.972331,0.980952,0.008622,0.976489,0.963379,0.989197,0.953768,0.991324,24,0.98892,0.985971,0.990385,0.004413,0.988081,0.981348,0.994569,0.976337,0.995643,0.00151,24,0.001425,24,0.507812,24,0.0,24,,0,0.105356,24
4,9,24,False,native,24,0.977642,0.974708,0.980879,0.006171,0.976435,0.96293,0.988736,0.952908,0.990579,24,0.988694,0.987192,0.990347,0.003155,0.988053,0.981115,0.994336,0.975886,0.995267,0.001461,24,0.00148,24,0.525391,24,0.0,24,,0,0.105299,24
4,10,24,False,native,24,0.978671,0.973244,0.981763,0.008519,0.976355,0.959967,0.988484,0.952908,0.990877,24,0.98922,0.986441,0.990798,0.004357,0.988009,0.979575,0.994208,0.975886,0.995418,0.0015,24,0.001508,24,0.5,24,0.0,24,0.999859,24,0.105248,24
4,11,24,False,native,24,0.979038,0.975294,0.982022,0.006728,0.976425,0.95749,0.987385,0.951763,0.990728,24,0.989408,0.987492,0.990929,0.003437,0.988043,0.978283,0.993652,0.975285,0.995343,0.001578,24,0.001387,24,0.490234,24,0.0,24,,0,0.105227,24
4,12,24,False,native,24,0.979553,0.975221,0.981874,0.006653,0.976108,0.955851,0.986717,0.952192,0.989538,24,0.989671,0.987455,0.990854,0.003399,0.987881,0.977426,0.993314,0.975511,0.994742,0.001581,24,0.001515,24,0.498047,24,0.0,24,,0,0.105203,24
4,13,24,False,native,24,0.979186,0.975954,0.982464,0.00651,0.976525,0.954486,0.988112,0.950476,0.991026,24,0.989483,0.987831,0.991155,0.003324,0.98809,0.976713,0.99402,0.974609,0.995493,0.001563,24,0.001574,24,0.482422,24,0.0,24,,0,0.105176,24
4,14,24,False,native,24,0.978598,0.974269,0.982354,0.008085,0.976137,0.957057,0.986881,0.949762,0.989241,24,0.989183,0.986967,0.991098,0.004132,0.987893,0.978057,0.993397,0.974234,0.994591,0.001499,24,0.001561,24,0.496094,24,0.0,24,,0,0.105135,24
4,15,24,False,native,24,0.980363,0.972952,0.982169,0.009217,0.976138,0.955807,0.987993,0.951334,0.989687,24,0.990084,0.986291,0.991004,0.004714,0.987893,0.977404,0.99396,0.97506,0.994817,0.001563,24,0.001497,24,0.466797,24,0.0,24,,0,0.105101,24
4,16,24,False,native,24,0.979332,0.974269,0.982649,0.00838,0.976195,0.954517,0.988558,0.951048,0.990431,24,0.989558,0.986967,0.991248,0.004282,0.987921,0.976728,0.994246,0.97491,0.995192,0.001549,24,0.001499,24,0.484375,24,0.0,24,,0,0.105094,24
4,17,24,False,native,24,0.978965,0.975038,0.981468,0.006431,0.975433,0.952709,0.986362,0.950762,0.990282,24,0.98937,0.987361,0.990648,0.003287,0.98753,0.975781,0.993134,0.97476,0.995117,0.001536,24,0.001488,24,0.480469,24,0.0,24,,0,0.10504,24
4,18,24,False,native,24,0.977862,0.973756,0.9811,0.007343,0.975197,0.952507,0.988453,0.950048,0.98939,24,0.988807,0.986704,0.99046,0.003756,0.987408,0.975676,0.994193,0.974384,0.994666,0.001511,24,0.001408,24,0.523438,24,0.0,24,,0,0.104984,24
4,19,24,False,native,24,0.978009,0.975367,0.982981,0.007614,0.975504,0.951649,0.987518,0.94805,0.988795,24,0.988882,0.98753,0.991418,0.003887,0.987561,0.975225,0.99372,0.973332,0.994366,0.001489,24,0.001484,24,0.511719,24,0.0,24,,0,0.104971,24
4,20,24,False,native,24,0.97845,0.972404,0.981579,0.009175,0.974585,0.949705,0.987029,0.947765,0.990728,24,0.989108,0.986009,0.990704,0.004695,0.987089,0.974204,0.993472,0.973182,0.995343,0.001524,24,0.001478,24,0.5,24,0.0,24,0.999853,24,0.104892,24
4,21,24,False,native,24,0.979406,0.975074,0.981284,0.00621,0.975029,0.949805,0.985976,0.947338,0.98939,24,0.989596,0.98738,0.990554,0.003174,0.987317,0.974256,0.992939,0.972957,0.994666,0.001581,24,0.001508,24,0.476562,24,0.0,24,,0,0.104838,24
4,22,24,False,native,24,0.979259,0.972915,0.981763,0.008848,0.974915,0.950505,0.986747,0.946483,0.989092,24,0.989521,0.986272,0.990798,0.004526,0.987258,0.974624,0.993329,0.972506,0.994516,0.001561,24,0.001368,24,0.482422,24,0.0,24,,0,0.104809,24
4,23,24,False,native,24,0.980068,0.974305,0.982095,0.00779,0.97566,0.951191,0.98734,0.94748,0.990431,24,0.989934,0.986985,0.990967,0.003981,0.98764,0.974985,0.99363,0.973032,0.995192,0.001563,24,0.001484,24,0.476562,24,0.0,24,,0,0.104743,24
4,24,24,False,native,24,0.979406,0.973866,0.9818,0.007934,0.975369,0.950791,0.987875,0.948906,0.989092,24,0.989596,0.98676,0.990817,0.004056,0.987492,0.974775,0.9939,0.973783,0.994516,0.001615,24,0.001494,24,0.492188,24,0.0,24,,0,0.104662,24
4,25,24,False,native,24,0.979332,0.971637,0.981726,0.01009,0.975246,0.951634,0.987088,0.948763,0.990133,24,0.989558,0.985614,0.990779,0.005165,0.98743,0.975218,0.993502,0.973708,0.995042,0.001577,24,0.001568,24,0.474609,24,0.0,24,,0,0.104614,24
4,26,24,False,native,24,0.979921,0.973245,0.981395,0.00815,0.975534,0.950734,0.98786,0.949476,0.989687,24,0.989859,0.986441,0.99061,0.004169,0.987577,0.974745,0.993893,0.974084,0.994817,0.001508,24,0.001431,24,0.470703,24,0.0,24,,0,0.104542,24
4,27,24,False,native,24,0.979553,0.97383,0.981284,0.007455,0.975579,0.951777,0.98786,0.949476,0.989687,24,0.989671,0.986741,0.990554,0.003812,0.987602,0.975293,0.993893,0.974084,0.994817,0.001518,24,0.001632,24,0.478516,24,0.0,24,,0,0.104483,24
4,28,24,False,native,24,0.979995,0.97266,0.983018,0.010358,0.975783,0.950462,0.987993,0.949048,0.990728,24,0.989896,0.98614,0.991436,0.005296,0.987702,0.974602,0.99396,0.973858,0.995343,0.001553,24,0.001654,24,0.470703,24,0.0,24,,0,0.104417,24
4,29,24,False,native,24,0.979848,0.972915,0.982022,0.009106,0.975449,0.950662,0.986985,0.949191,0.990728,24,0.989821,0.986272,0.990929,0.004657,0.987533,0.974707,0.99345,0.973933,0.995343,0.001515,24,0.001574,24,0.476562,24,0.0,24,,0,0.104337,24
4,30,24,False,native,24,0.979995,0.974891,0.981247,0.006356,0.975702,0.950834,0.986584,0.950333,0.991473,24,0.989896,0.987286,0.990535,0.003249,0.987665,0.974797,0.993247,0.974534,0.995718,0.001548,24,0.001554,24,0.472656,24,0.0,24,0.999834,24,0.104257,24
4,31,24,False,native,24,0.97948,0.974635,0.981763,0.007128,0.975504,0.951363,0.987474,0.948763,0.991026,24,0.989633,0.987154,0.990798,0.003643,0.987561,0.975075,0.993697,0.973708,0.995493,0.001591,24,0.001506,24,0.482422,24,0.0,24,,0,0.104154,24
4,32,24,False,native,24,0.979185,0.972952,0.982132,0.00918,0.97508,0.950162,0.986599,0.946341,0.988647,24,0.989483,0.986291,0.990986,0.004695,0.987342,0.974444,0.993254,0.972431,0.994291,0.001531,24,0.001564,24,0.46875,24,0.0,24,,0,0.104069,24
4,33,24,False,native,24,0.980289,0.973281,0.983314,0.010033,0.975511,0.949692,0.986584,0.947195,0.989836,24,0.990047,0.98646,0.991587,0.005127,0.987561,0.974196,0.993247,0.972882,0.994892,0.001615,24,0.001501,24,0.455078,24,0.0,24,,0,0.103975,24
4,34,24,False,native,24,0.979038,0.97372,0.982391,0.008671,0.97526,0.949505,0.985991,0.946768,0.990728,24,0.989408,0.986685,0.991117,0.004432,0.987433,0.974099,0.992946,0.972656,0.995343,0.001619,24,0.001543,24,0.490234,24,0.0,24,,0,0.103851,24
4,35,24,False,native,24,0.9797,0.972367,0.981542,0.009175,0.97494,0.948635,0.986525,0.945772,0.990728,24,0.989746,0.98599,0.990685,0.004695,0.987267,0.97364,0.993217,0.97213,0.995343,0.001543,24,0.001569,24,0.484375,24,0.0,24,,0,0.103741,24
4,36,24,False,native,24,0.979406,0.973244,0.981763,0.008519,0.974639,0.947138,0.986733,0.944777,0.988795,24,0.989596,0.986441,0.990798,0.004357,0.987111,0.972852,0.993322,0.971605,0.994366,0.001595,24,0.00165,24,0.490234,24,0.0,24,,0,0.103597,24
4,37,24,False,native,24,0.979553,0.973537,0.982723,0.009186,0.974629,0.946384,0.985784,0.945772,0.988647,24,0.989671,0.986591,0.991286,0.004695,0.987104,0.972453,0.992841,0.97213,0.994291,0.001684,24,0.001681,24,0.470703,24,0.0,24,,0,0.103516,24
4,38,24,False,native,24,0.978744,0.974086,0.982059,0.007973,0.97445,0.946412,0.985399,0.946057,0.988053,24,0.989258,0.986873,0.990948,0.004075,0.987014,0.972468,0.992646,0.972281,0.99399,0.001645,24,0.00155,24,0.486328,24,0.0,24,,0,0.103363,24
4,39,24,False,native,24,0.978671,0.974159,0.982612,0.008453,0.974429,0.945417,0.985591,0.9435,0.989092,24,0.98922,0.98691,0.99123,0.004319,0.986998,0.971943,0.992743,0.970928,0.994516,0.001696,24,0.001577,24,0.5,24,0.0,24,,0,0.10328,24
4,40,24,False,native,24,0.978744,0.974525,0.982354,0.007829,0.974034,0.945118,0.98574,0.941515,0.98835,24,0.989258,0.987098,0.991098,0.004,0.986794,0.971785,0.992819,0.969877,0.994141,0.001684,24,0.001716,24,0.494141,24,0.0,24,0.999824,24,0.103134,24
4,41,24,False,native,24,0.977715,0.973354,0.982649,0.009295,0.973799,0.945986,0.985902,0.941515,0.98835,24,0.988732,0.986497,0.991248,0.004751,0.986672,0.972243,0.992901,0.969877,0.994141,0.001675,24,0.00164,24,0.505859,24,0.0,24,,0,0.102989,24
4,42,24,False,native,24,0.977568,0.973098,0.982022,0.008923,0.973333,0.944706,0.984481,0.939959,0.988795,24,0.988657,0.986366,0.990929,0.004564,0.986431,0.971567,0.99218,0.96905,0.994366,0.001681,24,0.001669,24,0.494141,24,0.0,24,,0,0.102843,24
4,43,24,False,native,24,0.978009,0.971236,0.98276,0.011523,0.972631,0.943968,0.984822,0.938829,0.986273,24,0.988882,0.985408,0.991305,0.005897,0.986068,0.971176,0.992353,0.96845,0.993089,0.001724,24,0.00162,24,0.507812,24,0.0,24,,0,0.102767,24
4,44,24,False,native,24,0.976174,0.971272,0.982464,0.011192,0.972345,0.943401,0.983979,0.933338,0.988498,24,0.987943,0.985427,0.991155,0.005728,0.985915,0.970876,0.991925,0.96552,0.994216,0.001683,24,0.001659,24,0.521484,24,0.0,24,,0,0.102622,24
4,45,24,False,native,24,0.975954,0.971455,0.983868,0.012413,0.971954,0.94367,0.984348,0.929555,0.987904,24,0.987831,0.985521,0.991868,0.006348,0.985705,0.971019,0.992112,0.963492,0.993915,0.001503,24,0.001671,24,0.548828,24,0.0,24,,0,0.102444,24
4,46,24,False,native,24,0.977421,0.970324,0.981542,0.011218,0.971337,0.940341,0.984511,0.929415,0.987904,24,0.988582,0.984938,0.990685,0.005747,0.985383,0.969253,0.992195,0.963416,0.993915,0.001739,24,0.001702,24,0.505859,24,0.0,24,,0,0.102411,24
4,47,24,False,native,24,0.975221,0.972477,0.982612,0.010135,0.970242,0.933114,0.984866,0.924116,0.985976,24,0.987455,0.986046,0.99123,0.005183,0.984801,0.9654,0.992375,0.960562,0.992939,0.001659,24,0.00165,24,0.556641,24,0.0,24,,0,0.102325,24
4,48,24,False,native,24,0.974708,0.97182,0.981506,0.009686,0.96925,0.927893,0.985103,0.924534,0.985976,24,0.987192,0.985708,0.990666,0.004958,0.984281,0.962598,0.992495,0.960787,0.992939,0.001672,24,0.001685,24,0.566406,24,0.0,24,,0,0.102308,24
4,49,24,False,native,24,0.973903,0.970944,0.982686,0.011742,0.969276,0.931445,0.983269,0.92509,0.983905,24,0.986779,0.985258,0.991267,0.00601,0.984306,0.964506,0.991564,0.961088,0.991887,0.001738,24,0.001719,24,0.566406,24,0.0,24,,0,0.102234,24
5,0,24,False,native,24,0.972075,0.968795,0.974964,0.00617,0.971216,0.963784,0.976071,0.961252,0.978156,24,0.98584,0.98415,0.987323,0.003174,0.985392,0.981558,0.987891,0.980243,0.988957,0.00172,24,0.001713,24,0.605469,24,0.0,24,0.99969,24,0.106006,24
5,1,24,False,native,24,0.973171,0.96585,0.975734,0.009884,0.971287,0.963567,0.977906,0.951048,0.984644,24,0.986403,0.982628,0.987718,0.005089,0.98542,0.981445,0.98883,0.97491,0.992263,0.001681,24,0.001686,24,0.603516,24,0.0,24,,0,0.105493,24
5,2,24,False,native,24,0.972002,0.96894,0.97599,0.007051,0.972351,0.964945,0.97923,0.957071,0.985828,24,0.985802,0.984225,0.987849,0.003625,0.985971,0.982159,0.989506,0.978065,0.992864,0.001628,24,0.001652,24,0.589844,24,0.0,24,,0,0.105777,24
5,3,24,False,native,24,0.972148,0.96585,0.975954,0.010104,0.971322,0.964175,0.977671,0.957503,0.984052,24,0.985877,0.982628,0.987831,0.005202,0.985442,0.981761,0.988709,0.97829,0.991962,0.001565,24,0.001586,24,0.605469,24,0.0,24,,0,0.105123,24
5,4,24,False,native,24,0.969376,0.965342,0.975147,0.009805,0.970601,0.963292,0.977818,0.961397,0.985976,24,0.98445,0.982366,0.987417,0.005052,0.98507,0.981303,0.988785,0.980319,0.992939,0.001536,24,0.001559,24,0.619141,24,0.0,24,,0,0.10491,24
5,5,24,False,native,24,0.967921,0.965161,0.97566,0.0105,0.97014,0.963581,0.977377,0.958655,0.986866,24,0.983699,0.982272,0.98768,0.005409,0.984832,0.981453,0.988559,0.978891,0.993389,0.001493,24,0.001565,24,0.652344,24,0.0,24,,0,0.10453,24
5,6,24,False,native,24,0.967993,0.965923,0.975551,0.009629,0.970455,0.964233,0.978156,0.960819,0.98568,24,0.983736,0.982666,0.987624,0.004958,0.984995,0.981791,0.988957,0.980018,0.992788,0.001502,24,0.001561,24,0.640625,24,0.0,24,,0,0.104298,24
5,7,24,False,native,24,0.969449,0.964182,0.975111,0.010929,0.969938,0.963118,0.977201,0.961975,0.984792,24,0.984488,0.981765,0.987399,0.005634,0.984729,0.981212,0.988469,0.980619,0.992338,0.001526,24,0.001536,24,0.632812,24,0.0,24,,0,0.10411,24
5,8,24,False,native,24,0.96996,0.963241,0.974379,0.011138,0.970268,0.961483,0.9792,0.960963,0.988201,24,0.984751,0.981276,0.987023,0.005747,0.984895,0.980364,0.989491,0.980093,0.994066,0.001542,24,0.001562,24,0.634766,24,0.0,24,,0,0.103939,24
5,9,24,False,native,24,0.969013,0.96353,0.973866,0.010336,0.969921,0.9617,0.980452,0.959664,0.985384,24,0.984262,0.981427,0.98676,0.005334,0.984716,0.980476,0.990129,0.979417,0.992638,0.001566,24,0.001644,24,0.662109,24,0.0,24,,0,0.103768,24
5,10,24,False,native,24,0.968579,0.962662,0.974745,0.012083,0.969753,0.961585,0.980216,0.960819,0.986273,24,0.984037,0.980976,0.987211,0.006235,0.984629,0.980416,0.990009,0.980018,0.993089,0.001612,24,0.001595,24,0.65625,24,0.0,24,0.999646,24,0.103614,24
5,11,24,False,native,24,0.967924,0.962843,0.975917,0.013074,0.969991,0.961483,0.981247,0.961252,0.985088,24,0.983699,0.98107,0.987812,0.006742,0.984751,0.980364,0.990535,0.980243,0.992488,0.00154,24,0.001537,24,0.662109,24,0.0,24,,0,0.103448,24
5,12,24,False,native,24,0.967559,0.962843,0.975954,0.013111,0.969852,0.962264,0.980629,0.958799,0.987311,24,0.983511,0.98107,0.987831,0.006761,0.984679,0.980769,0.990219,0.978966,0.993615,0.001603,24,0.001575,24,0.669922,24,0.0,24,,0,0.103273,24
5,13,24,False,native,24,0.968721,0.963205,0.974087,0.010882,0.96957,0.961093,0.980525,0.958511,0.984348,24,0.984112,0.981258,0.986873,0.005615,0.984535,0.980161,0.990167,0.978816,0.992112,0.001703,24,0.001646,24,0.654297,24,0.0,24,,0,0.103109,24
5,14,24,False,native,24,0.967703,0.963096,0.973391,0.010295,0.969247,0.960949,0.980717,0.957215,0.985088,24,0.983586,0.981201,0.986516,0.005315,0.984369,0.980086,0.990264,0.97814,0.992488,0.001592,24,0.001664,24,0.658203,24,0.0,24,,0,0.10298,24
5,15,24,False,native,24,0.967484,0.962916,0.974233,0.011317,0.968862,0.960256,0.980776,0.957503,0.984644,24,0.983474,0.981107,0.986948,0.005841,0.984168,0.979725,0.990294,0.97829,0.992263,0.001676,24,0.001636,24,0.666016,24,0.0,24,,0,0.102823,24
5,16,24,False,native,24,0.969377,0.962409,0.973866,0.011457,0.969401,0.959708,0.981645,0.955059,0.987459,24,0.98445,0.980844,0.98676,0.005916,0.984444,0.97944,0.990738,0.977013,0.99369,0.001688,24,0.001651,24,0.65625,24,0.0,24,,0,0.102673,24
5,17,24,False,native,24,0.968212,0.960566,0.974049,0.013483,0.968848,0.958295,0.982724,0.955203,0.987459,24,0.983849,0.979887,0.986854,0.006967,0.984156,0.978703,0.991286,0.977088,0.99369,0.001752,24,0.001695,24,0.667969,24,0.0,24,,0,0.102537,24
5,18,24,False,native,24,0.969012,0.961253,0.973501,0.012249,0.969002,0.95723,0.983033,0.955203,0.986866,24,0.984262,0.980243,0.986572,0.006329,0.984234,0.978148,0.991444,0.977088,0.993389,0.001708,24,0.001607,24,0.679688,24,0.0,24,,0,0.102386,24
5,19,24,False,native,24,0.967339,0.960278,0.975075,0.014798,0.968381,0.957071,0.982871,0.953912,0.986421,24,0.983398,0.979736,0.98738,0.007643,0.983912,0.978065,0.991361,0.976412,0.993164,0.00169,24,0.001719,24,0.673828,24,0.0,24,,0,0.102222,24
5,20,24,False,native,24,0.966177,0.961506,0.974746,0.01324,0.968313,0.957662,0.981572,0.952336,0.986421,24,0.982797,0.980375,0.987211,0.006836,0.983877,0.978373,0.9907,0.975586,0.993164,0.001727,24,0.001642,24,0.683594,24,0.0,24,0.999551,24,0.102097,24
5,21,24,False,native,24,0.965886,0.961614,0.974088,0.012474,0.968116,0.955333,0.983343,0.949619,0.986866,24,0.982647,0.980431,0.986873,0.006442,0.983771,0.977156,0.991602,0.974159,0.993389,0.001773,24,0.001706,24,0.667969,24,0.0,24,,0,0.101939,24
5,22,24,False,native,24,0.965524,0.960784,0.972624,0.01184,0.967396,0.957143,0.983358,0.947765,0.988647,24,0.982459,0.979999,0.986122,0.006122,0.983398,0.978102,0.991609,0.973182,0.994291,0.001692,24,0.00171,24,0.660156,24,0.0,24,,0,0.101812,24
5,23,24,False,native,24,0.966395,0.962591,0.972956,0.010365,0.967906,0.956411,0.982605,0.946341,0.987311,24,0.98291,0.980938,0.986291,0.005352,0.983661,0.977719,0.991226,0.972431,0.993615,0.001702,24,0.001744,24,0.664062,24,0.0,24,,0,0.101666,24
5,24,24,False,native,24,0.966032,0.963242,0.973432,0.01019,0.967787,0.954357,0.983744,0.946341,0.987459,24,0.982722,0.981276,0.986535,0.005258,0.983599,0.976645,0.991804,0.972431,0.99369,0.001699,24,0.001669,24,0.662109,24,0.0,24,,0,0.101496,24
5,25,24,False,native,24,0.967921,0.961072,0.973323,0.012251,0.967642,0.952723,0.982339,0.947908,0.987311,24,0.983699,0.980149,0.986478,0.006329,0.983524,0.975789,0.991091,0.973257,0.993615,0.001777,24,0.001767,24,0.666016,24,0.0,24,,0,0.101366,24
5,26,24,False,native,24,0.965524,0.960819,0.974308,0.013489,0.966526,0.950119,0.980717,0.945772,0.985532,24,0.982459,0.980018,0.986985,0.006967,0.982945,0.974422,0.990264,0.97213,0.992713,0.001711,24,0.001637,24,0.683594,24,0.0,24,,0,0.101278,24
5,27,24,False,native,24,0.966105,0.959809,0.97314,0.013331,0.965777,0.947139,0.982413,0.945061,0.985828,24,0.98276,0.979492,0.986384,0.006892,0.982553,0.972852,0.991128,0.971755,0.992864,0.001611,24,0.001628,24,0.669922,24,0.0,24,,0,0.101115,24
5,28,24,False,native,24,0.965742,0.959917,0.973101,0.013184,0.965359,0.943743,0.982649,0.941657,0.985976,24,0.982572,0.979549,0.986366,0.006817,0.982331,0.971056,0.991248,0.969952,0.992939,0.001638,24,0.001676,24,0.693359,24,0.0,24,,0,0.101009,24
5,29,24,False,native,24,0.965234,0.960025,0.973428,0.013403,0.964862,0.942777,0.983373,0.940242,0.986866,24,0.982309,0.979605,0.986535,0.00693,0.982071,0.970545,0.991617,0.969201,0.993389,0.001621,24,0.001795,24,0.699219,24,0.0,24,,0,0.100906,24
5,30,24,False,native,24,0.964074,0.959953,0.973757,0.013804,0.964652,0.942847,0.983181,0.938547,0.98494,24,0.981708,0.979567,0.986704,0.007136,0.981962,0.970583,0.991519,0.968299,0.992413,0.001677,24,0.001722,24,0.693359,24,0.0,24,0.999455,24,0.100773,24
5,31,24,False,native,24,0.964219,0.959881,0.97299,0.013109,0.964443,0.943202,0.983461,0.934321,0.98494,24,0.981783,0.97953,0.986309,0.00678,0.981849,0.970771,0.991662,0.966046,0.992413,0.001689,24,0.001612,24,0.712891,24,0.0,24,,0,0.100646,24
5,32,24,False,native,24,0.963929,0.959773,0.973758,0.013985,0.96433,0.943415,0.983698,0.933198,0.987311,24,0.981633,0.979473,0.986704,0.00723,0.981786,0.970883,0.991782,0.965445,0.993615,0.001742,24,0.001712,24,0.730469,24,0.0,24,,0,0.100557,24
5,33,24,False,native,24,0.964291,0.959196,0.97365,0.014454,0.964232,0.942918,0.984615,0.928437,0.98835,24,0.981821,0.979173,0.986647,0.007474,0.981727,0.97062,0.992248,0.962891,0.994141,0.001737,24,0.001686,24,0.705078,24,0.0,24,,0,0.10043,24
5,34,24,False,native,24,0.962481,0.958583,0.973688,0.015105,0.963444,0.94384,0.983269,0.928856,0.986866,24,0.980882,0.978854,0.986666,0.007812,0.98132,0.971109,0.991564,0.963116,0.993389,0.00172,24,0.001696,24,0.732422,24,0.0,24,,0,0.100353,24
5,35,24,False,native,24,0.962698,0.958835,0.97208,0.013245,0.962935,0.943542,0.983388,0.926902,0.985828,24,0.980995,0.978985,0.98584,0.006855,0.981054,0.970951,0.991624,0.962064,0.992864,0.001709,24,0.001771,24,0.720703,24,0.0,24,,0,0.100273,24
5,36,24,False,native,24,0.961397,0.957755,0.972881,0.015126,0.962897,0.943698,0.982989,0.928716,0.985828,24,0.980319,0.978422,0.986253,0.007831,0.981035,0.971034,0.991421,0.963041,0.992864,0.001764,24,0.001705,24,0.703125,24,0.0,24,,0,0.100182,24
5,37,24,False,native,24,0.962336,0.956929,0.972373,0.015444,0.962833,0.9459,0.984748,0.923699,0.986717,24,0.980807,0.97799,0.98599,0.008,0.980995,0.972198,0.992315,0.960337,0.993314,0.001763,24,0.001685,24,0.724609,24,0.0,24,,0,0.100056,24
5,38,24,False,native,24,0.962843,0.956676,0.973283,0.016607,0.962902,0.945986,0.984837,0.919954,0.989538,24,0.98107,0.977858,0.98646,0.008601,0.981023,0.972243,0.99236,0.958308,0.994742,0.001814,24,0.001789,24,0.75,24,0.0,24,,0,0.099996,24
5,39,24,False,native,24,0.962772,0.956354,0.972628,0.016274,0.962437,0.944437,0.983772,0.917189,0.987459,24,0.981032,0.977689,0.986122,0.008432,0.980779,0.971424,0.991819,0.956806,0.99369,0.001639,24,0.001658,24,0.746094,24,0.0,24,,0,0.099919,24
5,40,24,False,native,24,0.962627,0.955203,0.973725,0.018522,0.961658,0.944181,0.982222,0.913056,0.986717,24,0.980957,0.977088,0.986685,0.009597,0.980369,0.971289,0.991031,0.954552,0.993314,0.001702,24,0.001695,24,0.740234,24,0.0,24,0.999388,24,0.099818,24
5,41,24,False,native,24,0.961255,0.955277,0.971935,0.016658,0.961145,0.946213,0.984023,0.912644,0.986421,24,0.980243,0.977126,0.985765,0.008639,0.980103,0.972363,0.991947,0.954327,0.993164,0.001783,24,0.001709,24,0.751953,24,0.0,24,,0,0.099757,24
5,42,24,False,native,24,0.960314,0.953912,0.973066,0.019155,0.960966,0.94509,0.982162,0.917327,0.987607,24,0.979755,0.976412,0.986347,0.009935,0.980009,0.97177,0.991001,0.956881,0.993765,0.001711,24,0.001673,24,0.751953,24,0.0,24,,0,0.099711,24
5,43,24,False,native,24,0.961325,0.954953,0.972518,0.017565,0.960656,0.944139,0.982678,0.910996,0.986125,24,0.980281,0.976957,0.986065,0.009108,0.97984,0.971267,0.991264,0.953425,0.993014,0.001629,24,0.0017,24,0.705078,24,0.0,24,,0,0.099619,24
5,44,24,False,native,24,0.960747,0.953446,0.97091,0.017464,0.959172,0.938787,0.981557,0.910585,0.987904,24,0.97998,0.976168,0.985239,0.009071,0.979063,0.968427,0.990693,0.9532,0.993915,0.001793,24,0.001603,24,0.744141,24,0.0,24,,0,0.099532,24
5,45,24,False,native,24,0.957503,0.952371,0.970327,0.017956,0.958628,0.938505,0.981691,0.914156,0.987607,24,0.97829,0.975605,0.984938,0.009334,0.978785,0.968277,0.99076,0.955153,0.993765,0.001681,24,0.001574,24,0.783203,24,0.0,24,,0,0.099471,24
5,46,24,False,native,24,0.955562,0.952085,0.97069,0.018604,0.957506,0.935855,0.981498,0.916361,0.986866,24,0.977276,0.975454,0.985126,0.009672,0.978203,0.966864,0.990663,0.956355,0.993389,0.001605,24,0.001528,24,0.800781,24,0.0,24,,0,0.099397,24
5,47,24,False,native,24,0.955418,0.952408,0.970763,0.018356,0.957898,0.933451,0.981941,0.923977,0.986717,24,0.977201,0.975623,0.985164,0.00954,0.978415,0.96558,0.990888,0.960487,0.993314,0.001622,24,0.00162,24,0.802734,24,0.0,24,,0,0.09927,24
5,48,24,False,native,24,0.95427,0.949051,0.966325,0.017274,0.95677,0.932328,0.98194,0.929975,0.98494,24,0.9766,0.973858,0.982873,0.009014,0.977836,0.964979,0.990888,0.963717,0.992413,0.001604,24,0.001599,24,0.802734,24,0.0,24,,0,0.09917,24
5,49,24,False,native,24,0.955419,0.945292,0.966978,0.021686,0.955111,0.932216,0.977833,0.924951,0.985384,24,0.977201,0.971867,0.983211,0.011343,0.97696,0.964919,0.988792,0.961013,0.992638,0.001559,24,0.001515,24,0.779297,24,0.0,24,,0,0.099184,24
6,0,24,False,native,24,0.971199,0.966576,0.974818,0.008242,0.970516,0.958266,0.978376,0.957935,0.987311,24,0.985389,0.983004,0.987248,0.004244,0.985023,0.978688,0.98907,0.978516,0.993615,0.001397,24,0.001454,24,0.634766,24,0.0,24,0.99979,24,0.109792,24
6,1,24,False,native,24,0.972514,0.963929,0.979516,0.015588,0.971881,0.960848,0.981026,0.952622,0.987756,24,0.986065,0.981633,0.989652,0.008019,0.985718,0.980033,0.990422,0.975736,0.99384,0.001353,24,0.001429,24,0.603516,24,0.0,24,,0,0.110105,24
6,2,24,False,native,24,0.975294,0.967157,0.982022,0.014864,0.974413,0.963147,0.98287,0.959088,0.989687,24,0.987492,0.983305,0.990929,0.007625,0.987023,0.981227,0.991361,0.979117,0.994817,0.001407,24,0.001376,24,0.566406,24,0.0,24,,0,0.109942,24
6,3,24,False,native,24,0.97845,0.966976,0.981174,0.014198,0.97474,0.962467,0.982236,0.959953,0.985532,24,0.989108,0.983211,0.990497,0.007287,0.987192,0.980874,0.991038,0.979567,0.992713,0.001341,24,0.001376,24,0.505859,24,0.0,24,,0,0.110043,24
6,4,24,False,native,24,0.977568,0.969377,0.981542,0.012165,0.974162,0.957978,0.982531,0.956352,0.983609,24,0.988657,0.98445,0.990685,0.006235,0.986892,0.978538,0.991188,0.977689,0.991737,0.001301,24,0.001315,24,0.523438,24,0.0,24,,0,0.110095,24
6,5,24,False,native,24,0.97823,0.969996,0.981542,0.011546,0.974869,0.959535,0.982634,0.955921,0.986569,24,0.988995,0.984769,0.990685,0.005916,0.987255,0.979349,0.991241,0.977464,0.993239,0.001417,24,0.001363,24,0.5,24,0.0,24,,0,0.110084,24
6,6,24,False,native,24,0.978229,0.97215,0.981321,0.009171,0.974982,0.958468,0.983447,0.953768,0.984496,24,0.988995,0.985877,0.990572,0.004695,0.987311,0.978794,0.991654,0.976337,0.992188,0.001442,24,0.001373,24,0.517578,24,0.0,24,,0,0.110196,24
6,7,24,False,native,24,0.979185,0.972989,0.98169,0.008701,0.975324,0.959319,0.983195,0.952908,0.985532,24,0.989483,0.986309,0.99076,0.004451,0.987486,0.979237,0.991526,0.975886,0.992713,0.001474,24,0.00145,24,0.505859,24,0.0,24,,0,0.110264,24
6,8,24,False,native,24,0.979185,0.971966,0.981432,0.009466,0.975336,0.959594,0.983683,0.953912,0.984052,24,0.989483,0.985784,0.990629,0.004845,0.987492,0.97938,0.991774,0.976412,0.991962,0.001389,24,0.00135,24,0.503906,24,0.0,24,,0,0.110279,24
6,9,24,False,native,24,0.980437,0.9716,0.981874,0.010274,0.975987,0.961007,0.984304,0.952336,0.986569,24,0.990122,0.985596,0.990854,0.005258,0.987824,0.980116,0.99209,0.975586,0.993239,0.001466,24,0.001533,24,0.470703,24,0.0,24,,0,0.110343,24
6,10,24,False,native,24,0.980068,0.972916,0.981763,0.008848,0.97647,0.963755,0.984467,0.954342,0.986717,24,0.989934,0.986272,0.990798,0.004526,0.988075,0.981543,0.992172,0.976638,0.993314,0.001422,24,0.001466,24,0.464844,24,0.0,24,0.999879,24,0.110353,24
6,11,24,False,native,24,0.979406,0.973391,0.981432,0.008041,0.975471,0.960285,0.98228,0.953625,0.986125,24,0.989596,0.986516,0.990629,0.004113,0.987561,0.97974,0.991061,0.976262,0.993014,0.001403,24,0.001425,24,0.484375,24,0.0,24,,0,0.110382,24
6,12,24,False,native,24,0.979406,0.974013,0.981874,0.007861,0.976189,0.962178,0.984762,0.951334,0.985828,24,0.989596,0.986835,0.990854,0.004019,0.987928,0.980724,0.992323,0.97506,0.992864,0.00143,24,0.001513,24,0.476562,24,0.0,24,,0,0.110384,24
6,13,24,False,native,24,0.981395,0.975551,0.982575,0.007025,0.976929,0.963755,0.984245,0.947908,0.985532,24,0.99061,0.987624,0.991211,0.003587,0.988306,0.981543,0.99206,0.973257,0.992713,0.001505,24,0.001468,24,0.46875,24,0.0,24,,0,0.110387,24
6,14,24,False,native,24,0.981026,0.975515,0.982501,0.006987,0.977043,0.965335,0.983919,0.948906,0.987904,24,0.990422,0.987605,0.991173,0.003568,0.988366,0.982362,0.991895,0.973783,0.993915,0.00145,24,0.001455,24,0.453125,24,0.0,24,,0,0.110398,24
6,15,24,False,native,24,0.981026,0.9761,0.981763,0.005663,0.976973,0.963495,0.983417,0.948193,0.987756,24,0.990422,0.987906,0.990798,0.002892,0.988328,0.981408,0.991639,0.973407,0.99384,0.00139,24,0.001477,24,0.460938,24,0.0,24,,0,0.110401,24
6,16,24,False,native,24,0.980879,0.975514,0.98287,0.007356,0.977362,0.965263,0.984955,0.947765,0.986569,24,0.990347,0.987605,0.991361,0.003756,0.988529,0.982324,0.99242,0.973182,0.993239,0.001491,24,0.001503,24,0.449219,24,0.0,24,,0,0.110419,24
6,17,24,False,native,24,0.980952,0.97867,0.983203,0.004532,0.978278,0.968241,0.985192,0.949619,0.986273,24,0.990385,0.98922,0.99153,0.00231,0.988998,0.983864,0.992541,0.974159,0.993089,0.001478,24,0.001497,24,0.455078,24,0.0,24,,0,0.110423,24
6,18,24,False,native,24,0.979921,0.977091,0.982723,0.005632,0.977131,0.964509,0.98423,0.949905,0.986125,24,0.989859,0.988413,0.991286,0.002873,0.98841,0.981934,0.992052,0.974309,0.993014,0.00152,24,0.001503,24,0.466797,24,0.0,24,,0,0.110451,24
6,19,24,False,native,24,0.980584,0.977936,0.982501,0.004566,0.977792,0.966903,0.985443,0.94805,0.986866,24,0.990197,0.988845,0.991173,0.002329,0.988748,0.983173,0.992668,0.973332,0.993389,0.001457,24,0.001538,24,0.46875,24,0.0,24,,0,0.110467,24
6,20,24,False,native,24,0.980731,0.978303,0.983573,0.00527,0.978134,0.9667,0.986436,0.947195,0.987459,24,0.990272,0.989032,0.991718,0.002686,0.98892,0.983068,0.993172,0.972882,0.99369,0.001467,24,0.001515,24,0.464844,24,0.0,24,0.999885,24,0.110481,24
6,21,24,False,native,24,0.980658,0.977789,0.984052,0.006264,0.978045,0.968605,0.985147,0.947195,0.987311,24,0.990234,0.98877,0.991962,0.003193,0.988876,0.984052,0.992518,0.972882,0.993615,0.001534,24,0.001487,24,0.449219,24,0.0,24,,0,0.110463,24
6,22,24,False,native,24,0.980731,0.977385,0.983794,0.006409,0.978221,0.971083,0.98497,0.947908,0.987162,24,0.990272,0.988563,0.991831,0.003268,0.988967,0.985329,0.992428,0.973257,0.99354,0.001588,24,0.001385,24,0.460938,24,0.0,24,,0,0.110447,24
6,23,24,False,native,24,0.981985,0.978266,0.983498,0.005232,0.978352,0.971944,0.984496,0.945203,0.986273,24,0.99091,0.989014,0.99168,0.002667,0.989032,0.985772,0.992188,0.97183,0.993089,0.001567,24,0.001564,24,0.447266,24,0.0,24,,0,0.110457,24
6,24,24,False,native,24,0.980952,0.977899,0.983092,0.005193,0.978226,0.973347,0.98491,0.947765,0.987904,24,0.990385,0.988826,0.991474,0.002648,0.98897,0.986493,0.992398,0.973182,0.993915,0.001518,24,0.001539,24,0.457031,24,0.0,24,,0,0.110459,24
6,25,24,False,native,24,0.981173,0.978634,0.983646,0.005012,0.97859,0.97145,0.985266,0.94691,0.98835,24,0.990497,0.989201,0.991756,0.002554,0.989155,0.985517,0.992578,0.972731,0.994141,0.001668,24,0.001594,24,0.447266,24,0.0,24,,0,0.110434,24
6,26,24,False,native,24,0.981395,0.979075,0.984385,0.00531,0.979056,0.971769,0.986481,0.947623,0.987756,24,0.99061,0.989427,0.992131,0.002704,0.989392,0.985682,0.993194,0.973107,0.99384,0.001552,24,0.001554,24,0.447266,24,0.0,24,,0,0.110441,24
6,27,24,False,native,24,0.982058,0.978781,0.983683,0.004903,0.979166,0.970938,0.98648,0.949476,0.989538,24,0.990948,0.989277,0.991774,0.002498,0.989449,0.985254,0.993194,0.974084,0.994742,0.001561,24,0.001642,24,0.4375,24,0.0,24,,0,0.110422,24
6,28,24,False,native,24,0.981911,0.97845,0.983018,0.004568,0.978528,0.970441,0.985606,0.948335,0.986717,24,0.990873,0.989108,0.991436,0.002329,0.989123,0.984998,0.992751,0.973483,0.993314,0.001539,24,0.00154,24,0.433594,24,0.0,24,,0,0.110404,24
6,29,24,False,native,24,0.98287,0.979185,0.983609,0.004424,0.978996,0.969537,0.985636,0.947338,0.988647,24,0.991361,0.989483,0.991737,0.002254,0.989361,0.984533,0.992766,0.972957,0.994291,0.00158,24,0.001661,24,0.419922,24,0.0,24,,0,0.110378,24
6,30,24,False,native,24,0.982649,0.98121,0.9842,0.00299,0.979736,0.970835,0.985651,0.952049,0.987904,24,0.991248,0.990516,0.992037,0.001521,0.989743,0.985201,0.992773,0.975436,0.993915,0.001621,24,0.001674,24,0.425781,24,0.0,24,0.99988,24,0.11034,24
6,31,24,False,native,24,0.982058,0.97959,0.983905,0.004315,0.979256,0.973069,0.985399,0.951763,0.986866,24,0.990948,0.98969,0.991887,0.002197,0.989499,0.986351,0.992646,0.975285,0.993389,0.001626,24,0.001685,24,0.439453,24,0.0,24,,0,0.110287,24
6,32,24,False,native,24,0.982427,0.979884,0.983277,0.003392,0.979333,0.96996,0.986184,0.951763,0.988498,24,0.991136,0.98984,0.991568,0.001728,0.989536,0.984751,0.993044,0.975285,0.994216,0.001705,24,0.001594,24,0.419922,24,0.0,24,,0,0.110266,24
6,33,24,False,native,24,0.981542,0.979737,0.983203,0.003466,0.978848,0.970253,0.985251,0.950476,0.98835,24,0.990685,0.989765,0.99153,0.001765,0.989289,0.984901,0.992571,0.974609,0.994141,0.001671,24,0.001545,24,0.460938,24,0.0,24,,0,0.110211,24
6,34,24,False,native,24,0.981985,0.980658,0.982538,0.00188,0.979237,0.971842,0.985607,0.951906,0.987607,24,0.99091,0.990234,0.991192,0.000958,0.989489,0.98572,0.992751,0.975361,0.993765,0.001622,24,0.001618,24,0.435547,24,0.0,24,,0,0.110189,24
6,35,24,False,native,24,0.981837,0.979848,0.983055,0.003207,0.979079,0.972032,0.983919,0.949905,0.987904,24,0.990835,0.989821,0.991455,0.001634,0.989408,0.985817,0.991895,0.974309,0.993915,0.001565,24,0.001605,24,0.435547,24,0.0,24,,0,0.110145,24
6,36,24,False,native,24,0.982354,0.979884,0.983646,0.003762,0.979327,0.971698,0.985251,0.949476,0.987162,24,0.991098,0.98984,0.991756,0.001916,0.989533,0.985645,0.992571,0.974084,0.99354,0.00165,24,0.001664,24,0.433594,24,0.0,24,,0,0.110095,24
6,37,24,False,native,24,0.982058,0.980473,0.983979,0.003505,0.979511,0.972426,0.985932,0.951048,0.988647,24,0.990948,0.99014,0.991925,0.001784,0.989627,0.98602,0.992916,0.97491,0.994291,0.001611,24,0.001671,24,0.439453,24,0.0,24,,0,0.110092,24
6,38,24,False,native,24,0.982132,0.98051,0.98324,0.002729,0.97945,0.970601,0.984851,0.952479,0.987459,24,0.990986,0.990159,0.991549,0.00139,0.989599,0.985081,0.992368,0.975661,0.99369,0.001726,24,0.001574,24,0.427734,24,0.0,24,,0,0.110058,24
6,39,24,False,native,24,0.981911,0.980216,0.983203,0.002987,0.979284,0.971141,0.984156,0.952336,0.989092,24,0.990873,0.990009,0.99153,0.001521,0.989514,0.985359,0.992015,0.975586,0.994516,0.001693,24,0.001726,24,0.427734,24,0.0,24,,0,0.110002,24
6,40,24,False,native,24,0.98228,0.979811,0.983609,0.003798,0.979513,0.972967,0.984304,0.953912,0.988498,24,0.991061,0.989802,0.991737,0.001934,0.989633,0.986298,0.99209,0.976412,0.994216,0.001645,24,0.00171,24,0.435547,24,0.0,24,0.999879,24,0.109973,24
6,41,24,False,native,24,0.982058,0.979774,0.983203,0.003429,0.979187,0.972996,0.984644,0.954342,0.985976,24,0.990948,0.989784,0.99153,0.001747,0.989468,0.986313,0.992263,0.976638,0.992939,0.001627,24,0.001587,24,0.445312,24,0.0,24,,0,0.109931,24
6,42,24,False,native,24,0.98169,0.979627,0.982944,0.003317,0.979071,0.972647,0.984067,0.954055,0.985236,24,0.99076,0.989709,0.991399,0.00169,0.989408,0.986133,0.99197,0.976487,0.992563,0.001646,24,0.001551,24,0.4375,24,0.0,24,,0,0.109861,24
6,43,24,False,native,24,0.982723,0.981174,0.983387,0.002214,0.97947,0.972705,0.984363,0.95162,0.986421,24,0.991286,0.990497,0.991624,0.001127,0.989608,0.986163,0.99212,0.97521,0.993164,0.001695,24,0.001672,24,0.423828,24,0.0,24,,0,0.109808,24
6,44,24,False,native,24,0.981763,0.980068,0.98457,0.004502,0.979628,0.97361,0.985384,0.952192,0.988201,24,0.990798,0.989934,0.992225,0.002291,0.98969,0.986629,0.992638,0.975511,0.994066,0.00182,24,0.001669,24,0.443359,24,0.0,24,,0,0.109746,24
6,45,24,False,native,24,0.982354,0.981063,0.983905,0.002842,0.979422,0.972664,0.984896,0.947195,0.987607,24,0.991098,0.990441,0.991887,0.001446,0.98958,0.98614,0.99239,0.972882,0.993765,0.001757,24,0.001674,24,0.423828,24,0.0,24,,0,0.109678,24
6,46,24,False,native,24,0.981911,0.978891,0.983461,0.00457,0.978965,0.976467,0.986214,0.945061,0.987459,24,0.990873,0.989333,0.991662,0.002329,0.989342,0.988093,0.993059,0.971755,0.99369,0.001759,24,0.001716,24,0.441406,24,0.0,24,,0,0.109546,24
6,47,24,False,native,24,0.983092,0.979774,0.984681,0.004907,0.979014,0.9738,0.985947,0.942365,0.988053,24,0.991474,0.989784,0.992281,0.002498,0.989361,0.986726,0.992924,0.970328,0.99399,0.001766,24,0.001682,24,0.410156,24,0.0,24,,0,0.109378,24
6,48,24,False,native,24,0.982206,0.978818,0.984829,0.006011,0.97849,0.974328,0.987518,0.937982,0.988647,24,0.991023,0.989295,0.992357,0.003061,0.989086,0.986997,0.99372,0.967999,0.994291,0.001733,24,0.001635,24,0.447266,24,0.0,24,,0,0.109139,24
6,49,24,False,native,24,0.981837,0.977385,0.985347,0.007962,0.979303,0.976584,0.987919,0.945914,0.988944,24,0.990835,0.988563,0.992619,0.004056,0.989514,0.988154,0.993923,0.972206,0.994441,0.001815,24,0.001691,24,0.447266,24,0.0,24,,0,0.108895,24
7,0,24,False,native,24,0.974781,0.966794,0.980473,0.013679,0.972269,0.956871,0.983892,0.948335,0.989241,24,0.98723,0.983117,0.99014,0.007024,0.985909,0.97796,0.99188,0.973483,0.994591,0.001577,24,0.001689,24,0.548828,24,0.0,24,0.999809,24,0.107719,24
7,1,24,False,native,24,0.975368,0.970543,0.979921,0.009378,0.973903,0.963007,0.98262,0.953338,0.987311,24,0.98753,0.985051,0.989859,0.004808,0.98676,0.981152,0.991233,0.976112,0.993615,0.001608,24,0.001539,24,0.556641,24,0.0,24,,0,0.107895,24
7,2,24,False,native,24,0.978083,0.969886,0.983572,0.013686,0.976057,0.967921,0.985399,0.95019,0.988795,24,0.98892,0.984713,0.991718,0.007005,0.987859,0.983699,0.992646,0.974459,0.994366,0.001707,24,0.0017,24,0.501953,24,0.0,24,,0,0.107204,24
7,3,24,False,native,24,0.980363,0.969086,0.982649,0.013563,0.975243,0.965524,0.985443,0.946057,0.988647,24,0.990084,0.9843,0.991248,0.006949,0.987436,0.982459,0.992668,0.972281,0.994291,0.001605,24,0.001716,24,0.484375,24,0.0,24,,0,0.10689,24
7,4,24,False,native,24,0.980142,0.968321,0.983831,0.01551,0.974996,0.961183,0.985665,0.944351,0.986717,24,0.989971,0.983905,0.991849,0.007944,0.987308,0.980206,0.992781,0.971379,0.993314,0.001662,24,0.001773,24,0.476562,24,0.0,24,,0,0.106688,24
7,5,24,False,native,24,0.979922,0.969304,0.983498,0.014195,0.975852,0.964595,0.98648,0.948193,0.989241,24,0.989859,0.984413,0.99168,0.007268,0.987749,0.981979,0.993194,0.973407,0.994591,0.001752,24,0.001742,24,0.46875,24,0.0,24,,0,0.106455,24
7,6,24,False,native,24,0.979627,0.970762,0.983166,0.012404,0.975904,0.963263,0.984555,0.957647,0.988795,24,0.989709,0.985164,0.991511,0.006348,0.987784,0.981288,0.992218,0.978365,0.994366,0.001601,24,0.001776,24,0.486328,24,0.0,24,,0,0.106361,24
7,7,24,False,native,24,0.979554,0.969012,0.983646,0.014634,0.976018,0.961947,0.986139,0.955059,0.987459,24,0.989671,0.984262,0.991756,0.007493,0.98784,0.980604,0.993021,0.977013,0.99369,0.001733,24,0.001655,24,0.492188,24,0.0,24,,0,0.106289,24
7,8,24,False,native,24,0.981026,0.970178,0.984607,0.014429,0.976944,0.962597,0.986184,0.959664,0.988498,24,0.990422,0.984863,0.992244,0.007381,0.988316,0.980942,0.993044,0.979417,0.994216,0.001681,24,0.001684,24,0.453125,24,0.0,24,,0,0.106252,24
7,9,24,False,native,24,0.981026,0.970798,0.983757,0.012959,0.977236,0.963654,0.986288,0.962264,0.987162,24,0.990422,0.985183,0.991812,0.006629,0.988469,0.98149,0.993096,0.980769,0.99354,0.001719,24,0.001662,24,0.455078,24,0.0,24,,0,0.106234,24
7,10,24,False,native,24,0.979995,0.970725,0.983794,0.013069,0.977006,0.964716,0.986139,0.958511,0.988201,24,0.989896,0.985145,0.991831,0.006686,0.98835,0.982039,0.993021,0.978816,0.994066,0.001728,24,0.001626,24,0.466797,24,0.0,24,0.999849,24,0.106183,24
7,11,24,False,native,24,0.981247,0.971017,0.984089,0.013073,0.97705,0.963134,0.986302,0.959953,0.987311,24,0.990535,0.985295,0.991981,0.006686,0.988372,0.98122,0.993104,0.979567,0.993615,0.001731,24,0.001731,24,0.445312,24,0.0,24,,0,0.106155,24
7,12,24,False,native,24,0.980658,0.969595,0.983831,0.014235,0.976761,0.964625,0.985488,0.958367,0.986273,24,0.990234,0.984563,0.991849,0.007287,0.988225,0.981994,0.992691,0.978741,0.993089,0.00169,24,0.001724,24,0.458984,24,0.0,24,,0,0.106107,24
7,13,24,False,native,24,0.981542,0.970944,0.983277,0.012333,0.976868,0.967049,0.983712,0.958511,0.987162,24,0.990685,0.985258,0.991568,0.00631,0.988281,0.983248,0.991789,0.978816,0.99354,0.001802,24,0.001762,24,0.453125,24,0.0,24,,0,0.106101,24
7,14,24,False,native,24,0.981616,0.970834,0.984274,0.01344,0.977341,0.966584,0.985621,0.958655,0.987459,24,0.990723,0.985201,0.992075,0.006873,0.988522,0.983008,0.992758,0.978891,0.99369,0.001713,24,0.001683,24,0.445312,24,0.0,24,,0,0.106067,24
7,15,24,False,native,24,0.980068,0.969814,0.983535,0.013722,0.976413,0.966482,0.984792,0.955921,0.986273,24,0.989934,0.984675,0.991699,0.007024,0.988046,0.982955,0.992338,0.977464,0.993089,0.001719,24,0.001744,24,0.474609,24,0.0,24,,0,0.106084,24
7,16,24,False,native,24,0.981026,0.971491,0.983277,0.011785,0.976925,0.968692,0.984644,0.955778,0.985828,24,0.990422,0.985539,0.991568,0.006028,0.988309,0.984097,0.992263,0.977389,0.992864,0.001823,24,0.001686,24,0.453125,24,0.0,24,,0,0.106082,24
7,17,24,False,native,24,0.980952,0.971309,0.983646,0.012337,0.977145,0.969391,0.984452,0.955059,0.985976,24,0.990385,0.985445,0.991756,0.00631,0.988422,0.984458,0.992165,0.977013,0.992939,0.001839,24,0.001789,24,0.462891,24,0.0,24,,0,0.106074,24
7,18,24,False,native,24,0.980879,0.969959,0.983203,0.013244,0.977002,0.968707,0.985295,0.955203,0.987459,24,0.990347,0.984751,0.99153,0.00678,0.988347,0.984105,0.992593,0.977088,0.99369,0.001718,24,0.001826,24,0.458984,24,0.0,24,,0,0.106102,24
7,19,24,False,native,24,0.980731,0.97109,0.984496,0.013407,0.977125,0.968256,0.984896,0.954772,0.986273,24,0.990272,0.985333,0.992188,0.006855,0.98841,0.983872,0.99239,0.976863,0.993089,0.001745,24,0.001805,24,0.460938,24,0.0,24,,0,0.106099,24
7,20,24,False,native,24,0.980289,0.971418,0.984053,0.012635,0.976852,0.966337,0.98571,0.953912,0.987014,24,0.990047,0.985502,0.991962,0.00646,0.988269,0.98288,0.992803,0.976412,0.993465,0.001722,24,0.001816,24,0.46875,24,0.0,24,0.999845,24,0.106086,24
7,21,24,False,native,24,0.981837,0.971747,0.983424,0.011678,0.976997,0.968168,0.985488,0.954772,0.987607,24,0.990835,0.985671,0.991643,0.005972,0.988344,0.983827,0.992691,0.976863,0.993765,0.001837,24,0.001726,24,0.445312,24,0.0,24,,0,0.106098,24
7,22,24,False,native,24,0.979921,0.972477,0.983461,0.010984,0.976762,0.96993,0.984955,0.953768,0.986569,24,0.989859,0.986046,0.991662,0.005615,0.988225,0.984736,0.99242,0.976337,0.993239,0.001652,24,0.001752,24,0.480469,24,0.0,24,,0,0.106102,24
7,23,24,False,native,24,0.979332,0.972879,0.983055,0.010176,0.976699,0.970105,0.9846,0.954342,0.987904,24,0.989558,0.986253,0.991455,0.005202,0.988194,0.984826,0.99224,0.976638,0.993915,0.001611,24,0.001775,24,0.5,24,0.0,24,,0,0.10612,24
7,24,24,False,native,24,0.979038,0.972477,0.98276,0.010283,0.97682,0.96945,0.985695,0.95162,0.986717,24,0.989408,0.986046,0.991305,0.005258,0.988253,0.984488,0.992796,0.97521,0.993314,0.001713,24,0.001666,24,0.484375,24,0.0,24,,0,0.10613,24
7,25,24,False,native,24,0.979848,0.972294,0.982206,0.009912,0.976369,0.967223,0.985843,0.951048,0.987756,24,0.989821,0.985953,0.991023,0.005071,0.988021,0.983338,0.992871,0.97491,0.99384,0.001806,24,0.001628,24,0.46875,24,0.0,24,,0,0.106138,24
7,26,24,False,native,24,0.980731,0.972039,0.983425,0.011386,0.976994,0.969945,0.98494,0.951477,0.98835,24,0.990272,0.985821,0.991643,0.005822,0.988341,0.984743,0.992413,0.975135,0.994141,0.001902,24,0.001764,24,0.466797,24,0.0,24,,0,0.106139,24
7,27,24,False,native,24,0.980363,0.972733,0.982538,0.009806,0.976784,0.970193,0.984792,0.951334,0.987014,24,0.990084,0.986178,0.991192,0.005014,0.988234,0.984871,0.992338,0.97506,0.993465,0.001818,24,0.001695,24,0.474609,24,0.0,24,,0,0.106149,24
7,28,24,False,native,24,0.979921,0.972879,0.983277,0.010397,0.97689,0.969857,0.985192,0.951763,0.989092,24,0.989859,0.986253,0.991568,0.005315,0.988288,0.984698,0.992541,0.975285,0.994516,0.001893,24,0.001856,24,0.462891,24,0.0,24,,0,0.106145,24
7,29,24,False,native,24,0.9811,0.972185,0.983535,0.01135,0.97687,0.969712,0.985636,0.950476,0.987162,24,0.99046,0.985896,0.991699,0.005803,0.988275,0.984623,0.992766,0.974609,0.99354,0.001811,24,0.001848,24,0.455078,24,0.0,24,,0,0.106112,24
7,30,24,False,native,24,0.979848,0.97182,0.984126,0.012307,0.97697,0.970616,0.985843,0.951906,0.986866,24,0.989821,0.985708,0.992,0.006291,0.988328,0.985089,0.992871,0.975361,0.993389,0.001767,24,0.001827,24,0.478516,24,0.0,24,0.999844,24,0.106116,24
7,31,24,False,native,24,0.980805,0.973135,0.983646,0.010511,0.976654,0.967703,0.985103,0.950333,0.987311,24,0.990309,0.986384,0.991756,0.005371,0.988165,0.983586,0.992495,0.974534,0.993615,0.001815,24,0.001965,24,0.451172,24,0.0,24,,0,0.106122,24
7,32,24,False,native,24,0.980142,0.972806,0.983942,0.011136,0.976793,0.967675,0.985651,0.951334,0.986421,24,0.989971,0.986215,0.991906,0.00569,0.988237,0.983571,0.992773,0.97506,0.993164,0.001865,24,0.001912,24,0.46875,24,0.0,24,,0,0.1061,24
7,33,24,False,native,24,0.979774,0.972331,0.98324,0.010909,0.977005,0.969945,0.986273,0.951477,0.987459,24,0.989784,0.985971,0.991549,0.005578,0.988347,0.984743,0.993089,0.975135,0.99369,0.001817,24,0.001895,24,0.455078,24,0.0,24,,0,0.106078,24
7,34,24,False,native,24,0.981247,0.973098,0.983646,0.010548,0.977459,0.970732,0.986392,0.951906,0.987607,24,0.990535,0.986366,0.991756,0.00539,0.988579,0.985149,0.993149,0.975361,0.993765,0.00182,24,0.001834,24,0.429688,24,0.0,24,,0,0.106081,24
7,35,24,False,native,24,0.979112,0.972112,0.983056,0.010944,0.977012,0.96942,0.986184,0.949619,0.988201,24,0.989446,0.985859,0.991455,0.005596,0.988347,0.984473,0.993044,0.974159,0.994066,0.001865,24,0.001983,24,0.457031,24,0.0,24,,0,0.106047,24
7,36,24,False,native,24,0.978744,0.972294,0.982575,0.010281,0.976579,0.969274,0.985873,0.950619,0.988944,24,0.989258,0.985953,0.991211,0.005258,0.988128,0.984398,0.992886,0.974684,0.994441,0.001854,24,0.001921,24,0.476562,24,0.0,24,,0,0.106036,24
7,37,24,False,native,24,0.978156,0.972514,0.983166,0.010652,0.976385,0.970616,0.984748,0.949048,0.989241,24,0.988957,0.986065,0.991511,0.005446,0.988028,0.985089,0.992315,0.973858,0.994591,0.001956,24,0.001761,24,0.484375,24,0.0,24,,0,0.106033,24
7,38,24,False,native,24,0.977201,0.973062,0.982871,0.009809,0.97663,0.97028,0.986525,0.949476,0.987904,24,0.988469,0.986347,0.991361,0.005014,0.988153,0.984916,0.993217,0.974084,0.993915,0.001714,24,0.001731,24,0.498047,24,0.0,24,,0,0.106038,24
7,39,24,False,native,24,0.978303,0.972367,0.983166,0.010798,0.976401,0.968488,0.986007,0.948763,0.988498,24,0.989032,0.98599,0.991511,0.005521,0.988034,0.983992,0.992954,0.973708,0.994216,0.001873,24,0.001934,24,0.486328,24,0.0,24,,0,0.106074,24
7,40,24,False,native,24,0.978303,0.973135,0.983683,0.010548,0.9767,0.970863,0.986495,0.949476,0.990579,24,0.989032,0.986384,0.991774,0.00539,0.988187,0.985216,0.993202,0.974084,0.995267,0.001965,24,0.001826,24,0.476562,24,0.0,24,0.99983,24,0.106054,24
7,41,24,False,native,24,0.976761,0.972842,0.982206,0.009364,0.976198,0.969639,0.985295,0.94805,0.990282,24,0.988244,0.986234,0.991023,0.004789,0.987931,0.984585,0.992593,0.973332,0.995117,0.001826,24,0.001746,24,0.519531,24,0.0,24,,0,0.106065,24
7,42,24,False,native,24,0.977642,0.972806,0.983942,0.011135,0.976244,0.970178,0.985844,0.947765,0.989241,24,0.988694,0.986215,0.991906,0.00569,0.987953,0.984863,0.992871,0.973182,0.994591,0.00187,24,0.001791,24,0.513672,24,0.0,24,,0,0.106073,24
7,43,24,False,native,24,0.976614,0.971747,0.982464,0.010718,0.975546,0.967892,0.985266,0.94805,0.989687,24,0.988169,0.985671,0.991155,0.005484,0.987596,0.983684,0.992578,0.973332,0.994817,0.001866,24,0.001793,24,0.53125,24,0.0,24,,0,0.106034,24
7,44,24,False,native,24,0.977348,0.969194,0.983572,0.014378,0.975248,0.964683,0.985399,0.946057,0.990431,24,0.988544,0.984356,0.991718,0.007362,0.987436,0.982024,0.992646,0.972281,0.995192,0.001846,24,0.001773,24,0.517578,24,0.0,24,,0,0.105979,24
7,45,24,False,native,24,0.977274,0.970871,0.982538,0.011667,0.974875,0.962611,0.985799,0.94279,0.989836,24,0.988507,0.98522,0.991192,0.005972,0.987242,0.98095,0.992849,0.970553,0.994892,0.001712,24,0.001815,24,0.501953,24,0.0,24,,0,0.105932,24
7,46,24,False,native,24,0.978229,0.969376,0.981616,0.012239,0.974546,0.963002,0.98491,0.943074,0.990431,24,0.988995,0.98445,0.990723,0.006273,0.987073,0.981152,0.992398,0.970703,0.995192,0.001834,24,0.001752,24,0.501953,24,0.0,24,,0,0.105807,24
7,47,24,False,native,24,0.977642,0.968685,0.983757,0.015072,0.973782,0.959059,0.984052,0.93615,0.990431,24,0.988694,0.984093,0.991812,0.007719,0.986666,0.979102,0.991962,0.967022,0.995192,0.001747,24,0.001705,24,0.507812,24,0.0,24,,0,0.105639,24
7,48,24,False,native,24,0.976834,0.967704,0.98287,0.015166,0.97266,0.955476,0.986214,0.931935,0.989092,24,0.988281,0.983586,0.991361,0.007775,0.986081,0.977231,0.993059,0.964769,0.994516,0.001548,24,0.001676,24,0.517578,24,0.0,24,,0,0.10536,24
7,49,24,False,native,24,0.975661,0.971054,0.981396,0.010341,0.972297,0.953096,0.984807,0.935587,0.987756,24,0.98768,0.985314,0.99061,0.005296,0.985902,0.975984,0.992345,0.966722,0.99384,0.001705,24,0.001672,24,0.5625,24,0.0,24,,0,0.10476,24
8,0,24,False,native,24,0.972806,0.970907,0.975294,0.004387,0.972868,0.969129,0.978068,0.962409,0.980363,24,0.986215,0.985239,0.987492,0.002254,0.986244,0.984322,0.988912,0.980844,0.990084,0.001552,24,0.001621,24,0.607422,24,0.0,24,0.999742,24,0.108673,24
8,1,24,False,native,24,0.973098,0.969158,0.976908,0.00775,0.973349,0.967179,0.980319,0.965451,0.982575,24,0.986366,0.984337,0.988319,0.003981,0.986488,0.983316,0.990062,0.982422,0.991211,0.001427,24,0.001438,24,0.589844,24,0.0,24,,0,0.108837,24
8,2,24,False,native,24,0.972221,0.968794,0.976394,0.0076,0.973037,0.967339,0.981616,0.960963,0.986273,24,0.985915,0.98415,0.988056,0.003906,0.986325,0.983398,0.990723,0.980093,0.993089,0.001475,24,0.001431,24,0.609375,24,0.0,24,,0,0.108575,24
8,3,24,False,native,24,0.97171,0.969194,0.973939,0.004745,0.972144,0.966017,0.980555,0.963132,0.983609,24,0.985652,0.984356,0.986798,0.002441,0.985868,0.982715,0.990182,0.98122,0.991737,0.001376,24,0.001437,24,0.625,24,0.0,24,,0,0.108201,24
8,4,24,False,native,24,0.972002,0.969194,0.974452,0.005258,0.972218,0.965321,0.980953,0.961252,0.98287,24,0.985802,0.984356,0.987061,0.002704,0.985906,0.982354,0.990385,0.980243,0.991361,0.001415,24,0.001437,24,0.601562,24,0.0,24,,0,0.107994,24
8,5,24,False,native,24,0.97047,0.969376,0.975147,0.005771,0.972253,0.965349,0.982664,0.961686,0.984792,24,0.985014,0.98445,0.987417,0.002967,0.985921,0.982369,0.991256,0.980469,0.992338,0.001359,24,0.001378,24,0.626953,24,0.0,24,,0,0.107694,24
8,6,24,False,native,24,0.971929,0.967848,0.975184,0.007336,0.97252,0.96535,0.982841,0.962843,0.983905,24,0.985765,0.983661,0.987436,0.003775,0.986059,0.982369,0.991346,0.98107,0.991887,0.001376,24,0.001402,24,0.615234,24,0.0,24,,0,0.107533,24
8,7,24,False,native,24,0.972367,0.967994,0.975697,0.007704,0.972764,0.965437,0.982442,0.962988,0.984644,24,0.98599,0.983736,0.987699,0.003963,0.986184,0.982414,0.991143,0.981145,0.992263,0.001424,24,0.001508,24,0.597656,24,0.0,24,,0,0.10733,24
8,8,24,False,native,24,0.971346,0.967558,0.976761,0.009203,0.972004,0.964581,0.981823,0.962264,0.983757,24,0.985464,0.983511,0.988244,0.004733,0.985793,0.981971,0.990828,0.980769,0.991812,0.00145,24,0.001446,24,0.609375,24,0.0,24,,0,0.107212,24
8,9,24,False,native,24,0.971126,0.967739,0.977054,0.009315,0.972137,0.965001,0.981985,0.961975,0.983461,24,0.985352,0.983605,0.988394,0.004789,0.985862,0.982189,0.99091,0.980619,0.991662,0.001427,24,0.00142,24,0.623047,24,0.0,24,,0,0.107072,24
8,10,24,False,native,24,0.971637,0.967448,0.97566,0.008212,0.972553,0.965263,0.98259,0.96212,0.985384,24,0.985614,0.983455,0.98768,0.004226,0.986075,0.982324,0.991218,0.980694,0.992638,0.001451,24,0.001387,24,0.621094,24,0.0,24,0.999735,24,0.106966,24
8,11,24,False,native,24,0.972733,0.969522,0.976137,0.006615,0.973151,0.966453,0.981751,0.963711,0.985088,24,0.986178,0.984525,0.987924,0.003399,0.986384,0.98294,0.99079,0.98152,0.992488,0.001413,24,0.001459,24,0.591797,24,0.0,24,,0,0.106815,24
8,12,24,False,native,24,0.973318,0.968976,0.976137,0.007161,0.972893,0.965423,0.980261,0.964436,0.983018,24,0.986478,0.984244,0.987924,0.003681,0.986253,0.982407,0.990032,0.981896,0.991436,0.001525,24,0.001512,24,0.601562,24,0.0,24,,0,0.106656,24
8,13,24,False,native,24,0.972806,0.967812,0.976761,0.008949,0.972894,0.966496,0.980628,0.965451,0.9842,24,0.986215,0.983643,0.988244,0.004601,0.986253,0.982963,0.990219,0.982422,0.992037,0.001507,24,0.001476,24,0.589844,24,0.0,24,,0,0.106543,24
8,14,24,False,native,24,0.973098,0.96843,0.976137,0.007707,0.973076,0.966918,0.980555,0.965161,0.984792,24,0.986366,0.983962,0.987924,0.003963,0.986347,0.983181,0.990182,0.982272,0.992338,0.001463,24,0.001603,24,0.611328,24,0.0,24,,0,0.106477,24
8,15,24,False,native,24,0.973318,0.968539,0.976981,0.008442,0.97317,0.965785,0.981056,0.964146,0.983757,24,0.986478,0.984018,0.988356,0.004338,0.986394,0.982595,0.990437,0.981746,0.991812,0.001533,24,0.001501,24,0.582031,24,0.0,24,,0,0.106379,24
8,16,24,False,native,24,0.97193,0.968539,0.977752,0.009213,0.97302,0.966438,0.982472,0.961108,0.983905,24,0.985765,0.984018,0.988751,0.004733,0.986316,0.982933,0.991158,0.980168,0.991887,0.001508,24,0.001554,24,0.617188,24,0.0,24,,0,0.106305,24
8,17,24,False,native,24,0.971199,0.967594,0.97632,0.008727,0.97237,0.965045,0.980275,0.958943,0.984644,24,0.985389,0.98353,0.988018,0.004488,0.985981,0.982212,0.990039,0.979041,0.992263,0.001553,24,0.001537,24,0.611328,24,0.0,24,,0,0.106236,24
8,18,24,False,native,24,0.972441,0.967448,0.977642,0.010193,0.972384,0.965321,0.980717,0.957503,0.985236,24,0.986028,0.983455,0.988694,0.00524,0.985987,0.982354,0.990264,0.97829,0.992563,0.001544,24,0.001552,24,0.611328,24,0.0,24,,0,0.106116,24
8,19,24,False,native,24,0.973318,0.967884,0.977495,0.009611,0.972639,0.966206,0.980319,0.956496,0.984052,24,0.986478,0.98368,0.988619,0.004939,0.986118,0.982812,0.990062,0.977764,0.991962,0.001579,24,0.001591,24,0.601562,24,0.0,24,,0,0.10603,24
8,20,24,False,native,24,0.973171,0.967448,0.977311,0.009863,0.972571,0.965451,0.981749,0.958799,0.984792,24,0.986403,0.983455,0.988525,0.005071,0.986084,0.982422,0.99079,0.978966,0.992338,0.001558,24,0.001524,24,0.583984,24,0.0,24,0.99969,24,0.105972,24
8,21,24,False,native,24,0.973245,0.967121,0.97823,0.011109,0.972462,0.963741,0.979936,0.959232,0.983166,24,0.986441,0.983286,0.988995,0.005709,0.986028,0.981535,0.989866,0.979192,0.991511,0.001543,24,0.001632,24,0.589844,24,0.0,24,,0,0.105889,24
8,22,24,False,native,24,0.972221,0.967521,0.978303,0.010782,0.972877,0.963901,0.980908,0.960675,0.983905,24,0.985915,0.983492,0.989032,0.00554,0.98624,0.981618,0.990362,0.979943,0.991887,0.001597,24,0.001538,24,0.601562,24,0.0,24,,0,0.105826,24
8,23,24,False,native,24,0.97171,0.969632,0.978891,0.00926,0.973095,0.964828,0.981867,0.960386,0.983757,24,0.985652,0.984582,0.989333,0.004751,0.986353,0.982099,0.99085,0.979793,0.991812,0.001555,24,0.001534,24,0.613281,24,0.0,24,,0,0.105763,24
8,24,24,False,native,24,0.973391,0.968976,0.978156,0.00918,0.97304,0.965669,0.980731,0.958511,0.983018,24,0.986516,0.984244,0.988957,0.004714,0.986325,0.982535,0.990272,0.978816,0.991436,0.00158,24,0.00156,24,0.589844,24,0.0,24,,0,0.105637,24
8,25,24,False,native,24,0.972002,0.969049,0.979443,0.010394,0.973246,0.966991,0.981867,0.960386,0.982575,24,0.985802,0.984281,0.989615,0.005334,0.986431,0.983218,0.99085,0.979793,0.991211,0.00161,24,0.001565,24,0.619141,24,0.0,24,,0,0.105595,24
8,26,24,False,native,24,0.97266,0.96843,0.97959,0.01116,0.972737,0.965451,0.980717,0.957503,0.98287,24,0.98614,0.983962,0.98969,0.005728,0.986168,0.982422,0.990264,0.97829,0.991361,0.001581,24,0.001536,24,0.599609,24,0.0,24,,0,0.105588,24
8,27,24,False,native,24,0.97266,0.967448,0.979222,0.011774,0.972823,0.965335,0.981395,0.958079,0.983313,24,0.98614,0.983455,0.989502,0.006047,0.986212,0.982362,0.99061,0.978591,0.991587,0.001623,24,0.001629,24,0.609375,24,0.0,24,,0,0.105545,24
8,28,24,False,native,24,0.971564,0.967303,0.979222,0.011919,0.973048,0.96535,0.982073,0.958367,0.983018,24,0.985577,0.98338,0.989502,0.006122,0.986328,0.982369,0.990956,0.978741,0.991436,0.001562,24,0.001565,24,0.619141,24,0.0,24,,0,0.105543,24
8,29,24,False,native,24,0.971564,0.967884,0.979112,0.011227,0.972817,0.96361,0.981616,0.960241,0.983609,24,0.985577,0.98368,0.989446,0.005765,0.986209,0.981468,0.990723,0.979718,0.991737,0.001713,24,0.001677,24,0.623047,24,0.0,24,,0,0.105522,24
8,30,24,False,native,24,0.972148,0.968685,0.978523,0.009839,0.9728,0.964089,0.981557,0.956209,0.982575,24,0.985877,0.984093,0.989145,0.005052,0.9862,0.981716,0.990693,0.977614,0.991211,0.001764,24,0.00164,24,0.603516,24,0.0,24,0.999659,24,0.1055,24
8,31,24,False,native,24,0.972148,0.968612,0.977862,0.00925,0.9727,0.964611,0.98166,0.958079,0.983609,24,0.985877,0.984056,0.988807,0.004751,0.98615,0.981986,0.990745,0.978591,0.991737,0.001632,24,0.001643,24,0.615234,24,0.0,24,,0,0.105487,24
8,32,24,False,native,24,0.972514,0.967921,0.97856,0.010639,0.972727,0.964973,0.981645,0.958511,0.984052,24,0.986065,0.983699,0.989164,0.005465,0.986162,0.982174,0.990738,0.978816,0.991962,0.001582,24,0.001717,24,0.611328,24,0.0,24,,0,0.105513,24
8,33,24,False,native,24,0.972952,0.967557,0.978707,0.01115,0.97257,0.963871,0.981778,0.957647,0.983609,24,0.986291,0.983511,0.989239,0.005728,0.986081,0.981603,0.990805,0.978365,0.991737,0.00159,24,0.001684,24,0.603516,24,0.0,24,,0,0.105504,24
8,34,24,False,native,24,0.972879,0.967448,0.97948,0.012031,0.972715,0.963901,0.983373,0.95549,0.983757,24,0.986253,0.983455,0.989633,0.006179,0.986153,0.981618,0.991617,0.977239,0.991812,0.001634,24,0.00165,24,0.597656,24,0.0,24,,0,0.105496,24
8,35,24,False,native,24,0.971418,0.96763,0.979296,0.011666,0.972274,0.962352,0.982177,0.954772,0.985828,24,0.985502,0.983549,0.98954,0.005991,0.985924,0.980814,0.991008,0.976863,0.992864,0.001552,24,0.00168,24,0.599609,24,0.0,24,,0,0.105506,24
8,36,24,False,native,24,0.973171,0.966796,0.978781,0.011985,0.971912,0.961383,0.98138,0.955203,0.983166,24,0.986403,0.983117,0.989277,0.00616,0.98574,0.980311,0.990602,0.977088,0.991511,0.001685,24,0.001621,24,0.580078,24,0.0,24,,0,0.105462,24
8,37,24,False,native,24,0.97171,0.965561,0.979553,0.013992,0.971433,0.960559,0.980967,0.957503,0.983461,24,0.985652,0.982478,0.989671,0.007193,0.985492,0.979883,0.990392,0.97829,0.991662,0.00166,24,0.001616,24,0.607422,24,0.0,24,,0,0.105397,24
8,38,24,False,native,24,0.973098,0.965596,0.979516,0.01392,0.972061,0.961628,0.981601,0.954629,0.983757,24,0.986366,0.982497,0.989652,0.007155,0.985815,0.980439,0.990715,0.976788,0.991812,0.001687,24,0.001701,24,0.589844,24,0.0,24,,0,0.105312,24
8,39,24,False,native,24,0.974562,0.965778,0.980694,0.014916,0.972033,0.960718,0.983225,0.946341,0.986273,24,0.987117,0.982591,0.990253,0.007662,0.985793,0.979965,0.991541,0.972431,0.993089,0.001615,24,0.00173,24,0.564453,24,0.0,24,,0,0.10528,24
8,40,24,False,native,24,0.973318,0.964472,0.979995,0.015523,0.971572,0.959795,0.983565,0.950476,0.986717,24,0.986478,0.981915,0.989896,0.007982,0.985555,0.979485,0.991714,0.974609,0.993314,0.001644,24,0.001676,24,0.597656,24,0.0,24,0.999609,24,0.105241,24
8,41,24,False,native,24,0.974708,0.964401,0.978965,0.014564,0.971696,0.960732,0.983979,0.947195,0.986421,24,0.987192,0.981877,0.98937,0.007493,0.985618,0.979973,0.991925,0.972882,0.993164,0.001616,24,0.001637,24,0.572266,24,0.0,24,,0,0.105145,24
8,42,24,False,native,24,0.973171,0.965524,0.980289,0.014766,0.972367,0.96225,0.983387,0.949762,0.986273,24,0.986403,0.982459,0.990047,0.007587,0.985965,0.980762,0.991624,0.974234,0.993089,0.001676,24,0.001799,24,0.603516,24,0.0,24,,0,0.105033,24
8,43,24,False,native,24,0.97383,0.966613,0.980142,0.01353,0.97191,0.95942,0.981999,0.94748,0.986569,24,0.986741,0.983023,0.989971,0.006949,0.985727,0.979289,0.990918,0.973032,0.993239,0.001687,24,0.001763,24,0.585938,24,0.0,24,,0,0.104954,24
8,44,24,False,native,24,0.973831,0.96498,0.980437,0.015457,0.971757,0.95965,0.982974,0.9435,0.988201,24,0.986741,0.982178,0.990122,0.007944,0.985643,0.97941,0.991414,0.970928,0.994066,0.001703,24,0.001616,24,0.5625,24,0.0,24,,0,0.104764,24
8,45,24,False,native,24,0.975077,0.965125,0.980584,0.015459,0.971524,0.958857,0.981896,0.938406,0.987311,24,0.98738,0.982253,0.990197,0.007944,0.985517,0.978996,0.990865,0.968224,0.993615,0.001751,24,0.001706,24,0.5625,24,0.0,24,,0,0.104559,24
8,46,24,False,native,24,0.974781,0.966104,0.97948,0.013375,0.971816,0.958742,0.983993,0.939959,0.988498,24,0.98723,0.98276,0.989633,0.006873,0.985668,0.978936,0.991932,0.96905,0.994216,0.001683,24,0.001692,24,0.542969,24,0.0,24,,0,0.104398,24
8,47,24,False,native,24,0.976101,0.966104,0.979406,0.013302,0.971801,0.958958,0.984629,0.939818,0.987756,24,0.987906,0.98276,0.989596,0.006836,0.985661,0.979049,0.992255,0.968975,0.99384,0.001726,24,0.001661,24,0.552734,24,0.0,24,,0,0.104271,24
8,48,24,False,native,24,0.975221,0.967452,0.979517,0.012065,0.972208,0.962062,0.983757,0.942365,0.987311,24,0.987455,0.983455,0.989652,0.006197,0.985877,0.980664,0.991812,0.970328,0.993615,0.001758,24,0.001593,24,0.552734,24,0.0,24,,0,0.104188,24
8,49,24,False,native,24,0.972952,0.966686,0.977936,0.01125,0.972203,0.960472,0.983329,0.957935,0.987014,24,0.986291,0.98306,0.988845,0.005784,0.985887,0.979838,0.991594,0.978516,0.993465,0.001793,24,0.001754,24,0.585938,24,0.0,24,,0,0.103928,24
9,0,24,False,native,24,0.9761,0.969378,0.979627,0.010249,0.973908,0.964538,0.980275,0.959953,0.985236,24,0.987906,0.98445,0.989709,0.005258,0.986769,0.981949,0.990039,0.979567,0.992563,0.001725,24,0.001774,24,0.558594,24,0.0,24,0.999725,24,0.108061,24
9,1,24,False,native,24,0.977936,0.971236,0.979958,0.008723,0.975779,0.966599,0.982339,0.960097,0.983905,24,0.988845,0.985408,0.989878,0.00447,0.98773,0.983015,0.991091,0.979642,0.991887,0.001662,24,0.001629,24,0.511719,24,0.0,24,,0,0.108796,24
9,2,24,False,native,24,0.97948,0.975441,0.982095,0.006655,0.978059,0.969625,0.984496,0.96053,0.98835,24,0.989633,0.987568,0.990967,0.003399,0.988898,0.984578,0.992188,0.979868,0.994141,0.001838,24,0.001854,24,0.498047,24,0.0,24,,0,0.10842,24
9,3,24,False,native,24,0.980068,0.978193,0.982095,0.003903,0.978518,0.9682,0.984511,0.957935,0.988647,24,0.989934,0.988976,0.990967,0.001991,0.989129,0.983842,0.992195,0.978516,0.994291,0.001884,24,0.001801,24,0.458984,24,0.0,24,,0,0.108659,24
9,4,24,False,native,24,0.981173,0.979627,0.982649,0.003022,0.979259,0.970397,0.984304,0.957071,0.987904,24,0.990497,0.989709,0.991248,0.00154,0.989508,0.984976,0.99209,0.978065,0.993915,0.001956,24,0.001892,24,0.439453,24,0.0,24,,0,0.108562,24
9,5,24,False,native,24,0.980363,0.978891,0.983942,0.005051,0.979174,0.968314,0.984851,0.960241,0.987904,24,0.990084,0.989333,0.991906,0.002573,0.989464,0.983902,0.992368,0.979718,0.993915,0.001889,24,0.001957,24,0.466797,24,0.0,24,,0,0.108634,24
9,6,24,False,native,24,0.981321,0.978487,0.983277,0.004789,0.979314,0.968708,0.984955,0.960675,0.988944,24,0.990572,0.989126,0.991568,0.002441,0.989536,0.984105,0.99242,0.979943,0.994441,0.001945,24,0.002043,24,0.453125,24,0.0,24,,0,0.108637,24
9,7,24,False,native,24,0.9811,0.977238,0.984237,0.007,0.979646,0.971157,0.986258,0.959088,0.988647,24,0.99046,0.988488,0.992056,0.003568,0.989705,0.985367,0.993081,0.979117,0.994291,0.001964,24,0.001965,24,0.447266,24,0.0,24,,0,0.108666,24
9,8,24,False,native,24,0.982575,0.980547,0.985125,0.004578,0.980432,0.97012,0.986451,0.958223,0.989092,24,0.991211,0.990178,0.992507,0.002329,0.990106,0.984833,0.993179,0.978666,0.994516,0.002049,24,0.002215,24,0.417969,24,0.0,24,,0,0.108685,24
9,9,24,False,native,24,0.981837,0.9797,0.98457,0.00487,0.980166,0.97082,0.985962,0.962264,0.988053,24,0.990835,0.989746,0.992225,0.002479,0.989971,0.985194,0.992931,0.980769,0.99399,0.001972,24,0.002123,24,0.433594,24,0.0,24,,0,0.108689,24
9,10,24,False,native,24,0.982649,0.980216,0.983535,0.003319,0.980471,0.970763,0.985932,0.961541,0.990579,24,0.991248,0.990009,0.991699,0.00169,0.990128,0.985164,0.992916,0.980394,0.995267,0.001981,24,0.002008,24,0.421875,24,0.0,24,0.999807,24,0.108663,24
9,11,24,False,native,24,0.98228,0.978524,0.984237,0.005714,0.981097,0.972458,0.985902,0.967484,0.990282,24,0.991061,0.989145,0.992056,0.002911,0.99045,0.986035,0.992901,0.983474,0.995117,0.002004,24,0.001981,24,0.427734,24,0.0,24,,0,0.108611,24
9,12,24,False,native,24,0.982944,0.978083,0.984274,0.006191,0.981031,0.971112,0.986732,0.967339,0.98939,24,0.991399,0.98892,0.992075,0.003155,0.990416,0.985344,0.993322,0.983398,0.994666,0.002024,24,0.001946,24,0.419922,24,0.0,24,,0,0.108577,24
9,13,24,False,native,24,0.982723,0.979371,0.984607,0.005236,0.981268,0.973435,0.986985,0.968357,0.988795,24,0.991286,0.989577,0.992244,0.002667,0.990538,0.986538,0.99345,0.983924,0.994366,0.001988,24,0.002061,24,0.429688,24,0.0,24,,0,0.108518,24
9,14,24,False,native,24,0.983683,0.978119,0.985236,0.007117,0.981834,0.974328,0.986969,0.967484,0.990133,24,0.991774,0.988939,0.992563,0.003625,0.990826,0.986997,0.993442,0.983474,0.995042,0.002105,24,0.001916,24,0.394531,24,0.0,24,,0,0.10843,24
9,15,24,False,native,24,0.983757,0.97856,0.985273,0.006713,0.981671,0.973464,0.986732,0.972294,0.989241,24,0.991812,0.989164,0.992582,0.003418,0.990745,0.986553,0.993322,0.985953,0.994591,0.001982,24,0.002089,24,0.398438,24,0.0,24,,0,0.108346,24
9,16,24,False,native,24,0.98324,0.97768,0.984792,0.007112,0.9813,0.972894,0.987682,0.970688,0.989092,24,0.991549,0.988713,0.992338,0.003625,0.990554,0.986261,0.993803,0.985126,0.994516,0.001903,24,0.002024,24,0.412109,24,0.0,24,,0,0.108279,24
9,17,24,False,native,24,0.982427,0.977789,0.985754,0.007966,0.981831,0.974416,0.987266,0.972148,0.989687,24,0.991136,0.98877,0.992826,0.004056,0.990826,0.987042,0.993592,0.985877,0.994817,0.001954,24,0.00189,24,0.431641,24,0.0,24,,0,0.108191,24
9,18,24,False,native,24,0.98228,0.978082,0.98568,0.007598,0.981911,0.97588,0.987118,0.969814,0.990431,24,0.991061,0.98892,0.992788,0.003869,0.990867,0.987793,0.993517,0.984675,0.995192,0.001976,24,0.001892,24,0.431641,24,0.0,24,,0,0.108085,24
9,19,24,False,native,24,0.982797,0.977495,0.986162,0.008667,0.982107,0.9761,0.987533,0.970688,0.989092,24,0.991324,0.988619,0.993033,0.004413,0.990967,0.987906,0.993727,0.985126,0.994516,0.001935,24,0.002014,24,0.410156,24,0.0,24,,0,0.107965,24
9,20,24,False,native,24,0.982649,0.977605,0.986088,0.008483,0.982095,0.976145,0.988661,0.972294,0.989984,24,0.991248,0.988676,0.992995,0.004319,0.990961,0.987928,0.994298,0.985953,0.994967,0.001923,24,0.001945,24,0.423828,24,0.0,24,0.999801,24,0.107868,24
9,21,24,False,native,24,0.983387,0.97834,0.985791,0.007452,0.981918,0.975426,0.987652,0.969231,0.990579,24,0.991624,0.989051,0.992845,0.003794,0.99087,0.98756,0.993788,0.984375,0.995267,0.001975,24,0.00189,24,0.400391,24,0.0,24,,0,0.107737,24
9,22,24,False,native,24,0.983461,0.976834,0.984237,0.007403,0.9816,0.976086,0.989122,0.968212,0.990579,24,0.991662,0.988281,0.992056,0.003775,0.990707,0.987898,0.994531,0.983849,0.995267,0.001819,24,0.001888,24,0.410156,24,0.0,24,,0,0.107601,24
9,23,24,False,native,24,0.983461,0.977531,0.985939,0.008408,0.98209,0.97613,0.988261,0.972002,0.990877,24,0.991662,0.988638,0.99292,0.004282,0.990957,0.987921,0.994096,0.985802,0.995418,0.001931,24,0.00196,24,0.40625,24,0.0,24,,0,0.107476,24
9,24,24,False,native,24,0.983166,0.978193,0.985199,0.007006,0.982248,0.97657,0.988959,0.972733,0.991175,24,0.991511,0.988976,0.992544,0.003568,0.991039,0.988146,0.994449,0.986178,0.995568,0.002047,24,0.001902,24,0.417969,24,0.0,24,,0,0.107342,24
9,25,24,False,native,24,0.981985,0.977899,0.986125,0.008226,0.98169,0.975543,0.988305,0.971126,0.989241,24,0.99091,0.988826,0.993014,0.004188,0.990754,0.98762,0.994118,0.985352,0.994591,0.001961,24,0.001911,24,0.435547,24,0.0,24,,0,0.107192,24
9,26,24,False,native,24,0.983018,0.977568,0.985273,0.007705,0.982146,0.976673,0.98985,0.971272,0.990728,24,0.991436,0.988657,0.992582,0.003925,0.990986,0.988199,0.994899,0.985427,0.995343,0.001985,24,0.001891,24,0.419922,24,0.0,24,,0,0.107077,24
9,27,24,False,native,24,0.980731,0.97845,0.985458,0.007008,0.98174,0.975324,0.9893,0.971564,0.990728,24,0.990272,0.989108,0.992676,0.003568,0.990779,0.987508,0.994621,0.985577,0.995343,0.001947,24,0.001859,24,0.46875,24,0.0,24,,0,0.106909,24
9,28,24,False,native,24,0.981985,0.977495,0.985791,0.008297,0.981746,0.97503,0.98832,0.972587,0.990579,24,0.99091,0.988619,0.992845,0.004226,0.990782,0.987357,0.994126,0.986103,0.995267,0.001991,24,0.00198,24,0.421875,24,0.0,24,,0,0.106775,24
9,29,24,False,native,24,0.982206,0.977936,0.985754,0.007819,0.981831,0.976144,0.98838,0.971564,0.990431,24,0.991023,0.988845,0.992826,0.003981,0.990826,0.987928,0.994156,0.985577,0.995192,0.001908,24,0.001785,24,0.431641,24,0.0,24,,0,0.106643,24
9,30,24,False,native,24,0.982132,0.977972,0.985569,0.007597,0.981685,0.974767,0.988023,0.972733,0.990579,24,0.990986,0.988863,0.992732,0.003869,0.990751,0.987222,0.993975,0.986178,0.995267,0.001979,24,0.001971,24,0.425781,24,0.0,24,0.999805,24,0.10645,24
9,31,24,False,native,24,0.981321,0.977752,0.985939,0.008188,0.981628,0.975177,0.98783,0.97361,0.990728,24,0.990572,0.988751,0.99292,0.004169,0.990723,0.987432,0.993878,0.986629,0.995343,0.001985,24,0.001914,24,0.449219,24,0.0,24,,0,0.106311,24
9,32,24,False,native,24,0.982427,0.978009,0.986162,0.008153,0.981906,0.975778,0.987489,0.969959,0.990877,24,0.991136,0.988882,0.993033,0.00415,0.990864,0.98774,0.993705,0.984751,0.995418,0.001964,24,0.002024,24,0.425781,24,0.0,24,,0,0.106149,24
9,33,24,False,native,24,0.98169,0.978046,0.985088,0.007043,0.981716,0.97503,0.988676,0.97244,0.990579,24,0.99076,0.988901,0.992488,0.003587,0.990766,0.987357,0.994306,0.986028,0.995267,0.002032,24,0.001833,24,0.449219,24,0.0,24,,0,0.106015,24
9,34,24,False,native,24,0.981469,0.977385,0.985088,0.007703,0.981421,0.974576,0.988364,0.97098,0.990579,24,0.990648,0.988563,0.992488,0.003925,0.990616,0.987124,0.994148,0.985276,0.995267,0.001942,24,0.00191,24,0.464844,24,0.0,24,,0,0.105863,24
9,35,24,False,native,24,0.980584,0.977421,0.985533,0.008111,0.981398,0.974635,0.989747,0.971564,0.991473,24,0.990197,0.988582,0.992713,0.004132,0.990604,0.987154,0.994847,0.985577,0.995718,0.001784,24,0.001797,24,0.474609,24,0.0,24,,0,0.10571,24
9,36,24,False,native,24,0.980731,0.978707,0.986125,0.007417,0.981769,0.976145,0.987533,0.972733,0.99192,24,0.990272,0.989239,0.993014,0.003775,0.990795,0.987928,0.993727,0.986178,0.995944,0.001903,24,0.001859,24,0.457031,24,0.0,24,,0,0.105523,24
9,37,24,False,native,24,0.981542,0.977642,0.98494,0.007298,0.981396,0.974913,0.987667,0.973318,0.992665,24,0.990685,0.988694,0.992413,0.003718,0.990604,0.987297,0.993795,0.986478,0.996319,0.001896,24,0.001806,24,0.464844,24,0.0,24,,0,0.105401,24
9,38,24,False,native,24,0.981764,0.978119,0.985421,0.007302,0.981876,0.975441,0.988067,0.972294,0.992516,24,0.990798,0.988939,0.992657,0.003718,0.990848,0.987568,0.993998,0.985953,0.996244,0.001867,24,0.001853,24,0.439453,24,0.0,24,,0,0.105141,24
9,39,24,False,native,24,0.982059,0.977421,0.985273,0.007852,0.98184,0.975998,0.989108,0.969959,0.992665,24,0.990948,0.988582,0.992582,0.004,0.990829,0.987853,0.994524,0.984751,0.996319,0.001873,24,0.001936,24,0.429688,24,0.0,24,,0,0.10496,24
9,40,24,False,native,24,0.981616,0.977789,0.984497,0.006708,0.981564,0.975353,0.988736,0.971272,0.992665,24,0.990723,0.98877,0.992188,0.003418,0.990688,0.987523,0.994336,0.985427,0.996319,0.001977,24,0.002065,24,0.449219,24,0.0,24,0.999789,24,0.104767,24
9,41,24,False,native,24,0.980658,0.976504,0.983757,0.007253,0.980777,0.975001,0.987148,0.972294,0.992367,24,0.990234,0.988112,0.991812,0.0037,0.990288,0.987342,0.993532,0.985953,0.996169,0.001846,24,0.001813,24,0.445312,24,0.0,24,,0,0.104526,24
9,42,24,False,native,24,0.979406,0.978156,0.984164,0.006008,0.980843,0.976027,0.987578,0.970397,0.992218,24,0.989596,0.988957,0.992018,0.003061,0.990322,0.987868,0.99375,0.984976,0.996094,0.001795,24,0.001917,24,0.482422,24,0.0,24,,0,0.104263,24
9,43,24,False,native,24,0.980584,0.976871,0.98409,0.007219,0.980812,0.97424,0.986895,0.972294,0.991622,24,0.990197,0.9883,0.991981,0.003681,0.990306,0.986952,0.993404,0.985953,0.995793,0.001832,24,0.001949,24,0.466797,24,0.0,24,,0,0.104151,24
9,44,24,False,native,24,0.979921,0.977017,0.984829,0.007812,0.98094,0.975323,0.987711,0.974195,0.991324,24,0.989859,0.988375,0.992357,0.003981,0.990372,0.987508,0.993818,0.986929,0.995643,0.001888,24,0.001883,24,0.480469,24,0.0,24,,0,0.103889,24
9,45,24,False,native,24,0.980879,0.977348,0.984274,0.006926,0.981001,0.976144,0.986836,0.972879,0.991771,24,0.990347,0.988544,0.992075,0.003531,0.990403,0.987928,0.993374,0.986253,0.995868,0.001892,24,0.0019,24,0.460938,24,0.0,24,,0,0.103636,24
9,46,24,False,native,24,0.981321,0.976651,0.984607,0.007957,0.981375,0.975514,0.987236,0.974195,0.991473,24,0.990572,0.988187,0.992244,0.004056,0.990594,0.987605,0.993577,0.986929,0.995718,0.002052,24,0.001898,24,0.443359,24,0.0,24,,0,0.103487,24
9,47,24,False,native,24,0.97948,0.976614,0.982427,0.005814,0.980072,0.975265,0.986392,0.973025,0.989836,24,0.989633,0.988169,0.991136,0.002967,0.989931,0.987477,0.993149,0.986328,0.994892,0.001877,24,0.001837,24,0.476562,24,0.0,24,,0,0.103236,24
9,48,24,False,native,24,0.9797,0.977605,0.983535,0.00593,0.980359,0.973259,0.98835,0.96894,0.989836,24,0.989746,0.988676,0.991699,0.003024,0.990075,0.986448,0.994141,0.984225,0.994892,0.001861,24,0.001982,24,0.458984,24,0.0,24,,0,0.10306,24
9,49,24,False,native,24,0.978523,0.976907,0.983055,0.006148,0.979672,0.974269,0.987445,0.968648,0.989836,24,0.989145,0.988319,0.991455,0.003136,0.989724,0.986967,0.993682,0.984075,0.994892,0.001842,24,0.002002,24,0.488281,24,0.0,24,,0,0.102835,24
10,0,24,False,native,24,0.966685,0.962771,0.97555,0.01278,0.968502,0.958843,0.980599,0.950905,0.984348,24,0.98306,0.981032,0.987624,0.006592,0.983981,0.978989,0.990204,0.974835,0.992112,0.001443,24,0.001405,24,0.683594,24,0.0,24,0.999745,24,0.107521,24
10,1,24,False,native,24,0.972367,0.964291,0.979185,0.014894,0.970822,0.960083,0.980908,0.951334,0.985088,24,0.98599,0.981821,0.989483,0.007662,0.985173,0.979635,0.990362,0.97506,0.992488,0.001451,24,0.001468,24,0.603516,24,0.0,24,,0,0.108362,24
10,2,24,False,native,24,0.976614,0.965488,0.981763,0.016276,0.972985,0.960213,0.983964,0.944493,0.986273,24,0.988169,0.982441,0.990798,0.008357,0.986278,0.979703,0.991917,0.971454,0.993089,0.001616,24,0.001551,24,0.539062,24,0.0,24,,0,0.108725,24
10,3,24,False,native,24,0.977274,0.966721,0.983461,0.01674,0.973957,0.961556,0.984792,0.938547,0.986273,24,0.988507,0.983079,0.991662,0.008582,0.986769,0.980401,0.992338,0.968299,0.993089,0.001658,24,0.00167,24,0.523438,24,0.0,24,,0,0.1087,24
10,4,24,False,native,24,0.976687,0.969414,0.982206,0.012792,0.974506,0.961816,0.98494,0.943641,0.988944,24,0.988206,0.984469,0.991023,0.006554,0.987057,0.980536,0.992413,0.971004,0.994441,0.001699,24,0.00164,24,0.529297,24,0.0,24,,0,0.108682,24
10,5,24,False,native,24,0.977935,0.971127,0.982169,0.011043,0.974923,0.963277,0.982826,0.942365,0.987904,24,0.988845,0.985352,0.991004,0.005653,0.987273,0.981295,0.991339,0.970328,0.993915,0.001594,24,0.001643,24,0.519531,24,0.0,24,,0,0.108607,24
10,6,24,False,native,24,0.978082,0.971236,0.983646,0.01241,0.975088,0.96419,0.986154,0.938688,0.988053,24,0.98892,0.985408,0.991756,0.006348,0.987352,0.981768,0.993029,0.968374,0.99399,0.001658,24,0.00162,24,0.503906,24,0.0,24,,0,0.108631,24
10,7,24,False,native,24,0.97867,0.972477,0.982464,0.009987,0.975522,0.96638,0.983861,0.942932,0.987607,24,0.98922,0.986046,0.991155,0.005108,0.98758,0.982903,0.991864,0.970628,0.993765,0.00164,24,0.00178,24,0.505859,24,0.0,24,,0,0.108645,24
10,8,24,False,native,24,0.978965,0.97383,0.982059,0.008229,0.976019,0.965727,0.983565,0.936009,0.988944,24,0.98937,0.986741,0.990948,0.004207,0.987831,0.982565,0.991714,0.966947,0.994441,0.001742,24,0.00179,24,0.484375,24,0.0,24,,0,0.108626,24
10,9,24,False,native,24,0.97867,0.972806,0.982944,0.010138,0.975867,0.966787,0.985073,0.939394,0.987756,24,0.98922,0.986215,0.991399,0.005183,0.987752,0.983113,0.99248,0.96875,0.99384,0.001779,24,0.001838,24,0.494141,24,0.0,24,,0,0.108617,24
10,10,24,False,native,24,0.980289,0.973098,0.98335,0.010252,0.976544,0.966337,0.984511,0.946483,0.989241,24,0.990047,0.986366,0.991605,0.00524,0.988103,0.98288,0.992195,0.972506,0.994591,0.001767,24,0.001772,24,0.478516,24,0.0,24,0.999837,24,0.108602,24
10,11,24,False,native,24,0.97948,0.974745,0.983092,0.008347,0.976744,0.966874,0.984511,0.945061,0.989538,24,0.989633,0.987211,0.991474,0.004263,0.988206,0.983158,0.992195,0.971755,0.994742,0.001701,24,0.001731,24,0.490234,24,0.0,24,,0,0.108574,24
10,12,24,False,native,24,0.980584,0.974599,0.982317,0.007718,0.97708,0.968067,0.985192,0.94691,0.990133,24,0.990197,0.987136,0.991079,0.003944,0.988378,0.983774,0.992541,0.972731,0.995042,0.001697,24,0.001726,24,0.478516,24,0.0,24,,0,0.108528,24
10,13,24,False,native,24,0.980584,0.974306,0.982169,0.007863,0.977,0.967266,0.9846,0.943358,0.989687,24,0.990197,0.986985,0.991004,0.004019,0.988338,0.983361,0.99224,0.970853,0.994817,0.001885,24,0.001739,24,0.449219,24,0.0,24,,0,0.108501,24
10,14,24,False,native,24,0.979995,0.974232,0.98335,0.009118,0.977301,0.966628,0.984866,0.948478,0.990431,24,0.989896,0.986948,0.991605,0.004657,0.988494,0.98303,0.992375,0.973558,0.995192,0.001867,24,0.001823,24,0.480469,24,0.0,24,,0,0.108486,24
10,15,24,False,native,24,0.980731,0.973793,0.984274,0.010481,0.977672,0.968722,0.986065,0.94748,0.989984,24,0.990272,0.986723,0.992075,0.005352,0.988682,0.984112,0.992984,0.973032,0.994967,0.001783,24,0.001699,24,0.449219,24,0.0,24,,0,0.108486,24
10,16,24,False,native,24,0.980216,0.974525,0.982723,0.008198,0.977762,0.969581,0.985414,0.952765,0.989241,24,0.990009,0.987098,0.991286,0.004188,0.988735,0.984555,0.992653,0.975811,0.994591,0.001822,24,0.001775,24,0.482422,24,0.0,24,,0,0.10849,24
10,17,24,False,native,24,0.980584,0.975624,0.983461,0.007837,0.978121,0.968241,0.986896,0.951763,0.989092,24,0.990197,0.987662,0.991662,0.004,0.988917,0.983864,0.993404,0.975285,0.994516,0.001708,24,0.001707,24,0.466797,24,0.0,24,,0,0.108504,24
10,18,24,False,native,24,0.98051,0.975148,0.982575,0.007427,0.978002,0.970747,0.986481,0.952765,0.990728,24,0.990159,0.987417,0.991211,0.003794,0.988857,0.985156,0.993194,0.975811,0.995343,0.001712,24,0.00176,24,0.462891,24,0.0,24,,0,0.108502,24
10,19,24,False,native,24,0.981247,0.977018,0.982686,0.005668,0.97858,0.972324,0.985296,0.953052,0.98939,24,0.990535,0.988375,0.991267,0.002892,0.989155,0.985968,0.992593,0.975962,0.994666,0.001752,24,0.001778,24,0.453125,24,0.0,24,,0,0.10847,24
10,20,24,False,native,24,0.980363,0.976394,0.982944,0.00655,0.978189,0.972324,0.986674,0.95019,0.989241,24,0.990084,0.988056,0.991399,0.003343,0.988951,0.985968,0.993292,0.974459,0.994591,0.001743,24,0.001772,24,0.470703,24,0.0,24,0.99985,24,0.108465,24
10,21,24,False,native,24,0.980731,0.978634,0.983092,0.004458,0.979046,0.972031,0.986437,0.953768,0.991026,24,0.990272,0.989201,0.991474,0.002272,0.989392,0.985817,0.993172,0.976337,0.995493,0.001937,24,0.001839,24,0.458984,24,0.0,24,,0,0.108475,24
10,22,24,False,native,24,0.981321,0.977789,0.984016,0.006227,0.979463,0.973333,0.987548,0.952336,0.991026,24,0.990572,0.98877,0.991943,0.003174,0.989605,0.986486,0.993735,0.975586,0.995493,0.001902,24,0.001811,24,0.445312,24,0.0,24,,0,0.108474,24
10,23,24,False,native,24,0.980658,0.976724,0.98335,0.006626,0.978656,0.973171,0.986673,0.952192,0.988944,24,0.990234,0.988225,0.991605,0.00338,0.989192,0.986403,0.993292,0.975511,0.994441,0.001814,24,0.001862,24,0.476562,24,0.0,24,,0,0.108502,24
10,24,24,False,native,24,0.980437,0.976577,0.983683,0.007106,0.978935,0.973157,0.986673,0.954055,0.990728,24,0.990122,0.98815,0.991774,0.003625,0.989336,0.986396,0.993292,0.976487,0.995343,0.001773,24,0.001797,24,0.482422,24,0.0,24,,0,0.108549,24
10,25,24,False,native,24,0.981469,0.97834,0.984977,0.006637,0.979967,0.973801,0.986925,0.954485,0.989092,24,0.990648,0.989051,0.992432,0.00338,0.989865,0.986726,0.993419,0.976713,0.994516,0.001831,24,0.001955,24,0.433594,24,0.0,24,,0,0.108583,24
10,26,24,False,native,24,0.981911,0.976761,0.984163,0.007403,0.979477,0.9738,0.986436,0.956065,0.98939,24,0.990873,0.988244,0.992018,0.003775,0.989615,0.986726,0.993172,0.977539,0.994666,0.001847,24,0.001885,24,0.439453,24,0.0,24,,0,0.108599,24
10,27,24,False,native,24,0.981837,0.978119,0.984644,0.006525,0.979682,0.973215,0.98694,0.955634,0.989836,24,0.990835,0.988939,0.992263,0.003324,0.989721,0.986426,0.993427,0.977314,0.994892,0.001711,24,0.001851,24,0.443359,24,0.0,24,,0,0.108658,24
10,28,24,False,native,24,0.981763,0.976504,0.984977,0.008473,0.979671,0.973947,0.985695,0.956065,0.989241,24,0.990798,0.988112,0.992432,0.004319,0.989715,0.986801,0.992796,0.977539,0.994591,0.001727,24,0.001818,24,0.4375,24,0.0,24,,0,0.108658,24
10,29,24,False,native,24,0.981542,0.977128,0.985088,0.00796,0.979804,0.975558,0.987623,0.955634,0.988498,24,0.990685,0.988431,0.992488,0.004056,0.989784,0.987628,0.993773,0.977314,0.994216,0.001932,24,0.002035,24,0.453125,24,0.0,24,,0,0.10871,24
10,30,24,False,native,24,0.98169,0.977715,0.984311,0.006596,0.980101,0.976042,0.986717,0.95664,0.987904,24,0.99076,0.988732,0.992094,0.003362,0.989937,0.987876,0.993314,0.97784,0.993915,0.001941,24,0.001829,24,0.447266,24,0.0,24,0.999848,24,0.108737,24
10,31,24,False,native,24,0.981247,0.978009,0.985569,0.00756,0.979921,0.975148,0.987222,0.957503,0.988053,24,0.990535,0.988882,0.992732,0.00385,0.989843,0.987417,0.99357,0.97829,0.99399,0.0019,24,0.001852,24,0.447266,24,0.0,24,,0,0.108786,24
10,32,24,False,native,24,0.981763,0.978119,0.985014,0.006895,0.979965,0.974681,0.986969,0.954055,0.988647,24,0.990798,0.988939,0.99245,0.003512,0.989865,0.987177,0.993442,0.976487,0.994291,0.00174,24,0.001774,24,0.449219,24,0.0,24,,0,0.108821,24
10,33,24,False,native,24,0.982501,0.977054,0.985125,0.008071,0.980211,0.973581,0.988364,0.957215,0.989241,24,0.991173,0.988394,0.992507,0.004113,0.98999,0.986614,0.994148,0.97814,0.994591,0.001925,24,0.00196,24,0.429688,24,0.0,24,,0,0.108863,24
10,34,24,False,native,24,0.982354,0.97654,0.98568,0.00914,0.980523,0.975045,0.988216,0.958079,0.989538,24,0.991098,0.988131,0.992788,0.004657,0.99015,0.987365,0.994073,0.978591,0.994742,0.001797,24,0.001794,24,0.429688,24,0.0,24,,0,0.10891,24
10,35,24,False,native,24,0.980805,0.976394,0.986754,0.010361,0.980329,0.974591,0.988275,0.957215,0.988944,24,0.990309,0.988056,0.993333,0.005277,0.99005,0.987132,0.994103,0.97814,0.994441,0.00181,24,0.001837,24,0.46875,24,0.0,24,,0,0.108915,24
10,36,24,False,native,24,0.982427,0.979075,0.985495,0.00642,0.980904,0.976218,0.987281,0.960241,0.988944,24,0.991136,0.989427,0.992695,0.003268,0.990347,0.987966,0.9936,0.979718,0.994441,0.001757,24,0.001792,24,0.423828,24,0.0,24,,0,0.108919,24
10,37,24,False,native,24,0.982649,0.977678,0.984903,0.007225,0.980533,0.973494,0.986628,0.96183,0.988498,24,0.991248,0.988713,0.992394,0.003681,0.990159,0.986569,0.993269,0.980544,0.994216,0.001963,24,0.001899,24,0.425781,24,0.0,24,,0,0.109009,24
10,38,24,False,native,24,0.98228,0.979406,0.98631,0.006903,0.981096,0.973538,0.986925,0.962553,0.988201,24,0.991061,0.989596,0.993108,0.003512,0.990447,0.986591,0.993419,0.980919,0.994066,0.001907,24,0.001947,24,0.4375,24,0.0,24,,0,0.108974,24
10,39,24,False,native,24,0.982649,0.979516,0.986162,0.006645,0.981329,0.973641,0.987919,0.964146,0.989687,24,0.991248,0.989652,0.993033,0.00338,0.990566,0.986644,0.993923,0.981746,0.994817,0.001893,24,0.001958,24,0.425781,24,0.0,24,,0,0.108992,24
10,40,24,False,native,24,0.982132,0.979406,0.985902,0.006496,0.981254,0.973568,0.987578,0.963422,0.989092,24,0.990986,0.989596,0.992901,0.003305,0.990529,0.986606,0.99375,0.98137,0.994516,0.00182,24,0.001863,24,0.431641,24,0.0,24,0.999839,24,0.10901,24
10,41,24,False,native,24,0.981837,0.97959,0.985606,0.006016,0.981048,0.971596,0.987682,0.962843,0.989092,24,0.990835,0.98969,0.992751,0.003061,0.990422,0.985592,0.993803,0.98107,0.994516,0.001876,24,0.001733,24,0.445312,24,0.0,24,,0,0.109009,24
10,42,24,False,native,24,0.982723,0.978891,0.986458,0.007567,0.981529,0.973217,0.987118,0.966177,0.989092,24,0.991286,0.989333,0.993183,0.00385,0.990669,0.986426,0.993517,0.982797,0.994516,0.001863,24,0.001829,24,0.429688,24,0.0,24,,0,0.108977,24
10,43,24,False,native,24,0.982649,0.978597,0.986792,0.008195,0.981977,0.973802,0.988275,0.967484,0.989538,24,0.991248,0.989183,0.993352,0.004169,0.990898,0.986726,0.994103,0.983474,0.994742,0.001838,24,0.001911,24,0.417969,24,0.0,24,,0,0.109065,24
10,44,24,False,native,24,0.981763,0.979001,0.986717,0.007716,0.981805,0.974974,0.987771,0.96763,0.988498,24,0.990798,0.989389,0.993314,0.003925,0.99081,0.987327,0.993848,0.983549,0.994216,0.001828,24,0.001955,24,0.4375,24,0.0,24,,0,0.109096,24
10,45,24,False,native,24,0.982059,0.977642,0.98631,0.008668,0.981731,0.973758,0.988572,0.968212,0.989241,24,0.990948,0.988694,0.993108,0.004413,0.990773,0.986704,0.994253,0.983849,0.994591,0.001823,24,0.001746,24,0.439453,24,0.0,24,,0,0.109126,24
10,46,24,False,native,24,0.981764,0.978744,0.987385,0.008641,0.98224,0.975179,0.988765,0.96894,0.989984,24,0.990798,0.989258,0.993652,0.004395,0.991033,0.987432,0.994351,0.984225,0.994967,0.00201,24,0.001962,24,0.427734,24,0.0,24,,0,0.109242,24
10,47,24,False,native,24,0.983166,0.97834,0.986606,0.008267,0.981874,0.973567,0.988424,0.966467,0.989538,24,0.991511,0.989051,0.993258,0.004207,0.990845,0.986606,0.994178,0.982948,0.994742,0.00198,24,0.002031,24,0.412109,24,0.0,24,,0,0.109236,24
10,48,24,False,native,24,0.982427,0.979848,0.985421,0.005573,0.982304,0.977744,0.988171,0.97098,0.990282,24,0.991136,0.989821,0.992657,0.002836,0.991067,0.988747,0.99405,0.985276,0.995117,0.001987,24,0.001997,24,0.40625,24,0.0,24,,0,0.109251,24
10,49,24,False,native,24,0.982723,0.978156,0.986125,0.007969,0.982084,0.976629,0.987459,0.971564,0.990431,24,0.991286,0.988957,0.993014,0.004056,0.990954,0.988176,0.99369,0.985577,0.995192,0.001994,24,0.001985,24,0.40625,24,0.0,24,,0,0.109372,24
11,0,24,False,native,24,0.974416,0.968467,0.978891,0.010424,0.973121,0.960185,0.982605,0.951763,0.989538,24,0.987042,0.983981,0.989333,0.005352,0.986356,0.979688,0.991226,0.975285,0.994742,0.001539,24,0.001609,24,0.568359,24,0.0,24,0.999828,24,0.108311,24
11,1,24,False,native,24,0.976541,0.973172,0.980326,0.007154,0.976233,0.968736,0.983565,0.964001,0.98494,24,0.988131,0.986403,0.990065,0.003662,0.987965,0.98412,0.991714,0.981671,0.992413,0.001585,24,0.001769,24,0.539062,24,0.0,24,,0,0.1087,24
11,2,24,False,native,24,0.977568,0.971201,0.982612,0.011411,0.976813,0.965205,0.985458,0.959232,0.989241,24,0.988657,0.985389,0.99123,0.005841,0.988253,0.982294,0.992676,0.979192,0.994591,0.001763,24,0.001745,24,0.509766,24,0.0,24,,0,0.10804,24
11,3,24,False,native,24,0.978231,0.972367,0.98372,0.011352,0.976983,0.963509,0.985517,0.957215,0.990579,24,0.988995,0.98599,0.991793,0.005803,0.988338,0.981415,0.992706,0.97814,0.995267,0.001699,24,0.001794,24,0.501953,24,0.0,24,,0,0.107819,24
11,4,24,False,native,24,0.979112,0.971822,0.98324,0.011418,0.977094,0.962756,0.986747,0.957935,0.992218,24,0.989446,0.985708,0.991549,0.005841,0.988391,0.981025,0.993329,0.978516,0.996094,0.001742,24,0.001766,24,0.494141,24,0.0,24,,0,0.107656,24
11,5,24,False,native,24,0.979333,0.969525,0.985421,0.015896,0.977266,0.963451,0.988112,0.959664,0.991622,24,0.989558,0.984525,0.992657,0.008132,0.988478,0.981385,0.99402,0.979417,0.995793,0.001797,24,0.001681,24,0.488281,24,0.0,24,,0,0.107426,24
11,6,24,False,native,24,0.980584,0.970689,0.986051,0.015362,0.978371,0.964378,0.988602,0.961252,0.992516,24,0.990197,0.985126,0.992976,0.00785,0.989045,0.981866,0.994268,0.980243,0.996244,0.001739,24,0.001856,24,0.453125,24,0.0,24,,0,0.107354,24
11,7,24,False,native,24,0.979774,0.9712,0.985311,0.014111,0.978546,0.965872,0.990118,0.96183,0.992665,24,0.989784,0.985389,0.992601,0.007212,0.989136,0.98264,0.995035,0.980544,0.996319,0.001781,24,0.001858,24,0.492188,24,0.0,24,,0,0.107256,24
11,8,24,False,native,24,0.979921,0.97175,0.985866,0.014116,0.978613,0.965654,0.990089,0.962843,0.992218,24,0.989859,0.985671,0.992882,0.007212,0.98917,0.982527,0.99502,0.98107,0.996094,0.001692,24,0.001854,24,0.484375,24,0.0,24,,0,0.107197,24
11,9,24,False,native,24,0.97948,0.970654,0.985128,0.014474,0.978317,0.964001,0.98994,0.962264,0.992218,24,0.989633,0.985107,0.992507,0.007399,0.989017,0.981671,0.994944,0.980769,0.996094,0.001823,24,0.001889,24,0.482422,24,0.0,24,,0,0.107109,24
11,10,24,False,native,24,0.979038,0.973066,0.986273,0.013207,0.978352,0.964712,0.990059,0.960819,0.991026,24,0.989408,0.986347,0.993089,0.006742,0.989036,0.982039,0.995005,0.980018,0.995493,0.001709,24,0.001808,24,0.496094,24,0.0,24,0.999828,24,0.107032,24
11,11,24,False,native,24,0.979259,0.975374,0.986014,0.010641,0.978722,0.966656,0.989702,0.959088,0.991473,24,0.989521,0.98753,0.992957,0.005427,0.989227,0.983045,0.994824,0.979117,0.995718,0.001868,24,0.001732,24,0.478516,24,0.0,24,,0,0.106959,24
11,12,24,False,native,24,0.979627,0.975298,0.985682,0.010384,0.979046,0.965828,0.99052,0.963277,0.991622,24,0.989709,0.987492,0.992788,0.005296,0.989392,0.982617,0.995237,0.981295,0.995793,0.001783,24,0.001781,24,0.478516,24,0.0,24,,0,0.106907,24
11,13,24,False,native,24,0.979848,0.975222,0.983131,0.007909,0.978836,0.967819,0.990148,0.959809,0.99192,24,0.989821,0.987455,0.991493,0.004038,0.989286,0.983646,0.99505,0.979492,0.995944,0.001873,24,0.00175,24,0.474609,24,0.0,24,,0,0.106843,24
11,14,24,False,native,24,0.979995,0.973976,0.984237,0.010262,0.979442,0.968955,0.989538,0.963277,0.991175,24,0.989896,0.986816,0.992056,0.00524,0.989599,0.984232,0.994742,0.981295,0.995568,0.001947,24,0.001813,24,0.46875,24,0.0,24,,0,0.106782,24
11,15,24,False,native,24,0.980069,0.975736,0.985385,0.009648,0.979868,0.96846,0.990624,0.964726,0.992814,24,0.989934,0.987718,0.992638,0.00492,0.989815,0.983977,0.99529,0.982046,0.996394,0.001921,24,0.001871,24,0.462891,24,0.0,24,,0,0.106759,24
11,16,24,False,native,24,0.980437,0.975882,0.983536,0.007654,0.980016,0.970295,0.990758,0.965596,0.991324,24,0.990122,0.987793,0.991699,0.003906,0.989893,0.984923,0.995358,0.982497,0.995643,0.001863,24,0.001913,24,0.466797,24,0.0,24,,0,0.106689,24
11,17,24,False,native,24,0.980289,0.975074,0.98324,0.008165,0.980052,0.968927,0.990743,0.966758,0.992218,24,0.990047,0.98738,0.991549,0.004169,0.989912,0.984217,0.99535,0.983098,0.996094,0.001862,24,0.001853,24,0.474609,24,0.0,24,,0,0.106625,24
11,18,24,False,native,24,0.981616,0.97801,0.984459,0.00645,0.980457,0.969072,0.990907,0.965451,0.991324,24,0.990723,0.988882,0.992169,0.003287,0.990119,0.984292,0.995433,0.982422,0.995643,0.001902,24,0.001845,24,0.447266,24,0.0,24,,0,0.106567,24
11,19,24,False,native,24,0.980731,0.977973,0.983979,0.006005,0.980692,0.972134,0.990133,0.967921,0.992814,24,0.990272,0.988863,0.991925,0.003061,0.990241,0.98587,0.995042,0.983699,0.996394,0.001857,24,0.00186,24,0.457031,24,0.0,24,,0,0.106507,24
11,20,24,False,native,24,0.980584,0.978891,0.983942,0.005051,0.980797,0.971272,0.990862,0.967484,0.992964,24,0.990197,0.989333,0.991906,0.002573,0.990294,0.985427,0.99541,0.983474,0.996469,0.001854,24,0.001919,24,0.466797,24,0.0,24,0.999821,24,0.106447,24
11,21,24,False,native,24,0.980879,0.977642,0.983387,0.005746,0.980848,0.971799,0.992128,0.966177,0.992814,24,0.990347,0.988694,0.991624,0.00293,0.990319,0.985697,0.996049,0.982797,0.996394,0.001934,24,0.001912,24,0.457031,24,0.0,24,,0,0.106389,24
11,22,24,False,native,24,0.9811,0.978707,0.983572,0.004865,0.981116,0.972033,0.99116,0.967194,0.993859,24,0.99046,0.989239,0.991718,0.002479,0.990457,0.985817,0.99556,0.983323,0.99692,0.001955,24,0.00194,24,0.449219,24,0.0,24,,0,0.106342,24
11,23,24,False,native,24,0.980289,0.979259,0.98324,0.003981,0.980934,0.974152,0.990952,0.967339,0.991622,24,0.990047,0.989521,0.991549,0.002028,0.990366,0.986907,0.995455,0.983398,0.995793,0.002012,24,0.00194,24,0.466797,24,0.0,24,,0,0.106301,24
11,24,24,False,native,24,0.980437,0.978781,0.983757,0.004976,0.980911,0.974957,0.99046,0.965741,0.991771,24,0.990122,0.989277,0.991812,0.002535,0.990353,0.98732,0.995207,0.982572,0.995868,0.001944,24,0.00209,24,0.474609,24,0.0,24,,0,0.106349,24
11,25,24,False,native,24,0.981468,0.979038,0.982723,0.003685,0.981025,0.974973,0.990699,0.962264,0.992069,24,0.990648,0.989408,0.991286,0.001878,0.99041,0.987327,0.995328,0.980769,0.996019,0.002001,24,0.002011,24,0.445312,24,0.0,24,,0,0.106307,24
11,26,24,False,native,24,0.981468,0.979185,0.983757,0.004572,0.980974,0.972806,0.991279,0.962264,0.99356,24,0.990648,0.989483,0.991812,0.002329,0.990381,0.986215,0.99562,0.980769,0.99677,0.002034,24,0.001987,24,0.435547,24,0.0,24,,0,0.106279,24
11,27,24,False,native,24,0.98051,0.97845,0.982317,0.003867,0.980285,0.974166,0.990639,0.962409,0.992814,24,0.990159,0.989108,0.991079,0.001972,0.990031,0.986914,0.995297,0.980844,0.996394,0.001874,24,0.002118,24,0.470703,24,0.0,24,,0,0.106265,24
11,28,24,False,native,24,0.9811,0.979811,0.983831,0.00402,0.980764,0.972996,0.990982,0.961975,0.992516,24,0.99046,0.989802,0.991849,0.002047,0.990275,0.986313,0.99547,0.980619,0.996244,0.001976,24,0.001976,24,0.441406,24,0.0,24,,0,0.106236,24
11,29,24,False,native,24,0.981616,0.980032,0.983794,0.003762,0.981369,0.973947,0.991339,0.964726,0.992069,24,0.990723,0.989915,0.991831,0.001916,0.990585,0.986801,0.995651,0.982046,0.996019,0.001998,24,0.002034,24,0.431641,24,0.0,24,,0,0.106233,24
11,30,24,False,native,24,0.9811,0.978303,0.983166,0.004863,0.981204,0.974387,0.991518,0.965161,0.994307,24,0.99046,0.989032,0.991511,0.002479,0.9905,0.987027,0.995741,0.982272,0.997145,0.001871,24,0.00205,24,0.455078,24,0.0,24,0.999821,24,0.10624,24
11,31,24,False,native,24,0.9811,0.978229,0.983905,0.005675,0.980747,0.973479,0.991443,0.962988,0.993411,24,0.99046,0.988995,0.991887,0.002892,0.990266,0.986561,0.995703,0.981145,0.996695,0.002144,24,0.002008,24,0.455078,24,0.0,24,,0,0.106193,24
11,32,24,False,native,24,0.980952,0.977678,0.983942,0.006263,0.980697,0.974108,0.99119,0.962988,0.993262,24,0.990385,0.988713,0.991906,0.003193,0.990241,0.986884,0.995575,0.981145,0.99662,0.002114,24,0.002042,24,0.457031,24,0.0,24,,0,0.10617,24
11,33,24,False,native,24,0.981468,0.977201,0.983572,0.006371,0.980882,0.974313,0.991071,0.966177,0.991771,24,0.990648,0.988469,0.991718,0.003249,0.990338,0.986989,0.995515,0.982797,0.995868,0.001997,24,0.001976,24,0.453125,24,0.0,24,,0,0.106156,24
11,34,24,False,native,24,0.981985,0.976284,0.983387,0.007104,0.980941,0.973581,0.991473,0.965451,0.993859,24,0.99091,0.988,0.991624,0.003625,0.990366,0.986614,0.995718,0.982422,0.99692,0.002044,24,0.002004,24,0.435547,24,0.0,24,,0,0.106164,24
11,35,24,False,native,24,0.982354,0.977715,0.984755,0.00704,0.981125,0.974679,0.990788,0.964146,0.992964,24,0.991098,0.988732,0.992319,0.003587,0.99046,0.987177,0.995373,0.981746,0.996469,0.002065,24,0.002103,24,0.4375,24,0.0,24,,0,0.106119,24
11,36,24,False,native,24,0.981763,0.977348,0.983609,0.006261,0.980878,0.974313,0.990431,0.964871,0.993411,24,0.990798,0.988544,0.991737,0.003193,0.990335,0.986989,0.995192,0.982121,0.996695,0.002024,24,0.001978,24,0.447266,24,0.0,24,,0,0.106095,24
11,37,24,False,native,24,0.9811,0.977128,0.983203,0.006075,0.980784,0.975016,0.989687,0.965886,0.99356,24,0.99046,0.988431,0.99153,0.003099,0.990288,0.98735,0.994817,0.982647,0.99677,0.002174,24,0.002008,24,0.458984,24,0.0,24,,0,0.106206,24
11,38,24,False,native,24,0.980879,0.977275,0.984422,0.007147,0.980779,0.973333,0.989538,0.966322,0.993411,24,0.990347,0.988507,0.99215,0.003643,0.990284,0.986486,0.994742,0.982873,0.996695,0.001967,24,0.002005,24,0.453125,24,0.0,24,,0,0.106227,24
11,39,24,False,native,24,0.981247,0.976724,0.984348,0.007624,0.98117,0.974137,0.9893,0.967194,0.993411,24,0.990535,0.988225,0.992112,0.003887,0.990485,0.986899,0.994621,0.983323,0.996695,0.001985,24,0.002142,24,0.435547,24,0.0,24,,0,0.106229,24
11,40,24,False,native,24,0.981763,0.975954,0.984866,0.008912,0.981012,0.973698,0.989583,0.967775,0.993262,24,0.990798,0.987831,0.992375,0.004545,0.990403,0.986674,0.994764,0.983624,0.99662,0.00207,24,0.002208,24,0.441406,24,0.0,24,0.999821,24,0.106196,24
11,41,24,False,native,24,0.981763,0.975697,0.984755,0.009058,0.980809,0.973347,0.989598,0.967339,0.992665,24,0.990798,0.987699,0.992319,0.00462,0.9903,0.986493,0.994772,0.983398,0.996319,0.002043,24,0.002095,24,0.439453,24,0.0,24,,0,0.106181,24
11,42,24,False,native,24,0.981174,0.976174,0.985384,0.00921,0.980864,0.972924,0.9893,0.967339,0.993113,24,0.990497,0.987943,0.992638,0.004695,0.990328,0.986276,0.994621,0.983398,0.996544,0.002115,24,0.002067,24,0.457031,24,0.0,24,,0,0.106224,24
11,43,24,False,native,24,0.980437,0.977311,0.985495,0.008184,0.980625,0.973537,0.987741,0.965306,0.993859,24,0.990122,0.988525,0.992695,0.004169,0.990206,0.986591,0.993833,0.982347,0.99692,0.002056,24,0.00191,24,0.464844,24,0.0,24,,0,0.106414,24
11,44,24,False,native,24,0.981173,0.976357,0.985569,0.009212,0.980684,0.974825,0.987548,0.967194,0.992367,24,0.990497,0.988037,0.992732,0.004695,0.990238,0.987252,0.993735,0.983323,0.996169,0.002074,24,0.002016,24,0.455078,24,0.0,24,,0,0.106397,24
11,45,24,False,native,24,0.981247,0.976174,0.986199,0.010025,0.981021,0.975074,0.987637,0.969231,0.991622,24,0.990535,0.987943,0.993051,0.005108,0.99041,0.98738,0.99378,0.984375,0.995793,0.002043,24,0.002065,24,0.447266,24,0.0,24,,0,0.106382,24
11,46,24,False,native,24,0.979848,0.975844,0.984385,0.008541,0.980382,0.9738,0.987979,0.970105,0.992665,24,0.989821,0.987774,0.992131,0.004357,0.990084,0.986726,0.993953,0.984826,0.996319,0.002093,24,0.002026,24,0.46875,24,0.0,24,,0,0.106514,24
11,47,24,False,native,24,0.979627,0.97599,0.984941,0.00895,0.980398,0.97117,0.988156,0.969959,0.994008,24,0.989709,0.987849,0.992413,0.004564,0.99009,0.985374,0.994043,0.984751,0.996995,0.002121,24,0.002025,24,0.492188,24,0.0,24,,0,0.106473,24
11,48,24,False,native,24,0.981691,0.974708,0.984052,0.009344,0.979704,0.969158,0.988736,0.966177,0.992516,24,0.99076,0.987192,0.991962,0.00477,0.989734,0.984337,0.994336,0.982797,0.996244,0.002099,24,0.00198,24,0.449219,24,0.0,24,,0,0.106472,24
11,49,24,False,native,24,0.98051,0.973244,0.98594,0.012695,0.979386,0.971754,0.988959,0.96183,0.994158,24,0.990159,0.986441,0.99292,0.006479,0.989568,0.985675,0.994449,0.980544,0.99707,0.001847,24,0.001998,24,0.460938,24,0.0,24,,0,0.106198,24
12,0,24,False,native,24,0.973391,0.969522,0.978156,0.008634,0.971159,0.955207,0.981498,0.934181,0.985236,24,0.986516,0.984525,0.988957,0.004432,0.985336,0.977088,0.990663,0.965971,0.992563,0.001773,24,0.001693,24,0.601562,24,0.0,24,0.999758,24,0.107329,24
12,1,24,False,native,24,0.973756,0.968539,0.980695,0.012155,0.972895,0.958569,0.983018,0.949619,0.987607,24,0.986704,0.984018,0.990253,0.006235,0.986234,0.978846,0.991436,0.974159,0.993765,0.001732,24,0.001672,24,0.576172,24,0.0,24,,0,0.107892,24
12,2,24,False,native,24,0.976467,0.963422,0.981911,0.018489,0.971805,0.95565,0.984467,0.937136,0.986569,24,0.988093,0.98137,0.990873,0.009503,0.985661,0.977321,0.992172,0.967548,0.993239,0.001534,24,0.001581,24,0.529297,24,0.0,24,,0,0.107407,24
12,3,24,False,native,24,0.978156,0.9597,0.983166,0.023465,0.972237,0.955864,0.984851,0.939959,0.987904,24,0.988957,0.979436,0.991511,0.012076,0.985877,0.977434,0.992368,0.96905,0.993915,0.001693,24,0.001678,24,0.517578,24,0.0,24,,0,0.107007,24
12,4,24,False,native,24,0.978303,0.961072,0.981985,0.020912,0.971902,0.956237,0.984141,0.942649,0.985828,24,0.989032,0.980149,0.99091,0.010761,0.985708,0.977629,0.992007,0.970478,0.992864,0.001785,24,0.001672,24,0.511719,24,0.0,24,,0,0.106663,24
12,5,24,False,native,24,0.978009,0.959629,0.983203,0.023573,0.970464,0.954772,0.98457,0.934884,0.98568,24,0.988882,0.979398,0.99153,0.012132,0.984951,0.976863,0.992225,0.966346,0.992788,0.001723,24,0.001861,24,0.505859,24,0.0,24,,0,0.106355,24
12,6,24,False,native,24,0.978231,0.962228,0.981985,0.019757,0.971305,0.952493,0.984053,0.94279,0.985976,24,0.988995,0.98075,0.99091,0.01016,0.985395,0.975669,0.991962,0.970553,0.992939,0.001732,24,0.001691,24,0.505859,24,0.0,24,,0,0.106113,24
12,7,24,False,native,24,0.978304,0.963097,0.981616,0.018519,0.971848,0.95225,0.985725,0.943925,0.986569,24,0.989032,0.981201,0.990723,0.009521,0.985677,0.975541,0.992811,0.971154,0.993239,0.001674,24,0.001739,24,0.498047,24,0.0,24,,0,0.105972,24
12,8,24,False,native,24,0.975514,0.960858,0.982022,0.021164,0.970991,0.952264,0.984215,0.945914,0.984496,24,0.987605,0.980037,0.990929,0.010892,0.985239,0.975548,0.992045,0.972206,0.992188,0.001725,24,0.001774,24,0.548828,24,0.0,24,,0,0.105773,24
12,9,24,False,native,24,0.97566,0.962088,0.982833,0.020745,0.971395,0.951549,0.984422,0.947195,0.985384,24,0.98768,0.980675,0.991342,0.010667,0.985445,0.975173,0.99215,0.972882,0.992638,0.001662,24,0.001726,24,0.537109,24,0.0,24,,0,0.105612,24
12,10,24,False,native,24,0.977203,0.960386,0.982686,0.022299,0.971837,0.95225,0.984201,0.946626,0.985532,24,0.988469,0.979793,0.991267,0.011475,0.985674,0.975541,0.992037,0.972581,0.992713,0.001766,24,0.001773,24,0.501953,24,0.0,24,0.999784,24,0.105454,24
12,11,24,False,native,24,0.977421,0.962843,0.982981,0.020138,0.972435,0.953224,0.984156,0.944635,0.98568,24,0.988582,0.98107,0.991418,0.010348,0.985984,0.976052,0.992015,0.971529,0.992788,0.001792,24,0.001816,24,0.523438,24,0.0,24,,0,0.105288,24
12,12,24,False,native,24,0.976908,0.962988,0.983646,0.020658,0.97244,0.952909,0.985503,0.944635,0.986717,24,0.988319,0.981145,0.991756,0.010611,0.985984,0.975886,0.992698,0.971529,0.993314,0.001775,24,0.001975,24,0.513672,24,0.0,24,,0,0.105145,24
12,13,24,False,native,24,0.975881,0.964038,0.983055,0.019017,0.972351,0.95463,0.984407,0.947195,0.986273,24,0.987793,0.981689,0.991455,0.009766,0.985943,0.976788,0.992142,0.972882,0.993089,0.001817,24,0.001843,24,0.546875,24,0.0,24,,0,0.105021,24
12,14,24,False,native,24,0.976321,0.962736,0.982132,0.019396,0.9721,0.954975,0.985147,0.948335,0.986125,24,0.988018,0.981013,0.990986,0.009972,0.985815,0.976968,0.992518,0.973483,0.993014,0.00186,24,0.001785,24,0.541016,24,0.0,24,,0,0.104884,24
12,15,24,False,native,24,0.978009,0.965054,0.983683,0.018629,0.972971,0.954874,0.985162,0.948193,0.986421,24,0.988882,0.982215,0.991774,0.009559,0.986262,0.976916,0.992526,0.973407,0.993164,0.00185,24,0.001818,24,0.490234,24,0.0,24,,0,0.104778,24
12,16,24,False,native,24,0.977642,0.96364,0.982612,0.018972,0.972629,0.955131,0.985059,0.947053,0.985976,24,0.988694,0.981483,0.99123,0.009747,0.986087,0.977051,0.992473,0.972806,0.992939,0.001858,24,0.001799,24,0.53125,24,0.0,24,,0,0.104632,24
12,17,24,False,native,24,0.977351,0.966143,0.982907,0.016764,0.973292,0.958108,0.98494,0.948335,0.98568,24,0.988544,0.982779,0.99138,0.008601,0.986431,0.978606,0.992413,0.973483,0.992788,0.001769,24,0.001689,24,0.521484,24,0.0,24,,0,0.104534,24
12,18,24,False,native,24,0.976909,0.967049,0.983129,0.01608,0.973626,0.957014,0.984452,0.950619,0.984792,24,0.988319,0.983248,0.991493,0.008244,0.986607,0.978035,0.992165,0.974684,0.992338,0.001779,24,0.001767,24,0.517578,24,0.0,24,,0,0.104402,24
12,19,24,False,native,24,0.97691,0.966396,0.983646,0.01725,0.973429,0.956942,0.984452,0.951334,0.985976,24,0.988319,0.98291,0.991756,0.008845,0.986503,0.977997,0.992165,0.97506,0.992939,0.001834,24,0.001957,24,0.537109,24,0.0,24,,0,0.104285,24
12,20,24,False,native,24,0.976324,0.965234,0.98335,0.018117,0.973334,0.955677,0.985754,0.953625,0.985976,24,0.988018,0.982309,0.991605,0.009296,0.986456,0.977336,0.992826,0.976262,0.992939,0.001788,24,0.001768,24,0.554688,24,0.0,24,0.999765,24,0.104164,24
12,21,24,False,native,24,0.976396,0.965995,0.983646,0.017651,0.973786,0.95641,0.985192,0.954198,0.988795,24,0.988056,0.982704,0.991756,0.009052,0.986688,0.977719,0.992541,0.976562,0.994366,0.001779,24,0.001841,24,0.544922,24,0.0,24,,0,0.104052,24
12,22,24,False,native,24,0.976251,0.966721,0.983535,0.016814,0.974048,0.958151,0.985354,0.953052,0.988647,24,0.987981,0.983079,0.991699,0.00862,0.986823,0.978628,0.992623,0.975962,0.994291,0.001914,24,0.001865,24,0.541016,24,0.0,24,,0,0.103963,24
12,23,24,False,native,24,0.976104,0.967994,0.983757,0.015763,0.97456,0.958267,0.985784,0.955203,0.987756,24,0.987906,0.983736,0.991812,0.008075,0.987089,0.978688,0.992841,0.977088,0.99384,0.001879,24,0.001802,24,0.550781,24,0.0,24,,0,0.10387,24
12,24,24,False,native,24,0.976762,0.967158,0.982907,0.01575,0.973843,0.958915,0.984126,0.952908,0.987459,24,0.988244,0.983305,0.99138,0.008075,0.986719,0.979026,0.992,0.975886,0.99369,0.0019,24,0.001814,24,0.539062,24,0.0,24,,0,0.103786,24
12,25,24,False,native,24,0.977055,0.96625,0.983055,0.016805,0.974062,0.959737,0.985147,0.954629,0.987311,24,0.988394,0.982835,0.991455,0.00862,0.986835,0.979455,0.992518,0.976788,0.993615,0.001832,24,0.001721,24,0.539062,24,0.0,24,,0,0.103704,24
12,26,24,False,native,24,0.975589,0.965634,0.981579,0.015945,0.973936,0.959506,0.984866,0.957503,0.986717,24,0.987643,0.982516,0.990704,0.008188,0.986773,0.979334,0.992375,0.97829,0.993314,0.001783,24,0.001711,24,0.548828,24,0.0,24,,0,0.103645,24
12,27,24,False,native,24,0.977495,0.967741,0.982354,0.014613,0.974369,0.958742,0.984363,0.958079,0.986421,24,0.988619,0.983605,0.991098,0.007493,0.986995,0.978936,0.99212,0.978591,0.993164,0.001786,24,0.001765,24,0.513672,24,0.0,24,,0,0.103532,24
12,28,24,False,native,24,0.977055,0.968467,0.981395,0.012927,0.974095,0.959982,0.983919,0.954055,0.987904,24,0.988394,0.983981,0.99061,0.006629,0.986854,0.979582,0.991895,0.976487,0.993915,0.0018,24,0.001879,24,0.529297,24,0.0,24,,0,0.103447,24
12,29,24,False,native,24,0.97647,0.968323,0.982022,0.013699,0.974499,0.959535,0.986376,0.955778,0.986717,24,0.988093,0.983905,0.990929,0.007024,0.987061,0.979349,0.993142,0.977389,0.993314,0.001879,24,0.001789,24,0.533203,24,0.0,24,,0,0.103391,24
12,30,24,False,native,24,0.977348,0.966468,0.983203,0.016735,0.974966,0.960862,0.985221,0.95952,0.987756,24,0.988544,0.982948,0.99153,0.008582,0.987302,0.980041,0.992556,0.979342,0.99384,0.001806,24,0.001745,24,0.525391,24,0.0,24,0.999784,24,0.103307,24
12,31,24,False,native,24,0.977054,0.964871,0.983018,0.018147,0.974573,0.961021,0.98608,0.958079,0.987904,24,0.988394,0.982121,0.991436,0.009315,0.987098,0.980123,0.992991,0.978591,0.993915,0.001839,24,0.001736,24,0.513672,24,0.0,24,,0,0.103218,24
12,32,24,False,native,24,0.977642,0.966068,0.98276,0.016692,0.974774,0.960098,0.986303,0.957647,0.987607,24,0.988694,0.982741,0.991305,0.008564,0.987201,0.979642,0.993104,0.978365,0.993765,0.001866,24,0.001882,24,0.515625,24,0.0,24,,0,0.103126,24
12,33,24,False,native,24,0.977497,0.96665,0.983609,0.016959,0.975094,0.959304,0.985814,0.958511,0.987756,24,0.988619,0.983042,0.991737,0.008695,0.987364,0.979229,0.992856,0.978816,0.99384,0.001969,24,0.001994,24,0.525391,24,0.0,24,,0,0.103041,24
12,34,24,False,native,24,0.977936,0.967594,0.983905,0.016311,0.9757,0.96027,0.987414,0.956928,0.98835,24,0.988845,0.98353,0.991887,0.008357,0.987674,0.979733,0.993667,0.97799,0.994141,0.001822,24,0.001861,24,0.519531,24,0.0,24,,0,0.102947,24
12,35,24,False,native,24,0.977348,0.967957,0.984201,0.016243,0.975699,0.959506,0.987756,0.95664,0.988498,24,0.988544,0.983718,0.992037,0.00832,0.987674,0.979334,0.99384,0.97784,0.994216,0.001743,24,0.001937,24,0.529297,24,0.0,24,,0,0.102853,24
12,36,24,False,native,24,0.977642,0.966068,0.983203,0.017135,0.975751,0.961253,0.987785,0.958223,0.988498,24,0.988694,0.982741,0.99153,0.008789,0.987702,0.980243,0.993855,0.978666,0.994216,0.001842,24,0.001864,24,0.501953,24,0.0,24,,0,0.102779,24
12,37,24,False,native,24,0.97867,0.967594,0.98372,0.016126,0.975892,0.961267,0.987029,0.958223,0.98939,24,0.98922,0.98353,0.991793,0.008263,0.987774,0.980251,0.993472,0.978666,0.994666,0.001859,24,0.001931,24,0.513672,24,0.0,24,,0,0.102746,24
12,38,24,False,native,24,0.976247,0.969012,0.983831,0.014818,0.976305,0.964233,0.987993,0.960241,0.98939,24,0.987981,0.984262,0.991849,0.007587,0.98799,0.981791,0.99396,0.979718,0.994666,0.001809,24,0.001764,24,0.539062,24,0.0,24,,0,0.102676,24
12,39,24,False,native,24,0.978156,0.96843,0.982575,0.014145,0.976377,0.965278,0.987667,0.959953,0.988944,24,0.988957,0.983962,0.991211,0.007249,0.988028,0.982332,0.993795,0.979567,0.994441,0.001857,24,0.001817,24,0.503906,24,0.0,24,,0,0.102603,24
12,40,24,False,native,24,0.976321,0.96854,0.983757,0.015217,0.975846,0.964277,0.986065,0.959088,0.98939,24,0.988018,0.984018,0.991812,0.007794,0.987755,0.981813,0.992984,0.979117,0.994666,0.001872,24,0.001759,24,0.539062,24,0.0,24,0.999807,24,0.102482,24
12,41,24,False,native,24,0.975587,0.967521,0.982095,0.014574,0.975451,0.963075,0.98734,0.958655,0.988795,24,0.987643,0.983492,0.990967,0.007474,0.987552,0.98119,0.99363,0.978891,0.994366,0.001807,24,0.001788,24,0.556641,24,0.0,24,,0,0.102418,24
12,42,24,False,native,24,0.9761,0.96803,0.981321,0.01329,0.9759,0.963987,0.98878,0.96212,0.989984,24,0.987906,0.983755,0.990572,0.006817,0.987784,0.981663,0.994358,0.980694,0.994967,0.001772,24,0.001838,24,0.521484,24,0.0,24,,0,0.102384,24
12,43,24,False,native,24,0.978303,0.96934,0.98228,0.01294,0.975865,0.96564,0.987741,0.958367,0.989092,24,0.989032,0.984431,0.991061,0.006629,0.987765,0.98252,0.993833,0.978741,0.994516,0.001814,24,0.001806,24,0.513672,24,0.0,24,,0,0.102327,24
12,44,24,False,native,24,0.975516,0.968721,0.980916,0.012195,0.976033,0.965466,0.988082,0.960963,0.990728,24,0.987605,0.984112,0.990366,0.006254,0.987852,0.982429,0.994005,0.980093,0.995343,0.001885,24,0.001917,24,0.541016,24,0.0,24,,0,0.102201,24
12,45,24,False,native,24,0.97735,0.968285,0.981911,0.013626,0.975739,0.963118,0.988067,0.961686,0.991175,24,0.988544,0.983887,0.990873,0.006986,0.987699,0.981212,0.993998,0.980469,0.995568,0.001889,24,0.001883,24,0.525391,24,0.0,24,,0,0.101958,24
12,46,24,False,native,24,0.976834,0.969122,0.981874,0.012752,0.97562,0.964799,0.988453,0.959953,0.988944,24,0.988281,0.984319,0.990854,0.006535,0.98764,0.982084,0.994193,0.979567,0.994441,0.00173,24,0.001794,24,0.525391,24,0.0,24,,0,0.101708,24
12,47,24,False,native,24,0.975294,0.969123,0.980437,0.011314,0.974106,0.961701,0.986525,0.952336,0.988647,24,0.987492,0.984319,0.990122,0.005803,0.986857,0.980476,0.993217,0.975586,0.994291,0.001666,24,0.001801,24,0.554688,24,0.0,24,,0,0.101302,24
12,48,24,False,native,24,0.974928,0.968212,0.98169,0.013478,0.97391,0.960184,0.985206,0.954772,0.987756,24,0.987305,0.983849,0.99076,0.006911,0.98676,0.979687,0.992548,0.976863,0.99384,0.001726,24,0.001799,24,0.552734,24,0.0,24,,0,0.10093,24
12,49,24,False,native,24,0.975367,0.965418,0.981026,0.015608,0.971888,0.954531,0.983757,0.949476,0.98568,24,0.98753,0.982403,0.990422,0.008019,0.985712,0.976735,0.991812,0.974084,0.992788,0.001563,24,0.001614,24,0.568359,24,0.0,24,,0,0.100385,24
13,0,24,False,native,24,0.967121,0.961072,0.974232,0.01316,0.966903,0.956498,0.979362,0.945346,0.981837,24,0.983286,0.980149,0.986948,0.006798,0.983151,0.977764,0.989573,0.971905,0.990835,0.001503,24,0.001441,24,0.6875,24,0.0,24,0.999736,24,0.10749,24
13,1,24,False,native,24,0.966758,0.963603,0.974928,0.011326,0.969056,0.961946,0.979642,0.952765,0.98494,24,0.983098,0.981464,0.987305,0.005841,0.984269,0.980604,0.989716,0.975811,0.992413,0.001599,24,0.001503,24,0.667969,24,0.0,24,,0,0.108384,24
13,2,24,False,native,24,0.974635,0.966576,0.980879,0.014303,0.973152,0.958223,0.98457,0.954198,0.988647,24,0.987154,0.983004,0.990347,0.007343,0.986369,0.978666,0.992225,0.976562,0.994291,0.001589,24,0.00155,24,0.583984,24,0.0,24,,0,0.108834,24
13,3,24,False,native,24,0.975367,0.968648,0.981837,0.013189,0.974178,0.963842,0.984082,0.948763,0.987311,24,0.98753,0.984075,0.990835,0.006761,0.986898,0.981588,0.991977,0.973708,0.993615,0.001665,24,0.001623,24,0.564453,24,0.0,24,,0,0.109146,24
13,4,24,False,native,24,0.978523,0.969486,0.981874,0.012388,0.975097,0.964653,0.984955,0.951763,0.988498,24,0.989145,0.984506,0.990854,0.006348,0.987367,0.982009,0.99242,0.975285,0.994216,0.00156,24,0.001721,24,0.505859,24,0.0,24,,0,0.109217,24
13,5,24,False,native,24,0.978082,0.971783,0.982243,0.01046,0.975458,0.963118,0.985488,0.951048,0.987607,24,0.98892,0.98569,0.991042,0.005352,0.987552,0.981212,0.992691,0.97491,0.993765,0.001815,24,0.001825,24,0.507812,24,0.0,24,,0,0.109341,24
13,6,24,False,native,24,0.978157,0.971674,0.983055,0.011381,0.97604,0.965974,0.985888,0.950762,0.988944,24,0.988957,0.985633,0.991455,0.005822,0.987849,0.982692,0.992894,0.97476,0.994441,0.001802,24,0.001886,24,0.505859,24,0.0,24,,0,0.109383,24
13,7,24,False,native,24,0.979481,0.974197,0.984533,0.010337,0.977224,0.965772,0.986466,0.954629,0.987459,24,0.989633,0.986929,0.992206,0.005277,0.98846,0.982587,0.993187,0.976788,0.99369,0.001867,24,0.00177,24,0.476562,24,0.0,24,,0,0.109375,24
13,8,24,False,native,24,0.979259,0.974489,0.98324,0.008751,0.977018,0.966206,0.985888,0.952192,0.988053,24,0.989521,0.987079,0.991549,0.00447,0.988353,0.982813,0.992894,0.975511,0.99399,0.001853,24,0.001927,24,0.484375,24,0.0,24,,0,0.1094,24
13,9,24,False,native,24,0.979627,0.974012,0.984385,0.010373,0.977556,0.966732,0.986199,0.952336,0.989241,24,0.989709,0.986835,0.992131,0.005296,0.988629,0.983083,0.993051,0.975586,0.994591,0.001928,24,0.001921,24,0.478516,24,0.0,24,,0,0.109408,24
13,10,24,False,native,24,0.980584,0.973903,0.984016,0.010113,0.977975,0.965829,0.986673,0.954342,0.989836,24,0.990197,0.986779,0.991943,0.005165,0.988845,0.982617,0.993292,0.976638,0.994892,0.002083,24,0.001963,24,0.457031,24,0.0,24,0.999799,24,0.109434,24
13,11,24,False,native,24,0.980953,0.973062,0.985643,0.012581,0.978805,0.968664,0.986984,0.958511,0.988498,24,0.990385,0.986347,0.99277,0.006423,0.98927,0.984082,0.99345,0.978816,0.994216,0.002004,24,0.002034,24,0.458984,24,0.0,24,,0,0.109477,24
13,12,24,False,native,24,0.982059,0.97643,0.985569,0.009139,0.978831,0.964967,0.987118,0.953338,0.990282,24,0.990948,0.988075,0.992732,0.004657,0.98928,0.982166,0.993517,0.976112,0.995117,0.002142,24,0.002062,24,0.435547,24,0.0,24,,0,0.109493,24
13,13,24,False,native,24,0.982501,0.976467,0.986051,0.009583,0.979325,0.970236,0.98826,0.954485,0.988795,24,0.991173,0.988093,0.992976,0.004883,0.989533,0.984893,0.994096,0.976713,0.994366,0.002094,24,0.002016,24,0.423828,24,0.0,24,,0,0.109529,24
13,14,24,False,native,24,0.981616,0.974965,0.985717,0.010753,0.979252,0.969158,0.987414,0.954629,0.989538,24,0.990723,0.987323,0.992807,0.005484,0.989496,0.984337,0.993667,0.976788,0.994742,0.002221,24,0.002018,24,0.431641,24,0.0,24,,0,0.109564,24
13,15,24,False,native,24,0.982575,0.976981,0.986903,0.009922,0.979945,0.968926,0.987667,0.955059,0.988647,24,0.991211,0.988356,0.993408,0.005052,0.989849,0.984217,0.993795,0.977013,0.994291,0.002141,24,0.002068,24,0.416016,24,0.0,24,,0,0.10956,24
13,16,24,False,native,24,0.981616,0.974671,0.985717,0.011046,0.979467,0.968547,0.98737,0.958367,0.989092,24,0.990723,0.987173,0.992807,0.005634,0.989608,0.984022,0.993645,0.978741,0.994516,0.002158,24,0.002102,24,0.445312,24,0.0,24,,0,0.109595,24
13,17,24,False,native,24,0.981985,0.977531,0.985717,0.008186,0.979999,0.97098,0.987222,0.957791,0.990877,24,0.99091,0.988638,0.992807,0.004169,0.989881,0.985276,0.99357,0.978441,0.995418,0.002065,24,0.002181,24,0.447266,24,0.0,24,,0,0.109674,24
13,18,24,False,native,24,0.982428,0.976577,0.986792,0.010214,0.980662,0.971259,0.988751,0.958223,0.990728,24,0.991136,0.98815,0.993352,0.005202,0.990219,0.985419,0.994343,0.978666,0.995343,0.002205,24,0.002067,24,0.421875,24,0.0,24,,0,0.109728,24
13,19,24,False,native,24,0.98169,0.976981,0.985754,0.008773,0.979774,0.972236,0.987459,0.955634,0.990728,24,0.99076,0.988356,0.992826,0.00447,0.989765,0.985922,0.99369,0.977314,0.995343,0.002109,24,0.002112,24,0.441406,24,0.0,24,,0,0.109798,24
13,20,24,False,native,24,0.982058,0.977129,0.984681,0.007552,0.979816,0.971316,0.98737,0.960241,0.98939,24,0.990948,0.988431,0.992281,0.00385,0.98979,0.985449,0.993645,0.979718,0.994666,0.00209,24,0.002077,24,0.4375,24,0.0,24,0.999793,24,0.10985,24
13,21,24,False,native,24,0.982723,0.974086,0.985754,0.011669,0.980231,0.969029,0.987964,0.958655,0.990579,24,0.991286,0.986873,0.992826,0.005953,0.99,0.98427,0.993945,0.978891,0.995267,0.002083,24,0.002191,24,0.416016,24,0.0,24,,0,0.109885,24
13,22,24,False,native,24,0.981985,0.976798,0.986569,0.009771,0.980718,0.971082,0.988914,0.960241,0.989984,24,0.99091,0.988262,0.993239,0.004977,0.99025,0.985329,0.994426,0.979718,0.994967,0.002027,24,0.002152,24,0.427734,24,0.0,24,,0,0.109938,24
13,23,24,False,native,24,0.984348,0.979076,0.986606,0.007531,0.981568,0.971258,0.988409,0.96212,0.989241,24,0.992112,0.989427,0.993258,0.003831,0.990685,0.985419,0.994171,0.980694,0.994591,0.002277,24,0.002188,24,0.388672,24,0.0,24,,0,0.109996,24
13,24,24,False,native,24,0.9842,0.975881,0.987199,0.011319,0.981408,0.971769,0.987607,0.962988,0.990282,24,0.992037,0.987793,0.993558,0.005765,0.990604,0.985682,0.993765,0.981145,0.995117,0.002182,24,0.002124,24,0.386719,24,0.0,24,,0,0.10999,24
13,25,24,False,native,24,0.983683,0.978746,0.986013,0.007267,0.981148,0.971593,0.987874,0.961397,0.988795,24,0.991774,0.989258,0.992957,0.0037,0.990472,0.985592,0.9939,0.980319,0.994366,0.002204,24,0.002159,24,0.402344,24,0.0,24,,0,0.110041,24
13,26,24,False,native,24,0.983905,0.977532,0.986495,0.008963,0.981804,0.973801,0.988201,0.963567,0.988498,24,0.991887,0.988638,0.993202,0.004564,0.990807,0.986726,0.994066,0.981445,0.994216,0.002226,24,0.00222,24,0.390625,24,0.0,24,,0,0.110064,24
13,27,24,False,native,24,0.98324,0.977275,0.987756,0.010481,0.981645,0.973391,0.988364,0.965886,0.989092,24,0.991549,0.988507,0.99384,0.005334,0.990726,0.986516,0.994148,0.982647,0.994516,0.002204,24,0.00219,24,0.40625,24,0.0,24,,0,0.110101,24
13,28,24,False,native,24,0.983462,0.977936,0.98694,0.009004,0.981817,0.972937,0.988647,0.965596,0.990431,24,0.991662,0.988845,0.993427,0.004582,0.990813,0.986283,0.994291,0.982497,0.995192,0.002195,24,0.002173,24,0.400391,24,0.0,24,,0,0.110147,24
13,29,24,False,native,24,0.983757,0.978046,0.986717,0.008672,0.981729,0.972134,0.987266,0.965596,0.991324,24,0.991812,0.988901,0.993314,0.004413,0.99077,0.98587,0.993592,0.982497,0.995643,0.002146,24,0.002015,24,0.400391,24,0.0,24,,0,0.110184,24
13,30,24,False,native,24,0.983092,0.976027,0.98594,0.009912,0.981579,0.97342,0.987874,0.968648,0.990877,24,0.991474,0.987868,0.99292,0.005052,0.990694,0.986531,0.9939,0.984075,0.995418,0.002139,24,0.002014,24,0.421875,24,0.0,24,0.999793,24,0.110204,24
13,31,24,False,native,24,0.984348,0.977495,0.98668,0.009186,0.982272,0.974078,0.988409,0.970397,0.989836,24,0.992112,0.988619,0.993296,0.004676,0.991048,0.986869,0.994171,0.984976,0.994892,0.002281,24,0.002302,24,0.390625,24,0.0,24,,0,0.110264,24
13,32,24,False,native,24,0.983609,0.978046,0.986717,0.008671,0.982008,0.974181,0.987222,0.969231,0.991175,24,0.991737,0.988901,0.993314,0.004413,0.990914,0.986922,0.99357,0.984375,0.995568,0.002105,24,0.002058,24,0.398438,24,0.0,24,,0,0.1103,24
13,33,24,False,native,24,0.9842,0.978303,0.987014,0.008711,0.98204,0.973508,0.988736,0.967921,0.989241,24,0.992037,0.989032,0.993465,0.004432,0.990929,0.986576,0.994336,0.983699,0.994591,0.002139,24,0.002322,24,0.390625,24,0.0,24,,0,0.110327,24
13,34,24,False,native,24,0.98494,0.978193,0.987088,0.008895,0.982473,0.974825,0.98835,0.969668,0.988795,24,0.992413,0.988976,0.993502,0.004526,0.991151,0.987252,0.994141,0.9846,0.994366,0.002119,24,0.002075,24,0.375,24,0.0,24,,0,0.110346,24
13,35,24,False,native,24,0.98457,0.977825,0.986754,0.008929,0.982414,0.973932,0.988498,0.969959,0.990728,24,0.992225,0.988788,0.993333,0.004545,0.99112,0.986794,0.994216,0.984751,0.995343,0.002136,24,0.00221,24,0.378906,24,0.0,24,,0,0.110366,24
13,36,24,False,native,24,0.984792,0.978891,0.987162,0.008271,0.982636,0.973333,0.989152,0.969522,0.990877,24,0.992338,0.989333,0.99354,0.004207,0.991233,0.986486,0.994546,0.984525,0.995418,0.002368,24,0.002351,24,0.373047,24,0.0,24,,0,0.110355,24
13,37,24,False,native,24,0.983831,0.977936,0.986829,0.008893,0.982211,0.974664,0.988216,0.969376,0.99192,24,0.991849,0.988845,0.993371,0.004526,0.991017,0.987169,0.994073,0.98445,0.995944,0.002277,24,0.002211,24,0.390625,24,0.0,24,,0,0.110364,24
13,38,24,False,native,24,0.983905,0.977238,0.987644,0.010407,0.982273,0.973787,0.988008,0.970834,0.991026,24,0.991887,0.988488,0.993784,0.005296,0.991048,0.986719,0.993968,0.985201,0.995493,0.002261,24,0.002289,24,0.394531,24,0.0,24,,0,0.110355,24
13,39,24,False,native,24,0.984274,0.979333,0.987014,0.007681,0.982675,0.974811,0.98786,0.973025,0.990877,24,0.992075,0.989558,0.993465,0.003906,0.991255,0.987245,0.993893,0.986328,0.995418,0.002173,24,0.002159,24,0.390625,24,0.0,24,,0,0.110366,24
13,40,24,False,native,24,0.983535,0.978671,0.98694,0.008269,0.982649,0.975939,0.987667,0.972733,0.98939,24,0.991699,0.98922,0.993427,0.004207,0.991242,0.987823,0.993795,0.986178,0.994666,0.002094,24,0.002321,24,0.398438,24,0.0,24,0.999796,24,0.110348,24
13,41,24,False,native,24,0.984644,0.978671,0.98631,0.007639,0.98235,0.974737,0.987385,0.970834,0.990133,24,0.992263,0.98922,0.993108,0.003887,0.991089,0.987207,0.993652,0.985201,0.995042,0.002156,24,0.002154,24,0.384766,24,0.0,24,,0,0.110321,24
13,42,24,False,native,24,0.9842,0.977642,0.986051,0.008409,0.982252,0.973479,0.988572,0.97171,0.990282,24,0.992037,0.988694,0.992976,0.004282,0.991039,0.986561,0.994253,0.985652,0.995117,0.002137,24,0.002336,24,0.396484,24,0.0,24,,0,0.11029,24
13,43,24,False,native,24,0.984126,0.980071,0.987385,0.007314,0.982928,0.975118,0.988661,0.972587,0.990431,24,0.992,0.989934,0.993652,0.003718,0.991383,0.987402,0.994298,0.986103,0.995192,0.002228,24,0.002157,24,0.386719,24,0.0,24,,0,0.110283,24
13,44,24,False,native,24,0.983831,0.978818,0.986903,0.008085,0.982527,0.974811,0.987459,0.973025,0.989984,24,0.991849,0.989295,0.993408,0.004113,0.99118,0.987245,0.99369,0.986328,0.994967,0.002087,24,0.002214,24,0.376953,24,0.0,24,,0,0.110222,24
13,45,24,False,native,24,0.983314,0.978892,0.986495,0.007604,0.982231,0.973522,0.98939,0.970251,0.99192,24,0.991587,0.989333,0.993202,0.003869,0.991026,0.986584,0.994666,0.984901,0.995944,0.002127,24,0.002218,24,0.414062,24,0.0,24,,0,0.11015,24
13,46,24,False,native,24,0.982723,0.979039,0.98668,0.007641,0.982212,0.973669,0.989702,0.969668,0.990877,24,0.991286,0.989408,0.993296,0.003887,0.991017,0.986659,0.994824,0.9846,0.995418,0.002042,24,0.002251,24,0.421875,24,0.0,24,,0,0.109989,24
13,47,24,False,native,24,0.982649,0.979297,0.98694,0.007643,0.982194,0.973625,0.989464,0.969085,0.992069,24,0.991248,0.98954,0.993427,0.003887,0.991007,0.986636,0.994704,0.9843,0.996019,0.002183,24,0.002152,24,0.417969,24,0.0,24,,0,0.109731,24
13,48,24,False,native,24,0.982944,0.978009,0.987941,0.009932,0.982551,0.973639,0.989152,0.968648,0.993113,24,0.991399,0.988882,0.993934,0.005052,0.991189,0.986644,0.994546,0.984075,0.996544,0.00209,24,0.002201,24,0.404297,24,0.0,24,,0,0.109309,24
13,49,24,False,native,24,0.983166,0.980216,0.98694,0.006724,0.983371,0.975778,0.989984,0.971856,0.992367,24,0.991511,0.990009,0.993427,0.003418,0.991608,0.98774,0.994967,0.985727,0.996169,0.002229,24,0.002185,24,0.412109,24,0.0,24,,0,0.108603,24
14,0,24,False,native,24,0.970616,0.965161,0.97599,0.010829,0.970832,0.962525,0.979332,0.960963,0.983461,24,0.985089,0.982272,0.987849,0.005578,0.985189,0.980904,0.989558,0.980093,0.991662,0.00151,24,0.00161,24,0.632812,24,0.0,24,0.99979,24,0.108484,24
14,1,24,False,native,24,0.9712,0.966649,0.976614,0.009965,0.971256,0.963074,0.978744,0.958799,0.98169,24,0.985389,0.983042,0.988169,0.005127,0.985408,0.98119,0.989258,0.978966,0.99076,0.001479,24,0.001502,24,0.625,24,0.0,24,,0,0.109046,24
14,2,24,False,native,24,0.973244,0.968066,0.975148,0.007081,0.972568,0.965118,0.980393,0.958799,0.984644,24,0.986441,0.983774,0.987417,0.003643,0.986084,0.982249,0.990099,0.978966,0.992263,0.001519,24,0.001385,24,0.595703,24,0.0,24,,0,0.109022,24
14,3,24,False,native,24,0.972879,0.969267,0.976467,0.0072,0.973038,0.964482,0.981926,0.962553,0.984348,24,0.986253,0.984394,0.988093,0.0037,0.986325,0.981919,0.99088,0.980919,0.992112,0.001489,24,0.001464,24,0.59375,24,0.0,24,,0,0.109041,24
14,4,24,False,native,24,0.973903,0.970178,0.976394,0.006216,0.973852,0.966656,0.981661,0.962698,0.98568,24,0.986779,0.984863,0.988056,0.003193,0.986744,0.983045,0.990745,0.980995,0.992788,0.001523,24,0.001498,24,0.583984,24,0.0,24,,0,0.109032,24
14,5,24,False,native,24,0.973756,0.970506,0.977752,0.007246,0.973733,0.966279,0.981277,0.960097,0.984348,24,0.986704,0.985032,0.988751,0.003718,0.986682,0.98285,0.99055,0.979642,0.992112,0.001551,24,0.001525,24,0.574219,24,0.0,24,,0,0.10915,24
14,6,24,False,native,24,0.975514,0.97255,0.977752,0.005201,0.974987,0.968605,0.980172,0.961686,0.985088,24,0.987605,0.986084,0.988751,0.002667,0.987327,0.984052,0.989986,0.980469,0.992488,0.001552,24,0.00154,24,0.541016,24,0.0,24,,0,0.109273,24
14,7,24,False,native,24,0.976907,0.970871,0.978781,0.00791,0.97484,0.968197,0.982546,0.958223,0.983905,24,0.988319,0.98522,0.989277,0.004056,0.987248,0.983842,0.991196,0.978666,0.991887,0.001657,24,0.001689,24,0.533203,24,0.0,24,,0,0.109306,24
14,8,24,False,native,24,0.976981,0.973756,0.9797,0.005944,0.975402,0.968372,0.981247,0.959376,0.983018,24,0.988356,0.986704,0.989746,0.003042,0.987539,0.983932,0.990535,0.979267,0.991436,0.001622,24,0.001682,24,0.537109,24,0.0,24,,0,0.109323,24
14,9,24,False,native,24,0.975001,0.97372,0.979222,0.005502,0.975086,0.96948,0.979789,0.957647,0.985828,24,0.987342,0.986685,0.989502,0.002817,0.987377,0.984503,0.989791,0.978365,0.992864,0.001632,24,0.001616,24,0.5625,24,0.0,24,,0,0.109308,24
14,10,24,False,native,24,0.977495,0.973427,0.978707,0.00528,0.975573,0.969289,0.980378,0.958511,0.98494,24,0.988619,0.986535,0.989239,0.002704,0.987627,0.984405,0.990092,0.978816,0.992413,0.001566,24,0.001665,24,0.515625,24,0.0,24,0.999835,24,0.109266,24
14,11,24,False,native,24,0.977348,0.975369,0.979185,0.003816,0.976201,0.966629,0.98197,0.964581,0.984052,24,0.988544,0.98753,0.989483,0.001953,0.987949,0.98303,0.990903,0.981971,0.991962,0.001646,24,0.00157,24,0.515625,24,0.0,24,,0,0.109285,24
14,12,24,False,native,24,0.977862,0.974635,0.978854,0.004219,0.976353,0.968445,0.982265,0.964581,0.98494,24,0.988807,0.987154,0.989314,0.00216,0.988028,0.983969,0.991053,0.981971,0.992413,0.001627,24,0.001615,24,0.529297,24,0.0,24,,0,0.109263,24
14,13,24,False,native,24,0.976981,0.97383,0.980363,0.006533,0.976445,0.967892,0.98228,0.966032,0.985236,24,0.988356,0.986741,0.990084,0.003343,0.988075,0.983684,0.991061,0.982722,0.992563,0.001604,24,0.001615,24,0.521484,24,0.0,24,,0,0.109231,24
14,14,24,False,native,24,0.977935,0.973903,0.981837,0.007934,0.976875,0.968721,0.983121,0.963132,0.985532,24,0.988845,0.986779,0.990835,0.004056,0.988294,0.984112,0.991489,0.98122,0.992713,0.001639,24,0.001733,24,0.53125,24,0.0,24,,0,0.109199,24
14,15,24,False,native,24,0.977862,0.974196,0.980216,0.00602,0.976688,0.968212,0.982457,0.967048,0.984792,24,0.988807,0.986929,0.990009,0.00308,0.9882,0.983849,0.991151,0.983248,0.992338,0.001816,24,0.001559,24,0.523438,24,0.0,24,,0,0.109224,24
14,16,24,False,native,24,0.979185,0.975001,0.981432,0.006431,0.977428,0.969683,0.982501,0.965596,0.984644,24,0.989483,0.987342,0.990629,0.003287,0.988579,0.984608,0.991173,0.982497,0.992263,0.001695,24,0.001781,24,0.488281,24,0.0,24,,0,0.1092,24
14,17,24,False,native,24,0.978082,0.974891,0.980879,0.005987,0.976887,0.970485,0.981645,0.966322,0.982427,24,0.98892,0.987286,0.990347,0.003061,0.988303,0.985021,0.990738,0.982873,0.991136,0.001631,24,0.001792,24,0.511719,24,0.0,24,,0,0.109173,24
14,18,24,False,native,24,0.978229,0.974415,0.980437,0.006022,0.977248,0.97044,0.981808,0.967048,0.984792,24,0.988995,0.987042,0.990122,0.00308,0.988488,0.984998,0.99082,0.983248,0.992338,0.001739,24,0.001686,24,0.507812,24,0.0,24,,0,0.109139,24
14,19,24,False,native,24,0.97867,0.975404,0.9804,0.004996,0.9772,0.969318,0.981896,0.966903,0.9842,24,0.98922,0.987549,0.990103,0.002554,0.988463,0.98442,0.990865,0.983173,0.992037,0.001715,24,0.001671,24,0.513672,24,0.0,24,,0,0.109112,24
14,20,24,False,native,24,0.978376,0.975148,0.981284,0.006136,0.977458,0.970222,0.982693,0.966322,0.985532,24,0.98907,0.987417,0.990554,0.003136,0.988594,0.984886,0.991271,0.982873,0.992713,0.001712,24,0.001711,24,0.490234,24,0.0,24,0.999829,24,0.109085,24
14,21,24,False,native,24,0.978744,0.973244,0.98051,0.007266,0.977417,0.969377,0.983344,0.967194,0.986717,24,0.989258,0.986441,0.990159,0.003718,0.988572,0.98445,0.991602,0.983323,0.993314,0.001759,24,0.001699,24,0.498047,24,0.0,24,,0,0.109032,24
14,22,24,False,native,24,0.977715,0.974562,0.98121,0.006649,0.977439,0.971885,0.982974,0.966612,0.985236,24,0.988732,0.987117,0.990516,0.003399,0.988585,0.985742,0.991414,0.983023,0.992563,0.001687,24,0.001615,24,0.511719,24,0.0,24,,0,0.109016,24
14,23,24,False,native,24,0.977862,0.974598,0.980658,0.00606,0.977286,0.972134,0.982915,0.964871,0.985384,24,0.988807,0.987136,0.990234,0.003099,0.988507,0.98587,0.991384,0.982121,0.992638,0.001631,24,0.001641,24,0.533203,24,0.0,24,,0,0.108994,24
14,24,24,False,native,24,0.978744,0.974049,0.98121,0.007161,0.97761,0.969697,0.982929,0.967921,0.984052,24,0.989258,0.986854,0.990516,0.003662,0.988673,0.984615,0.991391,0.983699,0.991962,0.001625,24,0.001853,24,0.503906,24,0.0,24,,0,0.108973,24
14,25,24,False,native,24,0.977715,0.973537,0.981026,0.007489,0.977185,0.971009,0.982147,0.964001,0.985976,24,0.988732,0.986591,0.990422,0.003831,0.988453,0.985291,0.990993,0.981671,0.992939,0.001663,24,0.001676,24,0.519531,24,0.0,24,,0,0.108986,24
14,26,24,False,native,24,0.977715,0.973866,0.980437,0.006571,0.977306,0.972879,0.983136,0.964146,0.985236,24,0.988732,0.98676,0.990122,0.003362,0.988516,0.986253,0.991496,0.981746,0.992563,0.001651,24,0.001735,24,0.513672,24,0.0,24,,0,0.108943,24
14,27,24,False,native,24,0.977421,0.975148,0.980879,0.005731,0.977456,0.97209,0.98225,0.966467,0.986569,24,0.988582,0.987417,0.990347,0.00293,0.988594,0.985847,0.991046,0.982948,0.993239,0.001684,24,0.001739,24,0.521484,24,0.0,24,,0,0.108942,24
14,28,24,False,native,24,0.979038,0.975917,0.98029,0.004373,0.977604,0.972791,0.98194,0.965161,0.984792,24,0.989408,0.987812,0.990047,0.002235,0.988669,0.986208,0.990888,0.982272,0.992338,0.001711,24,0.001744,24,0.498047,24,0.0,24,,0,0.108932,24
14,29,24,False,native,24,0.978376,0.975257,0.980952,0.005695,0.977622,0.973186,0.982191,0.966612,0.985088,24,0.98907,0.987474,0.990385,0.002911,0.988679,0.986411,0.991016,0.983023,0.992488,0.001734,24,0.001726,24,0.498047,24,0.0,24,,0,0.10895,24
14,30,24,False,native,24,0.979553,0.974488,0.980952,0.006464,0.977999,0.971739,0.982634,0.966177,0.988201,24,0.989671,0.987079,0.990385,0.003305,0.98887,0.985667,0.991241,0.982797,0.994066,0.001699,24,0.001707,24,0.476562,24,0.0,24,0.999826,24,0.108931,24
14,31,24,False,native,24,0.979332,0.975697,0.980842,0.005145,0.977782,0.973025,0.981999,0.965596,0.987311,24,0.989558,0.987699,0.990328,0.002629,0.98876,0.986328,0.990918,0.982497,0.993615,0.001772,24,0.001641,24,0.492188,24,0.0,24,,0,0.108922,24
14,32,24,False,native,24,0.978376,0.975477,0.980363,0.004886,0.977544,0.972996,0.981395,0.965016,0.986866,24,0.98907,0.987586,0.990084,0.002498,0.988638,0.986313,0.99061,0.982197,0.993389,0.001638,24,0.001665,24,0.507812,24,0.0,24,,0,0.108953,24
14,33,24,False,native,24,0.979332,0.97599,0.980142,0.004152,0.977769,0.973391,0.982383,0.965451,0.98568,24,0.989558,0.987849,0.989971,0.002122,0.988754,0.986516,0.991113,0.982422,0.992788,0.001688,24,0.001665,24,0.503906,24,0.0,24,,0,0.108975,24
14,34,24,False,native,24,0.978523,0.97577,0.98029,0.004519,0.977891,0.974547,0.982354,0.964581,0.986125,24,0.989145,0.987737,0.990047,0.00231,0.988816,0.987109,0.991098,0.981971,0.993014,0.001574,24,0.001615,24,0.509766,24,0.0,24,,0,0.109029,24
14,35,24,False,native,24,0.97867,0.976687,0.980363,0.003676,0.978026,0.973377,0.98169,0.964001,0.987904,24,0.98922,0.988206,0.990084,0.001878,0.988885,0.986508,0.99076,0.981671,0.993915,0.001704,24,0.001737,24,0.494141,24,0.0,24,,0,0.109051,24
14,36,24,False,native,24,0.978303,0.975147,0.981432,0.006284,0.977924,0.973844,0.981999,0.965161,0.987607,24,0.989032,0.987417,0.990629,0.003211,0.988832,0.986749,0.990918,0.982272,0.993765,0.00168,24,0.00172,24,0.494141,24,0.0,24,,0,0.10914,24
14,37,24,False,native,24,0.979185,0.97632,0.980731,0.004411,0.978296,0.974283,0.981675,0.965306,0.987607,24,0.989483,0.988018,0.990272,0.002254,0.989023,0.986974,0.990753,0.982347,0.993765,0.001607,24,0.001712,24,0.484375,24,0.0,24,,0,0.109216,24
14,38,24,False,native,24,0.978891,0.977568,0.980253,0.002684,0.978423,0.975851,0.98225,0.965886,0.986569,24,0.989333,0.988657,0.990028,0.001371,0.989089,0.987778,0.991046,0.982647,0.993239,0.001655,24,0.001745,24,0.496094,24,0.0,24,,0,0.10931,24
14,39,24,False,native,24,0.979112,0.974928,0.980363,0.005435,0.978008,0.973142,0.981011,0.966467,0.987311,24,0.989446,0.987305,0.990084,0.002779,0.988876,0.986388,0.990415,0.982948,0.993615,0.001702,24,0.001703,24,0.476562,24,0.0,24,,0,0.109398,24
14,40,24,False,native,24,0.978744,0.976431,0.980363,0.003932,0.977747,0.974532,0.982118,0.963422,0.987607,24,0.989258,0.988075,0.990084,0.002009,0.988741,0.987102,0.990978,0.98137,0.993765,0.001622,24,0.001661,24,0.507812,24,0.0,24,0.999816,24,0.109409,24
14,41,24,False,native,24,0.979185,0.976504,0.980805,0.004301,0.978335,0.974489,0.981837,0.964726,0.98835,24,0.989483,0.988112,0.990309,0.002197,0.989042,0.987079,0.990835,0.982046,0.994141,0.001685,24,0.001662,24,0.496094,24,0.0,24,,0,0.109435,24
14,42,24,False,native,24,0.9797,0.975954,0.980989,0.005036,0.978374,0.974269,0.982841,0.962988,0.987311,24,0.989746,0.987831,0.990403,0.002573,0.989061,0.986967,0.991346,0.981145,0.993615,0.001657,24,0.001659,24,0.482422,24,0.0,24,,0,0.109463,24
14,43,24,False,native,24,0.979038,0.976871,0.980805,0.003934,0.978293,0.972937,0.982693,0.964581,0.988498,24,0.989408,0.9883,0.990309,0.002009,0.98902,0.986283,0.991271,0.981971,0.994216,0.001654,24,0.001671,24,0.498047,24,0.0,24,,0,0.109469,24
14,44,24,False,native,24,0.97948,0.976908,0.980694,0.003787,0.978223,0.972485,0.981645,0.965741,0.987607,24,0.989633,0.988319,0.990253,0.001934,0.988986,0.98605,0.990738,0.982572,0.993765,0.001771,24,0.001696,24,0.490234,24,0.0,24,,0,0.109595,24
14,45,24,False,native,24,0.978523,0.977128,0.981247,0.00412,0.978437,0.972733,0.983018,0.967048,0.987014,24,0.989145,0.988431,0.990535,0.002103,0.989095,0.986178,0.991436,0.983248,0.993465,0.00179,24,0.001754,24,0.496094,24,0.0,24,,0,0.109715,24
14,46,24,False,native,24,0.979995,0.977054,0.980547,0.003493,0.978654,0.971447,0.983993,0.966322,0.98835,24,0.989896,0.988394,0.990178,0.001784,0.989205,0.985517,0.991932,0.982873,0.994141,0.001801,24,0.001754,24,0.472656,24,0.0,24,,0,0.109836,24
14,47,24,False,native,24,0.978376,0.977531,0.980289,0.002758,0.978681,0.973522,0.983964,0.968503,0.988053,24,0.98907,0.988638,0.990047,0.001409,0.98922,0.986584,0.991917,0.983999,0.99399,0.001797,24,0.00174,24,0.501953,24,0.0,24,,0,0.110045,24
14,48,24,False,native,24,0.978376,0.976834,0.981395,0.004561,0.978352,0.972411,0.984807,0.963856,0.989241,24,0.98907,0.988281,0.99061,0.002329,0.989048,0.986013,0.992345,0.981596,0.994591,0.001666,24,0.001754,24,0.507812,24,0.0,24,,0,0.110104,24
14,49,24,False,native,24,0.97867,0.975807,0.981174,0.005366,0.978181,0.972017,0.984112,0.962698,0.990282,24,0.98922,0.987755,0.990497,0.002742,0.98896,0.98581,0.991992,0.980995,0.995117,0.001821,24,0.00191,24,0.496094,24,0.0,24,,0,0.109773,24
15,0,24,False,native,24,0.967412,0.964436,0.973427,0.008991,0.967402,0.958238,0.974737,0.955059,0.976394,24,0.983436,0.981896,0.986535,0.004639,0.98342,0.978673,0.987207,0.977013,0.988056,0.001425,24,0.001466,24,0.666016,24,0.0,24,0.999636,24,0.10804,24
15,1,24,False,native,24,0.970834,0.9623,0.974305,0.012005,0.968218,0.956237,0.977877,0.945061,0.981837,24,0.985201,0.980788,0.986985,0.006197,0.98383,0.977629,0.988815,0.971755,0.990835,0.001509,24,0.001569,24,0.619141,24,0.0,24,,0,0.108587,24
15,2,24,False,native,24,0.96996,0.963965,0.976211,0.012246,0.970464,0.960603,0.983417,0.949619,0.98568,24,0.984751,0.981652,0.987962,0.00631,0.984988,0.979905,0.991639,0.974159,0.992788,0.001527,24,0.0015,24,0.644531,24,0.0,24,,0,0.108059,24
15,3,24,False,native,24,0.968576,0.962301,0.977311,0.01501,0.969807,0.957417,0.985769,0.952479,0.988498,24,0.984037,0.980788,0.988525,0.007737,0.984644,0.978245,0.992834,0.975661,0.994216,0.001541,24,0.001361,24,0.683594,24,0.0,24,,0,0.108185,24
15,4,24,False,native,24,0.970907,0.96035,0.979554,0.019204,0.970498,0.958799,0.986421,0.947338,0.988053,24,0.985239,0.979774,0.989671,0.009897,0.984995,0.978966,0.993164,0.972957,0.99399,0.001465,24,0.001458,24,0.626953,24,0.0,24,,0,0.108063,24
15,5,24,False,native,24,0.972441,0.961361,0.979223,0.017862,0.971567,0.956942,0.988157,0.950333,0.989241,24,0.986028,0.9803,0.989502,0.009202,0.985546,0.977997,0.994043,0.974534,0.994591,0.001614,24,0.001519,24,0.607422,24,0.0,24,,0,0.108086,24
15,6,24,False,native,24,0.971345,0.959989,0.978599,0.01861,0.970893,0.955736,0.987578,0.948478,0.989836,24,0.985464,0.979586,0.989183,0.009597,0.985195,0.977366,0.99375,0.973558,0.994892,0.001606,24,0.00153,24,0.625,24,0.0,24,,0,0.107996,24
15,7,24,False,native,24,0.973391,0.959124,0.979703,0.020579,0.971211,0.953668,0.989732,0.949476,0.991175,24,0.986516,0.979135,0.989746,0.010611,0.985352,0.976285,0.994839,0.974084,0.995568,0.001516,24,0.001542,24,0.595703,24,0.0,24,,0,0.107989,24
15,8,24,False,native,24,0.974342,0.962084,0.978965,0.01688,0.972319,0.954457,0.988632,0.950762,0.990728,24,0.987004,0.980675,0.98937,0.008695,0.985927,0.976698,0.994283,0.97476,0.995343,0.001696,24,0.00154,24,0.560547,24,0.0,24,,0,0.107987,24
15,9,24,False,native,24,0.975368,0.962554,0.980181,0.017627,0.972799,0.954414,0.988751,0.952622,0.991175,24,0.98753,0.980919,0.98999,0.009071,0.986175,0.976675,0.994343,0.975736,0.995568,0.001647,24,0.001737,24,0.548828,24,0.0,24,,0,0.107985,24
15,10,24,False,native,24,0.974635,0.962482,0.981837,0.019355,0.972473,0.955476,0.987919,0.945346,0.990877,24,0.987154,0.980882,0.990835,0.009953,0.986003,0.977231,0.993923,0.971905,0.995418,0.001726,24,0.001758,24,0.578125,24,0.0,24,0.999766,24,0.107931,24
15,11,24,False,native,24,0.975587,0.963497,0.98099,0.017493,0.973082,0.956785,0.987726,0.945346,0.991771,24,0.987643,0.981408,0.990403,0.008996,0.986319,0.977915,0.993825,0.971905,0.995868,0.001744,24,0.001756,24,0.556641,24,0.0,24,,0,0.10788,24
15,12,24,False,native,24,0.976761,0.965199,0.980769,0.01557,0.974175,0.958223,0.989465,0.949476,0.991026,24,0.988244,0.98229,0.990291,0.008,0.986882,0.978666,0.994704,0.974084,0.995493,0.001857,24,0.001762,24,0.529297,24,0.0,24,,0,0.107841,24
15,13,24,False,native,24,0.978156,0.964037,0.983018,0.018981,0.974532,0.95978,0.98743,0.952765,0.990133,24,0.988957,0.981689,0.991436,0.009747,0.98707,0.979477,0.993675,0.975811,0.995042,0.001773,24,0.001875,24,0.517578,24,0.0,24,,0,0.107761,24
15,14,24,False,native,24,0.977201,0.962337,0.982503,0.020165,0.973964,0.958771,0.988275,0.949619,0.989984,24,0.988469,0.980807,0.991173,0.010367,0.986773,0.978951,0.994103,0.974159,0.994967,0.001876,24,0.001975,24,0.513672,24,0.0,24,,0,0.107664,24
15,15,24,False,native,24,0.978009,0.96498,0.982318,0.017338,0.974726,0.958902,0.986703,0.949619,0.991175,24,0.988882,0.982178,0.991079,0.008902,0.987167,0.979019,0.993307,0.974159,0.995568,0.001764,24,0.001887,24,0.507812,24,0.0,24,,0,0.107619,24
15,16,24,False,native,24,0.978597,0.964001,0.981506,0.017505,0.974567,0.959218,0.986984,0.951048,0.991473,24,0.989183,0.981671,0.990666,0.008996,0.987086,0.979184,0.99345,0.97491,0.995718,0.001909,24,0.001806,24,0.498047,24,0.0,24,,0,0.107563,24
15,17,24,False,native,24,0.978817,0.964798,0.980585,0.015786,0.974775,0.959566,0.986777,0.95019,0.991622,24,0.989295,0.982084,0.990197,0.008113,0.987195,0.979364,0.993344,0.974459,0.995793,0.001866,24,0.001921,24,0.490234,24,0.0,24,,0,0.107514,24
15,18,24,False,native,24,0.978817,0.966141,0.981542,0.015402,0.975029,0.960517,0.988275,0.949048,0.990282,24,0.989295,0.982779,0.990685,0.007906,0.987323,0.97986,0.994103,0.973858,0.995117,0.001949,24,0.001971,24,0.490234,24,0.0,24,,0,0.107486,24
15,19,24,False,native,24,0.9797,0.965778,0.9811,0.015322,0.975243,0.96215,0.986643,0.950333,0.988795,24,0.989746,0.982591,0.99046,0.007869,0.987439,0.980709,0.993277,0.974534,0.994366,0.002021,24,0.001933,24,0.492188,24,0.0,24,,0,0.107468,24
15,20,24,False,native,24,0.979332,0.967739,0.9811,0.013361,0.975481,0.961368,0.987637,0.953912,0.988647,24,0.989558,0.983605,0.99046,0.006855,0.987561,0.980303,0.99378,0.976412,0.994291,0.002077,24,0.001852,24,0.494141,24,0.0,24,0.999777,24,0.107444,24
15,21,24,False,native,24,0.979848,0.965161,0.980916,0.015755,0.975376,0.960992,0.986481,0.95664,0.989241,24,0.989821,0.982272,0.990366,0.008094,0.987508,0.980108,0.993194,0.97784,0.994591,0.001995,24,0.001823,24,0.482422,24,0.0,24,,0,0.107391,24
15,22,24,False,native,24,0.979259,0.967848,0.981063,0.013215,0.975714,0.964769,0.986629,0.952765,0.988647,24,0.989521,0.983661,0.990441,0.00678,0.987683,0.982069,0.993269,0.975811,0.994291,0.001932,24,0.001845,24,0.482422,24,0.0,24,,0,0.107358,24
15,23,24,False,native,24,0.980216,0.965959,0.981874,0.015915,0.975655,0.962394,0.987578,0.952479,0.988053,24,0.990009,0.982685,0.990854,0.008169,0.987649,0.980837,0.99375,0.975661,0.99399,0.002043,24,0.001976,24,0.472656,24,0.0,24,,0,0.107277,24
15,24,24,False,native,24,0.979774,0.968867,0.980989,0.012122,0.975636,0.960661,0.986673,0.953625,0.98939,24,0.989784,0.984187,0.990403,0.006216,0.987643,0.979935,0.993292,0.976262,0.994666,0.002059,24,0.002052,24,0.46875,24,0.0,24,,0,0.107251,24
15,25,24,False,native,24,0.9797,0.967121,0.981837,0.014716,0.97574,0.963133,0.986984,0.954916,0.987904,24,0.989746,0.983286,0.990835,0.00755,0.987696,0.98122,0.99345,0.976938,0.993915,0.001999,24,0.001965,24,0.472656,24,0.0,24,,0,0.107185,24
15,26,24,False,native,24,0.980068,0.969341,0.981653,0.012312,0.97641,0.965204,0.985799,0.956352,0.987756,24,0.989934,0.984431,0.990741,0.00631,0.988043,0.982294,0.992849,0.977689,0.99384,0.002039,24,0.001947,24,0.470703,24,0.0,24,,0,0.107123,24
15,27,24,False,native,24,0.978965,0.968685,0.9818,0.013116,0.976259,0.964856,0.986228,0.954629,0.989836,24,0.98937,0.984093,0.990817,0.006723,0.987965,0.982114,0.993066,0.976788,0.994892,0.001881,24,0.002023,24,0.478516,24,0.0,24,,0,0.107088,24
15,28,24,False,native,24,0.979774,0.970252,0.982132,0.011881,0.976887,0.965785,0.985295,0.960097,0.988795,24,0.989784,0.984901,0.990986,0.006085,0.988291,0.982595,0.992593,0.979642,0.994366,0.001966,24,0.001914,24,0.478516,24,0.0,24,,0,0.107018,24
15,29,24,False,native,24,0.979627,0.969887,0.980879,0.010992,0.976514,0.964292,0.986244,0.958367,0.98939,24,0.989709,0.984713,0.990347,0.005634,0.9881,0.981821,0.993074,0.978741,0.994666,0.001939,24,0.001868,24,0.478516,24,0.0,24,,0,0.106913,24
15,30,24,False,native,24,0.979921,0.969449,0.981985,0.012535,0.977076,0.966366,0.984985,0.962553,0.988053,24,0.989859,0.984488,0.99091,0.006423,0.988391,0.982895,0.992435,0.980919,0.99399,0.002092,24,0.001888,24,0.474609,24,0.0,24,0.999775,24,0.106815,24
15,31,24,False,native,24,0.979259,0.971017,0.981948,0.010931,0.976561,0.964265,0.984423,0.958511,0.987756,24,0.989521,0.985295,0.990892,0.005596,0.988125,0.981806,0.99215,0.978816,0.99384,0.001985,24,0.002135,24,0.484375,24,0.0,24,,0,0.106715,24
15,32,24,False,native,24,0.979627,0.969777,0.98228,0.012502,0.976442,0.963134,0.984807,0.958367,0.987904,24,0.989709,0.984657,0.991061,0.006404,0.988062,0.98122,0.992345,0.978741,0.993915,0.002017,24,0.001913,24,0.484375,24,0.0,24,,0,0.106653,24
15,33,24,False,native,24,0.97948,0.96996,0.982354,0.012394,0.976864,0.965538,0.983018,0.961975,0.989538,24,0.989633,0.984751,0.991098,0.006348,0.988281,0.982467,0.991436,0.980619,0.994742,0.002116,24,0.001997,24,0.478516,24,0.0,24,,0,0.106596,24
15,34,24,False,native,24,0.978523,0.970944,0.980952,0.010008,0.976784,0.96699,0.983328,0.962843,0.989092,24,0.989145,0.985258,0.990385,0.005127,0.988244,0.983218,0.991594,0.98107,0.994516,0.002055,24,0.002067,24,0.507812,24,0.0,24,,0,0.106521,24
15,35,24,False,native,24,0.977497,0.969376,0.982022,0.012645,0.976006,0.964712,0.983373,0.961397,0.986569,24,0.988619,0.98445,0.990929,0.006479,0.987843,0.982039,0.991617,0.980319,0.993239,0.002064,24,0.002033,24,0.527344,24,0.0,24,,0,0.106448,24
15,36,24,False,native,24,0.976688,0.970324,0.981432,0.011108,0.976655,0.967935,0.983624,0.963422,0.989538,24,0.988206,0.984938,0.990629,0.00569,0.988178,0.983706,0.991744,0.98137,0.994742,0.002069,24,0.001978,24,0.527344,24,0.0,24,,0,0.106351,24
15,37,24,False,native,24,0.977568,0.972295,0.981247,0.008952,0.976186,0.965349,0.98194,0.962988,0.988498,24,0.988657,0.985953,0.990535,0.004582,0.987937,0.982369,0.990888,0.981145,0.994216,0.002087,24,0.001922,24,0.53125,24,0.0,24,,0,0.106323,24
15,38,24,False,native,24,0.977568,0.972624,0.981763,0.009139,0.976643,0.965684,0.982236,0.964436,0.988201,24,0.988657,0.986122,0.990798,0.004676,0.988172,0.982542,0.991038,0.981896,0.994066,0.001999,24,0.002043,24,0.517578,24,0.0,24,,0,0.106256,24
15,39,24,False,native,24,0.977277,0.971931,0.9811,0.009169,0.976009,0.966656,0.982191,0.96183,0.987904,24,0.988507,0.985765,0.99046,0.004695,0.987846,0.983045,0.991016,0.980544,0.993915,0.002003,24,0.00202,24,0.511719,24,0.0,24,,0,0.106136,24
15,40,24,False,native,24,0.977642,0.972112,0.981542,0.00943,0.976705,0.968634,0.984541,0.961541,0.987607,24,0.988694,0.985859,0.990685,0.004826,0.988203,0.984067,0.99221,0.980394,0.993765,0.001908,24,0.00209,24,0.515625,24,0.0,24,0.999794,24,0.106107,24
15,41,24,False,native,24,0.977935,0.972039,0.982317,0.010278,0.976923,0.967893,0.982929,0.961975,0.987162,24,0.988845,0.985821,0.991079,0.005258,0.988316,0.983684,0.991391,0.980619,0.99354,0.001899,24,0.001923,24,0.5,24,0.0,24,,0,0.106053,24
15,42,24,False,native,24,0.976101,0.972075,0.982427,0.010352,0.976894,0.970645,0.985103,0.961686,0.98835,24,0.987906,0.98584,0.991136,0.005296,0.9883,0.985104,0.992495,0.980469,0.994141,0.00192,24,0.001959,24,0.533203,24,0.0,24,,0,0.106032,24
15,43,24,False,native,24,0.977569,0.971929,0.981174,0.009244,0.976555,0.969755,0.98324,0.964291,0.989241,24,0.988657,0.985765,0.990497,0.004733,0.988128,0.984645,0.991549,0.981821,0.994591,0.001891,24,0.001827,24,0.529297,24,0.0,24,,0,0.106088,24
15,44,24,False,native,24,0.977716,0.97047,0.982317,0.011847,0.976567,0.968983,0.98423,0.961975,0.988944,24,0.988732,0.985014,0.991079,0.006066,0.988131,0.984247,0.992052,0.980619,0.994441,0.001889,24,0.00176,24,0.513672,24,0.0,24,,0,0.106108,24
15,45,24,False,native,24,0.976835,0.971272,0.980879,0.009607,0.976307,0.969581,0.98494,0.962988,0.988498,24,0.988281,0.985427,0.990347,0.00492,0.988,0.984555,0.992413,0.981145,0.994216,0.00183,24,0.001682,24,0.525391,24,0.0,24,,0,0.106195,24
15,46,24,False,native,24,0.977568,0.970652,0.98121,0.010559,0.976321,0.968503,0.984452,0.96183,0.988647,24,0.988657,0.985107,0.990516,0.005409,0.988006,0.983999,0.992165,0.980544,0.994291,0.001799,24,0.00178,24,0.521484,24,0.0,24,,0,0.106293,24
15,47,24,False,native,24,0.976614,0.969704,0.982169,0.012465,0.976112,0.968692,0.984008,0.961686,0.988498,24,0.988169,0.984619,0.991004,0.006385,0.987899,0.984097,0.99194,0.980469,0.994216,0.001826,24,0.001709,24,0.511719,24,0.0,24,,0,0.106466,24
15,48,24,False,native,24,0.976027,0.969887,0.981065,0.011178,0.976042,0.96654,0.985784,0.963567,0.988944,24,0.987868,0.984713,0.990441,0.005728,0.987862,0.982985,0.992841,0.981445,0.994441,0.001709,24,0.001711,24,0.525391,24,0.0,24,,0,0.106626,24
15,49,24,False,native,24,0.974562,0.968758,0.981137,0.01238,0.975879,0.966758,0.986925,0.966322,0.989836,24,0.987117,0.984131,0.990479,0.006348,0.987777,0.983098,0.993419,0.982873,0.994892,0.001784,24,0.001647,24,0.5625,24,0.0,24,,0,0.10681,24
16,0,24,False,native,24,0.969449,0.960025,0.976981,0.016956,0.9678,0.957345,0.979568,0.946483,0.981542,24,0.984488,0.979605,0.988356,0.008752,0.983611,0.978208,0.989678,0.972506,0.990685,0.001553,24,0.001686,24,0.664062,24,0.0,24,0.999689,24,0.108138,24
16,1,24,False,native,24,0.970397,0.956137,0.977605,0.021468,0.9677,0.953855,0.979833,0.95162,0.981985,24,0.984976,0.977577,0.988676,0.011099,0.983558,0.976382,0.989814,0.97521,0.99091,0.001519,24,0.001594,24,0.646484,24,0.0,24,,0,0.108744,24
16,2,24,False,native,24,0.968943,0.958511,0.9797,0.021189,0.96908,0.955907,0.98386,0.951477,0.986273,24,0.984225,0.978816,0.989746,0.01093,0.984262,0.977456,0.991864,0.975135,0.993089,0.00144,24,0.001435,24,0.636719,24,0.0,24,,0,0.108465,24
16,3,24,False,native,24,0.968214,0.959881,0.981026,0.021146,0.969406,0.95417,0.985517,0.950476,0.986421,24,0.983849,0.97953,0.990422,0.010892,0.984428,0.976547,0.992706,0.974609,0.993164,0.001435,24,0.001398,24,0.650391,24,0.0,24,,0,0.108828,24
16,4,24,False,native,24,0.968067,0.958764,0.978193,0.019429,0.968991,0.953254,0.985399,0.94805,0.986717,24,0.983774,0.978948,0.988976,0.010029,0.984215,0.976067,0.992646,0.973332,0.993314,0.001325,24,0.001386,24,0.652344,24,0.0,24,,0,0.108756,24
16,5,24,False,native,24,0.969086,0.960892,0.979259,0.018367,0.969783,0.95427,0.986391,0.94862,0.987014,24,0.9843,0.980056,0.989521,0.009465,0.984622,0.9766,0.993149,0.973633,0.993465,0.001537,24,0.001313,24,0.636719,24,0.0,24,,0,0.108896,24
16,6,24,False,native,24,0.970835,0.961289,0.97959,0.018301,0.970828,0.955894,0.986732,0.952049,0.990431,24,0.985201,0.980262,0.98969,0.009428,0.985164,0.977449,0.993322,0.975436,0.995192,0.001426,24,0.001427,24,0.601562,24,0.0,24,,0,0.108924,24
16,7,24,False,native,24,0.970908,0.961434,0.980473,0.01904,0.969974,0.954486,0.985888,0.945346,0.987607,24,0.985239,0.980337,0.99014,0.009803,0.984719,0.976713,0.992894,0.971905,0.993765,0.001492,24,0.001544,24,0.634766,24,0.0,24,,0,0.10899,24
16,8,24,False,native,24,0.970399,0.961976,0.980142,0.018166,0.970357,0.957172,0.986955,0.944209,0.988647,24,0.984976,0.980619,0.989971,0.009352,0.984916,0.978117,0.993434,0.971304,0.994291,0.001526,24,0.00153,24,0.644531,24,0.0,24,,0,0.109033,24
16,9,24,False,native,24,0.974782,0.960963,0.979848,0.018884,0.971492,0.957374,0.987667,0.949191,0.988795,24,0.98723,0.980093,0.989821,0.009728,0.985502,0.978223,0.993795,0.973933,0.994366,0.001638,24,0.00161,24,0.5625,24,0.0,24,,0,0.10909,24
16,10,24,False,native,24,0.975001,0.962698,0.979811,0.017112,0.971932,0.959477,0.986688,0.949476,0.988795,24,0.987342,0.980995,0.989802,0.008808,0.985733,0.979319,0.993299,0.974084,0.994366,0.001536,24,0.001675,24,0.585938,24,0.0,24,0.999769,24,0.109145,24
16,11,24,False,native,24,0.975294,0.963603,0.98051,0.016907,0.972227,0.958641,0.98654,0.943925,0.98939,24,0.987492,0.981464,0.990159,0.008695,0.985884,0.978884,0.993224,0.971154,0.994666,0.001608,24,0.001726,24,0.558594,24,0.0,24,,0,0.10918,24
16,12,24,False,native,24,0.975587,0.964509,0.979185,0.014676,0.972461,0.960906,0.985769,0.948478,0.991175,24,0.987643,0.981934,0.989483,0.00755,0.986006,0.980063,0.992834,0.973558,0.995568,0.001614,24,0.001636,24,0.5625,24,0.0,24,,0,0.10924,24
16,13,24,False,native,24,0.975954,0.964182,0.980989,0.016807,0.972452,0.957779,0.98571,0.945061,0.990431,24,0.987831,0.981765,0.990403,0.008639,0.985996,0.978433,0.992803,0.971755,0.995192,0.001655,24,0.001711,24,0.548828,24,0.0,24,,0,0.109306,24
16,14,24,False,native,24,0.975368,0.963458,0.98169,0.018231,0.972911,0.958641,0.987682,0.946199,0.989241,24,0.98753,0.981389,0.99076,0.009371,0.986234,0.978884,0.993803,0.972356,0.994591,0.001746,24,0.001709,24,0.560547,24,0.0,24,,0,0.109355,24
16,15,24,False,native,24,0.974928,0.962807,0.981505,0.018699,0.97289,0.958642,0.987311,0.948335,0.989984,24,0.987305,0.981051,0.990666,0.009615,0.986225,0.978884,0.993615,0.973483,0.994967,0.0017,24,0.001617,24,0.5625,24,0.0,24,,0,0.10937,24
16,16,24,False,native,24,0.976247,0.965379,0.980953,0.015574,0.973047,0.95818,0.988157,0.950905,0.989836,24,0.987981,0.982384,0.990385,0.008,0.986306,0.978643,0.994043,0.974835,0.994892,0.001682,24,0.00164,24,0.546875,24,0.0,24,,0,0.109389,24
16,17,24,False,native,24,0.977054,0.964943,0.980621,0.015678,0.973131,0.957605,0.988216,0.950619,0.991622,24,0.988394,0.982159,0.990216,0.008057,0.986347,0.978343,0.994073,0.974684,0.995793,0.001687,24,0.001693,24,0.515625,24,0.0,24,,0,0.109413,24
16,18,24,False,native,24,0.976908,0.961975,0.980253,0.018277,0.97298,0.957576,0.988083,0.952479,0.989984,24,0.988319,0.980619,0.990028,0.009409,0.986272,0.978328,0.994005,0.975661,0.994967,0.001628,24,0.001682,24,0.533203,24,0.0,24,,0,0.109405,24
16,19,24,False,native,24,0.977495,0.961903,0.979958,0.018055,0.973171,0.958324,0.987607,0.954055,0.988795,24,0.988619,0.980581,0.989878,0.009296,0.986372,0.978718,0.993765,0.976487,0.994366,0.00178,24,0.001794,24,0.521484,24,0.0,24,,0,0.1094,24
16,20,24,False,native,24,0.976467,0.965125,0.980842,0.015717,0.973746,0.959305,0.988394,0.953768,0.990431,24,0.988093,0.982253,0.990328,0.008075,0.986669,0.979229,0.994163,0.976337,0.995192,0.001666,24,0.001689,24,0.539062,24,0.0,24,0.999747,24,0.109386,24
16,21,24,False,native,24,0.97566,0.963856,0.980363,0.016507,0.973113,0.957779,0.987325,0.955059,0.990133,24,0.98768,0.981596,0.990084,0.008489,0.986344,0.978433,0.993622,0.977013,0.995042,0.001612,24,0.001579,24,0.560547,24,0.0,24,,0,0.109358,24
16,22,24,False,native,24,0.976614,0.964581,0.9797,0.015119,0.973629,0.960501,0.987593,0.95549,0.989092,24,0.988169,0.981971,0.989746,0.007775,0.986613,0.979853,0.993758,0.977239,0.994516,0.001714,24,0.001698,24,0.542969,24,0.0,24,,0,0.109351,24
16,23,24,False,native,24,0.976027,0.965415,0.979553,0.014138,0.97385,0.958857,0.987429,0.957647,0.990877,24,0.987868,0.982403,0.989671,0.007268,0.986726,0.978996,0.993675,0.978365,0.995418,0.00173,24,0.001673,24,0.558594,24,0.0,24,,0,0.109288,24
16,24,24,False,native,24,0.975881,0.966903,0.979884,0.012981,0.974364,0.960602,0.988944,0.958943,0.990579,24,0.987793,0.983173,0.98984,0.006667,0.986992,0.979905,0.994441,0.979041,0.995267,0.001761,24,0.001731,24,0.572266,24,0.0,24,,0,0.109258,24
16,25,24,False,native,24,0.976468,0.966939,0.979664,0.012724,0.974361,0.96105,0.988335,0.954629,0.991175,24,0.988093,0.983192,0.989727,0.006535,0.986989,0.980138,0.994133,0.976788,0.995568,0.001692,24,0.001589,24,0.544922,24,0.0,24,,0,0.109202,24
16,26,24,False,native,24,0.975001,0.964907,0.97959,0.014683,0.973441,0.958454,0.986941,0.957791,0.990728,24,0.987342,0.98214,0.98969,0.00755,0.986516,0.978786,0.993427,0.978441,0.995343,0.001702,24,0.001761,24,0.566406,24,0.0,24,,0,0.109148,24
16,27,24,False,native,24,0.974635,0.965886,0.979002,0.013116,0.97365,0.960172,0.987325,0.955203,0.989241,24,0.987154,0.982647,0.989389,0.006742,0.986625,0.97968,0.993622,0.977088,0.994591,0.001603,24,0.001697,24,0.572266,24,0.0,24,,0,0.109092,24
16,28,24,False,native,24,0.974635,0.966068,0.980216,0.014148,0.974349,0.96157,0.988276,0.959664,0.990877,24,0.987154,0.982741,0.990009,0.007268,0.986985,0.980409,0.994103,0.979417,0.995418,0.001593,24,0.001689,24,0.560547,24,0.0,24,,0,0.109037,24
16,29,24,False,native,24,0.974854,0.965887,0.98029,0.014403,0.974192,0.962988,0.988468,0.957359,0.990431,24,0.987267,0.982647,0.990047,0.007399,0.986904,0.981145,0.994201,0.978215,0.995192,0.001637,24,0.001798,24,0.572266,24,0.0,24,,0,0.109015,24
16,30,24,False,native,24,0.975074,0.966576,0.979443,0.012867,0.974433,0.962959,0.987741,0.958223,0.990282,24,0.98738,0.983004,0.989615,0.006611,0.987029,0.98113,0.993833,0.978666,0.995117,0.00168,24,0.001615,24,0.5625,24,0.0,24,0.99973,24,0.109019,24
16,31,24,False,native,24,0.974708,0.96803,0.979517,0.011487,0.974557,0.964233,0.987919,0.958079,0.989984,24,0.987192,0.983755,0.989652,0.005897,0.987095,0.981791,0.993923,0.978591,0.994967,0.00167,24,0.001704,24,0.570312,24,0.0,24,,0,0.108992,24
16,32,24,False,native,24,0.973756,0.966867,0.980806,0.013939,0.974431,0.96461,0.986273,0.958223,0.990877,24,0.986704,0.983154,0.990309,0.007155,0.987029,0.981986,0.993089,0.978666,0.995418,0.001696,24,0.001649,24,0.583984,24,0.0,24,,0,0.108977,24
16,33,24,False,native,24,0.974635,0.96763,0.979848,0.012218,0.974327,0.965146,0.988469,0.954342,0.990728,24,0.987154,0.983549,0.989821,0.006273,0.986973,0.982264,0.994201,0.976638,0.995343,0.001656,24,0.001669,24,0.574219,24,0.0,24,,0,0.10899,24
16,34,24,False,native,24,0.975074,0.968721,0.982022,0.0133,0.975667,0.965654,0.987578,0.956496,0.989687,24,0.98738,0.984112,0.990929,0.006817,0.987665,0.982527,0.99375,0.977764,0.994817,0.00175,24,0.001629,24,0.572266,24,0.0,24,,0,0.109048,24
16,35,24,False,native,24,0.974049,0.969304,0.980327,0.011023,0.975551,0.966613,0.98841,0.963856,0.989687,24,0.986854,0.984413,0.990065,0.005653,0.987608,0.983023,0.994171,0.981596,0.994817,0.001604,24,0.00169,24,0.597656,24,0.0,24,,0,0.109058,24
16,36,24,False,native,24,0.974489,0.96883,0.980952,0.012122,0.975638,0.966308,0.987474,0.96212,0.991175,24,0.987079,0.984168,0.990385,0.006216,0.987652,0.982865,0.993697,0.980694,0.995568,0.001774,24,0.001616,24,0.580078,24,0.0,24,,0,0.109089,24
16,37,24,False,native,24,0.97654,0.970032,0.981395,0.011363,0.976107,0.967252,0.987711,0.960097,0.988498,24,0.988131,0.984788,0.99061,0.005822,0.987893,0.983353,0.993818,0.979642,0.994216,0.001678,24,0.001754,24,0.527344,24,0.0,24,,0,0.109215,24
16,38,24,False,native,24,0.977201,0.969231,0.981616,0.012385,0.976529,0.967455,0.987311,0.962409,0.991771,24,0.988469,0.984375,0.990723,0.006348,0.988109,0.983459,0.993615,0.980844,0.995868,0.001693,24,0.001648,24,0.521484,24,0.0,24,,0,0.10923,24
16,39,24,False,native,24,0.975734,0.970798,0.981174,0.010375,0.976343,0.967746,0.988084,0.964871,0.991622,24,0.987718,0.985183,0.990497,0.005315,0.988015,0.983609,0.994005,0.982121,0.995793,0.001659,24,0.001719,24,0.546875,24,0.0,24,,0,0.109277,24
16,40,24,False,native,24,0.974635,0.970944,0.980585,0.009641,0.976119,0.967455,0.987548,0.962553,0.991324,24,0.987154,0.985258,0.990197,0.004939,0.987899,0.983459,0.993735,0.980919,0.995643,0.001608,24,0.001669,24,0.564453,24,0.0,24,0.999761,24,0.109314,24
16,41,24,False,native,24,0.975587,0.970907,0.980584,0.009677,0.976683,0.968881,0.98734,0.967194,0.991473,24,0.987643,0.985239,0.990197,0.004958,0.98819,0.984195,0.99363,0.983323,0.995718,0.001657,24,0.001681,24,0.566406,24,0.0,24,,0,0.109308,24
16,42,24,False,native,24,0.974195,0.970981,0.980953,0.009972,0.97634,0.968692,0.98789,0.967048,0.990579,24,0.986929,0.985276,0.990385,0.005108,0.988015,0.984097,0.993908,0.983248,0.995267,0.001678,24,0.001646,24,0.558594,24,0.0,24,,0,0.109264,24
16,43,24,False,native,24,0.974856,0.968903,0.981911,0.013008,0.976329,0.968255,0.988201,0.965016,0.992069,24,0.987267,0.984206,0.990873,0.006667,0.988006,0.983872,0.994066,0.982197,0.996019,0.001648,24,0.001639,24,0.548828,24,0.0,24,,0,0.109274,24
16,44,24,False,native,24,0.975074,0.970907,0.980032,0.009124,0.976633,0.969828,0.987356,0.965596,0.991622,24,0.98738,0.985239,0.989915,0.004676,0.988165,0.984683,0.993637,0.982497,0.995793,0.001599,24,0.001719,24,0.554688,24,0.0,24,,0,0.10924,24
16,45,24,False,native,24,0.976027,0.970615,0.980732,0.010117,0.976679,0.969085,0.988765,0.964726,0.991175,24,0.987868,0.985089,0.990272,0.005183,0.988187,0.9843,0.994351,0.982046,0.995568,0.001591,24,0.001674,24,0.548828,24,0.0,24,,0,0.109148,24
16,46,24,False,native,24,0.977203,0.971673,0.981026,0.009353,0.977646,0.969828,0.987711,0.968066,0.992516,24,0.988469,0.985633,0.990422,0.004789,0.988685,0.984683,0.993818,0.983774,0.996244,0.001677,24,0.001719,24,0.517578,24,0.0,24,,0,0.109094,24
16,47,24,False,native,24,0.978376,0.97244,0.98287,0.01043,0.978357,0.969843,0.98737,0.968357,0.992367,24,0.98907,0.986028,0.991361,0.005334,0.989048,0.984691,0.993645,0.983924,0.996169,0.001831,24,0.001813,24,0.513672,24,0.0,24,,0,0.108869,24
16,48,24,False,native,24,0.977421,0.97372,0.980989,0.007269,0.97769,0.968983,0.98887,0.966177,0.990728,24,0.988582,0.986685,0.990403,0.003718,0.988707,0.984247,0.994404,0.982797,0.995343,0.001754,24,0.001678,24,0.521484,24,0.0,24,,0,0.108554,24
16,49,24,False,native,24,0.97654,0.974671,0.97959,0.004919,0.977637,0.969042,0.988572,0.966758,0.989984,24,0.988131,0.987173,0.98969,0.002517,0.988682,0.984277,0.994253,0.983098,0.994967,0.001717,24,0.001749,24,0.542969,24,0.0,24,,0,0.107903,24
17,0,24,False,native,24,0.976907,0.974342,0.980658,0.006316,0.975039,0.962815,0.984186,0.948906,0.991026,24,0.988319,0.987004,0.990234,0.00323,0.987336,0.981055,0.99203,0.973783,0.995493,0.001896,24,0.001827,24,0.535156,24,0.0,24,0.99981,24,0.106673,24
17,1,24,False,native,24,0.97948,0.9761,0.982464,0.006364,0.976993,0.960974,0.983565,0.953912,0.990728,24,0.989633,0.987906,0.991155,0.003249,0.988341,0.980093,0.991714,0.976412,0.995343,0.001945,24,0.002023,24,0.490234,24,0.0,24,,0,0.107031,24
17,2,24,False,native,24,0.980437,0.976357,0.982723,0.006366,0.979128,0.969013,0.989152,0.959953,0.990431,24,0.990122,0.988037,0.991286,0.003249,0.989439,0.984262,0.994546,0.979567,0.995192,0.002063,24,0.002012,24,0.466797,24,0.0,24,,0,0.105789,24
17,3,24,False,native,24,0.9811,0.978413,0.982723,0.004309,0.980077,0.9712,0.987682,0.962553,0.991473,24,0.99046,0.989089,0.991286,0.002197,0.989928,0.985389,0.993803,0.980919,0.995718,0.002049,24,0.002031,24,0.458984,24,0.0,24,,0,0.10524,24
17,4,24,False,native,24,0.980216,0.976981,0.982132,0.005151,0.97977,0.970178,0.989063,0.966467,0.991622,24,0.990009,0.988356,0.990986,0.002629,0.989771,0.984863,0.994501,0.982948,0.995793,0.001976,24,0.001983,24,0.474609,24,0.0,24,,0,0.104753,24
17,5,24,False,native,24,0.980584,0.978376,0.983683,0.005307,0.980651,0.973508,0.989167,0.966612,0.991324,24,0.990197,0.98907,0.991774,0.002704,0.990222,0.986576,0.994554,0.983023,0.995643,0.002039,24,0.002,24,0.466797,24,0.0,24,,0,0.104501,24
17,6,24,False,native,24,0.980142,0.976724,0.983388,0.006664,0.980393,0.974122,0.988825,0.969231,0.991473,24,0.989971,0.988225,0.991624,0.003399,0.99009,0.986892,0.994381,0.984375,0.995718,0.001982,24,0.00196,24,0.480469,24,0.0,24,,0,0.104234,24
17,7,24,False,native,24,0.979995,0.977311,0.984163,0.006852,0.980608,0.972294,0.988944,0.968066,0.991026,24,0.989896,0.988525,0.992018,0.003493,0.9902,0.985953,0.994441,0.983774,0.995493,0.001993,24,0.002046,24,0.476562,24,0.0,24,,0,0.104042,24
17,8,24,False,native,24,0.978303,0.977054,0.984089,0.007035,0.980173,0.971842,0.98988,0.968503,0.990877,24,0.989032,0.988394,0.991981,0.003587,0.989978,0.98572,0.994914,0.983999,0.995418,0.001977,24,0.001983,24,0.496094,24,0.0,24,,0,0.103832,24
17,9,24,False,native,24,0.978818,0.976687,0.984163,0.007476,0.980178,0.972996,0.989063,0.96763,0.990579,24,0.989295,0.988206,0.992018,0.003812,0.989981,0.986313,0.994501,0.983549,0.995267,0.001992,24,0.001954,24,0.498047,24,0.0,24,,0,0.103649,24
17,10,24,False,native,24,0.978744,0.976907,0.983831,0.006923,0.980325,0.973625,0.989569,0.968503,0.991771,24,0.989258,0.988319,0.991849,0.003531,0.990056,0.986636,0.994757,0.983999,0.995868,0.001992,24,0.001848,24,0.5,24,0.0,24,0.999809,24,0.103491,24
17,11,24,False,native,24,0.978303,0.975807,0.983388,0.00758,0.979818,0.974401,0.98985,0.96894,0.992814,24,0.989032,0.987755,0.991624,0.003869,0.989796,0.987034,0.994899,0.984225,0.996394,0.002113,24,0.001881,24,0.505859,24,0.0,24,,0,0.103308,24
17,12,24,False,native,24,0.977715,0.976651,0.98335,0.0067,0.979417,0.97263,0.989152,0.969522,0.990728,24,0.988732,0.988187,0.991605,0.003418,0.989593,0.986125,0.994546,0.984525,0.995343,0.00185,24,0.001803,24,0.505859,24,0.0,24,,0,0.103177,24
17,13,24,False,native,24,0.977862,0.975807,0.98228,0.006473,0.979067,0.972996,0.987637,0.96894,0.990431,24,0.988807,0.987755,0.991061,0.003305,0.989414,0.986313,0.99378,0.984225,0.995192,0.002014,24,0.001927,24,0.503906,24,0.0,24,,0,0.103027,24
17,14,24,False,native,24,0.977568,0.97577,0.982169,0.006399,0.978598,0.971418,0.987726,0.966322,0.989836,24,0.988657,0.987737,0.991004,0.003268,0.989173,0.985502,0.993825,0.982873,0.994892,0.001786,24,0.001847,24,0.521484,24,0.0,24,,0,0.102913,24
17,15,24,False,native,24,0.977789,0.975221,0.98335,0.00813,0.979267,0.971915,0.988483,0.967339,0.99192,24,0.98877,0.987455,0.991605,0.00415,0.989514,0.985757,0.994208,0.983398,0.995944,0.001977,24,0.001944,24,0.513672,24,0.0,24,,0,0.102845,24
17,16,24,False,native,24,0.978744,0.974086,0.983905,0.009819,0.97899,0.971258,0.987385,0.969522,0.990728,24,0.989258,0.986873,0.991887,0.005014,0.989374,0.985419,0.993652,0.984525,0.995343,0.001854,24,0.001931,24,0.5,24,0.0,24,,0,0.102741,24
17,17,24,False,native,24,0.977348,0.973647,0.982944,0.009298,0.978577,0.971418,0.9874,0.970251,0.988944,24,0.988544,0.986647,0.991399,0.004751,0.989164,0.985502,0.99366,0.984901,0.994441,0.001894,24,0.00181,24,0.529297,24,0.0,24,,0,0.102665,24
17,18,24,False,native,24,0.978156,0.972733,0.982834,0.010101,0.978168,0.971462,0.986673,0.969522,0.988647,24,0.988957,0.986178,0.991342,0.005165,0.988954,0.985524,0.993292,0.984525,0.994291,0.001845,24,0.001825,24,0.517578,24,0.0,24,,0,0.102572,24
17,19,24,False,native,24,0.977642,0.972514,0.983129,0.010615,0.97795,0.969406,0.986955,0.968212,0.98939,24,0.988694,0.986065,0.991493,0.005427,0.988842,0.984465,0.993434,0.983849,0.994666,0.001798,24,0.001894,24,0.523438,24,0.0,24,,0,0.102515,24
17,20,24,False,native,24,0.976614,0.971345,0.982206,0.010861,0.977289,0.96827,0.98651,0.967339,0.988795,24,0.988169,0.985464,0.991023,0.005559,0.988503,0.983879,0.993209,0.983398,0.994366,0.001929,24,0.001882,24,0.546875,24,0.0,24,0.999777,24,0.102395,24
17,21,24,False,native,24,0.978523,0.97109,0.983166,0.012076,0.977717,0.969522,0.985784,0.96894,0.98939,24,0.989145,0.985333,0.991511,0.006179,0.988723,0.984525,0.992841,0.984225,0.994666,0.001828,24,0.001905,24,0.511719,24,0.0,24,,0,0.102312,24
17,22,24,False,native,24,0.977642,0.9716,0.982059,0.010458,0.977588,0.969886,0.985029,0.967484,0.989538,24,0.988694,0.985596,0.990948,0.005352,0.988657,0.984713,0.992458,0.983474,0.994742,0.001801,24,0.001736,24,0.529297,24,0.0,24,,0,0.102212,24
17,23,24,False,native,24,0.977568,0.971272,0.980989,0.009717,0.976831,0.967964,0.985073,0.966177,0.988944,24,0.988657,0.985427,0.990403,0.004977,0.988269,0.983721,0.99248,0.982797,0.994441,0.001767,24,0.001925,24,0.521484,24,0.0,24,,0,0.102089,24
17,24,24,False,native,24,0.977935,0.970835,0.981616,0.010781,0.976599,0.967863,0.984541,0.965451,0.987459,24,0.988845,0.985201,0.990723,0.005521,0.98815,0.983669,0.99221,0.982422,0.99369,0.002013,24,0.001755,24,0.521484,24,0.0,24,,0,0.10199,24
17,25,24,False,native,24,0.977348,0.971638,0.980695,0.009057,0.976176,0.968052,0.983551,0.962988,0.98835,24,0.988544,0.985614,0.990253,0.004639,0.987934,0.983767,0.991707,0.981145,0.994141,0.001819,24,0.001866,24,0.521484,24,0.0,24,,0,0.101887,24
17,26,24,False,native,24,0.977421,0.969668,0.980363,0.010695,0.975592,0.966758,0.982826,0.961686,0.986569,24,0.988582,0.9846,0.990084,0.005484,0.987633,0.983098,0.991339,0.980469,0.993239,0.001834,24,0.001859,24,0.527344,24,0.0,24,,0,0.101769,24
17,27,24,False,native,24,0.977201,0.969814,0.980179,0.010365,0.975268,0.966395,0.982487,0.961252,0.985384,24,0.988469,0.984675,0.98999,0.005315,0.987467,0.98291,0.991166,0.980243,0.992638,0.001766,24,0.001781,24,0.525391,24,0.0,24,,0,0.101721,24
17,28,24,False,native,24,0.975881,0.968284,0.980216,0.011931,0.974704,0.965422,0.98169,0.958511,0.986421,24,0.987793,0.983887,0.990009,0.006122,0.987176,0.982407,0.99076,0.978816,0.993164,0.001794,24,0.001811,24,0.535156,24,0.0,24,,0,0.101664,24
17,29,24,False,native,24,0.97566,0.967194,0.980216,0.013022,0.974683,0.965524,0.982295,0.962988,0.984644,24,0.98768,0.983323,0.990009,0.006686,0.987167,0.982459,0.991068,0.981145,0.992263,0.001803,24,0.001681,24,0.550781,24,0.0,24,,0,0.101631,24
17,30,24,False,native,24,0.975882,0.967048,0.980952,0.013904,0.974717,0.965524,0.983712,0.961108,0.985976,24,0.987793,0.983248,0.990385,0.007136,0.987183,0.982459,0.991789,0.980168,0.992939,0.001821,24,0.001786,24,0.552734,24,0.0,24,0.999759,24,0.101545,24
17,31,24,False,native,24,0.975221,0.967157,0.9804,0.013242,0.974008,0.963205,0.982605,0.961108,0.983166,24,0.987455,0.983305,0.990103,0.006798,0.98682,0.981258,0.991226,0.980168,0.991511,0.001889,24,0.001828,24,0.541016,24,0.0,24,,0,0.101534,24
17,32,24,False,native,24,0.975074,0.96556,0.979627,0.014067,0.974164,0.964479,0.983861,0.962698,0.985828,24,0.98738,0.982478,0.989709,0.00723,0.986898,0.981919,0.991864,0.980995,0.992864,0.00175,24,0.001692,24,0.558594,24,0.0,24,,0,0.101525,24
17,33,24,False,native,24,0.974416,0.965016,0.978781,0.013765,0.972809,0.962742,0.981247,0.96183,0.983609,24,0.987042,0.982197,0.989277,0.00708,0.986203,0.981017,0.990535,0.980544,0.991737,0.001836,24,0.001817,24,0.570312,24,0.0,24,,0,0.101532,24
17,34,24,False,native,24,0.973976,0.964617,0.978928,0.014311,0.972841,0.963263,0.983077,0.961397,0.983905,24,0.986816,0.98199,0.989352,0.007362,0.986219,0.981288,0.991466,0.980319,0.991887,0.001855,24,0.001767,24,0.580078,24,0.0,24,,0,0.101521,24
17,35,24,False,native,24,0.973757,0.966213,0.977385,0.011172,0.972606,0.963784,0.982413,0.961108,0.984644,24,0.986704,0.982816,0.988563,0.005747,0.9861,0.981558,0.991128,0.980168,0.992263,0.00182,24,0.001691,24,0.591797,24,0.0,24,,0,0.10153,24
17,36,24,False,native,24,0.972952,0.966213,0.977973,0.01176,0.972143,0.962091,0.98107,0.96053,0.982427,24,0.986291,0.982816,0.988863,0.006047,0.985862,0.980679,0.990445,0.979868,0.991136,0.001738,24,0.001811,24,0.611328,24,0.0,24,,0,0.101534,24
17,37,24,False,native,24,0.975001,0.966323,0.979332,0.01301,0.972778,0.962496,0.981852,0.961252,0.98287,24,0.987342,0.982873,0.989558,0.006686,0.986187,0.980889,0.990843,0.980243,0.991361,0.001795,24,0.001834,24,0.570312,24,0.0,24,,0,0.101545,24
17,38,24,False,native,24,0.974195,0.965778,0.978303,0.012525,0.972272,0.962684,0.981365,0.959664,0.982427,24,0.986929,0.982591,0.989032,0.006442,0.985927,0.980987,0.990595,0.979417,0.991136,0.001847,24,0.001771,24,0.591797,24,0.0,24,,0,0.101622,24
17,39,24,False,native,24,0.97383,0.967377,0.978781,0.011404,0.972227,0.961729,0.980172,0.960241,0.981985,24,0.986741,0.983417,0.989277,0.005859,0.985906,0.980491,0.989986,0.979718,0.99091,0.001801,24,0.001814,24,0.597656,24,0.0,24,,0,0.101666,24
17,40,24,False,native,24,0.973391,0.966104,0.977642,0.011537,0.971794,0.9617,0.98001,0.960241,0.981837,24,0.986516,0.98276,0.988694,0.005934,0.985683,0.980476,0.989904,0.979718,0.990835,0.001785,24,0.001746,24,0.591797,24,0.0,24,0.999728,24,0.101729,24
17,41,24,False,native,24,0.972075,0.965561,0.977935,0.012375,0.971291,0.961816,0.979391,0.958799,0.982723,24,0.98584,0.982478,0.988845,0.006366,0.985424,0.980536,0.989588,0.978966,0.991286,0.001712,24,0.001683,24,0.605469,24,0.0,24,,0,0.101868,24
17,42,24,False,native,24,0.97266,0.9644,0.975294,0.010894,0.970179,0.959347,0.977671,0.957935,0.982132,24,0.98614,0.981877,0.987492,0.005615,0.984851,0.979252,0.988709,0.978516,0.990986,0.0017,24,0.001762,24,0.597656,24,0.0,24,,0,0.102061,24
17,43,24,False,native,24,0.97171,0.964472,0.977935,0.013463,0.970622,0.959953,0.979318,0.956496,0.983905,24,0.985652,0.981915,0.988845,0.00693,0.985076,0.979567,0.989551,0.977764,0.991887,0.001714,24,0.00165,24,0.626953,24,0.0,24,,0,0.102198,24
17,44,24,False,native,24,0.97098,0.96288,0.975257,0.012377,0.969113,0.957878,0.97679,0.954198,0.98568,24,0.985276,0.981088,0.987474,0.006385,0.984297,0.978486,0.988259,0.976562,0.992788,0.001732,24,0.00164,24,0.621094,24,0.0,24,,0,0.102427,24
17,45,24,False,native,24,0.971053,0.962957,0.97599,0.013033,0.968571,0.953927,0.977421,0.95162,0.982427,24,0.985314,0.981126,0.987849,0.006723,0.984012,0.97642,0.988582,0.97521,0.991136,0.001711,24,0.001672,24,0.611328,24,0.0,24,,0,0.102742,24
17,46,24,False,native,24,0.970689,0.961912,0.97566,0.013748,0.968255,0.95298,0.977921,0.950905,0.982427,24,0.985126,0.980581,0.98768,0.007099,0.983846,0.975924,0.988837,0.974835,0.991136,0.001611,24,0.001724,24,0.621094,24,0.0,24,,0,0.103032,24
17,47,24,False,native,24,0.970616,0.963826,0.976064,0.012238,0.969008,0.953711,0.978362,0.952336,0.982132,24,0.985089,0.981577,0.987887,0.00631,0.984237,0.976307,0.989062,0.975586,0.990986,0.001683,24,0.001756,24,0.628906,24,0.0,24,,0,0.103441,24
17,48,24,False,native,24,0.967848,0.963358,0.976467,0.013109,0.968514,0.954701,0.980999,0.948335,0.983905,24,0.983661,0.981333,0.988093,0.006761,0.983977,0.976825,0.990407,0.973483,0.991887,0.001811,24,0.001808,24,0.683594,24,0.0,24,,0,0.103772,24
17,49,24,False,native,24,0.965814,0.961942,0.974415,0.012474,0.966959,0.95132,0.980481,0.949191,0.985828,24,0.98261,0.9806,0.987042,0.006442,0.983173,0.975053,0.990144,0.973933,0.992864,0.001677,24,0.001745,24,0.6875,24,0.0,24,,0,0.104057,24
18,0,24,False,native,24,0.966467,0.962373,0.971053,0.00868,0.965627,0.957389,0.975148,0.940242,0.97654,24,0.982948,0.980826,0.985314,0.004488,0.982497,0.97823,0.987417,0.969201,0.988131,0.001234,24,0.001208,24,0.707031,24,0.0,24,0.999794,24,0.105669,24
18,1,24,False,native,24,0.969086,0.965778,0.975148,0.00937,0.969098,0.958411,0.980113,0.945203,0.98494,24,0.9843,0.982591,0.987417,0.004826,0.984284,0.978764,0.989956,0.97183,0.992413,0.001452,24,0.001327,24,0.644531,24,0.0,24,,0,0.107161,24
18,2,24,False,native,24,0.981173,0.976139,0.984052,0.007914,0.977169,0.961486,0.986599,0.9435,0.988498,24,0.990497,0.987924,0.991962,0.004038,0.988419,0.980364,0.993254,0.970928,0.994216,0.001985,24,0.002087,24,0.445312,24,0.0,24,,0,0.106603,24
18,3,24,False,native,24,0.98324,0.97768,0.985569,0.00789,0.977375,0.959392,0.989256,0.931235,0.989984,24,0.991549,0.988713,0.992732,0.004019,0.9885,0.979274,0.994599,0.964393,0.994967,0.002195,24,0.002385,24,0.412109,24,0.0,24,,0,0.106518,24
18,4,24,False,native,24,0.984053,0.979116,0.986532,0.007416,0.979028,0.963857,0.988156,0.940525,0.990431,24,0.991962,0.989446,0.99322,0.003775,0.989358,0.981596,0.994043,0.969351,0.995192,0.002595,24,0.002401,24,0.382812,24,0.0,24,,0,0.10659,24
18,5,24,False,native,24,0.985088,0.980363,0.986792,0.006428,0.97903,0.962192,0.988275,0.933198,0.990133,24,0.992488,0.990084,0.993352,0.003268,0.989349,0.980732,0.994103,0.965445,0.995042,0.002501,24,0.002545,24,0.376953,24,0.0,24,,0,0.106448,24
18,6,24,False,native,24,0.98531,0.979774,0.986569,0.006795,0.979728,0.9603,0.988647,0.939253,0.989538,24,0.992601,0.989784,0.993239,0.003456,0.989715,0.979748,0.994291,0.968675,0.994742,0.002399,24,0.002613,24,0.369141,24,0.0,24,,0,0.106381,24
18,7,24,False,native,24,0.985532,0.981212,0.986199,0.004987,0.979726,0.963596,0.987711,0.939818,0.99192,24,0.992713,0.990516,0.993051,0.002535,0.989712,0.98146,0.993818,0.968975,0.995944,0.002428,24,0.002529,24,0.365234,24,0.0,24,,0,0.106254,24
18,8,24,False,native,24,0.985384,0.980953,0.986792,0.005839,0.979972,0.962294,0.988305,0.939535,0.989836,24,0.992638,0.990385,0.993352,0.002967,0.98984,0.980784,0.994118,0.968825,0.994892,0.00264,24,0.002523,24,0.367188,24,0.0,24,,0,0.106131,24
18,9,24,False,native,24,0.985458,0.98018,0.987199,0.00702,0.979786,0.962206,0.98878,0.939111,0.989092,24,0.992676,0.98999,0.993558,0.003568,0.989743,0.980739,0.994358,0.9686,0.994516,0.002528,24,0.002373,24,0.363281,24,0.0,24,,0,0.106024,24
18,10,24,False,native,24,0.984718,0.981764,0.987533,0.005769,0.980179,0.959406,0.989806,0.944635,0.990579,24,0.9923,0.990798,0.993727,0.00293,0.989946,0.979282,0.994877,0.971529,0.995267,0.002612,24,0.002623,24,0.380859,24,0.0,24,0.999733,24,0.105929,24
18,11,24,False,native,24,0.98531,0.982871,0.986829,0.003958,0.980268,0.960012,0.987756,0.944493,0.989687,24,0.992601,0.991361,0.993371,0.002009,0.989996,0.979597,0.99384,0.971454,0.994817,0.002571,24,0.002694,24,0.359375,24,0.0,24,,0,0.105822,24
18,12,24,False,native,24,0.985236,0.981837,0.986829,0.004991,0.980471,0.96095,0.98829,0.945914,0.990282,24,0.992563,0.990835,0.993371,0.002535,0.990103,0.980086,0.994111,0.972206,0.995117,0.002545,24,0.002684,24,0.363281,24,0.0,24,,0,0.105809,24
18,13,24,False,native,24,0.985458,0.982981,0.987199,0.004218,0.980973,0.960289,0.988364,0.946199,0.989538,24,0.992676,0.991418,0.993558,0.002141,0.99036,0.97974,0.994148,0.972356,0.994742,0.002774,24,0.002418,24,0.361328,24,0.0,24,,0,0.1058,24
18,14,24,False,native,24,0.984866,0.982723,0.986977,0.004254,0.981155,0.961777,0.987711,0.954485,0.989984,24,0.992375,0.991286,0.993446,0.00216,0.99046,0.980514,0.993818,0.976713,0.994967,0.002557,24,0.002638,24,0.378906,24,0.0,24,,0,0.105761,24
18,15,24,False,native,24,0.984866,0.982132,0.987125,0.004993,0.981063,0.961281,0.987711,0.952336,0.98939,24,0.992375,0.990986,0.993521,0.002535,0.990413,0.980258,0.993818,0.975586,0.994666,0.00286,24,0.002572,24,0.375,24,0.0,24,,0,0.105704,24
18,16,24,False,native,24,0.985236,0.983166,0.987422,0.004256,0.98119,0.959549,0.988617,0.952336,0.989984,24,0.992563,0.991511,0.993671,0.00216,0.990475,0.979357,0.994276,0.975586,0.994967,0.002564,24,0.002587,24,0.361328,24,0.0,24,,0,0.105652,24
18,17,24,False,native,24,0.984496,0.98276,0.986569,0.003809,0.980561,0.959304,0.987222,0.953195,0.989836,24,0.992188,0.991305,0.993239,0.001934,0.990156,0.979229,0.99357,0.976037,0.994892,0.002616,24,0.002621,24,0.378906,24,0.0,24,,0,0.105603,24
18,18,24,False,native,24,0.985088,0.982649,0.987533,0.004884,0.981094,0.958266,0.98835,0.953195,0.989836,24,0.992488,0.991248,0.993727,0.002479,0.990425,0.978688,0.994141,0.976037,0.994892,0.002544,24,0.002472,24,0.376953,24,0.0,24,,0,0.105526,24
18,19,24,False,native,24,0.98494,0.983018,0.986347,0.003329,0.981278,0.961065,0.987622,0.957935,0.989836,24,0.992413,0.991436,0.993127,0.00169,0.990525,0.980146,0.993773,0.978516,0.994892,0.00283,24,0.002613,24,0.376953,24,0.0,24,,0,0.105439,24
18,20,24,False,native,24,0.98531,0.982723,0.986273,0.00355,0.980781,0.958958,0.987385,0.954055,0.989687,24,0.992601,0.991286,0.993089,0.001803,0.990269,0.979049,0.993652,0.976487,0.994817,0.00268,24,0.002639,24,0.367188,24,0.0,24,0.999692,24,0.105391,24
18,21,24,False,native,24,0.985754,0.983166,0.986569,0.003403,0.981246,0.960171,0.987177,0.95549,0.989241,24,0.992826,0.991511,0.993239,0.001728,0.990507,0.97968,0.993547,0.977239,0.994591,0.002737,24,0.00276,24,0.351562,24,0.0,24,,0,0.105312,24
18,22,24,False,native,24,0.985458,0.983535,0.986162,0.002627,0.980998,0.959599,0.986673,0.956209,0.987756,24,0.992676,0.991699,0.993033,0.001333,0.990381,0.97938,0.993292,0.977614,0.99384,0.002676,24,0.002756,24,0.367188,24,0.0,24,,0,0.10519,24
18,23,24,False,native,24,0.985236,0.982981,0.986495,0.003514,0.981305,0.962482,0.987563,0.957647,0.987904,24,0.992563,0.991418,0.993202,0.001784,0.990541,0.980882,0.993742,0.978365,0.993915,0.002732,24,0.002558,24,0.365234,24,0.0,24,,0,0.105103,24
18,24,24,False,native,24,0.984866,0.982132,0.985939,0.003807,0.980767,0.963104,0.987222,0.951477,0.98835,24,0.992375,0.990986,0.99292,0.001934,0.990263,0.981205,0.99357,0.975135,0.994141,0.002808,24,0.0026,24,0.367188,24,0.0,24,,0,0.105049,24
18,25,24,False,native,24,0.98457,0.982206,0.985162,0.002956,0.979881,0.960371,0.986332,0.95162,0.988053,24,0.992225,0.991023,0.992526,0.001502,0.989809,0.979785,0.993119,0.97521,0.99399,0.002487,24,0.002593,24,0.386719,24,0.0,24,,0,0.104949,24
18,26,24,False,native,24,0.984126,0.981468,0.985532,0.004064,0.979986,0.962092,0.986391,0.950762,0.987756,24,0.992,0.990648,0.992713,0.002066,0.989865,0.980679,0.993149,0.97476,0.99384,0.002563,24,0.00255,24,0.384766,24,0.0,24,,0,0.104859,24
18,27,24,False,native,24,0.983609,0.981505,0.98531,0.003805,0.980363,0.965379,0.986643,0.953625,0.988498,24,0.991737,0.990666,0.992601,0.001934,0.990062,0.982384,0.993277,0.976262,0.994216,0.00263,24,0.002663,24,0.40625,24,0.0,24,,0,0.104744,24
18,28,24,False,native,24,0.983166,0.9811,0.984977,0.003877,0.979738,0.962901,0.986821,0.955203,0.987756,24,0.991511,0.99046,0.992432,0.001972,0.989743,0.9811,0.993367,0.977088,0.99384,0.002535,24,0.002455,24,0.416016,24,0.0,24,,0,0.104682,24
18,29,24,False,native,24,0.982649,0.979369,0.985569,0.0062,0.979612,0.961831,0.986288,0.956928,0.987756,24,0.991248,0.989577,0.992732,0.003155,0.98968,0.980544,0.993096,0.97799,0.99384,0.002423,24,0.002434,24,0.416016,24,0.0,24,,0,0.104592,24
18,30,24,False,native,24,0.981616,0.978928,0.984644,0.005716,0.979161,0.96593,0.986258,0.955921,0.987607,24,0.990723,0.989352,0.992263,0.002911,0.989452,0.98267,0.993081,0.977464,0.993765,0.002557,24,0.002435,24,0.443359,24,0.0,24,0.999709,24,0.1045,24
18,31,24,False,native,24,0.982132,0.97812,0.984903,0.006783,0.978753,0.964278,0.986258,0.952765,0.989984,24,0.990986,0.988939,0.992394,0.003456,0.989239,0.981813,0.993081,0.975811,0.994967,0.002509,24,0.002486,24,0.425781,24,0.0,24,,0,0.104421,24
18,32,24,False,native,24,0.981837,0.979149,0.985088,0.005939,0.979026,0.966496,0.987162,0.949476,0.989092,24,0.990835,0.989464,0.992488,0.003024,0.989377,0.982963,0.99354,0.974084,0.994516,0.002506,24,0.002727,24,0.417969,24,0.0,24,,0,0.10437,24
18,33,24,False,native,24,0.981763,0.977017,0.984163,0.007146,0.978397,0.964061,0.985651,0.950476,0.987904,24,0.990798,0.988375,0.992018,0.003643,0.989057,0.981701,0.992773,0.974609,0.993915,0.002541,24,0.002497,24,0.423828,24,0.0,24,,0,0.104279,24
18,34,24,False,native,24,0.9811,0.976065,0.983092,0.007027,0.978156,0.96753,0.98386,0.955203,0.986866,24,0.99046,0.987887,0.991474,0.003587,0.988942,0.983496,0.991864,0.977088,0.993389,0.002551,24,0.002482,24,0.457031,24,0.0,24,,0,0.104186,24
18,35,24,False,native,24,0.979627,0.97288,0.983387,0.010507,0.977101,0.967528,0.984348,0.954772,0.988944,24,0.989709,0.986253,0.991624,0.005371,0.988397,0.983496,0.992112,0.976863,0.994441,0.002294,24,0.00237,24,0.447266,24,0.0,24,,0,0.104073,24
18,36,24,False,native,24,0.980216,0.971565,0.983277,0.011712,0.976575,0.964639,0.985073,0.952765,0.987904,24,0.990009,0.985577,0.991568,0.005991,0.988125,0.982001,0.99248,0.975811,0.993915,0.002617,24,0.002607,24,0.457031,24,0.0,24,,0,0.103986,24
18,37,24,False,native,24,0.9797,0.969996,0.983646,0.01365,0.976702,0.965248,0.984052,0.958223,0.989836,24,0.989746,0.984769,0.991756,0.006986,0.988194,0.982317,0.991962,0.978666,0.994892,0.002601,24,0.002621,24,0.455078,24,0.0,24,,0,0.103922,24
18,38,24,False,native,24,0.97948,0.968394,0.982096,0.013702,0.976544,0.965901,0.984259,0.958367,0.990133,24,0.989633,0.983943,0.990967,0.007024,0.988115,0.982655,0.992067,0.978741,0.995042,0.002508,24,0.002435,24,0.470703,24,0.0,24,,0,0.103856,24
18,39,24,False,native,24,0.978744,0.969158,0.983129,0.013971,0.976391,0.965582,0.984496,0.961397,0.98939,24,0.989258,0.984337,0.991493,0.007155,0.988037,0.982489,0.992188,0.980319,0.994666,0.002489,24,0.002275,24,0.482422,24,0.0,24,,0,0.103734,24
18,40,24,False,native,24,0.978744,0.970579,0.983499,0.012919,0.976455,0.964871,0.986228,0.959232,0.989092,24,0.989258,0.98507,0.99168,0.006611,0.988068,0.982121,0.993066,0.979192,0.994516,0.002614,24,0.002513,24,0.478516,24,0.0,24,0.999705,24,0.103615,24
18,41,24,False,native,24,0.978082,0.969085,0.98228,0.013195,0.976033,0.963583,0.985606,0.959376,0.990282,24,0.98892,0.9843,0.991061,0.006761,0.987852,0.981453,0.992751,0.979267,0.995117,0.002329,24,0.002368,24,0.494141,24,0.0,24,,0,0.103561,24
18,42,24,False,native,24,0.977275,0.967121,0.981911,0.01479,0.975408,0.964204,0.984762,0.95952,0.989241,24,0.988507,0.983286,0.990873,0.007587,0.987533,0.981776,0.992323,0.979342,0.994591,0.002304,24,0.002134,24,0.517578,24,0.0,24,,0,0.103542,24
18,43,24,False,native,24,0.977128,0.969268,0.980621,0.011353,0.975719,0.965683,0.984527,0.963422,0.988944,24,0.988431,0.984394,0.990216,0.005822,0.987696,0.982542,0.992203,0.98137,0.994441,0.002411,24,0.002174,24,0.511719,24,0.0,24,,0,0.103505,24
18,44,24,False,native,24,0.977421,0.967848,0.980032,0.012184,0.975276,0.965553,0.983107,0.959809,0.989687,24,0.988582,0.983661,0.989915,0.006254,0.987467,0.982474,0.991481,0.979492,0.994817,0.002214,24,0.002242,24,0.521484,24,0.0,24,,0,0.103597,24
18,45,24,False,native,24,0.976394,0.970032,0.979848,0.009815,0.975527,0.966918,0.982044,0.960963,0.990133,24,0.988056,0.984788,0.989821,0.005033,0.987599,0.983181,0.990941,0.980093,0.995042,0.00221,24,0.002203,24,0.541016,24,0.0,24,,0,0.103743,24
18,46,24,False,native,24,0.975221,0.970616,0.978524,0.007908,0.974959,0.964684,0.982634,0.961541,0.988944,24,0.987455,0.985089,0.989145,0.004056,0.987308,0.982024,0.991241,0.980394,0.994441,0.002273,24,0.002093,24,0.552734,24,0.0,24,,0,0.103935,24
18,47,24,False,native,24,0.974562,0.970397,0.977054,0.006658,0.974172,0.965233,0.982073,0.959953,0.990133,24,0.987117,0.984976,0.988394,0.003418,0.986904,0.982309,0.990956,0.979567,0.995042,0.002004,24,0.002053,24,0.556641,24,0.0,24,,0,0.104272,24
18,48,24,False,native,24,0.975294,0.972295,0.97632,0.004026,0.974196,0.962973,0.981896,0.961108,0.988647,24,0.987492,0.985953,0.988018,0.002066,0.986917,0.981137,0.990865,0.980168,0.994291,0.002046,24,0.00204,24,0.560547,24,0.0,24,,0,0.104497,24
18,49,24,False,native,24,0.973537,0.969413,0.975477,0.006064,0.97395,0.967732,0.979244,0.965306,0.989241,24,0.986591,0.984469,0.987586,0.003117,0.986794,0.983601,0.989513,0.982347,0.994591,0.002027,24,0.00196,24,0.595703,24,0.0,24,,0,0.104753,24
19,0,24,False,native,24,0.974708,0.968321,0.980547,0.012226,0.974144,0.962038,0.985088,0.953482,0.991175,24,0.987192,0.983905,0.990178,0.006273,0.986879,0.980649,0.992488,0.976187,0.995568,0.00159,24,0.001651,24,0.574219,24,0.0,24,0.999776,24,0.104758,24
19,1,24,False,native,24,0.976394,0.968576,0.980289,0.011714,0.975069,0.960458,0.987372,0.958511,0.99192,24,0.988056,0.984037,0.990047,0.00601,0.987355,0.97983,0.993645,0.978816,0.995944,0.001693,24,0.001759,24,0.5625,24,0.0,24,,0,0.104198,24
19,2,24,False,native,24,0.978523,0.973866,0.980142,0.006276,0.976156,0.968112,0.983121,0.955059,0.985088,24,0.989145,0.98676,0.989971,0.003211,0.987921,0.983797,0.991489,0.977013,0.992488,0.001702,24,0.001685,24,0.513672,24,0.0,24,,0,0.10445,24
19,3,24,False,native,24,0.977715,0.973976,0.9797,0.005724,0.976518,0.972704,0.982531,0.958079,0.985532,24,0.988732,0.986816,0.989746,0.00293,0.988109,0.986163,0.991188,0.978591,0.992713,0.001663,24,0.001746,24,0.521484,24,0.0,24,,0,0.104582,24
19,4,24,False,native,24,0.977201,0.975367,0.979517,0.004149,0.976655,0.9712,0.982634,0.959953,0.985236,24,0.988469,0.98753,0.989652,0.002122,0.988181,0.985389,0.991241,0.979567,0.992563,0.001735,24,0.001742,24,0.515625,24,0.0,24,,0,0.104828,24
19,5,24,False,native,24,0.977128,0.973939,0.978597,0.004658,0.976355,0.97117,0.985147,0.959088,0.988201,24,0.988431,0.986798,0.989183,0.002385,0.988025,0.985374,0.992518,0.979117,0.994066,0.001692,24,0.00177,24,0.542969,24,0.0,24,,0,0.10491,24
19,6,24,False,native,24,0.976394,0.974086,0.979332,0.005246,0.975917,0.968547,0.986273,0.955921,0.987607,24,0.988056,0.986873,0.989558,0.002686,0.987796,0.984022,0.993089,0.977464,0.993765,0.001639,24,0.001746,24,0.554688,24,0.0,24,,0,0.105083,24
19,7,24,False,native,24,0.977642,0.973684,0.980584,0.0069,0.975945,0.967005,0.984526,0.957215,0.986421,24,0.988694,0.986666,0.990197,0.003531,0.987812,0.983226,0.992203,0.97814,0.993164,0.001643,24,0.001767,24,0.537109,24,0.0,24,,0,0.105176,24
19,8,24,False,native,24,0.978009,0.971274,0.980142,0.008868,0.975351,0.964915,0.984555,0.955634,0.986717,24,0.988882,0.985427,0.989971,0.004545,0.987505,0.982144,0.992218,0.977314,0.993314,0.001747,24,0.001805,24,0.517578,24,0.0,24,,0,0.105284,24
19,9,24,False,native,24,0.977789,0.972733,0.980916,0.008182,0.97629,0.967267,0.985858,0.957935,0.987607,24,0.98877,0.986178,0.990366,0.004188,0.987987,0.983361,0.992879,0.978516,0.993765,0.00186,24,0.00173,24,0.529297,24,0.0,24,,0,0.105377,24
19,10,24,False,native,24,0.976761,0.972075,0.979848,0.007772,0.975453,0.964465,0.985695,0.955203,0.988647,24,0.988244,0.98584,0.989821,0.003981,0.987555,0.981911,0.992796,0.977088,0.994291,0.001698,24,0.001737,24,0.550781,24,0.0,24,0.999802,24,0.105504,24
19,11,24,False,native,24,0.977568,0.973648,0.981137,0.007489,0.975735,0.965104,0.985488,0.953912,0.987162,24,0.988657,0.986647,0.990479,0.003831,0.987699,0.982242,0.992691,0.976412,0.99354,0.001747,24,0.001702,24,0.525391,24,0.0,24,,0,0.105632,24
19,12,24,False,native,24,0.977715,0.97182,0.982206,0.010387,0.975783,0.9639,0.985843,0.952336,0.987162,24,0.988732,0.985708,0.991023,0.005315,0.987721,0.981618,0.992871,0.975586,0.99354,0.001739,24,0.001642,24,0.529297,24,0.0,24,,0,0.105743,24
19,13,24,False,native,24,0.97735,0.972185,0.982058,0.009874,0.975552,0.966249,0.985074,0.950619,0.988498,24,0.988544,0.985896,0.990948,0.005052,0.987602,0.982835,0.99248,0.974684,0.994216,0.001656,24,0.001741,24,0.535156,24,0.0,24,,0,0.105886,24
19,14,24,False,native,24,0.976835,0.971126,0.980658,0.009532,0.975378,0.966744,0.985977,0.951763,0.986569,24,0.988281,0.985352,0.990234,0.004883,0.987514,0.98309,0.992939,0.975285,0.993239,0.001677,24,0.001755,24,0.541016,24,0.0,24,,0,0.105967,24
19,15,24,False,native,24,0.978009,0.972587,0.982022,0.009435,0.97585,0.964697,0.98651,0.950762,0.988944,24,0.988882,0.986103,0.990929,0.004826,0.987752,0.982031,0.993209,0.97476,0.994441,0.001711,24,0.001689,24,0.513672,24,0.0,24,,0,0.106076,24
19,16,24,False,native,24,0.977496,0.972002,0.982095,0.010093,0.975603,0.965437,0.985118,0.950476,0.987162,24,0.988619,0.985802,0.990967,0.005165,0.987627,0.982414,0.992503,0.974609,0.99354,0.001733,24,0.001758,24,0.515625,24,0.0,24,,0,0.106174,24
19,17,24,False,native,24,0.977421,0.970251,0.983166,0.012915,0.975851,0.966409,0.987266,0.948763,0.988201,24,0.988582,0.984901,0.991511,0.006611,0.987749,0.982918,0.993592,0.973708,0.994066,0.001727,24,0.001695,24,0.537109,24,0.0,24,,0,0.106233,24
19,18,24,False,native,24,0.977348,0.971053,0.984164,0.013111,0.976287,0.96811,0.987118,0.94805,0.989241,24,0.988544,0.985314,0.992018,0.006704,0.987971,0.983797,0.993517,0.973332,0.994591,0.001829,24,0.001797,24,0.521484,24,0.0,24,,0,0.106296,24
19,19,24,False,native,24,0.977715,0.97098,0.984496,0.013516,0.976084,0.967819,0.986777,0.949762,0.987311,24,0.988732,0.985276,0.992188,0.006911,0.987871,0.983646,0.993344,0.974234,0.993615,0.001876,24,0.001735,24,0.509766,24,0.0,24,,0,0.106356,24
19,20,24,False,native,24,0.977789,0.971126,0.983683,0.012557,0.976149,0.966774,0.986807,0.949476,0.989984,24,0.98877,0.985352,0.991774,0.006423,0.987903,0.983105,0.993359,0.974084,0.994967,0.001814,24,0.001799,24,0.505859,24,0.0,24,0.999809,24,0.10641,24
19,21,24,False,native,24,0.977715,0.971345,0.983794,0.012449,0.976059,0.968154,0.987311,0.948478,0.989984,24,0.988732,0.985464,0.991831,0.006366,0.987856,0.983819,0.993615,0.973558,0.994967,0.001816,24,0.001874,24,0.527344,24,0.0,24,,0,0.106454,24
19,22,24,False,native,24,0.979038,0.971418,0.985421,0.014003,0.976736,0.968794,0.988216,0.94691,0.991622,24,0.989408,0.985502,0.992657,0.007155,0.9882,0.98415,0.994073,0.972731,0.995793,0.001809,24,0.001857,24,0.492188,24,0.0,24,,0,0.106501,24
19,23,24,False,native,24,0.979039,0.97171,0.984496,0.012786,0.976623,0.967746,0.987414,0.949334,0.990282,24,0.989408,0.985652,0.992188,0.006535,0.988144,0.983609,0.993667,0.974008,0.995117,0.001778,24,0.001741,24,0.498047,24,0.0,24,,0,0.10656,24
19,24,24,False,native,24,0.979482,0.971017,0.985014,0.013997,0.97646,0.966178,0.988884,0.947195,0.990431,24,0.989633,0.985295,0.99245,0.007155,0.988056,0.982797,0.994411,0.972882,0.995192,0.001915,24,0.001882,24,0.494141,24,0.0,24,,0,0.106579,24
19,25,24,False,native,24,0.979189,0.971382,0.984385,0.013004,0.976655,0.967093,0.98737,0.946483,0.991771,24,0.989483,0.985483,0.992131,0.006648,0.988156,0.983271,0.993645,0.972506,0.995868,0.001858,24,0.001877,24,0.46875,24,0.0,24,,0,0.106588,24
19,26,24,False,native,24,0.980071,0.971637,0.985569,0.013932,0.977028,0.967107,0.988454,0.947195,0.989092,24,0.989934,0.985614,0.992732,0.007118,0.988347,0.983278,0.994193,0.972882,0.994516,0.001736,24,0.001841,24,0.460938,24,0.0,24,,0,0.106563,24
19,27,24,False,native,24,0.979186,0.970689,0.984866,0.014177,0.976152,0.963089,0.988009,0.946768,0.990579,24,0.989483,0.985126,0.992375,0.007249,0.987896,0.981197,0.993968,0.972656,0.995267,0.001922,24,0.001771,24,0.484375,24,0.0,24,,0,0.106564,24
19,28,24,False,native,24,0.980364,0.972404,0.986051,0.013647,0.976783,0.959883,0.987756,0.946626,0.989687,24,0.990084,0.986009,0.992976,0.006967,0.988219,0.97953,0.99384,0.972581,0.994817,0.001974,24,0.002003,24,0.462891,24,0.0,24,,0,0.106515,24
19,29,24,False,native,24,0.980291,0.970506,0.985125,0.014619,0.976449,0.961599,0.988513,0.947338,0.990431,24,0.990047,0.985032,0.992507,0.007474,0.988046,0.980424,0.994223,0.972957,0.995192,0.001834,24,0.00207,24,0.460938,24,0.0,24,,0,0.106492,24
19,30,24,False,native,24,0.98029,0.971748,0.986162,0.014414,0.976539,0.963277,0.987563,0.945346,0.990431,24,0.990047,0.985671,0.993033,0.007362,0.98809,0.981295,0.993742,0.971905,0.995192,0.00185,24,0.001891,24,0.480469,24,0.0,24,0.999789,24,0.106424,24
19,31,24,False,native,24,0.980071,0.972514,0.986347,0.013833,0.97659,0.960703,0.988454,0.944777,0.990431,24,0.989934,0.986065,0.993127,0.007061,0.988115,0.979958,0.994193,0.971605,0.995192,0.001907,24,0.00183,24,0.476562,24,0.0,24,,0,0.106352,24
19,32,24,False,native,24,0.980511,0.972916,0.986754,0.013839,0.977048,0.960343,0.988112,0.94563,0.990579,24,0.990159,0.986272,0.993333,0.007061,0.98835,0.97977,0.99402,0.972055,0.995267,0.001888,24,0.001902,24,0.476562,24,0.0,24,,0,0.10629,24
19,33,24,False,native,24,0.980731,0.973026,0.987051,0.014025,0.977049,0.961267,0.988171,0.945772,0.990728,24,0.990272,0.986328,0.993483,0.007155,0.988353,0.980251,0.99405,0.97213,0.995343,0.002015,24,0.001956,24,0.457031,24,0.0,24,,0,0.106213,24
19,34,24,False,native,24,0.97985,0.973794,0.986458,0.012665,0.976752,0.959189,0.988765,0.944493,0.989092,24,0.989821,0.986723,0.993183,0.00646,0.988197,0.979169,0.994351,0.971454,0.994516,0.001865,24,0.001876,24,0.482422,24,0.0,24,,0,0.106123,24
19,35,24,False,native,24,0.9786,0.973026,0.987348,0.014322,0.97653,0.95775,0.989747,0.94691,0.991026,24,0.989183,0.986328,0.993634,0.007305,0.988084,0.978418,0.994847,0.972731,0.995493,0.001872,24,0.001884,24,0.513672,24,0.0,24,,0,0.10604,24
19,36,24,False,native,24,0.979627,0.972625,0.987348,0.014723,0.97665,0.956338,0.988201,0.946199,0.991175,24,0.989709,0.986122,0.993634,0.007512,0.988144,0.977682,0.994066,0.972356,0.995568,0.001892,24,0.001818,24,0.478516,24,0.0,24,,0,0.105998,24
19,37,24,False,native,24,0.980217,0.970579,0.985866,0.015287,0.976345,0.954357,0.989182,0.945914,0.991622,24,0.990009,0.98507,0.992882,0.007812,0.987984,0.976645,0.994561,0.972206,0.995793,0.001827,24,0.001859,24,0.46875,24,0.0,24,,0,0.106021,24
19,38,24,False,native,24,0.980733,0.969704,0.98657,0.016865,0.976317,0.954959,0.988706,0.944067,0.990133,24,0.990272,0.984619,0.993239,0.00862,0.987968,0.976961,0.994321,0.971229,0.995042,0.001886,24,0.001849,24,0.457031,24,0.0,24,,0,0.105968,24
19,39,24,False,native,24,0.980953,0.972221,0.985828,0.013607,0.97625,0.956151,0.989404,0.942649,0.990133,24,0.990385,0.985915,0.992864,0.006949,0.987934,0.977584,0.994674,0.970478,0.995042,0.002038,24,0.001954,24,0.458984,24,0.0,24,,0,0.105943,24
19,40,24,False,native,24,0.981617,0.970871,0.985348,0.014477,0.976327,0.954575,0.989523,0.938688,0.990728,24,0.990723,0.98522,0.992619,0.007399,0.987968,0.976758,0.994734,0.968374,0.995343,0.00191,24,0.001808,24,0.443359,24,0.0,24,0.999775,24,0.105915,24
19,41,24,False,native,24,0.981617,0.970908,0.985199,0.014292,0.975607,0.953697,0.988364,0.938829,0.988647,24,0.990723,0.985239,0.992544,0.007305,0.987599,0.9763,0.994148,0.96845,0.994291,0.001898,24,0.001903,24,0.4375,24,0.0,24,,0,0.105898,24
19,42,24,False,native,24,0.980732,0.972004,0.985569,0.013565,0.97554,0.952279,0.989687,0.937841,0.990728,24,0.990272,0.985802,0.992732,0.00693,0.987561,0.975556,0.994817,0.967924,0.995343,0.001812,24,0.001913,24,0.457031,24,0.0,24,,0,0.105827,24
19,43,24,False,native,24,0.980216,0.970473,0.984681,0.014209,0.975347,0.955089,0.988364,0.939111,0.991026,24,0.990009,0.985014,0.992281,0.007268,0.987464,0.977028,0.994148,0.9686,0.995493,0.001853,24,0.001809,24,0.464844,24,0.0,24,,0,0.105784,24
19,44,24,False,native,24,0.979629,0.971275,0.985126,0.013851,0.975344,0.955132,0.988142,0.941232,0.990133,24,0.989709,0.985427,0.992507,0.00708,0.987467,0.977051,0.994035,0.969727,0.995042,0.001838,24,0.001723,24,0.492188,24,0.0,24,,0,0.105818,24
19,45,24,False,native,24,0.980069,0.971638,0.985274,0.013636,0.975613,0.957331,0.988602,0.935587,0.991324,24,0.989934,0.985614,0.992582,0.006967,0.987599,0.9782,0.994268,0.966722,0.995643,0.001792,24,0.001865,24,0.458984,24,0.0,24,,0,0.105873,24
19,46,24,False,native,24,0.978377,0.972771,0.985458,0.012688,0.975287,0.956611,0.988869,0.935869,0.990728,24,0.98907,0.986197,0.992676,0.006479,0.987433,0.977825,0.994404,0.966872,0.995343,0.001991,24,0.001901,24,0.509766,24,0.0,24,,0,0.106049,24
19,47,24,False,native,24,0.979995,0.974307,0.986458,0.012151,0.976117,0.958137,0.989895,0.936713,0.991175,24,0.989896,0.986985,0.993183,0.006197,0.987859,0.978621,0.994922,0.967323,0.995568,0.00187,24,0.001913,24,0.472656,24,0.0,24,,0,0.106249,24
19,48,24,False,native,24,0.979627,0.97354,0.985569,0.012029,0.975594,0.96066,0.988988,0.932356,0.990877,24,0.989709,0.986591,0.992732,0.006141,0.987586,0.979935,0.994464,0.964994,0.995418,0.001975,24,0.001916,24,0.478516,24,0.0,24,,0,0.106508,24
19,49,24,False,native,24,0.978376,0.973831,0.982464,0.008634,0.974176,0.95321,0.989449,0.929975,0.990133,24,0.98907,0.986741,0.991155,0.004413,0.986851,0.976044,0.994697,0.963717,0.995042,0.001851,24,0.002136,24,0.5,24,0.0,24,,0,0.106502,24
20,0,24,False,native,24,0.969305,0.964907,0.980438,0.01553,0.972467,0.961383,0.98457,0.960097,0.990728,24,0.984413,0.98214,0.990122,0.007982,0.986018,0.980311,0.992225,0.979642,0.995343,0.00171,24,0.001702,24,0.650391,24,0.0,24,0.999694,24,0.103664,24
20,1,24,False,native,24,0.968649,0.965705,0.982464,0.016759,0.972623,0.962539,0.984955,0.960963,0.988498,24,0.984075,0.982553,0.991155,0.008601,0.9861,0.980912,0.99242,0.980093,0.994216,0.001916,24,0.001716,24,0.669922,24,0.0,24,,0,0.104852,24
20,2,24,False,native,24,0.972809,0.961433,0.981542,0.020109,0.972548,0.958194,0.988469,0.955921,0.989984,24,0.986215,0.980337,0.990685,0.010348,0.98605,0.978651,0.994201,0.977464,0.994967,0.001659,24,0.001693,24,0.615234,24,0.0,24,,0,0.104192,24
20,3,24,False,native,24,0.97332,0.963422,0.981358,0.017936,0.973029,0.960776,0.986569,0.95664,0.989092,24,0.986478,0.98137,0.990591,0.009221,0.986303,0.979995,0.993239,0.97784,0.994516,0.001929,24,0.001835,24,0.609375,24,0.0,24,,0,0.104226,24
20,4,24,False,native,24,0.973392,0.961361,0.981875,0.020514,0.973179,0.959708,0.986673,0.953195,0.991324,24,0.986516,0.9803,0.990854,0.010554,0.986372,0.97944,0.993292,0.976037,0.995643,0.001978,24,0.001838,24,0.587891,24,0.0,24,,0,0.104397,24
20,5,24,False,native,24,0.972589,0.96035,0.981765,0.021415,0.972393,0.957575,0.986777,0.955203,0.99192,24,0.986103,0.979774,0.990798,0.011024,0.985968,0.978328,0.993344,0.977088,0.995944,0.001933,24,0.001821,24,0.613281,24,0.0,24,,0,0.104387,24
20,6,24,False,native,24,0.974126,0.96165,0.981395,0.019745,0.972652,0.957806,0.988172,0.952336,0.99192,24,0.986892,0.98045,0.99061,0.01016,0.9861,0.978448,0.99405,0.975586,0.995944,0.001808,24,0.001784,24,0.582031,24,0.0,24,,0,0.104511,24
20,7,24,False,native,24,0.97398,0.960494,0.980844,0.020349,0.971921,0.957691,0.987014,0.952765,0.990579,24,0.986816,0.979849,0.990328,0.010479,0.985724,0.978388,0.993465,0.975811,0.995267,0.001783,24,0.001781,24,0.574219,24,0.0,24,,0,0.104597,24
20,8,24,False,native,24,0.97398,0.960891,0.981542,0.020651,0.972148,0.958194,0.98786,0.955203,0.991175,24,0.986816,0.980056,0.990685,0.01063,0.98584,0.978651,0.993893,0.977088,0.995568,0.001831,24,0.001755,24,0.587891,24,0.0,24,,0,0.104625,24
20,9,24,False,native,24,0.973612,0.959953,0.981727,0.021774,0.971719,0.958367,0.988855,0.952479,0.989538,24,0.986629,0.979567,0.990779,0.011212,0.985618,0.978741,0.994396,0.975661,0.994742,0.001727,24,0.001821,24,0.570312,24,0.0,24,,0,0.104595,24
20,10,24,False,native,24,0.974416,0.959773,0.981139,0.021366,0.971339,0.955404,0.987266,0.950333,0.990431,24,0.987042,0.979473,0.990479,0.011005,0.985417,0.977194,0.993592,0.974534,0.995192,0.001815,24,0.001815,24,0.558594,24,0.0,24,0.999673,24,0.104505,24
20,11,24,False,native,24,0.974637,0.958943,0.982243,0.0233,0.971569,0.956353,0.987281,0.952192,0.990728,24,0.987154,0.979041,0.991042,0.012,0.985536,0.977689,0.9936,0.975511,0.995343,0.001783,24,0.001788,24,0.558594,24,0.0,24,,0,0.104449,24
20,12,24,False,native,24,0.97215,0.957827,0.981104,0.023277,0.970617,0.953425,0.988736,0.949619,0.992069,24,0.985877,0.978459,0.99046,0.012,0.985042,0.976157,0.994336,0.974159,0.996019,0.001752,24,0.001712,24,0.619141,24,0.0,24,,0,0.10438,24
20,13,24,False,native,24,0.972226,0.957719,0.980035,0.022316,0.969866,0.951405,0.988305,0.947908,0.991622,24,0.985915,0.978403,0.989915,0.011512,0.98465,0.975098,0.994118,0.973257,0.995793,0.001721,24,0.001754,24,0.615234,24,0.0,24,,0,0.104291,24
20,14,24,False,native,24,0.971859,0.957107,0.981436,0.024328,0.969768,0.950805,0.989003,0.947338,0.990133,24,0.985727,0.978084,0.990629,0.012545,0.984597,0.974782,0.994471,0.972957,0.995042,0.001772,24,0.001791,24,0.603516,24,0.0,24,,0,0.10421,24
20,15,24,False,native,24,0.971644,0.956532,0.981179,0.024646,0.969341,0.949091,0.988513,0.945772,0.990282,24,0.985614,0.977783,0.990497,0.012714,0.984375,0.973881,0.994223,0.97213,0.995117,0.001824,24,0.001883,24,0.617188,24,0.0,24,,0,0.104106,24
20,16,24,False,native,24,0.970699,0.95646,0.982614,0.026154,0.969277,0.948764,0.989866,0.946057,0.991324,24,0.985126,0.977746,0.99123,0.013484,0.984337,0.973708,0.994907,0.972281,0.995643,0.001835,24,0.001881,24,0.628906,24,0.0,24,,0,0.104033,24
20,17,24,False,native,24,0.968945,0.955491,0.982391,0.026901,0.968767,0.94912,0.990207,0.943216,0.992218,24,0.984225,0.977239,0.991117,0.013878,0.984071,0.973896,0.99508,0.970778,0.996094,0.001844,24,0.001739,24,0.642578,24,0.0,24,,0,0.10395,24
20,18,24,False,native,24,0.971131,0.955095,0.983316,0.02822,0.968752,0.947839,0.989672,0.940383,0.991473,24,0.985352,0.977032,0.991587,0.014555,0.984059,0.97322,0.994809,0.969276,0.995718,0.00173,24,0.001805,24,0.619141,24,0.0,24,,0,0.103904,24
20,19,24,False,native,24,0.96873,0.955168,0.980405,0.025237,0.967601,0.949548,0.988409,0.939253,0.991473,24,0.984112,0.97707,0.990103,0.013033,0.983467,0.974121,0.994171,0.968675,0.995718,0.001825,24,0.001852,24,0.652344,24,0.0,24,,0,0.103874,24
20,20,24,False,native,24,0.967423,0.953876,0.982132,0.028256,0.967323,0.945675,0.988275,0.939677,0.992665,24,0.983436,0.976393,0.990986,0.014592,0.983317,0.972078,0.994103,0.9689,0.996319,0.00168,24,0.001764,24,0.640625,24,0.0,24,0.999593,24,0.10382,24
20,21,24,False,native,24,0.967431,0.953697,0.982687,0.02899,0.967585,0.94505,0.989063,0.940242,0.992069,24,0.983436,0.9763,0.991267,0.014968,0.983452,0.971747,0.994501,0.969201,0.996019,0.001713,24,0.001772,24,0.646484,24,0.0,24,,0,0.103802,24
20,22,24,False,native,24,0.965685,0.952944,0.981802,0.028858,0.967225,0.945874,0.988617,0.940383,0.992665,24,0.982535,0.975905,0.990817,0.014911,0.983267,0.972183,0.994276,0.969276,0.996319,0.001687,24,0.001836,24,0.677734,24,0.0,24,,0,0.103784,24
20,23,24,False,native,24,0.966046,0.95384,0.983868,0.030028,0.967671,0.948834,0.988335,0.943783,0.992964,24,0.982722,0.976375,0.991868,0.015494,0.983502,0.973745,0.994133,0.971079,0.996469,0.001823,24,0.001779,24,0.677734,24,0.0,24,,0,0.10374,24
20,24,24,False,native,24,0.965394,0.953196,0.98483,0.031634,0.967637,0.949006,0.990103,0.943358,0.994307,24,0.982384,0.976037,0.992357,0.01632,0.98348,0.973836,0.995027,0.970853,0.997145,0.001856,24,0.001817,24,0.6875,24,0.0,24,,0,0.103702,24
20,25,24,False,native,24,0.965022,0.953267,0.983757,0.03049,0.966811,0.947851,0.989092,0.941374,0.99192,24,0.982197,0.976074,0.991812,0.015738,0.983054,0.973227,0.994516,0.969802,0.995944,0.001923,24,0.0018,24,0.716797,24,0.0,24,,0,0.103685,24
20,26,24,False,native,24,0.96459,0.952408,0.982908,0.0305,0.966362,0.945957,0.989003,0.941232,0.99192,24,0.981971,0.975623,0.99138,0.015756,0.982819,0.972228,0.994471,0.969727,0.995944,0.001916,24,0.001782,24,0.697266,24,0.0,24,,0,0.103642,24
20,27,24,False,native,24,0.963354,0.9523,0.98409,0.03179,0.96639,0.946668,0.989345,0.939535,0.990728,24,0.981333,0.975567,0.991981,0.016414,0.982835,0.972604,0.994644,0.968825,0.995343,0.001812,24,0.001845,24,0.712891,24,0.0,24,,0,0.103561,24
20,28,24,False,native,24,0.96357,0.951013,0.98409,0.033077,0.965721,0.945134,0.989078,0.938123,0.99192,24,0.981445,0.974891,0.991981,0.01709,0.982481,0.971792,0.994509,0.968074,0.995944,0.001889,24,0.001823,24,0.722656,24,0.0,24,,0,0.103526,24
20,29,24,False,native,24,0.962557,0.949869,0.984053,0.034183,0.965126,0.945318,0.989226,0.935587,0.99192,24,0.980919,0.97429,0.991962,0.017672,0.982168,0.97189,0.994584,0.966722,0.995944,0.001911,24,0.001769,24,0.724609,24,0.0,24,,0,0.103465,24
20,30,24,False,native,24,0.962557,0.949405,0.984756,0.035351,0.9653,0.945843,0.988409,0.935587,0.99192,24,0.980919,0.974046,0.992319,0.018273,0.982256,0.972168,0.994171,0.966722,0.995944,0.00194,24,0.001953,24,0.710938,24,0.0,24,0.999524,24,0.103416,24
20,31,24,False,native,24,0.961905,0.949229,0.986273,0.037044,0.965045,0.943046,0.988959,0.933479,0.99371,24,0.980581,0.973952,0.993089,0.019137,0.982115,0.970688,0.994449,0.965595,0.996845,0.001915,24,0.001853,24,0.738281,24,0.0,24,,0,0.103384,24
20,32,24,False,native,24,0.962701,0.948373,0.986458,0.038085,0.964718,0.942479,0.988795,0.933479,0.991771,24,0.980995,0.973501,0.993183,0.019681,0.981946,0.970388,0.994366,0.965595,0.995868,0.001922,24,0.001906,24,0.738281,24,0.0,24,,0,0.103365,24
20,33,24,False,native,24,0.963497,0.947303,0.985607,0.038303,0.964544,0.943727,0.988914,0.934884,0.990431,24,0.981408,0.972938,0.992751,0.019813,0.981858,0.971049,0.994426,0.966346,0.995192,0.001954,24,0.001726,24,0.724609,24,0.0,24,,0,0.103323,24
20,34,24,False,native,24,0.962628,0.947801,0.984089,0.036289,0.964118,0.943826,0.988439,0.934884,0.990133,24,0.980957,0.973201,0.991981,0.01878,0.981643,0.971101,0.994186,0.966346,0.995042,0.001779,24,0.001799,24,0.734375,24,0.0,24,,0,0.103285,24
20,35,24,False,native,24,0.962699,0.947373,0.984533,0.03716,0.964071,0.943358,0.98835,0.935024,0.990133,24,0.980995,0.972976,0.992206,0.019231,0.981617,0.970853,0.994141,0.966421,0.995042,0.001756,24,0.001645,24,0.730469,24,0.0,24,,0,0.103268,24
20,36,24,False,native,24,0.962194,0.948086,0.984164,0.036078,0.96373,0.942153,0.988276,0.935165,0.990728,24,0.980732,0.973351,0.992018,0.018667,0.981439,0.970215,0.994103,0.966496,0.995343,0.001863,24,0.001657,24,0.726562,24,0.0,24,,0,0.103244,24
20,37,24,False,native,24,0.961615,0.947908,0.985348,0.03744,0.963728,0.939988,0.98835,0.935587,0.991026,24,0.980431,0.973257,0.992619,0.019362,0.981433,0.969066,0.994141,0.966722,0.995493,0.001782,24,0.001841,24,0.744141,24,0.0,24,,0,0.103274,24
20,38,24,False,native,24,0.961037,0.949833,0.985791,0.035958,0.963873,0.938576,0.988156,0.934462,0.989836,24,0.980131,0.974271,0.992845,0.018573,0.981511,0.968314,0.994043,0.966121,0.994892,0.001803,24,0.001738,24,0.753906,24,0.0,24,,0,0.103328,24
20,39,24,False,native,24,0.961182,0.949691,0.985607,0.035916,0.964028,0.937968,0.989167,0.934884,0.990133,24,0.980206,0.974196,0.992751,0.018555,0.981589,0.967991,0.994554,0.966346,0.995042,0.001771,24,0.001775,24,0.753906,24,0.0,24,,0,0.103346,24
20,40,24,False,native,24,0.962048,0.947873,0.98668,0.038808,0.963224,0.937108,0.988543,0.9339,0.990133,24,0.980657,0.973238,0.993296,0.020057,0.981167,0.967533,0.994238,0.96582,0.995042,0.00175,24,0.001798,24,0.738281,24,0.0,24,0.999459,24,0.103321,24
20,41,24,False,native,24,0.961183,0.948874,0.985718,0.036844,0.963384,0.937165,0.989464,0.934603,0.991175,24,0.980206,0.973764,0.992807,0.019043,0.981248,0.967563,0.994704,0.966196,0.995568,0.001731,24,0.001834,24,0.744141,24,0.0,24,,0,0.103287,24
20,42,24,False,native,24,0.961108,0.949953,0.987199,0.037247,0.963781,0.939535,0.989107,0.932075,0.991175,24,0.980168,0.974328,0.993558,0.019231,0.981452,0.968825,0.994524,0.964844,0.995568,0.001808,24,0.00164,24,0.75,24,0.0,24,,0,0.103272,24
20,43,24,False,native,24,0.959305,0.947449,0.986903,0.039454,0.963393,0.939041,0.989196,0.932917,0.990728,24,0.979229,0.973013,0.993408,0.020395,0.981248,0.968562,0.994569,0.965294,0.995343,0.001704,24,0.001785,24,0.771484,24,0.0,24,,0,0.103246,24
20,44,24,False,native,24,0.958511,0.947125,0.986384,0.039259,0.962774,0.935574,0.988409,0.933338,0.989687,24,0.978816,0.972844,0.993145,0.020301,0.980929,0.966714,0.994171,0.96552,0.994817,0.001888,24,0.001721,24,0.783203,24,0.0,24,,0,0.103134,24
20,45,24,False,native,24,0.957719,0.945985,0.986643,0.040658,0.962052,0.935433,0.987667,0.931795,0.989984,24,0.978403,0.972243,0.993277,0.021034,0.98055,0.966639,0.993795,0.964694,0.994967,0.001777,24,0.001599,24,0.810547,24,0.0,24,,0,0.102983,24
20,46,24,False,native,24,0.955634,0.94194,0.986013,0.044073,0.960215,0.933156,0.987207,0.929835,0.989241,24,0.977314,0.970102,0.992957,0.022855,0.979583,0.965422,0.993562,0.963642,0.994591,0.001829,24,0.001572,24,0.820312,24,0.0,24,,0,0.102725,24
20,47,24,False,native,24,0.952837,0.940314,0.986532,0.046218,0.958962,0.93244,0.987311,0.926344,0.98835,24,0.975849,0.969238,0.99322,0.023982,0.978916,0.965039,0.993615,0.961764,0.994141,0.001506,24,0.001547,24,0.835938,24,0.0,24,,0,0.102335,24
20,48,24,False,native,24,0.94962,0.935165,0.984089,0.048924,0.956231,0.93244,0.987949,0.91857,0.989687,24,0.974159,0.966496,0.991981,0.025485,0.977473,0.965039,0.993938,0.957557,0.994817,0.001627,24,0.00146,24,0.855469,24,0.0,24,,0,0.101712,24
20,49,24,False,native,24,0.948764,0.934392,0.984237,0.049846,0.955006,0.927557,0.986703,0.917465,0.988647,24,0.973708,0.966083,0.992056,0.025973,0.976822,0.962417,0.993307,0.956956,0.994291,0.001536,24,0.00155,24,0.835938,24,0.0,24,,0,0.100243,24
21,0,24,False,native,24,0.972148,0.962554,0.984977,0.022423,0.970889,0.949945,0.987934,0.938688,0.990133,24,0.985877,0.980919,0.992432,0.011512,0.985173,0.974324,0.99393,0.968374,0.995042,0.001755,24,0.00184,24,0.605469,24,0.0,24,0.999732,24,0.104944,24
21,1,24,False,native,24,0.971637,0.968903,0.979927,0.011024,0.97174,0.954136,0.987518,0.931935,0.989836,24,0.985614,0.984206,0.989859,0.005653,0.985618,0.976525,0.99372,0.964769,0.994892,0.001677,24,0.00161,24,0.619141,24,0.0,24,,0,0.105294,24
21,2,24,False,native,24,0.97493,0.968612,0.983092,0.01448,0.974195,0.96238,0.989078,0.943074,0.991175,24,0.987305,0.984056,0.991474,0.007418,0.986892,0.980829,0.994509,0.970703,0.995568,0.001762,24,0.001806,24,0.544922,24,0.0,24,,0,0.105192,24
21,3,24,False,native,24,0.973464,0.968321,0.985236,0.016915,0.975003,0.96593,0.988305,0.947765,0.994008,24,0.986553,0.983905,0.992563,0.008658,0.987308,0.98267,0.994118,0.973182,0.996995,0.001764,24,0.001878,24,0.587891,24,0.0,24,,0,0.105262,24
21,4,24,False,native,24,0.976765,0.968394,0.986088,0.017694,0.975477,0.965204,0.988409,0.945346,0.992516,24,0.988244,0.983943,0.992995,0.009052,0.987549,0.982294,0.994171,0.971905,0.996244,0.0018,24,0.001894,24,0.542969,24,0.0,24,,0,0.105179,24
21,5,24,False,native,24,0.975152,0.967848,0.982468,0.014619,0.974859,0.965306,0.988795,0.948335,0.99192,24,0.987417,0.983661,0.991155,0.007493,0.987236,0.982347,0.994366,0.973483,0.995944,0.001895,24,0.001826,24,0.566406,24,0.0,24,,0,0.105196,24
21,6,24,False,native,24,0.975371,0.966467,0.983351,0.016884,0.975069,0.964973,0.990505,0.951048,0.992069,24,0.98753,0.982948,0.991605,0.008658,0.987342,0.982174,0.99523,0.97491,0.996019,0.001967,24,0.001742,24,0.550781,24,0.0,24,,0,0.105065,24
21,7,24,False,native,24,0.974713,0.966286,0.98361,0.017324,0.975172,0.964074,0.99049,0.953625,0.991175,24,0.987192,0.982854,0.991737,0.008883,0.987399,0.981708,0.995222,0.976262,0.995568,0.001848,24,0.001801,24,0.556641,24,0.0,24,,0,0.104965,24
21,8,24,False,native,24,0.974562,0.969158,0.983647,0.014488,0.975359,0.96019,0.989761,0.955203,0.992069,24,0.987117,0.984337,0.991756,0.007418,0.987496,0.979688,0.994854,0.977088,0.996019,0.001891,24,0.001893,24,0.539062,24,0.0,24,,0,0.104876,24
21,9,24,False,native,24,0.974269,0.967994,0.98361,0.015616,0.974781,0.959856,0.98994,0.953482,0.991324,24,0.986967,0.983736,0.991737,0.008,0.987198,0.979515,0.994944,0.976187,0.995643,0.001867,24,0.001829,24,0.552734,24,0.0,24,,0,0.104711,24
21,10,24,False,native,24,0.974123,0.966504,0.984645,0.018141,0.974916,0.959969,0.989167,0.955059,0.991324,24,0.986892,0.982966,0.992263,0.009296,0.987267,0.979575,0.994554,0.977013,0.995643,0.001922,24,0.002008,24,0.570312,24,0.0,24,0.999733,24,0.104568,24
21,11,24,False,native,24,0.973903,0.966468,0.983646,0.017178,0.974721,0.959161,0.989182,0.956209,0.990728,24,0.986779,0.982948,0.991756,0.008808,0.987167,0.979154,0.994561,0.977614,0.995343,0.001839,24,0.001911,24,0.548828,24,0.0,24,,0,0.104426,24
21,12,24,False,native,24,0.972952,0.966577,0.983905,0.017328,0.974437,0.957864,0.989642,0.954916,0.990133,24,0.986291,0.983004,0.991887,0.008883,0.98702,0.978478,0.994794,0.976938,0.995042,0.001884,24,0.00194,24,0.580078,24,0.0,24,,0,0.104302,24
21,13,24,False,native,24,0.974419,0.966469,0.98457,0.018101,0.974016,0.957877,0.988395,0.955203,0.989538,24,0.987042,0.982948,0.992225,0.009277,0.986804,0.978486,0.994163,0.977088,0.994742,0.001891,24,0.001734,24,0.539062,24,0.0,24,,0,0.10425,24
21,14,24,False,native,24,0.972077,0.965779,0.984089,0.01831,0.973845,0.957892,0.988795,0.956209,0.989836,24,0.98584,0.982591,0.991981,0.00939,0.986716,0.978493,0.994366,0.977614,0.994892,0.001731,24,0.001863,24,0.564453,24,0.0,24,,0,0.104152,24
21,15,24,False,native,24,0.973032,0.964509,0.983424,0.018916,0.973411,0.956065,0.988706,0.954342,0.98939,24,0.986328,0.981934,0.991643,0.009709,0.986491,0.977539,0.994321,0.976638,0.994666,0.001911,24,0.001923,24,0.552734,24,0.0,24,,0,0.104074,24
21,16,24,False,native,24,0.972235,0.964074,0.982686,0.018612,0.972882,0.956295,0.98783,0.952336,0.989687,24,0.985915,0.981708,0.991267,0.009559,0.986219,0.977659,0.993878,0.975586,0.994817,0.001867,24,0.001871,24,0.546875,24,0.0,24,,0,0.103976,24
21,17,24,False,native,24,0.972226,0.964291,0.984348,0.020057,0.973157,0.956655,0.988468,0.954198,0.991473,24,0.985915,0.981821,0.992112,0.010291,0.986359,0.977847,0.994201,0.976562,0.995718,0.001783,24,0.001896,24,0.574219,24,0.0,24,,0,0.103892,24
21,18,24,False,native,24,0.972669,0.964219,0.984201,0.019982,0.973241,0.955964,0.987222,0.955634,0.990282,24,0.98614,0.981783,0.992037,0.010254,0.986403,0.977486,0.99357,0.977314,0.995117,0.001823,24,0.001959,24,0.552734,24,0.0,24,,0,0.103778,24
21,19,24,False,native,24,0.971937,0.963603,0.98324,0.019637,0.972568,0.955089,0.987504,0.953338,0.988944,24,0.985765,0.981464,0.991549,0.010085,0.986056,0.977028,0.993712,0.976112,0.994441,0.001839,24,0.001966,24,0.59375,24,0.0,24,,0,0.103709,24
21,20,24,False,native,24,0.973476,0.963711,0.984459,0.020748,0.973195,0.955477,0.987133,0.951763,0.990728,24,0.986553,0.98152,0.992169,0.010648,0.986375,0.977231,0.993525,0.975285,0.995343,0.001956,24,0.001828,24,0.556641,24,0.0,24,0.999705,24,0.103638,24
21,21,24,False,native,24,0.971284,0.963096,0.983129,0.020032,0.972094,0.95654,0.986051,0.950619,0.990133,24,0.985427,0.981201,0.991493,0.010291,0.985809,0.977787,0.992976,0.974684,0.995042,0.001864,24,0.001926,24,0.587891,24,0.0,24,,0,0.103585,24
21,22,24,False,native,24,0.972022,0.962337,0.984385,0.022048,0.971686,0.955361,0.986154,0.946199,0.991771,24,0.985802,0.980807,0.992131,0.011324,0.985589,0.977171,0.993029,0.972356,0.995868,0.001876,24,0.001772,24,0.576172,24,0.0,24,,0,0.103535,24
21,23,24,False,native,24,0.970644,0.961831,0.983535,0.021704,0.97133,0.955605,0.987177,0.945203,0.992665,24,0.985089,0.980544,0.991699,0.011155,0.985405,0.977299,0.993547,0.97183,0.996319,0.00179,24,0.001709,24,0.601562,24,0.0,24,,0,0.103481,24
21,24,24,False,native,24,0.971513,0.959557,0.983203,0.023646,0.971234,0.955806,0.985976,0.947623,0.991175,24,0.985539,0.979361,0.99153,0.012169,0.985358,0.977404,0.992939,0.973107,0.995568,0.001738,24,0.001818,24,0.591797,24,0.0,24,,0,0.103462,24
21,25,24,False,native,24,0.970057,0.959954,0.983203,0.023249,0.970763,0.955893,0.985976,0.945488,0.991473,24,0.984788,0.979567,0.99153,0.011963,0.985114,0.977449,0.992939,0.97198,0.995718,0.001777,24,0.001818,24,0.617188,24,0.0,24,,0,0.103393,24
21,26,24,False,native,24,0.971007,0.958799,0.984016,0.025216,0.970648,0.955376,0.985695,0.944351,0.990431,24,0.985276,0.978966,0.991943,0.012977,0.985051,0.977178,0.992796,0.971379,0.995192,0.001708,24,0.001721,24,0.601562,24,0.0,24,,0,0.103333,24
21,27,24,False,native,24,0.96991,0.958043,0.983166,0.025123,0.969645,0.954414,0.984378,0.9435,0.991175,24,0.984713,0.978572,0.991511,0.012939,0.984535,0.976675,0.992127,0.970928,0.995568,0.001775,24,0.001707,24,0.628906,24,0.0,24,,0,0.103321,24
21,28,24,False,native,24,0.970722,0.958583,0.98372,0.025137,0.970235,0.954199,0.985591,0.942932,0.990728,24,0.985126,0.978854,0.991793,0.012939,0.984835,0.976562,0.992743,0.970628,0.995343,0.001824,24,0.001631,24,0.611328,24,0.0,24,,0,0.103294,24
21,29,24,False,native,24,0.971375,0.956928,0.982243,0.025315,0.969275,0.953754,0.984955,0.940242,0.991026,24,0.985464,0.97799,0.991042,0.013052,0.984337,0.97633,0.99242,0.969201,0.995493,0.001754,24,0.001733,24,0.605469,24,0.0,24,,0,0.103274,24
21,30,24,False,native,24,0.972022,0.956964,0.983794,0.02683,0.96929,0.953037,0.984452,0.939818,0.990728,24,0.985802,0.978009,0.991831,0.013822,0.984344,0.975954,0.992165,0.968975,0.995343,0.001833,24,0.00172,24,0.607422,24,0.0,24,0.999682,24,0.103256,24
21,31,24,False,native,24,0.971576,0.957359,0.982538,0.025179,0.969133,0.952307,0.985266,0.940242,0.989538,24,0.985577,0.978215,0.991192,0.012977,0.984265,0.975571,0.992578,0.969201,0.994742,0.001666,24,0.001773,24,0.619141,24,0.0,24,,0,0.103267,24
21,32,24,False,native,24,0.970555,0.956928,0.981358,0.02443,0.968336,0.951921,0.98423,0.939253,0.988795,24,0.985051,0.97799,0.990591,0.012601,0.983855,0.975368,0.992052,0.968675,0.994366,0.001738,24,0.001701,24,0.634766,24,0.0,24,,0,0.10325,24
21,33,24,False,native,24,0.971142,0.956965,0.981874,0.024909,0.96847,0.951534,0.984585,0.938688,0.989984,24,0.985352,0.978009,0.990854,0.012846,0.983921,0.975165,0.992233,0.968374,0.994967,0.001739,24,0.001787,24,0.640625,24,0.0,24,,0,0.103256,24
21,34,24,False,native,24,0.973324,0.957542,0.980732,0.02319,0.968624,0.951949,0.985637,0.93615,0.988647,24,0.986478,0.978309,0.990272,0.011963,0.984003,0.975383,0.992766,0.967022,0.994291,0.001774,24,0.001736,24,0.597656,24,0.0,24,,0,0.103284,24
21,35,24,False,native,24,0.971276,0.95567,0.981579,0.025909,0.968134,0.951606,0.983919,0.936432,0.989538,24,0.985427,0.977332,0.990704,0.013371,0.983749,0.975203,0.991895,0.967172,0.994742,0.00182,24,0.001693,24,0.632812,24,0.0,24,,0,0.103267,24
21,36,24,False,native,24,0.973246,0.956892,0.981247,0.024355,0.968656,0.951763,0.984851,0.936009,0.988944,24,0.986441,0.977971,0.990535,0.012564,0.984018,0.975285,0.992368,0.966947,0.994441,0.001804,24,0.001772,24,0.611328,24,0.0,24,,0,0.103289,24
21,37,24,False,native,24,0.973025,0.956247,0.981542,0.025295,0.968479,0.950676,0.98494,0.935587,0.988944,24,0.986328,0.977633,0.990685,0.013052,0.983924,0.974715,0.992413,0.966722,0.994441,0.001851,24,0.001945,24,0.615234,24,0.0,24,,0,0.103299,24
21,38,24,False,native,24,0.973464,0.957543,0.982206,0.024663,0.968984,0.950848,0.985799,0.934884,0.987904,24,0.986553,0.978309,0.991023,0.012714,0.984184,0.974805,0.992849,0.966346,0.993915,0.001884,24,0.001814,24,0.585938,24,0.0,24,,0,0.103324,24
21,39,24,False,native,24,0.973244,0.956319,0.9811,0.024781,0.968919,0.950505,0.9846,0.93897,0.98835,24,0.986441,0.977671,0.99046,0.012789,0.984156,0.974624,0.99224,0.968525,0.994141,0.001993,24,0.001732,24,0.609375,24,0.0,24,,0,0.103331,24
21,40,24,False,native,24,0.973537,0.957145,0.980953,0.023807,0.968602,0.947181,0.985295,0.937559,0.986421,24,0.986591,0.978102,0.990385,0.012282,0.98399,0.972874,0.992593,0.967773,0.993164,0.001816,24,0.001766,24,0.585938,24,0.0,24,0.999664,24,0.103385,24
21,41,24,False,native,24,0.971346,0.956389,0.980179,0.02379,0.967895,0.948264,0.98352,0.939111,0.984496,24,0.985464,0.977708,0.98999,0.012282,0.983633,0.973445,0.991692,0.9686,0.992188,0.001742,24,0.001837,24,0.621094,24,0.0,24,,0,0.103389,24
21,42,24,False,native,24,0.972077,0.958481,0.980032,0.021551,0.96821,0.948307,0.983979,0.939111,0.98568,24,0.98584,0.978797,0.989915,0.011118,0.983793,0.973468,0.991925,0.9686,0.992788,0.001687,24,0.001714,24,0.613281,24,0.0,24,,0,0.103432,24
21,43,24,False,native,24,0.972514,0.957115,0.979517,0.022401,0.968275,0.946953,0.983373,0.940383,0.987014,24,0.986065,0.978084,0.989652,0.011569,0.983824,0.972754,0.991617,0.969276,0.993465,0.001687,24,0.001671,24,0.591797,24,0.0,24,,0,0.103435,24
21,44,24,False,native,24,0.973244,0.956217,0.97959,0.023373,0.968139,0.945104,0.983122,0.942082,0.988053,24,0.986441,0.977614,0.98969,0.012076,0.983752,0.971777,0.991489,0.970177,0.99399,0.001763,24,0.00167,24,0.580078,24,0.0,24,,0,0.103466,24
21,45,24,False,native,24,0.970981,0.956002,0.979553,0.023551,0.967326,0.944493,0.982103,0.943074,0.986717,24,0.985276,0.977502,0.989671,0.012169,0.983336,0.971454,0.990971,0.970703,0.993314,0.001655,24,0.001624,24,0.642578,24,0.0,24,,0,0.103584,24
21,46,24,False,native,24,0.973683,0.955689,0.978523,0.022834,0.967424,0.944394,0.980879,0.943074,0.988647,24,0.986666,0.977332,0.989145,0.011813,0.983383,0.971402,0.990347,0.970703,0.994291,0.001729,24,0.001742,24,0.591797,24,0.0,24,,0,0.103738,24
21,47,24,False,native,24,0.97266,0.954102,0.977201,0.023099,0.966571,0.943017,0.980953,0.939677,0.988498,24,0.98614,0.976506,0.988469,0.011963,0.982938,0.970673,0.990385,0.9689,0.994216,0.00182,24,0.001805,24,0.595703,24,0.0,24,,0,0.104022,24
21,48,24,False,native,24,0.975074,0.955896,0.976944,0.021048,0.96683,0.940893,0.98051,0.937982,0.987607,24,0.98738,0.977445,0.988338,0.010892,0.98307,0.969546,0.990159,0.967999,0.993765,0.00179,24,0.001797,24,0.578125,24,0.0,24,,0,0.104239,24
21,49,24,False,native,24,0.974635,0.956122,0.977899,0.021777,0.966176,0.934209,0.980613,0.930954,0.987311,24,0.987154,0.977558,0.988826,0.011268,0.98271,0.965986,0.990212,0.964243,0.993615,0.001852,24,0.001836,24,0.574219,24,0.0,24,,0,0.104118,24
22,0,24,False,native,24,0.965886,0.952729,0.976944,0.024215,0.96532,0.94768,0.985534,0.937841,0.989984,24,0.982647,0.975793,0.988338,0.012545,0.982297,0.973137,0.992713,0.967924,0.994967,0.001604,24,0.001623,24,0.716797,24,0.0,24,0.999669,24,0.101176,24
22,1,24,False,native,24,0.973098,0.954593,0.982169,0.027576,0.968529,0.945708,0.98991,0.934181,0.991324,24,0.986366,0.976769,0.991004,0.014235,0.98394,0.972093,0.994929,0.965971,0.995643,0.001605,24,0.00163,24,0.599609,24,0.0,24,,0,0.101626,24
22,2,24,False,native,24,0.9811,0.968503,0.983979,0.015476,0.976184,0.961151,0.986199,0.939677,0.992069,24,0.99046,0.983999,0.991925,0.007925,0.987909,0.980191,0.993051,0.9689,0.996019,0.002228,24,0.002188,24,0.443359,24,0.0,24,,0,0.102179,24
22,3,24,False,native,24,0.978523,0.967049,0.98494,0.017891,0.976143,0.960806,0.988766,0.953912,0.99192,24,0.989145,0.983248,0.992413,0.009165,0.987896,0.980011,0.994351,0.976412,0.995944,0.002026,24,0.002297,24,0.476562,24,0.0,24,,0,0.10272,24
22,4,24,False,native,24,0.980658,0.968362,0.985273,0.016911,0.976706,0.959838,0.988083,0.957215,0.991771,24,0.990234,0.983924,0.992582,0.008658,0.988184,0.979507,0.994005,0.97814,0.995868,0.002153,24,0.002359,24,0.472656,24,0.0,24,,0,0.103081,24
22,5,24,False,native,24,0.97948,0.967814,0.986532,0.018718,0.97675,0.962467,0.988468,0.95019,0.990133,24,0.989633,0.983643,0.99322,0.009578,0.988203,0.980874,0.994201,0.974459,0.995042,0.00222,24,0.002302,24,0.474609,24,0.0,24,,0,0.103213,24
22,6,24,False,native,24,0.979922,0.972406,0.985828,0.013423,0.977249,0.963829,0.988231,0.944209,0.992367,24,0.989859,0.986009,0.992864,0.006855,0.988453,0.981581,0.994081,0.971304,0.996169,0.002345,24,0.002309,24,0.455078,24,0.0,24,,0,0.103392,24
22,7,24,False,native,24,0.980363,0.972115,0.987607,0.015492,0.97712,0.964581,0.988751,0.940808,0.991771,24,0.990084,0.985859,0.993765,0.007906,0.988381,0.981971,0.994343,0.969501,0.995868,0.002381,24,0.002289,24,0.460938,24,0.0,24,,0,0.103488,24
22,8,24,False,native,24,0.981026,0.973501,0.986013,0.012512,0.97711,0.964453,0.989955,0.937841,0.991622,24,0.990422,0.986572,0.992957,0.006385,0.988372,0.981904,0.994952,0.967924,0.995793,0.002343,24,0.002408,24,0.427734,24,0.0,24,,0,0.103643,24
22,9,24,False,native,24,0.979185,0.975845,0.98631,0.010465,0.977703,0.969392,0.989107,0.934181,0.993411,24,0.989483,0.987774,0.993108,0.005334,0.988676,0.984458,0.994524,0.965971,0.996695,0.002308,24,0.002361,24,0.472656,24,0.0,24,,0,0.103681,24
22,10,24,False,native,24,0.979627,0.974929,0.986717,0.011789,0.977296,0.969304,0.989464,0.933759,0.991473,24,0.989709,0.987305,0.993314,0.00601,0.988463,0.984413,0.994704,0.965745,0.995718,0.002306,24,0.002302,24,0.474609,24,0.0,24,0.99972,24,0.103787,24
22,11,24,False,native,24,0.979185,0.975148,0.986495,0.011347,0.977935,0.970383,0.990401,0.9339,0.992069,24,0.989483,0.987417,0.993202,0.005784,0.988795,0.984968,0.995177,0.96582,0.996019,0.002241,24,0.002074,24,0.490234,24,0.0,24,,0,0.103832,24
22,12,24,False,native,24,0.979259,0.975331,0.985126,0.009795,0.977096,0.970455,0.989434,0.932356,0.991324,24,0.989521,0.987511,0.992507,0.004995,0.988363,0.985006,0.994689,0.964994,0.995643,0.002173,24,0.002132,24,0.488281,24,0.0,24,,0,0.103867,24
22,13,24,False,native,24,0.978965,0.974452,0.985162,0.01071,0.976762,0.971083,0.990148,0.927041,0.992367,24,0.98937,0.987061,0.992526,0.005465,0.988181,0.985329,0.99505,0.962139,0.996169,0.002242,24,0.002016,24,0.492188,24,0.0,24,,0,0.103879,24
22,14,24,False,native,24,0.97845,0.97361,0.985162,0.011552,0.977137,0.970003,0.991324,0.933479,0.992964,24,0.989108,0.986629,0.992526,0.005897,0.988381,0.984773,0.995643,0.965595,0.996469,0.002294,24,0.002244,24,0.496094,24,0.0,24,,0,0.103863,24
22,15,24,False,native,24,0.980363,0.972404,0.98531,0.012906,0.976936,0.970732,0.989598,0.933479,0.99192,24,0.990084,0.986009,0.992601,0.006592,0.988278,0.985149,0.994772,0.965595,0.995944,0.002114,24,0.002202,24,0.472656,24,0.0,24,,0,0.103882,24
22,16,24,False,native,24,0.977862,0.974049,0.984311,0.010262,0.976611,0.970834,0.989702,0.934321,0.992218,24,0.988807,0.986854,0.992094,0.00524,0.988115,0.985201,0.994824,0.966046,0.996094,0.001959,24,0.002326,24,0.509766,24,0.0,24,,0,0.103908,24
22,17,24,False,native,24,0.97845,0.973867,0.983387,0.00952,0.976629,0.96894,0.990594,0.936009,0.992069,24,0.989108,0.98676,0.991624,0.004864,0.988128,0.984225,0.995275,0.966947,0.996019,0.002097,24,0.00202,24,0.488281,24,0.0,24,,0,0.103979,24
22,18,24,False,native,24,0.977715,0.974562,0.983572,0.00901,0.975736,0.967223,0.989895,0.927041,0.991473,24,0.988732,0.987117,0.991718,0.004601,0.987665,0.983338,0.994922,0.962139,0.995718,0.002114,24,0.001983,24,0.521484,24,0.0,24,,0,0.104009,24
22,19,24,False,native,24,0.980731,0.976174,0.98287,0.006696,0.977007,0.963118,0.990475,0.938406,0.991771,24,0.990272,0.987943,0.991361,0.003418,0.988322,0.981212,0.995215,0.968224,0.995868,0.002217,24,0.002058,24,0.455078,24,0.0,24,,0,0.104091,24
22,20,24,False,native,24,0.97867,0.975844,0.983795,0.007951,0.976444,0.963292,0.990356,0.932496,0.99192,24,0.98922,0.987774,0.991831,0.004056,0.988028,0.981303,0.995155,0.965069,0.995944,0.002084,24,0.002108,24,0.5,24,0.0,24,0.999741,24,0.104138,24
22,21,24,False,native,24,0.979185,0.975477,0.982612,0.007135,0.975608,0.960719,0.99055,0.931515,0.991175,24,0.989483,0.987586,0.99123,0.003643,0.987593,0.979965,0.995252,0.964543,0.995568,0.002023,24,0.00193,24,0.492188,24,0.0,24,,0,0.104197,24
22,22,24,False,native,24,0.977935,0.975551,0.983055,0.007504,0.97552,0.958367,0.989523,0.935024,0.992516,24,0.988845,0.987624,0.991455,0.003831,0.987555,0.978741,0.994734,0.966421,0.996244,0.001925,24,0.002001,24,0.5,24,0.0,24,,0,0.104201,24
22,23,24,False,native,24,0.978376,0.975258,0.982317,0.007059,0.975286,0.955131,0.989553,0.935306,0.992516,24,0.98907,0.987474,0.991079,0.003606,0.987436,0.977051,0.994749,0.966572,0.996244,0.001924,24,0.001987,24,0.492188,24,0.0,24,,0,0.104222,24
22,24,24,False,native,24,0.979112,0.975294,0.983757,0.008463,0.975588,0.953353,0.990223,0.93615,0.992665,24,0.989446,0.987492,0.991812,0.004319,0.987586,0.976119,0.995087,0.967022,0.996319,0.001905,24,0.001999,24,0.5,24,0.0,24,,0,0.104229,24
22,25,24,False,native,24,0.978597,0.975038,0.983757,0.008719,0.974831,0.952278,0.9893,0.932636,0.991026,24,0.989183,0.987361,0.991812,0.004451,0.987192,0.975556,0.994621,0.965144,0.995493,0.002106,24,0.001977,24,0.505859,24,0.0,24,,0,0.104219,24
22,26,24,False,native,24,0.979112,0.974415,0.981542,0.007127,0.974719,0.952208,0.990312,0.93404,0.991473,24,0.989446,0.987042,0.990685,0.003643,0.987139,0.975518,0.995132,0.965895,0.995718,0.001954,24,0.001905,24,0.492188,24,0.0,24,,0,0.104246,24
22,27,24,False,native,24,0.976834,0.973537,0.9818,0.008263,0.974194,0.950278,0.989955,0.934603,0.991175,24,0.988281,0.986591,0.990817,0.004226,0.98687,0.974504,0.994952,0.966196,0.995568,0.001924,24,0.00203,24,0.539062,24,0.0,24,,0,0.104213,24
22,28,24,False,native,24,0.977128,0.974122,0.982575,0.008453,0.974219,0.951522,0.988661,0.933759,0.989984,24,0.988431,0.986892,0.991211,0.004319,0.986882,0.975158,0.994298,0.965745,0.994967,0.001922,24,0.001879,24,0.527344,24,0.0,24,,0,0.104202,24
22,29,24,False,native,24,0.977568,0.975477,0.982981,0.007504,0.975093,0.954055,0.989003,0.934321,0.990133,24,0.988657,0.987586,0.991418,0.003831,0.987336,0.976487,0.994471,0.966046,0.995042,0.001947,24,0.001996,24,0.523438,24,0.0,24,,0,0.104183,24
22,30,24,False,native,24,0.978229,0.975514,0.98121,0.005697,0.974603,0.952221,0.988706,0.934181,0.989836,24,0.988995,0.987605,0.990516,0.002911,0.987082,0.975526,0.994321,0.965971,0.994892,0.002021,24,0.002031,24,0.494141,24,0.0,24,0.999737,24,0.104133,24
22,31,24,False,native,24,0.978744,0.976467,0.981579,0.005112,0.974661,0.95331,0.988617,0.9339,0.990282,24,0.989258,0.988093,0.990704,0.00261,0.987111,0.976097,0.994276,0.96582,0.995117,0.002039,24,0.002013,24,0.5,24,0.0,24,,0,0.104101,24
22,32,24,False,native,24,0.979406,0.97566,0.981727,0.006066,0.974804,0.950991,0.989241,0.934462,0.989538,24,0.989596,0.98768,0.990779,0.003099,0.987183,0.97488,0.994591,0.966121,0.994742,0.002068,24,0.001959,24,0.476562,24,0.0,24,,0,0.104048,24
22,33,24,False,native,24,0.979038,0.976504,0.979995,0.003491,0.974278,0.951234,0.989063,0.929695,0.989984,24,0.989408,0.988112,0.989896,0.001784,0.986904,0.975008,0.994501,0.963567,0.994967,0.00201,24,0.001927,24,0.486328,24,0.0,24,,0,0.104034,24
22,34,24,False,native,24,0.978229,0.976981,0.981063,0.004082,0.974412,0.952035,0.988617,0.933479,0.990431,24,0.988995,0.988356,0.990441,0.002085,0.986979,0.975428,0.994276,0.965595,0.995192,0.002023,24,0.002056,24,0.507812,24,0.0,24,,0,0.103984,24
22,35,24,False,native,24,0.978744,0.976761,0.981653,0.004892,0.974887,0.952235,0.989479,0.929695,0.990728,24,0.989258,0.988244,0.990741,0.002498,0.98722,0.975533,0.994712,0.963567,0.995343,0.002026,24,0.00205,24,0.490234,24,0.0,24,,0,0.103911,24
22,36,24,False,native,24,0.978817,0.976394,0.981247,0.004854,0.9747,0.952851,0.988409,0.933479,0.990728,24,0.989295,0.988056,0.990535,0.002479,0.987129,0.975856,0.994171,0.965595,0.995343,0.00197,24,0.001994,24,0.498047,24,0.0,24,,0,0.103901,24
22,37,24,False,native,24,0.977201,0.9761,0.980805,0.004705,0.974634,0.953625,0.98786,0.939818,0.990282,24,0.988469,0.987906,0.990309,0.002404,0.987107,0.976262,0.993893,0.968975,0.995117,0.001895,24,0.001962,24,0.53125,24,0.0,24,,0,0.103922,24
22,38,24,False,native,24,0.978817,0.977238,0.980584,0.003346,0.975673,0.957172,0.989003,0.940525,0.990579,24,0.989295,0.988488,0.990197,0.001709,0.987643,0.978117,0.994471,0.969351,0.995267,0.001899,24,0.001966,24,0.496094,24,0.0,24,,0,0.103961,24
22,39,24,False,native,24,0.978303,0.976834,0.979627,0.002793,0.975246,0.956525,0.987281,0.941515,0.989984,24,0.989032,0.988281,0.989709,0.001427,0.987427,0.977779,0.9936,0.969877,0.994967,0.001949,24,0.001972,24,0.507812,24,0.0,24,,0,0.103998,24
22,40,24,False,native,24,0.977935,0.975587,0.980694,0.005107,0.97517,0.955663,0.986376,0.94194,0.988944,24,0.988845,0.987643,0.990253,0.00261,0.987392,0.977329,0.993142,0.970102,0.994441,0.001962,24,0.001982,24,0.498047,24,0.0,24,0.999747,24,0.104055,24
22,41,24,False,native,24,0.97845,0.975587,0.9804,0.004813,0.97531,0.958626,0.986229,0.946199,0.988795,24,0.989108,0.987643,0.990103,0.00246,0.987471,0.978876,0.993066,0.972356,0.994366,0.002008,24,0.001922,24,0.503906,24,0.0,24,,0,0.104083,24
22,42,24,False,native,24,0.978009,0.975551,0.979921,0.004371,0.975618,0.962671,0.985932,0.945914,0.987756,24,0.988882,0.987624,0.989859,0.002235,0.98763,0.98098,0.992916,0.972206,0.99384,0.001971,24,0.002113,24,0.511719,24,0.0,24,,0,0.104193,24
22,43,24,False,native,24,0.97845,0.974049,0.981284,0.007235,0.975586,0.960805,0.985399,0.949476,0.988053,24,0.989108,0.986854,0.990554,0.0037,0.987618,0.980011,0.992646,0.974084,0.99399,0.0019,24,0.001991,24,0.511719,24,0.0,24,,0,0.104364,24
22,44,24,False,native,24,0.979038,0.975038,0.980805,0.005767,0.97633,0.96186,0.985844,0.954485,0.988201,24,0.989408,0.987361,0.990309,0.002948,0.988003,0.980559,0.992871,0.976713,0.994066,0.001916,24,0.00188,24,0.494141,24,0.0,24,,0,0.104737,24
22,45,24,False,native,24,0.978376,0.974269,0.980474,0.006205,0.975899,0.96335,0.98491,0.954198,0.986125,24,0.98907,0.986967,0.99014,0.003174,0.987784,0.981333,0.992398,0.976562,0.993014,0.001852,24,0.001865,24,0.509766,24,0.0,24,,0,0.105208,24
22,46,24,False,native,24,0.979185,0.974305,0.981763,0.007458,0.976462,0.965379,0.985014,0.95549,0.985828,24,0.989483,0.986985,0.990798,0.003812,0.988075,0.982384,0.99245,0.977239,0.992864,0.002022,24,0.001987,24,0.494141,24,0.0,24,,0,0.105804,24
22,47,24,False,native,24,0.978009,0.974819,0.981653,0.006834,0.976265,0.96293,0.985251,0.954772,0.986866,24,0.988882,0.987248,0.990741,0.003493,0.987971,0.981115,0.992571,0.976863,0.993389,0.001964,24,0.001894,24,0.511719,24,0.0,24,,0,0.106588,24
22,48,24,False,native,24,0.978082,0.9735,0.981284,0.007784,0.975878,0.962308,0.983461,0.95952,0.983461,24,0.98892,0.986572,0.990554,0.003981,0.987777,0.980792,0.991662,0.979342,0.991662,0.002065,24,0.001883,24,0.501953,24,0.0,24,,0,0.10739,24
22,49,24,False,native,24,0.976614,0.968612,0.979664,0.011052,0.974434,0.96699,0.981513,0.958511,0.983757,24,0.988169,0.984056,0.989727,0.005672,0.987039,0.983218,0.99067,0.978816,0.991812,0.001848,24,0.001973,24,0.529297,24,0.0,24,,0,0.108557,24
23,0,24,False,native,24,0.964437,0.957864,0.978634,0.02077,0.964989,0.946557,0.980658,0.935728,0.986866,24,0.981896,0.978478,0.989201,0.010723,0.982134,0.972544,0.990234,0.966797,0.993389,0.001524,24,0.001519,24,0.705078,24,0.0,24,0.999728,24,0.106392,24
23,1,24,False,native,24,0.970105,0.958908,0.979921,0.021014,0.965031,0.950319,0.982737,0.898731,0.988944,24,0.984826,0.979023,0.989859,0.010836,0.982078,0.974527,0.991294,0.946665,0.994441,0.001684,24,0.001593,24,0.638672,24,0.0,24,,0,0.106506,24
23,2,24,False,native,24,0.968212,0.963712,0.980328,0.016616,0.966107,0.953912,0.986065,0.886621,0.989836,24,0.983849,0.98152,0.990065,0.008545,0.982616,0.976412,0.992984,0.939904,0.994892,0.001513,24,0.001491,24,0.666016,24,0.0,24,,0,0.106545,24
23,3,24,False,native,24,0.969012,0.966249,0.981432,0.015182,0.967959,0.954659,0.9878,0.901986,0.990431,24,0.984262,0.982835,0.990629,0.007794,0.983605,0.976803,0.993863,0.948468,0.995192,0.00161,24,0.001568,24,0.666016,24,0.0,24,,0,0.106919,24
23,4,24,False,native,24,0.973098,0.965814,0.981249,0.015435,0.969326,0.956022,0.989093,0.89846,0.989687,24,0.986366,0.98261,0.990535,0.007925,0.984309,0.977517,0.994516,0.946514,0.994817,0.001608,24,0.001749,24,0.589844,24,0.0,24,,0,0.106851,24
23,5,24,False,native,24,0.972662,0.965705,0.981728,0.016023,0.969751,0.958367,0.98737,0.907027,0.992665,24,0.98614,0.982553,0.990779,0.008226,0.984544,0.978741,0.993645,0.951247,0.996319,0.001609,24,0.001697,24,0.59375,24,0.0,24,,0,0.106785,24
23,6,24,False,native,24,0.972879,0.964726,0.983129,0.018403,0.970261,0.95624,0.989345,0.915947,0.991175,24,0.986253,0.982046,0.991493,0.009446,0.984816,0.977629,0.994644,0.95613,0.995568,0.001637,24,0.001499,24,0.621094,24,0.0,24,,0,0.10673,24
23,7,24,False,native,24,0.973684,0.966722,0.984534,0.017813,0.9711,0.957432,0.990446,0.911271,0.991473,24,0.986666,0.983079,0.992206,0.009127,0.985242,0.978253,0.9952,0.953576,0.995718,0.001602,24,0.001613,24,0.601562,24,0.0,24,,0,0.106751,24
23,8,24,False,native,24,0.973906,0.965454,0.980223,0.014769,0.970633,0.958382,0.989449,0.914845,0.991473,24,0.986779,0.982422,0.990009,0.007587,0.985014,0.978748,0.994697,0.955529,0.995718,0.001627,24,0.001704,24,0.576172,24,0.0,24,,0,0.106636,24
23,9,24,False,native,24,0.971565,0.965601,0.98158,0.015979,0.970243,0.954085,0.98936,0.925369,0.992069,24,0.985577,0.982497,0.990704,0.008207,0.984819,0.976502,0.994651,0.961238,0.996019,0.00161,24,0.001619,24,0.613281,24,0.0,24,,0,0.106516,24
23,10,24,False,native,24,0.97361,0.965452,0.981065,0.015614,0.971006,0.960227,0.988453,0.926344,0.990728,24,0.986629,0.982422,0.990441,0.008019,0.98522,0.97971,0.994193,0.961764,0.995343,0.00159,24,0.001686,24,0.595703,24,0.0,24,0.999753,24,0.106343,24
23,11,24,False,native,24,0.974049,0.963822,0.979926,0.016104,0.970698,0.957489,0.987607,0.924395,0.991175,24,0.986854,0.981577,0.989859,0.008282,0.98506,0.978283,0.993765,0.960712,0.995568,0.001628,24,0.001622,24,0.576172,24,0.0,24,,0,0.106228,24
23,12,24,False,native,24,0.974049,0.96353,0.980259,0.016729,0.970973,0.957258,0.987118,0.926205,0.991622,24,0.986854,0.981427,0.990028,0.008601,0.985204,0.978163,0.993517,0.961689,0.995793,0.001601,24,0.001683,24,0.570312,24,0.0,24,,0,0.106114,24
23,13,24,False,native,24,0.973464,0.964111,0.978636,0.014525,0.97033,0.955979,0.987815,0.924256,0.991771,24,0.986553,0.981727,0.989201,0.007474,0.984873,0.977494,0.99387,0.960637,0.995868,0.001521,24,0.001629,24,0.59375,24,0.0,24,,0,0.105976,24
23,14,24,False,native,24,0.974415,0.960531,0.979741,0.01921,0.970186,0.955921,0.985443,0.928996,0.991622,24,0.987042,0.979868,0.989765,0.009897,0.984804,0.977464,0.992668,0.963191,0.995793,0.001619,24,0.001627,24,0.570312,24,0.0,24,,0,0.1059,24
23,15,24,False,native,24,0.975954,0.963895,0.979189,0.015294,0.971003,0.955276,0.987118,0.928996,0.990431,24,0.987831,0.981614,0.989483,0.007869,0.985229,0.977126,0.993517,0.963191,0.995192,0.001615,24,0.001581,24,0.554688,24,0.0,24,,0,0.105765,24
23,16,24,False,native,24,0.973025,0.961398,0.980183,0.018785,0.970519,0.957115,0.985503,0.934462,0.990877,24,0.986328,0.980319,0.98999,0.009672,0.984988,0.978087,0.992698,0.966121,0.995418,0.001643,24,0.001634,24,0.603516,24,0.0,24,,0,0.10575,24
23,17,24,False,native,24,0.974562,0.961076,0.978124,0.017048,0.970314,0.953282,0.984851,0.932496,0.990579,24,0.987117,0.980149,0.988939,0.008789,0.984879,0.976082,0.992368,0.965069,0.995267,0.001599,24,0.001571,24,0.574219,24,0.0,24,,0,0.105669,24
23,18,24,False,native,24,0.973903,0.962559,0.978967,0.016408,0.970842,0.95539,0.985577,0.939253,0.991622,24,0.986779,0.980919,0.98937,0.008451,0.985154,0.977186,0.992736,0.968675,0.995793,0.001607,24,0.001713,24,0.576172,24,0.0,24,,0,0.105627,24
23,19,24,False,native,24,0.975367,0.961365,0.979408,0.018043,0.970462,0.95225,0.984452,0.938829,0.989836,24,0.98753,0.9803,0.989596,0.009296,0.984957,0.975541,0.992165,0.96845,0.994892,0.001615,24,0.001648,24,0.541016,24,0.0,24,,0,0.105662,24
23,20,24,False,native,24,0.974196,0.961184,0.978047,0.016863,0.970614,0.953697,0.986244,0.942082,0.991324,24,0.986929,0.980206,0.988901,0.008695,0.985039,0.9763,0.993074,0.970177,0.995643,0.001692,24,0.001704,24,0.578125,24,0.0,24,0.999746,24,0.105586,24
23,21,24,False,native,24,0.974196,0.961797,0.979481,0.017684,0.971082,0.954701,0.984792,0.941799,0.991175,24,0.986929,0.980525,0.989633,0.009108,0.985283,0.976825,0.992338,0.970027,0.995568,0.001689,24,0.001617,24,0.564453,24,0.0,24,,0,0.105578,24
23,22,24,False,native,24,0.974635,0.961294,0.977643,0.01635,0.970728,0.952737,0.985133,0.942082,0.992218,24,0.987154,0.980262,0.988694,0.008432,0.985098,0.975796,0.992511,0.970177,0.996094,0.001646,24,0.001488,24,0.578125,24,0.0,24,,0,0.105534,24
23,23,24,False,native,24,0.975074,0.96241,0.979335,0.016925,0.971375,0.952622,0.984511,0.942932,0.992814,24,0.98738,0.980844,0.989558,0.008714,0.985433,0.975736,0.992195,0.970628,0.996394,0.001669,24,0.001733,24,0.574219,24,0.0,24,,0,0.105517,24
23,24,24,False,native,24,0.974122,0.961254,0.980033,0.018779,0.970771,0.951763,0.984112,0.945772,0.991771,24,0.986892,0.980243,0.989915,0.009672,0.985123,0.975285,0.991992,0.97213,0.995868,0.001669,24,0.001744,24,0.580078,24,0.0,24,,0,0.105504,24
23,25,24,False,native,24,0.974635,0.959849,0.979518,0.019669,0.970872,0.952694,0.985103,0.945488,0.992367,24,0.987154,0.979511,0.989652,0.010141,0.985173,0.975774,0.992495,0.97198,0.996169,0.001718,24,0.001629,24,0.574219,24,0.0,24,,0,0.105453,24
23,26,24,False,native,24,0.974488,0.957763,0.981837,0.024074,0.970417,0.94999,0.985221,0.944777,0.991026,24,0.987079,0.978422,0.990835,0.012414,0.984932,0.974354,0.992556,0.971605,0.995493,0.001804,24,0.001652,24,0.564453,24,0.0,24,,0,0.105435,24
23,27,24,False,native,24,0.972148,0.96144,0.980695,0.019255,0.970177,0.948307,0.983831,0.946483,0.991771,24,0.985877,0.980337,0.990253,0.009916,0.984813,0.973468,0.991849,0.972506,0.995868,0.001657,24,0.001568,24,0.621094,24,0.0,24,,0,0.105368,24
23,28,24,False,native,24,0.972733,0.9609,0.97948,0.01858,0.970134,0.950619,0.982413,0.948906,0.991622,24,0.986178,0.980056,0.989633,0.009578,0.984798,0.974684,0.991128,0.973783,0.995793,0.001643,24,0.001703,24,0.613281,24,0.0,24,,0,0.105305,24
23,29,24,False,native,24,0.97383,0.960427,0.980473,0.020046,0.970596,0.951005,0.983151,0.94748,0.991473,24,0.986741,0.979811,0.99014,0.010329,0.985035,0.974887,0.991504,0.973032,0.995718,0.001619,24,0.001626,24,0.576172,24,0.0,24,,0,0.105231,24
23,30,24,False,native,24,0.974415,0.957721,0.978891,0.02117,0.970278,0.950276,0.982103,0.946057,0.990282,24,0.987042,0.978403,0.989333,0.01093,0.98487,0.974504,0.990971,0.972281,0.995117,0.001607,24,0.001659,24,0.570312,24,0.0,24,0.999726,24,0.105182,24
23,31,24,False,native,24,0.974708,0.958198,0.979811,0.021613,0.970069,0.948663,0.982974,0.946768,0.991324,24,0.987192,0.978647,0.989802,0.011155,0.984757,0.973655,0.991414,0.972656,0.995643,0.00169,24,0.001713,24,0.566406,24,0.0,24,,0,0.105098,24
23,32,24,False,native,24,0.974562,0.958837,0.979369,0.020532,0.970736,0.954744,0.982266,0.945914,0.992367,24,0.987117,0.978985,0.989577,0.010592,0.985107,0.976848,0.991053,0.972206,0.996169,0.00173,24,0.001584,24,0.570312,24,0.0,24,,0,0.105059,24
23,33,24,False,native,24,0.974928,0.957036,0.978818,0.021782,0.969846,0.949035,0.981587,0.945346,0.991175,24,0.987305,0.978046,0.989295,0.011249,0.984644,0.973851,0.990708,0.971905,0.995568,0.001669,24,0.001779,24,0.574219,24,0.0,24,,0,0.105053,24
23,34,24,False,native,24,0.974928,0.955742,0.979075,0.023333,0.969731,0.950719,0.980805,0.948335,0.991473,24,0.987305,0.97737,0.989427,0.012057,0.984588,0.974737,0.990309,0.973483,0.995718,0.001717,24,0.001577,24,0.570312,24,0.0,24,,0,0.104991,24
23,35,24,False,native,24,0.974269,0.954127,0.979222,0.025095,0.969568,0.951062,0.981793,0.945914,0.990431,24,0.986967,0.976525,0.989502,0.012977,0.9845,0.974917,0.990813,0.972206,0.995192,0.001678,24,0.00167,24,0.580078,24,0.0,24,,0,0.105006,24
23,36,24,False,native,24,0.974708,0.955239,0.979848,0.024608,0.970084,0.951649,0.981808,0.947908,0.989687,24,0.987192,0.977107,0.989821,0.012714,0.984769,0.975225,0.99082,0.973257,0.994817,0.001748,24,0.001728,24,0.564453,24,0.0,24,,0,0.105032,24
23,37,24,False,native,24,0.975587,0.953589,0.978891,0.025302,0.970098,0.951534,0.980967,0.950048,0.988201,24,0.987643,0.976243,0.989333,0.01309,0.984779,0.975165,0.990392,0.974384,0.994066,0.001763,24,0.001713,24,0.539062,24,0.0,24,,0,0.105086,24
23,38,24,False,native,24,0.977348,0.956748,0.979185,0.022437,0.970675,0.95255,0.980068,0.951477,0.988795,24,0.988544,0.977896,0.989483,0.011587,0.985079,0.975699,0.989934,0.975135,0.994366,0.001749,24,0.001798,24,0.519531,24,0.0,24,,0,0.105171,24
23,39,24,False,native,24,0.975441,0.956496,0.978891,0.022395,0.970677,0.953295,0.981646,0.949619,0.988498,24,0.987568,0.977764,0.989333,0.011569,0.985082,0.976089,0.990738,0.974159,0.994216,0.001792,24,0.00174,24,0.550781,24,0.0,24,,0,0.10525,24
23,40,24,False,native,24,0.975441,0.957971,0.977899,0.019928,0.970303,0.951606,0.980098,0.951048,0.989241,24,0.987568,0.978534,0.988826,0.010291,0.984891,0.975203,0.989949,0.97491,0.994591,0.001739,24,0.001702,24,0.548828,24,0.0,24,0.999745,24,0.105328,24
23,41,24,False,native,24,0.975735,0.958836,0.979627,0.02079,0.971046,0.953983,0.980997,0.950619,0.989538,24,0.987718,0.978985,0.989709,0.010723,0.985273,0.97645,0.990407,0.974684,0.994742,0.001817,24,0.001861,24,0.556641,24,0.0,24,,0,0.1054,24
23,42,24,False,native,24,0.975295,0.960424,0.979148,0.018724,0.970813,0.953998,0.980245,0.949619,0.989836,24,0.987492,0.979811,0.989464,0.009653,0.985154,0.976457,0.990024,0.974159,0.994892,0.001869,24,0.001772,24,0.544922,24,0.0,24,,0,0.105479,24
23,43,24,False,native,24,0.97405,0.959921,0.978744,0.018823,0.970148,0.952823,0.98057,0.946768,0.988053,24,0.986854,0.979549,0.989258,0.009709,0.98481,0.975841,0.990189,0.972656,0.99399,0.001788,24,0.001726,24,0.585938,24,0.0,24,,0,0.105556,24
23,44,24,False,native,24,0.974269,0.960283,0.978376,0.018094,0.970064,0.952665,0.980172,0.94691,0.988498,24,0.986967,0.979736,0.98907,0.009334,0.984766,0.975759,0.989986,0.972731,0.994216,0.001757,24,0.001634,24,0.578125,24,0.0,24,,0,0.105737,24
23,45,24,False,native,24,0.975441,0.961686,0.978009,0.016323,0.970385,0.949734,0.979259,0.948478,0.986866,24,0.987568,0.980469,0.988882,0.008413,0.984935,0.974219,0.989521,0.973558,0.993389,0.001773,24,0.001757,24,0.544922,24,0.0,24,,0,0.105955,24
23,46,24,False,native,24,0.974488,0.965923,0.979038,0.013116,0.971035,0.950762,0.98169,0.948906,0.983757,24,0.987079,0.982666,0.989408,0.006742,0.985273,0.97476,0.99076,0.973783,0.991812,0.001794,24,0.001744,24,0.564453,24,0.0,24,,0,0.106165,24
23,47,24,False,native,24,0.973101,0.967485,0.9811,0.013615,0.971426,0.955548,0.983417,0.942932,0.984792,24,0.986366,0.983474,0.99046,0.006986,0.985471,0.977269,0.991639,0.970628,0.992338,0.001838,24,0.001815,24,0.583984,24,0.0,24,,0,0.106409,24
23,48,24,False,native,24,0.974489,0.967775,0.978746,0.01097,0.971405,0.96105,0.982531,0.936432,0.985976,24,0.987079,0.983624,0.989258,0.005634,0.985455,0.980138,0.991188,0.967172,0.992939,0.001818,24,0.001788,24,0.568359,24,0.0,24,,0,0.106604,24
23,49,24,False,native,24,0.973976,0.97058,0.97746,0.006879,0.971934,0.964755,0.983801,0.936854,0.985236,24,0.986816,0.98507,0.988601,0.003531,0.98573,0.982061,0.991834,0.967398,0.992563,0.001872,24,0.002035,24,0.583984,24,0.0,24,,0,0.106837,24
24,0,24,False,native,24,0.975367,0.969923,0.980402,0.010479,0.97228,0.959347,0.987726,0.924116,0.98939,24,0.98753,0.984732,0.990103,0.005371,0.985877,0.979252,0.993825,0.960562,0.994666,0.001854,24,0.001887,24,0.566406,24,0.0,24,0.999722,24,0.106707,24
24,1,24,False,native,24,0.976541,0.972477,0.985865,0.013388,0.975189,0.955122,0.98936,0.938547,0.990877,24,0.988131,0.986046,0.992882,0.006836,0.987386,0.977043,0.994651,0.968299,0.995418,0.002019,24,0.001952,24,0.53125,24,0.0,24,,0,0.107394,24
24,2,24,False,native,24,0.987236,0.973171,0.989129,0.015958,0.980849,0.967296,0.990386,0.951477,0.992218,24,0.993577,0.986403,0.994535,0.008132,0.9903,0.983376,0.99517,0.975135,0.996094,0.003107,24,0.00315,24,0.324219,24,0.0,24,,0,0.107187,24
24,3,24,False,native,24,0.987607,0.974415,0.988981,0.014566,0.981146,0.962916,0.990639,0.954629,0.991622,24,0.993765,0.987042,0.99446,0.007418,0.99045,0.981107,0.995297,0.976788,0.995793,0.003022,24,0.002868,24,0.308594,24,0.0,24,,0,0.107289,24
24,4,24,False,native,24,0.98835,0.975112,0.990059,0.014947,0.981788,0.963755,0.990639,0.956352,0.990877,24,0.994141,0.987399,0.995005,0.007606,0.990779,0.981543,0.995297,0.977689,0.995418,0.003576,24,0.003573,24,0.294922,24,0.0,24,,0,0.107405,24
24,5,24,False,native,24,0.988721,0.976798,0.990431,0.013633,0.981645,0.961983,0.990684,0.954485,0.991324,24,0.994328,0.988262,0.995192,0.00693,0.990704,0.980619,0.99532,0.976713,0.995643,0.003348,24,0.003381,24,0.287109,24,0.0,24,,0,0.107357,24
24,6,24,False,native,24,0.988869,0.976467,0.990021,0.013554,0.981764,0.962094,0.990535,0.957647,0.992069,24,0.994404,0.988093,0.994986,0.006892,0.990766,0.980679,0.995245,0.978365,0.996019,0.003667,24,0.003489,24,0.285156,24,0.0,24,,0,0.107438,24
24,7,24,False,native,24,0.988127,0.975294,0.990059,0.014764,0.981715,0.963177,0.991249,0.955778,0.991622,24,0.994028,0.987492,0.995005,0.007512,0.990741,0.981242,0.995605,0.977389,0.995793,0.003522,24,0.003557,24,0.300781,24,0.0,24,,0,0.107494,24
24,8,24,False,native,24,0.987978,0.976724,0.98939,0.012665,0.981689,0.965278,0.990832,0.95549,0.991026,24,0.993953,0.988225,0.994666,0.006442,0.990729,0.982332,0.995395,0.977239,0.995493,0.003121,24,0.003307,24,0.298828,24,0.0,24,,0,0.107585,24
24,9,24,False,native,24,0.988053,0.9779,0.98939,0.01149,0.982051,0.96602,0.990684,0.957359,0.991473,24,0.99399,0.988826,0.994666,0.005841,0.990917,0.982715,0.99532,0.978215,0.995718,0.003261,24,0.003243,24,0.302734,24,0.0,24,,0,0.107625,24
24,10,24,False,native,24,0.987756,0.977348,0.989724,0.012376,0.982493,0.968038,0.990952,0.956209,0.994008,24,0.99384,0.988544,0.994835,0.006291,0.991142,0.983759,0.995455,0.977614,0.996995,0.00344,24,0.003216,24,0.308594,24,0.0,24,0.999737,24,0.107689,24
24,11,24,False,native,24,0.988275,0.979296,0.989873,0.010577,0.982714,0.968169,0.990937,0.95549,0.991026,24,0.994103,0.98954,0.994911,0.005371,0.991255,0.983827,0.995448,0.977239,0.995493,0.003451,24,0.003207,24,0.294922,24,0.0,24,,0,0.107709,24
24,12,24,False,native,24,0.987533,0.978744,0.98965,0.010906,0.98207,0.966237,0.990594,0.955778,0.991771,24,0.993727,0.989258,0.994798,0.00554,0.990926,0.982828,0.995275,0.977389,0.995868,0.003546,24,0.003331,24,0.310547,24,0.0,24,,0,0.10782,24
24,13,24,False,native,24,0.987682,0.976907,0.989278,0.012371,0.981759,0.967674,0.990832,0.955347,0.99192,24,0.993803,0.988319,0.99461,0.006291,0.990766,0.983571,0.995395,0.977163,0.995944,0.003336,24,0.002963,24,0.314453,24,0.0,24,,0,0.107899,24
24,14,24,False,native,24,0.987311,0.978523,0.989092,0.010569,0.981932,0.968212,0.98994,0.953338,0.990431,24,0.993615,0.989145,0.994516,0.005371,0.990857,0.983849,0.994944,0.976112,0.995192,0.003131,24,0.003111,24,0.318359,24,0.0,24,,0,0.107946,24
24,15,24,False,native,24,0.986273,0.979185,0.988795,0.00961,0.98216,0.969945,0.98991,0.956928,0.991026,24,0.993089,0.989483,0.994366,0.004883,0.990976,0.984743,0.994929,0.97799,0.995493,0.003112,24,0.003071,24,0.341797,24,0.0,24,,0,0.108013,24
24,16,24,False,native,24,0.985828,0.980584,0.988053,0.007469,0.981851,0.96961,0.988855,0.955921,0.990282,24,0.992864,0.990197,0.99399,0.003794,0.99082,0.98457,0.994396,0.977464,0.995117,0.002707,24,0.002951,24,0.351562,24,0.0,24,,0,0.108055,24
24,17,24,False,native,24,0.98398,0.979995,0.987644,0.00765,0.981524,0.969493,0.989598,0.95549,0.990579,24,0.991925,0.989896,0.993784,0.003887,0.990654,0.98451,0.994772,0.977239,0.995267,0.002624,24,0.002673,24,0.388672,24,0.0,24,,0,0.108149,24
24,18,24,False,native,24,0.985015,0.979554,0.988312,0.008759,0.98177,0.968998,0.989449,0.957503,0.990877,24,0.99245,0.989671,0.994122,0.004451,0.990779,0.984255,0.994697,0.97829,0.995418,0.002945,24,0.002736,24,0.365234,24,0.0,24,,0,0.108233,24
24,19,24,False,native,24,0.984866,0.980732,0.988461,0.007729,0.981945,0.968998,0.989598,0.958799,0.989836,24,0.992375,0.990272,0.994197,0.003925,0.99087,0.984255,0.994772,0.978966,0.994892,0.0028,24,0.003026,24,0.378906,24,0.0,24,,0,0.108291,24
24,20,24,False,native,24,0.98531,0.982095,0.988907,0.006811,0.982654,0.970952,0.990252,0.95664,0.990728,24,0.992601,0.990967,0.994422,0.003456,0.99123,0.985261,0.995102,0.97784,0.995343,0.002865,24,0.00308,24,0.371094,24,0.0,24,0.999738,24,0.108365,24
24,21,24,False,native,24,0.98472,0.980916,0.988869,0.007954,0.982219,0.971112,0.98991,0.956496,0.991622,24,0.9923,0.990366,0.994404,0.004038,0.991007,0.985344,0.994929,0.977764,0.995793,0.002662,24,0.002743,24,0.376953,24,0.0,24,,0,0.108406,24
24,22,24,False,native,24,0.986273,0.980105,0.988684,0.008578,0.982314,0.970441,0.99052,0.956209,0.991771,24,0.993089,0.989953,0.99431,0.004357,0.991054,0.984998,0.995237,0.977614,0.995868,0.002964,24,0.002885,24,0.345703,24,0.0,24,,0,0.108445,24
24,23,24,False,native,24,0.985606,0.981174,0.989241,0.008067,0.982803,0.971696,0.990788,0.956784,0.991622,24,0.992751,0.990497,0.994591,0.004094,0.991305,0.985645,0.995373,0.977915,0.995793,0.002939,24,0.003076,24,0.359375,24,0.0,24,,0,0.108431,24
24,24,24,False,native,24,0.986125,0.980842,0.988684,0.007842,0.982603,0.971082,0.991101,0.95549,0.993262,24,0.993014,0.990328,0.99431,0.003981,0.991202,0.985329,0.99553,0.977239,0.99662,0.002945,24,0.002977,24,0.345703,24,0.0,24,,0,0.108467,24
24,25,24,False,native,24,0.986199,0.980326,0.987682,0.007355,0.982562,0.972981,0.990669,0.958799,0.991324,24,0.993051,0.990065,0.993803,0.003737,0.991186,0.986306,0.995312,0.978966,0.995643,0.002743,24,0.0031,24,0.349609,24,0.0,24,,0,0.108471,24
24,26,24,False,native,24,0.985459,0.9797,0.987162,0.007462,0.981988,0.973025,0.990342,0.957359,0.992218,24,0.992676,0.989746,0.99354,0.003794,0.990892,0.986328,0.995147,0.978215,0.996094,0.002764,24,0.00271,24,0.369141,24,0.0,24,,0,0.108458,24
24,27,24,False,native,24,0.985532,0.979369,0.987385,0.008016,0.981898,0.972514,0.989553,0.957359,0.990282,24,0.992713,0.989577,0.993652,0.004075,0.990848,0.986065,0.994749,0.978215,0.995117,0.002796,24,0.002847,24,0.361328,24,0.0,24,,0,0.108417,24
24,28,24,False,native,24,0.985014,0.97959,0.987236,0.007646,0.982071,0.973347,0.989523,0.957503,0.991175,24,0.99245,0.98969,0.993577,0.003887,0.990935,0.986493,0.994734,0.97829,0.995568,0.003,24,0.003036,24,0.365234,24,0.0,24,,0,0.108342,24
24,29,24,False,native,24,0.98531,0.980032,0.986903,0.006871,0.981934,0.972955,0.989315,0.958367,0.990728,24,0.992601,0.989915,0.993408,0.003493,0.990867,0.986291,0.994629,0.978741,0.995343,0.002882,24,0.002835,24,0.363281,24,0.0,24,,0,0.108278,24
24,30,24,False,native,24,0.984866,0.979297,0.986495,0.007199,0.981795,0.973377,0.98936,0.957647,0.991175,24,0.992375,0.98954,0.993202,0.003662,0.990795,0.986508,0.994651,0.978365,0.995568,0.002838,24,0.002576,24,0.373047,24,0.0,24,0.999736,24,0.108243,24
24,31,24,False,native,24,0.983757,0.979701,0.986347,0.006646,0.98142,0.973522,0.9893,0.956496,0.992665,24,0.991812,0.989746,0.993127,0.00338,0.990604,0.986584,0.994621,0.977764,0.996319,0.002834,24,0.002937,24,0.402344,24,0.0,24,,0,0.108186,24
24,32,24,False,native,24,0.984422,0.979112,0.986162,0.00705,0.981586,0.973055,0.989613,0.956784,0.990579,24,0.99215,0.989446,0.993033,0.003587,0.990688,0.986343,0.994779,0.977915,0.995267,0.00279,24,0.002682,24,0.388672,24,0.0,24,,0,0.108164,24
24,33,24,False,native,24,0.984052,0.979554,0.985754,0.006201,0.98135,0.97402,0.989092,0.956928,0.989984,24,0.991962,0.989671,0.992826,0.003155,0.990569,0.986839,0.994516,0.97799,0.994967,0.002759,24,0.002715,24,0.390625,24,0.0,24,,0,0.108069,24
24,34,24,False,native,24,0.983387,0.979811,0.985643,0.005832,0.981336,0.974093,0.989375,0.957071,0.990133,24,0.991624,0.989802,0.99277,0.002967,0.990563,0.986877,0.994659,0.978065,0.995042,0.002776,24,0.002601,24,0.394531,24,0.0,24,,0,0.107995,24
24,35,24,False,native,24,0.98324,0.979738,0.986421,0.006683,0.98063,0.972675,0.988082,0.957503,0.988498,24,0.991549,0.989765,0.993164,0.003399,0.990203,0.986148,0.994005,0.97829,0.994216,0.002587,24,0.002512,24,0.398438,24,0.0,24,,0,0.107936,24
24,36,24,False,native,24,0.982206,0.977605,0.98568,0.008075,0.981033,0.975016,0.98939,0.956784,0.989836,24,0.991023,0.988676,0.992788,0.004113,0.99041,0.98735,0.994666,0.977915,0.994892,0.002616,24,0.002705,24,0.441406,24,0.0,24,,0,0.107918,24
24,37,24,False,native,24,0.982501,0.976467,0.987088,0.010621,0.980652,0.973259,0.988557,0.959088,0.990282,24,0.991173,0.988093,0.993502,0.005409,0.990216,0.986448,0.994246,0.979117,0.995117,0.002471,24,0.002608,24,0.425781,24,0.0,24,,0,0.107934,24
24,38,24,False,native,24,0.983609,0.978745,0.986199,0.007454,0.981297,0.97345,0.989241,0.959232,0.993113,24,0.991737,0.989258,0.993051,0.003794,0.990544,0.986546,0.994591,0.979192,0.996544,0.002551,24,0.002608,24,0.400391,24,0.0,24,,0,0.108038,24
24,39,24,False,native,24,0.98228,0.977421,0.985014,0.007593,0.980418,0.97152,0.988617,0.959953,0.989984,24,0.991061,0.988582,0.99245,0.003869,0.990097,0.985554,0.994276,0.979567,0.994967,0.002619,24,0.002508,24,0.427734,24,0.0,24,,0,0.108056,24
24,40,24,False,native,24,0.982132,0.97856,0.985718,0.007158,0.980778,0.973479,0.988498,0.960241,0.988795,24,0.990986,0.989164,0.992807,0.003643,0.990281,0.986561,0.994216,0.979718,0.994366,0.002439,24,0.002498,24,0.429688,24,0.0,24,0.999737,24,0.108097,24
24,41,24,False,native,24,0.981026,0.976944,0.985866,0.008921,0.980343,0.974606,0.988053,0.960241,0.991026,24,0.990422,0.988338,0.992882,0.004545,0.990059,0.987139,0.99399,0.979718,0.995493,0.002254,24,0.002347,24,0.447266,24,0.0,24,,0,0.108107,24
24,42,24,False,native,24,0.980289,0.976907,0.986903,0.009995,0.98022,0.974181,0.988825,0.95952,0.989538,24,0.990047,0.988319,0.993408,0.005089,0.989996,0.986922,0.994381,0.979342,0.994742,0.00236,24,0.00214,24,0.451172,24,0.0,24,,0,0.108188,24
24,43,24,False,native,24,0.981468,0.976394,0.984572,0.008178,0.979944,0.971886,0.989211,0.961108,0.990431,24,0.990648,0.988056,0.992225,0.004169,0.989856,0.985742,0.994576,0.980168,0.995192,0.00238,24,0.002469,24,0.451172,24,0.0,24,,0,0.1082,24
24,44,24,False,native,24,0.980952,0.976504,0.984164,0.00766,0.97937,0.973728,0.988275,0.957503,0.989836,24,0.990385,0.988112,0.992018,0.003906,0.989561,0.986689,0.994103,0.97829,0.994892,0.002131,24,0.002249,24,0.451172,24,0.0,24,,0,0.108386,24
24,45,24,False,native,24,0.978303,0.975807,0.984127,0.00832,0.979062,0.973405,0.988765,0.959664,0.989984,24,0.989032,0.987755,0.992,0.004244,0.989405,0.986523,0.994351,0.979417,0.994967,0.002217,24,0.002104,24,0.513672,24,0.0,24,,0,0.108641,24
24,46,24,False,native,24,0.979038,0.974818,0.984312,0.009494,0.978745,0.973947,0.98826,0.958223,0.989984,24,0.989408,0.987248,0.992094,0.004845,0.989242,0.986801,0.994096,0.978666,0.994967,0.002052,24,0.002148,24,0.496094,24,0.0,24,,0,0.108876,24
24,47,24,False,native,24,0.979921,0.974086,0.984089,0.010004,0.978649,0.971973,0.987667,0.959953,0.98939,24,0.989859,0.986873,0.991981,0.005108,0.989195,0.985787,0.993795,0.979567,0.994666,0.002048,24,0.002086,24,0.472656,24,0.0,24,,0,0.109185,24
24,48,24,False,native,24,0.977715,0.974305,0.984016,0.00971,0.978161,0.971666,0.987637,0.962843,0.988647,24,0.988732,0.986985,0.991943,0.004958,0.988948,0.98563,0.99378,0.98107,0.994291,0.001994,24,0.001972,24,0.527344,24,0.0,24,,0,0.109382,24
24,49,24,False,native,24,0.977642,0.971527,0.981468,0.009941,0.977536,0.97063,0.985991,0.968066,0.987756,24,0.988694,0.985558,0.990648,0.005089,0.988632,0.985096,0.992946,0.983774,0.99384,0.001927,24,0.002022,24,0.515625,24,0.0,24,,0,0.109715,24
25,0,24,False,native,24,0.965742,0.953913,0.972296,0.018383,0.958359,0.937869,0.985073,0.866255,0.990282,24,0.982572,0.976412,0.985953,0.00954,0.978503,0.967939,0.99248,0.928335,0.995117,0.001374,24,0.001374,24,0.701172,24,0.0,24,0.999733,24,0.105971,24
25,1,24,False,native,24,0.961541,0.95255,0.975807,0.023257,0.957551,0.939319,0.981941,0.869138,0.989241,24,0.980394,0.975699,0.987755,0.012057,0.978099,0.968705,0.990888,0.929988,0.994591,0.001352,24,0.001305,24,0.724609,24,0.0,24,,0,0.106513,24
25,2,24,False,native,24,0.97171,0.962265,0.980953,0.018688,0.963966,0.958727,0.983816,0.863382,0.989984,24,0.985652,0.980769,0.990385,0.009615,0.981376,0.978929,0.991842,0.926683,0.994967,0.001572,24,0.001536,24,0.607422,24,0.0,24,,0,0.108139,24
25,3,24,False,native,24,0.971199,0.964546,0.9804,0.015854,0.961918,0.958584,0.982398,0.820196,0.991622,24,0.985389,0.981952,0.990103,0.008151,0.980121,0.978854,0.991121,0.901217,0.995793,0.001553,24,0.001563,24,0.589844,24,0.0,24,,0,0.10814,24
25,4,24,False,native,24,0.976468,0.966177,0.982834,0.016657,0.964332,0.960184,0.984407,0.831087,0.988944,24,0.988093,0.982797,0.991342,0.008545,0.981408,0.979687,0.992142,0.907752,0.994441,0.00164,24,0.001574,24,0.527344,24,0.0,24,,0,0.108327,24
25,5,24,False,native,24,0.97574,0.967412,0.982464,0.015052,0.964316,0.963712,0.985236,0.822813,0.991771,24,0.987718,0.983436,0.991155,0.007719,0.981348,0.98152,0.992563,0.902794,0.995868,0.001703,24,0.001655,24,0.519531,24,0.0,24,,0,0.108374,24
25,6,24,False,native,24,0.975595,0.968212,0.98276,0.014548,0.963703,0.961803,0.985073,0.820569,0.98939,24,0.987643,0.983849,0.991305,0.007456,0.981004,0.980529,0.99248,0.901442,0.994666,0.001523,24,0.001638,24,0.544922,24,0.0,24,,0,0.108431,24
25,7,24,False,native,24,0.976254,0.966322,0.983461,0.017139,0.963212,0.961398,0.98497,0.815355,0.990133,24,0.987981,0.982873,0.991662,0.008789,0.980694,0.980319,0.992428,0.898287,0.995042,0.001765,24,0.001678,24,0.535156,24,0.0,24,,0,0.108439,24
25,8,24,False,native,24,0.976034,0.967013,0.982907,0.015895,0.9627,0.961094,0.986376,0.807468,0.990133,24,0.987868,0.983229,0.99138,0.008151,0.980387,0.980161,0.993142,0.89348,0.995042,0.001734,24,0.001675,24,0.535156,24,0.0,24,,0,0.10846,24
25,9,24,False,native,24,0.97691,0.966504,0.983498,0.016995,0.962675,0.959637,0.985532,0.807222,0.990728,24,0.988319,0.982966,0.99168,0.008714,0.980362,0.979402,0.992713,0.893329,0.995343,0.001772,24,0.00174,24,0.515625,24,0.0,24,,0,0.108462,24
25,10,24,False,native,24,0.977428,0.966032,0.984311,0.01828,0.962953,0.961181,0.986984,0.808573,0.990877,24,0.988582,0.982722,0.992094,0.009371,0.980497,0.980206,0.99345,0.894156,0.995418,0.001628,24,0.001784,24,0.513672,24,0.0,24,0.999807,24,0.108446,24
25,11,24,False,native,24,0.978747,0.967412,0.983757,0.016344,0.962651,0.96053,0.98611,0.806242,0.989984,24,0.989258,0.983436,0.991812,0.008376,0.980325,0.979868,0.993006,0.892728,0.994967,0.001562,24,0.001603,24,0.494141,24,0.0,24,,0,0.108474,24
25,12,24,False,native,24,0.977573,0.965197,0.984016,0.018818,0.962287,0.959261,0.986139,0.805507,0.989687,24,0.988657,0.98229,0.991943,0.009653,0.980134,0.979207,0.993021,0.892278,0.994817,0.001581,24,0.001703,24,0.515625,24,0.0,24,,0,0.108492,24
25,13,24,False,native,24,0.976177,0.966722,0.983535,0.016814,0.962489,0.959319,0.987103,0.808819,0.989984,24,0.987943,0.983079,0.991699,0.00862,0.980268,0.979237,0.99351,0.894306,0.994967,0.001634,24,0.001696,24,0.548828,24,0.0,24,,0,0.108492,24
25,14,24,False,native,24,0.975442,0.966213,0.984385,0.018172,0.962169,0.957503,0.985754,0.806364,0.990431,24,0.987568,0.982816,0.992131,0.009315,0.98009,0.97829,0.992826,0.892803,0.995192,0.001648,24,0.001645,24,0.560547,24,0.0,24,,0,0.108533,24
25,15,24,False,native,24,0.975734,0.965125,0.983905,0.018779,0.962396,0.958382,0.986377,0.812389,0.988795,24,0.987718,0.982253,0.991887,0.009634,0.980259,0.978748,0.993142,0.896484,0.994366,0.001632,24,0.001639,24,0.564453,24,0.0,24,,0,0.108531,24
25,16,24,False,native,24,0.976761,0.964799,0.984016,0.019216,0.962603,0.957302,0.985532,0.81647,0.988944,24,0.988244,0.982084,0.991943,0.00986,0.98039,0.978185,0.992713,0.898963,0.994441,0.001627,24,0.001515,24,0.533203,24,0.0,24,,0,0.108531,24
25,17,24,False,native,24,0.977495,0.966651,0.985347,0.018696,0.963516,0.95713,0.987029,0.82032,0.98939,24,0.988619,0.983042,0.992619,0.009578,0.980876,0.978095,0.993472,0.901292,0.994666,0.001562,24,0.001586,24,0.527344,24,0.0,24,,0,0.108516,24
25,18,24,False,native,24,0.978229,0.96705,0.983424,0.016375,0.963274,0.956569,0.984925,0.821939,0.988498,24,0.988995,0.983248,0.991643,0.008395,0.980766,0.977802,0.992405,0.902269,0.994216,0.001712,24,0.001783,24,0.501953,24,0.0,24,,0,0.108455,24
25,19,24,False,native,24,0.976688,0.96658,0.983092,0.016512,0.9627,0.954801,0.985443,0.819698,0.986866,24,0.988206,0.983004,0.991474,0.00847,0.980475,0.976878,0.992668,0.900916,0.993389,0.001652,24,0.001617,24,0.539062,24,0.0,24,,0,0.108429,24
25,20,24,False,native,24,0.977789,0.966689,0.982944,0.016256,0.963326,0.956109,0.985058,0.822189,0.988647,24,0.98877,0.98306,0.991399,0.008338,0.980813,0.977562,0.992473,0.902419,0.994291,0.001682,24,0.00175,24,0.517578,24,0.0,24,0.999809,24,0.108398,24
25,21,24,False,native,24,0.977348,0.966583,0.983461,0.016879,0.963323,0.956539,0.984112,0.824561,0.987904,24,0.988544,0.983004,0.991662,0.008658,0.980826,0.977787,0.991992,0.903846,0.993915,0.001673,24,0.0017,24,0.525391,24,0.0,24,,0,0.108441,24
25,22,24,False,native,24,0.977715,0.966987,0.983646,0.016659,0.963436,0.956008,0.986821,0.823811,0.987311,24,0.988732,0.983211,0.991756,0.008545,0.980876,0.977509,0.993367,0.903395,0.993615,0.001691,24,0.001693,24,0.525391,24,0.0,24,,0,0.10847,24
25,23,24,False,native,24,0.977935,0.966547,0.983166,0.016619,0.963599,0.95618,0.985354,0.828823,0.988944,24,0.988845,0.982985,0.991511,0.008526,0.980982,0.977599,0.992623,0.9064,0.994441,0.001544,24,0.001831,24,0.527344,24,0.0,24,,0,0.108506,24
25,24,24,False,native,24,0.978597,0.966659,0.983203,0.016544,0.963592,0.954889,0.985503,0.830206,0.988498,24,0.989183,0.983042,0.99153,0.008489,0.980982,0.976923,0.992698,0.907227,0.994216,0.001689,24,0.001789,24,0.503906,24,0.0,24,,0,0.108502,24
25,25,24,False,native,24,0.978156,0.965562,0.981874,0.016312,0.963327,0.952437,0.985784,0.832851,0.987607,24,0.988957,0.982478,0.990854,0.008376,0.980866,0.975639,0.992841,0.908804,0.993765,0.001862,24,0.001749,24,0.525391,24,0.0,24,,0,0.108532,24
25,26,24,False,native,24,0.977789,0.967706,0.982391,0.014685,0.963512,0.951682,0.985443,0.83323,0.987607,24,0.98877,0.983586,0.991117,0.007531,0.980973,0.97524,0.992668,0.909029,0.993765,0.001663,24,0.0017,24,0.509766,24,0.0,24,,0,0.108579,24
25,27,24,False,native,24,0.978524,0.966907,0.983092,0.016185,0.963912,0.949534,0.985547,0.836645,0.987311,24,0.989145,0.983173,0.991474,0.008301,0.981198,0.974114,0.992721,0.911058,0.993615,0.001825,24,0.001672,24,0.498047,24,0.0,24,,0,0.108639,24
25,28,24,False,native,24,0.977128,0.966181,0.98335,0.01717,0.964228,0.951263,0.985932,0.83969,0.988498,24,0.988431,0.982797,0.991605,0.008808,0.981376,0.975023,0.992916,0.912861,0.994216,0.001671,24,0.001732,24,0.525391,24,0.0,24,,0,0.108646,24
25,29,24,False,native,24,0.977936,0.965384,0.984496,0.019113,0.96434,0.951421,0.985754,0.841981,0.986866,24,0.988845,0.982384,0.992188,0.009803,0.981445,0.975105,0.992826,0.914213,0.993389,0.00179,24,0.001653,24,0.527344,24,0.0,24,,0,0.108728,24
25,30,24,False,native,24,0.978525,0.96735,0.982907,0.015558,0.964838,0.953439,0.986095,0.839055,0.987162,24,0.989145,0.983398,0.99138,0.007982,0.981708,0.976164,0.992999,0.912485,0.99354,0.001815,24,0.001717,24,0.488281,24,0.0,24,0.999816,24,0.108799,24
25,31,24,False,native,24,0.977128,0.966036,0.98169,0.015653,0.964057,0.952422,0.98534,0.843002,0.987756,24,0.988431,0.982722,0.99076,0.008038,0.98132,0.975631,0.992616,0.914814,0.99384,0.001688,24,0.00165,24,0.525391,24,0.0,24,,0,0.108833,24
25,32,24,False,native,24,0.978083,0.964583,0.981506,0.016923,0.964095,0.951349,0.985443,0.84415,0.986125,24,0.98892,0.981971,0.990666,0.008695,0.981355,0.975068,0.992668,0.91549,0.993014,0.001673,24,0.001706,24,0.511719,24,0.0,24,,0,0.108926,24
25,33,24,False,native,24,0.977715,0.965166,0.982133,0.016968,0.964538,0.950819,0.986258,0.848119,0.986866,24,0.988732,0.982272,0.990986,0.008714,0.981592,0.97479,0.993081,0.917819,0.993389,0.001706,24,0.001691,24,0.527344,24,0.0,24,,0,0.108921,24
25,34,24,False,native,24,0.977056,0.966076,0.982206,0.01613,0.964505,0.950592,0.984866,0.84966,0.987459,24,0.988394,0.982741,0.991023,0.008282,0.981583,0.974669,0.992375,0.91872,0.99369,0.001588,24,0.001698,24,0.537109,24,0.0,24,,0,0.108987,24
25,35,24,False,native,24,0.977789,0.964549,0.982317,0.017767,0.964617,0.949277,0.985058,0.853652,0.986125,24,0.98877,0.981952,0.991079,0.009127,0.981658,0.973978,0.992473,0.921049,0.993014,0.001587,24,0.001675,24,0.513672,24,0.0,24,,0,0.108988,24
25,36,24,False,native,24,0.976836,0.965313,0.982206,0.016893,0.965031,0.950249,0.98531,0.857143,0.986421,24,0.988281,0.982347,0.991023,0.008676,0.981893,0.974489,0.992601,0.923077,0.993164,0.001704,24,0.001618,24,0.535156,24,0.0,24,,0,0.109033,24
25,37,24,False,native,24,0.977716,0.964915,0.981948,0.017033,0.965305,0.951939,0.985044,0.858699,0.986273,24,0.988732,0.98214,0.990892,0.008752,0.98204,0.975376,0.992465,0.923978,0.993089,0.001834,24,0.001726,24,0.521484,24,0.0,24,,0,0.108998,24
25,38,24,False,native,24,0.975881,0.963971,0.982206,0.018235,0.965035,0.954228,0.984585,0.859737,0.985384,24,0.987793,0.981652,0.991023,0.009371,0.981915,0.976578,0.992233,0.924579,0.992638,0.001644,24,0.001644,24,0.542969,24,0.0,24,,0,0.10904,24
25,39,24,False,native,24,0.976908,0.962703,0.983351,0.020648,0.965253,0.955045,0.984807,0.859088,0.986421,24,0.988319,0.980995,0.991605,0.010611,0.982021,0.977006,0.992345,0.924204,0.993164,0.001666,24,0.001672,24,0.537109,24,0.0,24,,0,0.109039,24
25,40,24,False,native,24,0.975294,0.964776,0.982428,0.017652,0.9653,0.954916,0.984659,0.862991,0.985236,24,0.987492,0.982065,0.991136,0.009071,0.982068,0.976938,0.99227,0.926457,0.992563,0.001718,24,0.001657,24,0.556641,24,0.0,24,0.999805,24,0.10909,24
25,41,24,False,native,24,0.977055,0.964772,0.983757,0.018985,0.966097,0.954945,0.984792,0.864556,0.986125,24,0.988394,0.982065,0.991812,0.009747,0.982491,0.976953,0.992338,0.927359,0.993014,0.001621,24,0.001741,24,0.535156,24,0.0,24,,0,0.109116,24
25,42,24,False,native,24,0.977647,0.962991,0.983646,0.020655,0.966912,0.956151,0.985058,0.872029,0.987459,24,0.988694,0.981145,0.991756,0.010611,0.982932,0.977584,0.992473,0.931641,0.99369,0.001662,24,0.001719,24,0.53125,24,0.0,24,,0,0.10918,24
25,43,24,False,native,24,0.977715,0.962048,0.982501,0.020453,0.967123,0.95539,0.985488,0.876119,0.985828,24,0.988732,0.980657,0.991173,0.010517,0.983067,0.977186,0.992691,0.933969,0.992864,0.0017,24,0.00158,24,0.529297,24,0.0,24,,0,0.109146,24
25,44,24,False,native,24,0.97867,0.962447,0.983572,0.021125,0.967586,0.95417,0.985384,0.879164,0.985828,24,0.98922,0.980863,0.991718,0.010855,0.98332,0.976547,0.992638,0.935697,0.992864,0.001556,24,0.001845,24,0.513672,24,0.0,24,,0,0.10926,24
25,45,24,False,native,24,0.977421,0.963607,0.982907,0.019301,0.967735,0.952952,0.984777,0.885686,0.987162,24,0.988582,0.981464,0.99138,0.009916,0.983423,0.975909,0.99233,0.939378,0.99354,0.001728,24,0.001708,24,0.527344,24,0.0,24,,0,0.109355,24
25,46,24,False,native,24,0.976762,0.963535,0.984016,0.02048,0.968043,0.951477,0.985503,0.888763,0.986273,24,0.988244,0.981427,0.991943,0.010517,0.983592,0.975135,0.992698,0.941106,0.993089,0.00175,24,0.001709,24,0.525391,24,0.0,24,,0,0.109378,24
25,47,24,False,native,24,0.978965,0.964148,0.983351,0.019203,0.969659,0.953453,0.98534,0.899001,0.986569,24,0.98937,0.981746,0.991605,0.00986,0.984456,0.976172,0.992616,0.946815,0.993239,0.001867,24,0.001805,24,0.490234,24,0.0,24,,0,0.109473,24
25,48,24,False,native,24,0.979332,0.965488,0.983424,0.017936,0.970273,0.951392,0.985739,0.905935,0.986421,24,0.989558,0.982441,0.991643,0.009202,0.984791,0.97509,0.992819,0.950646,0.993164,0.001866,24,0.00196,24,0.488281,24,0.0,24,,0,0.109403,24
25,49,24,False,native,24,0.979848,0.969488,0.983461,0.013973,0.970631,0.941926,0.985754,0.915947,0.986866,24,0.989821,0.984506,0.991662,0.007155,0.984988,0.970095,0.992826,0.95613,0.993389,0.001985,24,0.001963,24,0.476562,24,0.0,24,,0,0.109275,24
26,0,24,False,native,24,0.965886,0.956894,0.97047,0.013576,0.961604,0.945139,0.97679,0.914707,0.987607,24,0.982647,0.977971,0.985014,0.007043,0.980359,0.971792,0.988259,0.955454,0.993765,0.00167,24,0.001535,24,0.712891,24,0.0,24,0.999617,24,0.107621,24
26,1,24,False,native,24,0.97047,0.955131,0.971783,0.016652,0.963781,0.943742,0.980074,0.928856,0.986866,24,0.985014,0.977051,0.98569,0.008639,0.981499,0.971056,0.989934,0.963116,0.993389,0.001626,24,0.001631,24,0.648438,24,0.0,24,,0,0.107486,24
26,2,24,False,native,24,0.969085,0.964183,0.974671,0.010489,0.968226,0.958411,0.98057,0.938406,0.986717,24,0.9843,0.981765,0.987173,0.005409,0.983824,0.978764,0.990189,0.968224,0.993314,0.001732,24,0.00167,24,0.648438,24,0.0,24,,0,0.106691,24
26,3,24,False,native,24,0.971126,0.967377,0.974672,0.007294,0.96971,0.959506,0.979671,0.939253,0.989092,24,0.985352,0.983417,0.987173,0.003756,0.984588,0.979334,0.989731,0.968675,0.994516,0.00174,24,0.001685,24,0.630859,24,0.0,24,,0,0.107106,24
26,4,24,False,native,24,0.970761,0.966431,0.975514,0.009083,0.969572,0.959621,0.982253,0.938123,0.987607,24,0.985164,0.982929,0.987605,0.004676,0.984516,0.979395,0.991046,0.968074,0.993765,0.001739,24,0.001682,24,0.626953,24,0.0,24,,0,0.107455,24
26,5,24,False,native,24,0.970615,0.967157,0.974964,0.007807,0.969811,0.961889,0.982501,0.935869,0.987904,24,0.985089,0.983305,0.987323,0.004019,0.984638,0.980574,0.991173,0.966872,0.993915,0.001728,24,0.001679,24,0.632812,24,0.0,24,,0,0.10771,24
26,6,24,False,native,24,0.972221,0.96585,0.976247,0.010397,0.971022,0.965538,0.985636,0.934321,0.988795,24,0.985915,0.982628,0.987981,0.005352,0.985258,0.982467,0.992766,0.966046,0.994366,0.001826,24,0.001712,24,0.599609,24,0.0,24,,0,0.107934,24
26,7,24,False,native,24,0.972513,0.968867,0.977164,0.008298,0.971182,0.966076,0.985192,0.929415,0.989241,24,0.986065,0.984187,0.98845,0.004263,0.985336,0.982745,0.992541,0.963416,0.994591,0.001733,24,0.001765,24,0.609375,24,0.0,24,,0,0.108206,24
26,8,24,False,native,24,0.971783,0.968758,0.977826,0.009068,0.97155,0.967063,0.984644,0.929975,0.990431,24,0.98569,0.984131,0.988788,0.004657,0.985524,0.983256,0.992263,0.963717,0.995192,0.001707,24,0.001792,24,0.603516,24,0.0,24,,0,0.108384,24
26,9,24,False,native,24,0.974342,0.969595,0.977091,0.007496,0.972108,0.967107,0.986288,0.932356,0.990579,24,0.987004,0.984563,0.988413,0.00385,0.985812,0.983278,0.993096,0.964994,0.995267,0.001803,24,0.001839,24,0.572266,24,0.0,24,,0,0.108445,24
26,10,24,False,native,24,0.974635,0.968466,0.978193,0.009726,0.972269,0.965626,0.987874,0.933619,0.989687,24,0.987154,0.983981,0.988976,0.004995,0.985893,0.982512,0.9939,0.96567,0.994817,0.001739,24,0.001736,24,0.585938,24,0.0,24,0.99971,24,0.108422,24
26,11,24,False,native,24,0.974709,0.969814,0.979148,0.009335,0.972783,0.965466,0.987919,0.9339,0.989687,24,0.987192,0.984675,0.989464,0.004789,0.986156,0.982429,0.993923,0.96582,0.994817,0.001839,24,0.001785,24,0.572266,24,0.0,24,,0,0.108374,24
26,12,24,False,native,24,0.973611,0.968394,0.979186,0.010792,0.972367,0.965771,0.987504,0.9339,0.989092,24,0.986629,0.983943,0.989483,0.00554,0.985943,0.982587,0.993712,0.96582,0.994516,0.001781,24,0.001803,24,0.580078,24,0.0,24,,0,0.10832,24
26,13,24,False,native,24,0.975587,0.968794,0.980437,0.011642,0.973145,0.96564,0.987682,0.934884,0.989984,24,0.987643,0.98415,0.990122,0.005972,0.986341,0.98252,0.993803,0.966346,0.994967,0.001737,24,0.001799,24,0.550781,24,0.0,24,,0,0.108226,24
26,14,24,False,native,24,0.975881,0.969377,0.981432,0.012055,0.972913,0.963697,0.987741,0.932636,0.989092,24,0.987793,0.98445,0.990629,0.006179,0.986219,0.981513,0.993833,0.965144,0.994516,0.001785,24,0.001827,24,0.558594,24,0.0,24,,0,0.108141,24
26,15,24,False,native,24,0.975954,0.96585,0.982169,0.016319,0.972768,0.964813,0.987711,0.932917,0.98939,24,0.987831,0.982628,0.991004,0.008376,0.986143,0.982091,0.993818,0.965294,0.994666,0.001858,24,0.001784,24,0.542969,24,0.0,24,,0,0.108011,24
26,16,24,False,native,24,0.976761,0.967194,0.982022,0.014828,0.973059,0.963886,0.986643,0.932216,0.990877,24,0.988244,0.983323,0.990929,0.007606,0.986291,0.981611,0.993277,0.964919,0.995418,0.001872,24,0.001806,24,0.505859,24,0.0,24,,0,0.107891,24
26,17,24,False,native,24,0.977569,0.967812,0.982354,0.014542,0.973433,0.965132,0.986184,0.930814,0.991026,24,0.988657,0.983643,0.991098,0.007456,0.986481,0.982257,0.993044,0.964168,0.995493,0.001842,24,0.001962,24,0.513672,24,0.0,24,,0,0.107768,24
26,18,24,False,native,24,0.979332,0.969194,0.981284,0.01209,0.973679,0.965263,0.986229,0.933479,0.990431,24,0.989558,0.984356,0.990554,0.006197,0.986613,0.982324,0.993066,0.965595,0.995192,0.002012,24,0.002043,24,0.496094,24,0.0,24,,0,0.107631,24
26,19,24,False,native,24,0.979259,0.970178,0.981911,0.011733,0.974222,0.965132,0.986703,0.935587,0.989241,24,0.989521,0.984863,0.990873,0.00601,0.986895,0.982257,0.993307,0.966722,0.994591,0.001983,24,0.001895,24,0.498047,24,0.0,24,,0,0.107359,24
26,20,24,False,native,24,0.978156,0.968175,0.982834,0.014658,0.974316,0.966511,0.985369,0.935869,0.992516,24,0.988957,0.98383,0.991342,0.007512,0.986942,0.98297,0.992631,0.966872,0.996244,0.002037,24,0.002008,24,0.519531,24,0.0,24,0.999733,24,0.107158,24
26,21,24,False,native,24,0.979333,0.968321,0.982723,0.014402,0.974093,0.966148,0.985414,0.936573,0.990133,24,0.989558,0.983905,0.991286,0.007381,0.986829,0.982782,0.992653,0.967248,0.995042,0.001973,24,0.001919,24,0.498047,24,0.0,24,,0,0.106854,24
26,22,24,False,native,24,0.978892,0.967957,0.98372,0.015763,0.974514,0.967019,0.98608,0.935165,0.990728,24,0.989333,0.983718,0.991793,0.008075,0.987042,0.983233,0.992991,0.966496,0.995343,0.002073,24,0.002075,24,0.496094,24,0.0,24,,0,0.106561,24
26,23,24,False,native,24,0.978891,0.968066,0.98287,0.014804,0.974248,0.967281,0.985651,0.936009,0.991026,24,0.989333,0.983774,0.991361,0.007587,0.986907,0.983368,0.992773,0.966947,0.995493,0.001969,24,0.002007,24,0.503906,24,0.0,24,,0,0.106236,24
26,24,24,False,native,24,0.979333,0.969814,0.983609,0.013795,0.974909,0.966903,0.984644,0.937559,0.992665,24,0.989558,0.984675,0.991737,0.007061,0.987248,0.983173,0.992263,0.967773,0.996319,0.002072,24,0.002047,24,0.488281,24,0.0,24,,0,0.106057,24
26,25,24,False,native,24,0.979553,0.968394,0.984459,0.016066,0.974741,0.96593,0.986139,0.937277,0.991771,24,0.989671,0.983943,0.992169,0.008226,0.987161,0.98267,0.993021,0.967623,0.995868,0.002062,24,0.002102,24,0.478516,24,0.0,24,,0,0.105784,24
26,26,24,False,native,24,0.979038,0.969486,0.984718,0.015232,0.974956,0.966322,0.985547,0.936432,0.991473,24,0.989408,0.984506,0.9923,0.007794,0.98727,0.982873,0.992721,0.967172,0.995718,0.002152,24,0.002053,24,0.490234,24,0.0,24,,0,0.105504,24
26,27,24,False,native,24,0.978818,0.969085,0.983203,0.014118,0.974662,0.965248,0.985369,0.937277,0.992516,24,0.989295,0.9843,0.99153,0.00723,0.98712,0.982317,0.992631,0.967623,0.996244,0.002205,24,0.001917,24,0.480469,24,0.0,24,,0,0.105242,24
26,28,24,False,native,24,0.978524,0.967339,0.983424,0.016085,0.974665,0.964973,0.986199,0.938123,0.991771,24,0.989145,0.983398,0.991643,0.008244,0.987123,0.982174,0.993051,0.968074,0.995868,0.002139,24,0.001975,24,0.496094,24,0.0,24,,0,0.104945,24
26,29,24,False,native,24,0.977789,0.968576,0.984274,0.015699,0.975202,0.965321,0.98608,0.938829,0.993113,24,0.98877,0.984037,0.992075,0.008038,0.987399,0.982354,0.992991,0.96845,0.996544,0.00222,24,0.002024,24,0.480469,24,0.0,24,,0,0.104776,24
26,30,24,False,native,24,0.978009,0.96894,0.984829,0.01589,0.97491,0.965161,0.98654,0.937982,0.991473,24,0.988882,0.984225,0.992357,0.008132,0.987248,0.982272,0.993224,0.967999,0.995718,0.001978,24,0.00201,24,0.511719,24,0.0,24,0.999756,24,0.104571,24
26,31,24,False,native,24,0.977789,0.969304,0.98494,0.015636,0.975092,0.966598,0.986347,0.936995,0.992218,24,0.98877,0.984413,0.992413,0.008,0.987339,0.983015,0.993127,0.967473,0.996094,0.001973,24,0.001761,24,0.519531,24,0.0,24,,0,0.104448,24
26,32,24,False,native,24,0.977055,0.967666,0.984792,0.017126,0.974895,0.966119,0.987741,0.936432,0.993411,24,0.988394,0.983567,0.992338,0.00877,0.987236,0.982767,0.993833,0.967172,0.996695,0.001993,24,0.00205,24,0.517578,24,0.0,24,,0,0.104322,24
26,33,24,False,native,24,0.977716,0.969012,0.985754,0.016742,0.975091,0.965901,0.987236,0.936995,0.993262,24,0.988732,0.984262,0.992826,0.008564,0.987336,0.982655,0.993577,0.967473,0.99662,0.001922,24,0.001942,24,0.501953,24,0.0,24,,0,0.104212,24
26,34,24,False,native,24,0.976541,0.968031,0.984533,0.016502,0.974472,0.964465,0.98654,0.939111,0.992814,24,0.988131,0.983755,0.992206,0.008451,0.987023,0.981911,0.993224,0.9686,0.996394,0.001982,24,0.001885,24,0.525391,24,0.0,24,,0,0.10409,24
26,35,24,False,native,24,0.978598,0.969304,0.984755,0.015451,0.974773,0.963842,0.985991,0.937982,0.992665,24,0.989183,0.984413,0.992319,0.007906,0.987176,0.981588,0.992946,0.967999,0.996319,0.001919,24,0.002089,24,0.496094,24,0.0,24,,0,0.104011,24
26,36,24,False,native,24,0.978084,0.96894,0.985421,0.016482,0.975124,0.960834,0.988602,0.938547,0.992367,24,0.98892,0.984225,0.992657,0.008432,0.987355,0.980026,0.994268,0.968299,0.996169,0.001878,24,0.001915,24,0.515625,24,0.0,24,,0,0.10398,24
26,37,24,False,native,24,0.976618,0.969705,0.984977,0.015272,0.974722,0.961021,0.987162,0.937136,0.992367,24,0.988169,0.984619,0.992432,0.007812,0.987148,0.980123,0.99354,0.967548,0.996169,0.001849,24,0.001827,24,0.533203,24,0.0,24,,0,0.104047,24
26,38,24,False,native,24,0.975962,0.970652,0.983905,0.013253,0.974432,0.959592,0.985888,0.939394,0.991324,24,0.987831,0.985107,0.991887,0.00678,0.987004,0.97938,0.992894,0.96875,0.995643,0.001968,24,0.001837,24,0.535156,24,0.0,24,,0,0.104028,24
26,39,24,False,native,24,0.976029,0.969668,0.985088,0.01542,0.974298,0.959333,0.986984,0.938829,0.991324,24,0.987868,0.9846,0.992488,0.007888,0.986932,0.979244,0.99345,0.96845,0.995643,0.001896,24,0.001763,24,0.537109,24,0.0,24,,0,0.104042,24
26,40,24,False,native,24,0.975741,0.969158,0.984755,0.015597,0.974116,0.958367,0.988453,0.939818,0.990431,24,0.987718,0.984337,0.992319,0.007982,0.986838,0.978741,0.994193,0.968975,0.995192,0.001693,24,0.0019,24,0.53125,24,0.0,24,0.999764,24,0.104138,24
26,41,24,False,native,24,0.975449,0.969194,0.985865,0.016671,0.974273,0.959362,0.988572,0.940242,0.990877,24,0.987568,0.984356,0.992882,0.008526,0.98692,0.979259,0.994253,0.969201,0.995418,0.001787,24,0.001823,24,0.550781,24,0.0,24,,0,0.104151,24
26,42,24,False,native,24,0.977133,0.969996,0.984016,0.014019,0.9745,0.960574,0.989003,0.937418,0.990133,24,0.988431,0.984769,0.991943,0.007174,0.987036,0.97989,0.994471,0.967698,0.995042,0.001981,24,0.001894,24,0.515625,24,0.0,24,,0,0.104244,24
26,43,24,False,native,24,0.975522,0.967703,0.983646,0.015943,0.973635,0.95916,0.988751,0.938547,0.989984,24,0.987605,0.983586,0.991756,0.008169,0.986591,0.979154,0.994343,0.968299,0.994967,0.001606,24,0.001665,24,0.550781,24,0.0,24,,0,0.104384,24
26,44,24,False,native,24,0.975738,0.966178,0.983757,0.017579,0.973532,0.957864,0.989018,0.938123,0.990728,24,0.987718,0.982797,0.991812,0.009014,0.986535,0.978478,0.994479,0.968074,0.995343,0.001702,24,0.001663,24,0.548828,24,0.0,24,,0,0.104573,24
26,45,24,False,native,24,0.977718,0.965598,0.984422,0.018824,0.973562,0.959794,0.989553,0.934462,0.989984,24,0.988732,0.982497,0.99215,0.009653,0.986544,0.979485,0.994749,0.966121,0.994967,0.001804,24,0.00173,24,0.513672,24,0.0,24,,0,0.104705,24
26,46,24,False,native,24,0.978598,0.96673,0.982575,0.015845,0.973223,0.958929,0.988335,0.935446,0.990579,24,0.989183,0.983079,0.991211,0.008132,0.986372,0.979034,0.994133,0.966647,0.995267,0.001682,24,0.001882,24,0.496094,24,0.0,24,,0,0.104938,24
26,47,24,False,native,24,0.977789,0.966549,0.982907,0.016359,0.972682,0.955348,0.987711,0.935306,0.989241,24,0.98877,0.982985,0.99138,0.008395,0.986093,0.977163,0.993818,0.966572,0.994591,0.001692,24,0.001664,24,0.507812,24,0.0,24,,0,0.105242,24
26,48,24,False,native,24,0.977936,0.965094,0.983166,0.018072,0.972725,0.956367,0.984881,0.935306,0.992069,24,0.988845,0.982234,0.991511,0.009277,0.986115,0.977697,0.992383,0.966572,0.996019,0.001797,24,0.00179,24,0.507812,24,0.0,24,,0,0.10555,24
26,49,24,False,native,24,0.978082,0.966906,0.982243,0.015337,0.972271,0.953654,0.983328,0.930954,0.991473,24,0.98892,0.983173,0.991042,0.007869,0.985877,0.976277,0.991594,0.964243,0.995718,0.001831,24,0.001821,24,0.498047,24,0.0,24,,0,0.105743,24
27,0,24,False,native,24,0.951907,0.941976,0.965886,0.02391,0.952089,0.931991,0.971506,0.921755,0.982427,24,0.975361,0.970121,0.982647,0.012526,0.975389,0.964799,0.985547,0.959285,0.991136,0.001774,24,0.001776,24,0.818359,24,0.0,24,0.99933,24,0.104474,24
27,1,24,False,native,24,0.957647,0.946983,0.969049,0.022065,0.9562,0.941077,0.973201,0.917603,0.97948,24,0.978365,0.972769,0.984281,0.011512,0.977548,0.969644,0.986418,0.957031,0.989633,0.001755,24,0.00166,24,0.785156,24,0.0,24,,0,0.105823,24
27,2,24,False,native,24,0.968285,0.953589,0.970725,0.017136,0.957271,0.942139,0.973874,0.870188,0.974781,24,0.983887,0.976243,0.985145,0.008902,0.977996,0.970207,0.986764,0.930589,0.98723,0.001641,24,0.00171,24,0.689453,24,0.0,24,,0,0.105792,24
27,3,24,False,native,24,0.969304,0.950798,0.972477,0.021679,0.959912,0.94583,0.97506,0.896296,0.977128,24,0.984413,0.974778,0.986046,0.011268,0.97942,0.97216,0.987372,0.945312,0.988431,0.001743,24,0.001732,24,0.65625,24,0.0,24,,0,0.105388,24
27,4,24,False,native,24,0.970324,0.949798,0.973062,0.023264,0.959773,0.94428,0.97547,0.889433,0.979627,24,0.984938,0.974253,0.986347,0.012094,0.979333,0.971342,0.987583,0.941481,0.989709,0.001837,24,0.001793,24,0.636719,24,0.0,24,,0,0.105029,24
27,5,24,False,native,24,0.968867,0.947979,0.974122,0.026143,0.959269,0.941714,0.975177,0.897918,0.975514,24,0.984187,0.973295,0.986892,0.013597,0.979085,0.969982,0.987432,0.946214,0.987605,0.001774,24,0.001735,24,0.658203,24,0.0,24,,0,0.105028,24
27,6,24,False,native,24,0.970908,0.948194,0.974379,0.026185,0.960392,0.939028,0.97773,0.901035,0.980952,24,0.985239,0.973407,0.987023,0.013616,0.979664,0.968555,0.988739,0.947942,0.990385,0.001787,24,0.001824,24,0.634766,24,0.0,24,,0,0.104963,24
27,7,24,False,native,24,0.969086,0.947943,0.975001,0.027058,0.960049,0.936785,0.97547,0.90689,0.977568,24,0.9843,0.973276,0.987342,0.014066,0.979508,0.96736,0.987583,0.951172,0.988657,0.001764,24,0.001736,24,0.667969,24,0.0,24,,0,0.105007,24
27,8,24,False,native,24,0.968503,0.948193,0.975294,0.027101,0.960788,0.934885,0.976951,0.910311,0.98169,24,0.983999,0.973407,0.987492,0.014085,0.979896,0.966346,0.988341,0.95305,0.99076,0.001742,24,0.001827,24,0.652344,24,0.0,24,,0,0.105088,24
27,9,24,False,native,24,0.970981,0.945985,0.974635,0.028649,0.960777,0.931558,0.977862,0.915533,0.980363,24,0.985276,0.972243,0.987154,0.014911,0.979893,0.964566,0.988807,0.955904,0.990084,0.001813,24,0.001755,24,0.628906,24,0.0,24,,0,0.105155,24
27,10,24,False,native,24,0.969085,0.947124,0.976357,0.029233,0.961194,0.929024,0.978171,0.917741,0.983757,24,0.9843,0.972844,0.988037,0.015193,0.980106,0.963206,0.988965,0.957106,0.991812,0.001712,24,0.001778,24,0.648438,24,0.0,24,0.999628,24,0.10521,24
27,11,24,False,native,24,0.967412,0.948014,0.977128,0.029113,0.961496,0.927559,0.979774,0.920092,0.98494,24,0.983436,0.973314,0.988431,0.015118,0.980265,0.962417,0.989784,0.958383,0.992413,0.001763,24,0.001719,24,0.654297,24,0.0,24,,0,0.105151,24
27,12,24,False,native,24,0.969012,0.949941,0.977128,0.027187,0.96202,0.926457,0.98051,0.921478,0.983018,24,0.984262,0.974328,0.988431,0.014104,0.980541,0.961824,0.990159,0.959135,0.991436,0.001784,24,0.00182,24,0.638672,24,0.0,24,,0,0.10512,24
27,13,24,False,native,24,0.967994,0.949048,0.977752,0.028704,0.961735,0.927641,0.980894,0.924673,0.9842,24,0.983736,0.973858,0.988751,0.014893,0.980397,0.962462,0.990355,0.960862,0.992037,0.001799,24,0.001833,24,0.664062,24,0.0,24,,0,0.105132,24
27,14,24,False,native,24,0.967994,0.950226,0.975514,0.025288,0.962235,0.929402,0.980629,0.926483,0.985976,24,0.983736,0.974478,0.987605,0.013127,0.980663,0.963409,0.990219,0.961839,0.992939,0.00189,24,0.00169,24,0.683594,24,0.0,24,,0,0.10508,24
27,15,24,False,native,24,0.967194,0.950691,0.977458,0.026767,0.962366,0.930186,0.980039,0.926623,0.987459,24,0.983323,0.974722,0.988601,0.013878,0.980732,0.96383,0.989919,0.961914,0.99369,0.001777,24,0.00187,24,0.691406,24,0.0,24,,0,0.105153,24
27,16,24,False,native,24,0.967921,0.950227,0.978082,0.027856,0.963027,0.931824,0.980702,0.928716,0.987014,24,0.983699,0.974478,0.98892,0.014442,0.981079,0.964709,0.990257,0.963041,0.993465,0.001771,24,0.001752,24,0.6875,24,0.0,24,,0,0.105101,24
27,17,24,False,native,24,0.967048,0.952193,0.977532,0.025339,0.963489,0.933747,0.980968,0.930674,0.988498,24,0.983248,0.975511,0.988638,0.013127,0.981323,0.965738,0.990392,0.964093,0.994216,0.001787,24,0.001846,24,0.703125,24,0.0,24,,0,0.105115,24
27,18,24,False,native,24,0.965451,0.951692,0.977385,0.025692,0.963183,0.935348,0.979921,0.931795,0.98835,24,0.982422,0.975248,0.988563,0.013315,0.98117,0.966594,0.989859,0.964694,0.994141,0.001747,24,0.001866,24,0.701172,24,0.0,24,,0,0.105067,24
27,19,24,False,native,24,0.966978,0.952014,0.977568,0.025555,0.963651,0.936474,0.980437,0.933057,0.987904,24,0.983211,0.975417,0.988657,0.01324,0.981414,0.967195,0.990122,0.96537,0.993915,0.001785,24,0.00183,24,0.689453,24,0.0,24,,0,0.105049,24
27,20,24,False,native,24,0.967412,0.952944,0.978009,0.025065,0.964041,0.935545,0.981159,0.933759,0.988498,24,0.983436,0.975905,0.988882,0.012977,0.981617,0.966699,0.99049,0.965745,0.994216,0.001832,24,0.001729,24,0.677734,24,0.0,24,0.999622,24,0.10508,24
27,21,24,False,native,24,0.966177,0.95187,0.978046,0.026175,0.964255,0.938039,0.981749,0.934321,0.988647,24,0.982797,0.975342,0.988901,0.013559,0.98173,0.968029,0.99079,0.966046,0.994291,0.00171,24,0.001868,24,0.708984,24,0.0,24,,0,0.105034,24
27,22,24,False,native,24,0.965306,0.952622,0.978193,0.02557,0.96412,0.937362,0.981542,0.934884,0.989092,24,0.982347,0.975736,0.988976,0.01324,0.981658,0.967668,0.990685,0.966346,0.994516,0.00184,24,0.001833,24,0.728516,24,0.0,24,,0,0.104995,24
27,23,24,False,native,24,0.966177,0.951262,0.979185,0.027923,0.96427,0.937686,0.981896,0.936432,0.990282,24,0.982797,0.975023,0.989483,0.014461,0.981733,0.967841,0.990865,0.967172,0.995117,0.001761,24,0.00174,24,0.716797,24,0.0,24,,0,0.104998,24
27,24,24,False,native,24,0.966831,0.949976,0.978891,0.028915,0.964338,0.939295,0.982354,0.937982,0.989984,24,0.983136,0.974346,0.989333,0.014986,0.981771,0.968697,0.991098,0.967999,0.994967,0.001851,24,0.001714,24,0.689453,24,0.0,24,,0,0.104969,24
27,25,24,False,native,24,0.96705,0.949048,0.979259,0.030211,0.964183,0.93938,0.98262,0.938688,0.989092,24,0.983248,0.973858,0.989521,0.015663,0.981689,0.968742,0.991233,0.968374,0.994516,0.001754,24,0.001758,24,0.695312,24,0.0,24,,0,0.10495,24
27,26,24,False,native,24,0.966177,0.948657,0.979112,0.030455,0.964385,0.941445,0.984438,0.939111,0.98939,24,0.982797,0.973652,0.989446,0.015794,0.981793,0.969839,0.992157,0.9686,0.994666,0.001726,24,0.001729,24,0.712891,24,0.0,24,,0,0.104896,24
27,27,24,False,native,24,0.966469,0.948158,0.980842,0.032684,0.964899,0.942351,0.984526,0.940525,0.991324,24,0.982948,0.973389,0.990328,0.01694,0.982059,0.97032,0.992203,0.969351,0.995643,0.001649,24,0.00179,24,0.689453,24,0.0,24,,0,0.104882,24
27,28,24,False,native,24,0.966177,0.947838,0.979774,0.031936,0.96489,0.94306,0.984141,0.939394,0.989687,24,0.982797,0.97322,0.989784,0.016564,0.982056,0.970696,0.992007,0.96875,0.994817,0.001746,24,0.001771,24,0.701172,24,0.0,24,,0,0.104822,24
27,29,24,False,native,24,0.967412,0.948053,0.980069,0.032016,0.964935,0.942224,0.983181,0.939253,0.990282,24,0.983436,0.973332,0.989934,0.016602,0.982078,0.970252,0.991519,0.968675,0.995117,0.00177,24,0.001751,24,0.681641,24,0.0,24,,0,0.104704,24
27,30,24,False,native,24,0.967339,0.947875,0.979958,0.032083,0.964775,0.940355,0.984349,0.938406,0.991026,24,0.983398,0.973238,0.989878,0.016639,0.98199,0.969261,0.992112,0.968224,0.995493,0.00169,24,0.001672,24,0.681641,24,0.0,24,0.999623,24,0.104655,24
27,31,24,False,native,24,0.965596,0.947873,0.981063,0.03319,0.964606,0.939225,0.984112,0.937418,0.990877,24,0.982497,0.973238,0.990441,0.017203,0.981899,0.96866,0.991992,0.967698,0.995418,0.00176,24,0.00178,24,0.722656,24,0.0,24,,0,0.10459,24
27,32,24,False,native,24,0.966613,0.947623,0.980768,0.033145,0.964184,0.938166,0.982486,0.936854,0.991473,24,0.983023,0.973107,0.990291,0.017184,0.98168,0.968096,0.991166,0.967398,0.995718,0.001644,24,0.001718,24,0.707031,24,0.0,24,,0,0.104487,24
27,33,24,False,native,24,0.964509,0.947445,0.979958,0.032513,0.963865,0.938688,0.982974,0.935306,0.990877,24,0.981934,0.973013,0.989878,0.016864,0.981517,0.968374,0.991414,0.966572,0.995418,0.001662,24,0.001632,24,0.712891,24,0.0,24,,0,0.104413,24
27,34,24,False,native,24,0.965453,0.947231,0.980989,0.033758,0.964564,0.938787,0.983299,0.9339,0.991622,24,0.982422,0.9729,0.990403,0.017503,0.981874,0.968427,0.991579,0.96582,0.995793,0.001712,24,0.001733,24,0.699219,24,0.0,24,,0,0.104319,24
27,35,24,False,native,24,0.964364,0.948513,0.980658,0.032144,0.964464,0.939861,0.982737,0.93404,0.991324,24,0.981858,0.973576,0.990234,0.016658,0.981827,0.968998,0.991294,0.965895,0.995643,0.001689,24,0.00166,24,0.710938,24,0.0,24,,0,0.104217,24
27,36,24,False,native,24,0.964219,0.950191,0.980105,0.029914,0.964628,0.94129,0.985222,0.932356,0.988795,24,0.981783,0.974459,0.989953,0.015494,0.981915,0.969757,0.992556,0.964994,0.994366,0.001698,24,0.001649,24,0.720703,24,0.0,24,,0,0.104147,24
27,37,24,False,native,24,0.966613,0.950477,0.981284,0.030807,0.965308,0.942124,0.985147,0.930954,0.989984,24,0.983023,0.974609,0.990554,0.015944,0.982262,0.9702,0.992518,0.964243,0.994967,0.001687,24,0.001605,24,0.699219,24,0.0,24,,0,0.104114,24
27,38,24,False,native,24,0.965017,0.951907,0.978965,0.027057,0.964938,0.943769,0.98494,0.932496,0.990877,24,0.982197,0.975361,0.98937,0.01401,0.982078,0.971071,0.992413,0.965069,0.995418,0.001697,24,0.001648,24,0.712891,24,0.0,24,,0,0.104003,24
27,39,24,False,native,24,0.965234,0.95438,0.979185,0.024805,0.965181,0.944678,0.983786,0.932075,0.990579,24,0.982309,0.976656,0.989483,0.012827,0.982209,0.971552,0.991827,0.964844,0.995267,0.001667,24,0.0017,24,0.708984,24,0.0,24,,0,0.103907,24
27,40,24,False,native,24,0.965234,0.953591,0.979921,0.026331,0.965531,0.943486,0.985296,0.932917,0.991026,24,0.982309,0.976243,0.989859,0.013616,0.982387,0.970921,0.992593,0.965294,0.995493,0.001695,24,0.001628,24,0.716797,24,0.0,24,0.999638,24,0.10384,24
27,41,24,False,native,24,0.964508,0.953877,0.979921,0.026044,0.965464,0.94394,0.984171,0.930674,0.990728,24,0.981934,0.976393,0.989859,0.013465,0.98235,0.971161,0.992022,0.964093,0.995343,0.00172,24,0.001788,24,0.726562,24,0.0,24,,0,0.103777,24
27,42,24,False,native,24,0.964364,0.956212,0.979001,0.02279,0.965767,0.944607,0.984511,0.930534,0.990133,24,0.981858,0.977614,0.989389,0.011775,0.982513,0.971514,0.992195,0.964017,0.995042,0.001698,24,0.001724,24,0.699219,24,0.0,24,,0,0.103661,24
27,43,24,False,native,24,0.965379,0.957437,0.979738,0.022301,0.965999,0.946697,0.984008,0.928856,0.991473,24,0.982384,0.978253,0.989765,0.011512,0.982628,0.972619,0.99194,0.963116,0.995718,0.001755,24,0.001624,24,0.714844,24,0.0,24,,0,0.103565,24
27,44,24,False,native,24,0.964364,0.957689,0.979959,0.02227,0.966245,0.950462,0.984393,0.92746,0.991622,24,0.981858,0.978384,0.989878,0.011493,0.982757,0.974602,0.992135,0.962365,0.995793,0.001726,24,0.001689,24,0.707031,24,0.0,24,,0,0.103528,24
27,45,24,False,native,24,0.965814,0.957471,0.979443,0.021972,0.966061,0.952049,0.982398,0.926623,0.989984,24,0.98261,0.978271,0.989615,0.011343,0.982666,0.975436,0.991121,0.961914,0.994967,0.00184,24,0.001776,24,0.710938,24,0.0,24,,0,0.103468,24
27,46,24,False,native,24,0.964726,0.954199,0.9797,0.025502,0.965658,0.951162,0.9846,0.928158,0.989687,24,0.982046,0.976562,0.989746,0.013184,0.982456,0.97497,0.99224,0.96274,0.994817,0.001714,24,0.001721,24,0.703125,24,0.0,24,,0,0.103321,24
27,47,24,False,native,24,0.963134,0.956101,0.979039,0.022938,0.965292,0.950849,0.984334,0.930115,0.985236,24,0.98122,0.977558,0.989408,0.01185,0.982275,0.974805,0.992105,0.963792,0.992563,0.001716,24,0.001685,24,0.71875,24,0.0,24,,0,0.103043,24
27,48,24,False,native,24,0.964002,0.952013,0.979406,0.027393,0.964274,0.948692,0.982752,0.927599,0.984052,24,0.981671,0.975417,0.989596,0.014179,0.981743,0.97367,0.991301,0.96244,0.991962,0.001707,24,0.001678,24,0.738281,24,0.0,24,,0,0.102593,24
27,49,24,False,native,24,0.962553,0.955456,0.979222,0.023766,0.96302,0.948321,0.980717,0.927181,0.983313,24,0.980919,0.97722,0.989502,0.012282,0.981098,0.973475,0.990264,0.962215,0.991587,0.00172,24,0.001672,24,0.746094,24,0.0,24,,0,0.101892,24
28,0,24,False,native,24,0.932427,0.906481,0.951621,0.045139,0.92625,0.894448,0.958861,0.851589,0.969668,24,0.965032,0.950947,0.97521,0.024264,0.961454,0.944283,0.978996,0.919847,0.9846,0.001213,24,0.001293,24,0.921875,24,0.0,24,0.998946,24,0.100831,24
28,1,24,False,native,24,0.928437,0.91488,0.942279,0.027399,0.922148,0.853099,0.967921,0.836011,0.973756,24,0.962891,0.955548,0.970271,0.014724,0.959088,0.920726,0.983699,0.910682,0.986704,0.001293,24,0.00128,24,0.919922,24,0.0,24,,0,0.097769,24
28,2,24,False,native,24,0.934251,0.922008,0.944569,0.022561,0.926228,0.85625,0.969449,0.850688,0.972002,24,0.966008,0.959416,0.971492,0.012076,0.961335,0.922559,0.984488,0.919321,0.985802,0.001534,24,0.001454,24,0.921875,24,0.0,24,,0,0.099073,24
28,3,24,False,native,24,0.932918,0.921483,0.946207,0.024724,0.92939,0.878171,0.972925,0.853781,0.975807,24,0.965294,0.959135,0.972356,0.013221,0.963097,0.935134,0.986276,0.921124,0.987755,0.001392,24,0.001371,24,0.916016,24,0.0,24,,0,0.0981,24
28,4,24,False,native,24,0.93404,0.920682,0.946521,0.025839,0.930146,0.890265,0.971433,0.856107,0.973756,24,0.965895,0.958703,0.972525,0.013822,0.963542,0.941947,0.985509,0.922476,0.986704,0.001292,24,0.001399,24,0.898438,24,0.0,24,,0,0.098524,24
28,5,24,False,native,24,0.931517,0.91985,0.949762,0.029912,0.930908,0.895288,0.972689,0.858828,0.975074,24,0.964543,0.958252,0.974234,0.015982,0.963964,0.944749,0.986155,0.924053,0.98738,0.001331,24,0.001363,24,0.90625,24,0.0,24,,0,0.098487,24
28,6,24,False,native,24,0.930118,0.922556,0.947411,0.024855,0.931409,0.901891,0.970543,0.857661,0.972587,24,0.963792,0.959717,0.972994,0.013277,0.964249,0.948415,0.985051,0.923377,0.986103,0.001389,24,0.001407,24,0.914062,24,0.0,24,,0,0.098557,24
28,7,24,False,native,24,0.930468,0.92238,0.94887,0.02649,0.931568,0.909147,0.970339,0.858828,0.971564,24,0.96398,0.959623,0.973764,0.014141,0.964346,0.952411,0.984946,0.924053,0.985577,0.001323,24,0.001482,24,0.912109,24,0.0,24,,0,0.098683,24
28,8,24,False,native,24,0.93068,0.920543,0.949801,0.029258,0.933215,0.91759,0.971024,0.861298,0.972294,24,0.964093,0.958628,0.974253,0.015625,0.965232,0.957024,0.985299,0.925481,0.985953,0.001389,24,0.001298,24,0.882812,24,0.0,24,,0,0.098742,24
28,9,24,False,native,24,0.932155,0.922554,0.950658,0.028104,0.934064,0.918722,0.970616,0.860777,0.972587,24,0.964881,0.959717,0.974703,0.014986,0.965686,0.95764,0.985089,0.92518,0.986103,0.00143,24,0.001402,24,0.892578,24,0.0,24,,0,0.098802,24
28,10,24,False,native,24,0.931168,0.9253,0.952552,0.027251,0.934625,0.918599,0.968561,0.860777,0.972879,24,0.964355,0.9612,0.975699,0.014498,0.965992,0.957572,0.984029,0.92518,0.986253,0.001409,24,0.001434,24,0.884766,24,0.0,24,0.998848,24,0.098843,24
28,11,24,False,native,24,0.934251,0.925927,0.952374,0.026447,0.934844,0.917136,0.968619,0.860517,0.971564,24,0.966008,0.961538,0.975605,0.014066,0.966105,0.956776,0.984059,0.92503,0.985577,0.001411,24,0.001415,24,0.876953,24,0.0,24,,0,0.098831,24
28,12,24,False,native,24,0.934954,0.924012,0.955419,0.031406,0.93531,0.917289,0.968009,0.860777,0.970688,24,0.966384,0.960506,0.977201,0.016695,0.966352,0.956858,0.983744,0.92518,0.985126,0.001418,24,0.001428,24,0.871094,24,0.0,24,,0,0.098889,24
28,13,24,False,native,24,0.934674,0.923735,0.957507,0.033772,0.936048,0.918363,0.966875,0.861037,0.970397,24,0.966233,0.960355,0.97829,0.017935,0.966741,0.957444,0.983158,0.925331,0.984976,0.001299,24,0.001452,24,0.871094,24,0.0,24,,0,0.098919,24
28,14,24,False,native,24,0.938196,0.923457,0.956326,0.03287,0.936493,0.91958,0.967717,0.861558,0.969814,24,0.968111,0.960205,0.977671,0.017465,0.966978,0.958105,0.983594,0.925631,0.984675,0.001392,24,0.001442,24,0.888672,24,0.0,24,,0,0.098948,24
28,15,24,False,native,24,0.939261,0.922831,0.959234,0.036403,0.937229,0.916377,0.967877,0.860517,0.970105,24,0.968675,0.959867,0.979192,0.019325,0.967363,0.956363,0.983676,0.92503,0.984826,0.001499,24,0.001458,24,0.863281,24,0.0,24,,0,0.09903,24
28,16,24,False,native,24,0.94082,0.923457,0.96147,0.038014,0.937118,0.916679,0.96731,0.859088,0.970688,24,0.969501,0.960205,0.980356,0.020151,0.967295,0.956528,0.983383,0.924204,0.985126,0.001425,24,0.001451,24,0.863281,24,0.0,24,,0,0.099166,24
28,17,24,False,native,24,0.942025,0.923735,0.961291,0.037556,0.938156,0.918709,0.967266,0.859867,0.970543,24,0.97014,0.960355,0.980262,0.019907,0.967849,0.957632,0.983361,0.924654,0.985051,0.001474,24,0.001415,24,0.880859,24,0.0,24,,0,0.099304,24
28,18,24,False,native,24,0.942881,0.925508,0.965053,0.039545,0.939311,0.919608,0.968721,0.859867,0.969814,24,0.97059,0.961313,0.982215,0.020902,0.968456,0.95812,0.984112,0.924654,0.984675,0.001459,24,0.001432,24,0.853516,24,0.0,24,,0,0.099514,24
28,19,24,False,native,24,0.942943,0.926484,0.965996,0.039512,0.94017,0.921603,0.967892,0.858828,0.969959,24,0.970628,0.961839,0.982704,0.020865,0.96891,0.959202,0.983684,0.924053,0.984751,0.001546,24,0.001483,24,0.875,24,0.0,24,,0,0.099781,24
28,20,24,False,native,24,0.942881,0.926658,0.966431,0.039773,0.940352,0.922492,0.968823,0.858958,0.969668,24,0.97059,0.961933,0.982929,0.020996,0.969007,0.959683,0.984165,0.924129,0.9846,0.001473,24,0.001493,24,0.849609,24,0.0,24,0.998951,24,0.099938,24
28,21,24,False,native,24,0.944232,0.927809,0.966032,0.038223,0.940823,0.921714,0.967586,0.857532,0.969376,24,0.971304,0.962553,0.982722,0.02017,0.969254,0.959262,0.983526,0.923302,0.98445,0.001496,24,0.001462,24,0.851562,24,0.0,24,,0,0.100159,24
28,22,24,False,native,24,0.945873,0.929835,0.965741,0.035907,0.941738,0.922755,0.968125,0.858828,0.96894,24,0.972168,0.963642,0.982572,0.01893,0.969742,0.959826,0.983804,0.924053,0.984225,0.001467,24,0.001413,24,0.826172,24,0.0,24,,0,0.1004,24
28,23,24,False,native,24,0.947296,0.928751,0.965197,0.036446,0.941698,0.924896,0.967223,0.857532,0.968794,24,0.972919,0.96306,0.98229,0.019231,0.969717,0.960983,0.983338,0.923302,0.98415,0.001442,24,0.001508,24,0.8125,24,0.0,24,,0,0.100554,24
28,24,24,False,native,24,0.950308,0.928996,0.967484,0.038489,0.943135,0.924436,0.968619,0.85792,0.970105,24,0.974497,0.963191,0.983474,0.020282,0.970475,0.960735,0.984059,0.923528,0.984826,0.001472,24,0.001565,24,0.824219,24,0.0,24,,0,0.100654,24
28,25,24,False,native,24,0.95074,0.929905,0.96527,0.035365,0.943314,0.925397,0.97015,0.85818,0.974049,24,0.974722,0.963679,0.982328,0.018649,0.970565,0.961253,0.984848,0.923678,0.986854,0.001511,24,0.001516,24,0.830078,24,0.0,24,,0,0.100707,24
28,26,24,False,native,24,0.952747,0.930884,0.966903,0.036019,0.944323,0.926525,0.970309,0.85792,0.971564,24,0.975774,0.964205,0.983173,0.018968,0.971098,0.961861,0.984931,0.923528,0.985577,0.001514,24,0.001474,24,0.806641,24,0.0,24,,0,0.100773,24
28,27,24,False,native,24,0.952823,0.930219,0.966358,0.036139,0.944855,0.927264,0.972397,0.857791,0.975074,24,0.975811,0.963848,0.982891,0.019043,0.971373,0.96226,0.986005,0.923453,0.98738,0.001608,24,0.001634,24,0.802734,24,0.0,24,,0,0.100717,24
28,28,24,False,native,24,0.952811,0.930955,0.966358,0.035404,0.944894,0.927167,0.972499,0.857013,0.974195,24,0.975811,0.964243,0.982891,0.018649,0.971395,0.962207,0.986058,0.923002,0.986929,0.001721,24,0.00158,24,0.798828,24,0.0,24,,0,0.100734,24
28,29,24,False,native,24,0.952954,0.930675,0.968066,0.037392,0.945201,0.92806,0.972412,0.856884,0.975221,24,0.975886,0.964093,0.983774,0.019681,0.971554,0.962688,0.986013,0.922927,0.987455,0.001639,24,0.001635,24,0.800781,24,0.0,24,,0,0.100723,24
28,30,24,False,native,24,0.952869,0.93134,0.969267,0.037928,0.945471,0.927739,0.970397,0.856884,0.976981,24,0.975849,0.964449,0.984394,0.019944,0.971698,0.962515,0.984976,0.922927,0.988356,0.001632,24,0.001654,24,0.808594,24,0.0,24,0.999061,24,0.100703,24
28,31,24,False,native,24,0.951796,0.930919,0.969486,0.038566,0.945285,0.928339,0.971695,0.857143,0.977421,24,0.975285,0.964224,0.984506,0.020282,0.971598,0.962838,0.985645,0.923077,0.988582,0.001455,24,0.001535,24,0.814453,24,0.0,24,,0,0.100706,24
28,32,24,False,native,24,0.953867,0.93176,0.970288,0.038528,0.945854,0.928395,0.972864,0.855848,0.975954,24,0.976375,0.964675,0.98492,0.020245,0.971896,0.962868,0.986245,0.922326,0.987831,0.001541,24,0.00163,24,0.789062,24,0.0,24,,0,0.100679,24
28,33,24,False,native,24,0.95357,0.932216,0.970834,0.038619,0.94611,0.929514,0.97405,0.855978,0.977715,24,0.976224,0.964919,0.985201,0.020282,0.972027,0.963469,0.986854,0.922401,0.988732,0.001603,24,0.001532,24,0.785156,24,0.0,24,,0,0.100615,24
28,34,24,False,native,24,0.953786,0.932531,0.971163,0.038631,0.945916,0.927711,0.973127,0.855978,0.977862,24,0.976337,0.965088,0.98537,0.020282,0.971921,0.9625,0.986381,0.922401,0.988807,0.00154,24,0.001596,24,0.804688,24,0.0,24,,0,0.100611,24
28,35,24,False,native,24,0.954139,0.93148,0.970506,0.039026,0.945512,0.927906,0.971579,0.854685,0.978891,24,0.976525,0.964524,0.985032,0.020508,0.971705,0.962605,0.985584,0.92165,0.989333,0.001745,24,0.001603,24,0.818359,24,0.0,24,,0,0.100564,24
28,36,24,False,native,24,0.954639,0.931481,0.971747,0.040266,0.946074,0.928758,0.975675,0.854556,0.977421,24,0.976788,0.964524,0.985671,0.021146,0.971996,0.963063,0.987688,0.921575,0.988582,0.001654,24,0.00157,24,0.828125,24,0.0,24,,0,0.100558,24
28,37,24,False,native,24,0.955139,0.932849,0.971418,0.038569,0.946114,0.926428,0.97547,0.853523,0.979627,24,0.977051,0.965257,0.985502,0.020245,0.972008,0.961809,0.987583,0.920974,0.989709,0.001643,24,0.001639,24,0.820312,24,0.0,24,,0,0.1005,24
28,38,24,False,native,24,0.954204,0.933235,0.97244,0.039205,0.945903,0.926107,0.974298,0.854039,0.976394,24,0.976562,0.965463,0.986028,0.020564,0.971902,0.961636,0.986982,0.921274,0.988056,0.001772,24,0.001627,24,0.828125,24,0.0,24,,0,0.100517,24
28,39,24,False,native,24,0.955422,0.933937,0.970397,0.036459,0.94595,0.925285,0.974811,0.854685,0.976981,24,0.977201,0.965839,0.984976,0.019137,0.971936,0.961193,0.987245,0.92165,0.988356,0.001586,24,0.001679,24,0.810547,24,0.0,24,,0,0.10061,24
28,40,24,False,native,24,0.954414,0.934322,0.970579,0.036257,0.945954,0.923617,0.978097,0.853265,0.98051,24,0.976675,0.966046,0.98507,0.019024,0.971924,0.960291,0.988927,0.920823,0.990159,0.001596,24,0.001612,24,0.832031,24,0.0,24,0.999395,24,0.100728,24
28,41,24,False,native,24,0.953986,0.934112,0.970652,0.03654,0.945829,0.921284,0.978274,0.855202,0.979921,24,0.97645,0.965933,0.985107,0.019174,0.971864,0.959029,0.989017,0.92195,0.989859,0.001633,24,0.001584,24,0.804688,24,0.0,24,,0,0.100875,24
28,42,24,False,native,24,0.954127,0.934955,0.970215,0.035259,0.945603,0.919663,0.977715,0.854943,0.979627,24,0.976525,0.966384,0.984882,0.018498,0.971739,0.958151,0.988732,0.9218,0.989709,0.001647,24,0.001595,24,0.824219,24,0.0,24,,0,0.101054,24
28,43,24,False,native,24,0.95549,0.93513,0.96894,0.03381,0.945614,0.91781,0.979038,0.855202,0.979774,24,0.977239,0.966478,0.984225,0.017747,0.971745,0.957144,0.989408,0.92195,0.989784,0.001619,24,0.001623,24,0.8125,24,0.0,24,,0,0.10116,24
28,44,24,False,native,24,0.955778,0.934464,0.969668,0.035204,0.945417,0.916292,0.978097,0.85546,0.981837,24,0.977389,0.966121,0.9846,0.01848,0.971636,0.956318,0.988927,0.9221,0.990835,0.00169,24,0.001626,24,0.8125,24,0.0,24,,0,0.101376,24
28,45,24,False,native,24,0.95506,0.934358,0.968833,0.034474,0.945598,0.916085,0.977583,0.855331,0.980805,24,0.977013,0.966064,0.984168,0.018104,0.97173,0.956205,0.988664,0.922025,0.990309,0.001641,24,0.001715,24,0.8125,24,0.0,24,,0,0.101617,24
28,46,24,False,native,24,0.954485,0.934605,0.967594,0.032989,0.9453,0.916016,0.976702,0.85818,0.982427,24,0.976713,0.966196,0.98353,0.017334,0.971589,0.956167,0.988214,0.923678,0.991136,0.001645,24,0.001727,24,0.828125,24,0.0,24,,0,0.10175,24
28,47,24,False,native,24,0.956137,0.935095,0.968794,0.033699,0.946383,0.915492,0.978509,0.861037,0.981837,24,0.977577,0.966459,0.98415,0.017691,0.972165,0.955882,0.989138,0.925331,0.990835,0.001625,24,0.001649,24,0.826172,24,0.0,24,,0,0.101848,24
28,48,24,False,native,24,0.957289,0.935306,0.96894,0.033633,0.947489,0.917341,0.975177,0.865602,0.983757,24,0.978178,0.966572,0.984225,0.017653,0.972775,0.956889,0.987432,0.92796,0.991812,0.001669,24,0.001568,24,0.816406,24,0.0,24,,0,0.101646,24
28,49,24,False,native,24,0.956001,0.941445,0.970907,0.029463,0.949626,0.920328,0.974195,0.868744,0.985236,24,0.977502,0.969839,0.985239,0.0154,0.973918,0.958511,0.986929,0.929763,0.992563,0.001585,24,0.001613,24,0.8125,24,0.0,24,,0,0.10078,24
29,0,24,False,native,24,0.951263,0.931639,0.961543,0.029904,0.946867,0.916995,0.974519,0.902802,0.981542,24,0.975023,0.9646,0.980394,0.015794,0.972581,0.956701,0.987094,0.948918,0.990685,0.001592,24,0.001609,24,0.845703,24,0.0,24,0.999191,24,0.102022,24
29,1,24,False,native,24,0.954701,0.931169,0.965708,0.034539,0.948603,0.913295,0.977084,0.904299,0.981985,24,0.976825,0.964355,0.982553,0.018198,0.97347,0.95468,0.988409,0.949745,0.99091,0.001612,24,0.001714,24,0.796875,24,0.0,24,,0,0.103873,24
29,2,24,False,native,24,0.954062,0.93001,0.966323,0.036313,0.94981,0.919259,0.978568,0.90689,0.98494,24,0.976487,0.963736,0.982873,0.019137,0.974124,0.957925,0.989168,0.951172,0.992413,0.00159,24,0.001507,24,0.806641,24,0.0,24,,0,0.104518,24
29,3,24,False,native,24,0.953627,0.936009,0.967667,0.031658,0.952286,0.932679,0.979833,0.909489,0.981395,24,0.976262,0.966947,0.983567,0.01662,0.975448,0.965167,0.989814,0.952599,0.99061,0.00159,24,0.001705,24,0.808594,24,0.0,24,,0,0.104718,24
29,4,24,False,native,24,0.952126,0.935555,0.967557,0.032003,0.95142,0.928298,0.978068,0.911682,0.981395,24,0.975473,0.966703,0.983511,0.016808,0.974994,0.962816,0.988912,0.953801,0.99061,0.001647,24,0.001582,24,0.832031,24,0.0,24,,0,0.104975,24
29,5,24,False,native,24,0.953129,0.933443,0.968431,0.034987,0.950853,0.926763,0.973845,0.909626,0.983018,24,0.975999,0.965576,0.983962,0.018386,0.974691,0.961989,0.986749,0.952674,0.991436,0.001635,24,0.001555,24,0.808594,24,0.0,24,,0,0.105068,24
29,6,24,False,native,24,0.951907,0.933654,0.96985,0.036196,0.950654,0.92848,0.97329,0.9073,0.981247,24,0.975361,0.965689,0.984694,0.019005,0.974587,0.962913,0.986463,0.951397,0.990535,0.001631,24,0.001723,24,0.830078,24,0.0,24,,0,0.105022,24
29,7,24,False,native,24,0.952049,0.936854,0.969522,0.032668,0.95122,0.927265,0.974929,0.90812,0.98169,24,0.975436,0.967398,0.984525,0.017127,0.974885,0.96226,0.987305,0.951848,0.99076,0.001581,24,0.001556,24,0.835938,24,0.0,24,,0,0.104996,24
29,8,24,False,native,24,0.952846,0.937806,0.968649,0.030842,0.95119,0.927642,0.973713,0.905935,0.982575,24,0.975849,0.967905,0.984075,0.01617,0.974863,0.962462,0.986681,0.950646,0.991211,0.00168,24,0.001596,24,0.818359,24,0.0,24,,0,0.104841,24
29,9,24,False,native,24,0.952636,0.938584,0.968175,0.029592,0.950815,0.927209,0.972791,0.905116,0.98494,24,0.975736,0.968318,0.98383,0.015512,0.974666,0.96223,0.986208,0.950195,0.992413,0.00168,24,0.001654,24,0.820312,24,0.0,24,,0,0.104767,24
29,10,24,False,native,24,0.953636,0.937879,0.968358,0.030479,0.951188,0.926316,0.974474,0.904299,0.983166,24,0.976262,0.967942,0.983924,0.015982,0.974854,0.961749,0.987072,0.949745,0.991511,0.00162,24,0.001591,24,0.830078,24,0.0,24,0.999249,24,0.104688,24
29,11,24,False,native,24,0.954219,0.936786,0.968103,0.031317,0.951022,0.925773,0.974095,0.903074,0.982427,24,0.976562,0.96736,0.983793,0.016433,0.974766,0.961456,0.986877,0.949069,0.991136,0.001613,24,0.001608,24,0.800781,24,0.0,24,,0,0.104611,24
29,12,24,False,native,24,0.955225,0.937913,0.968904,0.030991,0.951419,0.924172,0.974035,0.904435,0.984792,24,0.977088,0.967961,0.984206,0.016245,0.974972,0.960592,0.986846,0.94982,0.992338,0.001562,24,0.001633,24,0.783203,24,0.0,24,,0,0.104502,24
29,13,24,False,native,24,0.954734,0.936753,0.967703,0.03095,0.950608,0.923006,0.972558,0.905525,0.982723,24,0.976825,0.967341,0.983586,0.016245,0.974547,0.959961,0.986088,0.950421,0.991286,0.001614,24,0.00166,24,0.787109,24,0.0,24,,0,0.104346,24
29,14,24,False,native,24,0.955949,0.934745,0.969595,0.03485,0.950957,0.924465,0.973962,0.902394,0.984496,24,0.977464,0.966271,0.984563,0.018292,0.974719,0.96075,0.986809,0.948693,0.992188,0.001554,24,0.001607,24,0.779297,24,0.0,24,,0,0.104227,24
29,15,24,False,native,24,0.956802,0.935167,0.969886,0.034719,0.95107,0.926191,0.97323,0.904435,0.98494,24,0.977915,0.966496,0.984713,0.018217,0.974782,0.961681,0.986433,0.94982,0.992413,0.001542,24,0.001583,24,0.792969,24,0.0,24,,0,0.104047,24
29,16,24,False,native,24,0.958601,0.934251,0.969377,0.035125,0.951654,0.926888,0.972762,0.906207,0.984644,24,0.978854,0.966008,0.98445,0.018442,0.975091,0.962057,0.986193,0.950796,0.992263,0.001558,24,0.001501,24,0.78125,24,0.0,24,,0,0.103836,24
29,17,24,False,native,24,0.957441,0.933479,0.970397,0.036919,0.952251,0.931599,0.975075,0.90498,0.985828,24,0.978253,0.965595,0.984976,0.019381,0.975401,0.964588,0.98738,0.95012,0.992864,0.001605,24,0.001601,24,0.785156,24,0.0,24,,0,0.10358,24
29,18,24,False,native,24,0.95809,0.93376,0.971382,0.037622,0.952244,0.931655,0.974444,0.90389,0.986421,24,0.978591,0.965745,0.985483,0.019738,0.975392,0.964618,0.987057,0.949519,0.993164,0.001573,24,0.001608,24,0.775391,24,0.0,24,,0,0.103436,24
29,19,24,False,native,24,0.958597,0.933759,0.971856,0.038097,0.952712,0.931025,0.973947,0.902666,0.985532,24,0.978854,0.965745,0.985727,0.019982,0.975639,0.96428,0.986801,0.948843,0.992713,0.001594,24,0.001552,24,0.755859,24,0.0,24,,0,0.103113,24
29,20,24,False,native,24,0.958949,0.934849,0.974086,0.039237,0.953763,0.932258,0.976541,0.903754,0.986421,24,0.979041,0.966327,0.986873,0.020545,0.97619,0.964941,0.988131,0.949444,0.993164,0.0016,24,0.001639,24,0.755859,24,0.0,24,0.999344,24,0.102867,24
29,21,24,False,native,24,0.957294,0.933795,0.972915,0.03912,0.953027,0.930045,0.97682,0.906071,0.985976,24,0.978178,0.965764,0.986272,0.020508,0.975805,0.963755,0.988274,0.950721,0.992939,0.001555,24,0.00162,24,0.792969,24,0.0,24,,0,0.10261,24
29,22,24,False,native,24,0.958803,0.934603,0.974379,0.039776,0.954463,0.932104,0.976511,0.908804,0.987311,24,0.978966,0.966196,0.987023,0.020827,0.976562,0.964859,0.988116,0.952224,0.993615,0.001564,24,0.001587,24,0.779297,24,0.0,24,,0,0.102475,24
29,23,24,False,native,24,0.957434,0.935622,0.974562,0.038939,0.954926,0.932945,0.978966,0.908394,0.98835,24,0.978253,0.966741,0.987117,0.020376,0.976804,0.965309,0.98937,0.951998,0.994141,0.001591,24,0.001605,24,0.792969,24,0.0,24,,0,0.102305,24
29,24,24,False,native,24,0.957577,0.935552,0.974854,0.039303,0.955244,0.933142,0.979053,0.910037,0.987904,24,0.978328,0.966703,0.987267,0.020564,0.976976,0.965415,0.989416,0.9529,0.993915,0.001568,24,0.00155,24,0.777344,24,0.0,24,,0,0.102123,24
29,25,24,False,native,24,0.957287,0.935024,0.973939,0.038915,0.954865,0.933029,0.981042,0.909626,0.987459,24,0.978178,0.966421,0.986798,0.020376,0.976775,0.965355,0.99043,0.952674,0.99369,0.00153,24,0.001556,24,0.765625,24,0.0,24,,0,0.102013,24
29,26,24,False,native,24,0.957791,0.936186,0.974013,0.037827,0.955291,0.933535,0.98057,0.90853,0.988944,24,0.978441,0.967041,0.986835,0.019794,0.976998,0.965625,0.990189,0.952073,0.994441,0.001661,24,0.001638,24,0.767578,24,0.0,24,,0,0.101937,24
29,27,24,False,native,24,0.957215,0.936961,0.976431,0.03947,0.955493,0.933198,0.981498,0.90771,0.988201,24,0.97814,0.967454,0.988075,0.02062,0.977095,0.965445,0.990663,0.951623,0.994066,0.001655,24,0.001605,24,0.771484,24,0.0,24,,0,0.101826,24
29,28,24,False,native,24,0.956497,0.936962,0.975808,0.038846,0.955463,0.932679,0.983092,0.907983,0.988053,24,0.977764,0.967454,0.987755,0.020301,0.977079,0.965167,0.991474,0.951773,0.99399,0.001624,24,0.001707,24,0.787109,24,0.0,24,,0,0.101755,24
29,29,24,False,native,24,0.956856,0.938513,0.977385,0.038872,0.95609,0.932398,0.983934,0.907573,0.989836,24,0.977952,0.96828,0.988563,0.020282,0.977404,0.965017,0.991902,0.951547,0.994892,0.001641,24,0.001688,24,0.769531,24,0.0,24,,0,0.101639,24
29,30,24,False,native,24,0.956353,0.937914,0.976981,0.039067,0.955702,0.931207,0.984304,0.907573,0.98835,24,0.977689,0.967961,0.988356,0.020395,0.977198,0.964378,0.99209,0.951547,0.994141,0.001588,24,0.001665,24,0.769531,24,0.0,24,0.999342,24,0.10156,24
29,31,24,False,native,24,0.954849,0.937948,0.975881,0.037933,0.955543,0.932118,0.984807,0.906617,0.98939,24,0.976901,0.96798,0.987793,0.019813,0.97711,0.964866,0.992345,0.951022,0.994666,0.001687,24,0.001687,24,0.798828,24,0.0,24,,0,0.101444,24
29,32,24,False,native,24,0.954208,0.939747,0.97654,0.036793,0.955964,0.932945,0.983624,0.906344,0.991026,24,0.976562,0.968938,0.988131,0.019193,0.977336,0.965309,0.991744,0.950871,0.995493,0.001555,24,0.001667,24,0.789062,24,0.0,24,,0,0.101303,24
29,33,24,False,native,24,0.953853,0.939323,0.977091,0.037768,0.956064,0.933366,0.985295,0.90498,0.989836,24,0.976375,0.968712,0.988413,0.0197,0.977379,0.965535,0.992593,0.95012,0.994892,0.001465,24,0.001604,24,0.794922,24,0.0,24,,0,0.101179,24
29,34,24,False,native,24,0.95186,0.940596,0.977128,0.036532,0.956208,0.93487,0.986273,0.907573,0.988498,24,0.975323,0.969389,0.988431,0.019043,0.977461,0.966339,0.993089,0.951547,0.994216,0.001623,24,0.001629,24,0.822266,24,0.0,24,,0,0.100992,24
29,35,24,False,native,24,0.949941,0.938547,0.977715,0.039168,0.955364,0.933563,0.98694,0.907573,0.989984,24,0.974309,0.968299,0.988732,0.020433,0.97701,0.96564,0.993427,0.951547,0.994967,0.001614,24,0.001605,24,0.832031,24,0.0,24,,0,0.100846,24
29,36,24,False,native,24,0.948658,0.938159,0.977274,0.039116,0.955005,0.933184,0.986747,0.9073,0.989984,24,0.973633,0.968093,0.988507,0.020414,0.976819,0.965437,0.993329,0.951397,0.994967,0.001616,24,0.001622,24,0.832031,24,0.0,24,,0,0.100707,24
29,37,24,False,native,24,0.949299,0.937066,0.977532,0.040466,0.955096,0.933114,0.987088,0.905798,0.989984,24,0.973971,0.967511,0.988638,0.021128,0.976863,0.9654,0.993502,0.950571,0.994967,0.001577,24,0.001546,24,0.837891,24,0.0,24,,0,0.100477,24
29,38,24,False,native,24,0.950443,0.937383,0.978303,0.04092,0.955263,0.932356,0.987192,0.904435,0.991324,24,0.974572,0.96768,0.989032,0.021353,0.976941,0.964994,0.993555,0.94982,0.995643,0.001684,24,0.001562,24,0.822266,24,0.0,24,,0,0.10027,24
29,39,24,False,native,24,0.949999,0.937172,0.978377,0.041205,0.955036,0.932005,0.986807,0.905662,0.991175,24,0.974346,0.967567,0.98907,0.021503,0.976829,0.964806,0.993359,0.950496,0.995568,0.001598,24,0.001574,24,0.820312,24,0.0,24,,0,0.100109,24
29,40,24,False,native,24,0.949209,0.936503,0.980143,0.04364,0.955377,0.931739,0.98734,0.906754,0.991026,24,0.973933,0.96721,0.989971,0.022761,0.977001,0.964663,0.99363,0.951097,0.995493,0.001721,24,0.001708,24,0.833984,24,0.0,24,0.999299,24,0.099977,24
29,41,24,False,native,24,0.949343,0.937947,0.980952,0.043005,0.955293,0.929402,0.987103,0.904707,0.990133,24,0.974008,0.96798,0.990385,0.022405,0.976957,0.963409,0.99351,0.94997,0.995042,0.001612,24,0.001605,24,0.84375,24,0.0,24,,0,0.099797,24
29,42,24,False,native,24,0.948913,0.937703,0.979885,0.042181,0.954946,0.928088,0.98737,0.903754,0.991473,24,0.973783,0.967849,0.98984,0.021991,0.976766,0.962703,0.993645,0.949444,0.995718,0.001625,24,0.00161,24,0.855469,24,0.0,24,,0,0.099556,24
29,43,24,False,native,24,0.949557,0.936716,0.979443,0.042727,0.954605,0.92516,0.986525,0.905389,0.990579,24,0.974121,0.967323,0.989615,0.022292,0.976588,0.961125,0.993217,0.950346,0.995267,0.001661,24,0.00167,24,0.845703,24,0.0,24,,0,0.099319,24
29,44,24,False,native,24,0.952633,0.936506,0.9811,0.044594,0.955458,0.92732,0.987178,0.905389,0.990579,24,0.975736,0.96721,0.99046,0.02325,0.977032,0.96229,0.993547,0.950346,0.995267,0.001702,24,0.001621,24,0.832031,24,0.0,24,,0,0.099095,24
29,45,24,False,native,24,0.953359,0.93394,0.98029,0.04635,0.954897,0.922672,0.987444,0.906344,0.989241,24,0.976112,0.965839,0.990047,0.024207,0.976732,0.959781,0.993682,0.950871,0.994591,0.001653,24,0.001668,24,0.824219,24,0.0,24,,0,0.098897,24
29,46,24,False,native,24,0.953922,0.93099,0.982833,0.051843,0.955617,0.922574,0.987104,0.912094,0.989687,24,0.976412,0.964262,0.991342,0.027081,0.977113,0.959728,0.99351,0.954026,0.994817,0.001779,24,0.001689,24,0.833984,24,0.0,24,,0,0.098624,24
29,47,24,False,native,24,0.953286,0.928368,0.980879,0.052511,0.955428,0.920633,0.986984,0.918985,0.988795,24,0.976074,0.962853,0.990347,0.027494,0.977023,0.958676,0.99345,0.957782,0.994366,0.001742,24,0.001537,24,0.806641,24,0.0,24,,0,0.098322,24
29,48,24,False,native,24,0.953571,0.933556,0.980695,0.047139,0.95559,0.924145,0.984407,0.918017,0.987904,24,0.976224,0.965633,0.990253,0.024621,0.97712,0.960577,0.992142,0.957257,0.993915,0.001542,24,0.001492,24,0.816406,24,0.0,24,,0,0.097893,24
29,49,24,False,native,24,0.954718,0.939927,0.977642,0.037715,0.957325,0.934265,0.981823,0.925369,0.985828,24,0.976825,0.969032,0.988694,0.019663,0.978084,0.966016,0.990828,0.961238,0.992864,0.001708,24,0.00166,24,0.785156,24,0.0,24,,0,0.097244,24
