arm,layer,sparsity,intervention_kind,purpose,representation,pool,score,selection_rule,n_cells,jaccard_median,jaccard_iqr,recall_median,spearman_rho_vs_exact_median,swaps_per_query_block_median,frac_query_blocks_changed_median,frac_decisions_changed_median,frac_cells_mask_identical_to_deployed,changed_pair_gap_fp64_median,reference_margin_norm_fp64_median,rel_l2_median,cosine_median,sparsification_error_median,wrong_mask_excess_median,wrong_mask_excess_iqr,signed_wrong_mask_over_sparsification_median,abs_wrong_mask_over_sparsification_median,abs_wrong_mask_over_sparsification_p90,frac_cells_arm_worse_than_deployed,random_matched_excess_median,isolation_ratio_abs,frac_cells_random_worse_than_arm,representation_saturation_frac_median,deployed_score_ties_median,exact_ties_fp64_total,selector_budget_violating_rows_total,selector_budget_violating_frac_max,pool_semantics,score_semantics,select_semantics
V0,0,0.8,reference_deployed,VSA as installed: fused_block_mean + bf16 matmul + fused_topk_mask,bf16,kernel,kernel,kernel,1440,1.0,0.0,1.0,0.9999886813935568,0.0,0.0,0.0,1.0,,0.0007885406664566403,0.15035758167505264,0.988714188337326,0.15035758167505264,0.0,0.0,0.0,0.0,0.0,0.0,,,,0.0,315.5,0,0,0.0,pool=kernel_fused_block_mean_bf16_read_fp32_acc_bf16_write,score=kernel_bf16_torch_matmul_acc_fp32_bf16_out,select=kernel_fused_topk_mask_fp32_bisect_index_order_ties
V0,0,0.9,reference_deployed,VSA as installed: fused_block_mean + bf16 matmul + fused_topk_mask,bf16,kernel,kernel,kernel,1440,1.0,0.0,1.0,0.9999886813935568,0.0,0.0,0.0,1.0,,0.0011049317279779862,0.20678527653217316,0.9787309169769287,0.20678527653217316,0.0,0.0,0.0,0.0,0.0,0.0,,,,0.0,309.0,0,0,0.0,pool=kernel_fused_block_mean_bf16_read_fp32_acc_bf16_write,score=kernel_bf16_torch_matmul_acc_fp32_bf16_out,select=kernel_fused_topk_mask_fp32_bisect_index_order_ties
V0,0,0.95,reference_deployed,VSA as installed: fused_block_mean + bf16 matmul + fused_topk_mask,bf16,kernel,kernel,kernel,1440,1.0,0.0,1.0,0.9999886813935568,0.0,0.0,0.0,1.0,,0.0018223123452057537,0.2505939304828644,0.9701735377311707,0.2505939304828644,0.0,0.0,0.0,0.0,0.0,0.0,,,,0.0,273.0,0,0,0.0,pool=kernel_fused_block_mean_bf16_read_fp32_acc_bf16_write,score=kernel_bf16_torch_matmul_acc_fp32_bf16_out,select=kernel_fused_topk_mask_fp32_bisect_index_order_ties
V0,1,0.8,reference_deployed,VSA as installed: fused_block_mean + bf16 matmul + fused_topk_mask,bf16,kernel,kernel,kernel,1440,1.0,0.0,1.0,0.9999914022757449,0.0,0.0,0.0,1.0,,0.0008526661787641125,0.12798136472702026,0.992088258266449,0.12798136472702026,0.0,0.0,0.0,0.0,0.0,0.0,,,,0.0,275.0,0,0,0.0,pool=kernel_fused_block_mean_bf16_read_fp32_acc_bf16_write,score=kernel_bf16_torch_matmul_acc_fp32_bf16_out,select=kernel_fused_topk_mask_fp32_bisect_index_order_ties
V0,1,0.9,reference_deployed,VSA as installed: fused_block_mean + bf16 matmul + fused_topk_mask,bf16,kernel,kernel,kernel,1440,1.0,0.0,1.0,0.9999914022757449,0.0,0.0,0.0,1.0,,0.0012335997979662455,0.18636058270931244,0.9833790063858032,0.18636058270931244,0.0,0.0,0.0,0.0,0.0,0.0,,,,0.0,264.0,0,0,0.0,pool=kernel_fused_block_mean_bf16_read_fp32_acc_bf16_write,score=kernel_bf16_torch_matmul_acc_fp32_bf16_out,select=kernel_fused_topk_mask_fp32_bisect_index_order_ties
V0,1,0.95,reference_deployed,VSA as installed: fused_block_mean + bf16 matmul + fused_topk_mask,bf16,kernel,kernel,kernel,1440,1.0,0.0,1.0,0.9999914022757449,0.0,0.0,0.0,1.0,,0.002029462419291611,0.22703497111797333,0.9766123294830322,0.22703497111797333,0.0,0.0,0.0,0.0,0.0,0.0,,,,0.0,213.0,0,0,0.0,pool=kernel_fused_block_mean_bf16_read_fp32_acc_bf16_write,score=kernel_bf16_torch_matmul_acc_fp32_bf16_out,select=kernel_fused_topk_mask_fp32_bisect_index_order_ties
V0,10,0.8,reference_deployed,VSA as installed: fused_block_mean + bf16 matmul + fused_topk_mask,bf16,kernel,kernel,kernel,1440,1.0,0.0,1.0,0.999990780296139,0.0,0.0,0.0,1.0,,0.0008479816390022745,0.22792909294366837,0.9767074882984161,0.22792909294366837,0.0,0.0,0.0,0.0,0.0,0.0,,,,0.0,329.0,0,12,0.00013354700854700856,pool=kernel_fused_block_mean_bf16_read_fp32_acc_bf16_write,score=kernel_bf16_torch_matmul_acc_fp32_bf16_out,select=kernel_fused_topk_mask_fp32_bisect_index_order_ties
V0,10,0.9,reference_deployed,VSA as installed: fused_block_mean + bf16 matmul + fused_topk_mask,bf16,kernel,kernel,kernel,1440,1.0,0.0,1.0,0.999990780296139,0.0,0.0,0.0,1.0,,0.0012983309924965536,0.3246503919363022,0.9570437073707581,0.3246503919363022,0.0,0.0,0.0,0.0,0.0,0.0,,,,0.0,307.0,0,0,0.0,pool=kernel_fused_block_mean_bf16_read_fp32_acc_bf16_write,score=kernel_bf16_torch_matmul_acc_fp32_bf16_out,select=kernel_fused_topk_mask_fp32_bisect_index_order_ties
V0,10,0.95,reference_deployed,VSA as installed: fused_block_mean + bf16 matmul + fused_topk_mask,bf16,kernel,kernel,kernel,1440,1.0,0.0,1.0,0.999990780296139,0.0,0.0,0.0,1.0,,0.0020777991703692985,0.4133630841970444,0.9309206604957581,0.4133630841970444,0.0,0.0,0.0,0.0,0.0,0.0,,,,0.0,251.5,0,0,0.0,pool=kernel_fused_block_mean_bf16_read_fp32_acc_bf16_write,score=kernel_bf16_torch_matmul_acc_fp32_bf16_out,select=kernel_fused_topk_mask_fp32_bisect_index_order_ties
V0,11,0.8,reference_deployed,VSA as installed: fused_block_mean + bf16 matmul + fused_topk_mask,bf16,kernel,kernel,kernel,1440,1.0,0.0,1.0,0.9999843392290382,0.0,0.0,0.0,1.0,,0.0008693533206463705,0.21563855558633804,0.9788621664047241,0.21563855558633804,0.0,0.0,0.0,0.0,0.0,0.0,,,,0.0,333.0,0,0,0.0,pool=kernel_fused_block_mean_bf16_read_fp32_acc_bf16_write,score=kernel_bf16_torch_matmul_acc_fp32_bf16_out,select=kernel_fused_topk_mask_fp32_bisect_index_order_ties
V0,11,0.9,reference_deployed,VSA as installed: fused_block_mean + bf16 matmul + fused_topk_mask,bf16,kernel,kernel,kernel,1440,1.0,0.0,1.0,0.9999843392290382,0.0,0.0,0.0,1.0,,0.0013103018926396578,0.30224114656448364,0.9617077112197876,0.30224114656448364,0.0,0.0,0.0,0.0,0.0,0.0,,,,0.0,305.5,0,0,0.0,pool=kernel_fused_block_mean_bf16_read_fp32_acc_bf16_write,score=kernel_bf16_torch_matmul_acc_fp32_bf16_out,select=kernel_fused_topk_mask_fp32_bisect_index_order_ties
V0,11,0.95,reference_deployed,VSA as installed: fused_block_mean + bf16 matmul + fused_topk_mask,bf16,kernel,kernel,kernel,1440,1.0,0.0,1.0,0.9999843392290382,0.0,0.0,0.0,1.0,,0.0021111426042373306,0.37936288118362427,0.9416300058364868,0.37936288118362427,0.0,0.0,0.0,0.0,0.0,0.0,,,,0.0,248.0,0,0,0.0,pool=kernel_fused_block_mean_bf16_read_fp32_acc_bf16_write,score=kernel_bf16_torch_matmul_acc_fp32_bf16_out,select=kernel_fused_topk_mask_fp32_bisect_index_order_ties
V0,12,0.8,reference_deployed,VSA as installed: fused_block_mean + bf16 matmul + fused_topk_mask,bf16,kernel,kernel,kernel,1440,1.0,0.0,1.0,0.9999918578167699,0.0,0.0,0.0,1.0,,0.0008430143736962916,0.19203152507543564,0.9826260805130005,0.19203152507543564,0.0,0.0,0.0,0.0,0.0,0.0,,,,0.0,356.5,0,0,0.0,pool=kernel_fused_block_mean_bf16_read_fp32_acc_bf16_write,score=kernel_bf16_torch_matmul_acc_fp32_bf16_out,select=kernel_fused_topk_mask_fp32_bisect_index_order_ties
V0,12,0.9,reference_deployed,VSA as installed: fused_block_mean + bf16 matmul + fused_topk_mask,bf16,kernel,kernel,kernel,1440,1.0,0.0,1.0,0.9999918578167699,0.0,0.0,0.0,1.0,,0.0013075141217901527,0.27437329292297363,0.966253012418747,0.27437329292297363,0.0,0.0,0.0,0.0,0.0,0.0,,,,0.0,312.5,0,0,0.0,pool=kernel_fused_block_mean_bf16_read_fp32_acc_bf16_write,score=kernel_bf16_torch_matmul_acc_fp32_bf16_out,select=kernel_fused_topk_mask_fp32_bisect_index_order_ties
V0,12,0.95,reference_deployed,VSA as installed: fused_block_mean + bf16 matmul + fused_topk_mask,bf16,kernel,kernel,kernel,1440,1.0,0.0,1.0,0.9999918578167699,0.0,0.0,0.0,1.0,,0.0021572527494809505,0.3342687636613846,0.9528513252735138,0.3342687636613846,0.0,0.0,0.0,0.0,0.0,0.0,,,,0.0,237.0,0,0,0.0,pool=kernel_fused_block_mean_bf16_read_fp32_acc_bf16_write,score=kernel_bf16_torch_matmul_acc_fp32_bf16_out,select=kernel_fused_topk_mask_fp32_bisect_index_order_ties
V0,13,0.8,reference_deployed,VSA as installed: fused_block_mean + bf16 matmul + fused_topk_mask,bf16,kernel,kernel,kernel,1440,1.0,0.0,1.0,0.9999879294798928,0.0,0.0,0.0,1.0,,0.0008332046917559409,0.20873186737298965,0.9798087179660797,0.20873186737298965,0.0,0.0,0.0,0.0,0.0,0.0,,,,0.0,381.0,0,12,0.00013354700854700856,pool=kernel_fused_block_mean_bf16_read_fp32_acc_bf16_write,score=kernel_bf16_torch_matmul_acc_fp32_bf16_out,select=kernel_fused_topk_mask_fp32_bisect_index_order_ties
V0,13,0.9,reference_deployed,VSA as installed: fused_block_mean + bf16 matmul + fused_topk_mask,bf16,kernel,kernel,kernel,1440,1.0,0.0,1.0,0.9999879294798928,0.0,0.0,0.0,1.0,,0.0012797088526428544,0.2824755311012268,0.9659214913845062,0.2824755311012268,0.0,0.0,0.0,0.0,0.0,0.0,,,,0.0,342.0,0,12,0.00013354700854700856,pool=kernel_fused_block_mean_bf16_read_fp32_acc_bf16_write,score=kernel_bf16_torch_matmul_acc_fp32_bf16_out,select=kernel_fused_topk_mask_fp32_bisect_index_order_ties
V0,13,0.95,reference_deployed,VSA as installed: fused_block_mean + bf16 matmul + fused_topk_mask,bf16,kernel,kernel,kernel,1440,1.0,0.0,1.0,0.9999879294798928,0.0,0.0,0.0,1.0,,0.002044490563726991,0.35657934844493866,0.9486366510391235,0.35657934844493866,0.0,0.0,0.0,0.0,0.0,0.0,,,,0.0,279.0,0,0,0.0,pool=kernel_fused_block_mean_bf16_read_fp32_acc_bf16_write,score=kernel_bf16_torch_matmul_acc_fp32_bf16_out,select=kernel_fused_topk_mask_fp32_bisect_index_order_ties
V0,14,0.8,reference_deployed,VSA as installed: fused_block_mean + bf16 matmul + fused_topk_mask,bf16,kernel,kernel,kernel,1440,1.0,0.0,1.0,0.9999825708526167,0.0,0.0,0.0,1.0,,0.0008652489188367411,0.21915050595998764,0.9783788025379181,0.21915050595998764,0.0,0.0,0.0,0.0,0.0,0.0,,,,0.0,340.0,0,12,0.00013354700854700856,pool=kernel_fused_block_mean_bf16_read_fp32_acc_bf16_write,score=kernel_bf16_torch_matmul_acc_fp32_bf16_out,select=kernel_fused_topk_mask_fp32_bisect_index_order_ties
V0,14,0.9,reference_deployed,VSA as installed: fused_block_mean + bf16 matmul + fused_topk_mask,bf16,kernel,kernel,kernel,1440,1.0,0.0,1.0,0.9999825708526167,0.0,0.0,0.0,1.0,,0.0013359583605637758,0.3084939867258072,0.9592400789260864,0.3084939867258072,0.0,0.0,0.0,0.0,0.0,0.0,,,,0.0,304.0,0,0,0.0,pool=kernel_fused_block_mean_bf16_read_fp32_acc_bf16_write,score=kernel_bf16_torch_matmul_acc_fp32_bf16_out,select=kernel_fused_topk_mask_fp32_bisect_index_order_ties
V0,14,0.95,reference_deployed,VSA as installed: fused_block_mean + bf16 matmul + fused_topk_mask,bf16,kernel,kernel,kernel,1440,1.0,0.0,1.0,0.9999825708526167,0.0,0.0,0.0,1.0,,0.0021446424140944675,0.3856319934129715,0.9422160089015961,0.3856319934129715,0.0,0.0,0.0,0.0,0.0,0.0,,,,0.0,248.0,0,0,0.0,pool=kernel_fused_block_mean_bf16_read_fp32_acc_bf16_write,score=kernel_bf16_torch_matmul_acc_fp32_bf16_out,select=kernel_fused_topk_mask_fp32_bisect_index_order_ties
V0,15,0.8,reference_deployed,VSA as installed: fused_block_mean + bf16 matmul + fused_topk_mask,bf16,kernel,kernel,kernel,1440,1.0,0.0,1.0,0.999990987476826,0.0,0.0,0.0,1.0,,0.0008185961273645696,0.24100950360298157,0.9736638069152832,0.24100950360298157,0.0,0.0,0.0,0.0,0.0,0.0,,,,0.0,363.0,0,0,0.0,pool=kernel_fused_block_mean_bf16_read_fp32_acc_bf16_write,score=kernel_bf16_torch_matmul_acc_fp32_bf16_out,select=kernel_fused_topk_mask_fp32_bisect_index_order_ties
V0,15,0.9,reference_deployed,VSA as installed: fused_block_mean + bf16 matmul + fused_topk_mask,bf16,kernel,kernel,kernel,1440,1.0,0.0,1.0,0.999990987476826,0.0,0.0,0.0,1.0,,0.0012655714234086997,0.352523609995842,0.9480444490909576,0.352523609995842,0.0,0.0,0.0,0.0,0.0,0.0,,,,0.0,330.0,0,0,0.0,pool=kernel_fused_block_mean_bf16_read_fp32_acc_bf16_write,score=kernel_bf16_torch_matmul_acc_fp32_bf16_out,select=kernel_fused_topk_mask_fp32_bisect_index_order_ties
V0,15,0.95,reference_deployed,VSA as installed: fused_block_mean + bf16 matmul + fused_topk_mask,bf16,kernel,kernel,kernel,1440,1.0,0.0,1.0,0.999990987476826,0.0,0.0,0.0,1.0,,0.002019700226023588,0.4593591094017029,0.9204389452934265,0.4593591094017029,0.0,0.0,0.0,0.0,0.0,0.0,,,,0.0,272.5,0,0,0.0,pool=kernel_fused_block_mean_bf16_read_fp32_acc_bf16_write,score=kernel_bf16_torch_matmul_acc_fp32_bf16_out,select=kernel_fused_topk_mask_fp32_bisect_index_order_ties
V0,16,0.8,reference_deployed,VSA as installed: fused_block_mean + bf16 matmul + fused_topk_mask,bf16,kernel,kernel,kernel,1440,1.0,0.0,1.0,0.9999903655555166,0.0,0.0,0.0,1.0,,0.0008458046543802326,0.1949498951435089,0.9827901422977448,0.1949498951435089,0.0,0.0,0.0,0.0,0.0,0.0,,,,0.0,357.0,0,12,0.00013354700854700856,pool=kernel_fused_block_mean_bf16_read_fp32_acc_bf16_write,score=kernel_bf16_torch_matmul_acc_fp32_bf16_out,select=kernel_fused_topk_mask_fp32_bisect_index_order_ties
V0,16,0.9,reference_deployed,VSA as installed: fused_block_mean + bf16 matmul + fused_topk_mask,bf16,kernel,kernel,kernel,1440,1.0,0.0,1.0,0.9999903655555166,0.0,0.0,0.0,1.0,,0.001306599479886516,0.28412385284900665,0.9650280475616455,0.28412385284900665,0.0,0.0,0.0,0.0,0.0,0.0,,,,0.0,319.0,0,12,0.00013354700854700856,pool=kernel_fused_block_mean_bf16_read_fp32_acc_bf16_write,score=kernel_bf16_torch_matmul_acc_fp32_bf16_out,select=kernel_fused_topk_mask_fp32_bisect_index_order_ties
V0,16,0.95,reference_deployed,VSA as installed: fused_block_mean + bf16 matmul + fused_topk_mask,bf16,kernel,kernel,kernel,1440,1.0,0.0,1.0,0.9999903655555166,0.0,0.0,0.0,1.0,,0.0021361789623583075,0.36057430505752563,0.9474436342716217,0.36057430505752563,0.0,0.0,0.0,0.0,0.0,0.0,,,,0.0,259.0,0,0,0.0,pool=kernel_fused_block_mean_bf16_read_fp32_acc_bf16_write,score=kernel_bf16_torch_matmul_acc_fp32_bf16_out,select=kernel_fused_topk_mask_fp32_bisect_index_order_ties
V0,17,0.8,reference_deployed,VSA as installed: fused_block_mean + bf16 matmul + fused_topk_mask,bf16,kernel,kernel,kernel,1440,1.0,0.0,1.0,0.9999897402004486,0.0,0.0,0.0,1.0,,0.0008408049330861039,0.14778384566307068,0.9895994067192078,0.14778384566307068,0.0,0.0,0.0,0.0,0.0,0.0,,,,0.0,255.0,0,12,0.00013354700854700856,pool=kernel_fused_block_mean_bf16_read_fp32_acc_bf16_write,score=kernel_bf16_torch_matmul_acc_fp32_bf16_out,select=kernel_fused_topk_mask_fp32_bisect_index_order_ties
V0,17,0.9,reference_deployed,VSA as installed: fused_block_mean + bf16 matmul + fused_topk_mask,bf16,kernel,kernel,kernel,1440,1.0,0.0,1.0,0.9999897402004486,0.0,0.0,0.0,1.0,,0.0013418119786084192,0.1996692270040512,0.9816428124904633,0.1996692270040512,0.0,0.0,0.0,0.0,0.0,0.0,,,,0.0,245.0,0,0,0.0,pool=kernel_fused_block_mean_bf16_read_fp32_acc_bf16_write,score=kernel_bf16_torch_matmul_acc_fp32_bf16_out,select=kernel_fused_topk_mask_fp32_bisect_index_order_ties
V0,17,0.95,reference_deployed,VSA as installed: fused_block_mean + bf16 matmul + fused_topk_mask,bf16,kernel,kernel,kernel,1440,1.0,0.0,1.0,0.9999897402004486,0.0,0.0,0.0,1.0,,0.002260783104916073,0.2555399239063263,0.9712530970573425,0.2555399239063263,0.0,0.0,0.0,0.0,0.0,0.0,,,,0.0,202.0,0,12,0.00013354700854700856,pool=kernel_fused_block_mean_bf16_read_fp32_acc_bf16_write,score=kernel_bf16_torch_matmul_acc_fp32_bf16_out,select=kernel_fused_topk_mask_fp32_bisect_index_order_ties
V0,18,0.8,reference_deployed,VSA as installed: fused_block_mean + bf16 matmul + fused_topk_mask,bf16,kernel,kernel,kernel,1440,1.0,0.0,1.0,0.9999893856436199,0.0,0.0,0.0,1.0,,0.000844815549368149,0.4162144064903259,0.946549117565155,0.4162144064903259,0.0,0.0,0.0,0.0,0.0,0.0,,,,0.0,355.0,0,0,0.0,pool=kernel_fused_block_mean_bf16_read_fp32_acc_bf16_write,score=kernel_bf16_torch_matmul_acc_fp32_bf16_out,select=kernel_fused_topk_mask_fp32_bisect_index_order_ties
V0,18,0.9,reference_deployed,VSA as installed: fused_block_mean + bf16 matmul + fused_topk_mask,bf16,kernel,kernel,kernel,1440,1.0,0.0,1.0,0.9999893856436199,0.0,0.0,0.0,1.0,,0.0013204970096601404,0.5466905832290649,0.9093749225139618,0.5466905832290649,0.0,0.0,0.0,0.0,0.0,0.0,,,,0.0,316.0,0,0,0.0,pool=kernel_fused_block_mean_bf16_read_fp32_acc_bf16_write,score=kernel_bf16_torch_matmul_acc_fp32_bf16_out,select=kernel_fused_topk_mask_fp32_bisect_index_order_ties
V0,18,0.95,reference_deployed,VSA as installed: fused_block_mean + bf16 matmul + fused_topk_mask,bf16,kernel,kernel,kernel,1440,1.0,0.0,1.0,0.9999893856436199,0.0,0.0,0.0,1.0,,0.0021557764826145662,0.6646862626075745,0.8704415559768677,0.6646862626075745,0.0,0.0,0.0,0.0,0.0,0.0,,,,0.0,256.5,0,0,0.0,pool=kernel_fused_block_mean_bf16_read_fp32_acc_bf16_write,score=kernel_bf16_torch_matmul_acc_fp32_bf16_out,select=kernel_fused_topk_mask_fp32_bisect_index_order_ties
V0,19,0.8,reference_deployed,VSA as installed: fused_block_mean + bf16 matmul + fused_topk_mask,bf16,kernel,kernel,kernel,1440,1.0,0.0,1.0,0.9999808914142367,0.0,0.0,0.0,1.0,,0.0008357005606032608,0.16385933011770248,0.9878053367137909,0.16385933011770248,0.0,0.0,0.0,0.0,0.0,0.0,,,,0.0,313.0,0,72,0.00013354700854700856,pool=kernel_fused_block_mean_bf16_read_fp32_acc_bf16_write,score=kernel_bf16_torch_matmul_acc_fp32_bf16_out,select=kernel_fused_topk_mask_fp32_bisect_index_order_ties
V0,19,0.9,reference_deployed,VSA as installed: fused_block_mean + bf16 matmul + fused_topk_mask,bf16,kernel,kernel,kernel,1440,1.0,0.0,1.0,0.9999808914142367,0.0,0.0,0.0,1.0,,0.0013151191537665568,0.22712009400129318,0.9776186645030975,0.22712009400129318,0.0,0.0,0.0,0.0,0.0,0.0,,,,0.0,283.0,0,0,0.0,pool=kernel_fused_block_mean_bf16_read_fp32_acc_bf16_write,score=kernel_bf16_torch_matmul_acc_fp32_bf16_out,select=kernel_fused_topk_mask_fp32_bisect_index_order_ties
V0,19,0.95,reference_deployed,VSA as installed: fused_block_mean + bf16 matmul + fused_topk_mask,bf16,kernel,kernel,kernel,1440,1.0,0.0,1.0,0.9999808914142367,0.0,0.0,0.0,1.0,,0.002206270841639388,0.2825497090816498,0.9686525166034698,0.2825497090816498,0.0,0.0,0.0,0.0,0.0,0.0,,,,0.0,223.0,0,0,0.0,pool=kernel_fused_block_mean_bf16_read_fp32_acc_bf16_write,score=kernel_bf16_torch_matmul_acc_fp32_bf16_out,select=kernel_fused_topk_mask_fp32_bisect_index_order_ties
V0,2,0.8,reference_deployed,VSA as installed: fused_block_mean + bf16 matmul + fused_topk_mask,bf16,kernel,kernel,kernel,1440,1.0,0.0,1.0,0.9999654984272358,0.0,0.0,0.0,1.0,,0.0008350676344624959,0.14060808718204498,0.9904057085514069,0.14060808718204498,0.0,0.0,0.0,0.0,0.0,0.0,,,,0.0,258.0,0,0,0.0,pool=kernel_fused_block_mean_bf16_read_fp32_acc_bf16_write,score=kernel_bf16_torch_matmul_acc_fp32_bf16_out,select=kernel_fused_topk_mask_fp32_bisect_index_order_ties
V0,2,0.9,reference_deployed,VSA as installed: fused_block_mean + bf16 matmul + fused_topk_mask,bf16,kernel,kernel,kernel,1440,1.0,0.0,1.0,0.9999654984272358,0.0,0.0,0.0,1.0,,0.0012332712924069547,0.20354214310646057,0.9803852736949921,0.20354214310646057,0.0,0.0,0.0,0.0,0.0,0.0,,,,0.0,263.0,0,0,0.0,pool=kernel_fused_block_mean_bf16_read_fp32_acc_bf16_write,score=kernel_bf16_torch_matmul_acc_fp32_bf16_out,select=kernel_fused_topk_mask_fp32_bisect_index_order_ties
V0,2,0.95,reference_deployed,VSA as installed: fused_block_mean + bf16 matmul + fused_topk_mask,bf16,kernel,kernel,kernel,1440,1.0,0.0,1.0,0.9999654984272358,0.0,0.0,0.0,1.0,,0.001968827157948042,0.2570823132991791,0.9698545336723328,0.2570823132991791,0.0,0.0,0.0,0.0,0.0,0.0,,,,0.0,217.0,0,0,0.0,pool=kernel_fused_block_mean_bf16_read_fp32_acc_bf16_write,score=kernel_bf16_torch_matmul_acc_fp32_bf16_out,select=kernel_fused_topk_mask_fp32_bisect_index_order_ties
V0,20,0.8,reference_deployed,VSA as installed: fused_block_mean + bf16 matmul + fused_topk_mask,bf16,kernel,kernel,kernel,1440,1.0,0.0,1.0,0.9999871817842869,0.0,0.0,0.0,1.0,,0.000839242237067129,0.1389370858669281,0.9911029934883118,0.1389370858669281,0.0,0.0,0.0,0.0,0.0,0.0,,,,0.0,280.0,0,0,0.0,pool=kernel_fused_block_mean_bf16_read_fp32_acc_bf16_write,score=kernel_bf16_torch_matmul_acc_fp32_bf16_out,select=kernel_fused_topk_mask_fp32_bisect_index_order_ties
V0,20,0.9,reference_deployed,VSA as installed: fused_block_mean + bf16 matmul + fused_topk_mask,bf16,kernel,kernel,kernel,1440,1.0,0.0,1.0,0.9999871817842869,0.0,0.0,0.0,1.0,,0.0012480508840945798,0.19621066004037857,0.9834837317466736,0.19621066004037857,0.0,0.0,0.0,0.0,0.0,0.0,,,,0.0,267.0,0,0,0.0,pool=kernel_fused_block_mean_bf16_read_fp32_acc_bf16_write,score=kernel_bf16_torch_matmul_acc_fp32_bf16_out,select=kernel_fused_topk_mask_fp32_bisect_index_order_ties
V0,20,0.95,reference_deployed,VSA as installed: fused_block_mean + bf16 matmul + fused_topk_mask,bf16,kernel,kernel,kernel,1440,1.0,0.0,1.0,0.9999871817842869,0.0,0.0,0.0,1.0,,0.002230172842300515,0.24135667830705643,0.9759529829025269,0.24135667830705643,0.0,0.0,0.0,0.0,0.0,0.0,,,,0.0,210.0,0,0,0.0,pool=kernel_fused_block_mean_bf16_read_fp32_acc_bf16_write,score=kernel_bf16_torch_matmul_acc_fp32_bf16_out,select=kernel_fused_topk_mask_fp32_bisect_index_order_ties
V0,21,0.8,reference_deployed,VSA as installed: fused_block_mean + bf16 matmul + fused_topk_mask,bf16,kernel,kernel,kernel,1440,1.0,0.0,1.0,0.9999909840719707,0.0,0.0,0.0,1.0,,0.0008485192557293597,0.16669340431690216,0.9872505366802216,0.16669340431690216,0.0,0.0,0.0,0.0,0.0,0.0,,,,0.0,298.0,0,36,0.00013354700854700856,pool=kernel_fused_block_mean_bf16_read_fp32_acc_bf16_write,score=kernel_bf16_torch_matmul_acc_fp32_bf16_out,select=kernel_fused_topk_mask_fp32_bisect_index_order_ties
V0,21,0.9,reference_deployed,VSA as installed: fused_block_mean + bf16 matmul + fused_topk_mask,bf16,kernel,kernel,kernel,1440,1.0,0.0,1.0,0.9999909840719707,0.0,0.0,0.0,1.0,,0.0013016771532266278,0.2483912780880928,0.9762098789215088,0.2483912780880928,0.0,0.0,0.0,0.0,0.0,0.0,,,,0.0,278.0,0,0,0.0,pool=kernel_fused_block_mean_bf16_read_fp32_acc_bf16_write,score=kernel_bf16_torch_matmul_acc_fp32_bf16_out,select=kernel_fused_topk_mask_fp32_bisect_index_order_ties
V0,21,0.95,reference_deployed,VSA as installed: fused_block_mean + bf16 matmul + fused_topk_mask,bf16,kernel,kernel,kernel,1440,1.0,0.0,1.0,0.9999909840719707,0.0,0.0,0.0,1.0,,0.002183586320617961,0.3057820498943329,0.9652517139911652,0.3057820498943329,0.0,0.0,0.0,0.0,0.0,0.0,,,,0.0,233.0,0,0,0.0,pool=kernel_fused_block_mean_bf16_read_fp32_acc_bf16_write,score=kernel_bf16_torch_matmul_acc_fp32_bf16_out,select=kernel_fused_topk_mask_fp32_bisect_index_order_ties
V0,22,0.8,reference_deployed,VSA as installed: fused_block_mean + bf16 matmul + fused_topk_mask,bf16,kernel,kernel,kernel,1440,1.0,0.0,1.0,0.9999687783692192,0.0,0.0,0.0,1.0,,0.0008308774238797156,0.28586331009864807,0.9697762727737427,0.28586331009864807,0.0,0.0,0.0,0.0,0.0,0.0,,,,0.0,380.0,0,0,0.0,pool=kernel_fused_block_mean_bf16_read_fp32_acc_bf16_write,score=kernel_bf16_torch_matmul_acc_fp32_bf16_out,select=kernel_fused_topk_mask_fp32_bisect_index_order_ties
V0,22,0.9,reference_deployed,VSA as installed: fused_block_mean + bf16 matmul + fused_topk_mask,bf16,kernel,kernel,kernel,1440,1.0,0.0,1.0,0.9999687783692192,0.0,0.0,0.0,1.0,,0.0012806579444236154,0.43934834003448486,0.9423723816871643,0.43934834003448486,0.0,0.0,0.0,0.0,0.0,0.0,,,,0.0,334.0,0,24,0.00013354700854700856,pool=kernel_fused_block_mean_bf16_read_fp32_acc_bf16_write,score=kernel_bf16_torch_matmul_acc_fp32_bf16_out,select=kernel_fused_topk_mask_fp32_bisect_index_order_ties
V0,22,0.95,reference_deployed,VSA as installed: fused_block_mean + bf16 matmul + fused_topk_mask,bf16,kernel,kernel,kernel,1440,1.0,0.0,1.0,0.9999687783692192,0.0,0.0,0.0,1.0,,0.0020520353644899176,0.542433112859726,0.9140699505805969,0.542433112859726,0.0,0.0,0.0,0.0,0.0,0.0,,,,0.0,279.5,0,0,0.0,pool=kernel_fused_block_mean_bf16_read_fp32_acc_bf16_write,score=kernel_bf16_torch_matmul_acc_fp32_bf16_out,select=kernel_fused_topk_mask_fp32_bisect_index_order_ties
V0,23,0.8,reference_deployed,VSA as installed: fused_block_mean + bf16 matmul + fused_topk_mask,bf16,kernel,kernel,kernel,1440,1.0,0.0,1.0,0.9999712883557499,0.0,0.0,0.0,1.0,,0.0007893059716835263,0.23004470765590668,0.9768128395080566,0.23004470765590668,0.0,0.0,0.0,0.0,0.0,0.0,,,,0.0,420.0,0,0,0.0,pool=kernel_fused_block_mean_bf16_read_fp32_acc_bf16_write,score=kernel_bf16_torch_matmul_acc_fp32_bf16_out,select=kernel_fused_topk_mask_fp32_bisect_index_order_ties
V0,23,0.9,reference_deployed,VSA as installed: fused_block_mean + bf16 matmul + fused_topk_mask,bf16,kernel,kernel,kernel,1440,1.0,0.0,1.0,0.9999712883557499,0.0,0.0,0.0,1.0,,0.0012406938712839592,0.33838512003421783,0.9558019936084747,0.33838512003421783,0.0,0.0,0.0,0.0,0.0,0.0,,,,0.0,362.5,0,0,0.0,pool=kernel_fused_block_mean_bf16_read_fp32_acc_bf16_write,score=kernel_bf16_torch_matmul_acc_fp32_bf16_out,select=kernel_fused_topk_mask_fp32_bisect_index_order_ties
V0,23,0.95,reference_deployed,VSA as installed: fused_block_mean + bf16 matmul + fused_topk_mask,bf16,kernel,kernel,kernel,1440,1.0,0.0,1.0,0.9999712883557499,0.0,0.0,0.0,1.0,,0.002065555247318861,0.4146086573600769,0.9351935982704163,0.4146086573600769,0.0,0.0,0.0,0.0,0.0,0.0,,,,0.0,278.0,0,0,0.0,pool=kernel_fused_block_mean_bf16_read_fp32_acc_bf16_write,score=kernel_bf16_torch_matmul_acc_fp32_bf16_out,select=kernel_fused_topk_mask_fp32_bisect_index_order_ties
V0,24,0.8,reference_deployed,VSA as installed: fused_block_mean + bf16 matmul + fused_topk_mask,bf16,kernel,kernel,kernel,1440,1.0,0.0,1.0,0.9999867024041136,0.0,0.0,0.0,1.0,,0.0008448153449029855,0.3482593894004822,0.9614834487438202,0.3482593894004822,0.0,0.0,0.0,0.0,0.0,0.0,,,,0.0,331.0,0,0,0.0,pool=kernel_fused_block_mean_bf16_read_fp32_acc_bf16_write,score=kernel_bf16_torch_matmul_acc_fp32_bf16_out,select=kernel_fused_topk_mask_fp32_bisect_index_order_ties
V0,24,0.9,reference_deployed,VSA as installed: fused_block_mean + bf16 matmul + fused_topk_mask,bf16,kernel,kernel,kernel,1440,1.0,0.0,1.0,0.9999867024041136,0.0,0.0,0.0,1.0,,0.001305074857613921,0.4742249846458435,0.9315977990627289,0.4742249846458435,0.0,0.0,0.0,0.0,0.0,0.0,,,,0.0,296.0,0,0,0.0,pool=kernel_fused_block_mean_bf16_read_fp32_acc_bf16_write,score=kernel_bf16_torch_matmul_acc_fp32_bf16_out,select=kernel_fused_topk_mask_fp32_bisect_index_order_ties
V0,24,0.95,reference_deployed,VSA as installed: fused_block_mean + bf16 matmul + fused_topk_mask,bf16,kernel,kernel,kernel,1440,1.0,0.0,1.0,0.9999867024041136,0.0,0.0,0.0,1.0,,0.0021502425003505506,0.5639987885951996,0.9083733856678009,0.5639987885951996,0.0,0.0,0.0,0.0,0.0,0.0,,,,0.0,238.0,0,0,0.0,pool=kernel_fused_block_mean_bf16_read_fp32_acc_bf16_write,score=kernel_bf16_torch_matmul_acc_fp32_bf16_out,select=kernel_fused_topk_mask_fp32_bisect_index_order_ties
V0,25,0.8,reference_deployed,VSA as installed: fused_block_mean + bf16 matmul + fused_topk_mask,bf16,kernel,kernel,kernel,1440,1.0,0.0,1.0,0.9999548486657457,0.0,0.0,0.0,1.0,,0.0008148939211686135,0.23047610372304916,0.9773210287094116,0.23047610372304916,0.0,0.0,0.0,0.0,0.0,0.0,,,,0.0,383.5,0,24,0.00013354700854700856,pool=kernel_fused_block_mean_bf16_read_fp32_acc_bf16_write,score=kernel_bf16_torch_matmul_acc_fp32_bf16_out,select=kernel_fused_topk_mask_fp32_bisect_index_order_ties
V0,25,0.9,reference_deployed,VSA as installed: fused_block_mean + bf16 matmul + fused_topk_mask,bf16,kernel,kernel,kernel,1440,1.0,0.0,1.0,0.9999548486657457,0.0,0.0,0.0,1.0,,0.0012131482404637683,0.3445001244544983,0.954166829586029,0.3445001244544983,0.0,0.0,0.0,0.0,0.0,0.0,,,,0.0,341.0,0,0,0.0,pool=kernel_fused_block_mean_bf16_read_fp32_acc_bf16_write,score=kernel_bf16_torch_matmul_acc_fp32_bf16_out,select=kernel_fused_topk_mask_fp32_bisect_index_order_ties
V0,25,0.95,reference_deployed,VSA as installed: fused_block_mean + bf16 matmul + fused_topk_mask,bf16,kernel,kernel,kernel,1440,1.0,0.0,1.0,0.9999548486657457,0.0,0.0,0.0,1.0,,0.001897175296074452,0.40431395173072815,0.9384921193122864,0.40431395173072815,0.0,0.0,0.0,0.0,0.0,0.0,,,,0.0,286.0,0,0,0.0,pool=kernel_fused_block_mean_bf16_read_fp32_acc_bf16_write,score=kernel_bf16_torch_matmul_acc_fp32_bf16_out,select=kernel_fused_topk_mask_fp32_bisect_index_order_ties
V0,26,0.8,reference_deployed,VSA as installed: fused_block_mean + bf16 matmul + fused_topk_mask,bf16,kernel,kernel,kernel,1440,1.0,0.0,1.0,0.9999805204627598,0.0,0.0,0.0,1.0,,0.0008261100874670728,0.15273969620466232,0.989025890827179,0.15273969620466232,0.0,0.0,0.0,0.0,0.0,0.0,,,,0.0,415.0,0,24,0.00013354700854700856,pool=kernel_fused_block_mean_bf16_read_fp32_acc_bf16_write,score=kernel_bf16_torch_matmul_acc_fp32_bf16_out,select=kernel_fused_topk_mask_fp32_bisect_index_order_ties
V0,26,0.9,reference_deployed,VSA as installed: fused_block_mean + bf16 matmul + fused_topk_mask,bf16,kernel,kernel,kernel,1440,1.0,0.0,1.0,0.9999805204627598,0.0,0.0,0.0,1.0,,0.0012517190258136796,0.21795284003019333,0.9783068895339966,0.21795284003019333,0.0,0.0,0.0,0.0,0.0,0.0,,,,0.0,369.0,0,12,0.00013354700854700856,pool=kernel_fused_block_mean_bf16_read_fp32_acc_bf16_write,score=kernel_bf16_torch_matmul_acc_fp32_bf16_out,select=kernel_fused_topk_mask_fp32_bisect_index_order_ties
V0,26,0.95,reference_deployed,VSA as installed: fused_block_mean + bf16 matmul + fused_topk_mask,bf16,kernel,kernel,kernel,1440,1.0,0.0,1.0,0.9999805204627598,0.0,0.0,0.0,1.0,,0.002035536916489282,0.27570781111717224,0.9670893251895905,0.27570781111717224,0.0,0.0,0.0,0.0,0.0,0.0,,,,0.0,306.0,0,0,0.0,pool=kernel_fused_block_mean_bf16_read_fp32_acc_bf16_write,score=kernel_bf16_torch_matmul_acc_fp32_bf16_out,select=kernel_fused_topk_mask_fp32_bisect_index_order_ties
V0,27,0.8,reference_deployed,VSA as installed: fused_block_mean + bf16 matmul + fused_topk_mask,bf16,kernel,kernel,kernel,1440,1.0,0.0,1.0,0.999989387252809,0.0,0.0,0.0,1.0,,0.0008404803698588484,0.1307222694158554,0.991637110710144,0.1307222694158554,0.0,0.0,0.0,0.0,0.0,0.0,,,,0.0,318.0,0,0,0.0,pool=kernel_fused_block_mean_bf16_read_fp32_acc_bf16_write,score=kernel_bf16_torch_matmul_acc_fp32_bf16_out,select=kernel_fused_topk_mask_fp32_bisect_index_order_ties
V0,27,0.9,reference_deployed,VSA as installed: fused_block_mean + bf16 matmul + fused_topk_mask,bf16,kernel,kernel,kernel,1440,1.0,0.0,1.0,0.999989387252809,0.0,0.0,0.0,1.0,,0.0013258647259176788,0.18899594992399216,0.9829524159431458,0.18899594992399216,0.0,0.0,0.0,0.0,0.0,0.0,,,,0.0,286.0,0,0,0.0,pool=kernel_fused_block_mean_bf16_read_fp32_acc_bf16_write,score=kernel_bf16_torch_matmul_acc_fp32_bf16_out,select=kernel_fused_topk_mask_fp32_bisect_index_order_ties
V0,27,0.95,reference_deployed,VSA as installed: fused_block_mean + bf16 matmul + fused_topk_mask,bf16,kernel,kernel,kernel,1440,1.0,0.0,1.0,0.999989387252809,0.0,0.0,0.0,1.0,,0.0021294859969438772,0.23759659379720688,0.9739820063114166,0.23759659379720688,0.0,0.0,0.0,0.0,0.0,0.0,,,,0.0,239.0,0,0,0.0,pool=kernel_fused_block_mean_bf16_read_fp32_acc_bf16_write,score=kernel_bf16_torch_matmul_acc_fp32_bf16_out,select=kernel_fused_topk_mask_fp32_bisect_index_order_ties
V0,28,0.8,reference_deployed,VSA as installed: fused_block_mean + bf16 matmul + fused_topk_mask,bf16,kernel,kernel,kernel,1440,1.0,0.0,1.0,0.9999907695151152,0.0,0.0,0.0,1.0,,0.0008230252172999092,0.11343913897871971,0.993677943944931,0.11343913897871971,0.0,0.0,0.0,0.0,0.0,0.0,,,,0.0,316.0,0,0,0.0,pool=kernel_fused_block_mean_bf16_read_fp32_acc_bf16_write,score=kernel_bf16_torch_matmul_acc_fp32_bf16_out,select=kernel_fused_topk_mask_fp32_bisect_index_order_ties
V0,28,0.9,reference_deployed,VSA as installed: fused_block_mean + bf16 matmul + fused_topk_mask,bf16,kernel,kernel,kernel,1440,1.0,0.0,1.0,0.9999907695151152,0.0,0.0,0.0,1.0,,0.001244906607563445,0.15272367000579834,0.9885845482349396,0.15272367000579834,0.0,0.0,0.0,0.0,0.0,0.0,,,,0.0,295.5,0,0,0.0,pool=kernel_fused_block_mean_bf16_read_fp32_acc_bf16_write,score=kernel_bf16_torch_matmul_acc_fp32_bf16_out,select=kernel_fused_topk_mask_fp32_bisect_index_order_ties
V0,28,0.95,reference_deployed,VSA as installed: fused_block_mean + bf16 matmul + fused_topk_mask,bf16,kernel,kernel,kernel,1440,1.0,0.0,1.0,0.9999907695151152,0.0,0.0,0.0,1.0,,0.0020259607981325933,0.1929931789636612,0.9822990000247955,0.1929931789636612,0.0,0.0,0.0,0.0,0.0,0.0,,,,0.0,244.0,0,0,0.0,pool=kernel_fused_block_mean_bf16_read_fp32_acc_bf16_write,score=kernel_bf16_torch_matmul_acc_fp32_bf16_out,select=kernel_fused_topk_mask_fp32_bisect_index_order_ties
V0,29,0.8,reference_deployed,VSA as installed: fused_block_mean + bf16 matmul + fused_topk_mask,bf16,kernel,kernel,kernel,1440,1.0,0.0,1.0,0.9999916037788467,0.0,0.0,0.0,1.0,,0.0008437318799981489,0.12169839441776276,0.9931670427322388,0.12169839441776276,0.0,0.0,0.0,0.0,0.0,0.0,,,,0.0,295.0,0,0,0.0,pool=kernel_fused_block_mean_bf16_read_fp32_acc_bf16_write,score=kernel_bf16_torch_matmul_acc_fp32_bf16_out,select=kernel_fused_topk_mask_fp32_bisect_index_order_ties
V0,29,0.9,reference_deployed,VSA as installed: fused_block_mean + bf16 matmul + fused_topk_mask,bf16,kernel,kernel,kernel,1440,1.0,0.0,1.0,0.9999916037788467,0.0,0.0,0.0,1.0,,0.0012729158680168857,0.17080923169851303,0.9860950708389282,0.17080923169851303,0.0,0.0,0.0,0.0,0.0,0.0,,,,0.0,292.0,0,0,0.0,pool=kernel_fused_block_mean_bf16_read_fp32_acc_bf16_write,score=kernel_bf16_torch_matmul_acc_fp32_bf16_out,select=kernel_fused_topk_mask_fp32_bisect_index_order_ties
V0,29,0.95,reference_deployed,VSA as installed: fused_block_mean + bf16 matmul + fused_topk_mask,bf16,kernel,kernel,kernel,1440,1.0,0.0,1.0,0.9999916037788467,0.0,0.0,0.0,1.0,,0.002063523720543209,0.22543161362409592,0.9766477048397064,0.22543161362409592,0.0,0.0,0.0,0.0,0.0,0.0,,,,0.0,240.0,0,0,0.0,pool=kernel_fused_block_mean_bf16_read_fp32_acc_bf16_write,score=kernel_bf16_torch_matmul_acc_fp32_bf16_out,select=kernel_fused_topk_mask_fp32_bisect_index_order_ties
V0,3,0.8,reference_deployed,VSA as installed: fused_block_mean + bf16 matmul + fused_topk_mask,bf16,kernel,kernel,kernel,1440,1.0,0.0,1.0,0.9999913382721693,0.0,0.0,0.0,1.0,,0.0007866062458921063,0.20492937415838242,0.980330765247345,0.20492937415838242,0.0,0.0,0.0,0.0,0.0,0.0,,,,0.0,285.5,0,12,0.00013354700854700856,pool=kernel_fused_block_mean_bf16_read_fp32_acc_bf16_write,score=kernel_bf16_torch_matmul_acc_fp32_bf16_out,select=kernel_fused_topk_mask_fp32_bisect_index_order_ties
V0,3,0.9,reference_deployed,VSA as installed: fused_block_mean + bf16 matmul + fused_topk_mask,bf16,kernel,kernel,kernel,1440,1.0,0.0,1.0,0.9999913382721693,0.0,0.0,0.0,1.0,,0.0011969920607302633,0.2893918752670288,0.9619875550270081,0.2893918752670288,0.0,0.0,0.0,0.0,0.0,0.0,,,,0.0,300.0,0,0,0.0,pool=kernel_fused_block_mean_bf16_read_fp32_acc_bf16_write,score=kernel_bf16_torch_matmul_acc_fp32_bf16_out,select=kernel_fused_topk_mask_fp32_bisect_index_order_ties
V0,3,0.95,reference_deployed,VSA as installed: fused_block_mean + bf16 matmul + fused_topk_mask,bf16,kernel,kernel,kernel,1440,1.0,0.0,1.0,0.9999913382721693,0.0,0.0,0.0,1.0,,0.0019343698493230876,0.3719335347414017,0.9411712288856506,0.3719335347414017,0.0,0.0,0.0,0.0,0.0,0.0,,,,0.0,258.0,0,0,0.0,pool=kernel_fused_block_mean_bf16_read_fp32_acc_bf16_write,score=kernel_bf16_torch_matmul_acc_fp32_bf16_out,select=kernel_fused_topk_mask_fp32_bisect_index_order_ties
V0,4,0.8,reference_deployed,VSA as installed: fused_block_mean + bf16 matmul + fused_topk_mask,bf16,kernel,kernel,kernel,1440,1.0,0.0,1.0,0.9999914305484161,0.0,0.0,0.0,1.0,,0.0008461203002626531,0.2153560370206833,0.9790055155754089,0.2153560370206833,0.0,0.0,0.0,0.0,0.0,0.0,,,,0.0,289.0,0,12,0.00013354700854700856,pool=kernel_fused_block_mean_bf16_read_fp32_acc_bf16_write,score=kernel_bf16_torch_matmul_acc_fp32_bf16_out,select=kernel_fused_topk_mask_fp32_bisect_index_order_ties
V0,4,0.9,reference_deployed,VSA as installed: fused_block_mean + bf16 matmul + fused_topk_mask,bf16,kernel,kernel,kernel,1440,1.0,0.0,1.0,0.9999914305484161,0.0,0.0,0.0,1.0,,0.0013187117795642395,0.3111644834280014,0.9594213962554932,0.3111644834280014,0.0,0.0,0.0,0.0,0.0,0.0,,,,0.0,267.0,0,12,0.00013354700854700856,pool=kernel_fused_block_mean_bf16_read_fp32_acc_bf16_write,score=kernel_bf16_torch_matmul_acc_fp32_bf16_out,select=kernel_fused_topk_mask_fp32_bisect_index_order_ties
V0,4,0.95,reference_deployed,VSA as installed: fused_block_mean + bf16 matmul + fused_topk_mask,bf16,kernel,kernel,kernel,1440,1.0,0.0,1.0,0.9999914305484161,0.0,0.0,0.0,1.0,,0.0021016415869223783,0.3737389147281647,0.9444916844367981,0.3737389147281647,0.0,0.0,0.0,0.0,0.0,0.0,,,,0.0,228.0,0,0,0.0,pool=kernel_fused_block_mean_bf16_read_fp32_acc_bf16_write,score=kernel_bf16_torch_matmul_acc_fp32_bf16_out,select=kernel_fused_topk_mask_fp32_bisect_index_order_ties
V0,5,0.8,reference_deployed,VSA as installed: fused_block_mean + bf16 matmul + fused_topk_mask,bf16,kernel,kernel,kernel,1440,1.0,0.0,1.0,0.9999908571249951,0.0,0.0,0.0,1.0,,0.0008915148659161099,0.16699208319187164,0.9866515398025513,0.16699208319187164,0.0,0.0,0.0,0.0,0.0,0.0,,,,0.0,247.0,0,24,0.00013354700854700856,pool=kernel_fused_block_mean_bf16_read_fp32_acc_bf16_write,score=kernel_bf16_torch_matmul_acc_fp32_bf16_out,select=kernel_fused_topk_mask_fp32_bisect_index_order_ties
V0,5,0.9,reference_deployed,VSA as installed: fused_block_mean + bf16 matmul + fused_topk_mask,bf16,kernel,kernel,kernel,1440,1.0,0.0,1.0,0.9999908571249951,0.0,0.0,0.0,1.0,,0.001349091133846801,0.2393409013748169,0.9735240340232849,0.2393409013748169,0.0,0.0,0.0,0.0,0.0,0.0,,,,0.0,248.0,0,0,0.0,pool=kernel_fused_block_mean_bf16_read_fp32_acc_bf16_write,score=kernel_bf16_torch_matmul_acc_fp32_bf16_out,select=kernel_fused_topk_mask_fp32_bisect_index_order_ties
V0,5,0.95,reference_deployed,VSA as installed: fused_block_mean + bf16 matmul + fused_topk_mask,bf16,kernel,kernel,kernel,1440,1.0,0.0,1.0,0.9999908571249951,0.0,0.0,0.0,1.0,,0.0021598394979949866,0.29378384351730347,0.9612192809581757,0.29378384351730347,0.0,0.0,0.0,0.0,0.0,0.0,,,,0.0,197.0,0,12,0.00013354700854700856,pool=kernel_fused_block_mean_bf16_read_fp32_acc_bf16_write,score=kernel_bf16_torch_matmul_acc_fp32_bf16_out,select=kernel_fused_topk_mask_fp32_bisect_index_order_ties
V0,6,0.8,reference_deployed,VSA as installed: fused_block_mean + bf16 matmul + fused_topk_mask,bf16,kernel,kernel,kernel,1440,1.0,0.0,1.0,0.9999899847360981,0.0,0.0,0.0,1.0,,0.0008281412188116764,0.2863178253173828,0.9650780260562897,0.2863178253173828,0.0,0.0,0.0,0.0,0.0,0.0,,,,0.0,356.5,0,24,0.00013354700854700856,pool=kernel_fused_block_mean_bf16_read_fp32_acc_bf16_write,score=kernel_bf16_torch_matmul_acc_fp32_bf16_out,select=kernel_fused_topk_mask_fp32_bisect_index_order_ties
V0,6,0.9,reference_deployed,VSA as installed: fused_block_mean + bf16 matmul + fused_topk_mask,bf16,kernel,kernel,kernel,1440,1.0,0.0,1.0,0.9999899847360981,0.0,0.0,0.0,1.0,,0.0012709133668102378,0.41512657701969147,0.9349772930145264,0.41512657701969147,0.0,0.0,0.0,0.0,0.0,0.0,,,,0.0,327.0,0,0,0.0,pool=kernel_fused_block_mean_bf16_read_fp32_acc_bf16_write,score=kernel_bf16_torch_matmul_acc_fp32_bf16_out,select=kernel_fused_topk_mask_fp32_bisect_index_order_ties
V0,6,0.95,reference_deployed,VSA as installed: fused_block_mean + bf16 matmul + fused_topk_mask,bf16,kernel,kernel,kernel,1440,1.0,0.0,1.0,0.9999899847360981,0.0,0.0,0.0,1.0,,0.0019847156854826084,0.5132822096347809,0.9095488488674164,0.5132822096347809,0.0,0.0,0.0,0.0,0.0,0.0,,,,0.0,262.0,0,0,0.0,pool=kernel_fused_block_mean_bf16_read_fp32_acc_bf16_write,score=kernel_bf16_torch_matmul_acc_fp32_bf16_out,select=kernel_fused_topk_mask_fp32_bisect_index_order_ties
V0,7,0.8,reference_deployed,VSA as installed: fused_block_mean + bf16 matmul + fused_topk_mask,bf16,kernel,kernel,kernel,1440,1.0,0.0,1.0,0.9999914461328786,0.0,0.0,0.0,1.0,,0.000852075756021952,0.22912730276584625,0.9761110246181488,0.22912730276584625,0.0,0.0,0.0,0.0,0.0,0.0,,,,0.0,314.0,0,12,0.00013354700854700856,pool=kernel_fused_block_mean_bf16_read_fp32_acc_bf16_write,score=kernel_bf16_torch_matmul_acc_fp32_bf16_out,select=kernel_fused_topk_mask_fp32_bisect_index_order_ties
V0,7,0.9,reference_deployed,VSA as installed: fused_block_mean + bf16 matmul + fused_topk_mask,bf16,kernel,kernel,kernel,1440,1.0,0.0,1.0,0.9999914461328786,0.0,0.0,0.0,1.0,,0.001348980970993603,0.32797810435295105,0.9554879069328308,0.32797810435295105,0.0,0.0,0.0,0.0,0.0,0.0,,,,0.0,286.0,0,0,0.0,pool=kernel_fused_block_mean_bf16_read_fp32_acc_bf16_write,score=kernel_bf16_torch_matmul_acc_fp32_bf16_out,select=kernel_fused_topk_mask_fp32_bisect_index_order_ties
V0,7,0.95,reference_deployed,VSA as installed: fused_block_mean + bf16 matmul + fused_topk_mask,bf16,kernel,kernel,kernel,1440,1.0,0.0,1.0,0.9999914461328786,0.0,0.0,0.0,1.0,,0.002136808601753563,0.4012365788221359,0.93797168135643,0.4012365788221359,0.0,0.0,0.0,0.0,0.0,0.0,,,,0.0,238.0,0,12,0.00013354700854700856,pool=kernel_fused_block_mean_bf16_read_fp32_acc_bf16_write,score=kernel_bf16_torch_matmul_acc_fp32_bf16_out,select=kernel_fused_topk_mask_fp32_bisect_index_order_ties
V0,8,0.8,reference_deployed,VSA as installed: fused_block_mean + bf16 matmul + fused_topk_mask,bf16,kernel,kernel,kernel,1440,1.0,0.0,1.0,0.9999909426528298,0.0,0.0,0.0,1.0,,0.0008662490043039715,0.21529627591371536,0.9784521162509918,0.21529627591371536,0.0,0.0,0.0,0.0,0.0,0.0,,,,0.0,261.0,0,36,0.00013354700854700856,pool=kernel_fused_block_mean_bf16_read_fp32_acc_bf16_write,score=kernel_bf16_torch_matmul_acc_fp32_bf16_out,select=kernel_fused_topk_mask_fp32_bisect_index_order_ties
V0,8,0.9,reference_deployed,VSA as installed: fused_block_mean + bf16 matmul + fused_topk_mask,bf16,kernel,kernel,kernel,1440,1.0,0.0,1.0,0.9999909426528298,0.0,0.0,0.0,1.0,,0.0013177426351299094,0.3204754590988159,0.955301821231842,0.3204754590988159,0.0,0.0,0.0,0.0,0.0,0.0,,,,0.0,268.0,0,12,0.00013354700854700856,pool=kernel_fused_block_mean_bf16_read_fp32_acc_bf16_write,score=kernel_bf16_torch_matmul_acc_fp32_bf16_out,select=kernel_fused_topk_mask_fp32_bisect_index_order_ties
V0,8,0.95,reference_deployed,VSA as installed: fused_block_mean + bf16 matmul + fused_topk_mask,bf16,kernel,kernel,kernel,1440,1.0,0.0,1.0,0.9999909426528298,0.0,0.0,0.0,1.0,,0.0022066903294122604,0.39118777215480804,0.9374885857105255,0.39118777215480804,0.0,0.0,0.0,0.0,0.0,0.0,,,,0.0,223.0,0,0,0.0,pool=kernel_fused_block_mean_bf16_read_fp32_acc_bf16_write,score=kernel_bf16_torch_matmul_acc_fp32_bf16_out,select=kernel_fused_topk_mask_fp32_bisect_index_order_ties
V0,9,0.8,reference_deployed,VSA as installed: fused_block_mean + bf16 matmul + fused_topk_mask,bf16,kernel,kernel,kernel,1440,1.0,0.0,1.0,0.9999902437615106,0.0,0.0,0.0,1.0,,0.0008878572091101988,0.20418813824653625,0.9804331064224243,0.20418813824653625,0.0,0.0,0.0,0.0,0.0,0.0,,,,0.0,276.0,0,0,0.0,pool=kernel_fused_block_mean_bf16_read_fp32_acc_bf16_write,score=kernel_bf16_torch_matmul_acc_fp32_bf16_out,select=kernel_fused_topk_mask_fp32_bisect_index_order_ties
V0,9,0.9,reference_deployed,VSA as installed: fused_block_mean + bf16 matmul + fused_topk_mask,bf16,kernel,kernel,kernel,1440,1.0,0.0,1.0,0.9999902437615106,0.0,0.0,0.0,1.0,,0.0013690511329269542,0.3001735210418701,0.9603249132633209,0.3001735210418701,0.0,0.0,0.0,0.0,0.0,0.0,,,,0.0,264.0,0,0,0.0,pool=kernel_fused_block_mean_bf16_read_fp32_acc_bf16_write,score=kernel_bf16_torch_matmul_acc_fp32_bf16_out,select=kernel_fused_topk_mask_fp32_bisect_index_order_ties
V0,9,0.95,reference_deployed,VSA as installed: fused_block_mean + bf16 matmul + fused_topk_mask,bf16,kernel,kernel,kernel,1440,1.0,0.0,1.0,0.9999902437615106,0.0,0.0,0.0,1.0,,0.002123993902259912,0.37380023300647736,0.9432219862937927,0.37380023300647736,0.0,0.0,0.0,0.0,0.0,0.0,,,,0.0,228.0,0,0,0.0,pool=kernel_fused_block_mean_bf16_read_fp32_acc_bf16_write,score=kernel_bf16_torch_matmul_acc_fp32_bf16_out,select=kernel_fused_topk_mask_fp32_bisect_index_order_ties
V0_FP64,0,0.8,reference_exact,exact selector on the same bf16 Q/K: how far deployed VSA already is from optimal,bf16,fp64,fp64,exact_index_order,1440,0.9937376190171896,0.0077034791413433945,0.9968589743589743,0.9999999999999996,0.3926282051282051,0.36698717948717946,0.001258423734385273,0.0,0.0008429092639306735,0.0007885406664566403,0.15037517994642258,0.9886962175369263,0.15035758167505264,0.00013404712080955505,0.00035712867975234985,0.0008944053664313008,0.001129656683325837,0.003821438234928449,0.7833333333333333,-0.0003299340605735779,2.461328960898202,0.4222222222222222,0.0,0.0,0,0,0.0,pool=fp64_values_acc_fp64_valid_token_denominator,score=fp64_values_acc_fp64,select=exact_stable_sort_index_order_ties_at_float64
V0_FP64,0,0.9,reference_exact,exact selector on the same bf16 Q/K: how far deployed VSA already is from optimal,bf16,fp64,fp64,exact_index_order,1440,0.9883919429604732,0.012187726400865184,0.9941620879120878,0.9999999999999996,0.3677884615384615,0.3469551282051282,0.001178809171597633,0.0,0.0011142871571203751,0.0011049317279779862,0.20708029717206955,0.9787210822105408,0.20678527653217316,0.00018221884965896606,0.0006511863321065903,0.0010475744689544143,0.0012577146456272431,0.004537750998213313,0.7666666666666667,-0.0008666366338729858,4.756020771149364,0.4041666666666667,0.0,0.0,0,0,0.0,pool=fp64_values_acc_fp64_valid_token_denominator,score=fp64_values_acc_fp64,select=exact_stable_sort_index_order_ties_at_float64
V0_FP64,0,0.95,reference_exact,exact selector on the same bf16 Q/K: how far deployed VSA already is from optimal,bf16,fp64,fp64,exact_index_order,1440,0.9810997854289276,0.0204292577398284,0.9904597355769231,0.9999999999999996,0.3052884615384615,0.2900641025641026,0.0009784886587771203,0.0,0.0013035331370374928,0.0018223123452057537,0.2509796917438507,0.9701156318187714,0.2505939304828644,0.0002552643418312073,0.0008367951959371567,0.0011744576279156056,0.0017744181086561672,0.0061121377364814515,0.7263888888888889,-0.0014780908823013306,5.790432269927907,0.3819444444444444,0.0,0.0,0,0,0.0,pool=fp64_values_acc_fp64_valid_token_denominator,score=fp64_values_acc_fp64,select=exact_stable_sort_index_order_ties_at_float64
V0_FP64,1,0.8,reference_exact,exact selector on the same bf16 Q/K: how far deployed VSA already is from optimal,bf16,fp64,fp64,exact_index_order,1440,0.9946298427311085,0.003377382257733208,0.9973076923076923,0.9999999999999996,0.3365384615384615,0.31650641025641024,0.0010786489151873768,0.0,0.0006442359506922154,0.0008526661787641125,0.12801170349121094,0.9920646846294403,0.12798136472702026,6.043165922164917e-05,0.00014053191989660263,0.0005535600748367399,0.0006615299777795968,0.0022478553263917994,0.7777777777777778,-0.00016302987933158875,2.6977561336456666,0.43680555555555556,0.0,0.0,0,0,0.0,pool=fp64_values_acc_fp64_valid_token_denominator,score=fp64_values_acc_fp64,select=exact_stable_sort_index_order_ties_at_float64
V0_FP64,1,0.9,reference_exact,exact selector on the same bf16 Q/K: how far deployed VSA already is from optimal,bf16,fp64,fp64,exact_index_order,1440,0.9906321999139175,0.005789366076746627,0.9952940577940578,0.9999999999999996,0.296474358974359,0.28365384615384615,0.0009502383300460224,0.0,0.0008513991254428072,0.0012335997979662455,0.18635664880275726,0.9833732545375824,0.18636058270931244,0.0001022927463054657,0.0002514272928237915,0.0006743123087188708,0.0008152443839304333,0.0030346633773158543,0.7444444444444445,-0.0004752427339553833,4.645908445318475,0.3784722222222222,0.0,0.0,0,0,0.0,pool=fp64_values_acc_fp64_valid_token_denominator,score=fp64_values_acc_fp64,select=exact_stable_sort_index_order_ties_at_float64
V0_FP64,1,0.95,reference_exact,exact selector on the same bf16 Q/K: how far deployed VSA already is from optimal,bf16,fp64,fp64,exact_index_order,1440,0.9861739692644352,0.009565080345507515,0.9930388621794872,0.9999999999999996,0.22275641025641024,0.21634615384615385,0.0007139628533859303,0.0,0.0009982065501757944,0.002029462419291611,0.22746553272008896,0.9765923023223877,0.22703497111797333,0.00018462911248207092,0.00041057169437408447,0.0008884829500758278,0.0010935480806937895,0.003765337439766668,0.7513888888888889,-0.0008010044693946838,4.338451605092714,0.37777777777777777,0.0,0.0,0,0,0.0,pool=fp64_values_acc_fp64_valid_token_denominator,score=fp64_values_acc_fp64,select=exact_stable_sort_index_order_ties_at_float64
V0_FP64,10,0.8,reference_exact,exact selector on the same bf16 Q/K: how far deployed VSA already is from optimal,bf16,fp64,fp64,exact_index_order,1440,0.9933045411566277,0.005977508059642478,0.9966410256410256,0.9999999999999996,0.4198717948717949,0.38461538461538464,0.0013457429322813938,0.0,0.000901895761701298,0.0008479816390022745,0.22813748568296432,0.9766568839550018,0.22792909294366837,0.00020514428615570068,0.0003298148512840271,0.0008708509384545836,0.0008896360991562877,0.002510945507384284,0.9333333333333333,-0.0005657151341438293,2.7576450933391445,0.24097222222222223,0.0,0.0,0,0,0.0,pool=fp64_values_acc_fp64_valid_token_denominator,score=fp64_values_acc_fp64,select=exact_stable_sort_index_order_ties_at_float64
V0_FP64,10,0.9,reference_exact,exact selector on the same bf16 Q/K: how far deployed VSA already is from optimal,bf16,fp64,fp64,exact_index_order,1440,0.9885176661018236,0.008787234801018062,0.9942256817256817,0.9999999999999996,0.36378205128205127,0.33814102564102566,0.0011659681130834977,0.0,0.0011341340267754854,0.0012983309924965536,0.3252837210893631,0.9567902684211731,0.3246503919363022,0.0004745200276374817,0.0007643066346645355,0.0014624305951529458,0.0014624305951529458,0.004074916469133811,0.9534722222222223,-0.0015643686056137085,3.296738840302093,0.17916666666666667,0.0,0.0,0,0,0.0,pool=fp64_values_acc_fp64_valid_token_denominator,score=fp64_values_acc_fp64,select=exact_stable_sort_index_order_ties_at_float64
V0_FP64,10,0.95,reference_exact,exact selector on the same bf16 Q/K: how far deployed VSA already is from optimal,bf16,fp64,fp64,exact_index_order,1440,0.9835104797854376,0.01277413128185001,0.9916866987179487,0.9999999999999996,0.266025641025641,0.25400641025641024,0.000852646285338593,0.0,0.0012793340993846455,0.0020777991703692985,0.41449570655822754,0.9304703176021576,0.4133630841970444,0.0006844252347946167,0.0010085031390190125,0.0016764050530159063,0.0016875684483174998,0.004457010168825537,0.9715277777777778,-0.002553313970565796,3.730595893840761,0.14444444444444443,0.0,0.0,0,0,0.0,pool=fp64_values_acc_fp64_valid_token_denominator,score=fp64_values_acc_fp64,select=exact_stable_sort_index_order_ties_at_float64
V0_FP64,11,0.8,reference_exact,exact selector on the same bf16 Q/K: how far deployed VSA already is from optimal,bf16,fp64,fp64,exact_index_order,1440,0.9933427464221114,0.004309129964882197,0.9966602564102565,0.9999999999999996,0.4174679487179487,0.38301282051282054,0.0013380382971729125,0.0,0.0009486055269940595,0.0008693533206463705,0.21576593816280365,0.9788202941417694,0.21563855558633804,0.0001519918441772461,0.0002089664340019226,0.0006855951279668762,0.0007007889076255812,0.0021866261205750787,0.90625,-0.0004713684320449829,3.1012745098039214,0.2743055555555556,0.0,0.0,0,0,0.0,pool=fp64_values_acc_fp64_valid_token_denominator,score=fp64_values_acc_fp64,select=exact_stable_sort_index_order_ties_at_float64
V0_FP64,11,0.9,reference_exact,exact selector on the same bf16 Q/K: how far deployed VSA already is from optimal,bf16,fp64,fp64,exact_index_order,1440,0.9885679599372755,0.006135396993224407,0.9942511192511192,0.9999999999999996,0.36217948717948717,0.33653846153846156,0.0011608316896778435,0.0,0.0011236563013010052,0.0013103018926396578,0.3025466203689575,0.9616921246051788,0.30224114656448364,0.0003083944320678711,0.000502467155456543,0.001048284474937856,0.0010519851278397298,0.0031182831775857524,0.9263888888888889,-0.001355484127998352,4.395293776575183,0.2125,0.0,0.0,0,0,0.0,pool=fp64_values_acc_fp64_valid_token_denominator,score=fp64_values_acc_fp64,select=exact_stable_sort_index_order_ties_at_float64
V0_FP64,11,0.95,reference_exact,exact selector on the same bf16 Q/K: how far deployed VSA already is from optimal,bf16,fp64,fp64,exact_index_order,1440,0.9837075303000199,0.008986345741440638,0.9917868589743589,0.9999999999999996,0.26282051282051283,0.2548076923076923,0.0008423734385272847,0.0,0.0011993608618619124,0.0021111426042373306,0.3808440715074539,0.9415029585361481,0.37936288118362427,0.0005607455968856812,0.0008339062333106995,0.0014373210964813555,0.0014423815566942978,0.004009967799236906,0.9423611111111111,-0.0023670420050621033,4.22124046663655,0.18472222222222223,0.0,0.0,0,0,0.0,pool=fp64_values_acc_fp64_valid_token_denominator,score=fp64_values_acc_fp64,select=exact_stable_sort_index_order_ties_at_float64
V0_FP64,12,0.8,reference_exact,exact selector on the same bf16 Q/K: how far deployed VSA already is from optimal,bf16,fp64,fp64,exact_index_order,1440,0.9923371647509579,0.005016631321191345,0.9961538461538462,0.9999999999999996,0.4807692307692307,0.4310897435897436,0.0015409270216962525,0.0,0.0010036099179954374,0.0008430143736962916,0.19220641255378723,0.9825899004936218,0.19203152507543564,0.00016695261001586914,0.0002306681126356125,0.0009356793643011664,0.0009374129884691141,0.0027962087048939996,0.9270833333333334,-0.00044798851013183594,2.683327383077472,0.32083333333333336,0.0,0.0,0,0,0.0,pool=fp64_values_acc_fp64_valid_token_denominator,score=fp64_values_acc_fp64,select=exact_stable_sort_index_order_ties_at_float64
V0_FP64,12,0.9,reference_exact,exact selector on the same bf16 Q/K: how far deployed VSA already is from optimal,bf16,fp64,fp64,exact_index_order,1440,0.9880148676325571,0.006379908865728701,0.9939713064713065,0.9999999999999996,0.3798076923076923,0.3525641025641026,0.0012173323471400394,0.0,0.0011157787951027011,0.0013075141217901527,0.27502429485321045,0.9660149812698364,0.27437329292297363,0.00038136541843414307,0.0005897544324398041,0.0013948918344301123,0.0013948918344301123,0.004256999930014436,0.9402777777777778,-0.0018447637557983398,4.837260188332747,0.24930555555555556,0.0,0.0,0,0,0.0,pool=fp64_values_acc_fp64_valid_token_denominator,score=fp64_values_acc_fp64,select=exact_stable_sort_index_order_ties_at_float64
V0_FP64,12,0.95,reference_exact,exact selector on the same bf16 Q/K: how far deployed VSA already is from optimal,bf16,fp64,fp64,exact_index_order,1440,0.984594742334642,0.00994074197548489,0.9922375801282052,0.9999999999999996,0.24839743589743588,0.2419871794871795,0.0007961456278763971,0.0,0.0011621274041639376,0.0021572527494809505,0.334860235452652,0.9528187811374664,0.3342687636613846,0.00045465677976608276,0.0008160024881362915,0.0014006686962492645,0.001413428220002511,0.004202364281653756,0.8909722222222223,-0.0033370107412338257,7.339626042639661,0.21875,0.0,0.0,0,0,0.0,pool=fp64_values_acc_fp64_valid_token_denominator,score=fp64_values_acc_fp64,select=exact_stable_sort_index_order_ties_at_float64
V0_FP64,13,0.8,reference_exact,exact selector on the same bf16 Q/K: how far deployed VSA already is from optimal,bf16,fp64,fp64,exact_index_order,1440,0.9915486844288979,0.005337987332651339,0.9957564102564103,0.9999999999999996,0.530448717948718,0.46153846153846156,0.001700156147271532,0.0,0.001173180222339856,0.0008332046917559409,0.20888788998126984,0.9797935783863068,0.20873186737298965,0.00016807764768600464,0.00027685053646564484,0.0008443844003663132,0.0008503445379218029,0.002313815509321,0.9034722222222222,-0.0005439221858978271,3.2361363535617715,0.2590277777777778,0.0,0.0,0,0,0.0,pool=fp64_values_acc_fp64_valid_token_denominator,score=fp64_values_acc_fp64,select=exact_stable_sort_index_order_ties_at_float64
V0_FP64,13,0.9,reference_exact,exact selector on the same bf16 Q/K: how far deployed VSA already is from optimal,bf16,fp64,fp64,exact_index_order,1440,0.9864578069732188,0.007277897468402239,0.9931827431827431,0.9999999999999996,0.42948717948717946,0.391025641025641,0.0013765614727153188,0.0,0.0013685603983734642,0.0012797088526428544,0.2830851674079895,0.9658089280128479,0.2824755311012268,0.000345863401889801,0.0005264542996883392,0.0012760300678089807,0.001283082990195006,0.003101082960635998,0.9159722222222222,-0.0013586729764938354,3.9283513926886537,0.2111111111111111,0.0,0.0,0,0,0.0,pool=fp64_values_acc_fp64_valid_token_denominator,score=fp64_values_acc_fp64,select=exact_stable_sort_index_order_ties_at_float64
V0_FP64,13,0.95,reference_exact,exact selector on the same bf16 Q/K: how far deployed VSA already is from optimal,bf16,fp64,fp64,exact_index_order,1440,0.9811489235043159,0.009825238369973843,0.9904847756410257,0.9999999999999996,0.30448717948717946,0.29086538461538464,0.0009759204470742932,0.0,0.0014294181233563763,0.002044490563726991,0.35714659094810486,0.9483712911605835,0.35657934844493866,0.0005816519260406494,0.0007681958377361298,0.0016659765661898754,0.0016659765661898754,0.004106240578907256,0.9618055555555556,-0.0024098604917526245,4.143131628836399,0.18333333333333332,0.0,0.0,0,0,0.0,pool=fp64_values_acc_fp64_valid_token_denominator,score=fp64_values_acc_fp64,select=exact_stable_sort_index_order_ties_at_float64
V0_FP64,14,0.8,reference_exact,exact selector on the same bf16 Q/K: how far deployed VSA already is from optimal,bf16,fp64,fp64,exact_index_order,1440,0.9929989523979865,0.0034866244875462193,0.9964871794871795,0.9999999999999996,0.4391025641025641,0.3982371794871795,0.001407380013149244,0.0,0.0009507395333692753,0.0008652489188367411,0.2191706821322441,0.9783328771591187,0.21915050595998764,0.00017392635345458984,0.00025180354714393616,0.0008945273716848847,0.0008989346621448278,0.002114962188978547,0.9180555555555555,-0.0005347356200218201,3.0744945167923237,0.26875,0.0,0.0,0,0,0.0,pool=fp64_values_acc_fp64_valid_token_denominator,score=fp64_values_acc_fp64,select=exact_stable_sort_index_order_ties_at_float64
V0_FP64,14,0.9,reference_exact,exact selector on the same bf16 Q/K: how far deployed VSA already is from optimal,bf16,fp64,fp64,exact_index_order,1440,0.9887691607224162,0.0053280562884345795,0.9943528693528694,0.9999999999999996,0.3557692307692308,0.3349358974358974,0.0011402859960552268,0.0,0.0011462388374076588,0.0013359583605637758,0.3089792877435684,0.959175705909729,0.3084939867258072,0.00035906583070755005,0.0005737990140914917,0.0012902269169095364,0.0012902269169095364,0.0032932560159472358,0.9284722222222223,-0.002064540982246399,5.749756188658104,0.20347222222222222,0.0,0.0,0,0,0.0,pool=fp64_values_acc_fp64_valid_token_denominator,score=fp64_values_acc_fp64,select=exact_stable_sort_index_order_ties_at_float64
V0_FP64,14,0.95,reference_exact,exact selector on the same bf16 Q/K: how far deployed VSA already is from optimal,bf16,fp64,fp64,exact_index_order,1440,0.9837075303000199,0.009372823566123789,0.9917868589743589,0.9999999999999996,0.26282051282051283,0.2532051282051282,0.0008423734385272847,0.0,0.0012582575581520337,0.0021446424140944675,0.38618282973766327,0.9420492053031921,0.3856319934129715,0.00048782676458358765,0.0007124654948711395,0.001347659643556399,0.001371687493424198,0.0035109365226415716,0.9118055555555555,-0.003749266266822815,7.685651011836579,0.18125,0.0,0.0,0,0,0.0,pool=fp64_values_acc_fp64_valid_token_denominator,score=fp64_values_acc_fp64,select=exact_stable_sort_index_order_ties_at_float64
V0_FP64,15,0.8,reference_exact,exact selector on the same bf16 Q/K: how far deployed VSA already is from optimal,bf16,fp64,fp64,exact_index_order,1440,0.9921081867984523,0.006798588419945961,0.9960384615384615,0.9999999999999996,0.49519230769230765,0.4358974358974359,0.0015871548323471401,0.0,0.0010305387911022819,0.0008185961273645696,0.24133559316396713,0.9735817313194275,0.24100950360298157,0.00023818016052246094,0.0003707911819219589,0.0011311232593413478,0.0011525166494400984,0.0032994266920921937,0.9458333333333333,-0.0005968958139419556,2.5060685685685686,0.2791666666666667,0.0,0.0,0,0,0.0,pool=fp64_values_acc_fp64_valid_token_denominator,score=fp64_values_acc_fp64,select=exact_stable_sort_index_order_ties_at_float64
V0_FP64,15,0.9,reference_exact,exact selector on the same bf16 Q/K: how far deployed VSA already is from optimal,bf16,fp64,fp64,exact_index_order,1440,0.9871858061330276,0.00948207226765585,0.9935515873015872,0.9999999999999996,0.40625,0.3701923076923077,0.0013020833333333335,0.0,0.00123409615368218,0.0012655714234086997,0.3538474440574646,0.9477939605712891,0.352523609995842,0.0005780011415481567,0.0008124858140945435,0.0017878356987453498,0.0017878356987453498,0.004780160893567934,0.9638888888888889,-0.0018929988145828247,3.2750779860269663,0.2263888888888889,0.0,0.0,0,0,0.0,pool=fp64_values_acc_fp64_valid_token_denominator,score=fp64_values_acc_fp64,select=exact_stable_sort_index_order_ties_at_float64
V0_FP64,15,0.95,reference_exact,exact selector on the same bf16 Q/K: how far deployed VSA already is from optimal,bf16,fp64,fp64,exact_index_order,1440,0.9812472094061616,0.01305791169262116,0.9905348557692307,0.9999999999999996,0.30288461538461536,0.2876602564102564,0.000970784023668639,0.0,0.0013393830485305064,0.002019700226023588,0.4610790014266968,0.920111209154129,0.4593591094017029,0.0008600950241088867,0.0011366605758666992,0.002096667162549591,0.0021054234542935823,0.005124367918393805,0.9659722222222222,-0.0032767653465270996,3.80977130977131,0.18680555555555556,0.0,0.0,0,0,0.0,pool=fp64_values_acc_fp64_valid_token_denominator,score=fp64_values_acc_fp64,select=exact_stable_sort_index_order_ties_at_float64
V0_FP64,16,0.8,reference_exact,exact selector on the same bf16 Q/K: how far deployed VSA already is from optimal,bf16,fp64,fp64,exact_index_order,1440,0.9923626099950191,0.006573960529311473,0.9961666666666666,0.9999999999999996,0.47916666666666663,0.42788461538461536,0.0015357905982905983,0.0,0.0010302336764342658,0.0008458046543802326,0.1951393336057663,0.9827572107315063,0.1949498951435089,0.0002067089080810547,0.00046601518988609314,0.001195546131111612,0.0012013568899703442,0.0030726695503601456,0.9361111111111111,-0.00038846954703330994,1.8793072376009228,0.2659722222222222,0.0,0.0,0,0,0.0,pool=fp64_values_acc_fp64_valid_token_denominator,score=fp64_values_acc_fp64,select=exact_stable_sort_index_order_ties_at_float64
V0_FP64,16,0.9,reference_exact,exact selector on the same bf16 Q/K: how far deployed VSA already is from optimal,bf16,fp64,fp64,exact_index_order,1440,0.9879394701095012,0.010393013120737371,0.9939331501831501,0.9999999999999996,0.38221153846153844,0.3557692307692308,0.0012250369822485207,0.0,0.001221474450459367,0.001306599479886516,0.284689262509346,0.9649026393890381,0.28412385284900665,0.0004363730549812317,0.0008720047771930695,0.00167072497406645,0.00167072497406645,0.004736458226877996,0.9472222222222222,-0.0013744533061981201,3.149720842083696,0.19305555555555556,0.0,0.0,0,0,0.0,pool=fp64_values_acc_fp64_valid_token_denominator,score=fp64_values_acc_fp64,select=exact_stable_sort_index_order_ties_at_float64
V0_FP64,16,0.95,reference_exact,exact selector on the same bf16 Q/K: how far deployed VSA already is from optimal,bf16,fp64,fp64,exact_index_order,1440,0.9828211111662778,0.014689571576557592,0.9913361378205128,0.9999999999999996,0.27724358974358976,0.266025641025641,0.0008886012491781723,0.0,0.0013573970276291776,0.0021361789623583075,0.36149293184280396,0.9470100402832031,0.36057430505752563,0.0006038546562194824,0.0010749176144599915,0.0017804005486322305,0.0017804005486322305,0.004567715323913144,0.9416666666666667,-0.0026303082704544067,4.355863192182411,0.15486111111111112,0.0,0.0,0,0,0.0,pool=fp64_values_acc_fp64_valid_token_denominator,score=fp64_values_acc_fp64,select=exact_stable_sort_index_order_ties_at_float64
V0_FP64,17,0.8,reference_exact,exact selector on the same bf16 Q/K: how far deployed VSA already is from optimal,bf16,fp64,fp64,exact_index_order,1440,0.9952676344567373,0.003697398127011531,0.9976282051282052,0.9999999999999996,0.296474358974359,0.28205128205128205,0.0009502383300460224,0.0,0.0006212396357941747,0.0008408049330861039,0.1477767825126648,0.9895943999290466,0.14778384566307068,0.00012513995170593262,0.00023132190108299255,0.0007693544681484045,0.0007866607807114412,0.0025495297139256513,0.8847222222222222,-6.891787052154541e-05,0.5507263634198619,0.4305555555555556,0.0,0.0,0,0,0.0,pool=fp64_values_acc_fp64_valid_token_denominator,score=fp64_values_acc_fp64,select=exact_stable_sort_index_order_ties_at_float64
V0_FP64,17,0.9,reference_exact,exact selector on the same bf16 Q/K: how far deployed VSA already is from optimal,bf16,fp64,fp64,exact_index_order,1440,0.9916911541189584,0.004664329086765062,0.9958282458282458,0.9999999999999996,0.26282051282051283,0.25400641025641024,0.0008423734385272847,0.0,0.000811175811134752,0.0013418119786084192,0.19989311695098877,0.9815954267978668,0.1996692270040512,0.0002725459635257721,0.0004073232412338257,0.0012421729637331457,0.0012445413939459376,0.0036805814027801773,0.9333333333333333,-0.00033436715602874756,1.226828501524036,0.37222222222222223,0.0,0.0,0,0,0.0,pool=fp64_values_acc_fp64_valid_token_denominator,score=fp64_values_acc_fp64,select=exact_stable_sort_index_order_ties_at_float64
V0_FP64,17,0.95,reference_exact,exact selector on the same bf16 Q/K: how far deployed VSA already is from optimal,bf16,fp64,fp64,exact_index_order,1440,0.9875578559697407,0.008030217785617744,0.9937399839743589,0.9999999999999996,0.2003205128205128,0.1955128205128205,0.0006420529257067718,0.0,0.0009667600817317118,0.002260783104916073,0.2560131102800369,0.9710972011089325,0.2555399239063263,0.0004460364580154419,0.0006557554006576538,0.0016610493521520132,0.0016695152985012275,0.00462813122973767,0.9381944444444444,-0.000725962221622467,1.6275849396986604,0.325,0.0,0.0,0,0,0.0,pool=fp64_values_acc_fp64_valid_token_denominator,score=fp64_values_acc_fp64,select=exact_stable_sort_index_order_ties_at_float64
V0_FP64,18,0.8,reference_exact,exact selector on the same bf16 Q/K: how far deployed VSA already is from optimal,bf16,fp64,fp64,exact_index_order,1440,0.9926298243849747,0.004275406537278648,0.996301282051282,0.9999999999999996,0.46233974358974356,0.4182692307692308,0.0014818581525312294,0.0,0.0009818959766399868,0.000844815549368149,0.4165121614933014,0.9464443325996399,0.4162144064903259,0.00029030442237854004,0.0004824399948120117,0.0008803840345344275,0.0009123868208533063,0.0023304561076621854,0.9041666666666667,-0.0001981109380722046,0.6824248023816857,0.39791666666666664,0.0,0.0,0,0,0.0,pool=fp64_values_acc_fp64_valid_token_denominator,score=fp64_values_acc_fp64,select=exact_stable_sort_index_order_ties_at_float64
V0_FP64,18,0.9,reference_exact,exact selector on the same bf16 Q/K: how far deployed VSA already is from optimal,bf16,fp64,fp64,exact_index_order,1440,0.987914338449091,0.00537872914112969,0.9939204314204314,0.9999999999999996,0.3830128205128205,0.3541666666666667,0.0012276051939513477,0.0,0.0012174726629130507,0.0013204970096601404,0.5476765632629395,0.909128725528717,0.5466905832290649,0.0006515681743621826,0.0009012147784233093,0.00143978164139784,0.0014484353989172192,0.0033587156574036597,0.9541666666666667,-0.0005635619163513184,0.8649316196313406,0.35833333333333334,0.0,0.0,0,0,0.0,pool=fp64_values_acc_fp64_valid_token_denominator,score=fp64_values_acc_fp64,select=exact_stable_sort_index_order_ties_at_float64
V0_FP64,18,0.95,reference_exact,exact selector on the same bf16 Q/K: how far deployed VSA already is from optimal,bf16,fp64,fp64,exact_index_order,1440,0.9830672604522612,0.007383917517026384,0.9914613381410257,0.9999999999999996,0.27323717948717946,0.26282051282051283,0.0008757601906640368,0.0,0.0013509828765322241,0.0021557764826145662,0.6658058762550354,0.8696657717227936,0.6646862626075745,0.001065269112586975,0.0012360364198684692,0.00187354003827709,0.00187354003827709,0.0044576158353672336,0.9652777777777778,-0.0009092986583709717,0.8535858663570619,0.325,0.0,0.0,0,0,0.0,pool=fp64_values_acc_fp64_valid_token_denominator,score=fp64_values_acc_fp64,select=exact_stable_sort_index_order_ties_at_float64
V0_FP64,19,0.8,reference_exact,exact selector on the same bf16 Q/K: how far deployed VSA already is from optimal,bf16,fp64,fp64,exact_index_order,1440,0.9937376190171896,0.005427607927590783,0.9968589743589743,0.9999999999999996,0.3926282051282051,0.36378205128205127,0.001258423734385273,0.0,0.0007805510984497673,0.0008357005606032608,0.16409267485141754,0.9877744615077972,0.16385933011770248,0.00011141598224639893,0.0002692174166440964,0.0007631031731433286,0.0008131419038330957,0.0027421262584813927,0.8715277777777778,-0.00016075000166893005,1.4427912264277116,0.3909722222222222,0.0,0.0,0,0,0.0,pool=fp64_values_acc_fp64_valid_token_denominator,score=fp64_values_acc_fp64,select=exact_stable_sort_index_order_ties_at_float64
V0_FP64,19,0.9,reference_exact,exact selector on the same bf16 Q/K: how far deployed VSA already is from optimal,bf16,fp64,fp64,exact_index_order,1440,0.9899268558123054,0.007213050807332144,0.9949379324379325,0.9999999999999996,0.3189102564102564,0.3020833333333333,0.0010221482577251809,0.0,0.0009968389410931022,0.0013151191537665568,0.2272646576166153,0.9776173233985901,0.22712009400129318,0.0002225041389465332,0.0005361251533031464,0.0010553650873289197,0.0011075535836528828,0.0035380586803091378,0.8875,-0.0005339868366718292,2.3998961960889367,0.34305555555555556,0.0,0.0,0,0,0.0,pool=fp64_values_acc_fp64_valid_token_denominator,score=fp64_values_acc_fp64,select=exact_stable_sort_index_order_ties_at_float64
V0_FP64,19,0.95,reference_exact,exact selector on the same bf16 Q/K: how far deployed VSA already is from optimal,bf16,fp64,fp64,exact_index_order,1440,0.9858282998774999,0.008584951121552664,0.9928635817307692,0.9999999999999996,0.2283653846153846,0.22275641025641027,0.00073194033530572,0.0,0.0010962604816908007,0.002206270841639388,0.2827599495649338,0.9685752093791962,0.2825497090816498,0.00033720582723617554,0.0007545184344053268,0.0012522291690465854,0.0012918696332766015,0.003728712719215782,0.8868055555555555,-0.0009202137589454651,2.7289378908062485,0.3263888888888889,0.0,0.0,0,0,0.0,pool=fp64_values_acc_fp64_valid_token_denominator,score=fp64_values_acc_fp64,select=exact_stable_sort_index_order_ties_at_float64
V0_FP64,2,0.8,reference_exact,exact selector on the same bf16 Q/K: how far deployed VSA already is from optimal,bf16,fp64,fp64,exact_index_order,1440,0.9951145272473814,0.0030335622304741294,0.9975512820512821,0.9999999999999996,0.30608974358974356,0.2916666666666667,0.0009810568704799474,0.0,0.0005810875141179514,0.0008350676344624959,0.14080451428890228,0.9903859496116638,0.14060808718204498,0.00013203918933868408,0.00018017739057540894,0.0010201224286430994,0.0010493019215364044,0.002678373608222372,0.8909722222222223,-0.00014259666204452515,1.0799571154497236,0.45902777777777776,0.0,0.0,0,0,0.0,pool=fp64_values_acc_fp64_valid_token_denominator,score=fp64_values_acc_fp64,select=exact_stable_sort_index_order_ties_at_float64
V0_FP64,2,0.9,reference_exact,exact selector on the same bf16 Q/K: how far deployed VSA already is from optimal,bf16,fp64,fp64,exact_index_order,1440,0.9906321999139175,0.003978044877393727,0.9952940577940578,0.9999999999999996,0.296474358974359,0.28525641025641024,0.0009502383300460224,0.0,0.000837898003822165,0.0012332712924069547,0.20395995676517487,0.9803785681724548,0.20354214310646057,0.00026667118072509766,0.00044770166277885437,0.0013700256343233876,0.0014198871215129825,0.004197934248205389,0.8777777777777778,-0.0005290806293487549,1.9840187751452838,0.43125,0.0,0.0,0,0,0.0,pool=fp64_values_acc_fp64_valid_token_denominator,score=fp64_values_acc_fp64,select=exact_stable_sort_index_order_ties_at_float64
V0_FP64,2,0.95,reference_exact,exact selector on the same bf16 Q/K: how far deployed VSA already is from optimal,bf16,fp64,fp64,exact_index_order,1440,0.9861739692644352,0.006511090244263218,0.9930388621794872,0.9999999999999996,0.22275641025641024,0.21794871794871795,0.0007139628533859303,0.0,0.000979238632269903,0.001968827157948042,0.25727975368499756,0.969728410243988,0.2570823132991791,0.00041916221380233765,0.000603875145316124,0.0016496909857607817,0.0017401158832873757,0.0047212781521807825,0.8972222222222223,-0.0009553432464599609,2.279173110080165,0.40694444444444444,0.0,0.0,0,0,0.0,pool=fp64_values_acc_fp64_valid_token_denominator,score=fp64_values_acc_fp64,select=exact_stable_sort_index_order_ties_at_float64
V0_FP64,20,0.8,reference_exact,exact selector on the same bf16 Q/K: how far deployed VSA already is from optimal,bf16,fp64,fp64,exact_index_order,1440,0.9946553465713664,0.004305198373699026,0.9973205128205128,0.9999999999999996,0.3349358974358974,0.3173076923076923,0.0010735124917817225,0.0,0.0006792290590548894,0.000839242237067129,0.13904492557048798,0.9910852015018463,0.1389370858669281,0.0001259036362171173,0.00020926259458065033,0.000980734910328337,0.0009949536950799437,0.0027613925103331144,0.8847222222222222,0.0005010813474655151,3.979879870994467,0.5569444444444445,0.0,0.0,0,0,0.0,pool=fp64_values_acc_fp64_valid_token_denominator,score=fp64_values_acc_fp64,select=exact_stable_sort_index_order_ties_at_float64
V0_FP64,20,0.9,reference_exact,exact selector on the same bf16 Q/K: how far deployed VSA already is from optimal,bf16,fp64,fp64,exact_index_order,1440,0.9905818016102081,0.005661074302546032,0.9952686202686203,0.9999999999999996,0.2980769230769231,0.28525641025641024,0.0009553747534516765,0.0,0.0008504114158005762,0.0012480508840945798,0.1967877671122551,0.9833892285823822,0.19621066004037857,0.0002455972135066986,0.00045351311564445496,0.0013427584993895162,0.0013645177968718155,0.004847642867153,0.8881944444444444,0.0002511143684387207,1.0224642407511337,0.5041666666666667,0.0,0.0,0,0,0.0,pool=fp64_values_acc_fp64_valid_token_denominator,score=fp64_values_acc_fp64,select=exact_stable_sort_index_order_ties_at_float64
V0_FP64,20,0.95,reference_exact,exact selector on the same bf16 Q/K: how far deployed VSA already is from optimal,bf16,fp64,fp64,exact_index_order,1440,0.9867668275210189,0.009884948841148211,0.993339342948718,0.9999999999999996,0.21314102564102563,0.20993589743589744,0.0006831443129520052,0.0,0.0010439609042868533,0.002230172842300515,0.24201320111751556,0.9758428335189819,0.24135667830705643,0.0003276653587818146,0.0006548315286636353,0.001538412638224327,0.001578733285196688,0.0048098041543627994,0.8770833333333333,6.02230429649353e-05,0.18379435405936992,0.47291666666666665,0.0,0.0,0,0,0.0,pool=fp64_values_acc_fp64_valid_token_denominator,score=fp64_values_acc_fp64,select=exact_stable_sort_index_order_ties_at_float64
V0_FP64,21,0.8,reference_exact,exact selector on the same bf16 Q/K: how far deployed VSA already is from optimal,bf16,fp64,fp64,exact_index_order,1440,0.9942473633748802,0.005732510670863666,0.9971153846153846,0.9999999999999996,0.3605769230769231,0.33653846153846156,0.0011556952662721894,0.0,0.0007796856179855362,0.0008485192557293597,0.16703227162361145,0.9872458875179291,0.16669340431690216,0.000140313059091568,0.00030692946165800095,0.0008679584125990273,0.0008929282218763932,0.0025878500031527164,0.8611111111111112,0.00013146176934242249,0.9369175627240144,0.5069444444444444,0.0,0.0,0,0,0.0,pool=fp64_values_acc_fp64_valid_token_denominator,score=fp64_values_acc_fp64,select=exact_stable_sort_index_order_ties_at_float64
V0_FP64,21,0.9,reference_exact,exact selector on the same bf16 Q/K: how far deployed VSA already is from optimal,bf16,fp64,fp64,exact_index_order,1440,0.9901031452912281,0.007955912261969456,0.9950269637769638,0.9999999999999996,0.31330128205128205,0.30128205128205127,0.0010041707758053913,0.0,0.0010036355594961982,0.0013016771532266278,0.24887128919363022,0.9761233031749725,0.2483912780880928,0.0003143101930618286,0.0005257241427898407,0.0012174343244880591,0.0012567192154558922,0.004005559348188589,0.9083333333333333,1.1585652828216553e-05,0.03686056985729863,0.47847222222222224,0.0,0.0,0,0,0.0,pool=fp64_values_acc_fp64_valid_token_denominator,score=fp64_values_acc_fp64,select=exact_stable_sort_index_order_ties_at_float64
V0_FP64,21,0.95,reference_exact,exact selector on the same bf16 Q/K: how far deployed VSA already is from optimal,bf16,fp64,fp64,exact_index_order,1440,0.9852360015247055,0.010072641740791588,0.9925631009615385,0.9999999999999996,0.23798076923076922,0.23237179487179488,0.000762758875739645,0.0,0.0011033643643371836,0.002183586320617961,0.30641108751296997,0.9651607871055603,0.3057820498943329,0.00042044371366500854,0.0007177293300628662,0.001311095051118524,0.0013336382624519276,0.004020783318835555,0.9111111111111111,-0.00015670806169509888,0.3727206677180982,0.4548611111111111,0.0,0.0,0,0,0.0,pool=fp64_values_acc_fp64_valid_token_denominator,score=fp64_values_acc_fp64,select=exact_stable_sort_index_order_ties_at_float64
V0_FP64,22,0.8,reference_exact,exact selector on the same bf16 Q/K: how far deployed VSA already is from optimal,bf16,fp64,fp64,exact_index_order,1440,0.9913834371323458,0.006868064638868021,0.9956730769230769,0.9999999999999996,0.5408653846153846,0.46794871794871795,0.001733542899408284,0.0,0.0010817904381485986,0.0008308774238797156,0.286349892616272,0.9697711169719696,0.28586331009864807,0.0003224685788154602,0.0005417019128799438,0.0011612323582005496,0.0011778571738459546,0.0038642790552159472,0.9006944444444445,-0.00043811649084091187,1.358633118458446,0.3548611111111111,0.0,0.0,0,0,0.0,pool=fp64_values_acc_fp64_valid_token_denominator,score=fp64_values_acc_fp64,select=exact_stable_sort_index_order_ties_at_float64
V0_FP64,22,0.9,reference_exact,exact selector on the same bf16 Q/K: how far deployed VSA already is from optimal,bf16,fp64,fp64,exact_index_order,1440,0.9868091880827837,0.009582412818487152,0.9933608058608059,0.9999999999999996,0.4182692307692308,0.38301282051282054,0.0013406065088757396,0.0,0.0012957949441555522,0.0012806579444236154,0.4395320564508438,0.9423372745513916,0.43934834003448486,0.0005981028079986572,0.0010871291160583496,0.0015771622825278863,0.0015771622825278863,0.005765437757143549,0.9354166666666667,-0.0015704929828643799,2.625791020977627,0.30694444444444446,0.0,0.0,0,0,0.0,pool=fp64_values_acc_fp64_valid_token_denominator,score=fp64_values_acc_fp64,select=exact_stable_sort_index_order_ties_at_float64
V0_FP64,22,0.95,reference_exact,exact selector on the same bf16 Q/K: how far deployed VSA already is from optimal,bf16,fp64,fp64,exact_index_order,1440,0.9808541242993899,0.012858997478104484,0.9903345352564102,0.9999999999999996,0.3092948717948718,0.2948717948717949,0.0009913297172912557,0.0,0.0014233091984768443,0.0020520353644899176,0.5445679426193237,0.9131080508232117,0.542433112859726,0.0009836554527282715,0.0014990977942943573,0.0019149977856194366,0.0019160701046384335,0.005830096031484126,0.9375,-0.0024678409099578857,2.5088468763255167,0.2763888888888889,0.0,0.0,0,0,0.0,pool=fp64_values_acc_fp64_valid_token_denominator,score=fp64_values_acc_fp64,select=exact_stable_sort_index_order_ties_at_float64
V0_FP64,23,0.8,reference_exact,exact selector on the same bf16 Q/K: how far deployed VSA already is from optimal,bf16,fp64,fp64,exact_index_order,1440,0.9893645510539807,0.009068796903338394,0.9946538461538461,0.9999999999999996,0.6682692307692307,0.5448717948717948,0.002141888560157791,0.0,0.0014390658108872382,0.0007893059716835263,0.2311493381857872,0.9766594171524048,0.23004470765590668,0.00028645992279052734,0.0006568264216184616,0.0012902680209141383,0.0013306516308902545,0.00424634840593298,0.9013888888888889,-0.0003035105764865875,1.0595219517270078,0.3923611111111111,0.0,0.0,0,0,0.0,pool=fp64_values_acc_fp64_valid_token_denominator,score=fp64_values_acc_fp64,select=exact_stable_sort_index_order_ties_at_float64
V0_FP64,23,0.9,reference_exact,exact selector on the same bf16 Q/K: how far deployed VSA already is from optimal,bf16,fp64,fp64,exact_index_order,1440,0.9849532946225701,0.01297171951518905,0.9924196174196174,0.9999999999999996,0.47756410256410253,0.42628205128205127,0.0015306541748849442,0.0,0.0014933386900488274,0.0012406938712839592,0.3397205322980881,0.955683708190918,0.33838512003421783,0.0005237460136413574,0.001055162400007248,0.001531023173255924,0.0015892728253064218,0.0059482655400345035,0.9131944444444444,-0.0007353276014328003,1.4039774667121885,0.34375,0.0,0.0,0,0,0.0,pool=fp64_values_acc_fp64_valid_token_denominator,score=fp64_values_acc_fp64,select=exact_stable_sort_index_order_ties_at_float64
V0_FP64,23,0.95,reference_exact,exact selector on the same bf16 Q/K: how far deployed VSA already is from optimal,bf16,fp64,fp64,exact_index_order,1440,0.9807558773931158,0.01775978998827643,0.9902844551282052,0.9999999999999996,0.3108974358974359,0.296474358974359,0.00099646614069691,0.0,0.0014800924220107767,0.002065555247318861,0.4173620939254761,0.9349191784858704,0.4146086573600769,0.0007490813732147217,0.001384098082780838,0.0015232298808544752,0.0015426226710503305,0.0065748687971024355,0.8951388888888889,-0.001346401870250702,1.7974040183011737,0.31527777777777777,0.0,0.0,0,0,0.0,pool=fp64_values_acc_fp64_valid_token_denominator,score=fp64_values_acc_fp64,select=exact_stable_sort_index_order_ties_at_float64
V0_FP64,24,0.8,reference_exact,exact selector on the same bf16 Q/K: how far deployed VSA already is from optimal,bf16,fp64,fp64,exact_index_order,1440,0.9934318974660413,0.0049385922387962244,0.9967051282051282,0.9999999999999996,0.41185897435897434,0.3798076923076923,0.001320060815253123,0.0,0.0009023818852029798,0.0008448153449029855,0.34845370054244995,0.9613098800182343,0.3482593894004822,0.00022748112678527832,0.0005016699433326721,0.0008613393246030523,0.0009618535116403875,0.0030401506016970634,0.8652777777777778,-0.00018414855003356934,0.8095113323725927,0.37222222222222223,0.0,0.0,0,0,0.0,pool=fp64_values_acc_fp64_valid_token_denominator,score=fp64_values_acc_fp64,select=exact_stable_sort_index_order_ties_at_float64
V0_FP64,24,0.9,reference_exact,exact selector on the same bf16 Q/K: how far deployed VSA already is from optimal,bf16,fp64,fp64,exact_index_order,1440,0.9891213600829812,0.006889579117838829,0.994530932030932,0.9999999999999996,0.34455128205128205,0.32211538461538464,0.0011043310322156475,0.0,0.0010659737806164977,0.001305074857613921,0.474579781293869,0.9314829707145691,0.4742249846458435,0.0004028826951980591,0.0008385404944419861,0.0010078670074686797,0.001071447878229291,0.004055585058284914,0.8909722222222223,-0.0007127821445465088,1.7692051632947443,0.3333333333333333,0.0,0.0,0,0,0.0,pool=fp64_values_acc_fp64_valid_token_denominator,score=fp64_values_acc_fp64,select=exact_stable_sort_index_order_ties_at_float64
V0_FP64,24,0.95,reference_exact,exact selector on the same bf16 Q/K: how far deployed VSA already is from optimal,bf16,fp64,fp64,exact_index_order,1440,0.9842989168240087,0.009285250163103553,0.9920873397435898,0.9999999999999996,0.2532051282051282,0.24519230769230768,0.0008115548980933596,0.0,0.0012069260061361646,0.0021502425003505506,0.5654235184192657,0.9081645309925079,0.5639987885951996,0.0006719529628753662,0.0010276511311531067,0.0012035436461973578,0.001215623121158466,0.004143409657892102,0.9159722222222222,-0.0008819699287414551,1.3125471237858695,0.325,0.0,0.0,0,0,0.0,pool=fp64_values_acc_fp64_valid_token_denominator,score=fp64_values_acc_fp64,select=exact_stable_sort_index_order_ties_at_float64
V0_FP64,25,0.8,reference_exact,exact selector on the same bf16 Q/K: how far deployed VSA already is from optimal,bf16,fp64,fp64,exact_index_order,1440,0.9911800933857573,0.009581895635975224,0.9955705128205128,0.9999999999999996,0.5536858974358975,0.4719551282051282,0.0017746342866535175,0.0,0.0011359740304139802,0.0008148939211686135,0.2306046336889267,0.9773055911064148,0.23047610372304916,0.0001738332211971283,0.0003654956817626953,0.0007986492756143762,0.0008613605618356672,0.003222203715300366,0.8729166666666667,-0.0004888102412223816,2.811949510318668,0.2604166666666667,0.0,0.0,0,0,0.0,pool=fp64_values_acc_fp64_valid_token_denominator,score=fp64_values_acc_fp64,select=exact_stable_sort_index_order_ties_at_float64
V0_FP64,25,0.9,reference_exact,exact selector on the same bf16 Q/K: how far deployed VSA already is from optimal,bf16,fp64,fp64,exact_index_order,1440,0.9862570735650767,0.01219527387998276,0.9930809930809931,0.9999999999999996,0.4358974358974359,0.39663461538461536,0.0013971071663379355,0.0,0.0012734992057931984,0.0012131482404637683,0.34487485885620117,0.9539090096950531,0.3445001244544983,0.00038670003414154053,0.0007220245897769928,0.0011816005669832708,0.0011837514437449184,0.004672838091167749,0.9,-0.0021240785717964172,5.492832646140804,0.21388888888888888,0.0,0.0,0,0,0.0,pool=fp64_values_acc_fp64_valid_token_denominator,score=fp64_values_acc_fp64,select=exact_stable_sort_index_order_ties_at_float64
V0_FP64,25,0.95,reference_exact,exact selector on the same bf16 Q/K: how far deployed VSA already is from optimal,bf16,fp64,fp64,exact_index_order,1440,0.979381443298969,0.015602501383515599,0.9895833333333334,0.9999999999999996,0.3333333333333333,0.3125,0.0010683760683760685,0.0,0.0014135326930622713,0.001897175296074452,0.40493158996105194,0.9383516311645508,0.40431395173072815,0.0005392879247665405,0.0011173859238624573,0.0013974336455759495,0.0013986476700852456,0.005639090701658034,0.8923611111111112,-0.0037185996770858765,6.89538835622116,0.18472222222222223,0.0,0.0,0,0,0.0,pool=fp64_values_acc_fp64_valid_token_denominator,score=fp64_values_acc_fp64,select=exact_stable_sort_index_order_ties_at_float64
V0_FP64,26,0.8,reference_exact,exact selector on the same bf16 Q/K: how far deployed VSA already is from optimal,bf16,fp64,fp64,exact_index_order,1440,0.9896563379653739,0.010579743608529424,0.994801282051282,0.9999999999999996,0.6498397435897436,0.5352564102564102,0.002082819690992768,0.0,0.0014666604946468236,0.0008261100874670728,0.15288326144218445,0.9889824390411377,0.15273969620466232,0.00020902231335639954,0.0003139302134513855,0.0014883637175848892,0.0014890616954062726,0.004713866393883254,0.8888888888888888,-0.00046936795115470886,2.2455399312053324,0.3423611111111111,0.0,0.0,0,0,0.0,pool=fp64_values_acc_fp64_valid_token_denominator,score=fp64_values_acc_fp64,select=exact_stable_sort_index_order_ties_at_float64
V0_FP64,26,0.9,reference_exact,exact selector on the same bf16 Q/K: how far deployed VSA already is from optimal,bf16,fp64,fp64,exact_index_order,1440,0.9843771692773073,0.014997573042311085,0.9921270858770859,0.9999999999999996,0.4959935897435897,0.4375,0.0015897230440499672,0.0,0.0015869379710570673,0.0012517190258136796,0.21861542761325836,0.9782041907310486,0.21795284003019333,0.0004512518644332886,0.0008757356554269791,0.0022323376495948528,0.0022387574720357977,0.007988785714625374,0.8986111111111111,-0.0017728134989738464,3.9286563418419576,0.2791666666666667,0.0,0.0,0,0,0.0,pool=fp64_values_acc_fp64_valid_token_denominator,score=fp64_values_acc_fp64,select=exact_stable_sort_index_order_ties_at_float64
V0_FP64,26,0.95,reference_exact,exact selector on the same bf16 Q/K: how far deployed VSA already is from optimal,bf16,fp64,fp64,exact_index_order,1440,0.977666081881989,0.021303120555948185,0.9887069310897436,0.9999999999999996,0.3613782051282051,0.33653846153846156,0.0011582634779750164,0.0,0.0016714995203974646,0.002035536916489282,0.2770543396472931,0.9669661819934845,0.27570781111717224,0.0005522742867469788,0.0010867025703191757,0.0022118486629174204,0.0022803033984678143,0.007709157779346024,0.8770833333333333,-0.003035314381122589,5.496026981450253,0.2534722222222222,0.0,0.0,0,0,0.0,pool=fp64_values_acc_fp64_valid_token_denominator,score=fp64_values_acc_fp64,select=exact_stable_sort_index_order_ties_at_float64
V0_FP64,27,0.8,reference_exact,exact selector on the same bf16 Q/K: how far deployed VSA already is from optimal,bf16,fp64,fp64,exact_index_order,1440,0.9935720082857085,0.006813687836004001,0.996775641025641,0.9999999999999996,0.4030448717948718,0.3733974358974359,0.001291810486522025,0.0,0.0008199491323534877,0.0008404803698588484,0.13103753328323364,0.9915907979011536,0.1307222694158554,0.00014909356832504272,0.0003061853349208832,0.0012616937833077888,0.0012826004221931503,0.0055118221065821186,0.8701388888888889,-0.00016677379608154297,1.1185847783718954,0.39791666666666664,0.0,0.0,0,0,0.0,pool=fp64_values_acc_fp64_valid_token_denominator,score=fp64_values_acc_fp64,select=exact_stable_sort_index_order_ties_at_float64
V0_FP64,27,0.9,reference_exact,exact selector on the same bf16 Q/K: how far deployed VSA already is from optimal,bf16,fp64,fp64,exact_index_order,1440,0.9895743711726301,0.010986629490353228,0.9947598697598697,0.9999999999999996,0.3301282051282051,0.3125,0.00105810322156476,0.0,0.0010327708693926418,0.0013258647259176788,0.18964644521474838,0.9828946590423584,0.18899594992399216,0.00025665760040283203,0.0005976669490337372,0.0015183969171084172,0.0016269256416330902,0.007540089594846006,0.8833333333333333,-0.000497475266456604,1.9382837900603809,0.32708333333333334,0.0,0.0,0,0,0.0,pool=fp64_values_acc_fp64_valid_token_denominator,score=fp64_values_acc_fp64,select=exact_stable_sort_index_order_ties_at_float64
V0_FP64,27,0.95,reference_exact,exact selector on the same bf16 Q/K: how far deployed VSA already is from optimal,bf16,fp64,fp64,exact_index_order,1440,0.9844961240310077,0.016975129282103874,0.9921875,0.9999999999999996,0.25,0.24118589743589744,0.0008012820512820513,0.0,0.0012143899350831387,0.0021294859969438772,0.23775918781757355,0.9737386703491211,0.23759659379720688,0.0004140809178352356,0.0009998194873332977,0.001898173915000598,0.0019907495327439453,0.008666768522318923,0.8631944444444445,-0.0010259747505187988,2.4777156017777138,0.2875,0.0,0.0,0,0,0.0,pool=fp64_values_acc_fp64_valid_token_denominator,score=fp64_values_acc_fp64,select=exact_stable_sort_index_order_ties_at_float64
V0_FP64,28,0.8,reference_exact,exact selector on the same bf16 Q/K: how far deployed VSA already is from optimal,bf16,fp64,fp64,exact_index_order,1440,0.9937121386396749,0.003984474288584061,0.9968461538461538,0.9999999999999996,0.3942307692307692,0.36378205128205127,0.001263560157790927,0.0,0.0007858200863487122,0.0008230252172999092,0.1133965440094471,0.9936711192131042,0.11343913897871971,9.915605187416077e-05,0.00018440186977386475,0.0008909083230063124,0.001054030970322958,0.0035794914052800766,0.8236111111111111,-0.0001985933631658554,2.0028365330427924,0.42291666666666666,0.0,0.0,0,0,0.0,pool=fp64_values_acc_fp64_valid_token_denominator,score=fp64_values_acc_fp64,select=exact_stable_sort_index_order_ties_at_float64
V0_FP64,28,0.9,reference_exact,exact selector on the same bf16 Q/K: how far deployed VSA already is from optimal,bf16,fp64,fp64,exact_index_order,1440,0.9892220113851993,0.007584418698622697,0.9945818070818071,0.9999999999999996,0.34134615384615385,0.32211538461538464,0.0010940581854043392,0.0,0.0010130251604092263,0.001244906607563445,0.15301010757684708,0.9884693324565887,0.15272367000579834,0.00019502639770507812,0.0003878343850374222,0.0012494379784658996,0.0015353410667109629,0.006045235139718575,0.8395833333333333,-0.0004149973392486572,2.127903422982885,0.39305555555555555,0.0,0.0,0,0,0.0,pool=fp64_values_acc_fp64_valid_token_denominator,score=fp64_values_acc_fp64,select=exact_stable_sort_index_order_ties_at_float64
V0_FP64,28,0.95,reference_exact,exact selector on the same bf16 Q/K: how far deployed VSA already is from optimal,bf16,fp64,fp64,exact_index_order,1440,0.9835104797854376,0.012178502839215732,0.9916866987179487,0.9999999999999996,0.266025641025641,0.2564102564102564,0.000852646285338593,0.0,0.0012342545335243893,0.0020259607981325933,0.1937260627746582,0.9819893836975098,0.1929931789636612,0.00030334293842315674,0.0006186775863170624,0.0015559195667341963,0.0018191590391021459,0.008328230489211936,0.8270833333333333,-0.0007568225264549255,2.494940315370634,0.38333333333333336,0.0,0.0,0,0,0.0,pool=fp64_values_acc_fp64_valid_token_denominator,score=fp64_values_acc_fp64,select=exact_stable_sort_index_order_ties_at_float64
V0_FP64,29,0.8,reference_exact,exact selector on the same bf16 Q/K: how far deployed VSA already is from optimal,bf16,fp64,fp64,exact_index_order,1440,0.9944003375139032,0.003999094335431774,0.9971923076923077,0.9999999999999996,0.35096153846153844,0.3333333333333333,0.0011248767258382644,0.0,0.0007525039116249444,0.0008437318799981489,0.12189142405986786,0.9931485652923584,0.12169839441776276,0.00012325122952461243,0.00021202955394983292,0.0011825436662615202,0.0012294384664288352,0.004003816755550026,0.8777777777777778,-0.00010740011930465698,0.8713918694272329,0.4486111111111111,0.0,0.0,0,0,0.0,pool=fp64_values_acc_fp64_valid_token_denominator,score=fp64_values_acc_fp64,select=exact_stable_sort_index_order_ties_at_float64
V0_FP64,29,0.9,reference_exact,exact selector on the same bf16 Q/K: how far deployed VSA already is from optimal,bf16,fp64,fp64,exact_index_order,1440,0.9894736842105263,0.007950734003312143,0.9947089947089947,0.9999999999999996,0.3333333333333333,0.3141025641025641,0.0010683760683760685,0.0,0.0010645909118757158,0.0012729158680168857,0.1716984137892723,0.9860396087169647,0.17080923169851303,0.0002844184637069702,0.0005142828449606895,0.0019009325512970477,0.001954287174207428,0.006377790887413105,0.8875,-0.0003229305148124695,1.1354062974799601,0.41388888888888886,0.0,0.0,0,0,0.0,pool=fp64_values_acc_fp64_valid_token_denominator,score=fp64_values_acc_fp64,select=exact_stable_sort_index_order_ties_at_float64
V0_FP64,29,0.95,reference_exact,exact selector on the same bf16 Q/K: how far deployed VSA already is from optimal,bf16,fp64,fp64,exact_index_order,1440,0.9844961240310077,0.014049484284590297,0.9921875,0.9999999999999996,0.25,0.2419871794871795,0.0008012820512820513,0.0,0.0011508880627222762,0.002063523720543209,0.2255394235253334,0.9761298298835754,0.22543161362409592,0.00036069750785827637,0.0006893277168273926,0.0017901510686716754,0.002038044427142088,0.007253696035805668,0.8361111111111111,-0.0006484091281890869,1.7976534743452037,0.4041666666666667,0.0,0.0,0,0,0.0,pool=fp64_values_acc_fp64_valid_token_denominator,score=fp64_values_acc_fp64,select=exact_stable_sort_index_order_ties_at_float64
V0_FP64,3,0.8,reference_exact,exact selector on the same bf16 Q/K: how far deployed VSA already is from optimal,bf16,fp64,fp64,exact_index_order,1440,0.9942728574350583,0.006897267293594633,0.9971282051282051,0.9999999999999996,0.358974358974359,0.33413461538461536,0.0011505588428665351,0.0,0.0007966280319664363,0.0007866062458921063,0.20508979260921478,0.9803174436092377,0.20492937415838242,0.00014305859804153442,0.0003236234188079834,0.0007645405430633458,0.000814222630502977,0.0029669855256604263,0.85,-0.00047675520181655884,3.332586844435186,0.33958333333333335,0.0,0.0,0,0,0.0,pool=fp64_values_acc_fp64_valid_token_denominator,score=fp64_values_acc_fp64,select=exact_stable_sort_index_order_ties_at_float64
V0_FP64,3,0.9,reference_exact,exact selector on the same bf16 Q/K: how far deployed VSA already is from optimal,bf16,fp64,fp64,exact_index_order,1440,0.988794314001458,0.010461258213993463,0.9943655881155882,0.9999999999999996,0.3549679487179487,0.3333333333333333,0.0011377177843523998,0.0,0.0010626922664068797,0.0011969920607302633,0.2895945757627487,0.9616274237632751,0.2893918752670288,0.00030922889709472656,0.0008289366960525513,0.001267893532910425,0.0013796262759098803,0.005457614226302283,0.8902777777777777,-0.0013456568121910095,4.351652852737086,0.31319444444444444,0.0,0.0,0,0,0.0,pool=fp64_values_acc_fp64_valid_token_denominator,score=fp64_values_acc_fp64,select=exact_stable_sort_index_order_ties_at_float64
V0_FP64,3,0.95,reference_exact,exact selector on the same bf16 Q/K: how far deployed VSA already is from optimal,bf16,fp64,fp64,exact_index_order,1440,0.9826734528786439,0.015132495887483777,0.9912610176282051,0.9999999999999996,0.2796474358974359,0.2692307692307692,0.0008963058842866535,0.0,0.0012293983251704698,0.0019343698493230876,0.37280353903770447,0.9408067464828491,0.3719335347414017,0.0005664080381393433,0.0012859925627708435,0.0017113670355668124,0.0018168173972114383,0.005430479503194298,0.8791666666666667,-0.0022692978382110596,4.006471810791613,0.3055555555555556,0.0,0.0,0,0,0.0,pool=fp64_values_acc_fp64_valid_token_denominator,score=fp64_values_acc_fp64,select=exact_stable_sort_index_order_ties_at_float64
V0_FP64,4,0.8,reference_exact,exact selector on the same bf16 Q/K: how far deployed VSA already is from optimal,bf16,fp64,fp64,exact_index_order,1440,0.9944385847971957,0.005456583048062957,0.9972115384615384,0.9999999999999996,0.3485576923076923,0.3269230769230769,0.001117172090729783,0.0,0.000732368817875973,0.0008461203002626531,0.21544942259788513,0.9789868593215942,0.2153560370206833,0.00016410648822784424,0.0003348402678966522,0.0008992508626883432,0.0009022797187995551,0.0026611738266622705,0.9055555555555556,-0.00044164061546325684,2.691183147189685,0.3173611111111111,0.0,0.0,0,0,0.0,pool=fp64_values_acc_fp64_valid_token_denominator,score=fp64_values_acc_fp64,select=exact_stable_sort_index_order_ties_at_float64
V0_FP64,4,0.9,reference_exact,exact selector on the same bf16 Q/K: how far deployed VSA already is from optimal,bf16,fp64,fp64,exact_index_order,1440,0.9906826007696982,0.007900158985991834,0.9953194953194954,0.9999999999999996,0.2948717948717949,0.28365384615384615,0.0009451019066403682,0.0,0.0009570686436227611,0.0013187117795642395,0.311272457242012,0.9593148827552795,0.3111644834280014,0.0002824738621711731,0.0006727501749992371,0.0010927629037323617,0.0011003448739229419,0.004019881271926293,0.8909722222222223,-0.0014093965291976929,4.989475905362276,0.26805555555555555,0.0,0.0,0,0,0.0,pool=fp64_values_acc_fp64_valid_token_denominator,score=fp64_values_acc_fp64,select=exact_stable_sort_index_order_ties_at_float64
V0_FP64,4,0.95,reference_exact,exact selector on the same bf16 Q/K: how far deployed VSA already is from optimal,bf16,fp64,fp64,exact_index_order,1440,0.9855814647243076,0.011262053697422059,0.9927383814102564,0.9999999999999996,0.23237179487179485,0.22596153846153846,0.0007447813938198553,0.0,0.0011271162788898635,0.0021016415869223783,0.37403519451618195,0.9443286955356598,0.3737389147281647,0.00042882561683654785,0.0009778998792171478,0.0012774631165963384,0.001323333324992816,0.004473903992142496,0.8854166666666666,-0.0024795830249786377,5.782264229619848,0.2638888888888889,0.0,0.0,0,0,0.0,pool=fp64_values_acc_fp64_valid_token_denominator,score=fp64_values_acc_fp64,select=exact_stable_sort_index_order_ties_at_float64
V0_FP64,5,0.8,reference_exact,exact selector on the same bf16 Q/K: how far deployed VSA already is from optimal,bf16,fp64,fp64,exact_index_order,1440,0.9953186754153717,0.002099281576627976,0.9976538461538461,0.9999999999999996,0.2932692307692308,0.28044871794871795,0.000939965483234714,0.0,0.0005664416222563541,0.0008915148659161099,0.1671668365597725,0.9866188168525696,0.16699208319187164,0.00012429803609848022,0.00019630324095487595,0.0007656719592521915,0.000768493452449801,0.002284179616888783,0.9131944444444444,-0.00017964094877243042,1.4452436612120123,0.41388888888888886,0.0,0.0,0,0,0.0,pool=fp64_values_acc_fp64_valid_token_denominator,score=fp64_values_acc_fp64,select=exact_stable_sort_index_order_ties_at_float64
V0_FP64,5,0.9,reference_exact,exact selector on the same bf16 Q/K: how far deployed VSA already is from optimal,bf16,fp64,fp64,exact_index_order,1440,0.9914641408444784,0.00378179089616959,0.9957137769637769,0.9999999999999996,0.27003205128205127,0.26121794871794873,0.0008654873438527285,0.0,0.0008292298303123073,0.001349091133846801,0.2398654744029045,0.9733809232711792,0.2393409013748169,0.0002285093069076538,0.0005224645137786865,0.0010905208152989579,0.0011106136193526814,0.0038896782679248435,0.8979166666666667,-0.0006943866610527039,3.0387675252689923,0.38680555555555557,0.0,0.0,0,0,0.0,pool=fp64_values_acc_fp64_valid_token_denominator,score=fp64_values_acc_fp64,select=exact_stable_sort_index_order_ties_at_float64
V0_FP64,5,0.95,reference_exact,exact selector on the same bf16 Q/K: how far deployed VSA already is from optimal,bf16,fp64,fp64,exact_index_order,1440,0.9876567788174397,0.0073097613475947565,0.9937900641025641,0.9999999999999996,0.1987179487179487,0.19471153846153846,0.0006369165023011176,0.0,0.0009751537398075159,0.0021598394979949866,0.29383397102355957,0.9612066745758057,0.29378384351730347,0.0003574192523956299,0.0008218176662921906,0.0011982544597729412,0.001225019969456689,0.0042788240574977284,0.9041666666666667,-0.001776278018951416,4.969732343867256,0.36666666666666664,0.0,0.0,0,0,0.0,pool=fp64_values_acc_fp64_valid_token_denominator,score=fp64_values_acc_fp64,select=exact_stable_sort_index_order_ties_at_float64
V0_FP64,6,0.8,reference_exact,exact selector on the same bf16 Q/K: how far deployed VSA already is from optimal,bf16,fp64,fp64,exact_index_order,1440,0.9922735545654459,0.007191839584806625,0.9961217948717949,0.9999999999999996,0.484775641025641,0.4326923076923077,0.0015537680802103879,0.0,0.001022765762997767,0.0008281412188116764,0.28647445142269135,0.9650119245052338,0.2863178253173828,0.00023496150970458984,0.00030558928847312927,0.0009339078266013317,0.0009397379340122275,0.0025642637950044796,0.9368055555555556,-0.0008726418018341064,3.7139776763064436,0.25416666666666665,0.0,0.0,0,0,0.0,pool=fp64_values_acc_fp64_valid_token_denominator,score=fp64_values_acc_fp64,select=exact_stable_sort_index_order_ties_at_float64
V0_FP64,6,0.9,reference_exact,exact selector on the same bf16 Q/K: how far deployed VSA already is from optimal,bf16,fp64,fp64,exact_index_order,1440,0.9874118449988625,0.008683296905108051,0.9936660561660562,0.9999999999999996,0.3990384615384615,0.3685897435897436,0.0012789694280078896,0.0,0.0012123037419670651,0.0012709133668102378,0.41574612259864807,0.9347637593746185,0.41512657701969147,0.0005206018686294556,0.0007812194526195526,0.0016178093502771766,0.0016299276157986293,0.0037540724566984597,0.9298611111111111,-0.002697691321372986,5.181870223545238,0.19236111111111112,0.0,0.0,0,0,0.0,pool=fp64_values_acc_fp64_valid_token_denominator,score=fp64_values_acc_fp64,select=exact_stable_sort_index_order_ties_at_float64
V0_FP64,6,0.95,reference_exact,exact selector on the same bf16 Q/K: how far deployed VSA already is from optimal,bf16,fp64,fp64,exact_index_order,1440,0.981837129670984,0.00943503199983975,0.9908353365384616,0.9999999999999996,0.2932692307692308,0.28044871794871795,0.000939965483234714,0.0,0.00132478875650191,0.0019847156854826084,0.5140917301177979,0.9093076884746552,0.5132822096347809,0.000660240650177002,0.0011752769351005554,0.0014908500717696707,0.0015267964483548363,0.004521107318862648,0.9041666666666667,-0.004633516073226929,7.0179200144443445,0.17847222222222223,0.0,0.0,0,0,0.0,pool=fp64_values_acc_fp64_valid_token_denominator,score=fp64_values_acc_fp64,select=exact_stable_sort_index_order_ties_at_float64
V0_FP64,7,0.8,reference_exact,exact selector on the same bf16 Q/K: how far deployed VSA already is from optimal,bf16,fp64,fp64,exact_index_order,1440,0.9937376190171896,0.006976486016247119,0.9968589743589743,0.9999999999999996,0.3926282051282051,0.36538461538461536,0.001258423734385273,0.0,0.0008272549024555926,0.000852075756021952,0.22940951585769653,0.9760870933532715,0.22912730276584625,0.000177823007106781,0.0002734251320362091,0.0008501935171566169,0.0008501935171566169,0.0025064941446565443,0.9041666666666667,-0.0005216747522354126,2.933674110696778,0.26319444444444445,0.0,0.0,0,0,0.0,pool=fp64_values_acc_fp64_valid_token_denominator,score=fp64_values_acc_fp64,select=exact_stable_sort_index_order_ties_at_float64
V0_FP64,7,0.9,reference_exact,exact selector on the same bf16 Q/K: how far deployed VSA already is from optimal,bf16,fp64,fp64,exact_index_order,1440,0.989800954422903,0.009610911167973857,0.9948743386243386,0.9999999999999996,0.32291666666666663,0.3076923076923077,0.0010349893162393162,0.0,0.001052716121120378,0.001348980970993603,0.3289629817008972,0.9553574621677399,0.32797810435295105,0.0003849714994430542,0.0006294883787631989,0.0013028355571835983,0.0013259495808591315,0.003779286378034215,0.925,-0.0015534311532974243,4.035184826785368,0.17569444444444443,0.0,0.0,0,0,0.0,pool=fp64_values_acc_fp64_valid_token_denominator,score=fp64_values_acc_fp64,select=exact_stable_sort_index_order_ties_at_float64
V0_FP64,7,0.95,reference_exact,exact selector on the same bf16 Q/K: how far deployed VSA already is from optimal,bf16,fp64,fp64,exact_index_order,1440,0.9842989168240087,0.010134571942792547,0.9920873397435898,0.9999999999999996,0.2532051282051282,0.24519230769230768,0.0008115548980933596,0.0,0.0012162102079154042,0.002136808601753563,0.40210919082164764,0.9378615021705627,0.4012365788221359,0.0005739033222198486,0.0009910836815834045,0.0015807647444243712,0.0015911964940977883,0.004309643497835547,0.9159722222222222,-0.002910509705543518,5.071428571428571,0.15138888888888888,0.0,0.0,0,0,0.0,pool=fp64_values_acc_fp64_valid_token_denominator,score=fp64_values_acc_fp64,select=exact_stable_sort_index_order_ties_at_float64
V0_FP64,8,0.8,reference_exact,exact selector on the same bf16 Q/K: how far deployed VSA already is from optimal,bf16,fp64,fp64,exact_index_order,1440,0.9951145272473814,0.0032915125477469553,0.9975512820512821,0.9999999999999996,0.30608974358974356,0.2900641025641026,0.0009810568704799474,0.0,0.000708436163777064,0.0008662490043039715,0.21539690345525742,0.9784037470817566,0.21529627591371536,0.00012859702110290527,0.00024540722370147705,0.0005738562452761804,0.0006003517633554145,0.001638345535888365,0.8506944444444444,-0.0006333962082862854,4.925434530706837,0.2625,0.0,0.0,0,0,0.0,pool=fp64_values_acc_fp64_valid_token_denominator,score=fp64_values_acc_fp64,select=exact_stable_sort_index_order_ties_at_float64
V0_FP64,8,0.9,reference_exact,exact selector on the same bf16 Q/K: how far deployed VSA already is from optimal,bf16,fp64,fp64,exact_index_order,1440,0.9906321999139175,0.004990450641505828,0.9952940577940578,0.9999999999999996,0.296474358974359,0.28525641025641024,0.0009502383300460224,0.0,0.0009650511778970299,0.0013177426351299094,0.3209355026483536,0.9551877677440643,0.3204754590988159,0.0002971552312374115,0.0006065778434276581,0.0010275009880168465,0.0010337915836731194,0.002746266127590496,0.8951388888888889,-0.0024241507053375244,8.157859766570136,0.23333333333333334,0.0,0.0,0,0,0.0,pool=fp64_values_acc_fp64_valid_token_denominator,score=fp64_values_acc_fp64,select=exact_stable_sort_index_order_ties_at_float64
V0_FP64,8,0.95,reference_exact,exact selector on the same bf16 Q/K: how far deployed VSA already is from optimal,bf16,fp64,fp64,exact_index_order,1440,0.9858776727996021,0.009190723366998887,0.9928886217948718,0.9999999999999996,0.22756410256410256,0.22115384615384615,0.0007293721236028928,0.0,0.001075962407356093,0.0022066903294122604,0.3920307159423828,0.9373341500759125,0.39118777215480804,0.00037433207035064697,0.0009023621678352356,0.0010455309614060921,0.0010550601893352112,0.0035082029181262636,0.86875,-0.004259765148162842,11.379642530154054,0.19236111111111112,0.0,0.0,0,0,0.0,pool=fp64_values_acc_fp64_valid_token_denominator,score=fp64_values_acc_fp64,select=exact_stable_sort_index_order_ties_at_float64
V0_FP64,9,0.8,reference_exact,exact selector on the same bf16 Q/K: how far deployed VSA already is from optimal,bf16,fp64,fp64,exact_index_order,1440,0.9948338917163244,0.002678109886427915,0.9974102564102564,0.9999999999999996,0.32371794871794873,0.3076923076923077,0.0010375575279421433,0.0,0.0006848693293315116,0.0008878572091101988,0.204302117228508,0.9804102182388306,0.20418813824653625,0.00015467405319213867,0.00020384974777698517,0.0008172911481346455,0.0008329868504186597,0.002111133184336693,0.9215277777777777,-0.0004424154758453369,2.8603082851637764,0.27569444444444446,0.0,0.0,0,0,0.0,pool=fp64_values_acc_fp64_valid_token_denominator,score=fp64_values_acc_fp64,select=exact_stable_sort_index_order_ties_at_float64
V0_FP64,9,0.9,reference_exact,exact selector on the same bf16 Q/K: how far deployed VSA already is from optimal,bf16,fp64,fp64,exact_index_order,1440,0.990733004177744,0.004986409528969782,0.9953449328449329,0.9999999999999996,0.2932692307692308,0.2796474358974359,0.000939965483234714,0.0,0.0009345662918350522,0.0013690511329269542,0.30077388882637024,0.9602567255496979,0.3001735210418701,0.00028160959482192993,0.000523790717124939,0.001084737443368648,0.001084737443368648,0.00318809345638582,0.9048611111111111,-0.001524612307548523,5.413921739820621,0.20625,0.0,0.0,0,0,0.0,pool=fp64_values_acc_fp64_valid_token_denominator,score=fp64_values_acc_fp64,select=exact_stable_sort_index_order_ties_at_float64
V0_FP64,9,0.95,reference_exact,exact selector on the same bf16 Q/K: how far deployed VSA already is from optimal,bf16,fp64,fp64,exact_index_order,1440,0.9851866580504052,0.008895372080367725,0.9925380608974359,0.9999999999999996,0.23878205128205127,0.23076923076923078,0.0007653270874424721,0.0,0.0011342985156497232,0.002123993902259912,0.37421829998493195,0.9430880844593048,0.37380023300647736,0.000502467155456543,0.000774189829826355,0.0015196160201385342,0.0015323610065501592,0.0036450942910142116,0.9305555555555556,-0.0024266839027404785,4.829537366548043,0.1736111111111111,0.0,0.0,0,0,0.0,pool=fp64_values_acc_fp64_valid_token_denominator,score=fp64_values_acc_fp64,select=exact_stable_sort_index_order_ties_at_float64
VA_FP8,0,0.8,intervention_a,"routing input quantized to FP8-E4M3, kernel arithmetic unchanged",fp8_e4m3,kernel,kernel,kernel,1440,0.9909386765362772,0.009650672684375361,0.9954487179487179,0.9999687443319633,0.5689102564102564,0.5048076923076923,0.0018234303090072321,0.0,0.0013320417769717818,0.0007885406664566403,0.15035969763994217,0.9887031018733978,0.15035758167505264,-3.6954879760742188e-06,0.00020117685198783875,-6.59898801325758e-06,0.0007050932844002038,0.00267357452870282,0.49027777777777776,-0.0004937648773193359,133.61290322580646,0.42916666666666664,8.265177712019067e-06,317.0,0,0,0.0,pool=kernel_fused_block_mean_bf16_read_fp32_acc_bf16_write,score=kernel_bf16_torch_matmul_acc_fp32_bf16_out,select=kernel_fused_topk_mask_fp32_bisect_index_order_ties
VA_FP8,0,0.9,intervention_a,"routing input quantized to FP8-E4M3, kernel arithmetic unchanged",fp8_e4m3,kernel,kernel,kernel,1440,0.983976585943351,0.015203363206439113,0.9919235856735856,0.9999687443319633,0.5088141025641025,0.45592948717948717,0.0016308144312952005,0.0,0.0016063508809977714,0.0011049317279779862,0.20670559257268906,0.978765070438385,0.20678527653217316,-3.541819751262665e-05,0.0003240443766117096,-0.00014260715534707418,0.0008380898739669582,0.002845809646509442,0.43194444444444446,-0.0012315139174461365,34.77065474625296,0.4041666666666667,8.265177712019067e-06,306.0,0,0,0.0,pool=kernel_fused_block_mean_bf16_read_fp32_acc_bf16_write,score=kernel_bf16_torch_matmul_acc_fp32_bf16_out,select=kernel_fused_topk_mask_fp32_bisect_index_order_ties
VA_FP8,0,0.95,intervention_a,"routing input quantized to FP8-E4M3, kernel arithmetic unchanged",fp8_e4m3,kernel,kernel,kernel,1440,0.9782538711825882,0.022172788975264424,0.9890074118589743,0.9999687443319633,0.3517628205128205,0.3301282051282051,0.0011274449375410914,0.0,0.0018832389246633205,0.0018223123452057537,0.25072333961725235,0.9703545868396759,0.2505939304828644,-3.8426369428634644e-05,0.0005743205547332764,-0.0001249984284850123,0.0010490130618829472,0.0031320573157962383,0.46111111111111114,-0.001957736909389496,50.94774600096946,0.3680555555555556,8.265177712019067e-06,274.5,0,0,0.0,pool=kernel_fused_block_mean_bf16_read_fp32_acc_bf16_write,score=kernel_bf16_torch_matmul_acc_fp32_bf16_out,select=kernel_fused_topk_mask_fp32_bisect_index_order_ties
VA_FP8,1,0.8,intervention_a,"routing input quantized to FP8-E4M3, kernel arithmetic unchanged",fp8_e4m3,kernel,kernel,kernel,1440,0.9913198876691346,0.0019124157699449418,0.9956410256410256,0.99995935689555,0.5448717948717948,0.4823717948717949,0.0017463839579224196,0.0,0.0011482067166592568,0.0008526661787641125,0.1279042363166809,0.9920979738235474,0.12798136472702026,-6.910413503646851e-06,0.00011514686048030853,-6.233528729619154e-05,0.00048087617945894703,0.0014890944088165998,0.4666666666666667,-0.00026795268058776855,38.77520215633423,0.4652777777777778,6.349677960315603e-06,276.0,0,0,0.0,pool=kernel_fused_block_mean_bf16_read_fp32_acc_bf16_write,score=kernel_bf16_torch_matmul_acc_fp32_bf16_out,select=kernel_fused_topk_mask_fp32_bisect_index_order_ties
VA_FP8,1,0.9,intervention_a,"routing input quantized to FP8-E4M3, kernel arithmetic unchanged",fp8_e4m3,kernel,kernel,kernel,1440,0.9872611464968153,0.0041674335037682475,0.9935897435897436,0.99995935689555,0.40384615384615385,0.3766025641025641,0.0012943786982248522,0.0,0.0013479530604104612,0.0012335997979662455,0.18628297746181488,0.983398973941803,0.18636058270931244,-4.906207323074341e-06,0.00018447265028953552,-2.6675332313434296e-05,0.0005480854767594189,0.0018850784941599093,0.48055555555555557,-0.0007593929767608643,154.78208048595292,0.39791666666666664,6.349677960315603e-06,267.0,0,0,0.0,pool=kernel_fused_block_mean_bf16_read_fp32_acc_bf16_write,score=kernel_bf16_torch_matmul_acc_fp32_bf16_out,select=kernel_fused_topk_mask_fp32_bisect_index_order_ties
VA_FP8,1,0.95,intervention_a,"routing input quantized to FP8-E4M3, kernel arithmetic unchanged",fp8_e4m3,kernel,kernel,kernel,1440,0.9831657367905802,0.008367617155957907,0.9915114182692308,0.99995935689555,0.27163461538461536,0.26121794871794873,0.0008706237672583826,0.0,0.0015299143136503334,0.002029462419291611,0.22710061818361282,0.9766493439674377,0.22703497111797333,-1.5407800674438477e-05,0.0003014020621776581,-6.632155622481771e-05,0.0007224784348636028,0.0021957764247399225,0.48125,-0.0012449100613594055,80.79738878143134,0.38472222222222224,6.349677960315603e-06,214.0,0,0,0.0,pool=kernel_fused_block_mean_bf16_read_fp32_acc_bf16_write,score=kernel_bf16_torch_matmul_acc_fp32_bf16_out,select=kernel_fused_topk_mask_fp32_bisect_index_order_ties
VA_FP8,10,0.8,intervention_a,"routing input quantized to FP8-E4M3, kernel arithmetic unchanged",fp8_e4m3,kernel,kernel,kernel,1440,0.9909640860709089,0.004595377625068453,0.9954615384615385,0.9999614609410221,0.5673076923076923,0.4967948717948718,0.0018182938856015779,0.0,0.0012959035560078922,0.0008479816390022745,0.22790305316448212,0.9767314791679382,0.22792909294366837,-1.1920928955078125e-06,0.00013310089707374573,-5.616131564353828e-06,0.000291016705691637,0.0008514437992980432,0.49583333333333335,-0.000869452953338623,729.35,0.27708333333333335,7.172935170274286e-07,327.5,0,0,0.0,pool=kernel_fused_block_mean_bf16_read_fp32_acc_bf16_write,score=kernel_bf16_torch_matmul_acc_fp32_bf16_out,select=kernel_fused_topk_mask_fp32_bisect_index_order_ties
VA_FP8,10,0.9,intervention_a,"routing input quantized to FP8-E4M3, kernel arithmetic unchanged",fp8_e4m3,kernel,kernel,kernel,1440,0.9868091880827837,0.008070782943572219,0.9933608058608059,0.9999614609410221,0.4182692307692308,0.38621794871794873,0.0013406065088757396,0.0,0.0016213523379421686,0.0012983309924965536,0.3245069086551666,0.9569939076900482,0.3246503919363022,3.077089786529541e-06,0.00025526806712150574,1.4602054081941359e-05,0.00037341193910325597,0.0011705146770610744,0.5083333333333333,-0.0021122023463249207,686.4285714285714,0.21180555555555555,7.172935170274286e-07,306.0,0,0,0.0,pool=kernel_fused_block_mean_bf16_read_fp32_acc_bf16_write,score=kernel_bf16_torch_matmul_acc_fp32_bf16_out,select=kernel_fused_topk_mask_fp32_bisect_index_order_ties
VA_FP8,10,0.95,intervention_a,"routing input quantized to FP8-E4M3, kernel arithmetic unchanged",fp8_e4m3,kernel,kernel,kernel,1440,0.9822306050528614,0.012765264883377148,0.991035657051282,0.9999614609410221,0.28685897435897434,0.2732371794871795,0.0009194197896120973,0.0,0.0018450830431319877,0.0020777991703692985,0.41323697566986084,0.930917888879776,0.4133630841970444,-9.492039680480957e-06,0.0003971010446548462,-2.942985900291399e-05,0.0004764738236071141,0.0014007417357946284,0.48541666666666666,-0.003404751420021057,358.6954474097331,0.1763888888888889,7.172935170274286e-07,253.0,0,0,0.0,pool=kernel_fused_block_mean_bf16_read_fp32_acc_bf16_write,score=kernel_bf16_torch_matmul_acc_fp32_bf16_out,select=kernel_fused_topk_mask_fp32_bisect_index_order_ties
VA_FP8,11,0.8,intervention_a,"routing input quantized to FP8-E4M3, kernel arithmetic unchanged",fp8_e4m3,kernel,kernel,kernel,1440,0.9917775337708434,0.0035828387349012836,0.9958717948717949,0.9999513910360508,0.516025641025641,0.46153846153846156,0.0016539283366206444,0.0,0.0013108280845419318,0.0008693533206463705,0.2156492844223976,0.9788409173488617,0.21563855558633804,-2.7939677238464355e-06,0.00011985935270786285,-1.1941592742919968e-05,0.0002700198581010692,0.0008101896548248635,0.48680555555555555,-0.0007249265909194946,259.46133333333336,0.30486111111111114,1.1492998623907624e-06,333.0,0,12,0.00013354700854700856,pool=kernel_fused_block_mean_bf16_read_fp32_acc_bf16_write,score=kernel_bf16_torch_matmul_acc_fp32_bf16_out,select=kernel_fused_topk_mask_fp32_bisect_index_order_ties
VA_FP8,11,0.9,intervention_a,"routing input quantized to FP8-E4M3, kernel arithmetic unchanged",fp8_e4m3,kernel,kernel,kernel,1440,0.9874118449988625,0.005121815468933311,0.9936660561660562,0.9999513910360508,0.3990384615384615,0.36778846153846156,0.0012789694280078896,0.0,0.0015794721475532042,0.0013103018926396578,0.3021085113286972,0.9617530703544617,0.30224114656448364,-6.094574928283691e-06,0.00019676610827445984,-2.335727847560482e-05,0.0003299032620099184,0.0010921142092795853,0.47638888888888886,-0.0016832798719406128,276.19315403422985,0.24166666666666667,1.1492998623907624e-06,305.0,0,0,0.0,pool=kernel_fused_block_mean_bf16_read_fp32_acc_bf16_write,score=kernel_bf16_torch_matmul_acc_fp32_bf16_out,select=kernel_fused_topk_mask_fp32_bisect_index_order_ties
VA_FP8,11,0.95,intervention_a,"routing input quantized to FP8-E4M3, kernel arithmetic unchanged",fp8_e4m3,kernel,kernel,kernel,1440,0.9828211111662778,0.007893248715283518,0.9913361378205128,0.9999513910360508,0.27724358974358976,0.266025641025641,0.0008886012491781723,0.0,0.001779548850447531,0.0021111426042373306,0.38028740882873535,0.9416353404521942,0.37936288118362427,-1.0095536708831787e-05,0.0003495737910270691,-2.8144306790067932e-05,0.0004410468816585647,0.0013101637432555962,0.48194444444444445,-0.002871796488761902,284.4619926199262,0.20694444444444443,1.1492998623907624e-06,246.0,0,0,0.0,pool=kernel_fused_block_mean_bf16_read_fp32_acc_bf16_write,score=kernel_bf16_torch_matmul_acc_fp32_bf16_out,select=kernel_fused_topk_mask_fp32_bisect_index_order_ties
VA_FP8,12,0.8,intervention_a,"routing input quantized to FP8-E4M3, kernel arithmetic unchanged",fp8_e4m3,kernel,kernel,kernel,1440,0.9908878594126881,0.005994349032067969,0.995423076923077,0.9999684305749554,0.5721153846153846,0.5,0.0018337031558185405,0.0,0.0013872227680843308,0.0008430143736962916,0.19193696975708008,0.9826327562332153,0.19203152507543564,6.6980719566345215e-06,0.00013745762407779694,3.2365018078533495e-05,0.0003627571788492078,0.0011313243596095476,0.525,-0.0006142184138298035,91.7007786429366,0.3527777777777778,9.944296834873967e-07,356.0,0,0,0.0,pool=kernel_fused_block_mean_bf16_read_fp32_acc_bf16_write,score=kernel_bf16_torch_matmul_acc_fp32_bf16_out,select=kernel_fused_topk_mask_fp32_bisect_index_order_ties
VA_FP8,12,0.9,intervention_a,"routing input quantized to FP8-E4M3, kernel arithmetic unchanged",fp8_e4m3,kernel,kernel,kernel,1440,0.9863323441557639,0.007482470082928017,0.9931191493691494,0.9999684305749554,0.43349358974358976,0.3974358974358974,0.0013894025312294542,0.0,0.001641903047676999,0.0013075141217901527,0.2741558700799942,0.9662967622280121,0.27437329292297363,-4.1425228118896484e-06,0.000241059809923172,-1.326340878552794e-05,0.0004408237897173597,0.0013251122435599554,0.4909722222222222,-0.00224168598651886,541.1402877697842,0.26319444444444445,9.944296834873967e-07,308.5,0,0,0.0,pool=kernel_fused_block_mean_bf16_read_fp32_acc_bf16_write,score=kernel_bf16_torch_matmul_acc_fp32_bf16_out,select=kernel_fused_topk_mask_fp32_bisect_index_order_ties
VA_FP8,12,0.95,intervention_a,"routing input quantized to FP8-E4M3, kernel arithmetic unchanged",fp8_e4m3,kernel,kernel,kernel,1440,0.981837129670984,0.00926315313434034,0.9908353365384616,0.9999684305749554,0.2932692307692308,0.28125,0.000939965483234714,0.0,0.0017854976690423303,0.0021572527494809505,0.3342325836420059,0.9528756141662598,0.3342687636613846,-2.16066837310791e-06,0.00029947608709335327,-5.694095284172244e-06,0.00046148742157027165,0.0015702165499279798,0.4965277777777778,-0.003751412034034729,1736.2275862068966,0.22361111111111112,9.944296834873967e-07,237.0,0,0,0.0,pool=kernel_fused_block_mean_bf16_read_fp32_acc_bf16_write,score=kernel_bf16_torch_matmul_acc_fp32_bf16_out,select=kernel_fused_topk_mask_fp32_bisect_index_order_ties
VA_FP8,13,0.8,intervention_a,"routing input quantized to FP8-E4M3, kernel arithmetic unchanged",fp8_e4m3,kernel,kernel,kernel,1440,0.9904560185775895,0.00416983445376129,0.9952051282051282,0.9999569507416485,0.5993589743589743,0.5160256410256411,0.0019210223537146614,0.0,0.0015090006994366017,0.0008332046917559409,0.20876424759626389,0.9798233807086945,0.20873186737298965,6.2659382820129395e-06,0.00011270493268966675,3.1267303472517356e-05,0.0002697052424699768,0.0008230487937185397,0.5361111111111111,-0.0007775723934173584,124.09512485136742,0.275,8.803148148217588e-07,380.0,0,24,0.00013354700854700856,pool=kernel_fused_block_mean_bf16_read_fp32_acc_bf16_write,score=kernel_bf16_torch_matmul_acc_fp32_bf16_out,select=kernel_fused_topk_mask_fp32_bisect_index_order_ties
VA_FP8,13,0.9,intervention_a,"routing input quantized to FP8-E4M3, kernel arithmetic unchanged",fp8_e4m3,kernel,kernel,kernel,1440,0.9862319850584005,0.006769811341780563,0.9930682743182744,0.9999569507416485,0.43669871794871795,0.3974358974358974,0.0013996753780407627,0.0,0.001809574592920595,0.0012797088526428544,0.28251828253269196,0.9659320414066315,0.2824755311012268,-1.9073486328125e-06,0.0001875646412372589,-6.607745230803863e-06,0.0003333594784005528,0.0009551656867257185,0.4965277777777778,-0.0016281157732009888,853.6015625,0.22430555555555556,8.803148148217588e-07,342.0,0,0,0.0,pool=kernel_fused_block_mean_bf16_read_fp32_acc_bf16_write,score=kernel_bf16_torch_matmul_acc_fp32_bf16_out,select=kernel_fused_topk_mask_fp32_bisect_index_order_ties
VA_FP8,13,0.95,intervention_a,"routing input quantized to FP8-E4M3, kernel arithmetic unchanged",fp8_e4m3,kernel,kernel,kernel,1440,0.981738785232235,0.009652216492245569,0.9907852564102564,0.9999569507416485,0.2948717948717949,0.28205128205128205,0.0009451019066403682,0.0,0.0019840879446247697,0.002044490563726991,0.356386661529541,0.9486788213253021,0.35657934844493866,-2.294778823852539e-06,0.00033726543188095093,-6.291619984514621e-06,0.00047468309187995313,0.0013379470221373936,0.4965277777777778,-0.0024835914373397827,1082.2792207792209,0.19583333333333333,8.803148148217588e-07,276.0,0,0,0.0,pool=kernel_fused_block_mean_bf16_read_fp32_acc_bf16_write,score=kernel_bf16_torch_matmul_acc_fp32_bf16_out,select=kernel_fused_topk_mask_fp32_bisect_index_order_ties
VA_FP8,14,0.8,intervention_a,"routing input quantized to FP8-E4M3, kernel arithmetic unchanged",fp8_e4m3,kernel,kernel,kernel,1440,0.9913580168927791,0.0029982119911636795,0.9956602564102564,0.9999548277210666,0.5424679487179487,0.4807692307692308,0.0017386793228139383,0.0,0.0013186975994047383,0.0008652489188367411,0.2191605418920517,0.9783837497234344,0.21915050595998764,-1.2516975402832031e-06,0.00013037770986557007,-3.21936549525454e-06,0.0002801655078212709,0.0008802315624187174,0.49027777777777776,-0.0007597580552101135,606.9821428571429,0.2847222222222222,9.618254352972144e-07,340.0,0,12,0.00013354700854700856,pool=kernel_fused_block_mean_bf16_read_fp32_acc_bf16_write,score=kernel_bf16_torch_matmul_acc_fp32_bf16_out,select=kernel_fused_topk_mask_fp32_bisect_index_order_ties
VA_FP8,14,0.9,intervention_a,"routing input quantized to FP8-E4M3, kernel arithmetic unchanged",fp8_e4m3,kernel,kernel,kernel,1440,0.9874118449988625,0.00513174222686319,0.9936660561660562,0.9999548277210666,0.3990384615384615,0.3701923076923077,0.0012789694280078896,0.0,0.0016325839803029954,0.0013359583605637758,0.3081863671541214,0.9592300057411194,0.3084939867258072,-1.0579824447631836e-06,0.0002154521644115448,-3.282593547402486e-06,0.00036332498244849,0.0011621821944283984,0.49930555555555556,-0.002612009644508362,2468.8591549295775,0.21319444444444444,9.618254352972144e-07,304.5,0,0,0.0,pool=kernel_fused_block_mean_bf16_read_fp32_acc_bf16_write,score=kernel_bf16_torch_matmul_acc_fp32_bf16_out,select=kernel_fused_topk_mask_fp32_bisect_index_order_ties
VA_FP8,14,0.95,intervention_a,"routing input quantized to FP8-E4M3, kernel arithmetic unchanged",fp8_e4m3,kernel,kernel,kernel,1440,0.9830180247281395,0.008358484881800687,0.9914362980769231,0.9999548277210666,0.2740384615384615,0.26121794871794873,0.0008783284023668639,0.0,0.0018423332859603932,0.0021446424140944675,0.38555361330509186,0.9421964883804321,0.3856319934129715,-1.989305019378662e-05,0.0003082938492298126,-5.343545734779431e-05,0.0004192716618693762,0.0013821257146187718,0.47152777777777777,-0.00421789288520813,212.02846441947565,0.19166666666666668,9.618254352972144e-07,247.0,0,0,0.0,pool=kernel_fused_block_mean_bf16_read_fp32_acc_bf16_write,score=kernel_bf16_torch_matmul_acc_fp32_bf16_out,select=kernel_fused_topk_mask_fp32_bisect_index_order_ties
VA_FP8,15,0.8,intervention_a,"routing input quantized to FP8-E4M3, kernel arithmetic unchanged",fp8_e4m3,kernel,kernel,kernel,1440,0.989884752589026,0.005504742719291911,0.9949166666666667,0.9999662038455366,0.6354166666666666,0.5384615384615384,0.00203659188034188,0.0,0.0014669682409891405,0.0008185961273645696,0.24102341383695602,0.9736528992652893,0.24100950360298157,2.428889274597168e-06,0.00013487786054611206,1.1507089029944055e-05,0.0003069899512000297,0.0008853643362299156,0.5125,-0.0009010434150695801,370.96932515337426,0.3173611111111111,9.781275593923056e-07,365.0,0,0,0.0,pool=kernel_fused_block_mean_bf16_read_fp32_acc_bf16_write,score=kernel_bf16_torch_matmul_acc_fp32_bf16_out,select=kernel_fused_topk_mask_fp32_bisect_index_order_ties
VA_FP8,15,0.9,intervention_a,"routing input quantized to FP8-E4M3, kernel arithmetic unchanged",fp8_e4m3,kernel,kernel,kernel,1440,0.9852540147459853,0.00841425178343369,0.9925722425722425,0.9999662038455366,0.46794871794871795,0.4230769230769231,0.001499835634451019,0.0,0.0017242575999886843,0.0012655714234086997,0.3525668978691101,0.9480240046977997,0.352523609995842,-1.4215707778930664e-05,0.00023882463574409485,-4.157137885417786e-05,0.000362291860184051,0.0011087583974796614,0.4618055555555556,-0.002512827515602112,176.76415094339623,0.2520833333333333,9.781275593923056e-07,329.0,0,0,0.0,pool=kernel_fused_block_mean_bf16_read_fp32_acc_bf16_write,score=kernel_bf16_torch_matmul_acc_fp32_bf16_out,select=kernel_fused_topk_mask_fp32_bisect_index_order_ties
VA_FP8,15,0.95,intervention_a,"routing input quantized to FP8-E4M3, kernel arithmetic unchanged",fp8_e4m3,kernel,kernel,kernel,1440,0.9800684218354901,0.012160404586165519,0.9899338942307693,0.9999662038455366,0.3221153846153846,0.30448717948717946,0.0010324211045364892,0.0,0.0019702835137393833,0.002019700226023588,0.459450826048851,0.9204348623752594,0.4593591094017029,-1.3202428817749023e-05,0.00042082369327545166,-3.725638194744349e-05,0.000500240672692539,0.0013792878156183087,0.48680555555555555,-0.004130512475967407,312.86004514672686,0.23055555555555557,9.781275593923056e-07,273.0,0,0,0.0,pool=kernel_fused_block_mean_bf16_read_fp32_acc_bf16_write,score=kernel_bf16_torch_matmul_acc_fp32_bf16_out,select=kernel_fused_topk_mask_fp32_bisect_index_order_ties
VA_FP8,16,0.8,intervention_a,"routing input quantized to FP8-E4M3, kernel arithmetic unchanged",fp8_e4m3,kernel,kernel,kernel,1440,0.9909386765362772,0.0048482769589636154,0.9954487179487179,0.9999610446782761,0.5689102564102564,0.4983974358974359,0.0018234303090072321,0.0,0.0013516516701496104,0.0008458046543802326,0.1950174793601036,0.9827795326709747,0.1949498951435089,-2.171844244003296e-06,0.0001440085470676422,-8.6322392112352e-06,0.0003615549813428734,0.0010884350478141311,0.49375,-0.0006792396306991577,312.74785591766727,0.3090277777777778,9.12919063011941e-07,359.5,0,12,0.00013354700854700856,pool=kernel_fused_block_mean_bf16_read_fp32_acc_bf16_write,score=kernel_bf16_torch_matmul_acc_fp32_bf16_out,select=kernel_fused_topk_mask_fp32_bisect_index_order_ties
VA_FP8,16,0.9,intervention_a,"routing input quantized to FP8-E4M3, kernel arithmetic unchanged",fp8_e4m3,kernel,kernel,kernel,1440,0.9870602507076426,0.008121117508444242,0.9934879934879934,0.9999610446782761,0.41025641025641024,0.3798076923076923,0.0013149243918474688,0.0,0.0016729829640090455,0.001306599479886516,0.2841792106628418,0.9650654196739197,0.28412385284900665,-5.334615707397461e-06,0.00023665279150009155,-1.8983688892190327e-05,0.00041452262499263703,0.001232328036310012,0.48819444444444443,-0.0019559934735298157,366.6606145251397,0.22291666666666668,9.12919063011941e-07,321.0,0,12,0.00013354700854700856,pool=kernel_fused_block_mean_bf16_read_fp32_acc_bf16_write,score=kernel_bf16_torch_matmul_acc_fp32_bf16_out,select=kernel_fused_topk_mask_fp32_bisect_index_order_ties
VA_FP8,16,0.95,intervention_a,"routing input quantized to FP8-E4M3, kernel arithmetic unchanged",fp8_e4m3,kernel,kernel,kernel,1440,0.983411969207847,0.012987332935407214,0.9916366185897436,0.9999610446782761,0.2676282051282051,0.2564102564102564,0.0008577827087442472,0.0,0.0018902618043264148,0.0021361789623583075,0.3596687912940979,0.9472618997097015,0.36057430505752563,7.6070427894592285e-06,0.0003507845103740692,2.141895157403031e-05,0.0005056753379985333,0.001763741299441458,0.5090277777777777,-0.0035701394081115723,469.32027424094025,0.17916666666666667,9.12919063011941e-07,257.0,0,0,0.0,pool=kernel_fused_block_mean_bf16_read_fp32_acc_bf16_write,score=kernel_bf16_torch_matmul_acc_fp32_bf16_out,select=kernel_fused_topk_mask_fp32_bisect_index_order_ties
VA_FP8,17,0.8,intervention_a,"routing input quantized to FP8-E4M3, kernel arithmetic unchanged",fp8_e4m3,kernel,kernel,kernel,1440,0.9920318725099602,0.0017295479125124524,0.996,0.9999609629235201,0.5,0.453525641025641,0.0016025641025641025,0.0,0.0010434854408505785,0.0008408049330861039,0.14779075980186462,0.9896058738231659,0.14778384566307068,3.986060619354248e-06,0.00014290772378444672,2.8304019901545532e-05,0.0004066926253129946,0.0012585406010710003,0.5138888888888888,-1.5560537576675415e-05,3.9037383177570093,0.49236111111111114,1.2063572967235814e-06,254.0,0,0,0.0,pool=kernel_fused_block_mean_bf16_read_fp32_acc_bf16_write,score=kernel_bf16_torch_matmul_acc_fp32_bf16_out,select=kernel_fused_topk_mask_fp32_bisect_index_order_ties
VA_FP8,17,0.9,intervention_a,"routing input quantized to FP8-E4M3, kernel arithmetic unchanged",fp8_e4m3,kernel,kernel,kernel,1440,0.9889200880321772,0.0027667220626571565,0.994429181929182,0.9999609629235201,0.35096153846153844,0.3317307692307692,0.0011248767258382644,0.0,0.0012325174066820373,0.0013418119786084192,0.19974260032176971,0.98166224360466,0.1996692270040512,7.525086402893066e-06,0.0002164095640182495,2.8999797689869265e-05,0.0004855497244132565,0.0016099282601373035,0.5138888888888888,-0.0005162954330444336,68.609900990099,0.4048611111111111,1.2063572967235814e-06,244.0,0,12,0.00013354700854700856,pool=kernel_fused_block_mean_bf16_read_fp32_acc_bf16_write,score=kernel_bf16_torch_matmul_acc_fp32_bf16_out,select=kernel_fused_topk_mask_fp32_bisect_index_order_ties
VA_FP8,17,0.95,intervention_a,"routing input quantized to FP8-E4M3, kernel arithmetic unchanged",fp8_e4m3,kernel,kernel,kernel,1440,0.9862727544016712,0.00483711027490874,0.9930889423076923,0.9999609629235201,0.22115384615384615,0.21474358974358973,0.0007088264299802762,0.0,0.0014599632379925988,0.002260783104916073,0.25536632537841797,0.9712448716163635,0.2555399239063263,3.427267074584961e-07,0.0003233663737773895,1.1825772450845384e-06,0.0005324481588856301,0.0018555880088041168,0.5006944444444444,-0.001131199300289154,3300.586956521739,0.3458333333333333,1.2063572967235814e-06,201.0,0,0,0.0,pool=kernel_fused_block_mean_bf16_read_fp32_acc_bf16_write,score=kernel_bf16_torch_matmul_acc_fp32_bf16_out,select=kernel_fused_topk_mask_fp32_bisect_index_order_ties
VA_FP8,18,0.8,intervention_a,"routing input quantized to FP8-E4M3, kernel arithmetic unchanged",fp8_e4m3,kernel,kernel,kernel,1440,0.9904814157937044,0.0027170873530422135,0.9952179487179487,0.9999492865332482,0.5977564102564102,0.5200320512820513,0.0019158859303090073,0.0,0.0013810211182366404,0.000844815549368149,0.4162363111972809,0.9465453028678894,0.4162144064903259,-1.0192394256591797e-05,0.0002553500235080719,-3.1722980215800854e-05,0.0003944984624936596,0.0012501416699004396,0.47638888888888886,-0.0003195330500602722,31.35014619883041,0.43819444444444444,1.2226594208186725e-06,355.5,0,0,0.0,pool=kernel_fused_block_mean_bf16_read_fp32_acc_bf16_write,score=kernel_bf16_torch_matmul_acc_fp32_bf16_out,select=kernel_fused_topk_mask_fp32_bisect_index_order_ties
VA_FP8,18,0.9,intervention_a,"routing input quantized to FP8-E4M3, kernel arithmetic unchanged",fp8_e4m3,kernel,kernel,kernel,1440,0.9862068965517241,0.004112960809245503,0.9930555555555556,0.9999492865332482,0.4375,0.40224358974358976,0.0014022435897435897,0.0,0.001716524293050927,0.0013204970096601404,0.5467773675918579,0.909506767988205,0.5466905832290649,1.9371509552001953e-06,0.0003741532564163208,4.847124910874191e-06,0.0004158852842644586,0.0012443621309248037,0.5041666666666667,-0.0008080080151557922,417.1115384615385,0.4270833333333333,1.2226594208186725e-06,314.0,0,0,0.0,pool=kernel_fused_block_mean_bf16_read_fp32_acc_bf16_write,score=kernel_bf16_torch_matmul_acc_fp32_bf16_out,select=kernel_fused_topk_mask_fp32_bisect_index_order_ties
VA_FP8,18,0.95,intervention_a,"routing input quantized to FP8-E4M3, kernel arithmetic unchanged",fp8_e4m3,kernel,kernel,kernel,1440,0.981837129670984,0.006093438027188092,0.9908353365384616,0.9999492865332482,0.2932692307692308,0.28044871794871795,0.000939965483234714,0.0,0.0019775896030668205,0.0021557764826145662,0.6648033857345581,0.870539128780365,0.6646862626075745,-1.004338264465332e-05,0.0005343928933143616,-1.69630332963857e-05,0.00045338635813700113,0.0014060251854280837,0.4875,-0.0011971592903137207,119.19881305637982,0.4173611111111111,1.2226594208186725e-06,254.0,0,0,0.0,pool=kernel_fused_block_mean_bf16_read_fp32_acc_bf16_write,score=kernel_bf16_torch_matmul_acc_fp32_bf16_out,select=kernel_fused_topk_mask_fp32_bisect_index_order_ties
VA_FP8,19,0.8,intervention_a,"routing input quantized to FP8-E4M3, kernel arithmetic unchanged",fp8_e4m3,kernel,kernel,kernel,1440,0.9917266738164547,0.0031324566979541446,0.9958461538461538,0.9999415079042806,0.5192307692307692,0.46314102564102566,0.0016642011834319527,0.0,0.001146050784619226,0.0008357005606032608,0.1637805551290512,0.9877957403659821,0.16385933011770248,7.338821887969971e-07,0.00012719258666038513,7.5507486484790546e-06,0.00039999029051255707,0.0012815644844633872,0.5048611111111111,-0.00035092607140541077,478.1776649746193,0.42569444444444443,1.4427380961024028e-06,314.0,0,60,0.00013354700854700856,pool=kernel_fused_block_mean_bf16_read_fp32_acc_bf16_write,score=kernel_bf16_torch_matmul_acc_fp32_bf16_out,select=kernel_fused_topk_mask_fp32_bisect_index_order_ties
VA_FP8,19,0.9,intervention_a,"routing input quantized to FP8-E4M3, kernel arithmetic unchanged",fp8_e4m3,kernel,kernel,kernel,1440,0.9885176661018236,0.005539195970748478,0.9942256817256817,0.9999415079042806,0.36378205128205127,0.34294871794871795,0.0011659681130834977,0.0,0.0014329581729274768,0.0013151191537665568,0.22700130939483643,0.9776172339916229,0.22712009400129318,-1.2442469596862793e-06,0.00019688159227371216,-6.795532879695608e-06,0.0004330705491458494,0.0014906243696941961,0.4951388888888889,-0.0007414445281028748,595.8982035928144,0.38263888888888886,1.4427380961024028e-06,282.5,0,0,0.0,pool=kernel_fused_block_mean_bf16_read_fp32_acc_bf16_write,score=kernel_bf16_torch_matmul_acc_fp32_bf16_out,select=kernel_fused_topk_mask_fp32_bisect_index_order_ties
VA_FP8,19,0.95,intervention_a,"routing input quantized to FP8-E4M3, kernel arithmetic unchanged",fp8_e4m3,kernel,kernel,kernel,1440,0.9846933704403141,0.008372604705988107,0.9922876602564102,0.9999415079042806,0.24679487179487178,0.2403846153846154,0.0007910092044707429,0.0,0.0016568773711493115,0.002206270841639388,0.28231845796108246,0.9686585068702698,0.2825497090816498,6.381422281265259e-06,0.0002859048545360565,2.207366720125619e-05,0.0005120732185365652,0.0017366229610568755,0.5125,-0.0011614561080932617,182.00583771161703,0.34652777777777777,1.4427380961024028e-06,224.5,0,0,0.0,pool=kernel_fused_block_mean_bf16_read_fp32_acc_bf16_write,score=kernel_bf16_torch_matmul_acc_fp32_bf16_out,select=kernel_fused_topk_mask_fp32_bisect_index_order_ties
VA_FP8,2,0.8,intervention_a,"routing input quantized to FP8-E4M3, kernel arithmetic unchanged",fp8_e4m3,kernel,kernel,kernel,1440,0.9905322121703181,0.0022096712576402666,0.9952435897435897,0.9999455679300558,0.594551282051282,0.5144230769230769,0.0019056130834976988,0.0,0.0012828572253878612,0.0008350676344624959,0.14059743285179138,0.9904057681560516,0.14060808718204498,1.3571232557296753e-05,0.00014424510300159454,8.965225764354237e-05,0.000489364209051569,0.0017564310398181105,0.5430555555555555,-1.8753111362457275e-05,1.3818281636014274,0.49583333333333335,6.382282208505785e-06,260.0,0,0,0.0,pool=kernel_fused_block_mean_bf16_read_fp32_acc_bf16_write,score=kernel_bf16_torch_matmul_acc_fp32_bf16_out,select=kernel_fused_topk_mask_fp32_bisect_index_order_ties
VA_FP8,2,0.9,intervention_a,"routing input quantized to FP8-E4M3, kernel arithmetic unchanged",fp8_e4m3,kernel,kernel,kernel,1440,0.9858055716919657,0.0039625864130585775,0.9928520553520553,0.9999455679300558,0.45032051282051283,0.41185897435897434,0.001443334976988823,0.0,0.00141753601311011,0.0012332712924069547,0.20347964763641357,0.9804272949695587,0.20354214310646057,-1.4528632164001465e-06,0.00025895796716213226,-6.64087585173504e-06,0.0006107972340971209,0.0022905369644103052,0.4965277777777778,-0.0006909072399139404,475.5487179487179,0.43819444444444444,6.382282208505785e-06,264.0,0,0,0.0,pool=kernel_fused_block_mean_bf16_read_fp32_acc_bf16_write,score=kernel_bf16_torch_matmul_acc_fp32_bf16_out,select=kernel_fused_topk_mask_fp32_bisect_index_order_ties
VA_FP8,2,0.95,intervention_a,"routing input quantized to FP8-E4M3, kernel arithmetic unchanged",fp8_e4m3,kernel,kernel,kernel,1440,0.9815421256326288,0.005308764960638812,0.9906850961538461,0.9999455679300558,0.2980769230769231,0.28525641025641024,0.0009553747534516765,0.0,0.0015846803477726663,0.001968827157948042,0.256741464138031,0.9698362648487091,0.2570823132991791,7.674098014831543e-07,0.0003806985914707184,2.6601003418558332e-06,0.000705158212228476,0.002510378059402197,0.5006944444444444,-0.0011950507760047913,1557.2524271844661,0.41805555555555557,6.382282208505785e-06,215.5,0,0,0.0,pool=kernel_fused_block_mean_bf16_read_fp32_acc_bf16_write,score=kernel_bf16_torch_matmul_acc_fp32_bf16_out,select=kernel_fused_topk_mask_fp32_bisect_index_order_ties
VA_FP8,20,0.8,intervention_a,"routing input quantized to FP8-E4M3, kernel arithmetic unchanged",fp8_e4m3,kernel,kernel,kernel,1440,0.991421568627451,0.0020649929488562035,0.9956923076923077,0.999957755318736,0.5384615384615384,0.4807692307692308,0.0017258382642998027,0.0,0.0011406162655828926,0.000839242237067129,0.13902109116315842,0.9911069869995117,0.1389370858669281,1.8477439880371094e-06,0.00012188591063022614,1.2751045807472179e-05,0.0004335209127112519,0.0013269753224778478,0.5090277777777777,0.0009298138320446014,503.2157258064516,0.5923611111111111,2.3801104589438182e-06,280.0,0,0,0.0,pool=kernel_fused_block_mean_bf16_read_fp32_acc_bf16_write,score=kernel_bf16_torch_matmul_acc_fp32_bf16_out,select=kernel_fused_topk_mask_fp32_bisect_index_order_ties
VA_FP8,20,0.9,intervention_a,"routing input quantized to FP8-E4M3, kernel arithmetic unchanged",fp8_e4m3,kernel,kernel,kernel,1440,0.9867589831707687,0.004317954861316697,0.9933353683353683,0.999957755318736,0.4198717948717949,0.38621794871794873,0.0013457429322813938,0.0,0.0013218321426276523,0.0012480508840945798,0.1959313005208969,0.9834489822387695,0.19621066004037857,-1.2129545211791992e-05,0.00018903613090515137,-3.950123239962902e-05,0.0004896349995200352,0.0019061787705152455,0.47291666666666665,0.00027405470609664917,22.593980343980345,0.5194444444444445,2.3801104589438182e-06,263.0,0,0,0.0,pool=kernel_fused_block_mean_bf16_read_fp32_acc_bf16_write,score=kernel_bf16_torch_matmul_acc_fp32_bf16_out,select=kernel_fused_topk_mask_fp32_bisect_index_order_ties
VA_FP8,20,0.95,intervention_a,"routing input quantized to FP8-E4M3, kernel arithmetic unchanged",fp8_e4m3,kernel,kernel,kernel,1440,0.9847920083494857,0.005225221088523524,0.9923377403846154,0.999957755318736,0.24519230769230768,0.23717948717948717,0.0007858727810650888,0.0,0.0016111637470527045,0.002230172842300515,0.24157501757144928,0.9759426116943359,0.24135667830705643,5.707144737243652e-06,0.0002880692481994629,2.2070339686246742e-05,0.000618103498690425,0.002053302780116223,0.5090277777777777,-0.00015485286712646484,27.133159268929504,0.49236111111111114,2.3801104589438182e-06,210.0,0,0,0.0,pool=kernel_fused_block_mean_bf16_read_fp32_acc_bf16_write,score=kernel_bf16_torch_matmul_acc_fp32_bf16_out,select=kernel_fused_topk_mask_fp32_bisect_index_order_ties
VA_FP8,21,0.8,intervention_a,"routing input quantized to FP8-E4M3, kernel arithmetic unchanged",fp8_e4m3,kernel,kernel,kernel,1440,0.9913707268503154,0.0022109123531857122,0.9956666666666667,0.9999623861431515,0.5416666666666666,0.4807692307692308,0.001736111111111111,0.0,0.0012149125786581694,0.0008485192557293597,0.16667739301919937,0.9872412085533142,0.16669340431690216,-2.1085143089294434e-06,0.00014306791126728058,-1.479272377031239e-05,0.0004164364788317392,0.0012939794478206907,0.48819444444444443,0.0005514174699783325,261.51943462897526,0.5583333333333333,1.5079465924827673e-06,298.5,0,72,0.00013354700854700856,pool=kernel_fused_block_mean_bf16_read_fp32_acc_bf16_write,score=kernel_bf16_torch_matmul_acc_fp32_bf16_out,select=kernel_fused_topk_mask_fp32_bisect_index_order_ties
VA_FP8,21,0.9,intervention_a,"routing input quantized to FP8-E4M3, kernel arithmetic unchanged",fp8_e4m3,kernel,kernel,kernel,1440,0.9874118449988625,0.003616309986251287,0.9936660561660562,0.9999623861431515,0.3990384615384615,0.3717948717948718,0.0012789694280078896,0.0,0.0014866709066089358,0.0013016771532266278,0.248463936150074,0.9762310087680817,0.2483912780880928,-1.0505318641662598e-05,0.0002245008945465088,-4.012419041259513e-05,0.0004758397765784421,0.001565916692267507,0.4708333333333333,0.00016573816537857056,15.77659574468085,0.5104166666666666,1.5079465924827673e-06,277.0,0,0,0.0,pool=kernel_fused_block_mean_bf16_read_fp32_acc_bf16_write,score=kernel_bf16_torch_matmul_acc_fp32_bf16_out,select=kernel_fused_topk_mask_fp32_bisect_index_order_ties
VA_FP8,21,0.95,intervention_a,"routing input quantized to FP8-E4M3, kernel arithmetic unchanged",fp8_e4m3,kernel,kernel,kernel,1440,0.9841017488076311,0.005149552753449194,0.9919871794871795,0.9999623861431515,0.2564102564102564,0.2467948717948718,0.000821827744904668,0.0,0.0016612615814144424,0.002183586320617961,0.3058478385210037,0.9652134776115417,0.3057820498943329,-4.857778549194336e-06,0.0003200843930244446,-1.7982571403138745e-05,0.0005168729604512407,0.001782343154929291,0.49375,-0.0002480149269104004,51.05521472392638,0.48125,1.5079465924827673e-06,233.0,0,0,0.0,pool=kernel_fused_block_mean_bf16_read_fp32_acc_bf16_write,score=kernel_bf16_torch_matmul_acc_fp32_bf16_out,select=kernel_fused_topk_mask_fp32_bisect_index_order_ties
VA_FP8,22,0.8,intervention_a,"routing input quantized to FP8-E4M3, kernel arithmetic unchanged",fp8_e4m3,kernel,kernel,kernel,1440,0.9895167769828213,0.005224433583642885,0.9947307692307692,0.9999384752426059,0.6586538461538461,0.5512820512820513,0.002111070019723866,0.0,0.0015202661932319675,0.0008308774238797156,0.2857773154973984,0.9697090685367584,0.28586331009864807,1.8775463104248047e-06,0.00019687041640281677,1.1340466097203066e-05,0.0003831573920332643,0.0011819587317217725,0.50625,-0.000700831413269043,373.26984126984127,0.3854166666666667,1.157450924438308e-06,380.0,0,12,0.00013354700854700856,pool=kernel_fused_block_mean_bf16_read_fp32_acc_bf16_write,score=kernel_bf16_torch_matmul_acc_fp32_bf16_out,select=kernel_fused_topk_mask_fp32_bisect_index_order_ties
VA_FP8,22,0.9,intervention_a,"routing input quantized to FP8-E4M3, kernel arithmetic unchanged",fp8_e4m3,kernel,kernel,kernel,1440,0.9850034083162917,0.007875686608984078,0.992445054945055,0.9999384752426059,0.47596153846153844,0.42788461538461536,0.00152551775147929,0.0,0.00177804202098201,0.0012806579444236154,0.4388113468885422,0.9423502087593079,0.43934834003448486,-1.2576580047607422e-05,0.00033574178814888,-4.192208581295342e-05,0.00042078254465044017,0.0013517721629582012,0.4708333333333333,-0.0019449889659881592,154.65165876777252,0.34305555555555556,1.157450924438308e-06,334.0,0,24,0.00013354700854700856,pool=kernel_fused_block_mean_bf16_read_fp32_acc_bf16_write,score=kernel_bf16_torch_matmul_acc_fp32_bf16_out,select=kernel_fused_topk_mask_fp32_bisect_index_order_ties
VA_FP8,22,0.95,intervention_a,"routing input quantized to FP8-E4M3, kernel arithmetic unchanged",fp8_e4m3,kernel,kernel,kernel,1440,0.9798720935997224,0.01117749477593688,0.9898337339743589,0.9999384752426059,0.32532051282051283,0.3060897435897436,0.0010426939513477976,0.0,0.0020743595054879644,0.0020520353644899176,0.5424056351184845,0.9139112234115601,0.542433112859726,6.094574928283691e-06,0.0005250759422779083,1.4506447528366778e-05,0.0005173045702562537,0.0015779030943486045,0.5041666666666667,-0.002909153699874878,477.33496332518337,0.3368055555555556,1.157450924438308e-06,281.0,0,0,0.0,pool=kernel_fused_block_mean_bf16_read_fp32_acc_bf16_write,score=kernel_bf16_torch_matmul_acc_fp32_bf16_out,select=kernel_fused_topk_mask_fp32_bisect_index_order_ties
VA_FP8,23,0.8,intervention_a,"routing input quantized to FP8-E4M3, kernel arithmetic unchanged",fp8_e4m3,kernel,kernel,kernel,1440,0.9878055774044143,0.009101330131674357,0.9938653846153847,0.9999485777105619,0.766826923076923,0.6057692307692307,0.0024577785996055227,0.0,0.0017620361244434606,0.0007893059716835263,0.23008809983730316,0.9767470955848694,0.23004470765590668,1.6242265701293945e-06,0.00022001750767230988,9.975298566210887e-06,0.0004521548134600249,0.0018615517085949068,0.5041666666666667,-0.000491999089717865,302.91284403669727,0.4305555555555556,2.217089217992907e-06,418.0,0,24,0.00013354700854700856,pool=kernel_fused_block_mean_bf16_read_fp32_acc_bf16_write,score=kernel_bf16_torch_matmul_acc_fp32_bf16_out,select=kernel_fused_topk_mask_fp32_bisect_index_order_ties
VA_FP8,23,0.9,intervention_a,"routing input quantized to FP8-E4M3, kernel arithmetic unchanged",fp8_e4m3,kernel,kernel,kernel,1440,0.9833259762252021,0.012034936430426857,0.9915928978428978,0.9999485777105619,0.5296474358974359,0.4655448717948718,0.001697587935568705,0.0,0.0019398833447655099,0.0012406938712839592,0.3385299742221832,0.9558911621570587,0.33838512003421783,-1.1332333087921143e-05,0.00037093833088874817,-3.3910663878988376e-05,0.0005581084679625082,0.0019046317834446845,0.4798611111111111,-0.0012144595384597778,107.16765285996055,0.3854166666666667,2.217089217992907e-06,362.0,0,12,0.00013354700854700856,pool=kernel_fused_block_mean_bf16_read_fp32_acc_bf16_write,score=kernel_bf16_torch_matmul_acc_fp32_bf16_out,select=kernel_fused_topk_mask_fp32_bisect_index_order_ties
VA_FP8,23,0.95,intervention_a,"routing input quantized to FP8-E4M3, kernel arithmetic unchanged",fp8_e4m3,kernel,kernel,kernel,1440,0.979381443298969,0.014579630151025147,0.9895833333333334,0.9999485777105619,0.3333333333333333,0.3125,0.0010683760683760685,0.0,0.0021746049361546713,0.002065555247318861,0.41508638858795166,0.935134768486023,0.4146086573600769,3.7848949432373047e-06,0.00046009570360183716,6.7395353156615386e-06,0.0005765056464008799,0.0019743172552544354,0.5069444444444444,-0.0018001198768615723,475.6062992125984,0.3680555555555556,2.217089217992907e-06,274.0,0,0,0.0,pool=kernel_fused_block_mean_bf16_read_fp32_acc_bf16_write,score=kernel_bf16_torch_matmul_acc_fp32_bf16_out,select=kernel_fused_topk_mask_fp32_bisect_index_order_ties
VA_FP8,24,0.8,intervention_a,"routing input quantized to FP8-E4M3, kernel arithmetic unchanged",fp8_e4m3,kernel,kernel,kernel,1440,0.9911165568999847,0.002692965087568111,0.9955384615384615,0.9999597771596619,0.5576923076923077,0.4911858974358974,0.0017874753451676529,0.0,0.0013307370655936063,0.0008448153449029855,0.34821318089962006,0.9614926874637604,0.3482593894004822,-9.179115295410156e-06,0.00021393224596977234,-3.9433552502332114e-05,0.0003767526177173208,0.0014956328517687985,0.47430555555555554,-0.00037435442209243774,40.78327922077922,0.4215277777777778,1.230810482866218e-06,330.0,0,12,0.00013354700854700856,pool=kernel_fused_block_mean_bf16_read_fp32_acc_bf16_write,score=kernel_bf16_torch_matmul_acc_fp32_bf16_out,select=kernel_fused_topk_mask_fp32_bisect_index_order_ties
VA_FP8,24,0.9,intervention_a,"routing input quantized to FP8-E4M3, kernel arithmetic unchanged",fp8_e4m3,kernel,kernel,kernel,1440,0.9872109187413117,0.0046306197896670565,0.993564306064306,0.9999597771596619,0.40544871794871795,0.375,0.0012995151216305062,0.0,0.0015592870380464604,0.001305074857613921,0.47426748275756836,0.9316347539424896,0.4742249846458435,1.7285346984863281e-06,0.0003347918391227722,5.3878408382811154e-06,0.00036592620340739827,0.0012692598971277135,0.5055555555555555,-0.0008229464292526245,476.0948275862069,0.3819444444444444,1.230810482866218e-06,296.0,0,24,0.00013354700854700856,pool=kernel_fused_block_mean_bf16_read_fp32_acc_bf16_write,score=kernel_bf16_torch_matmul_acc_fp32_bf16_out,select=kernel_fused_topk_mask_fp32_bisect_index_order_ties
VA_FP8,24,0.95,intervention_a,"routing input quantized to FP8-E4M3, kernel arithmetic unchanged",fp8_e4m3,kernel,kernel,kernel,1440,0.983411969207847,0.007182731512380247,0.9916366185897436,0.9999597771596619,0.2676282051282051,0.2564102564102564,0.0008577827087442472,0.0,0.00177111099500125,0.0021502425003505506,0.5639897286891937,0.908346027135849,0.5639987885951996,-7.808208465576172e-06,0.0003891363739967346,-1.4631321823779471e-05,0.000355839463728021,0.001208871769167444,0.48333333333333334,-0.0010837018489837646,138.79007633587787,0.3840277777777778,1.230810482866218e-06,238.0,0,0,0.0,pool=kernel_fused_block_mean_bf16_read_fp32_acc_bf16_write,score=kernel_bf16_torch_matmul_acc_fp32_bf16_out,select=kernel_fused_topk_mask_fp32_bisect_index_order_ties
VA_FP8,25,0.8,intervention_a,"routing input quantized to FP8-E4M3, kernel arithmetic unchanged",fp8_e4m3,kernel,kernel,kernel,1440,0.9895294636093803,0.006464753954399494,0.9947371794871795,0.9999317428235687,0.6578525641025641,0.5528846153846154,0.0021085018080210386,0.0,0.0014938364834992386,0.0008148939211686135,0.23054393380880356,0.9773319959640503,0.23047610372304916,-4.425644874572754e-06,0.0001561492681503296,-2.194167301379566e-05,0.00036833417410634094,0.001103733280415303,0.4847222222222222,-0.0009343475103378296,211.12121212121212,0.2951388888888889,1.1900551726284903e-06,383.0,0,0,0.0,pool=kernel_fused_block_mean_bf16_read_fp32_acc_bf16_write,score=kernel_bf16_torch_matmul_acc_fp32_bf16_out,select=kernel_fused_topk_mask_fp32_bisect_index_order_ties
VA_FP8,25,0.9,intervention_a,"routing input quantized to FP8-E4M3, kernel arithmetic unchanged",fp8_e4m3,kernel,kernel,kernel,1440,0.984251968503937,0.009204462913041112,0.9920634920634921,0.9999317428235687,0.5,0.44711538461538464,0.0016025641025641025,0.0,0.0017131027205614972,0.0012131482404637683,0.344682052731514,0.9541928768157959,0.3445001244544983,-4.954636096954346e-06,0.00024128705263137817,-1.8509765088460192e-05,0.0003646026059705552,0.0011207668883083334,0.48819444444444443,-0.0023336410522460938,471.0015037593985,0.24791666666666667,1.1900551726284903e-06,341.0,0,0,0.0,pool=kernel_fused_block_mean_bf16_read_fp32_acc_bf16_write,score=kernel_bf16_torch_matmul_acc_fp32_bf16_out,select=kernel_fused_topk_mask_fp32_bisect_index_order_ties
VA_FP8,25,0.95,intervention_a,"routing input quantized to FP8-E4M3, kernel arithmetic unchanged",fp8_e4m3,kernel,kernel,kernel,1440,0.9778129952456418,0.01254718171203495,0.9887820512820513,0.9999317428235687,0.358974358974359,0.3349358974358974,0.0011505588428665351,0.0,0.0019179332322233381,0.001897175296074452,0.4044754058122635,0.9385498464107513,0.40431395173072815,1.341104507446289e-06,0.0003389902412891388,3.2839353470752246e-06,0.00042526205670223604,0.001307625073788923,0.5020833333333333,-0.003982648253440857,2969.677777777778,0.22777777777777777,1.1900551726284903e-06,287.0,0,0,0.0,pool=kernel_fused_block_mean_bf16_read_fp32_acc_bf16_write,score=kernel_bf16_torch_matmul_acc_fp32_bf16_out,select=kernel_fused_topk_mask_fp32_bisect_index_order_ties
VA_FP8,26,0.8,intervention_a,"routing input quantized to FP8-E4M3, kernel arithmetic unchanged",fp8_e4m3,kernel,kernel,kernel,1440,0.9886544712856141,0.009516958377830953,0.9942948717948717,0.9999580996877087,0.7131410256410257,0.5753205128205128,0.0022857084155161076,0.0,0.0017733536679142836,0.0008261100874670728,0.1525842621922493,0.9890155792236328,0.15273969620466232,3.5278499126434326e-06,0.00013909116387367249,2.4156291694106295e-05,0.0005155455816485148,0.0015260549569281613,0.5194444444444445,-0.0006971433758735657,197.6114044350581,0.3548611111111111,1.3612274756269471e-06,415.0,0,0,0.0,pool=kernel_fused_block_mean_bf16_read_fp32_acc_bf16_write,score=kernel_bf16_torch_matmul_acc_fp32_bf16_out,select=kernel_fused_topk_mask_fp32_bisect_index_order_ties
VA_FP8,26,0.9,intervention_a,"routing input quantized to FP8-E4M3, kernel arithmetic unchanged",fp8_e4m3,kernel,kernel,kernel,1440,0.9828758057703213,0.013097698100306698,0.9913639601139601,0.9999580996877087,0.5440705128205128,0.46634615384615385,0.0017438157462195923,0.0,0.0021013772641240683,0.0012517190258136796,0.21806785464286804,0.9783191084861755,0.21795284003019333,-1.1116266250610352e-05,0.0002691056579351425,-5.7295516916202916e-05,0.0006315265051016097,0.0022162147212607952,0.47638888888888886,-0.0020613893866539,185.43900804289544,0.3034722222222222,1.3612274756269471e-06,371.0,0,0,0.0,pool=kernel_fused_block_mean_bf16_read_fp32_acc_bf16_write,score=kernel_bf16_torch_matmul_acc_fp32_bf16_out,select=kernel_fused_topk_mask_fp32_bisect_index_order_ties
VA_FP8,26,0.95,intervention_a,"routing input quantized to FP8-E4M3, kernel arithmetic unchanged",fp8_e4m3,kernel,kernel,kernel,1440,0.9777150497697222,0.016814435594330934,0.9887319711538461,0.9999580996877087,0.3605769230769231,0.33413461538461536,0.0011556952662721894,0.0,0.0022457607184015148,0.002035536916489282,0.27556975185871124,0.9670963287353516,0.27570781111717224,-6.556510925292969e-07,0.00039719417691230774,-1.5784637174795403e-06,0.0007495501390415197,0.00245752958237856,0.4986111111111111,-0.0036818310618400574,5615.534090909091,0.26875,1.3612274756269471e-06,306.5,0,0,0.0,pool=kernel_fused_block_mean_bf16_read_fp32_acc_bf16_write,score=kernel_bf16_torch_matmul_acc_fp32_bf16_out,select=kernel_fused_topk_mask_fp32_bisect_index_order_ties
VA_FP8,27,0.8,intervention_a,"routing input quantized to FP8-E4M3, kernel arithmetic unchanged",fp8_e4m3,kernel,kernel,kernel,1440,0.9909894962541319,0.006681053873755838,0.995474358974359,0.9999625109765915,0.5657051282051282,0.4951923076923077,0.0018131574621959238,0.0,0.0013019808587620024,0.0008404803698588484,0.13077855110168457,0.9916439056396484,0.1307222694158554,4.2654573917388916e-07,0.00016284361481666565,3.5428470095584056e-06,0.0006234774246291603,0.0021636442237890304,0.5020833333333333,-0.0002668537199497223,625.6157205240174,0.42569444444444443,4.05107812184724e-06,318.0,0,0,0.0,pool=kernel_fused_block_mean_bf16_read_fp32_acc_bf16_write,score=kernel_bf16_torch_matmul_acc_fp32_bf16_out,select=kernel_fused_topk_mask_fp32_bisect_index_order_ties
VA_FP8,27,0.9,intervention_a,"routing input quantized to FP8-E4M3, kernel arithmetic unchanged",fp8_e4m3,kernel,kernel,kernel,1440,0.9861567220734603,0.010522858254127243,0.993030118030118,0.9999625109765915,0.4391025641025641,0.40544871794871795,0.001407380013149244,0.0,0.001511091206315969,0.0013258647259176788,0.18920417875051498,0.9829026162624359,0.18899594992399216,-4.503875970840454e-06,0.00023209676146507263,-2.1364751814887534e-05,0.0006696173040726583,0.002345783126097552,0.4888888888888889,-0.0008083619177341461,179.48138957816377,0.3451388888888889,4.05107812184724e-06,286.0,0,12,0.00013354700854700856,pool=kernel_fused_block_mean_bf16_read_fp32_acc_bf16_write,score=kernel_bf16_torch_matmul_acc_fp32_bf16_out,select=kernel_fused_topk_mask_fp32_bisect_index_order_ties
VA_FP8,27,0.95,intervention_a,"routing input quantized to FP8-E4M3, kernel arithmetic unchanged",fp8_e4m3,kernel,kernel,kernel,1440,0.9820338478336393,0.01563609191633386,0.9909354967948718,0.9999625109765915,0.29006410256410253,0.27564102564102566,0.0009296926364234057,0.0,0.0017587239693671673,0.0021294859969438772,0.23754224181175232,0.9739578366279602,0.23759659379720688,3.6135315895080566e-06,0.00036115944385528564,3.167054662214432e-05,0.0007605773283441496,0.003421977878589756,0.5125,-0.0013026446104049683,360.49072164948456,0.30277777777777776,4.05107812184724e-06,239.0,0,0,0.0,pool=kernel_fused_block_mean_bf16_read_fp32_acc_bf16_write,score=kernel_bf16_torch_matmul_acc_fp32_bf16_out,select=kernel_fused_topk_mask_fp32_bisect_index_order_ties
VA_FP8,28,0.8,intervention_a,"routing input quantized to FP8-E4M3, kernel arithmetic unchanged",fp8_e4m3,kernel,kernel,kernel,1440,0.9906846168570153,0.005428570774925867,0.9953205128205128,0.9999338406028292,0.5849358974358975,0.5112179487179487,0.0018747945430637738,0.0,0.001315445991152465,0.0008230252172999092,0.11355871334671974,0.9936828017234802,0.11343913897871971,1.601874828338623e-06,0.00013914518058300018,1.0405088823412488e-05,0.000610864218449229,0.0028544339056423844,0.5069444444444444,-0.00028572045266628265,178.36627906976744,0.4340277777777778,0.00013922830112278461,311.0,0,0,0.0,pool=kernel_fused_block_mean_bf16_read_fp32_acc_bf16_write,score=kernel_bf16_torch_matmul_acc_fp32_bf16_out,select=kernel_fused_topk_mask_fp32_bisect_index_order_ties
VA_FP8,28,0.9,intervention_a,"routing input quantized to FP8-E4M3, kernel arithmetic unchanged",fp8_e4m3,kernel,kernel,kernel,1440,0.9863323441557639,0.009457210846617325,0.9931191493691494,0.9999338406028292,0.43349358974358976,0.39903846153846156,0.0013894025312294542,0.0,0.0015927731643134125,0.001244906607563445,0.15273113548755646,0.9885887205600739,0.15272367000579834,4.956498742103577e-06,0.00026399828493595123,2.1116502017824625e-05,0.0007876914945535575,0.004898709343829853,0.5118055555555555,-0.0005587264895439148,112.7260428410372,0.3993055555555556,0.00013922830112278461,292.0,0,0,0.0,pool=kernel_fused_block_mean_bf16_read_fp32_acc_bf16_write,score=kernel_bf16_torch_matmul_acc_fp32_bf16_out,select=kernel_fused_topk_mask_fp32_bisect_index_order_ties
VA_FP8,28,0.95,intervention_a,"routing input quantized to FP8-E4M3, kernel arithmetic unchanged",fp8_e4m3,kernel,kernel,kernel,1440,0.9815421256326288,0.016360385328020643,0.9906850961538461,0.9999338406028292,0.2980769230769231,0.28685897435897434,0.0009553747534516765,0.0,0.0018206218314089635,0.0020259607981325933,0.19332867115736008,0.9822943210601807,0.1929931789636612,-8.791685104370117e-06,0.0003592483699321747,-3.265186886563588e-05,0.0008647343788249124,0.004564838294977188,0.4722222222222222,-0.0010102242231369019,114.90677966101696,0.3909722222222222,0.00013922830112278461,249.5,0,0,0.0,pool=kernel_fused_block_mean_bf16_read_fp32_acc_bf16_write,score=kernel_bf16_torch_matmul_acc_fp32_bf16_out,select=kernel_fused_topk_mask_fp32_bisect_index_order_ties
VA_FP8,29,0.8,intervention_a,"routing input quantized to FP8-E4M3, kernel arithmetic unchanged",fp8_e4m3,kernel,kernel,kernel,1440,0.9913961474143763,0.0038734001197945345,0.9956794871794872,0.999953900445922,0.5400641025641025,0.4791666666666667,0.001730974687705457,0.0,0.0012131128240421853,0.0008437318799981489,0.12160929292440414,0.9931688010692596,0.12169839441776276,-2.4810433387756348e-06,0.00013521406799554825,-1.7912800487228173e-05,0.000546556466392744,0.002654318949781287,0.4847222222222222,-9.069591760635376e-05,36.55555555555556,0.4861111111111111,7.329435902647674e-05,297.0,0,0,0.0,pool=kernel_fused_block_mean_bf16_read_fp32_acc_bf16_write,score=kernel_bf16_torch_matmul_acc_fp32_bf16_out,select=kernel_fused_topk_mask_fp32_bisect_index_order_ties
VA_FP8,29,0.9,intervention_a,"routing input quantized to FP8-E4M3, kernel arithmetic unchanged",fp8_e4m3,kernel,kernel,kernel,1440,0.9871104708469178,0.005494323125072587,0.993513431013431,0.999953900445922,0.40865384615384615,0.3782051282051282,0.0013097879684418146,0.0,0.001504489615361623,0.0012729158680168857,0.17082879692316055,0.9861118495464325,0.17080923169851303,-6.387010216712952e-06,0.0002480335533618927,-2.1092113586620172e-05,0.000664248303851667,0.003594866745689912,0.4888888888888889,-0.0004839375615119934,75.76902887139107,0.43125,7.329435902647674e-05,292.0,0,0,0.0,pool=kernel_fused_block_mean_bf16_read_fp32_acc_bf16_write,score=kernel_bf16_torch_matmul_acc_fp32_bf16_out,select=kernel_fused_topk_mask_fp32_bisect_index_order_ties
VA_FP8,29,0.95,intervention_a,"routing input quantized to FP8-E4M3, kernel arithmetic unchanged",fp8_e4m3,kernel,kernel,kernel,1440,0.9832149774047773,0.012150475843475617,0.9915364583333334,0.999953900445922,0.2708333333333333,0.26121794871794873,0.0008680555555555555,0.0,0.0016972873197488168,0.002063523720543209,0.22541731595993042,0.9765806198120117,0.22543161362409592,-6.839632987976074e-06,0.00040548667311668396,-4.6603053807229344e-05,0.0008835563910544445,0.0048504128970652755,0.4847222222222222,-0.0008931383490562439,130.58278867102396,0.4076388888888889,7.329435902647674e-05,238.0,0,0,0.0,pool=kernel_fused_block_mean_bf16_read_fp32_acc_bf16_write,score=kernel_bf16_torch_matmul_acc_fp32_bf16_out,select=kernel_fused_topk_mask_fp32_bisect_index_order_ties
VA_FP8,3,0.8,intervention_a,"routing input quantized to FP8-E4M3, kernel arithmetic unchanged",fp8_e4m3,kernel,kernel,kernel,1440,0.9898466797622388,0.004315163954752066,0.9948974358974358,0.9999395325418183,0.6378205128205128,0.5416666666666666,0.0020442965154503618,0.0,0.0013044206089854035,0.0007866062458921063,0.20482659339904785,0.9803367257118225,0.20492937415838242,-5.923211574554443e-06,0.0001545492559671402,-2.8473337709503662e-05,0.00042921922066751865,0.0014036432119003042,0.4847222222222222,-0.0007980391383171082,134.7308176100629,0.35833333333333334,1.5487019027204951e-06,286.0,0,12,0.00013354700854700856,pool=kernel_fused_block_mean_bf16_read_fp32_acc_bf16_write,score=kernel_bf16_torch_matmul_acc_fp32_bf16_out,select=kernel_fused_topk_mask_fp32_bisect_index_order_ties
VA_FP8,3,0.9,intervention_a,"routing input quantized to FP8-E4M3, kernel arithmetic unchanged",fp8_e4m3,kernel,kernel,kernel,1440,0.9855548260013132,0.007180939908428496,0.9927248677248677,0.9999395325418183,0.4583333333333333,0.4182692307692308,0.001469017094017094,0.0,0.0015167744277174572,0.0011969920607302633,0.2894149422645569,0.9620112180709839,0.2893918752670288,5.304813385009766e-06,0.0002781003713607788,1.5595987992706926e-05,0.0004996199563893858,0.003093547551414162,0.5097222222222222,-0.0017492473125457764,329.74719101123594,0.3173611111111111,1.5487019027204951e-06,300.5,0,0,0.0,pool=kernel_fused_block_mean_bf16_read_fp32_acc_bf16_write,score=kernel_bf16_torch_matmul_acc_fp32_bf16_out,select=kernel_fused_topk_mask_fp32_bisect_index_order_ties
VA_FP8,3,0.95,intervention_a,"routing input quantized to FP8-E4M3, kernel arithmetic unchanged",fp8_e4m3,kernel,kernel,kernel,1440,0.9814438104688663,0.009862620984264936,0.9906350160256411,0.9999395325418183,0.29967948717948717,0.28685897435897434,0.0009605111768573307,0.0,0.0017453967379322958,0.0019343698493230876,0.372052401304245,0.9403841197490692,0.3719335347414017,-3.978610038757324e-06,0.00043936818838119507,-8.81936632004432e-06,0.0005821058925956711,0.00450677340098368,0.49444444444444446,-0.0025913119316101074,651.310861423221,0.325,1.5487019027204951e-06,258.0,0,0,0.0,pool=kernel_fused_block_mean_bf16_read_fp32_acc_bf16_write,score=kernel_bf16_torch_matmul_acc_fp32_bf16_out,select=kernel_fused_topk_mask_fp32_bisect_index_order_ties
VA_FP8,4,0.8,intervention_a,"routing input quantized to FP8-E4M3, kernel arithmetic unchanged",fp8_e4m3,kernel,kernel,kernel,1440,0.9910403185664509,0.0033794705401291036,0.9955,0.9999631341265048,0.5625,0.49038461538461536,0.0018028846153846155,0.0,0.0012384984216808424,0.0008461203002626531,0.21538370847702026,0.9790011048316956,0.2153560370206833,-4.187226295471191e-06,0.00013011973351240158,-2.12376852404074e-05,0.0003162472601241944,0.0010010653529137728,0.4888888888888889,-0.0008163973689079285,194.97330960854092,0.3423611111111111,1.0677892419153068e-06,294.0,0,12,0.00013354700854700856,pool=kernel_fused_block_mean_bf16_read_fp32_acc_bf16_write,score=kernel_bf16_torch_matmul_acc_fp32_bf16_out,select=kernel_fused_topk_mask_fp32_bisect_index_order_ties
VA_FP8,4,0.9,intervention_a,"routing input quantized to FP8-E4M3, kernel arithmetic unchanged",fp8_e4m3,kernel,kernel,kernel,1440,0.9873616096253981,0.004821749753203597,0.9936406186406186,0.9999631341265048,0.4006410256410256,0.3717948717948718,0.0012841058514135436,0.0,0.0014299565300198284,0.0013187117795642395,0.31117478013038635,0.959452211856842,0.3111644834280014,4.857778549194336e-06,0.00021355226635932922,1.8508129149070554e-05,0.0003737694951359106,0.001159764008000127,0.5131944444444444,-0.0017725378274917603,364.8865030674847,0.29444444444444445,1.0677892419153068e-06,268.0,0,24,0.00013354700854700856,pool=kernel_fused_block_mean_bf16_read_fp32_acc_bf16_write,score=kernel_bf16_torch_matmul_acc_fp32_bf16_out,select=kernel_fused_topk_mask_fp32_bisect_index_order_ties
VA_FP8,4,0.95,intervention_a,"routing input quantized to FP8-E4M3, kernel arithmetic unchanged",fp8_e4m3,kernel,kernel,kernel,1440,0.9832149774047773,0.007873445716045868,0.9915364583333334,0.9999631341265048,0.2708333333333333,0.26121794871794873,0.0008680555555555555,0.0,0.0016711899053538396,0.0021016415869223783,0.3735421746969223,0.9444236159324646,0.3737389147281647,-2.250075340270996e-06,0.00035633891820907593,-1.0665676295894412e-05,0.00048768279821489096,0.0016889915960378963,0.49444444444444446,-0.002864256501197815,1272.9602649006622,0.27708333333333335,1.0677892419153068e-06,227.5,0,0,0.0,pool=kernel_fused_block_mean_bf16_read_fp32_acc_bf16_write,score=kernel_bf16_torch_matmul_acc_fp32_bf16_out,select=kernel_fused_topk_mask_fp32_bisect_index_order_ties
VA_FP8,5,0.8,intervention_a,"routing input quantized to FP8-E4M3, kernel arithmetic unchanged",fp8_e4m3,kernel,kernel,kernel,1440,0.9920318725099602,0.0017104446480472602,0.996,0.999958288573088,0.5,0.4519230769230769,0.0016025641025641025,0.0,0.0010987305487995258,0.0008915148659161099,0.16704751551151276,0.9866753220558167,0.16699208319187164,-3.0547380447387695e-06,0.0001347055658698082,-1.1432779931065994e-05,0.00040099002437498065,0.0012648681378216785,0.4895833333333333,-0.00033523887395858765,109.7439024390244,0.44930555555555557,3.7983952552167466e-06,247.0,0,0,0.0,pool=kernel_fused_block_mean_bf16_read_fp32_acc_bf16_write,score=kernel_bf16_torch_matmul_acc_fp32_bf16_out,select=kernel_fused_topk_mask_fp32_bisect_index_order_ties
VA_FP8,5,0.9,intervention_a,"routing input quantized to FP8-E4M3, kernel arithmetic unchanged",fp8_e4m3,kernel,kernel,kernel,1440,0.9884673748103187,0.004171649264754107,0.9942002442002442,0.999958288573088,0.36538461538461536,0.34615384615384615,0.0011711045364891518,0.0,0.001300804433449877,0.001349091133846801,0.23955616354942322,0.9735800921916962,0.2393409013748169,-2.600252628326416e-06,0.00025616586208343506,-9.109053398694185e-06,0.000522376912904111,0.00166088123830284,0.4930555555555556,-0.001291900873184204,496.83667621776505,0.3958333333333333,3.7983952552167466e-06,247.0,0,0,0.0,pool=kernel_fused_block_mean_bf16_read_fp32_acc_bf16_write,score=kernel_bf16_torch_matmul_acc_fp32_bf16_out,select=kernel_fused_topk_mask_fp32_bisect_index_order_ties
VA_FP8,5,0.95,intervention_a,"routing input quantized to FP8-E4M3, kernel arithmetic unchanged",fp8_e4m3,kernel,kernel,kernel,1440,0.9850879809126155,0.007094545941480068,0.9924879807692307,0.999958288573088,0.24038461538461536,0.23397435897435898,0.0007704635108481263,0.0,0.0015113825731147205,0.0021598394979949866,0.2938057780265808,0.9612128734588623,0.29378384351730347,6.340444087982178e-06,0.00035534240305423737,2.18137789521837e-05,0.0006010224870822271,0.0020533174953288433,0.5069444444444444,-0.002262398600578308,356.82021151586366,0.37430555555555556,3.7983952552167466e-06,198.5,0,0,0.0,pool=kernel_fused_block_mean_bf16_read_fp32_acc_bf16_write,score=kernel_bf16_torch_matmul_acc_fp32_bf16_out,select=kernel_fused_topk_mask_fp32_bisect_index_order_ties
VA_FP8,6,0.8,intervention_a,"routing input quantized to FP8-E4M3, kernel arithmetic unchanged",fp8_e4m3,kernel,kernel,kernel,1440,0.99090056353145,0.005242059166391977,0.9954294871794872,0.999969222285731,0.5713141025641025,0.4951923076923077,0.0018311349441157134,0.0,0.001359288182184557,0.0008281412188116764,0.2862641513347626,0.9650955498218536,0.2863178253173828,-7.778406143188477e-06,0.0001437906175851822,-3.1335344639801714e-05,0.00027262637760504233,0.0008848291449703802,0.46944444444444444,-0.0012146681547164917,156.15900383141764,0.2881944444444444,7.988041943463031e-07,360.0,0,12,0.00013354700854700856,pool=kernel_fused_block_mean_bf16_read_fp32_acc_bf16_write,score=kernel_bf16_torch_matmul_acc_fp32_bf16_out,select=kernel_fused_topk_mask_fp32_bisect_index_order_ties
VA_FP8,6,0.9,intervention_a,"routing input quantized to FP8-E4M3, kernel arithmetic unchanged",fp8_e4m3,kernel,kernel,kernel,1440,0.9866334823076656,0.007571017604770858,0.9932717745217745,0.999969222285731,0.4238782051282051,0.38782051282051283,0.0013585839907955294,0.0,0.0016241924995573343,0.0012709133668102378,0.4152567535638809,0.934981644153595,0.41512657701969147,5.02169132232666e-06,0.00027717649936676025,1.2631575407702314e-05,0.00038726879110925825,0.001298271157693013,0.5083333333333333,-0.0032072067260742188,638.6706231454006,0.22013888888888888,7.988041943463031e-07,325.0,0,0,0.0,pool=kernel_fused_block_mean_bf16_read_fp32_acc_bf16_write,score=kernel_bf16_torch_matmul_acc_fp32_bf16_out,select=kernel_fused_topk_mask_fp32_bisect_index_order_ties
VA_FP8,6,0.95,intervention_a,"routing input quantized to FP8-E4M3, kernel arithmetic unchanged",fp8_e4m3,kernel,kernel,kernel,1440,0.9813455050605279,0.011703417924800674,0.9905849358974359,0.999969222285731,0.30128205128205127,0.28685897435897434,0.0009656476002629849,0.0,0.0018698799359427988,0.0019847156854826084,0.513357400894165,0.909581869840622,0.5132822096347809,-1.2606382369995117e-05,0.0003913193941116333,-2.557222329584606e-05,0.00041520958017293415,0.0015430100760634227,0.4826388888888889,-0.005186945199966431,411.45390070921985,0.1909722222222222,7.988041943463031e-07,262.0,0,0,0.0,pool=kernel_fused_block_mean_bf16_read_fp32_acc_bf16_write,score=kernel_bf16_torch_matmul_acc_fp32_bf16_out,select=kernel_fused_topk_mask_fp32_bisect_index_order_ties
VA_FP8,7,0.8,intervention_a,"routing input quantized to FP8-E4M3, kernel arithmetic unchanged",fp8_e4m3,kernel,kernel,kernel,1440,0.9916758164594133,0.004457643340519679,0.9958205128205129,0.9999568189214911,0.5224358974358975,0.46794871794871795,0.001674474030243261,0.0,0.0012286562637911056,0.000852075756021952,0.2290457785129547,0.9760885834693909,0.22912730276584625,3.807246685028076e-06,0.00014128535985946655,1.6137071563021976e-05,0.0003063335362434832,0.001066535992722531,0.5138888888888888,-0.0008865147829055786,232.84931506849315,0.2861111111111111,1.1900551726284903e-06,318.0,0,0,0.0,pool=kernel_fused_block_mean_bf16_read_fp32_acc_bf16_write,score=kernel_bf16_torch_matmul_acc_fp32_bf16_out,select=kernel_fused_topk_mask_fp32_bisect_index_order_ties
VA_FP8,7,0.9,intervention_a,"routing input quantized to FP8-E4M3, kernel arithmetic unchanged",fp8_e4m3,kernel,kernel,kernel,1440,0.9883416580279678,0.007979382951733394,0.9941366503866504,0.9999568189214911,0.3693910256410256,0.34775641025641024,0.0011839455950032874,0.0,0.001515515484317779,0.001348980970993603,0.32830266654491425,0.9555409252643585,0.32797810435295105,-3.084540367126465e-06,0.00024449825286865234,-7.865408638653065e-06,0.0003797885298287535,0.0014128638587642748,0.49375,-0.002319902181625366,752.1062801932367,0.20972222222222223,1.1900551726284903e-06,287.0,0,0,0.0,pool=kernel_fused_block_mean_bf16_read_fp32_acc_bf16_write,score=kernel_bf16_torch_matmul_acc_fp32_bf16_out,select=kernel_fused_topk_mask_fp32_bisect_index_order_ties
VA_FP8,7,0.95,intervention_a,"routing input quantized to FP8-E4M3, kernel arithmetic unchanged",fp8_e4m3,kernel,kernel,kernel,1440,0.9842003279177225,0.011646402222896812,0.9920372596153846,0.9999568189214911,0.2548076923076923,0.2467948717948718,0.0008166913214990139,0.0,0.0017645476194946812,0.002136808601753563,0.4009352922439575,0.9379715323448181,0.4012365788221359,2.175569534301758e-06,0.00040212273597717285,5.017431770541633e-06,0.0005169460057839518,0.0018343036671704266,0.5027777777777778,-0.003653988242149353,1679.554794520548,0.1798611111111111,1.1900551726284903e-06,237.0,0,0,0.0,pool=kernel_fused_block_mean_bf16_read_fp32_acc_bf16_write,score=kernel_bf16_torch_matmul_acc_fp32_bf16_out,select=kernel_fused_topk_mask_fp32_bisect_index_order_ties
VA_FP8,8,0.8,intervention_a,"routing input quantized to FP8-E4M3, kernel arithmetic unchanged",fp8_e4m3,kernel,kernel,kernel,1440,0.9923244424538943,0.0017427547101379615,0.9961474358974359,0.9999594969185829,0.4815705128205128,0.4391025641025641,0.0015434952333990796,0.0,0.0011189130742101524,0.0008662490043039715,0.21525534987449646,0.9784467816352844,0.21529627591371536,-1.6987323760986328e-06,0.00014847517013549805,-1.2764213123658473e-05,0.0003471113343526317,0.0009955539442113833,0.4909722222222222,-0.000998370349407196,587.7149122807018,0.3076388888888889,1.230810482866218e-06,257.5,0,72,0.00013354700854700856,pool=kernel_fused_block_mean_bf16_read_fp32_acc_bf16_write,score=kernel_bf16_torch_matmul_acc_fp32_bf16_out,select=kernel_fused_topk_mask_fp32_bisect_index_order_ties
VA_FP8,8,0.9,intervention_a,"routing input quantized to FP8-E4M3, kernel arithmetic unchanged",fp8_e4m3,kernel,kernel,kernel,1440,0.9883667998583784,0.002915937679635716,0.9941493691493691,0.9999594969185829,0.36858974358974356,0.34455128205128205,0.0011813773833004603,0.0,0.0014082986062850435,0.0013177426351299094,0.3204011619091034,0.9552808701992035,0.3204754590988159,-1.8641352653503418e-05,0.0002712290734052658,-5.369119246315296e-05,0.0004374181681527534,0.0014350444294462983,0.4625,-0.0032247528433799744,172.9892086330935,0.25763888888888886,1.230810482866218e-06,268.0,0,12,0.00013354700854700856,pool=kernel_fused_block_mean_bf16_read_fp32_acc_bf16_write,score=kernel_bf16_torch_matmul_acc_fp32_bf16_out,select=kernel_fused_topk_mask_fp32_bisect_index_order_ties
VA_FP8,8,0.95,intervention_a,"routing input quantized to FP8-E4M3, kernel arithmetic unchanged",fp8_e4m3,kernel,kernel,kernel,1440,0.9852853449990058,0.006211733561888533,0.9925881410256411,0.9999594969185829,0.23717948717948717,0.23076923076923078,0.0007601906640368179,0.0,0.001577346177318775,0.0022066903294122604,0.39114558696746826,0.9375195503234863,0.39118777215480804,-7.830560207366943e-06,0.00036483630537986755,-2.4567873909576744e-05,0.0005032325686344151,0.0015423952439776163,0.48055555555555557,-0.005300566554069519,676.9077069457659,0.20833333333333334,1.230810482866218e-06,221.0,0,0,0.0,pool=kernel_fused_block_mean_bf16_read_fp32_acc_bf16_write,score=kernel_bf16_torch_matmul_acc_fp32_bf16_out,select=kernel_fused_topk_mask_fp32_bisect_index_order_ties
VA_FP8,9,0.8,intervention_a,"routing input quantized to FP8-E4M3, kernel arithmetic unchanged",fp8_e4m3,kernel,kernel,kernel,1440,0.9923244424538943,0.0018382139087808058,0.9961474358974359,0.9999596580073824,0.4815705128205128,0.4358974358974359,0.0015434952333990796,0.0,0.0010974731688457454,0.0008878572091101988,0.20410217344760895,0.9804482460021973,0.20418813824653625,-2.942979335784912e-06,0.00014132633805274963,-1.8132128148663442e-05,0.00035529926431183804,0.0010227446836500076,0.4895833333333333,-0.0006768703460693359,229.99493670886076,0.31875,1.1085445521530346e-06,277.0,0,0,0.0,pool=kernel_fused_block_mean_bf16_read_fp32_acc_bf16_write,score=kernel_bf16_torch_matmul_acc_fp32_bf16_out,select=kernel_fused_topk_mask_fp32_bisect_index_order_ties
VA_FP8,9,0.9,intervention_a,"routing input quantized to FP8-E4M3, kernel arithmetic unchanged",fp8_e4m3,kernel,kernel,kernel,1440,0.9886685552407932,0.0036201519211822575,0.9943019943019943,0.9999596580073824,0.358974358974359,0.33653846153846156,0.0011505588428665351,0.0,0.001392287797075141,0.0013690511329269542,0.30031484365463257,0.9603080749511719,0.3001735210418701,-4.678964614868164e-06,0.00020671170204877853,-2.0503074371590263e-05,0.0003401881099604427,0.0012865666307521125,0.4888888888888889,-0.001982957124710083,423.80254777070064,0.23680555555555555,1.1085445521530346e-06,267.0,0,0,0.0,pool=kernel_fused_block_mean_bf16_read_fp32_acc_bf16_write,score=kernel_bf16_torch_matmul_acc_fp32_bf16_out,select=kernel_fused_topk_mask_fp32_bisect_index_order_ties
VA_FP8,9,0.95,intervention_a,"routing input quantized to FP8-E4M3, kernel arithmetic unchanged",fp8_e4m3,kernel,kernel,kernel,1440,0.9841017488076311,0.007683472262652535,0.9919871794871795,0.9999596580073824,0.2564102564102564,0.24519230769230768,0.000821827744904668,0.0,0.001687579108375309,0.002123993902259912,0.37354911863803864,0.9432007968425751,0.37380023300647736,-3.2335519790649414e-06,0.0003433823585510254,-7.796034477114082e-06,0.00044699289424171963,0.0015916427646216486,0.4909722222222222,-0.0029685497283935547,918.0460829493088,0.20277777777777778,1.1085445521530346e-06,226.0,0,0,0.0,pool=kernel_fused_block_mean_bf16_read_fp32_acc_bf16_write,score=kernel_bf16_torch_matmul_acc_fp32_bf16_out,select=kernel_fused_topk_mask_fp32_bisect_index_order_ties
VA_NVFP4,0,0.8,intervention_a,"routing input quantized to NVFP4, kernel arithmetic unchanged",nvfp4,kernel,kernel,kernel,1440,0.9692867023402194,0.0150597089411173,0.9844038461538462,0.999746193122536,1.9495192307692308,0.9415064102564102,0.0062484590729783036,0.0,0.005151574970245099,0.0007885406664566403,0.15136078000068665,0.988554835319519,0.15035758167505264,5.1859766244888306e-05,0.0009508254006505013,0.0004761145880891652,0.003126218851078458,0.013718624611545646,0.5458333333333333,-0.0012317448854446411,23.751454636879533,0.44722222222222224,0.07867329195141792,315.5,0,0,0.0,pool=kernel_fused_block_mean_bf16_read_fp32_acc_bf16_write,score=kernel_bf16_torch_matmul_acc_fp32_bf16_out,select=kernel_fused_topk_mask_fp32_bisect_index_order_ties
VA_NVFP4,0,0.9,intervention_a,"routing input quantized to NVFP4, kernel arithmetic unchanged",nvfp4,kernel,kernel,kernel,1440,0.9559668631987461,0.02523532548367058,0.97748778998779,0.999746193122536,1.4182692307692306,0.8557692307692307,0.004545734714003945,0.0,0.004944135195425454,0.0011049317279779862,0.20714892446994781,0.9785995483398438,0.20678527653217316,3.320351243019104e-05,0.0011889534071087837,0.00012952629195210497,0.0029052580471161955,0.010143642228365644,0.5111111111111111,-0.00279950350522995,84.31347469987658,0.41388888888888886,0.07867329195141792,309.0,0,0,0.0,pool=kernel_fused_block_mean_bf16_read_fp32_acc_bf16_write,score=kernel_bf16_torch_matmul_acc_fp32_bf16_out,select=kernel_fused_topk_mask_fp32_bisect_index_order_ties
VA_NVFP4,0,0.95,intervention_a,"routing input quantized to NVFP4, kernel arithmetic unchanged",nvfp4,kernel,kernel,kernel,1440,0.9469578783151326,0.0366703873630998,0.9727564102564102,0.999746193122536,0.8717948717948718,0.6802884615384616,0.002794214332675871,0.0,0.0043353760521337515,0.0018223123452057537,0.2510039806365967,0.9700555801391602,0.2505939304828644,-2.8230249881744385e-05,0.002057403326034546,-4.0056884004566736e-05,0.0031759079074894494,0.01503128057919578,0.49722222222222223,-0.004707753658294678,166.76273423066772,0.3861111111111111,0.07867329195141792,274.5,0,0,0.0,pool=kernel_fused_block_mean_bf16_read_fp32_acc_bf16_write,score=kernel_bf16_torch_matmul_acc_fp32_bf16_out,select=kernel_fused_topk_mask_fp32_bisect_index_order_ties
VA_NVFP4,1,0.8,intervention_a,"routing input quantized to NVFP4, kernel arithmetic unchanged",nvfp4,kernel,kernel,kernel,1440,0.9733596447952639,0.007819208857515303,0.9865,0.9994212658307694,1.6875,0.8910256410256411,0.005408653846153846,0.0,0.004758237788906469,0.0008526661787641125,0.12790879607200623,0.9920963644981384,0.12798136472702026,-2.650916576385498e-05,0.00036634132266044617,-0.0002210785990232039,0.0017016505695122538,0.005703436506921367,0.46458333333333335,-0.0005662553012371063,21.360736368746487,0.48055555555555557,0.08519336953759193,275.0,0,0,0.0,pool=kernel_fused_block_mean_bf16_read_fp32_acc_bf16_write,score=kernel_bf16_torch_matmul_acc_fp32_bf16_out,select=kernel_fused_topk_mask_fp32_bisect_index_order_ties
VA_NVFP4,1,0.9,intervention_a,"routing input quantized to NVFP4, kernel arithmetic unchanged",nvfp4,kernel,kernel,kernel,1440,0.9626560159760359,0.014417783118096605,0.980972730972731,0.9994212658307694,1.1987179487179487,0.7964743589743589,0.0038420447074293228,0.0,0.004415065235531838,0.0012335997979662455,0.18684104084968567,0.9834312796592712,0.18636058270931244,3.9696693420410156e-05,0.0005733203142881393,0.00020170467561085606,0.00164212291634989,0.006752029097799342,0.5375,-0.002095229923725128,52.780968468468465,0.40902777777777777,0.08519336953759193,267.0,0,0,0.0,pool=kernel_fused_block_mean_bf16_read_fp32_acc_bf16_write,score=kernel_bf16_torch_matmul_acc_fp32_bf16_out,select=kernel_fused_topk_mask_fp32_bisect_index_order_ties
VA_NVFP4,1,0.95,intervention_a,"routing input quantized to NVFP4, kernel arithmetic unchanged",nvfp4,kernel,kernel,kernel,1440,0.9559212459594475,0.01851614235559773,0.9774639423076923,0.9994212658307694,0.7211538461538461,0.5993589743589743,0.002311390532544379,0.0,0.004119440379143735,0.002029462419291611,0.22660213708877563,0.97659832239151,0.22703497111797333,3.526359796524048e-05,0.0006782747805118561,0.00015475277770978874,0.0016079976494396372,0.006103613893663081,0.5402777777777777,-0.0032107383012771606,91.04965138390027,0.40694444444444444,0.08519336953759193,212.0,0,0,0.0,pool=kernel_fused_block_mean_bf16_read_fp32_acc_bf16_write,score=kernel_bf16_torch_matmul_acc_fp32_bf16_out,select=kernel_fused_topk_mask_fp32_bisect_index_order_ties
VA_NVFP4,10,0.8,intervention_a,"routing input quantized to NVFP4, kernel arithmetic unchanged",nvfp4,kernel,kernel,kernel,1440,0.978001077836498,0.008237815653371117,0.9888782051282051,0.9996770363027253,1.390224358974359,0.8525641025641025,0.004455847304404997,0.0,0.003688527329447487,0.0008479816390022745,0.22791212797164917,0.976706326007843,0.22792909294366837,-6.45667314529419e-05,0.000331684947013855,-0.00029011770308863186,0.0006945637690447834,0.0022705317635468634,0.3951388888888889,-0.0022173747420310974,34.34237249019155,0.2916666666666667,0.0901043750345707,332.0,0,36,0.00013354700854700856,pool=kernel_fused_block_mean_bf16_read_fp32_acc_bf16_write,score=kernel_bf16_torch_matmul_acc_fp32_bf16_out,select=kernel_fused_topk_mask_fp32_bisect_index_order_ties
VA_NVFP4,10,0.9,intervention_a,"routing input quantized to NVFP4, kernel arithmetic unchanged",nvfp4,kernel,kernel,kernel,1440,0.9702300405953992,0.015073359259859753,0.9848901098901099,0.9996770363027253,0.9519230769230769,0.7163461538461539,0.00305103550295858,0.0,0.0035161948838021264,0.0012983309924965536,0.3243573009967804,0.9569167792797089,0.3246503919363022,-7.614493370056152e-05,0.0005030930042266846,-0.00023655421388798234,0.0008085254553787087,0.0028346900630689927,0.4041666666666667,-0.005017578601837158,65.89510763209394,0.21180555555555555,0.0901043750345707,304.0,0,0,0.0,pool=kernel_fused_block_mean_bf16_read_fp32_acc_bf16_write,score=kernel_bf16_torch_matmul_acc_fp32_bf16_out,select=kernel_fused_topk_mask_fp32_bisect_index_order_ties
VA_NVFP4,10,0.95,intervention_a,"routing input quantized to NVFP4, kernel arithmetic unchanged",nvfp4,kernel,kernel,kernel,1440,0.9616858237547893,0.02495063545694609,0.98046875,0.9996770363027253,0.625,0.5416666666666666,0.002003205128205128,0.0,0.003373953586809599,0.0020777991703692985,0.4132121801376343,0.9308900833129883,0.4133630841970444,-3.3974647521972656e-05,0.0006614476442337036,-8.185814851145707e-05,0.0008257173575164371,0.0027309794275947054,0.4701388888888889,-0.007847294211387634,230.975,0.17916666666666667,0.0901043750345707,250.5,0,0,0.0,pool=kernel_fused_block_mean_bf16_read_fp32_acc_bf16_write,score=kernel_bf16_torch_matmul_acc_fp32_bf16_out,select=kernel_fused_topk_mask_fp32_bisect_index_order_ties
VA_NVFP4,11,0.8,intervention_a,"routing input quantized to NVFP4, kernel arithmetic unchanged",nvfp4,kernel,kernel,kernel,1440,0.9798084916813965,0.005678927190223004,0.989801282051282,0.9996868094963227,1.2748397435897436,0.8269230769230769,0.004086024819197896,0.0,0.0035502612081119963,0.0008693533206463705,0.21547363698482513,0.9788433611392975,0.21563855558633804,-5.3592026233673096e-05,0.00028944388031959534,-0.0002342409558330416,0.0006396905361967123,0.0026216188630715197,0.38958333333333334,-0.0019114166498184204,35.66606422911163,0.32430555555555557,0.0893806517124176,332.0,0,0,0.0,pool=kernel_fused_block_mean_bf16_read_fp32_acc_bf16_write,score=kernel_bf16_torch_matmul_acc_fp32_bf16_out,select=kernel_fused_topk_mask_fp32_bisect_index_order_ties
VA_NVFP4,11,0.9,intervention_a,"routing input quantized to NVFP4, kernel arithmetic unchanged",nvfp4,kernel,kernel,kernel,1440,0.9718112052966845,0.010417778327040494,0.9857041107041107,0.9996868094963227,0.9006410256410257,0.6963141025641025,0.002886669953977646,0.0,0.003383522430500183,0.0013103018926396578,0.3019232898950577,0.9618356227874756,0.30224114656448364,-5.0321221351623535e-05,0.0004776306450366974,-0.0001694115647554284,0.0007405025084925799,0.0026245666209982446,0.4354166666666667,-0.003982044756412506,79.13251406573882,0.23680555555555555,0.0893806517124176,304.5,0,0,0.0,pool=kernel_fused_block_mean_bf16_read_fp32_acc_bf16_write,score=kernel_bf16_torch_matmul_acc_fp32_bf16_out,select=kernel_fused_topk_mask_fp32_bisect_index_order_ties
VA_NVFP4,11,0.95,intervention_a,"routing input quantized to NVFP4, kernel arithmetic unchanged",nvfp4,kernel,kernel,kernel,1440,0.9616858237547893,0.015211570618735348,0.98046875,0.9996868094963227,0.625,0.5416666666666666,0.002003205128205128,0.0,0.0033331654968491147,0.0021111426042373306,0.3797241300344467,0.9417811632156372,0.37936288118362427,-6.70701265335083e-05,0.0006847307085990906,-0.00018893160693070669,0.0009052484525072001,0.002887524398339231,0.4486111111111111,-0.006794080138206482,101.29815596534104,0.20347222222222222,0.0893806517124176,246.5,0,0,0.0,pool=kernel_fused_block_mean_bf16_read_fp32_acc_bf16_write,score=kernel_bf16_torch_matmul_acc_fp32_bf16_out,select=kernel_fused_topk_mask_fp32_bisect_index_order_ties
VA_NVFP4,12,0.8,intervention_a,"routing input quantized to NVFP4, kernel arithmetic unchanged",nvfp4,kernel,kernel,kernel,1440,0.978891820580475,0.008843881065301984,0.9893333333333333,0.9997540259785044,1.3333333333333333,0.842948717948718,0.004273504273504274,0.0,0.003428418240543773,0.0008430143736962916,0.19181755930185318,0.9826510548591614,0.19203152507543564,-4.745274782180786e-05,0.0003551952540874481,-0.0002646565765979315,0.0008862627315495868,0.003414397165553686,0.42986111111111114,-0.0014554038643836975,30.670591929659288,0.35833333333333334,0.08687397465109825,356.0,0,0,0.0,pool=kernel_fused_block_mean_bf16_read_fp32_acc_bf16_write,score=kernel_bf16_torch_matmul_acc_fp32_bf16_out,select=kernel_fused_topk_mask_fp32_bisect_index_order_ties
VA_NVFP4,12,0.9,intervention_a,"routing input quantized to NVFP4, kernel arithmetic unchanged",nvfp4,kernel,kernel,kernel,1440,0.9708720828215477,0.013853592260552716,0.9852207977207977,0.9997540259785044,0.9310897435897436,0.7075320512820513,0.002984261998685076,0.0,0.0033133588473746073,0.0013075141217901527,0.2737607955932617,0.9662253260612488,0.27437329292297363,-5.561113357543945e-05,0.0005848389118909836,-0.00021735358525263248,0.0010665484785147583,0.0036637602851274952,0.4534722222222222,-0.005266427993774414,94.70096463022509,0.2604166666666667,0.08687397465109825,311.0,0,0,0.0,pool=kernel_fused_block_mean_bf16_read_fp32_acc_bf16_write,score=kernel_bf16_torch_matmul_acc_fp32_bf16_out,select=kernel_fused_topk_mask_fp32_bisect_index_order_ties
VA_NVFP4,12,0.95,intervention_a,"routing input quantized to NVFP4, kernel arithmetic unchanged",nvfp4,kernel,kernel,kernel,1440,0.9613967879770149,0.017610772162890642,0.9803185096153846,0.9997540259785044,0.6298076923076923,0.5416666666666666,0.0020186143984220906,0.0,0.0032610194289444472,0.0021572527494809505,0.3342367857694626,0.9528473615646362,0.3342687636613846,-3.91155481338501e-05,0.0006835758686065674,-0.00011817280920721525,0.0009819588236130263,0.003429072910756923,0.46944444444444444,-0.008622914552688599,220.4472380952381,0.21875,0.08687397465109825,239.0,0,0,0.0,pool=kernel_fused_block_mean_bf16_read_fp32_acc_bf16_write,score=kernel_bf16_torch_matmul_acc_fp32_bf16_out,select=kernel_fused_topk_mask_fp32_bisect_index_order_ties
VA_NVFP4,13,0.8,intervention_a,"routing input quantized to NVFP4, kernel arithmetic unchanged",nvfp4,kernel,kernel,kernel,1440,0.9777753831149782,0.006750831096612342,0.9887628205128205,0.9995846059132479,1.4046474358974357,0.8605769230769231,0.0045020751150558844,0.0,0.0036365312656624453,0.0008332046917559409,0.2088550180196762,0.9798252582550049,0.20873186737298965,-4.3973326683044434e-05,0.00026868656277656555,-0.0001931193072275143,0.0006655602917212188,0.002123696071352418,0.40625,-0.0019315332174301147,43.92511013215859,0.2791666666666667,0.09020842611789703,381.0,0,0,0.0,pool=kernel_fused_block_mean_bf16_read_fp32_acc_bf16_write,score=kernel_bf16_torch_matmul_acc_fp32_bf16_out,select=kernel_fused_topk_mask_fp32_bisect_index_order_ties
VA_NVFP4,13,0.9,intervention_a,"routing input quantized to NVFP4, kernel arithmetic unchanged",nvfp4,kernel,kernel,kernel,1440,0.9701313019945875,0.011543948513049629,0.9848392348392349,0.9995846059132479,0.9551282051282051,0.71875,0.0030613083497698884,0.0,0.003516800876404512,0.0012797088526428544,0.2825963795185089,0.9659385979175568,0.2824755311012268,-8.320063352584839e-05,0.0004106387495994568,-0.00028424933782583597,0.0007699452237079292,0.0022219889085186365,0.39375,-0.0037946850061416626,45.60884749708964,0.22569444444444445,0.09020842611789703,344.0,0,0,0.0,pool=kernel_fused_block_mean_bf16_read_fp32_acc_bf16_write,score=kernel_bf16_torch_matmul_acc_fp32_bf16_out,select=kernel_fused_topk_mask_fp32_bisect_index_order_ties
VA_NVFP4,13,0.95,intervention_a,"routing input quantized to NVFP4, kernel arithmetic unchanged",nvfp4,kernel,kernel,kernel,1440,0.9607708370721688,0.018816578428857977,0.9799929887820513,0.9995846059132479,0.6402243589743589,0.5528846153846154,0.0020520011505588426,0.0,0.0034524595371505035,0.002044490563726991,0.3565548211336136,0.9486214220523834,0.35657934844493866,-2.397596836090088e-05,0.000607658177614212,-6.759504482698592e-05,0.0008254971307007641,0.002607291757980719,0.4708333333333333,-0.005892723798751831,245.77625854568055,0.19305555555555556,0.09020842611789703,278.5,0,0,0.0,pool=kernel_fused_block_mean_bf16_read_fp32_acc_bf16_write,score=kernel_bf16_torch_matmul_acc_fp32_bf16_out,select=kernel_fused_topk_mask_fp32_bisect_index_order_ties
VA_NVFP4,14,0.8,intervention_a,"routing input quantized to NVFP4, kernel arithmetic unchanged",nvfp4,kernel,kernel,kernel,1440,0.9791052161636697,0.005678639061356905,0.9894423076923077,0.9997040366648264,1.3197115384615383,0.8381410256410257,0.004229844674556213,0.0,0.0035641136689802725,0.0008652489188367411,0.21928133815526962,0.978451281785965,0.21915050595998764,-5.5048614740371704e-05,0.00027098506689071655,-0.0002451034736256415,0.0006334592735872488,0.0019757034309708195,0.3888888888888889,-0.0018525421619415283,33.65283887121878,0.2902777777777778,0.08933020755648613,342.0,0,0,0.0,pool=kernel_fused_block_mean_bf16_read_fp32_acc_bf16_write,score=kernel_bf16_torch_matmul_acc_fp32_bf16_out,select=kernel_fused_topk_mask_fp32_bisect_index_order_ties
VA_NVFP4,14,0.9,intervention_a,"routing input quantized to NVFP4, kernel arithmetic unchanged",nvfp4,kernel,kernel,kernel,1440,0.9716134209338483,0.009246595757052445,0.9856023606023606,0.9997040366648264,0.907051282051282,0.7019230769230769,0.002907215647600263,0.0,0.0034365807021015204,0.0013359583605637758,0.30844900012016296,0.9592969715595245,0.3084939867258072,-6.300210952758789e-05,0.0004481896758079529,-0.00022807656590018334,0.0007284716089036471,0.0023134712982939795,0.4131944444444444,-0.0058382004499435425,92.66674550614948,0.21319444444444444,0.08933020755648613,305.0,0,0,0.0,pool=kernel_fused_block_mean_bf16_read_fp32_acc_bf16_write,score=kernel_bf16_torch_matmul_acc_fp32_bf16_out,select=kernel_fused_topk_mask_fp32_bisect_index_order_ties
VA_NVFP4,14,0.95,intervention_a,"routing input quantized to NVFP4, kernel arithmetic unchanged",nvfp4,kernel,kernel,kernel,1440,0.964387604525332,0.015223527817715077,0.9818709935897436,0.9997040366648264,0.5801282051282051,0.5120192307692307,0.0018593852728468114,0.0,0.00324493790458762,0.0021446424140944675,0.38567833602428436,0.9422079920768738,0.3856319934129715,-5.404651165008545e-05,0.0005812644958496094,-0.00014615523929406622,0.0007303322136923268,0.0023372939095544975,0.4465277777777778,-0.00878053903579712,162.46264130135097,0.18819444444444444,0.08933020755648613,248.0,0,0,0.0,pool=kernel_fused_block_mean_bf16_read_fp32_acc_bf16_write,score=kernel_bf16_torch_matmul_acc_fp32_bf16_out,select=kernel_fused_topk_mask_fp32_bisect_index_order_ties
VA_NVFP4,15,0.8,intervention_a,"routing input quantized to NVFP4, kernel arithmetic unchanged",nvfp4,kernel,kernel,kernel,1440,0.9762094782046897,0.008942111851017898,0.9879615384615384,0.9997503408442745,1.5048076923076923,0.875,0.0048231015779092706,0.0,0.00395019093248822,0.0008185961273645696,0.2409546673297882,0.9736505448818207,0.24100950360298157,-2.7060508728027344e-05,0.0003139786422252655,-0.00012438615781200994,0.0007132410079288808,0.0022067003620183418,0.45069444444444445,-0.002178296446800232,80.49724669603525,0.32222222222222224,0.09007616713643074,364.5,0,0,0.0,pool=kernel_fused_block_mean_bf16_read_fp32_acc_bf16_write,score=kernel_bf16_torch_matmul_acc_fp32_bf16_out,select=kernel_fused_topk_mask_fp32_bisect_index_order_ties
VA_NVFP4,15,0.9,intervention_a,"routing input quantized to NVFP4, kernel arithmetic unchanged",nvfp4,kernel,kernel,kernel,1440,0.9670507001989752,0.01532195215960741,0.9832493894993894,0.9997503408442745,1.0552884615384617,0.7596153846153846,0.003382334812623274,0.0,0.0038056848669557513,0.0012655714234086997,0.3526419997215271,0.9480655193328857,0.352523609995842,-2.7820467948913574e-05,0.000548727810382843,-0.00010067431456848512,0.0008848434864132582,0.0028586269985316918,0.4701388888888889,-0.005715757608413696,205.45152651312264,0.25555555555555554,0.09007616713643074,329.0,0,0,0.0,pool=kernel_fused_block_mean_bf16_read_fp32_acc_bf16_write,score=kernel_bf16_torch_matmul_acc_fp32_bf16_out,select=kernel_fused_topk_mask_fp32_bisect_index_order_ties
VA_NVFP4,15,0.95,intervention_a,"routing input quantized to NVFP4, kernel arithmetic unchanged",nvfp4,kernel,kernel,kernel,1440,0.9568796550372403,0.024263633712452548,0.9779647435897436,0.9997503408442745,0.7051282051282051,0.5897435897435898,0.002260026298487837,0.0,0.0037298515513893866,0.002019700226023588,0.4595451354980469,0.920282244682312,0.4593591094017029,-4.351139068603516e-06,0.0008183717727661133,-6.011512293089717e-06,0.0009420300892379169,0.003505836441647924,0.49236111111111114,-0.009336873888969421,2145.845890410959,0.225,0.09007616713643074,272.0,0,0,0.0,pool=kernel_fused_block_mean_bf16_read_fp32_acc_bf16_write,score=kernel_bf16_torch_matmul_acc_fp32_bf16_out,select=kernel_fused_topk_mask_fp32_bisect_index_order_ties
VA_NVFP4,16,0.8,intervention_a,"routing input quantized to NVFP4, kernel arithmetic unchanged",nvfp4,kernel,kernel,kernel,1440,0.9780261582074794,0.0065377854125932,0.9888910256410257,0.9996812796984721,1.3886217948717947,0.8589743589743589,0.004450710880999343,0.0,0.0037481171719879088,0.0008458046543802326,0.19467637687921524,0.9829315543174744,0.1949498951435089,-9.907037019729614e-05,0.0003914833068847656,-0.00042906506601452204,0.0009559393649441932,0.0034138409319622886,0.35625,-0.0019269511103630066,19.45032714146048,0.3229166666666667,0.08987554162740707,360.5,0,0,0.0,pool=kernel_fused_block_mean_bf16_read_fp32_acc_bf16_write,score=kernel_bf16_torch_matmul_acc_fp32_bf16_out,select=kernel_fused_topk_mask_fp32_bisect_index_order_ties
VA_NVFP4,16,0.9,intervention_a,"routing input quantized to NVFP4, kernel arithmetic unchanged",nvfp4,kernel,kernel,kernel,1440,0.9702547271013583,0.01221308137893462,0.9849028286528287,0.9996812796984721,0.9511217948717948,0.7211538461538461,0.003048467291255753,0.0,0.003586139995376072,0.001306599479886516,0.2841393053531647,0.965007871389389,0.28412385284900665,-8.988380432128906e-05,0.0005775392055511475,-0.0003120718729199022,0.0010068436187128916,0.0036877226022112215,0.4,-0.005044177174568176,56.11886604774536,0.23055555555555557,0.08987554162740707,321.0,0,0,0.0,pool=kernel_fused_block_mean_bf16_read_fp32_acc_bf16_write,score=kernel_bf16_torch_matmul_acc_fp32_bf16_out,select=kernel_fused_topk_mask_fp32_bisect_index_order_ties
VA_NVFP4,16,0.95,intervention_a,"routing input quantized to NVFP4, kernel arithmetic unchanged",nvfp4,kernel,kernel,kernel,1440,0.9632287877298201,0.021811228384779224,0.981270032051282,0.9996812796984721,0.5993589743589743,0.5256410256410257,0.0019210223537146614,0.0,0.0033983350629171365,0.0021361789623583075,0.36012598872184753,0.9475649893283844,0.36057430505752563,-0.00013150274753570557,0.0007215254008769989,-0.00042008433702049483,0.0010187695790183833,0.003429548902655185,0.3909722222222222,-0.008995771408081055,68.40747875354107,0.17916666666666667,0.08987554162740707,257.0,0,0,0.0,pool=kernel_fused_block_mean_bf16_read_fp32_acc_bf16_write,score=kernel_bf16_torch_matmul_acc_fp32_bf16_out,select=kernel_fused_topk_mask_fp32_bisect_index_order_ties
VA_NVFP4,17,0.8,intervention_a,"routing input quantized to NVFP4, kernel arithmetic unchanged",nvfp4,kernel,kernel,kernel,1440,0.979042447923274,0.0034450239304719688,0.9894102564102564,0.9997259826205847,1.3237179487179487,0.844551282051282,0.004242685733070349,0.0,0.003596394689386758,0.0008408049330861039,0.14774368703365326,0.9896010756492615,0.14778384566307068,-6.753206253051758e-05,0.0004047546535730362,-0.00039240871073634284,0.0011969996066482549,0.004769973689303172,0.3958333333333333,0.00045961886644363403,6.805935569285084,0.5319444444444444,0.0870712511241436,256.0,0,48,0.00013354700854700856,pool=kernel_fused_block_mean_bf16_read_fp32_acc_bf16_write,score=kernel_bf16_torch_matmul_acc_fp32_bf16_out,select=kernel_fused_topk_mask_fp32_bisect_index_order_ties
VA_NVFP4,17,0.9,intervention_a,"routing input quantized to NVFP4, kernel arithmetic unchanged",nvfp4,kernel,kernel,kernel,1440,0.9727759729108347,0.005541307695777431,0.9862001424501425,0.9997259826205847,0.8693910256410257,0.6850961538461539,0.0027865096975673896,0.0,0.003337928953379676,0.0013418119786084192,0.19982167333364487,0.9816510081291199,0.1996692270040512,-1.1861324310302734e-05,0.0005285218358039856,-5.3260280972144146e-05,0.0011524349207318158,0.005086717319267265,0.4888888888888889,-0.0010241791605949402,86.34610552763819,0.43819444444444444,0.0870712511241436,242.0,0,0,0.0,pool=kernel_fused_block_mean_bf16_read_fp32_acc_bf16_write,score=kernel_bf16_torch_matmul_acc_fp32_bf16_out,select=kernel_fused_topk_mask_fp32_bisect_index_order_ties
VA_NVFP4,17,0.95,intervention_a,"routing input quantized to NVFP4, kernel arithmetic unchanged",nvfp4,kernel,kernel,kernel,1440,0.966903073286052,0.007864449149586727,0.9831730769230769,0.9997259826205847,0.5384615384615384,0.4823717948717949,0.0017258382642998027,0.0,0.003085854473079401,0.002260783104916073,0.25549155473709106,0.9711697101593018,0.2555399239063263,2.407282590866089e-05,0.0007341504096984863,9.725416515695115e-05,0.0012532285060425708,0.005104799425639019,0.5263888888888889,-0.002694465219974518,111.92974311358712,0.36041666666666666,0.0870712511241436,203.0,0,0,0.0,pool=kernel_fused_block_mean_bf16_read_fp32_acc_bf16_write,score=kernel_bf16_torch_matmul_acc_fp32_bf16_out,select=kernel_fused_topk_mask_fp32_bisect_index_order_ties
VA_NVFP4,18,0.8,intervention_a,"routing input quantized to NVFP4, kernel arithmetic unchanged",nvfp4,kernel,kernel,kernel,1440,0.9761343771376454,0.004431305325652279,0.9879230769230769,0.9995647025374794,1.5096153846153846,0.8846153846153846,0.004838510848126233,0.0,0.004132367798314085,0.000844815549368149,0.41646765172481537,0.9465621113777161,0.4162144064903259,-4.02107834815979e-05,0.0006539300084114075,-0.00016470998173345633,0.0009831011977884073,0.0030711010096922333,0.45694444444444443,-0.0008184835314750671,20.354826755604964,0.4409722222222222,0.0903613530099392,356.0,0,0,0.0,pool=kernel_fused_block_mean_bf16_read_fp32_acc_bf16_write,score=kernel_bf16_torch_matmul_acc_fp32_bf16_out,select=kernel_fused_topk_mask_fp32_bisect_index_order_ties
VA_NVFP4,18,0.9,intervention_a,"routing input quantized to NVFP4, kernel arithmetic unchanged",nvfp4,kernel,kernel,kernel,1440,0.967173738991193,0.006396529676882423,0.9833129833129833,0.9995647025374794,1.0512820512820513,0.7644230769230769,0.0033694937541091387,0.0,0.004083179981751151,0.0013204970096601404,0.5474245250225067,0.909406840801239,0.5466905832290649,-2.5779008865356445e-05,0.0008799955248832703,-6.989289105619529e-05,0.0009721182576707255,0.0030140242783105206,0.4708333333333333,-0.0017854273319244385,69.25895953757225,0.43194444444444446,0.0903613530099392,316.0,0,0,0.0,pool=kernel_fused_block_mean_bf16_read_fp32_acc_bf16_write,score=kernel_bf16_torch_matmul_acc_fp32_bf16_out,select=kernel_fused_topk_mask_fp32_bisect_index_order_ties
VA_NVFP4,18,0.95,intervention_a,"routing input quantized to NVFP4, kernel arithmetic unchanged",nvfp4,kernel,kernel,kernel,1440,0.9576470588235294,0.01178796046720576,0.9783653846153846,0.9995647025374794,0.6923076923076923,0.5881410256410257,0.0022189349112426036,0.0,0.004030747678352102,0.0021557764826145662,0.6644952297210693,0.8707447648048401,0.6646862626075745,-1.2814998626708984e-06,0.0011889934539794922,-3.1010840034549773e-06,0.0009844957258693565,0.0031575431675611504,0.4986111111111111,-0.002579718828201294,2013.046511627907,0.4173611111111111,0.0903613530099392,254.5,0,12,0.00013354700854700856,pool=kernel_fused_block_mean_bf16_read_fp32_acc_bf16_write,score=kernel_bf16_torch_matmul_acc_fp32_bf16_out,select=kernel_fused_topk_mask_fp32_bisect_index_order_ties
VA_NVFP4,19,0.8,intervention_a,"routing input quantized to NVFP4, kernel arithmetic unchanged",nvfp4,kernel,kernel,kernel,1440,0.9791177701939789,0.005093067198817636,0.9894487179487179,0.999614779714469,1.3189102564102564,0.8413461538461539,0.004227276462853386,0.0,0.0035217877580785593,0.0008357005606032608,0.16357649117708206,0.9878269731998444,0.16385933011770248,-6.537884473800659e-05,0.00036226585507392883,-0.00041196259543825934,0.0011113698846764717,0.004396945969788761,0.38055555555555554,-0.0007931739091873169,12.131965811965811,0.4395833333333333,0.08718385919928551,313.5,0,24,0.00013354700854700856,pool=kernel_fused_block_mean_bf16_read_fp32_acc_bf16_write,score=kernel_bf16_torch_matmul_acc_fp32_bf16_out,select=kernel_fused_topk_mask_fp32_bisect_index_order_ties
VA_NVFP4,19,0.9,intervention_a,"routing input quantized to NVFP4, kernel arithmetic unchanged",nvfp4,kernel,kernel,kernel,1440,0.9725037631710989,0.009597196430323973,0.9860602360602361,0.999614779714469,0.8782051282051282,0.6875,0.002814760026298488,0.0,0.0033485481089911224,0.0013151191537665568,0.22743038833141327,0.9776404798030853,0.22712009400129318,-7.050856947898865e-05,0.0005730018019676208,-0.0003127167777419282,0.0011196450636911867,0.005343800832749002,0.4152777777777778,-0.0018899664282798767,26.804776245575106,0.4,0.08718385919928551,284.0,0,0,0.0,pool=kernel_fused_block_mean_bf16_read_fp32_acc_bf16_write,score=kernel_bf16_torch_matmul_acc_fp32_bf16_out,select=kernel_fused_topk_mask_fp32_bisect_index_order_ties
VA_NVFP4,19,0.95,intervention_a,"routing input quantized to NVFP4, kernel arithmetic unchanged",nvfp4,kernel,kernel,kernel,1440,0.9655477901368245,0.016865701800897193,0.9824719551282052,0.999614779714469,0.5608974358974359,0.4951923076923077,0.0017977481919789612,0.0,0.0031464848251278954,0.002206270841639388,0.2825280427932739,0.9686455428600311,0.2825497090816498,-4.979968070983887e-05,0.0007059033960103989,-0.0001912418885074369,0.00113341774971526,0.005051862538686968,0.46111111111111114,-0.0030260831117630005,60.76511071214841,0.35833333333333334,0.08718385919928551,226.0,0,0,0.0,pool=kernel_fused_block_mean_bf16_read_fp32_acc_bf16_write,score=kernel_bf16_torch_matmul_acc_fp32_bf16_out,select=kernel_fused_topk_mask_fp32_bisect_index_order_ties
VA_NVFP4,2,0.8,intervention_a,"routing input quantized to NVFP4, kernel arithmetic unchanged",nvfp4,kernel,kernel,kernel,1440,0.9723865877712031,0.009000966231095253,0.986,0.9996795453244034,1.75,0.907051282051282,0.005608974358974359,0.0,0.005129624027740936,0.0008350676344624959,0.1401239037513733,0.9904364049434662,0.14060808718204498,1.3791024684906006e-05,0.0005125720053911209,8.629383549205986e-05,0.0016057622369687128,0.00781771135312884,0.5222222222222223,0.0005745068192481995,41.658022690437605,0.5104166666666666,0.08442806452512741,261.0,0,0,0.0,pool=kernel_fused_block_mean_bf16_read_fp32_acc_bf16_write,score=kernel_bf16_torch_matmul_acc_fp32_bf16_out,select=kernel_fused_topk_mask_fp32_bisect_index_order_ties
VA_NVFP4,2,0.9,intervention_a,"routing input quantized to NVFP4, kernel arithmetic unchanged",nvfp4,kernel,kernel,kernel,1440,0.9622886382290795,0.014973345869930266,0.9807819495319495,0.9996795453244034,1.2107371794871793,0.8012820512820513,0.0038805678829717293,0.0,0.00459133521825059,0.0012332712924069547,0.2035806104540825,0.9804205596446991,0.20354214310646057,8.761882781982422e-05,0.0008793026208877563,0.0003772373691800908,0.0018795610282046616,0.011031229124144986,0.5680555555555555,-0.001446262001991272,16.506292517006802,0.4666666666666667,0.08442806452512741,264.0,0,0,0.0,pool=kernel_fused_block_mean_bf16_read_fp32_acc_bf16_write,score=kernel_bf16_torch_matmul_acc_fp32_bf16_out,select=kernel_fused_topk_mask_fp32_bisect_index_order_ties
VA_NVFP4,2,0.95,intervention_a,"routing input quantized to NVFP4, kernel arithmetic unchanged",nvfp4,kernel,kernel,kernel,1440,0.9529561347743166,0.01452529283706172,0.9759114583333334,0.9996795453244034,0.7708333333333333,0.6266025641025641,0.002470619658119658,0.0,0.004211288951656759,0.001968827157948042,0.25621986389160156,0.9697974026203156,0.2570823132991791,6.284564733505249e-05,0.0010684579610824585,0.00022411695785167429,0.0019010272040753018,0.010633738424758737,0.5555555555555556,-0.002578519284725189,41.0294013040901,0.42986111111111114,0.08442806452512741,218.0,0,0,0.0,pool=kernel_fused_block_mean_bf16_read_fp32_acc_bf16_write,score=kernel_bf16_torch_matmul_acc_fp32_bf16_out,select=kernel_fused_topk_mask_fp32_bisect_index_order_ties
VA_NVFP4,20,0.8,intervention_a,"routing input quantized to NVFP4, kernel arithmetic unchanged",nvfp4,kernel,kernel,kernel,1440,0.9757839809514159,0.005228737818533613,0.9877435897435898,0.9996845231608356,1.532051282051282,0.8822115384615384,0.004910420775805391,0.0,0.00416873325232767,0.000839242237067129,0.13914526998996735,0.9911320507526398,0.1389370858669281,-1.5527009963989258e-05,0.00037901289761066437,-0.00010720455402694493,0.0013321498067862978,0.006377755673639132,0.4673611111111111,0.0035996660590171814,231.83253358925143,0.6145833333333334,0.085321806371212,277.0,0,0,0.0,pool=kernel_fused_block_mean_bf16_read_fp32_acc_bf16_write,score=kernel_bf16_torch_matmul_acc_fp32_bf16_out,select=kernel_fused_topk_mask_fp32_bisect_index_order_ties
VA_NVFP4,20,0.9,intervention_a,"routing input quantized to NVFP4, kernel arithmetic unchanged",nvfp4,kernel,kernel,kernel,1440,0.9670507001989752,0.010139691155945596,0.9832493894993894,0.9996845231608356,1.0552884615384617,0.7628205128205128,0.003382334812623274,0.0,0.0038996600907950565,0.0012480508840945798,0.19637880474328995,0.9835196733474731,0.19621066004037857,-5.728006362915039e-05,0.000643603503704071,-0.00022584611251581506,0.0015095810059866854,0.011158761217791134,0.4409722222222222,0.0010263621807098389,17.91831425598335,0.5194444444444445,0.085321806371212,264.0,0,0,0.0,pool=kernel_fused_block_mean_bf16_read_fp32_acc_bf16_write,score=kernel_bf16_torch_matmul_acc_fp32_bf16_out,select=kernel_fused_topk_mask_fp32_bisect_index_order_ties
VA_NVFP4,20,0.95,intervention_a,"routing input quantized to NVFP4, kernel arithmetic unchanged",nvfp4,kernel,kernel,kernel,1440,0.9620231410301481,0.008577296570442372,0.980644030448718,0.9996845231608356,0.6193910256410257,0.5384615384615384,0.0019852276462853386,0.0,0.0036175193596995883,0.002230172842300515,0.2420286163687706,0.9759085476398468,0.24135667830705643,5.932152271270752e-05,0.0006320551037788391,0.0002204892826513189,0.0013766768190068093,0.00720565336334072,0.5416666666666666,-0.0003258064389228821,5.492213011806079,0.49444444444444446,0.085321806371212,212.0,0,0,0.0,pool=kernel_fused_block_mean_bf16_read_fp32_acc_bf16_write,score=kernel_bf16_torch_matmul_acc_fp32_bf16_out,select=kernel_fused_topk_mask_fp32_bisect_index_order_ties
VA_NVFP4,21,0.8,intervention_a,"routing input quantized to NVFP4, kernel arithmetic unchanged",nvfp4,kernel,kernel,kernel,1440,0.9770986078724555,0.0045917184385152465,0.9884166666666667,0.9997208115124734,1.4479166666666665,0.8677884615384616,0.004640758547008547,0.0,0.003927299721473362,0.0008485192557293597,0.1660485863685608,0.9872835278511047,0.16669340431690216,-6.668269634246826e-06,0.000403769314289093,-4.1364322585035174e-05,0.0011646952491418255,0.004971886492738038,0.49027777777777776,0.0014810189604759216,222.09944134078214,0.5819444444444445,0.08595098927617073,298.5,0,24,0.00013354700854700856,pool=kernel_fused_block_mean_bf16_read_fp32_acc_bf16_write,score=kernel_bf16_torch_matmul_acc_fp32_bf16_out,select=kernel_fused_topk_mask_fp32_bisect_index_order_ties
VA_NVFP4,21,0.9,intervention_a,"routing input quantized to NVFP4, kernel arithmetic unchanged",nvfp4,kernel,kernel,kernel,1440,0.9691444600280504,0.006606231341889313,0.9843304843304843,0.9997208115124734,0.9871794871794871,0.7371794871794872,0.0031640368178829717,0.0,0.003699370576901069,0.0013016771532266278,0.24862009286880493,0.9761757552623749,0.2483912780880928,3.358721733093262e-05,0.0006322190165519714,0.00014056730276813145,0.0012689890768043698,0.005933674739997978,0.5395833333333333,0.0006503164768218994,19.362023070097603,0.5152777777777777,0.08595098927617073,281.0,0,0,0.0,pool=kernel_fused_block_mean_bf16_read_fp32_acc_bf16_write,score=kernel_bf16_torch_matmul_acc_fp32_bf16_out,select=kernel_fused_topk_mask_fp32_bisect_index_order_ties
VA_NVFP4,21,0.95,intervention_a,"routing input quantized to NVFP4, kernel arithmetic unchanged",nvfp4,kernel,kernel,kernel,1440,0.9626498918812659,0.0073984281765261395,0.9809695512820513,0.9997208115124734,0.6089743589743589,0.5336538461538461,0.0019518408941485864,0.0,0.0035003118490355613,0.002183586320617961,0.3054644465446472,0.9652111232280731,0.3057820498943329,8.145719766616821e-05,0.0006797127425670624,0.000228569196289234,0.0010966121993787193,0.00475626761369791,0.5645833333333333,-0.00018896162509918213,2.319765846519711,0.49930555555555556,0.08595098927617073,231.0,0,0,0.0,pool=kernel_fused_block_mean_bf16_read_fp32_acc_bf16_write,score=kernel_bf16_torch_matmul_acc_fp32_bf16_out,select=kernel_fused_topk_mask_fp32_bisect_index_order_ties
VA_NVFP4,22,0.8,intervention_a,"routing input quantized to NVFP4, kernel arithmetic unchanged",nvfp4,kernel,kernel,kernel,1440,0.9752586195981109,0.007572759630616432,0.987474358974359,0.9996694528349186,1.5657051282051282,0.8910256410256411,0.005018285667324129,0.0,0.004100664129576121,0.0008308774238797156,0.28558698296546936,0.9697689414024353,0.28586331009864807,-1.786649227142334e-05,0.0004258193075656891,-7.391421425240125e-05,0.0008263206321510902,0.0026554178097800752,0.4625,-0.0017540603876113892,98.17597998331944,0.3784722222222222,0.08937282115221024,377.0,0,12,0.00013354700854700856,pool=kernel_fused_block_mean_bf16_read_fp32_acc_bf16_write,score=kernel_bf16_torch_matmul_acc_fp32_bf16_out,select=kernel_fused_topk_mask_fp32_bisect_index_order_ties
VA_NVFP4,22,0.9,intervention_a,"routing input quantized to NVFP4, kernel arithmetic unchanged",nvfp4,kernel,kernel,kernel,1440,0.9666816749212067,0.013918312401159594,0.983058608058608,0.9996694528349186,1.0673076923076923,0.7644230769230769,0.0034208579881656806,0.0,0.00393762535581149,0.0012806579444236154,0.4395757019519806,0.9423918128013611,0.43934834003448486,6.534159183502197e-06,0.0006955042481422424,2.1728775817509603e-05,0.000871025188754099,0.002876230925935626,0.50625,-0.0042647868394851685,652.6909920182441,0.34375,0.08937282115221024,336.0,0,24,0.00013354700854700856,pool=kernel_fused_block_mean_bf16_read_fp32_acc_bf16_write,score=kernel_bf16_torch_matmul_acc_fp32_bf16_out,select=kernel_fused_topk_mask_fp32_bisect_index_order_ties
VA_NVFP4,22,0.95,intervention_a,"routing input quantized to NVFP4, kernel arithmetic unchanged",nvfp4,kernel,kernel,kernel,1440,0.9573112467950373,0.021258005581551886,0.9781901041666667,0.9996694528349186,0.6979166666666666,0.5865384615384616,0.002236912393162393,0.0,0.0038278248746529226,0.0020520353644899176,0.5430276989936829,0.9137193560600281,0.542433112859726,6.0521066188812256e-05,0.0009337365627288818,0.00015767056186456616,0.000949893882392052,0.0034765904641013137,0.5347222222222222,-0.006450653076171875,106.58525175427798,0.3277777777777778,0.08937282115221024,277.5,0,0,0.0,pool=kernel_fused_block_mean_bf16_read_fp32_acc_bf16_write,score=kernel_bf16_torch_matmul_acc_fp32_bf16_out,select=kernel_fused_topk_mask_fp32_bisect_index_order_ties
VA_NVFP4,23,0.8,intervention_a,"routing input quantized to NVFP4, kernel arithmetic unchanged",nvfp4,kernel,kernel,kernel,1440,0.9744835965978129,0.010678889703861105,0.9870769230769231,0.9997089479329501,1.6153846153846154,0.9006410256410257,0.005177514792899409,0.0,0.004002089985188311,0.0007893059716835263,0.2298850417137146,0.9768171906471252,0.23004470765590668,6.98976218700409e-05,0.0006627775728702545,0.00037622044440751483,0.0013818422163141791,0.004811629684877875,0.5805555555555556,-0.0010442882776260376,14.94025475670202,0.43125,0.08815125748515129,417.0,0,0,0.0,pool=kernel_fused_block_mean_bf16_read_fp32_acc_bf16_write,score=kernel_bf16_torch_matmul_acc_fp32_bf16_out,select=kernel_fused_topk_mask_fp32_bisect_index_order_ties
VA_NVFP4,23,0.9,intervention_a,"routing input quantized to NVFP4, kernel arithmetic unchanged",nvfp4,kernel,kernel,kernel,1440,0.9660915228807202,0.015022546504368961,0.9827533577533577,0.9997089479329501,1.0865384615384615,0.7772435897435898,0.0034824950690335306,0.0,0.003974632886158932,0.0012406938712839592,0.33811303973197937,0.955719530582428,0.33838512003421783,9.225308895111084e-05,0.000938093289732933,0.00028330824990938964,0.0012748862718227612,0.0049803512217273735,0.5694444444444444,-0.0030765533447265625,33.34905507995477,0.36736111111111114,0.08815125748515129,361.0,0,0,0.0,pool=kernel_fused_block_mean_bf16_read_fp32_acc_bf16_write,score=kernel_bf16_torch_matmul_acc_fp32_bf16_out,select=kernel_fused_topk_mask_fp32_bisect_index_order_ties
VA_NVFP4,23,0.95,intervention_a,"routing input quantized to NVFP4, kernel arithmetic unchanged",nvfp4,kernel,kernel,kernel,1440,0.9573592118806058,0.018934252225457637,0.9782151442307693,0.9997089479329501,0.6971153846153846,0.5913461538461539,0.002234344181459566,0.0,0.003900412174795873,0.002065555247318861,0.4146254062652588,0.9351772964000702,0.4146086573600769,0.00017084181308746338,0.0011446699500083923,0.0004306380853076559,0.0012576916381643718,0.005447939286380835,0.5958333333333333,-0.004592478275299072,26.881465329262973,0.3458333333333333,0.08815125748515129,275.5,0,0,0.0,pool=kernel_fused_block_mean_bf16_read_fp32_acc_bf16_write,score=kernel_bf16_torch_matmul_acc_fp32_bf16_out,select=kernel_fused_topk_mask_fp32_bisect_index_order_ties
VA_NVFP4,24,0.8,intervention_a,"routing input quantized to NVFP4, kernel arithmetic unchanged",nvfp4,kernel,kernel,kernel,1440,0.9776876267748479,0.00419825160015197,0.9887179487179487,0.9997273496323101,1.4102564102564101,0.8621794871794872,0.004520052596975674,0.0,0.0038457935803524693,0.0008448153449029855,0.34828774631023407,0.9613901078701019,0.3482593894004822,2.942979335784912e-07,0.0005610883235931396,1.0463358057605517e-06,0.0009095060022734482,0.003333473344294404,0.5013888888888889,-0.0009394660592079163,3192.227848101266,0.42986111111111114,0.09022284299135208,329.0,0,0,0.0,pool=kernel_fused_block_mean_bf16_read_fp32_acc_bf16_write,score=kernel_bf16_torch_matmul_acc_fp32_bf16_out,select=kernel_fused_topk_mask_fp32_bisect_index_order_ties
VA_NVFP4,24,0.9,intervention_a,"routing input quantized to NVFP4, kernel arithmetic unchanged",nvfp4,kernel,kernel,kernel,1440,0.969884498784857,0.0069037631710988645,0.9847120472120472,0.9997273496323101,0.9631410256410257,0.7243589743589743,0.003086990466798159,0.0,0.0036685079602953863,0.001305074857613921,0.4741976857185364,0.9315505027770996,0.4742249846458435,1.1362135410308838e-05,0.0006311498582363129,3.725338258001394e-05,0.0007527695751732509,0.0026253697463083777,0.5111111111111111,-0.0020821988582611084,183.2577049180328,0.3888888888888889,0.09022284299135208,298.0,0,0,0.0,pool=kernel_fused_block_mean_bf16_read_fp32_acc_bf16_write,score=kernel_bf16_torch_matmul_acc_fp32_bf16_out,select=kernel_fused_topk_mask_fp32_bisect_index_order_ties
VA_NVFP4,24,0.95,intervention_a,"routing input quantized to NVFP4, kernel arithmetic unchanged",nvfp4,kernel,kernel,kernel,1440,0.9617821879451786,0.01077857060158427,0.9805188301282052,0.9997273496323101,0.6233974358974359,0.5424679487179487,0.001998068704799474,0.0,0.003563752664909426,0.0021502425003505506,0.5637744069099426,0.9082679748535156,0.5639987885951996,4.6625733375549316e-05,0.0008944272994995117,9.950486633229717e-05,0.0008098508204116954,0.002495563504273674,0.5319444444444444,-0.0025044381618499756,53.71364653243848,0.38263888888888886,0.09022284299135208,236.0,0,0,0.0,pool=kernel_fused_block_mean_bf16_read_fp32_acc_bf16_write,score=kernel_bf16_torch_matmul_acc_fp32_bf16_out,select=kernel_fused_topk_mask_fp32_bisect_index_order_ties
VA_NVFP4,25,0.8,intervention_a,"routing input quantized to NVFP4, kernel arithmetic unchanged",nvfp4,kernel,kernel,kernel,1440,0.9757714691793061,0.00880465101033312,0.9877371794871794,0.9996708083955241,1.5328525641025639,0.875,0.004912988987508218,0.0,0.003921973329226185,0.0008148939211686135,0.23048167675733566,0.9773156046867371,0.23047610372304916,-1.2654811143875122e-05,0.0004131607711315155,-7.028962839134981e-05,0.0009173136199857286,0.003001678136025703,0.47847222222222224,-0.0022426247596740723,177.21518987341773,0.3020833333333333,0.08927631005644798,383.0,0,12,0.00013354700854700856,pool=kernel_fused_block_mean_bf16_read_fp32_acc_bf16_write,score=kernel_bf16_torch_matmul_acc_fp32_bf16_out,select=kernel_fused_topk_mask_fp32_bisect_index_order_ties
VA_NVFP4,25,0.9,intervention_a,"routing input quantized to NVFP4, kernel arithmetic unchanged",nvfp4,kernel,kernel,kernel,1440,0.965305204219367,0.015766469418158846,0.9823463573463573,0.9996708083955241,1.1121794871794872,0.7748397435897436,0.003564677843523997,0.0,0.003766512174627119,0.0012131482404637683,0.34460577368736267,0.9541314244270325,0.3445001244544983,1.8596649169921875e-05,0.0005412660539150238,7.140968137347699e-05,0.0008949417670405954,0.003049752416995255,0.5166666666666667,-0.0048292651772499084,259.6846955128205,0.2513888888888889,0.08927631005644798,341.5,0,0,0.0,pool=kernel_fused_block_mean_bf16_read_fp32_acc_bf16_write,score=kernel_bf16_torch_matmul_acc_fp32_bf16_out,select=kernel_fused_topk_mask_fp32_bisect_index_order_ties
VA_NVFP4,25,0.95,intervention_a,"routing input quantized to NVFP4, kernel arithmetic unchanged",nvfp4,kernel,kernel,kernel,1440,0.9541984732824428,0.02299807864272896,0.9765625,0.9996708083955241,0.75,0.6169871794871795,0.002403846153846154,0.0,0.003718005588376338,0.001897175296074452,0.4047711044549942,0.938531368970871,0.40431395173072815,4.146993160247803e-05,0.000721413642168045,0.0001087203954197258,0.0009372195464554579,0.0031515313891000924,0.5409722222222222,-0.007709339261054993,185.901904419691,0.21944444444444444,0.08927631005644798,284.0,0,0,0.0,pool=kernel_fused_block_mean_bf16_read_fp32_acc_bf16_write,score=kernel_bf16_torch_matmul_acc_fp32_bf16_out,select=kernel_fused_topk_mask_fp32_bisect_index_order_ties
VA_NVFP4,26,0.8,intervention_a,"routing input quantized to NVFP4, kernel arithmetic unchanged",nvfp4,kernel,kernel,kernel,1440,0.9745460766178704,0.01270041492756524,0.9871089743589743,0.9997206618680685,1.611378205128205,0.8942307692307693,0.005164673734385273,0.0,0.003925204980066275,0.0008261100874670728,0.15238706022500992,0.9890532493591309,0.15273969620466232,-2.1748244762420654e-05,0.0004118606448173523,-0.0001508235785551024,0.0013568101549469099,0.00509783154170375,0.4708333333333333,-0.001608867198228836,73.97687564234327,0.3840277777777778,0.0878293402493,412.5,0,0,0.0,pool=kernel_fused_block_mean_bf16_read_fp32_acc_bf16_write,score=kernel_bf16_torch_matmul_acc_fp32_bf16_out,select=kernel_fused_topk_mask_fp32_bisect_index_order_ties
VA_NVFP4,26,0.9,intervention_a,"routing input quantized to NVFP4, kernel arithmetic unchanged",nvfp4,kernel,kernel,kernel,1440,0.9645686014842207,0.01878481628925932,0.9819647944647945,0.9997206618680685,1.1362179487179487,0.7852564102564102,0.00364172419460881,0.0,0.0038419693222353744,0.0012517190258136796,0.2179400473833084,0.978297233581543,0.21795284003019333,2.2802501916885376e-05,0.0006890520453453064,0.00012320883085448398,0.0016204009925437895,0.006406464142099942,0.5201388888888889,-0.004847303032875061,212.5776833850678,0.29097222222222224,0.0878293402493,369.0,0,0,0.0,pool=kernel_fused_block_mean_bf16_read_fp32_acc_bf16_write,score=kernel_bf16_torch_matmul_acc_fp32_bf16_out,select=kernel_fused_topk_mask_fp32_bisect_index_order_ties
VA_NVFP4,26,0.95,intervention_a,"routing input quantized to NVFP4, kernel arithmetic unchanged",nvfp4,kernel,kernel,kernel,1440,0.9542941032542207,0.024350829735881763,0.9766125801282052,0.9997206618680685,0.7483974358974359,0.6185897435897436,0.0023987097304404995,0.0,0.0038139822061789555,0.002035536916489282,0.27580100297927856,0.9671738743782043,0.27570781111717224,6.918609142303467e-05,0.0008312426507472992,0.00025535837518027,0.0015629352072738878,0.006069456807662334,0.5520833333333334,-0.008230343461036682,118.95950893818652,0.26805555555555555,0.0878293402493,310.0,0,0,0.0,pool=kernel_fused_block_mean_bf16_read_fp32_acc_bf16_write,score=kernel_bf16_torch_matmul_acc_fp32_bf16_out,select=kernel_fused_topk_mask_fp32_bisect_index_order_ties
VA_NVFP4,27,0.8,intervention_a,"routing input quantized to NVFP4, kernel arithmetic unchanged",nvfp4,kernel,kernel,kernel,1440,0.9720001264890437,0.01785816654000738,0.985801282051282,0.9997153031821631,1.7748397435897436,0.9134615384615384,0.005688588921761999,0.0,0.004899405543904594,0.0008404803698588484,0.13169340044260025,0.9915410876274109,0.1307222694158554,3.429129719734192e-05,0.0006345584988594055,0.0002639647625593682,0.0023093850577049733,0.00907928003856306,0.5305555555555556,-0.0007706768810749054,22.47441607821836,0.43125,0.085114736109972,319.0,0,0,0.0,pool=kernel_fused_block_mean_bf16_read_fp32_acc_bf16_write,score=kernel_bf16_torch_matmul_acc_fp32_bf16_out,select=kernel_fused_topk_mask_fp32_bisect_index_order_ties
VA_NVFP4,27,0.9,intervention_a,"routing input quantized to NVFP4, kernel arithmetic unchanged",nvfp4,kernel,kernel,kernel,1440,0.9618234897821694,0.02527114403205233,0.980540293040293,0.9997153031821631,1.2259615384615383,0.8157051282051282,0.003929363905325444,0.0,0.004562196906499531,0.0013258647259176788,0.18913030624389648,0.9829997420310974,0.18899594992399216,2.020224928855896e-05,0.0008699409663677216,9.622689661465257e-05,0.0023278870088852175,0.012040153647505505,0.5208333333333334,-0.002133212983608246,105.59284528858565,0.3506944444444444,0.085114736109972,285.0,0,0,0.0,pool=kernel_fused_block_mean_bf16_read_fp32_acc_bf16_write,score=kernel_bf16_torch_matmul_acc_fp32_bf16_out,select=kernel_fused_topk_mask_fp32_bisect_index_order_ties
VA_NVFP4,27,0.95,intervention_a,"routing input quantized to NVFP4, kernel arithmetic unchanged",nvfp4,kernel,kernel,kernel,1440,0.9517630683892566,0.03426405240550079,0.9752854567307692,0.9997153031821631,0.7908653846153846,0.6266025641025641,0.0025348249506903352,0.0,0.004309635336097364,0.0021294859969438772,0.2376439869403839,0.9736490547657013,0.23759659379720688,0.000124320387840271,0.0011063739657402039,0.00047504688971562124,0.0024628624517075534,0.016616630404725007,0.5819444444444445,-0.0035148411989212036,28.272443965000598,0.2826388888888889,0.085114736109972,240.0,0,0,0.0,pool=kernel_fused_block_mean_bf16_read_fp32_acc_bf16_write,score=kernel_bf16_torch_matmul_acc_fp32_bf16_out,select=kernel_fused_topk_mask_fp32_bisect_index_order_ties
VA_NVFP4,28,0.8,intervention_a,"routing input quantized to NVFP4, kernel arithmetic unchanged",nvfp4,kernel,kernel,kernel,1440,0.9711155756036541,0.015850061052836817,0.9853461538461539,0.9986890074526392,1.8317307692307692,0.9134615384615384,0.0058709319526627215,0.0,0.005149302333928976,0.0008230252172999092,0.11289466917514801,0.9936703443527222,0.11343913897871971,-4.7050416469573975e-05,0.0005404576659202576,-0.00043048746361061015,0.0022597569881257847,0.015862960355744284,0.43472222222222223,-0.0008309558033943176,17.660965954077593,0.4534722222222222,0.08170996978878975,307.0,0,0,0.0,pool=kernel_fused_block_mean_bf16_read_fp32_acc_bf16_write,score=kernel_bf16_torch_matmul_acc_fp32_bf16_out,select=kernel_fused_topk_mask_fp32_bisect_index_order_ties
VA_NVFP4,28,0.9,intervention_a,"routing input quantized to NVFP4, kernel arithmetic unchanged",nvfp4,kernel,kernel,kernel,1440,0.9583540898674903,0.02362313886633194,0.9787342287342288,0.9986890074526392,1.3397435897435896,0.8333333333333334,0.00429404996712689,0.0,0.004554155190315637,0.001244906607563445,0.15348367393016815,0.9883815050125122,0.15272367000579834,-7.361173629760742e-05,0.0009307041764259338,-0.0003292030945186067,0.0025683783526530383,0.018726943103982683,0.44722222222222224,-0.0015872381627559662,21.562297570850202,0.4131944444444444,0.08170996978878975,297.5,0,0,0.0,pool=kernel_fused_block_mean_bf16_read_fp32_acc_bf16_write,score=kernel_bf16_torch_matmul_acc_fp32_bf16_out,select=kernel_fused_topk_mask_fp32_bisect_index_order_ties
VA_NVFP4,28,0.95,intervention_a,"routing input quantized to NVFP4, kernel arithmetic unchanged",nvfp4,kernel,kernel,kernel,1440,0.9483351639840509,0.030112818743409764,0.9734825721153846,0.9986890074526392,0.8485576923076923,0.6602564102564102,0.0027197361932938856,0.0,0.003949628251850284,0.0020259607981325933,0.19345977157354355,0.9820272922515869,0.1929931789636612,-3.8821250200271606e-05,0.0012288279831409454,-0.00018074875980293172,0.002743832827998607,0.019286252203114324,0.4708333333333333,-0.0026177093386650085,67.42980520103637,0.39166666666666666,0.08170996978878975,250.0,0,0,0.0,pool=kernel_fused_block_mean_bf16_read_fp32_acc_bf16_write,score=kernel_bf16_torch_matmul_acc_fp32_bf16_out,select=kernel_fused_topk_mask_fp32_bisect_index_order_ties
VA_NVFP4,29,0.8,intervention_a,"routing input quantized to NVFP4, kernel arithmetic unchanged",nvfp4,kernel,kernel,kernel,1440,0.9738465335110263,0.016099983595923018,0.98675,0.9993720134395608,1.65625,0.8990384615384616,0.00530849358974359,0.0,0.004633465395372228,0.0008437318799981489,0.12167958915233612,0.9932048916816711,0.12169839441776276,-1.3152137398719788e-05,0.0005154004320502281,-8.544080607893813e-05,0.0023054449205534094,0.00910590373993215,0.4826388888888889,0.00025452300906181335,19.35221639994335,0.5020833333333333,0.08485564589500427,295.0,0,0,0.0,pool=kernel_fused_block_mean_bf16_read_fp32_acc_bf16_write,score=kernel_bf16_torch_matmul_acc_fp32_bf16_out,select=kernel_fused_topk_mask_fp32_bisect_index_order_ties
VA_NVFP4,29,0.9,intervention_a,"routing input quantized to NVFP4, kernel arithmetic unchanged",nvfp4,kernel,kernel,kernel,1440,0.964838625339568,0.021445472523465514,0.9821047008547008,0.9993720134395608,1.1274038461538463,0.7836538461538461,0.0036134738658777123,0.0,0.004346233267047665,0.0012729158680168857,0.1715734377503395,0.9860791265964508,0.17080923169851303,-1.3053417205810547e-05,0.0009420253336429596,-9.340825613823398e-05,0.0027545854373708977,0.014139497322162053,0.48819444444444443,-0.0012090057134628296,92.61986301369863,0.45694444444444443,0.08485564589500427,291.5,0,0,0.0,pool=kernel_fused_block_mean_bf16_read_fp32_acc_bf16_write,score=kernel_bf16_torch_matmul_acc_fp32_bf16_out,select=kernel_fused_topk_mask_fp32_bisect_index_order_ties
VA_NVFP4,29,0.95,intervention_a,"routing input quantized to NVFP4, kernel arithmetic unchanged",nvfp4,kernel,kernel,kernel,1440,0.9569276013217269,0.03021589043142381,0.9779897836538461,0.9993720134395608,0.704326923076923,0.5889423076923077,0.00225745808678501,0.0,0.003944557674674211,0.002063523720543209,0.22584401816129684,0.9763574600219727,0.22543161362409592,-0.00011722743511199951,0.001166040077805519,-0.00043016927159742976,0.002433564641928886,0.017386139383381717,0.4423611111111111,-0.0019483044743537903,16.619867802211772,0.43194444444444446,0.08485564589500427,238.0,0,0,0.0,pool=kernel_fused_block_mean_bf16_read_fp32_acc_bf16_write,score=kernel_bf16_torch_matmul_acc_fp32_bf16_out,select=kernel_fused_topk_mask_fp32_bisect_index_order_ties
VA_NVFP4,3,0.8,intervention_a,"routing input quantized to NVFP4, kernel arithmetic unchanged",nvfp4,kernel,kernel,kernel,1440,0.975433709003419,0.010432985739142975,0.9875641025641025,0.9994888292395404,1.5544871794871795,0.875,0.004982330703484549,0.0,0.0039455437131046,0.0007866062458921063,0.20490674674510956,0.9803207814693451,0.20492937415838242,1.692958176136017e-05,0.00036709755659103394,9.920471137272992e-05,0.0009930408781410843,0.0035180794150694978,0.5229166666666667,-0.0019805431365966797,116.98712729673231,0.3645833333333333,0.08808088302612305,283.0,0,0,0.0,pool=kernel_fused_block_mean_bf16_read_fp32_acc_bf16_write,score=kernel_bf16_torch_matmul_acc_fp32_bf16_out,select=kernel_fused_topk_mask_fp32_bisect_index_order_ties
VA_NVFP4,3,0.9,intervention_a,"routing input quantized to NVFP4, kernel arithmetic unchanged",nvfp4,kernel,kernel,kernel,1440,0.9668292682926829,0.015539358099933342,0.9831349206349206,0.9994888292395404,1.0625,0.7564102564102564,0.003405448717948718,0.0,0.003600807793450037,0.0011969920607302633,0.2893371134996414,0.9623242020606995,0.2893918752670288,6.591528654098511e-05,0.0005345940589904785,0.0002562071478107522,0.00095619543588696,0.0062517911053098065,0.5965277777777778,-0.004233494400978088,64.22629139821409,0.3298611111111111,0.08808088302612305,298.0,0,0,0.0,pool=kernel_fused_block_mean_bf16_read_fp32_acc_bf16_write,score=kernel_bf16_torch_matmul_acc_fp32_bf16_out,select=kernel_fused_topk_mask_fp32_bisect_index_order_ties
VA_NVFP4,3,0.95,intervention_a,"routing input quantized to NVFP4, kernel arithmetic unchanged",nvfp4,kernel,kernel,kernel,1440,0.9573592118806058,0.021379049625300794,0.9782151442307693,0.9994888292395404,0.6971153846153846,0.5849358974358975,0.002234344181459566,0.0,0.00342829507601607,0.0019343698493230876,0.3722629249095917,0.9402541816234589,0.3719335347414017,0.00011581182479858398,0.0009873956441879272,0.0003614949473015781,0.0012079940631061423,0.011735268905444973,0.59375,-0.006157323718070984,53.16662377766341,0.3145833333333333,0.08808088302612305,258.0,0,0,0.0,pool=kernel_fused_block_mean_bf16_read_fp32_acc_bf16_write,score=kernel_bf16_torch_matmul_acc_fp32_bf16_out,select=kernel_fused_topk_mask_fp32_bisect_index_order_ties
VA_NVFP4,4,0.8,intervention_a,"routing input quantized to NVFP4, kernel arithmetic unchanged",nvfp4,kernel,kernel,kernel,1440,0.9781891960436216,0.008976408501082389,0.9889743589743589,0.9996761053460896,1.3782051282051282,0.8477564102564102,0.00441732412886259,0.0,0.0035987803806600844,0.0008461203002626531,0.21552295982837677,0.9789747595787048,0.2153560370206833,1.1913478374481201e-05,0.0004464089870452881,5.934050682800208e-05,0.00100726251567114,0.004003392417252714,0.5229166666666667,-0.002154141664505005,180.81550969355848,0.35208333333333336,0.08669881895184517,290.0,0,36,0.00013354700854700856,pool=kernel_fused_block_mean_bf16_read_fp32_acc_bf16_write,score=kernel_bf16_torch_matmul_acc_fp32_bf16_out,select=kernel_fused_topk_mask_fp32_bisect_index_order_ties
VA_NVFP4,4,0.9,intervention_a,"routing input quantized to NVFP4, kernel arithmetic unchanged",nvfp4,kernel,kernel,kernel,1440,0.9707485809765373,0.011849127564346529,0.9851572039072038,0.9996761053460896,0.9350961538461539,0.7067307692307693,0.0029971030571992107,0.0,0.0034800618638637986,0.0013187117795642395,0.3108462542295456,0.9594441950321198,0.3111644834280014,8.23289155960083e-05,0.0006675086915493011,0.00026243293797528387,0.0009914121631074769,0.005131579667404193,0.5694444444444444,-0.004453256726264954,54.0910407239819,0.2986111111111111,0.08669881895184517,269.0,0,12,0.00013354700854700856,pool=kernel_fused_block_mean_bf16_read_fp32_acc_bf16_write,score=kernel_bf16_torch_matmul_acc_fp32_bf16_out,select=kernel_fused_topk_mask_fp32_bisect_index_order_ties
VA_NVFP4,4,0.95,intervention_a,"routing input quantized to NVFP4, kernel arithmetic unchanged",nvfp4,kernel,kernel,kernel,1440,0.9616376463928423,0.017891579858038242,0.9804437099358974,0.9996761053460896,0.625801282051282,0.5384615384615384,0.0020057733399079553,0.0,0.0033425472230872366,0.0021016415869223783,0.3736567944288254,0.9445233643054962,0.3737389147281647,8.58306884765625e-05,0.0008935108780860901,0.00022262058345880138,0.0011460065357903515,0.006368437429869767,0.5569444444444445,-0.007205933332443237,83.95520833333333,0.2777777777777778,0.08669881895184517,227.0,0,0,0.0,pool=kernel_fused_block_mean_bf16_read_fp32_acc_bf16_write,score=kernel_bf16_torch_matmul_acc_fp32_bf16_out,select=kernel_fused_topk_mask_fp32_bisect_index_order_ties
VA_NVFP4,5,0.8,intervention_a,"routing input quantized to NVFP4, kernel arithmetic unchanged",nvfp4,kernel,kernel,kernel,1440,0.9772113715002725,0.0054934997065574365,0.988474358974359,0.9996043002702026,1.4407051282051282,0.8621794871794872,0.004617644641683103,0.0,0.0042979057116951935,0.0008915148659161099,0.16664332151412964,0.9867582321166992,0.16699208319187164,-0.00012918561697006226,0.0004968941211700439,-0.000662879164967103,0.0013365871890565705,0.006203986934376212,0.3298611111111111,-0.0008241608738899231,6.379664340504066,0.475,0.08532936871051788,244.0,0,12,0.00013354700854700856,pool=kernel_fused_block_mean_bf16_read_fp32_acc_bf16_write,score=kernel_bf16_torch_matmul_acc_fp32_bf16_out,select=kernel_fused_topk_mask_fp32_bisect_index_order_ties
VA_NVFP4,5,0.9,intervention_a,"routing input quantized to NVFP4, kernel arithmetic unchanged",nvfp4,kernel,kernel,kernel,1440,0.9698598221739088,0.009214322268850217,0.9846993284493284,0.9996043002702026,0.9639423076923077,0.7227564102564102,0.0030895586785009864,0.0,0.0039454452112388,0.001349091133846801,0.23963536322116852,0.9735990464687347,0.2393409013748169,-9.082257747650146e-05,0.0007318966090679169,-0.0003246386007269595,0.0012744610135865492,0.006543480291045492,0.4263888888888889,-0.0030731111764907837,33.83642329778507,0.42083333333333334,0.08532936871051788,246.5,0,0,0.0,pool=kernel_fused_block_mean_bf16_read_fp32_acc_bf16_write,score=kernel_bf16_torch_matmul_acc_fp32_bf16_out,select=kernel_fused_topk_mask_fp32_bisect_index_order_ties
VA_NVFP4,5,0.95,intervention_a,"routing input quantized to NVFP4, kernel arithmetic unchanged",nvfp4,kernel,kernel,kernel,1440,0.9619267531672413,0.010973202646566205,0.9805939503205128,0.9996043002702026,0.6209935897435898,0.5400641025641025,0.001990364069690993,0.0,0.0036135117732274966,0.0021598394979949866,0.2939605116844177,0.9612654745578766,0.29378384351730347,-9.57101583480835e-05,0.0010006316006183624,-0.00025182424452247713,0.0016275786609528504,0.0066289116444076925,0.4388888888888889,-0.0061848461627960205,64.62058228242255,0.3770833333333333,0.08532936871051788,197.0,0,0,0.0,pool=kernel_fused_block_mean_bf16_read_fp32_acc_bf16_write,score=kernel_bf16_torch_matmul_acc_fp32_bf16_out,select=kernel_fused_topk_mask_fp32_bisect_index_order_ties
VA_NVFP4,6,0.8,intervention_a,"routing input quantized to NVFP4, kernel arithmetic unchanged",nvfp4,kernel,kernel,kernel,1440,0.9784275306595738,0.0076785313240724795,0.9890961538461538,0.9997854427296914,1.3629807692307692,0.844551282051282,0.004368528106508876,0.0,0.0034328119137170803,0.0008281412188116764,0.2860627621412277,0.9651046097278595,0.2863178253173828,-1.773238182067871e-05,0.00036265887320041656,-6.337316823190523e-05,0.0006754627447880259,0.002824508514937446,0.4798611111111111,-0.003117173910140991,175.78991596638656,0.28888888888888886,0.09077318757772446,360.0,0,0,0.0,pool=kernel_fused_block_mean_bf16_read_fp32_acc_bf16_write,score=kernel_bf16_torch_matmul_acc_fp32_bf16_out,select=kernel_fused_topk_mask_fp32_bisect_index_order_ties
VA_NVFP4,6,0.9,intervention_a,"routing input quantized to NVFP4, kernel arithmetic unchanged",nvfp4,kernel,kernel,kernel,1440,0.9697857948139798,0.01218059487247325,0.9846611721611722,0.9997854427296914,0.9663461538461539,0.719551282051282,0.0030972633136094677,0.0,0.003377235865132923,0.0012709133668102378,0.4149916172027588,0.9349604249000549,0.41512657701969147,2.6538968086242676e-05,0.000616610050201416,6.460373809004194e-05,0.0007387370680030138,0.003364027097315131,0.5291666666666667,-0.007467612624168396,281.38293093767544,0.22083333333333333,0.09077318757772446,325.0,0,0,0.0,pool=kernel_fused_block_mean_bf16_read_fp32_acc_bf16_write,score=kernel_bf16_torch_matmul_acc_fp32_bf16_out,select=kernel_fused_topk_mask_fp32_bisect_index_order_ties
VA_NVFP4,6,0.95,intervention_a,"routing input quantized to NVFP4, kernel arithmetic unchanged",nvfp4,kernel,kernel,kernel,1440,0.9587032223257639,0.01827327061807482,0.9789162660256411,0.9997854427296914,0.6746794871794871,0.5689102564102564,0.0021624342537804077,0.0,0.0033274342697421746,0.0019847156854826084,0.5130373537540436,0.909505695104599,0.5132822096347809,2.269446849822998e-05,0.0008889064192771912,4.2787852692059236e-05,0.0009419577104275573,0.003690312138513041,0.5131944444444444,-0.012193143367767334,537.273801707157,0.18819444444444444,0.09077318757772446,261.0,0,0,0.0,pool=kernel_fused_block_mean_bf16_read_fp32_acc_bf16_write,score=kernel_bf16_torch_matmul_acc_fp32_bf16_out,select=kernel_fused_topk_mask_fp32_bisect_index_order_ties
VA_NVFP4,7,0.8,intervention_a,"routing input quantized to NVFP4, kernel arithmetic unchanged",nvfp4,kernel,kernel,kernel,1440,0.9791679885450534,0.007878515640932227,0.989474358974359,0.9996643537576999,1.3157051282051282,0.8381410256410257,0.004217003616042077,0.0,0.0035764885913036866,0.000852075756021952,0.22895906120538712,0.9761378467082977,0.22912730276584625,-1.4249235391616821e-05,0.0003683716058731079,-4.2257259987669237e-05,0.0007552154733524938,0.003420526476070397,0.48125,-0.0022619888186454773,158.74457516339868,0.28680555555555554,0.08780056983232498,317.0,0,12,0.00013354700854700856,pool=kernel_fused_block_mean_bf16_read_fp32_acc_bf16_write,score=kernel_bf16_torch_matmul_acc_fp32_bf16_out,select=kernel_fused_topk_mask_fp32_bisect_index_order_ties
VA_NVFP4,7,0.9,intervention_a,"routing input quantized to NVFP4, kernel arithmetic unchanged",nvfp4,kernel,kernel,kernel,1440,0.9732463295269168,0.012505016039650374,0.986441798941799,0.9996643537576999,0.8541666666666666,0.6714743589743589,0.002737713675213675,0.0,0.003312168229234039,0.001348980970993603,0.32778312265872955,0.9555904865264893,0.32797810435295105,9.506940841674805e-06,0.0006345957517623901,3.1944903631628404e-05,0.0009538916314191587,0.004618892657115038,0.5104166666666666,-0.005369782447814941,564.8275862068965,0.20069444444444445,0.08780056983232498,289.0,0,0,0.0,pool=kernel_fused_block_mean_bf16_read_fp32_acc_bf16_write,score=kernel_bf16_torch_matmul_acc_fp32_bf16_out,select=kernel_fused_topk_mask_fp32_bisect_index_order_ties
VA_NVFP4,7,0.95,intervention_a,"routing input quantized to NVFP4, kernel arithmetic unchanged",nvfp4,kernel,kernel,kernel,1440,0.964870848708487,0.019049667713688434,0.9821213942307693,0.9996643537576999,0.5721153846153846,0.5048076923076923,0.0018337031558185405,0.0,0.003163450679139395,0.002136808601753563,0.4008014649152756,0.9379669427871704,0.4012365788221359,3.619492053985596e-05,0.0008372440934181213,9.417474927600449e-05,0.0010584797165249546,0.004554598427104624,0.5298611111111111,-0.00884789228439331,244.4512144915603,0.1673611111111111,0.08780056983232498,237.0,0,0,0.0,pool=kernel_fused_block_mean_bf16_read_fp32_acc_bf16_write,score=kernel_bf16_torch_matmul_acc_fp32_bf16_out,select=kernel_fused_topk_mask_fp32_bisect_index_order_ties
VA_NVFP4,8,0.8,intervention_a,"routing input quantized to NVFP4, kernel arithmetic unchanged",nvfp4,kernel,kernel,kernel,1440,0.9791930981984268,0.00550146732832546,0.9894871794871795,0.9996524305296712,1.314102564102564,0.8381410256410257,0.0042118671926364235,0.0,0.0037147434723018517,0.0008662490043039715,0.2153286263346672,0.9784323871135712,0.21529627591371536,-6.605871021747589e-05,0.0004688464105129242,-0.0002518802094979691,0.001093999241168586,0.003970631668152599,0.425,-0.0027196258306503296,41.16982940927675,0.31875,0.08701176568865776,261.5,0,36,0.00013354700854700856,pool=kernel_fused_block_mean_bf16_read_fp32_acc_bf16_write,score=kernel_bf16_torch_matmul_acc_fp32_bf16_out,select=kernel_fused_topk_mask_fp32_bisect_index_order_ties
VA_NVFP4,8,0.9,intervention_a,"routing input quantized to NVFP4, kernel arithmetic unchanged",nvfp4,kernel,kernel,kernel,1440,0.9709708956907573,0.008303647943480374,0.9852716727716728,0.9996524305296712,0.9278846153846153,0.7035256410256411,0.0029739891518737673,0.0,0.003460688199521866,0.0013177426351299094,0.3201487958431244,0.9552548825740814,0.3204754590988159,-3.254413604736328e-05,0.000713840126991272,-0.00010455118195888525,0.0011291115949051043,0.006069508667445543,0.4673611111111111,-0.0076752156019210815,235.84020146520146,0.2701388888888889,0.08701176568865776,270.0,0,0,0.0,pool=kernel_fused_block_mean_bf16_read_fp32_acc_bf16_write,score=kernel_bf16_torch_matmul_acc_fp32_bf16_out,select=kernel_fused_topk_mask_fp32_bisect_index_order_ties
VA_NVFP4,8,0.95,intervention_a,"routing input quantized to NVFP4, kernel arithmetic unchanged",nvfp4,kernel,kernel,kernel,1440,0.9660316053758676,0.009762553108081162,0.9827223557692307,0.9996524305296712,0.5528846153846154,0.49038461538461536,0.0017720660749506903,0.0,0.003196582397178375,0.0022066903294122604,0.39131200313568115,0.9377758204936981,0.39118777215480804,-4.646182060241699e-05,0.000856354832649231,-0.00010138553676889434,0.0010434959803152179,0.005025643673144601,0.4673611111111111,-0.012540996074676514,269.9204618345093,0.22777777777777777,0.08701176568865776,223.0,0,0,0.0,pool=kernel_fused_block_mean_bf16_read_fp32_acc_bf16_write,score=kernel_bf16_torch_matmul_acc_fp32_bf16_out,select=kernel_fused_topk_mask_fp32_bisect_index_order_ties
VA_NVFP4,9,0.8,intervention_a,"routing input quantized to NVFP4, kernel arithmetic unchanged",nvfp4,kernel,kernel,kernel,1440,0.980223155917186,0.005251990543317708,0.9900128205128205,0.9996659376022513,1.248397435897436,0.8173076923076923,0.004001273833004602,0.0,0.0035911102760803996,0.0008878572091101988,0.20389925688505173,0.98050856590271,0.20418813824653625,-7.975846529006958e-05,0.0004020519554615021,-0.00036103323230540817,0.000969127121077003,0.0038544791995044716,0.38819444444444445,-0.0016765817999839783,21.020737972909856,0.3423611111111111,0.08812275528907776,272.0,0,0,0.0,pool=kernel_fused_block_mean_bf16_read_fp32_acc_bf16_write,score=kernel_bf16_torch_matmul_acc_fp32_bf16_out,select=kernel_fused_topk_mask_fp32_bisect_index_order_ties
VA_NVFP4,9,0.9,intervention_a,"routing input quantized to NVFP4, kernel arithmetic unchanged",nvfp4,kernel,kernel,kernel,1440,0.9726027397260274,0.007681783498801553,0.9861111111111112,0.9996659376022513,0.875,0.6778846153846154,0.0028044871794871795,0.0,0.003334372751526167,0.0013690511329269542,0.3003145754337311,0.9603151381015778,0.3001735210418701,-5.9723854064941406e-05,0.0005056560039520264,-0.00019042949262513327,0.0008244934401994549,0.003449893889210415,0.4326388888888889,-0.004975751042366028,83.312624750499,0.2423611111111111,0.08812275528907776,264.0,0,0,0.0,pool=kernel_fused_block_mean_bf16_read_fp32_acc_bf16_write,score=kernel_bf16_torch_matmul_acc_fp32_bf16_out,select=kernel_fused_topk_mask_fp32_bisect_index_order_ties
VA_NVFP4,9,0.95,intervention_a,"routing input quantized to NVFP4, kernel arithmetic unchanged",nvfp4,kernel,kernel,kernel,1440,0.9643392943683174,0.014376812681089923,0.981845953525641,0.9996659376022513,0.5809294871794871,0.5064102564102564,0.0018619534845496384,0.0,0.0031471470889724556,0.002123993902259912,0.37369029223918915,0.9431725442409515,0.37380023300647736,-5.838274955749512e-05,0.0006416551768779755,-0.00014751198919334165,0.0008827708019345357,0.00345016972697454,0.4479166666666667,-0.007570371031761169,129.66794282797346,0.1986111111111111,0.08812275528907776,225.0,0,0,0.0,pool=kernel_fused_block_mean_bf16_read_fp32_acc_bf16_write,score=kernel_bf16_torch_matmul_acc_fp32_bf16_out,select=kernel_fused_topk_mask_fp32_bisect_index_order_ties
VA_NVFP4_VB_FP64,0,0.8,intervention_ab,the H3 question at VSA's interface: can exact arithmetic rescue a quantized routing input?,nvfp4,fp64,fp64,exact_index_order,1440,0.9691996973599767,0.015376061932884988,0.9843589743589743,0.9997473387819323,1.955128205128205,0.9423076923076923,0.006266436554898093,0.0,0.004999133466581362,0.0007885406664566403,0.15145192295312881,0.9885439574718475,0.15035758167505264,0.0002649296075105667,0.0012118350714445114,0.0017916011903338466,0.0030170204047536226,0.014478088694682058,0.6944444444444444,-0.001190289855003357,4.492853275962681,0.4361111111111111,0.07867329195141792,0.0,0,0,0.0,pool=fp64_values_acc_fp64_valid_token_denominator,score=fp64_values_acc_fp64,select=exact_stable_sort_index_order_ties_at_float64
VA_NVFP4_VB_FP64,0,0.9,intervention_ab,the H3 question at VSA's interface: can exact arithmetic rescue a quantized routing input?,nvfp4,fp64,fp64,exact_index_order,1440,0.9560885344052872,0.025483095934498046,0.9775513838013838,0.9997473387819323,1.4142628205128203,0.8557692307692307,0.00453289365548981,0.0,0.004591375090582938,0.0011049317279779862,0.20757397264242172,0.9785379469394684,0.20678527653217316,0.00019385665655136108,0.0012492984533309937,0.0011060854163547464,0.0028978637957487474,0.010712470369782848,0.6125,-0.0027702823281288147,14.290364733464006,0.4111111111111111,0.07867329195141792,0.0,0,0,0.0,pool=fp64_values_acc_fp64_valid_token_denominator,score=fp64_values_acc_fp64,select=exact_stable_sort_index_order_ties_at_float64
VA_NVFP4_VB_FP64,0,0.95,intervention_ab,the H3 question at VSA's interface: can exact arithmetic rescue a quantized routing input?,nvfp4,fp64,fp64,exact_index_order,1440,0.9471002761315777,0.03995329403782366,0.972831530448718,0.9997473387819323,0.8693910256410255,0.6794871794871795,0.0027865096975673896,0.0,0.003918135859954951,0.0018223123452057537,0.25148552656173706,0.9699853956699371,0.2505939304828644,0.0002762600779533386,0.002222813665866852,0.00077482255124263,0.003213054610028168,0.01597474870624368,0.5930555555555556,-0.004633024334907532,16.770517004234204,0.3888888888888889,0.07867329195141792,0.0,0,0,0.0,pool=fp64_values_acc_fp64_valid_token_denominator,score=fp64_values_acc_fp64,select=exact_stable_sort_index_order_ties_at_float64
VA_NVFP4_VB_FP64,1,0.8,intervention_ab,the H3 question at VSA's interface: can exact arithmetic rescue a quantized routing input?,nvfp4,fp64,fp64,exact_index_order,1440,0.9731100514779353,0.007962562783185079,0.9863717948717948,0.9994223784354507,1.703525641025641,0.8926282051282052,0.005460018080210388,0.0,0.004423656908004543,0.0008526661787641125,0.12799108773469925,0.9920812249183655,0.12798136472702026,4.0378421545028687e-05,0.0004157945513725281,0.0003193957861196608,0.00182713915338836,0.005963270316681955,0.5541666666666667,-0.0004706531763076782,11.656056831811053,0.48055555555555557,0.08519336953759193,0.0,0,0,0.0,pool=fp64_values_acc_fp64_valid_token_denominator,score=fp64_values_acc_fp64,select=exact_stable_sort_index_order_ties_at_float64
VA_NVFP4_VB_FP64,1,0.9,intervention_ab,the H3 question at VSA's interface: can exact arithmetic rescue a quantized routing input?,nvfp4,fp64,fp64,exact_index_order,1440,0.9626560159760359,0.014464295720716502,0.980972730972731,0.9994223784354507,1.1987179487179487,0.7980769230769231,0.0038420447074293228,0.0,0.004022678891769155,0.0012335997979662455,0.18687252700328827,0.9833714962005615,0.18636058270931244,0.0001524798572063446,0.0006457678973674774,0.0007891378968963153,0.002060826986535246,0.007237884766116129,0.6340277777777777,-0.0020409896969795227,13.385306980039578,0.4111111111111111,0.08519336953759193,0.0,0,0,0.0,pool=fp64_values_acc_fp64_valid_token_denominator,score=fp64_values_acc_fp64,select=exact_stable_sort_index_order_ties_at_float64
VA_NVFP4_VB_FP64,1,0.95,intervention_ab,the H3 question at VSA's interface: can exact arithmetic rescue a quantized routing input?,nvfp4,fp64,fp64,exact_index_order,1440,0.9555860257052755,0.018932399288793866,0.9772886618589743,0.9994223784354507,0.7267628205128205,0.6057692307692307,0.0023293680144641686,0.0,0.0036587462693491463,0.002029462419291611,0.22684296220541,0.9765320420265198,0.22703497111797333,0.0001831352710723877,0.0008638128638267517,0.0008878524297447756,0.0020847137582466133,0.007588065101796958,0.6534722222222222,-0.002904631197452545,15.860577705451586,0.3972222222222222,0.08519336953759193,0.0,0,0,0.0,pool=fp64_values_acc_fp64_valid_token_denominator,score=fp64_values_acc_fp64,select=exact_stable_sort_index_order_ties_at_float64
VA_NVFP4_VB_FP64,10,0.8,intervention_ab,the H3 question at VSA's interface: can exact arithmetic rescue a quantized routing input?,nvfp4,fp64,fp64,exact_index_order,1440,0.9780888618381011,0.00826607330413609,0.9889230769230769,0.999678309723264,1.3846153846153846,0.8509615384615384,0.004437869822485207,0.0,0.0032814639301146495,0.0008479816390022745,0.22832021862268448,0.9766768217086792,0.22792909294366837,0.00014485418796539307,0.00044514238834381104,0.000666191522356376,0.0010058642349148892,0.0029718414357558613,0.70625,-0.0021921470761299133,15.133473922435963,0.26458333333333334,0.0901043750345707,0.0,0,0,0.0,pool=fp64_values_acc_fp64_valid_token_denominator,score=fp64_values_acc_fp64,select=exact_stable_sort_index_order_ties_at_float64
VA_NVFP4_VB_FP64,10,0.9,intervention_ab,the H3 question at VSA's interface: can exact arithmetic rescue a quantized routing input?,nvfp4,fp64,fp64,exact_index_order,1440,0.9701313019945875,0.015269669063837532,0.9848392348392349,0.999678309723264,0.9551282051282051,0.719551282051282,0.0030613083497698884,0.0,0.003026403055346457,0.0012983309924965536,0.3249177485704422,0.9567632675170898,0.3246503919363022,0.0003755539655685425,0.0008836705237627029,0.0011826511027573366,0.001394629620601614,0.0042936618795775,0.7826388888888889,-0.0049142539501190186,13.085346982502083,0.20347222222222222,0.0901043750345707,0.0,0,0,0.0,pool=fp64_values_acc_fp64_valid_token_denominator,score=fp64_values_acc_fp64,select=exact_stable_sort_index_order_ties_at_float64
VA_NVFP4_VB_FP64,10,0.95,intervention_ab,the H3 question at VSA's interface: can exact arithmetic rescue a quantized routing input?,nvfp4,fp64,fp64,exact_index_order,1440,0.9614449558745586,0.024872324733146378,0.9803435496794872,0.999678309723264,0.6290064102564102,0.5432692307692307,0.002016046186719264,0.0,0.002825040216604824,0.0020777991703692985,0.4140601009130478,0.9305019378662109,0.4133630841970444,0.0005875080823898315,0.0011503547430038452,0.001523864801882005,0.0016246976500168308,0.005015217410856672,0.8465277777777778,-0.007935091853141785,13.50635351408933,0.15833333333333333,0.0901043750345707,0.0,0,0,0.0,pool=fp64_values_acc_fp64_valid_token_denominator,score=fp64_values_acc_fp64,select=exact_stable_sort_index_order_ties_at_float64
VA_NVFP4_VB_FP64,11,0.8,intervention_ab,the H3 question at VSA's interface: can exact arithmetic rescue a quantized routing input?,nvfp4,fp64,fp64,exact_index_order,1440,0.9797708034569844,0.005779585005302068,0.9897820512820513,0.9996905679634394,1.2772435897435896,0.8269230769230769,0.004093729454306377,0.0,0.0031532184440062547,0.0008693533206463705,0.21560592204332352,0.9788183569908142,0.21563855558633804,0.00011374801397323608,0.0003665424883365631,0.0004891407517343734,0.000884975802867523,0.003055483454259803,0.6708333333333333,-0.0019268915057182312,16.940001310015067,0.3159722222222222,0.0893806517124176,0.0,0,0,0.0,pool=fp64_values_acc_fp64_valid_token_denominator,score=fp64_values_acc_fp64,select=exact_stable_sort_index_order_ties_at_float64
VA_NVFP4_VB_FP64,11,0.9,intervention_ab,the H3 question at VSA's interface: can exact arithmetic rescue a quantized routing input?,nvfp4,fp64,fp64,exact_index_order,1440,0.9718112065368674,0.010934972310383206,0.9857041107041107,0.9996905679634394,0.9006410256410255,0.7003205128205128,0.0028866699539776466,0.0,0.0028630034916663294,0.0013103018926396578,0.302327424287796,0.9617455899715424,0.30224114656448364,0.0002658367156982422,0.0006257891654968262,0.0008510234869722145,0.0011360434114437786,0.003697455562746442,0.7527777777777778,-0.004095785319805145,15.407146860986547,0.22569444444444445,0.0893806517124176,0.0,0,0,0.0,pool=fp64_values_acc_fp64_valid_token_denominator,score=fp64_values_acc_fp64,select=exact_stable_sort_index_order_ties_at_float64
VA_NVFP4_VB_FP64,11,0.95,intervention_ab,the H3 question at VSA's interface: can exact arithmetic rescue a quantized routing input?,nvfp4,fp64,fp64,exact_index_order,1440,0.9613967879770149,0.015590561154285698,0.9803185096153846,0.9996905679634394,0.6298076923076923,0.5448717948717948,0.0020186143984220906,0.0,0.0027288390561859823,0.0021111426042373306,0.3803315609693527,0.9415185451507568,0.37936288118362427,0.0004861801862716675,0.0010118968784809113,0.0012844197381039766,0.0014835399924679358,0.0047265313269361925,0.7958333333333333,-0.00669427216053009,13.769117601986085,0.18194444444444444,0.0893806517124176,0.0,0,0,0.0,pool=fp64_values_acc_fp64_valid_token_denominator,score=fp64_values_acc_fp64,select=exact_stable_sort_index_order_ties_at_float64
VA_NVFP4_VB_FP64,12,0.8,intervention_ab,the H3 question at VSA's interface: can exact arithmetic rescue a quantized routing input?,nvfp4,fp64,fp64,exact_index_order,1440,0.978791415089553,0.008925390498492947,0.9892820512820513,0.9997543125377933,1.3397435897435896,0.844551282051282,0.00429404996712689,0.0,0.003045871957881846,0.0008430143736962916,0.19205429404973984,0.9826088845729828,0.19203152507543564,0.0001367218792438507,0.00043043866753578186,0.0007626464401202724,0.0012355199883822107,0.004182179428481288,0.6868055555555556,-0.001478441059589386,10.813492820359118,0.35208333333333336,0.08687397465109825,0.0,0,0,0.0,pool=fp64_values_acc_fp64_valid_token_denominator,score=fp64_values_acc_fp64,select=exact_stable_sort_index_order_ties_at_float64
VA_NVFP4_VB_FP64,12,0.9,intervention_ab,the H3 question at VSA's interface: can exact arithmetic rescue a quantized routing input?,nvfp4,fp64,fp64,exact_index_order,1440,0.970723882093443,0.013607640827406065,0.9851444851444852,0.9997543125377933,0.9358974358974359,0.7115384615384616,0.002999671268902038,0.0,0.0027690542670050626,0.0013075141217901527,0.27470266819000244,0.9661285281181335,0.27437329292297363,0.0003495514392852783,0.000781521201133728,0.001326238558472601,0.0016086166931027599,0.0050093711730180394,0.7659722222222223,-0.0051454901695251465,14.720266007332253,0.25625,0.08687397465109825,0.0,0,0,0.0,pool=fp64_values_acc_fp64_valid_token_denominator,score=fp64_values_acc_fp64,select=exact_stable_sort_index_order_ties_at_float64
VA_NVFP4_VB_FP64,12,0.95,intervention_ab,the H3 question at VSA's interface: can exact arithmetic rescue a quantized routing input?,nvfp4,fp64,fp64,exact_index_order,1440,0.9614931237721022,0.01741145868674232,0.9803685897435898,0.9997543125377933,0.6282051282051282,0.5400641025641025,0.0020134779750164366,0.0,0.002626557681203133,0.0021572527494809505,0.3351927399635315,0.9527518153190613,0.3342687636613846,0.00047247111797332764,0.000987119972705841,0.0014567674958862729,0.0016851081214779243,0.005496233588648089,0.7930555555555555,-0.008721381425857544,18.459078436938217,0.2125,0.08687397465109825,0.0,0,0,0.0,pool=fp64_values_acc_fp64_valid_token_denominator,score=fp64_values_acc_fp64,select=exact_stable_sort_index_order_ties_at_float64
VA_NVFP4_VB_FP64,13,0.8,intervention_ab,the H3 question at VSA's interface: can exact arithmetic rescue a quantized routing input?,nvfp4,fp64,fp64,exact_index_order,1440,0.9778882239578051,0.006645738829723857,0.9888205128205129,0.9995884521197613,1.3974358974358974,0.8605769230769231,0.0044789612097304405,0.0,0.003179313043792775,0.0008332046917559409,0.2089804857969284,0.9798196852207184,0.20873186737298965,0.0001295432448387146,0.00036779046058654785,0.0006459681969930079,0.0009609431820763754,0.0028890461507382636,0.7034722222222223,-0.0019388869404792786,14.967101857709784,0.2777777777777778,0.09020842611789703,0.0,0,0,0.0,pool=fp64_values_acc_fp64_valid_token_denominator,score=fp64_values_acc_fp64,select=exact_stable_sort_index_order_ties_at_float64
VA_NVFP4_VB_FP64,13,0.9,intervention_ab,the H3 question at VSA's interface: can exact arithmetic rescue a quantized routing input?,nvfp4,fp64,fp64,exact_index_order,1440,0.9699832126481421,0.011346255220231694,0.9847629222629223,0.9995884521197613,0.9599358974358974,0.7227564102564102,0.0030767176199868506,0.0,0.002948813896400537,0.0012797088526428544,0.2831161767244339,0.9657934010028839,0.2824755311012268,0.00031138211488723755,0.0006131455302238464,0.0011328776846973906,0.001265826478730439,0.0038121793964344492,0.7986111111111112,-0.0037698298692703247,12.106764290670686,0.22291666666666668,0.09020842611789703,0.0,0,0,0.0,pool=fp64_values_acc_fp64_valid_token_denominator,score=fp64_values_acc_fp64,select=exact_stable_sort_index_order_ties_at_float64
VA_NVFP4_VB_FP64,13,0.95,intervention_ab,the H3 question at VSA's interface: can exact arithmetic rescue a quantized routing input?,nvfp4,fp64,fp64,exact_index_order,1440,0.9604339502233568,0.019023032902859116,0.9798177083333334,0.9995884521197613,0.6458333333333333,0.5576923076923077,0.0020699786324786325,0.0,0.002817512616818618,0.002044490563726991,0.35762402415275574,0.9484156370162964,0.35657934844493866,0.0005409121513366699,0.0008646994829177856,0.0015858962685966875,0.0016399258178534555,0.004583884538724365,0.8604166666666667,-0.005920901894569397,10.946143250688705,0.19236111111111112,0.09020842611789703,0.0,0,0,0.0,pool=fp64_values_acc_fp64_valid_token_denominator,score=fp64_values_acc_fp64,select=exact_stable_sort_index_order_ties_at_float64
VA_NVFP4_VB_FP64,14,0.8,intervention_ab,the H3 question at VSA's interface: can exact arithmetic rescue a quantized routing input?,nvfp4,fp64,fp64,exact_index_order,1440,0.9792809881976252,0.00562915493893168,0.9895320512820514,0.9997083696724947,1.3084935897435899,0.8349358974358975,0.004193889710716634,0.0,0.003210556202508101,0.0008652489188367411,0.2193666622042656,0.9784048199653625,0.21915050595998764,0.00012099742889404297,0.0003443770110607147,0.0005437415181758996,0.0008392322859040898,0.0024442266133275826,0.7083333333333334,-0.0018256232142448425,15.088115763546798,0.2875,0.08933020755648613,0.0,0,0,0.0,pool=fp64_values_acc_fp64_valid_token_denominator,score=fp64_values_acc_fp64,select=exact_stable_sort_index_order_ties_at_float64
VA_NVFP4_VB_FP64,14,0.9,intervention_ab,the H3 question at VSA's interface: can exact arithmetic rescue a quantized routing input?,nvfp4,fp64,fp64,exact_index_order,1440,0.9715887009882511,0.00923604391773969,0.9855896418396419,0.9997083696724947,0.9078525641025641,0.7019230769230769,0.00290978385930309,0.0,0.0029720247474022913,0.0013359583605637758,0.30873626470565796,0.9591672420501709,0.3084939867258072,0.0003075823187828064,0.0006217248737812042,0.0010237879230821766,0.0011579283258674146,0.0034717049700547383,0.7944444444444444,-0.005767524242401123,18.751156650437228,0.20833333333333334,0.08933020755648613,0.0,0,0,0.0,pool=fp64_values_acc_fp64_valid_token_denominator,score=fp64_values_acc_fp64,select=exact_stable_sort_index_order_ties_at_float64
VA_NVFP4_VB_FP64,14,0.95,intervention_ab,the H3 question at VSA's interface: can exact arithmetic rescue a quantized routing input?,nvfp4,fp64,fp64,exact_index_order,1440,0.9645808736717828,0.01524293567677426,0.9819711538461539,0.9997083696724947,0.5769230769230769,0.5120192307692307,0.0018491124260355029,0.0,0.0027452090516464156,0.0021446424140944675,0.38588500022888184,0.9420841634273529,0.3856319934129715,0.0004406273365020752,0.0008521042764186859,0.001160903399024706,0.0013713847130389406,0.004049618899495058,0.7958333333333333,-0.008853688836097717,20.09337166046669,0.1763888888888889,0.08933020755648613,0.0,0,0,0.0,pool=fp64_values_acc_fp64_valid_token_denominator,score=fp64_values_acc_fp64,select=exact_stable_sort_index_order_ties_at_float64
VA_NVFP4_VB_FP64,15,0.8,intervention_ab,the H3 question at VSA's interface: can exact arithmetic rescue a quantized routing input?,nvfp4,fp64,fp64,exact_index_order,1440,0.9762845849802372,0.008831118139206673,0.988,0.9997515648497279,1.5,0.875,0.004807692307692308,0.0,0.0033392116852134805,0.0008185961273645696,0.2411569580435753,0.9735784530639648,0.24100950360298157,0.00024121999740600586,0.0004672165960073471,0.0011530520759116024,0.0012784489538366422,0.0038045622628983407,0.8034722222222223,-0.0022372007369995117,9.274524339016555,0.3,0.09007616713643074,0.0,0,0,0.0,pool=fp64_values_acc_fp64_valid_token_denominator,score=fp64_values_acc_fp64,select=exact_stable_sort_index_order_ties_at_float64
VA_NVFP4_VB_FP64,15,0.9,intervention_ab,the H3 question at VSA's interface: can exact arithmetic rescue a quantized routing input?,nvfp4,fp64,fp64,exact_index_order,1440,0.9670753064798598,0.015383820887967525,0.9832621082621082,0.9997515648497279,1.0544871794871795,0.7636217948717948,0.0033797666009204473,0.0,0.0031496563596095494,0.0012655714234086997,0.35384848713874817,0.9479250609874725,0.352523609995842,0.0005575120449066162,0.001006927341222763,0.0017364159245959736,0.0017519575107458078,0.0055359254002991685,0.8881944444444444,-0.005589768290519714,10.026273587427166,0.2388888888888889,0.09007616713643074,0.0,0,0,0.0,pool=fp64_values_acc_fp64_valid_token_denominator,score=fp64_values_acc_fp64,select=exact_stable_sort_index_order_ties_at_float64
VA_NVFP4_VB_FP64,15,0.95,intervention_ab,the H3 question at VSA's interface: can exact arithmetic rescue a quantized routing input?,nvfp4,fp64,fp64,exact_index_order,1440,0.9567837718653536,0.024379772360355156,0.9779146634615384,0.9997515648497279,0.7067307692307692,0.5969551282051282,0.002265162721893491,0.0,0.0030505316340720783,0.002019700226023588,0.460976704955101,0.9199386239051819,0.4593591094017029,0.0008774176239967346,0.0013674162328243256,0.002056372182421412,0.0021955496620386337,0.006186304073158672,0.8784722222222222,-0.009389683604240417,10.701498747505626,0.19791666666666666,0.09007616713643074,0.0,0,0,0.0,pool=fp64_values_acc_fp64_valid_token_denominator,score=fp64_values_acc_fp64,select=exact_stable_sort_index_order_ties_at_float64
VA_NVFP4_VB_FP64,16,0.8,intervention_ab,the H3 question at VSA's interface: can exact arithmetic rescue a quantized routing input?,nvfp4,fp64,fp64,exact_index_order,1440,0.9781014031366938,0.0065696586737329365,0.9889294871794871,0.9996821949765875,1.3838141025641026,0.8573717948717948,0.00443530161078238,0.0,0.0033974091892677335,0.0008458046543802326,0.1947271004319191,0.9828606843948364,0.1949498951435089,0.00013630464673042297,0.0005530137568712234,0.0007329644673980264,0.0013613239951309575,0.00379869177536168,0.6645833333333333,-0.0018614977598190308,13.656891415452732,0.3138888888888889,0.08987554162740707,0.0,0,0,0.0,pool=fp64_values_acc_fp64_valid_token_denominator,score=fp64_values_acc_fp64,select=exact_stable_sort_index_order_ties_at_float64
VA_NVFP4_VB_FP64,16,0.9,intervention_ab,the H3 question at VSA's interface: can exact arithmetic rescue a quantized routing input?,nvfp4,fp64,fp64,exact_index_order,1440,0.9704275474913538,0.012262635525984167,0.98499185999186,0.9996821949765875,0.9455128205128205,0.7211538461538461,0.003030489809335963,0.0,0.0031680401247859277,0.001306599479886516,0.2845160812139511,0.9649227857589722,0.28412385284900665,0.00035510212182998657,0.000971570611000061,0.0013229385553057819,0.001681621992965176,0.005047461289227408,0.7631944444444444,-0.00506514310836792,14.263905499255156,0.21319444444444444,0.08987554162740707,0.0,0,0,0.0,pool=fp64_values_acc_fp64_valid_token_denominator,score=fp64_values_acc_fp64,select=exact_stable_sort_index_order_ties_at_float64
VA_NVFP4_VB_FP64,16,0.95,intervention_ab,the H3 question at VSA's interface: can exact arithmetic rescue a quantized routing input?,nvfp4,fp64,fp64,exact_index_order,1440,0.9628428192273666,0.022471005502503916,0.9810697115384616,0.9996821949765875,0.6057692307692307,0.5296474358974359,0.001941568047337278,0.0,0.00294207812471936,0.0021361789623583075,0.3614249527454376,0.9470584988594055,0.36057430505752563,0.0005012601613998413,0.0012019015848636627,0.0014462886515158374,0.0018446113674204043,0.004884180729291107,0.7868055555555555,-0.008990257978439331,17.935313178156306,0.16458333333333333,0.08987554162740707,0.0,0,0,0.0,pool=fp64_values_acc_fp64_valid_token_denominator,score=fp64_values_acc_fp64,select=exact_stable_sort_index_order_ties_at_float64
VA_NVFP4_VB_FP64,17,0.8,intervention_ab,the H3 question at VSA's interface: can exact arithmetic rescue a quantized routing input?,nvfp4,fp64,fp64,exact_index_order,1440,0.9791679882264879,0.0033889027366885704,0.989474358974359,0.9997306885782034,1.3157051282051282,0.842948717948718,0.004217003616042078,0.0,0.0033889488602625627,0.0008408049330861039,0.14783192425966263,0.9895850718021393,0.14778384566307068,7.998570799827576e-05,0.0004714149981737137,0.00045424774139527744,0.0013926890550513228,0.005041889877586149,0.5944444444444444,0.0006129704415798187,7.663499604117181,0.5354166666666667,0.0870712511241436,0.0,0,0,0.0,pool=fp64_values_acc_fp64_valid_token_denominator,score=fp64_values_acc_fp64,select=exact_stable_sort_index_order_ties_at_float64
VA_NVFP4_VB_FP64,17,0.9,intervention_ab,the H3 question at VSA's interface: can exact arithmetic rescue a quantized routing input?,nvfp4,fp64,fp64,exact_index_order,1440,0.9726522317284292,0.005256589349256102,0.9861365486365486,0.9997306885782034,0.8733974358974359,0.6858974358974359,0.0027993507560815254,0.0,0.003024895787565853,0.0013418119786084192,0.20014891773462296,0.9816218018531799,0.1996692270040512,0.000281408429145813,0.0007386393845081329,0.0012162579752345182,0.001624927684897036,0.006507782231864509,0.7527777777777778,-0.0011448785662651062,4.068387609213661,0.4166666666666667,0.0870712511241436,0.0,0,0,0.0,pool=fp64_values_acc_fp64_valid_token_denominator,score=fp64_values_acc_fp64,select=exact_stable_sort_index_order_ties_at_float64
VA_NVFP4_VB_FP64,17,0.95,intervention_ab,the H3 question at VSA's interface: can exact arithmetic rescue a quantized routing input?,nvfp4,fp64,fp64,exact_index_order,1440,0.9666124981533462,0.007645814906410586,0.9830228365384616,0.9997306885782034,0.5432692307692307,0.48717948717948717,0.0017412475345167653,0.0,0.0026863819746961596,0.002260783104916073,0.25599709153175354,0.9710385203361511,0.2555399239063263,0.00048673152923583984,0.0010301880538463593,0.0015907718688569022,0.0019699278303315576,0.006741306763614662,0.8104166666666667,-0.002482898533344269,5.101166421748714,0.34652777777777777,0.0870712511241436,0.0,0,0,0.0,pool=fp64_values_acc_fp64_valid_token_denominator,score=fp64_values_acc_fp64,select=exact_stable_sort_index_order_ties_at_float64
VA_NVFP4_VB_FP64,18,0.8,intervention_ab,the H3 question at VSA's interface: can exact arithmetic rescue a quantized routing input?,nvfp4,fp64,fp64,exact_index_order,1440,0.9762595487540697,0.004506697844948171,0.9879871794871795,0.9995683607267118,1.501602564102564,0.8830128205128205,0.004812828731097962,0.0,0.003692613201755143,0.000844815549368149,0.4167346954345703,0.9464149475097656,0.4162144064903259,0.0002257227897644043,0.0007258467376232147,0.000821619074111644,0.0012007310592430313,0.003815647476932602,0.7201388888888889,-0.0008869804441928864,3.9295121468180616,0.42291666666666666,0.0903613530099392,0.0,0,0,0.0,pool=fp64_values_acc_fp64_valid_token_denominator,score=fp64_values_acc_fp64,select=exact_stable_sort_index_order_ties_at_float64
VA_NVFP4_VB_FP64,18,0.9,intervention_ab,the H3 question at VSA's interface: can exact arithmetic rescue a quantized routing input?,nvfp4,fp64,fp64,exact_index_order,1440,0.9671983489661597,0.006593676959035566,0.983325702075702,0.9995683607267118,1.0504807692307692,0.7644230769230769,0.0033669255424063115,0.0,0.0035407735530367467,0.0013204970096601404,0.5482116341590881,0.9091101586818695,0.5466905832290649,0.0006327033042907715,0.00127410888671875,0.001517322435134897,0.0017142620727266461,0.004611830745989002,0.8305555555555556,-0.0018690824508666992,2.9541215261422513,0.3993055555555556,0.0903613530099392,0.0,0,0,0.0,pool=fp64_values_acc_fp64_valid_token_denominator,score=fp64_values_acc_fp64,select=exact_stable_sort_index_order_ties_at_float64
VA_NVFP4_VB_FP64,18,0.95,intervention_ab,the H3 question at VSA's interface: can exact arithmetic rescue a quantized routing input?,nvfp4,fp64,fp64,exact_index_order,1440,0.9573592118806058,0.011999922709417299,0.9782151442307693,0.9995683607267118,0.6971153846153846,0.592948717948718,0.002234344181459566,0.0,0.003438548770595941,0.0021557764826145662,0.6660121977329254,0.8698011636734009,0.6646862626075745,0.0010398924350738525,0.0016607828438282013,0.001885555655055073,0.002037821584031238,0.005959852786752872,0.8770833333333333,-0.002732396125793457,2.627575731522082,0.37083333333333335,0.0903613530099392,0.0,0,0,0.0,pool=fp64_values_acc_fp64_valid_token_denominator,score=fp64_values_acc_fp64,select=exact_stable_sort_index_order_ties_at_float64
VA_NVFP4_VB_FP64,19,0.8,intervention_ab,the H3 question at VSA's interface: can exact arithmetic rescue a quantized routing input?,nvfp4,fp64,fp64,exact_index_order,1440,0.9792182088075211,0.004959097870085083,0.9895,0.9996276850913011,1.3125,0.8397435897435898,0.004206730769230769,0.0,0.003307826889625454,0.0008357005606032608,0.16372381895780563,0.9878301322460175,0.16385933011770248,4.042685031890869e-05,0.0003760494291782379,0.0002851426735526623,0.001174426414845364,0.004577099878126197,0.5902777777777778,-0.000798393040895462,19.74907851087357,0.43333333333333335,0.08718385919928551,0.0,0,0,0.0,pool=fp64_values_acc_fp64_valid_token_denominator,score=fp64_values_acc_fp64,select=exact_stable_sort_index_order_ties_at_float64
VA_NVFP4_VB_FP64,19,0.9,intervention_ab,the H3 question at VSA's interface: can exact arithmetic rescue a quantized routing input?,nvfp4,fp64,fp64,exact_index_order,1440,0.9725779949665034,0.009696132449818484,0.9860983923483924,0.9996276850913011,0.875801282051282,0.686698717948718,0.0028070553911900067,0.0,0.0030243959884139375,0.0013151191537665568,0.22754963487386703,0.9776147603988647,0.22712009400129318,0.00013243407011032104,0.0006503090262413025,0.0006572051311037884,0.0013807265111597973,0.004920795672728252,0.6527777777777778,-0.0018396154046058655,13.890801687763712,0.39444444444444443,0.08718385919928551,0.0,0,0,0.0,pool=fp64_values_acc_fp64_valid_token_denominator,score=fp64_values_acc_fp64,select=exact_stable_sort_index_order_ties_at_float64
VA_NVFP4_VB_FP64,19,0.95,intervention_ab,the H3 question at VSA's interface: can exact arithmetic rescue a quantized routing input?,nvfp4,fp64,fp64,exact_index_order,1440,0.9655477901368245,0.017244440520434612,0.9824719551282052,0.9996276850913011,0.5608974358974359,0.5,0.0017977481919789612,0.0,0.0027450206055670634,0.002206270841639388,0.28284257650375366,0.9686235785484314,0.2825497090816498,0.0002816542983055115,0.0008116196841001511,0.0009739257754163096,0.0015806244790564474,0.0051029566631449795,0.7236111111111111,-0.002910405397415161,10.333253974552283,0.3458333333333333,0.08718385919928551,0.0,0,0,0.0,pool=fp64_values_acc_fp64_valid_token_denominator,score=fp64_values_acc_fp64,select=exact_stable_sort_index_order_ties_at_float64
VA_NVFP4_VB_FP64,2,0.8,intervention_ab,the H3 question at VSA's interface: can exact arithmetic rescue a quantized routing input?,nvfp4,fp64,fp64,exact_index_order,1440,0.9724364647869516,0.00905764982789492,0.986025641025641,0.9996923944789002,1.7467948717948718,0.907051282051282,0.005598701512163051,0.0,0.004951335943235653,0.0008350676344624959,0.14024144411087036,0.9904206693172455,0.14060808718204498,0.00017549842596054077,0.0005670804530382156,0.0010423275134546026,0.0020878579118586357,0.00857960543259424,0.6659722222222222,0.0008472278714179993,4.827552536616429,0.5076388888888889,0.08442806452512741,0.0,0,0,0.0,pool=fp64_values_acc_fp64_valid_token_denominator,score=fp64_values_acc_fp64,select=exact_stable_sort_index_order_ties_at_float64
VA_NVFP4_VB_FP64,2,0.9,intervention_ab,the H3 question at VSA's interface: can exact arithmetic rescue a quantized routing input?,nvfp4,fp64,fp64,exact_index_order,1440,0.9622641509433962,0.015011698120496852,0.9807692307692307,0.9996923944789002,1.2115384615384615,0.8012820512820513,0.003883136094674556,0.0,0.004168354030748234,0.0012332712924069547,0.20379530638456345,0.9803804755210876,0.20354214310646057,0.0004034675657749176,0.0010033808648586273,0.0017914778719732181,0.0026731121374042118,0.01280310246554365,0.7479166666666667,-0.0013075247406959534,3.240718341720142,0.46458333333333335,0.08442806452512741,0.0,0,0,0.0,pool=fp64_values_acc_fp64_valid_token_denominator,score=fp64_values_acc_fp64,select=exact_stable_sort_index_order_ties_at_float64
VA_NVFP4_VB_FP64,2,0.95,intervention_ab,the H3 question at VSA's interface: can exact arithmetic rescue a quantized routing input?,nvfp4,fp64,fp64,exact_index_order,1440,0.9528606356968216,0.01397289600894669,0.9758613782051282,0.9996923944789002,0.7724358974358974,0.6282051282051282,0.0024757560815253125,0.0,0.0038277341621072653,0.001968827157948042,0.2565043419599533,0.9697730541229248,0.2570823132991791,0.0005426406860351562,0.0013427641242742538,0.0019045673816309458,0.0027449885689096523,0.01184423054582181,0.7527777777777778,-0.002517424523830414,4.639210786467487,0.43194444444444446,0.08442806452512741,0.0,0,0,0.0,pool=fp64_values_acc_fp64_valid_token_denominator,score=fp64_values_acc_fp64,select=exact_stable_sort_index_order_ties_at_float64
VA_NVFP4_VB_FP64,20,0.8,intervention_ab,the H3 question at VSA's interface: can exact arithmetic rescue a quantized routing input?,nvfp4,fp64,fp64,exact_index_order,1440,0.9757964930404601,0.005078630009398788,0.98775,0.9996872177555948,1.53125,0.8830128205128205,0.004907852564102564,0.0,0.00393146518088937,0.000839242237067129,0.13922704756259918,0.9911143779754639,0.1389370858669281,0.00013771653175354004,0.0004734247922897339,0.0009126373877859911,0.0020047175041586025,0.005984865187955289,0.6548611111111111,0.003071911633014679,22.3060484743562,0.6041666666666666,0.085321806371212,0.0,0,0,0.0,pool=fp64_values_acc_fp64_valid_token_denominator,score=fp64_values_acc_fp64,select=exact_stable_sort_index_order_ties_at_float64
VA_NVFP4_VB_FP64,20,0.9,intervention_ab,the H3 question at VSA's interface: can exact arithmetic rescue a quantized routing input?,nvfp4,fp64,fp64,exact_index_order,1440,0.9669276761814225,0.010126451092459576,0.9831857956857957,0.9996872177555948,1.0592948717948718,0.7644230769230769,0.0033951758711374094,0.0,0.0035134231649773047,0.0012480508840945798,0.19685444980859756,0.9834253489971161,0.19621066004037857,0.00021737441420555115,0.0007825568318367004,0.0010469130633746458,0.002365223233608755,0.01016236308973047,0.6576388888888889,0.000970788300037384,4.465973162413669,0.5159722222222223,0.085321806371212,0.0,0,0,0.0,pool=fp64_values_acc_fp64_valid_token_denominator,score=fp64_values_acc_fp64,select=exact_stable_sort_index_order_ties_at_float64
VA_NVFP4_VB_FP64,20,0.95,intervention_ab,the H3 question at VSA's interface: can exact arithmetic rescue a quantized routing input?,nvfp4,fp64,fp64,exact_index_order,1440,0.9615894690308954,0.008478838820846324,0.9804186698717948,0.9996872177555948,0.6266025641025641,0.5448717948717948,0.0020083415516107825,0.0,0.003119220762435019,0.002230172842300515,0.24269485473632812,0.9757698476314545,0.24135667830705643,0.0003758072853088379,0.0010040570050477982,0.001566934402112188,0.0025098753689287642,0.007927547540317168,0.7361111111111112,-0.0002199113368988037,0.5851704996034893,0.48819444444444443,0.085321806371212,0.0,0,0,0.0,pool=fp64_values_acc_fp64_valid_token_denominator,score=fp64_values_acc_fp64,select=exact_stable_sort_index_order_ties_at_float64
VA_NVFP4_VB_FP64,21,0.8,intervention_ab,the H3 question at VSA's interface: can exact arithmetic rescue a quantized routing input?,nvfp4,fp64,fp64,exact_index_order,1440,0.9771612527090912,0.004648347560322064,0.9884487179487179,0.9997232571843309,1.4439102564102564,0.8685897435897436,0.004627917488494411,0.0,0.003561425815917979,0.0008485192557293597,0.16629836708307266,0.9872594177722931,0.16669340431690216,0.00015604868531227112,0.00048133358359336853,0.0009795438221699843,0.0015567959761343057,0.0052188537819325845,0.6840277777777778,0.001379840075969696,8.842369118384301,0.5513888888888889,0.08595098927617073,0.0,0,0,0.0,pool=fp64_values_acc_fp64_valid_token_denominator,score=fp64_values_acc_fp64,select=exact_stable_sort_index_order_ties_at_float64
VA_NVFP4_VB_FP64,21,0.9,intervention_ab,the H3 question at VSA's interface: can exact arithmetic rescue a quantized routing input?,nvfp4,fp64,fp64,exact_index_order,1440,0.9688979039891819,0.006569379105852979,0.9842032967032966,0.9997232571843309,0.9951923076923077,0.7403846153846154,0.0031897189349112424,0.0,0.003201738742602967,0.0013016771532266278,0.249173142015934,0.9760989546775818,0.2483912780880928,0.0003517456352710724,0.0007892884314060211,0.0014567422047081797,0.001974691789694078,0.006946424486542005,0.7673611111111112,0.0006386637687683105,1.815697779095752,0.5027777777777778,0.08595098927617073,0.0,0,0,0.0,pool=fp64_values_acc_fp64_valid_token_denominator,score=fp64_values_acc_fp64,select=exact_stable_sort_index_order_ties_at_float64
VA_NVFP4_VB_FP64,21,0.95,intervention_ab,the H3 question at VSA's interface: can exact arithmetic rescue a quantized routing input?,nvfp4,fp64,fp64,exact_index_order,1440,0.9621677393995971,0.007228048895492001,0.9807191506410257,0.9997232571843309,0.6169871794871795,0.5384615384615384,0.0019775230111768573,0.0,0.003030399449899501,0.002183586320617961,0.3061083108186722,0.965149998664856,0.3057820498943329,0.0005126595497131348,0.0010347049683332443,0.0016815098530341419,0.001986826172329195,0.006791720885412728,0.79375,-2.6226043701171875e-06,0.005115684222764795,0.47847222222222224,0.08595098927617073,0.0,0,0,0.0,pool=fp64_values_acc_fp64_valid_token_denominator,score=fp64_values_acc_fp64,select=exact_stable_sort_index_order_ties_at_float64
VA_NVFP4_VB_FP64,22,0.8,intervention_ab,the H3 question at VSA's interface: can exact arithmetic rescue a quantized routing input?,nvfp4,fp64,fp64,exact_index_order,1440,0.9752836304700162,0.007604265246059949,0.9874871794871795,0.9996804353022372,1.564102564102564,0.8910256410256411,0.0050131492439184746,0.0,0.0037161838776353477,0.0008308774238797156,0.2862270921468735,0.9697546064853668,0.28586331009864807,0.0002843216061592102,0.0007865428924560547,0.0011507799879566078,0.0014524352850449657,0.004858187551823942,0.7381944444444445,-0.0017223432660102844,6.057729095149498,0.3638888888888889,0.08937282115221024,0.0,0,0,0.0,pool=fp64_values_acc_fp64_valid_token_denominator,score=fp64_values_acc_fp64,select=exact_stable_sort_index_order_ties_at_float64
VA_NVFP4_VB_FP64,22,0.9,intervention_ab,the H3 question at VSA's interface: can exact arithmetic rescue a quantized routing input?,nvfp4,fp64,fp64,exact_index_order,1440,0.9665095109562265,0.013916921308910868,0.9829695767195767,0.9996804353022372,1.0729166666666665,0.7676282051282052,0.00343883547008547,0.0,0.0034442449869682605,0.0012806579444236154,0.43982604146003723,0.9423679709434509,0.43934834003448486,0.0006066486239433289,0.0013795346021652222,0.001660513899201404,0.0018412022599145327,0.006470834884990928,0.8111111111111111,-0.004433870315551758,7.30879481227663,0.3284722222222222,0.08937282115221024,0.0,0,0,0.0,pool=fp64_values_acc_fp64_valid_token_denominator,score=fp64_values_acc_fp64,select=exact_stable_sort_index_order_ties_at_float64
VA_NVFP4_VB_FP64,22,0.95,intervention_ab,the H3 question at VSA's interface: can exact arithmetic rescue a quantized routing input?,nvfp4,fp64,fp64,exact_index_order,1440,0.9568796550372403,0.02138720529447169,0.9779647435897436,0.9996804353022372,0.7051282051282051,0.59375,0.002260026298487837,0.0,0.003218353541105979,0.0020520353644899176,0.5454473197460175,0.9131039679050446,0.542433112859726,0.0010029226541519165,0.002070493996143341,0.0020537986013509663,0.0021123032766034036,0.00698764294217666,0.8402777777777778,-0.006484672427177429,6.465775202436669,0.29791666666666666,0.08937282115221024,0.0,0,0,0.0,pool=fp64_values_acc_fp64_valid_token_denominator,score=fp64_values_acc_fp64,select=exact_stable_sort_index_order_ties_at_float64
VA_NVFP4_VB_FP64,23,0.8,intervention_ab,the H3 question at VSA's interface: can exact arithmetic rescue a quantized routing input?,nvfp4,fp64,fp64,exact_index_order,1440,0.9745835653890942,0.010804054854107847,0.9871282051282051,0.9997189246219063,1.6089743589743588,0.9006410256410257,0.005156969099276792,0.0,0.003338455540450284,0.0007893059716835263,0.23093891888856888,0.9767408072948456,0.23004470765590668,0.0003972575068473816,0.000945165753364563,0.001919087328594835,0.0023895383617649982,0.006968125367719374,0.78125,-0.0011604353785514832,2.9211163000056266,0.41458333333333336,0.08815125748515129,0.0,0,0,0.0,pool=fp64_values_acc_fp64_valid_token_denominator,score=fp64_values_acc_fp64,select=exact_stable_sort_index_order_ties_at_float64
VA_NVFP4_VB_FP64,23,0.9,intervention_ab,the H3 question at VSA's interface: can exact arithmetic rescue a quantized routing input?,nvfp4,fp64,fp64,exact_index_order,1440,0.9660423595308945,0.015304285142109686,0.9827279202279202,0.9997189246219063,1.0881410256410255,0.7756410256410257,0.0034876314924391846,0.0,0.0032605246368405958,0.0012406938712839592,0.33900123834609985,0.9556829333305359,0.33838512003421783,0.0006644055247306824,0.0017109811305999756,0.0021228186292120794,0.0023597060530961573,0.009053531396997858,0.8083333333333333,-0.0029123499989509583,4.383392206335857,0.34791666666666665,0.08815125748515129,0.0,0,0,0.0,pool=fp64_values_acc_fp64_valid_token_denominator,score=fp64_values_acc_fp64,select=exact_stable_sort_index_order_ties_at_float64
VA_NVFP4_VB_FP64,23,0.95,intervention_ab,the H3 question at VSA's interface: can exact arithmetic rescue a quantized routing input?,nvfp4,fp64,fp64,exact_index_order,1440,0.9571673609409459,0.01885445522732354,0.9781149839743589,0.9997189246219063,0.7003205128205128,0.594551282051282,0.0022446170282708743,0.0,0.0032155810374073198,0.002065555247318861,0.41653649508953094,0.9350287914276123,0.4146086573600769,0.0009987056255340576,0.0019151419401168823,0.002224175846741573,0.002572265573659128,0.009896290020930152,0.8270833333333333,-0.004322215914726257,4.327817731491153,0.3277777777777778,0.08815125748515129,0.0,0,0,0.0,pool=fp64_values_acc_fp64_valid_token_denominator,score=fp64_values_acc_fp64,select=exact_stable_sort_index_order_ties_at_float64
VA_NVFP4_VB_FP64,24,0.8,intervention_ab,the H3 question at VSA's interface: can exact arithmetic rescue a quantized routing input?,nvfp4,fp64,fp64,exact_index_order,1440,0.9777377722558889,0.004067424691450716,0.9887435897435898,0.9997305335258229,1.407051282051282,0.8621794871794872,0.004509779750164366,0.0,0.0035191219615253646,0.0008448153449029855,0.34864336252212524,0.9613622426986694,0.3482593894004822,0.00025328993797302246,0.0008174292743206024,0.0010295485046068632,0.0014434370769303658,0.004857683582138126,0.7319444444444444,-0.0009102597832679749,3.593746323096835,0.40902777777777777,0.09022284299135208,0.0,0,0,0.0,pool=fp64_values_acc_fp64_valid_token_denominator,score=fp64_values_acc_fp64,select=exact_stable_sort_index_order_ties_at_float64
VA_NVFP4_VB_FP64,24,0.9,intervention_ab,the H3 question at VSA's interface: can exact arithmetic rescue a quantized routing input?,nvfp4,fp64,fp64,exact_index_order,1440,0.9699338544798557,0.006867595204469001,0.9847374847374848,0.9997305335258229,0.9615384615384615,0.7243589743589743,0.003081854043392505,0.0,0.0032560916094821913,0.001305074857613921,0.4745197296142578,0.9314349591732025,0.4742249846458435,0.0004610195755958557,0.001119770109653473,0.0012267895841221554,0.0014645857727800925,0.0048700522047908975,0.7888888888888889,-0.002032846212387085,4.40945747208171,0.3659722222222222,0.09022284299135208,0.0,0,0,0.0,pool=fp64_values_acc_fp64_valid_token_denominator,score=fp64_values_acc_fp64,select=exact_stable_sort_index_order_ties_at_float64
VA_NVFP4_VB_FP64,24,0.95,intervention_ab,the H3 question at VSA's interface: can exact arithmetic rescue a quantized routing input?,nvfp4,fp64,fp64,exact_index_order,1440,0.9616376463928423,0.010969971010816315,0.9804437099358974,0.9997305335258229,0.625801282051282,0.5448717948717948,0.0020057733399079553,0.0,0.0030221384632415933,0.0021502425003505506,0.5677077174186707,0.908105343580246,0.5639987885951996,0.0007010996341705322,0.0013042241334915161,0.0013611536474619134,0.00151424820703385,0.004972643123244055,0.8243055555555555,-0.0025030970573425293,3.5702444208289053,0.3548611111111111,0.09022284299135208,0.0,0,0,0.0,pool=fp64_values_acc_fp64_valid_token_denominator,score=fp64_values_acc_fp64,select=exact_stable_sort_index_order_ties_at_float64
VA_NVFP4_VB_FP64,25,0.8,intervention_ab,the H3 question at VSA's interface: can exact arithmetic rescue a quantized routing input?,nvfp4,fp64,fp64,exact_index_order,1440,0.9758340299414849,0.00907945430461976,0.9877692307692307,0.999690778429827,1.5288461538461537,0.875,0.004900147928994083,0.0,0.003412172879654194,0.0008148939211686135,0.230465829372406,0.9773037433624268,0.23047610372304916,0.0001938343048095703,0.0005689878016710281,0.0008895229209714341,0.0012794282701255693,0.00425631031446774,0.7215277777777778,-0.0022100359201431274,11.401675891758918,0.2875,0.08927631005644798,0.0,0,0,0.0,pool=fp64_values_acc_fp64_valid_token_denominator,score=fp64_values_acc_fp64,select=exact_stable_sort_index_order_ties_at_float64
VA_NVFP4_VB_FP64,25,0.9,intervention_ab,the H3 question at VSA's interface: can exact arithmetic rescue a quantized routing input?,nvfp4,fp64,fp64,exact_index_order,1440,0.9651578394861157,0.01545053494471671,0.9822700447700448,0.999690778429827,1.1169871794871795,0.7788461538461539,0.00358008711374096,0.0,0.0032158431564623074,0.0012131482404637683,0.3449818044900894,0.9538620412349701,0.3445001244544983,0.0003813505172729492,0.0009680464863777161,0.0013244989209954619,0.0015517193645289522,0.005257679104290345,0.7666666666666667,-0.004946380853652954,12.970693966864646,0.23125,0.08927631005644798,0.0,0,0,0.0,pool=fp64_values_acc_fp64_valid_token_denominator,score=fp64_values_acc_fp64,select=exact_stable_sort_index_order_ties_at_float64
VA_NVFP4_VB_FP64,25,0.95,intervention_ab,the H3 question at VSA's interface: can exact arithmetic rescue a quantized routing input?,nvfp4,fp64,fp64,exact_index_order,1440,0.953624889932492,0.023490783168504614,0.9762620192307693,0.999690778429827,0.7596153846153846,0.6217948717948718,0.0024346646942800788,0.0,0.003050657116027531,0.001897175296074452,0.40528416633605957,0.9384087920188904,0.40431395173072815,0.0006387382745742798,0.0013665743172168732,0.0016308219460590833,0.0019199265122341268,0.006741870333735777,0.8055555555555556,-0.007888451218605042,12.350052490376765,0.20833333333333334,0.08927631005644798,0.0,0,0,0.0,pool=fp64_values_acc_fp64_valid_token_denominator,score=fp64_values_acc_fp64,select=exact_stable_sort_index_order_ties_at_float64
VA_NVFP4_VB_FP64,26,0.8,intervention_ab,the H3 question at VSA's interface: can exact arithmetic rescue a quantized routing input?,nvfp4,fp64,fp64,exact_index_order,1440,0.9744211213224487,0.012948954626226139,0.9870448717948718,0.9997240266288018,1.6193910256410255,0.8942307692307693,0.005190355851413544,0.0,0.0033607936457693277,0.0008261100874670728,0.15280459821224213,0.988994300365448,0.15273969620466232,0.0001852773129940033,0.0005722083151340485,0.0012421278076283873,0.00204009711083486,0.007203216627021687,0.6958333333333333,-0.0016404986381530762,8.854287724942193,0.3784722222222222,0.0878293402493,0.0,0,0,0.0,pool=fp64_values_acc_fp64_valid_token_denominator,score=fp64_values_acc_fp64,select=exact_stable_sort_index_order_ties_at_float64
VA_NVFP4_VB_FP64,26,0.9,intervention_ab,the H3 question at VSA's interface: can exact arithmetic rescue a quantized routing input?,nvfp4,fp64,fp64,exact_index_order,1440,0.9641514386206897,0.0189192584067559,0.9817485754985755,0.9997240266288018,1.1498397435897436,0.7868589743589743,0.003685383793556871,0.0,0.0031494643427498322,0.0012517190258136796,0.2191341146826744,0.9781665205955505,0.21795284003019333,0.0004824399948120117,0.0010565444827079773,0.0023697560753603956,0.002910312587503472,0.009584969803936643,0.8006944444444445,-0.004662998020648956,9.665446627131209,0.2826388888888889,0.0878293402493,0.0,0,0,0.0,pool=fp64_values_acc_fp64_valid_token_denominator,score=fp64_values_acc_fp64,select=exact_stable_sort_index_order_ties_at_float64
VA_NVFP4_VB_FP64,26,0.95,intervention_ab,the H3 question at VSA's interface: can exact arithmetic rescue a quantized routing input?,nvfp4,fp64,fp64,exact_index_order,1440,0.9535293254414714,0.025398819571496478,0.9762119391025641,0.9997240266288018,0.7612179487179487,0.6282051282051282,0.0024398011176857332,0.0,0.003037122692686963,0.002035536916489282,0.27711886167526245,0.9669139683246613,0.27570781111717224,0.0006239637732505798,0.0013190917670726776,0.002559909832558262,0.002942545533160408,0.010132882859723729,0.7965277777777777,-0.008255630731582642,13.230945586110547,0.25416666666666665,0.0878293402493,0.0,0,0,0.0,pool=fp64_values_acc_fp64_valid_token_denominator,score=fp64_values_acc_fp64,select=exact_stable_sort_index_order_ties_at_float64
VA_NVFP4_VB_FP64,27,0.8,intervention_ab,the H3 question at VSA's interface: can exact arithmetic rescue a quantized routing input?,nvfp4,fp64,fp64,exact_index_order,1440,0.9721497064686886,0.01795246967776354,0.9858782051282051,0.9997156953533356,1.765224358974359,0.9150641025641025,0.005657770381328074,0.0,0.0042827654227521215,0.0008404803698588484,0.1317242681980133,0.9915243089199066,0.1307222694158554,0.00021125376224517822,0.0008256062865257263,0.0016288884388149267,0.003066923212171015,0.011127494149651147,0.6763888888888889,-0.0008032284677028656,3.802197220850674,0.425,0.085114736109972,0.0,0,0,0.0,pool=fp64_values_acc_fp64_valid_token_denominator,score=fp64_values_acc_fp64,select=exact_stable_sort_index_order_ties_at_float64
VA_NVFP4_VB_FP64,27,0.9,intervention_ab,the H3 question at VSA's interface: can exact arithmetic rescue a quantized routing input?,nvfp4,fp64,fp64,exact_index_order,1440,0.9614564260524476,0.025532556852581267,0.9803495115995116,0.9997156953533356,1.2379807692307692,0.8157051282051282,0.00396788708086785,0.0,0.0040742401578194665,0.0013258647259176788,0.18961723893880844,0.9829643368721008,0.18899594992399216,0.00035315752029418945,0.0012265592813491821,0.0016890549861383647,0.0031886036585136533,0.014190210506378096,0.7201388888888889,-0.00214182585477829,6.064789029535865,0.3472222222222222,0.085114736109972,0.0,0,0,0.0,pool=fp64_values_acc_fp64_valid_token_denominator,score=fp64_values_acc_fp64,select=exact_stable_sort_index_order_ties_at_float64
VA_NVFP4_VB_FP64,27,0.95,intervention_ab,the H3 question at VSA's interface: can exact arithmetic rescue a quantized routing input?,nvfp4,fp64,fp64,exact_index_order,1440,0.9511432479968732,0.03426734361103512,0.9749599358974359,0.9997156953533356,0.8012820512820512,0.6330128205128205,0.0025682117028270873,0.0,0.0037316725999765234,0.0021294859969438772,0.2380295693874359,0.9735299348831177,0.23759659379720688,0.0005273222923278809,0.0016671419143676758,0.0022930445886382256,0.003580626755200322,0.020654055577125824,0.7506944444444444,-0.0034208521246910095,6.487213179608907,0.27569444444444446,0.085114736109972,0.0,0,0,0.0,pool=fp64_values_acc_fp64_valid_token_denominator,score=fp64_values_acc_fp64,select=exact_stable_sort_index_order_ties_at_float64
VA_NVFP4_VB_FP64,28,0.8,intervention_ab,the H3 question at VSA's interface: can exact arithmetic rescue a quantized routing input?,nvfp4,fp64,fp64,exact_index_order,1440,0.9714020334029843,0.015925573556009875,0.9854935897435897,0.9986913536729762,1.813301282051282,0.9134615384615384,0.005811863083497699,0.0,0.004716724072038461,0.0008230252172999092,0.11301859840750694,0.9936612248420715,0.11343913897871971,5.9137120842933655e-05,0.0005587674677371979,0.0004978360451741321,0.0023965673602843484,0.014964013401764986,0.5673611111111111,-0.0008021257817745209,13.563828782008882,0.45208333333333334,0.08170996978878975,0.0,0,0,0.0,pool=fp64_values_acc_fp64_valid_token_denominator,score=fp64_values_acc_fp64,select=exact_stable_sort_index_order_ties_at_float64
VA_NVFP4_VB_FP64,28,0.9,intervention_ab,the H3 question at VSA's interface: can exact arithmetic rescue a quantized routing input?,nvfp4,fp64,fp64,exact_index_order,1440,0.9583053127101546,0.02347326060311039,0.9787087912087912,0.9986913536729762,1.3413461538461537,0.8333333333333334,0.004299186390532545,0.0,0.004022818980872696,0.001244906607563445,0.15403390675783157,0.9882974326610565,0.15272367000579834,0.00013017095625400543,0.0009343065321445465,0.0006291346396383134,0.0029976785197125327,0.020019947480703425,0.5951388888888889,-0.001495596021413803,11.489475567002934,0.41944444444444445,0.08170996978878975,0.0,0,0,0.0,pool=fp64_values_acc_fp64_valid_token_denominator,score=fp64_values_acc_fp64,select=exact_stable_sort_index_order_ties_at_float64
VA_NVFP4_VB_FP64,28,0.95,intervention_ab,the H3 question at VSA's interface: can exact arithmetic rescue a quantized routing input?,nvfp4,fp64,fp64,exact_index_order,1440,0.948382690149778,0.030256060008669095,0.9735076121794872,0.9986913536729762,0.8477564102564102,0.6602564102564102,0.0027171679815910584,0.0,0.0032014675674842353,0.0020259607981325933,0.19415291398763657,0.9813667833805084,0.1929931789636612,0.00021865218877792358,0.0012222286313772202,0.000919636638798045,0.0033809574536859573,0.021646834037783176,0.6430555555555556,-0.0024726837873458862,11.308753876035029,0.3902777777777778,0.08170996978878975,0.0,0,0,0.0,pool=fp64_values_acc_fp64_valid_token_denominator,score=fp64_values_acc_fp64,select=exact_stable_sort_index_order_ties_at_float64
VA_NVFP4_VB_FP64,29,0.8,intervention_ab,the H3 question at VSA's interface: can exact arithmetic rescue a quantized routing input?,nvfp4,fp64,fp64,exact_index_order,1440,0.9739339491332405,0.016201762169746114,0.9867948717948718,0.9993721288794752,1.6506410256410255,0.9006410256410257,0.0052905161078238006,0.0,0.00430527029485094,0.0008437318799981489,0.12207227200269699,0.9931866824626923,0.12169839441776276,0.00014204904437065125,0.0005955956876277924,0.0010669334239297446,0.002328614062668736,0.010480483919885233,0.65625,0.00019085779786109924,1.343604940861766,0.49930555555555556,0.08485564589500427,0.0,0,0,0.0,pool=fp64_values_acc_fp64_valid_token_denominator,score=fp64_values_acc_fp64,select=exact_stable_sort_index_order_ties_at_float64
VA_NVFP4_VB_FP64,29,0.9,intervention_ab,the H3 question at VSA's interface: can exact arithmetic rescue a quantized routing input?,nvfp4,fp64,fp64,exact_index_order,1440,0.9649613875490466,0.02074171852245743,0.9821682946682947,0.9993721288794752,1.123397435897436,0.7868589743589743,0.0036006328073635765,0.0,0.003981733521553942,0.0012729158680168857,0.17215678095817566,0.9860510230064392,0.17080923169851303,0.0002755112946033478,0.0011307988315820694,0.0013968465153206082,0.0031978667326789684,0.016749072979907735,0.6645833333333333,-0.0012206733226776123,4.430574523033655,0.44583333333333336,0.08485564589500427,0.0,0,0,0.0,pool=fp64_values_acc_fp64_valid_token_denominator,score=fp64_values_acc_fp64,select=exact_stable_sort_index_order_ties_at_float64
VA_NVFP4_VB_FP64,29,0.95,intervention_ab,the H3 question at VSA's interface: can exact arithmetic rescue a quantized routing input?,nvfp4,fp64,fp64,exact_index_order,1440,0.9569755476062135,0.029687949113837764,0.9780148237179487,0.9993721288794752,0.703525641025641,0.5905448717948718,0.002254889875082183,0.0,0.0035718199360705036,0.002063523720543209,0.2260783091187477,0.9759171605110168,0.22543161362409592,0.00026620179414749146,0.0012264437973499298,0.001163354120428531,0.002765963053770572,0.01950299630238929,0.6493055555555556,-0.00211300328373909,7.937599708919925,0.4201388888888889,0.08485564589500427,0.0,0,0,0.0,pool=fp64_values_acc_fp64_valid_token_denominator,score=fp64_values_acc_fp64,select=exact_stable_sort_index_order_ties_at_float64
VA_NVFP4_VB_FP64,3,0.8,intervention_ab,the H3 question at VSA's interface: can exact arithmetic rescue a quantized routing input?,nvfp4,fp64,fp64,exact_index_order,1440,0.9753711735889499,0.010153581104595633,0.9875320512820513,0.9994896763924634,1.5584935897435899,0.875,0.004995171761998685,0.0,0.003584342032120389,0.0007866062458921063,0.20499805361032486,0.9803226888179779,0.20492937415838242,0.00020302832126617432,0.0004940629005432129,0.0011296510107085137,0.0014578575481100581,0.004257024106556745,0.7381944444444445,-0.0019711703062057495,9.708844036697247,0.36319444444444443,0.08808088302612305,0.0,0,0,0.0,pool=fp64_values_acc_fp64_valid_token_denominator,score=fp64_values_acc_fp64,select=exact_stable_sort_index_order_ties_at_float64
VA_NVFP4_VB_FP64,3,0.9,intervention_ab,the H3 question at VSA's interface: can exact arithmetic rescue a quantized routing input?,nvfp4,fp64,fp64,exact_index_order,1440,0.9667062725858003,0.015268886367447498,0.9830713268213268,0.9994896763924634,1.0665064102564101,0.7580128205128205,0.0034182897764628534,0.0,0.0031944205773347264,0.0011969920607302633,0.28972189128398895,0.9618640542030334,0.2893918752670288,0.0004128888249397278,0.001047089695930481,0.0016501419099256421,0.001946128433705941,0.009758605096909952,0.8326388888888889,-0.004247009754180908,10.286085497230092,0.3125,0.08808088302612305,0.0,0,0,0.0,pool=fp64_values_acc_fp64_valid_token_denominator,score=fp64_values_acc_fp64,select=exact_stable_sort_index_order_ties_at_float64
VA_NVFP4_VB_FP64,3,0.95,intervention_ab,the H3 question at VSA's interface: can exact arithmetic rescue a quantized routing input?,nvfp4,fp64,fp64,exact_index_order,1440,0.9568796550372403,0.020441556855518628,0.9779647435897436,0.9994896763924634,0.7051282051282051,0.5897435897435898,0.002260026298487837,0.0,0.002897292577238788,0.0019343698493230876,0.3728652894496918,0.9398050904273987,0.3719335347414017,0.0007051676511764526,0.0016800016164779663,0.002024507781209695,0.0023087885972694544,0.011992200545287306,0.8555555555555555,-0.006334349513053894,8.982756799019505,0.31180555555555556,0.08808088302612305,0.0,0,0,0.0,pool=fp64_values_acc_fp64_valid_token_denominator,score=fp64_values_acc_fp64,select=exact_stable_sort_index_order_ties_at_float64
VA_NVFP4_VB_FP64,4,0.8,intervention_ab,the H3 question at VSA's interface: can exact arithmetic rescue a quantized routing input?,nvfp4,fp64,fp64,exact_index_order,1440,0.9783146281148944,0.009046145187512011,0.9890384615384615,0.999676966015114,1.3701923076923077,0.8461538461538461,0.004391642011834319,0.0,0.003270031966530494,0.0008461203002626531,0.21562287211418152,0.9789553880691528,0.2153560370206833,0.00022485852241516113,0.0004658252000808716,0.0010711691705228717,0.001399499954519688,0.005028610800650515,0.7506944444444444,-0.0021613091230392456,9.611862160371107,0.3451388888888889,0.08669881895184517,0.0,0,0,0.0,pool=fp64_values_acc_fp64_valid_token_denominator,score=fp64_values_acc_fp64,select=exact_stable_sort_index_order_ties_at_float64
VA_NVFP4_VB_FP64,4,0.9,intervention_ab,the H3 question at VSA's interface: can exact arithmetic rescue a quantized routing input?,nvfp4,fp64,fp64,exact_index_order,1440,0.9706250939896737,0.012093763664129176,0.9850936100936101,0.999676966015114,0.9391025641025641,0.7115384615384616,0.0030099441157133465,0.0,0.0030726897230393723,0.0013187117795642395,0.31113532185554504,0.9593646228313446,0.3111644834280014,0.00045421719551086426,0.0009041018784046173,0.001452696399870388,0.0016972555066604442,0.0071318797430496945,0.8152777777777778,-0.004381000995635986,9.64516763991864,0.28888888888888886,0.08669881895184517,0.0,0,0,0.0,pool=fp64_values_acc_fp64_valid_token_denominator,score=fp64_values_acc_fp64,select=exact_stable_sort_index_order_ties_at_float64
VA_NVFP4_VB_FP64,4,0.95,intervention_ab,the H3 question at VSA's interface: can exact arithmetic rescue a quantized routing input?,nvfp4,fp64,fp64,exact_index_order,1440,0.9613004616442393,0.017906618694987886,0.9802684294871795,0.999676966015114,0.6314102564102564,0.5400641025641025,0.002023750821827745,0.0,0.0027740502275466865,0.0021016415869223783,0.37367409467697144,0.944433182477951,0.3737389147281647,0.0005829781293869019,0.0011477433145046234,0.0016360263538202457,0.0018482120029392917,0.007673986199481157,0.8375,-0.007029443979263306,12.057817652020551,0.2798611111111111,0.08669881895184517,0.0,0,0,0.0,pool=fp64_values_acc_fp64_valid_token_denominator,score=fp64_values_acc_fp64,select=exact_stable_sort_index_order_ties_at_float64
VA_NVFP4_VB_FP64,5,0.8,intervention_ab,the H3 question at VSA's interface: can exact arithmetic rescue a quantized routing input?,nvfp4,fp64,fp64,exact_index_order,1440,0.9772865544514298,0.00546282018843991,0.9885128205128205,0.9996053454684178,1.435897435897436,0.8589743589743589,0.0046022353714661405,0.0,0.00415924262283739,0.0008915148659161099,0.16673637181520462,0.9867033660411835,0.16699208319187164,1.3615936040878296e-05,0.00049627386033535,3.2771687510652394e-05,0.0013672075945649618,0.005529160633166794,0.5090277777777777,-0.0007108598947525024,52.207934336525305,0.47847222222222224,0.08532936871051788,0.0,0,0,0.0,pool=fp64_values_acc_fp64_valid_token_denominator,score=fp64_values_acc_fp64,select=exact_stable_sort_index_order_ties_at_float64
VA_NVFP4_VB_FP64,5,0.9,intervention_ab,the H3 question at VSA's interface: can exact arithmetic rescue a quantized routing input?,nvfp4,fp64,fp64,exact_index_order,1440,0.9699585335639989,0.009066724313056773,0.9847502035002036,0.9996053454684178,0.9607371794871794,0.7227564102564102,0.003079285831689678,0.0,0.003657833262442308,0.001349091133846801,0.2398221418261528,0.9734461903572083,0.2393409013748169,0.0001178160309791565,0.000785190612077713,0.0004982276613324874,0.001489682264978534,0.006384125864426849,0.6215277777777778,-0.0027811676263809204,23.606020362992474,0.4076388888888889,0.08532936871051788,0.0,0,0,0.0,pool=fp64_values_acc_fp64_valid_token_denominator,score=fp64_values_acc_fp64,select=exact_stable_sort_index_order_ties_at_float64
VA_NVFP4_VB_FP64,5,0.95,intervention_ab,the H3 question at VSA's interface: can exact arithmetic rescue a quantized routing input?,nvfp4,fp64,fp64,exact_index_order,1440,0.9615894690308954,0.010682856341322822,0.9804186698717948,0.9996053454684178,0.6266025641025641,0.5448717948717948,0.0020083415516107825,0.0,0.003248106836750911,0.0021598394979949866,0.29407912492752075,0.961182177066803,0.29378384351730347,0.00029528141021728516,0.001100841909646988,0.000939933959957328,0.0019116091415202568,0.006965674639713028,0.6625,-0.0063875168561935425,21.631964069438837,0.37569444444444444,0.08532936871051788,0.0,0,0,0.0,pool=fp64_values_acc_fp64_valid_token_denominator,score=fp64_values_acc_fp64,select=exact_stable_sort_index_order_ties_at_float64
VA_NVFP4_VB_FP64,6,0.8,intervention_ab,the H3 question at VSA's interface: can exact arithmetic rescue a quantized routing input?,nvfp4,fp64,fp64,exact_index_order,1440,0.978477713669544,0.007572955430126482,0.9891217948717949,0.9997858156752494,1.359775641025641,0.8477564102564102,0.004358255259697567,0.0,0.003003682478639097,0.0008281412188116764,0.28635555505752563,0.9650229811668396,0.2863178253173828,0.00023382902145385742,0.00047700293362140656,0.0008035241981816249,0.001065329099707358,0.003960589705798841,0.7666666666666667,-0.0030911117792129517,13.219538618404282,0.2743055555555556,0.09077318757772446,0.0,0,0,0.0,pool=fp64_values_acc_fp64_valid_token_denominator,score=fp64_values_acc_fp64,select=exact_stable_sort_index_order_ties_at_float64
VA_NVFP4_VB_FP64,6,0.9,intervention_ab,the H3 question at VSA's interface: can exact arithmetic rescue a quantized routing input?,nvfp4,fp64,fp64,exact_index_order,1440,0.9696871007340231,0.012178764746060278,0.9846102971102971,0.9997858156752494,0.969551282051282,0.7243589743589743,0.0031075361604207758,0.0,0.0028573831920288995,0.0012709133668102378,0.4155544191598892,0.9348524212837219,0.41512657701969147,0.0005219578742980957,0.0009725689888000488,0.0014043791431009199,0.0015361196750496144,0.005568918928596668,0.8395833333333333,-0.00749361515045166,14.356743176887061,0.20416666666666666,0.09077318757772446,0.0,0,0,0.0,pool=fp64_values_acc_fp64_valid_token_denominator,score=fp64_values_acc_fp64,select=exact_stable_sort_index_order_ties_at_float64
VA_NVFP4_VB_FP64,6,0.95,intervention_ab,the H3 question at VSA's interface: can exact arithmetic rescue a quantized routing input?,nvfp4,fp64,fp64,exact_index_order,1440,0.9584150647312671,0.018170979213897542,0.9787660256410257,0.9997858156752494,0.6794871794871795,0.5737179487179487,0.0021778435239973703,0.0,0.0027163607924089493,0.0019847156854826084,0.5146860480308533,0.9093423187732697,0.5132822096347809,0.0007839947938919067,0.0012946594506502151,0.0016700475816094134,0.0017780710744949328,0.0057656277084513685,0.8375,-0.01207539439201355,15.402391044038545,0.17916666666666667,0.09077318757772446,0.0,0,0,0.0,pool=fp64_values_acc_fp64_valid_token_denominator,score=fp64_values_acc_fp64,select=exact_stable_sort_index_order_ties_at_float64
VA_NVFP4_VB_FP64,7,0.8,intervention_ab,the H3 question at VSA's interface: can exact arithmetic rescue a quantized routing input?,nvfp4,fp64,fp64,exact_index_order,1440,0.9791930981984268,0.007947990073321032,0.9894871794871795,0.9996655420125413,1.314102564102564,0.8389423076923077,0.0042118671926364235,0.0,0.003220091137868272,0.000852075756021952,0.2293487787246704,0.976093977689743,0.22912730276584625,0.00016573816537857056,0.00048448145389556885,0.0007441333553776952,0.0011701809010277076,0.004121010606828504,0.7243055555555555,-0.002193145453929901,13.232591593616544,0.26666666666666666,0.08780056983232498,0.0,0,0,0.0,pool=fp64_values_acc_fp64_valid_token_denominator,score=fp64_values_acc_fp64,select=exact_stable_sort_index_order_ties_at_float64
VA_NVFP4_VB_FP64,7,0.9,intervention_ab,the H3 question at VSA's interface: can exact arithmetic rescue a quantized routing input?,nvfp4,fp64,fp64,exact_index_order,1440,0.9731225299549334,0.012554080573957793,0.9863782051282051,0.9996655420125413,0.8581730769230769,0.6746794871794872,0.002750554733727811,0.0,0.002905034059039898,0.001348980970993603,0.3285371959209442,0.9553224444389343,0.32797810435295105,0.0003799349069595337,0.0009442027658224106,0.001209566732412471,0.001575871327822039,0.0059698059611904206,0.76875,-0.0054173097014427185,14.258520610267874,0.1840277777777778,0.08780056983232498,0.0,0,0,0.0,pool=fp64_values_acc_fp64_valid_token_denominator,score=fp64_values_acc_fp64,select=exact_stable_sort_index_order_ties_at_float64
VA_NVFP4_VB_FP64,7,0.95,intervention_ab,the H3 question at VSA's interface: can exact arithmetic rescue a quantized routing input?,nvfp4,fp64,fp64,exact_index_order,1440,0.9645808736717828,0.019329773109681425,0.9819711538461539,0.9996655420125413,0.5769230769230769,0.5160256410256411,0.0018491124260355029,0.0,0.002611260484546092,0.002136808601753563,0.4015910029411316,0.9378879368305206,0.4012365788221359,0.0006028860807418823,0.0013875961303710938,0.0015532877149454724,0.001869112645658492,0.006304772412825596,0.8055555555555556,-0.008858293294906616,14.693146147952248,0.15416666666666667,0.08780056983232498,0.0,0,0,0.0,pool=fp64_values_acc_fp64_valid_token_denominator,score=fp64_values_acc_fp64,select=exact_stable_sort_index_order_ties_at_float64
VA_NVFP4_VB_FP64,8,0.8,intervention_ab,the H3 question at VSA's interface: can exact arithmetic rescue a quantized routing input?,nvfp4,fp64,fp64,exact_index_order,1440,0.9792809881976252,0.005432850002357381,0.9895320512820514,0.9996533164904815,1.3084935897435899,0.8365384615384616,0.004193889710716634,0.0,0.003547483671735939,0.0008662490043039715,0.21553564071655273,0.9783985912799835,0.21529627591371536,7.69495964050293e-05,0.0005112607032060623,0.00029261076062958726,0.0011623356049739499,0.003764723311730129,0.5972222222222222,-0.002734825015068054,35.540472501936485,0.31666666666666665,0.08701176568865776,0.0,0,0,0.0,pool=fp64_values_acc_fp64_valid_token_denominator,score=fp64_values_acc_fp64,select=exact_stable_sort_index_order_ties_at_float64
VA_NVFP4_VB_FP64,8,0.9,intervention_ab,the H3 question at VSA's interface: can exact arithmetic rescue a quantized routing input?,nvfp4,fp64,fp64,exact_index_order,1440,0.971143842365513,0.00820520558052229,0.9853607041107042,0.9996533164904815,0.922275641025641,0.7019230769230769,0.0029560116699539774,0.0,0.003179790703464238,0.0013177426351299094,0.3206148147583008,0.9551773965358734,0.3204754590988159,0.0002668797969818115,0.0008703358471393585,0.000870176012318912,0.0014794745465177756,0.0056882590519906975,0.6798611111111111,-0.007483929395675659,28.042322724734785,0.26666666666666666,0.08701176568865776,0.0,0,0,0.0,pool=fp64_values_acc_fp64_valid_token_denominator,score=fp64_values_acc_fp64,select=exact_stable_sort_index_order_ties_at_float64
VA_NVFP4_VB_FP64,8,0.95,intervention_ab,the H3 question at VSA's interface: can exact arithmetic rescue a quantized routing input?,nvfp4,fp64,fp64,exact_index_order,1440,0.9661283970066955,0.010266356301622315,0.9827724358974359,0.9996533164904815,0.5512820512820512,0.49038461538461536,0.0017669296515450362,0.0,0.00281357287942151,0.0022066903294122604,0.39125411212444305,0.9376305937767029,0.39118777215480804,0.00036738812923431396,0.0012302324175834656,0.0009967440431429596,0.001436621054198035,0.006064184395718167,0.7034722222222223,-0.012110143899917603,32.96280673291422,0.23333333333333334,0.08701176568865776,0.0,0,0,0.0,pool=fp64_values_acc_fp64_valid_token_denominator,score=fp64_values_acc_fp64,select=exact_stable_sort_index_order_ties_at_float64
VA_NVFP4_VB_FP64,9,0.8,intervention_ab,the H3 question at VSA's interface: can exact arithmetic rescue a quantized routing input?,nvfp4,fp64,fp64,exact_index_order,1440,0.9803865563018204,0.005177062797095178,0.9900961538461539,0.9996673752556428,1.2379807692307692,0.8173076923076923,0.00396788708086785,0.0,0.003319646105713641,0.0008878572091101988,0.20396416634321213,0.9805065393447876,0.20418813824653625,0.00010196119546890259,0.00043629296123981476,0.00043937980025642975,0.0011612567505098208,0.004254483131259414,0.6270833333333333,-0.0016561448574066162,16.242893679210816,0.3347222222222222,0.08812275528907776,0.0,0,0,0.0,pool=fp64_values_acc_fp64_valid_token_denominator,score=fp64_values_acc_fp64,select=exact_stable_sort_index_order_ties_at_float64
VA_NVFP4_VB_FP64,9,0.9,intervention_ab,the H3 question at VSA's interface: can exact arithmetic rescue a quantized routing input?,nvfp4,fp64,fp64,exact_index_order,1440,0.9727017262143718,0.007670134693240294,0.9861619861619861,0.9996673752556428,0.8717948717948718,0.6794871794871795,0.002794214332675871,0.0,0.0029627638614553357,0.0013690511329269542,0.3005210906267166,0.9602293968200684,0.3001735210418701,0.0002564936876296997,0.0007056146860122681,0.0008613705574269562,0.0012809923429715757,0.004420341116419963,0.7215277777777778,-0.004990190267562866,19.455411607505955,0.2298611111111111,0.08812275528907776,0.0,0,0,0.0,pool=fp64_values_acc_fp64_valid_token_denominator,score=fp64_values_acc_fp64,select=exact_stable_sort_index_order_ties_at_float64
VA_NVFP4_VB_FP64,9,0.95,intervention_ab,the H3 question at VSA's interface: can exact arithmetic rescue a quantized routing input?,nvfp4,fp64,fp64,exact_index_order,1440,0.9640977720946245,0.01420917440896996,0.9817207532051282,0.9996673752556428,0.5849358974358975,0.5160256410256411,0.0018747945430637738,0.0,0.0026848594077416603,0.002123993902259912,0.37438371777534485,0.9430469870567322,0.37380023300647736,0.000451698899269104,0.0010082796216011047,0.001209994139843755,0.0014241536781876808,0.0051958569589731305,0.7902777777777777,-0.007470607757568359,16.53891069838023,0.18194444444444444,0.08812275528907776,0.0,0,0,0.0,pool=fp64_values_acc_fp64_valid_token_denominator,score=fp64_values_acc_fp64,select=exact_stable_sort_index_order_ties_at_float64
VB_BF16_LOW,0,0.8,intervention_b,selector arithmetic lowered to true bf16 accumulation,bf16,bf16_low,bf16_low,kernel,1440,0.9801980198019802,0.0182177367997447,0.99,0.999866448206511,1.25,0.8189102564102564,0.004006410256410256,0.0,0.0033316634169103573,0.0007885406664566403,0.15002334117889404,0.9887335896492004,0.15035758167505264,-1.5174038708209991e-05,0.0005232100374996662,-0.00022511493272643173,0.0017916029699212683,0.005368670315581738,0.48194444444444445,-0.0011324062943458557,74.62787700239366,0.4583333333333333,0.0,317.0,0,0,0.0,pool=bf16_values_sequential_acc_bf16_valid_token_denominator,score=bf16_values_sequential_rank1_acc_bf16,select=kernel_fused_topk_mask_fp32_bisect_index_order_ties
VB_BF16_LOW,0,0.9,intervention_b,selector arithmetic lowered to true bf16 accumulation,bf16,bf16_low,bf16_low,kernel,1440,0.9657228604432483,0.02827700281376233,0.9825625763125763,0.999866448206511,1.098557692307692,0.7756410256410257,0.0035210182445759367,0.0,0.0037715449170676353,0.0011049317279779862,0.20542769134044647,0.9789790213108063,0.20678527653217316,-0.0001212097704410553,0.0006567016243934631,-0.0006190498334548433,0.0019521599761238412,0.007033168605065967,0.37777777777777777,-0.0028231441974639893,23.291391339090882,0.41944444444444445,0.0,308.0,0,0,0.0,pool=bf16_values_sequential_acc_bf16_valid_token_denominator,score=bf16_values_sequential_rank1_acc_bf16,select=kernel_fused_topk_mask_fp32_bisect_index_order_ties
VB_BF16_LOW,0,0.95,intervention_b,selector arithmetic lowered to true bf16 accumulation,bf16,bf16_low,bf16_low,kernel,1440,0.9528606403664748,0.047499596265460076,0.9758613782051282,0.999866448206511,0.7724358974358974,0.6418269230769231,0.0024757560815253125,0.0,0.003772267091154465,0.0018223123452057537,0.24951130151748657,0.9702644646167755,0.2505939304828644,-0.00011154264211654663,0.0011471398174762726,-0.0005298101712185772,0.001737777486703895,0.007251148524350164,0.44722222222222224,-0.0045807212591171265,41.0669961926391,0.39305555555555555,0.0,277.0,0,0,0.0,pool=bf16_values_sequential_acc_bf16_valid_token_denominator,score=bf16_values_sequential_rank1_acc_bf16,select=kernel_fused_topk_mask_fp32_bisect_index_order_ties
VB_BF16_LOW,1,0.8,intervention_b,selector arithmetic lowered to true bf16 accumulation,bf16,bf16_low,bf16_low,kernel,1440,0.9794567914563503,0.00968821573086076,0.9896217948717949,0.9998648706151443,1.297275641025641,0.8333333333333334,0.004157934746877055,0.0,0.0032987593415085103,0.0008526661787641125,0.12789200991392136,0.9921077787876129,0.12798136472702026,-5.06080687046051e-05,0.00021496787667274475,-0.00048218405944815764,0.0009503243360686232,0.00340839326765981,0.33958333333333335,-0.00031045079231262207,6.134412955465587,0.4861111111111111,0.0,274.0,0,0,0.0,pool=bf16_values_sequential_acc_bf16_valid_token_denominator,score=bf16_values_sequential_rank1_acc_bf16,select=kernel_fused_topk_mask_fp32_bisect_index_order_ties
VB_BF16_LOW,1,0.9,intervention_b,selector arithmetic lowered to true bf16 accumulation,bf16,bf16_low,bf16_low,kernel,1440,0.9666324820530778,0.017789676376985364,0.9830331705331705,0.9998648706151443,1.0689102564102564,0.7708333333333334,0.0034259944115713347,0.0,0.003984695796407114,0.0012335997979662455,0.1864507794380188,0.9834464192390442,0.18636058270931244,-9.441375732421875e-05,0.0003883223980665207,-0.0005792604095999356,0.0010961129961107108,0.004857147643368776,0.36041666666666666,-0.0015006959438323975,15.894886363636363,0.4125,0.0,267.0,0,0,0.0,pool=bf16_values_sequential_acc_bf16_valid_token_denominator,score=bf16_values_sequential_rank1_acc_bf16,select=kernel_fused_topk_mask_fp32_bisect_index_order_ties
VB_BF16_LOW,1,0.95,intervention_b,selector arithmetic lowered to true bf16 accumulation,bf16,bf16_low,bf16_low,kernel,1440,0.9523832803715473,0.02950138890215337,0.9756109775641025,0.9998648706151443,0.780448717948718,0.6346153846153846,0.0025014381985535832,0.0,0.0043553156676630735,0.002029462419291611,0.22699105739593506,0.9765880703926086,0.22703497111797333,-6.673485040664673e-05,0.0006350334733724594,-0.00032288545429340495,0.0013731958948802866,0.0050882603743725874,0.42291666666666666,-0.002732120454311371,40.93993524617618,0.39305555555555555,0.0,215.0,0,0,0.0,pool=bf16_values_sequential_acc_bf16_valid_token_denominator,score=bf16_values_sequential_rank1_acc_bf16,select=kernel_fused_topk_mask_fp32_bisect_index_order_ties
VB_BF16_LOW,10,0.8,intervention_b,selector arithmetic lowered to true bf16 accumulation,bf16,bf16_low,bf16_low,kernel,1440,0.9760968294580494,0.01559674295185065,0.9879038461538461,0.9998625139050832,1.5120192307692308,0.8790064102564102,0.004846215483234714,0.0,0.0043413086692124115,0.0008479816390022745,0.22784807533025742,0.9766850471496582,0.22792909294366837,-5.696713924407959e-05,0.00023861229419708252,-0.00023600031222541148,0.0005319042684837059,0.001607156078072936,0.37222222222222223,-0.0021243467926979065,37.290740256343184,0.3013888888888889,0.0,329.0,0,588,0.00040064102564102563,pool=bf16_values_sequential_acc_bf16_valid_token_denominator,score=bf16_values_sequential_rank1_acc_bf16,select=kernel_fused_topk_mask_fp32_bisect_index_order_ties
VB_BF16_LOW,10,0.9,intervention_b,selector arithmetic lowered to true bf16 accumulation,bf16,bf16_low,bf16_low,kernel,1440,0.960942760942761,0.024154365224684726,0.9800824175824175,0.9998625139050832,1.2548076923076923,0.8269230769230769,0.004021819526627219,0.0,0.0052135721821359535,0.0012983309924965536,0.32476237416267395,0.9570688009262085,0.3246503919363022,-8.93622636795044e-05,0.00046066194772720337,-0.0002790803887819962,0.000726434560727449,0.0024869573226601726,0.3638888888888889,-0.005646556615829468,63.187260296815076,0.22291666666666668,0.0,304.0,0,12,0.00013354700854700856,pool=bf16_values_sequential_acc_bf16_valid_token_denominator,score=bf16_values_sequential_rank1_acc_bf16,select=kernel_fused_topk_mask_fp32_bisect_index_order_ties
VB_BF16_LOW,10,0.95,intervention_b,selector arithmetic lowered to true bf16 accumulation,bf16,bf16_low,bf16_low,kernel,1440,0.9428849428362929,0.038892003520461405,0.9706029647435898,0.9998625139050832,0.9407051282051282,0.7131410256410257,0.0030150805391190006,0.0,0.005699500159623776,0.0020777991703692985,0.4135345369577408,0.9308561086654663,0.4133630841970444,-0.00012080371379852295,0.0007365942001342773,-0.0002942839809979517,0.0009029786789240083,0.0031544973789958556,0.4,-0.009689152240753174,80.20574811890958,0.17847222222222223,0.0,254.0,0,0,0.0,pool=bf16_values_sequential_acc_bf16_valid_token_denominator,score=bf16_values_sequential_rank1_acc_bf16,select=kernel_fused_topk_mask_fp32_bisect_index_order_ties
VB_BF16_LOW,11,0.8,intervention_b,selector arithmetic lowered to true bf16 accumulation,bf16,bf16_low,bf16_low,kernel,1440,0.9768856447688564,0.009920509959105206,0.9883076923076923,0.9997561678196474,1.4615384615384615,0.8685897435897436,0.004684418145956607,0.0,0.00423834683191076,0.0008693533206463705,0.21552979946136475,0.9788603186607361,0.21563855558633804,-4.6230852603912354e-05,0.0002149585634469986,-0.0002249483133158322,0.0004941134878721336,0.0015477941669347892,0.36180555555555555,-0.0016609430313110352,35.92715551974214,0.35,0.0,331.5,0,12,0.00013354700854700856,pool=bf16_values_sequential_acc_bf16_valid_token_denominator,score=bf16_values_sequential_rank1_acc_bf16,select=kernel_fused_topk_mask_fp32_bisect_index_order_ties
VB_BF16_LOW,11,0.9,intervention_b,selector arithmetic lowered to true bf16 accumulation,bf16,bf16_low,bf16_low,kernel,1440,0.9618234897821694,0.015467325062706871,0.980540293040293,0.9997561678196474,1.2259615384615383,0.8189102564102564,0.003929363905325444,0.0,0.004926538891352292,0.0013103018926396578,0.30169516801834106,0.9618152678012848,0.30224114656448364,-6.160512566566467e-05,0.0003796592354774475,-0.00021817841886428508,0.0006273750351882352,0.002158464484663811,0.3854166666666667,-0.005044281482696533,81.880873193445,0.2604166666666667,0.0,302.0,0,0,0.0,pool=bf16_values_sequential_acc_bf16_valid_token_denominator,score=bf16_values_sequential_rank1_acc_bf16,select=kernel_fused_topk_mask_fp32_bisect_index_order_ties
VB_BF16_LOW,11,0.95,intervention_b,selector arithmetic lowered to true bf16 accumulation,bf16,bf16_low,bf16_low,kernel,1440,0.946009160900497,0.02537473681782787,0.9722556089743589,0.9997561678196474,0.8878205128205128,0.6907051282051282,0.002845578566732413,0.0,0.005243636438072501,0.0021111426042373306,0.3798041343688965,0.9416040778160095,0.37936288118362427,-9.835511445999146e-05,0.0006612911820411682,-0.0002938466211008313,0.000892904599788164,0.0026534146774774324,0.40694444444444444,-0.009172126650810242,93.25520793879251,0.22777777777777777,0.0,246.0,0,0,0.0,pool=bf16_values_sequential_acc_bf16_valid_token_denominator,score=bf16_values_sequential_rank1_acc_bf16,select=kernel_fused_topk_mask_fp32_bisect_index_order_ties
VB_BF16_LOW,12,0.8,intervention_b,selector arithmetic lowered to true bf16 accumulation,bf16,bf16_low,bf16_low,kernel,1440,0.974821031923107,0.012091303524889518,0.98725,0.999881192374202,1.59375,0.8958333333333334,0.005108173076923077,0.0,0.004284333059107857,0.0008430143736962916,0.19198404997587204,0.9826127290725708,0.19203152507543564,-5.190074443817139e-05,0.0002548433840274811,-0.0002741115231463626,0.000663577586924235,0.0022165114055719293,0.38472222222222224,-0.0013255774974822998,25.540625897215044,0.3798611111111111,0.0,355.5,0,0,0.0,pool=bf16_values_sequential_acc_bf16_valid_token_denominator,score=bf16_values_sequential_rank1_acc_bf16,select=kernel_fused_topk_mask_fp32_bisect_index_order_ties
VB_BF16_LOW,12,0.9,intervention_b,selector arithmetic lowered to true bf16 accumulation,bf16,bf16_low,bf16_low,kernel,1440,0.960062822526363,0.01674817529934247,0.9796245421245421,0.999881192374202,1.283653846153846,0.8317307692307693,0.004114275147928994,0.0,0.004897990652873026,0.0013075141217901527,0.2734346091747284,0.9662712216377258,0.27437329292297363,-0.00010252371430397034,0.0004742573946714401,-0.00039522525451983037,0.0008781702399916233,0.0028008780125032117,0.3680555555555556,-0.00662568211555481,64.62584935140438,0.28958333333333336,0.0,309.5,0,0,0.0,pool=bf16_values_sequential_acc_bf16_valid_token_denominator,score=bf16_values_sequential_rank1_acc_bf16,select=kernel_fused_topk_mask_fp32_bisect_index_order_ties
VB_BF16_LOW,12,0.95,intervention_b,selector arithmetic lowered to true bf16 accumulation,bf16,bf16_low,bf16_low,kernel,1440,0.9465308421864884,0.027864874827531527,0.9725310496794872,0.999881192374202,0.8790064102564102,0.6915064102564102,0.002817328238001315,0.0,0.005347445631120102,0.0021572527494809505,0.33424821496009827,0.9528902769088745,0.3342687636613846,-0.00014116615056991577,0.0007118210196495056,-0.00045022326689159436,0.0010345836092092628,0.0033755691031817116,0.3715277777777778,-0.011723749339580536,83.04929540296617,0.24513888888888888,0.0,238.0,0,0,0.0,pool=bf16_values_sequential_acc_bf16_valid_token_denominator,score=bf16_values_sequential_rank1_acc_bf16,select=kernel_fused_topk_mask_fp32_bisect_index_order_ties
VB_BF16_LOW,13,0.8,intervention_b,selector arithmetic lowered to true bf16 accumulation,bf16,bf16_low,bf16_low,kernel,1440,0.9726734151432563,0.015011680702694652,0.9861474358974359,0.9998574272130603,1.7315705128205128,0.9118589743589743,0.005549905489809336,0.0,0.004637661645698968,0.0008332046917559409,0.20884578675031662,0.9798144996166229,0.20873186737298965,-4.433095455169678e-05,0.0002108253538608551,-0.00023042478137306409,0.0005353922283173388,0.001470149037084936,0.3729166666666667,-0.0017047524452209473,38.45512605042017,0.30972222222222223,0.0,381.0,0,24,0.00013354700854700856,pool=bf16_values_sequential_acc_bf16_valid_token_denominator,score=bf16_values_sequential_rank1_acc_bf16,select=kernel_fused_topk_mask_fp32_bisect_index_order_ties
VB_BF16_LOW,13,0.9,intervention_b,selector arithmetic lowered to true bf16 accumulation,bf16,bf16_low,bf16_low,kernel,1440,0.9575983171831435,0.02236360789976244,0.9783399470899471,0.9998574272130603,1.3645833333333335,0.8549679487179487,0.00437366452991453,0.0,0.005431392557678249,0.0012797088526428544,0.28229859471321106,0.9659810662269592,0.2824755311012268,-8.211284875869751e-05,0.000363670289516449,-0.00033393325135246024,0.0006573486486003928,0.0018821657860842445,0.36736111111111114,-0.004620596766471863,56.27130024498684,0.24166666666666667,0.0,344.5,0,12,0.00013354700854700856,pool=bf16_values_sequential_acc_bf16_valid_token_denominator,score=bf16_values_sequential_rank1_acc_bf16,select=kernel_fused_topk_mask_fp32_bisect_index_order_ties
VB_BF16_LOW,13,0.95,intervention_b,selector arithmetic lowered to true bf16 accumulation,bf16,bf16_low,bf16_low,kernel,1440,0.9409963547995139,0.030621564581364002,0.9696013621794872,0.9998574272130603,0.9727564102564102,0.7315705128205128,0.0031178090072320843,0.0,0.00584491713328927,0.002044490563726991,0.35641227662563324,0.9485137760639191,0.35657934844493866,-9.149312973022461e-05,0.0006016343832015991,-0.0002456195908037597,0.0008468119091791798,0.002595594566898659,0.4173611111111111,-0.0075073689222335815,82.05390879478827,0.22013888888888888,0.0,279.0,0,0,0.0,pool=bf16_values_sequential_acc_bf16_valid_token_denominator,score=bf16_values_sequential_rank1_acc_bf16,select=kernel_fused_topk_mask_fp32_bisect_index_order_ties
VB_BF16_LOW,14,0.8,intervention_b,selector arithmetic lowered to true bf16 accumulation,bf16,bf16_low,bf16_low,kernel,1440,0.9753086419753086,0.009680334607347518,0.9875,0.9996541523865119,1.5625,0.890224358974359,0.005008012820512821,0.0,0.004529518731605909,0.0008652489188367411,0.21926506608724594,0.9784065186977386,0.21915050595998764,-5.8434903621673584e-05,0.00024014338850975037,-0.0002711196907624424,0.0005966202130410533,0.0015656636084292932,0.36041666666666666,-0.0018102899193763733,30.97959964299375,0.3138888888888889,0.0,342.0,0,24,0.00013354700854700856,pool=bf16_values_sequential_acc_bf16_valid_token_denominator,score=bf16_values_sequential_rank1_acc_bf16,select=kernel_fused_topk_mask_fp32_bisect_index_order_ties
VB_BF16_LOW,14,0.9,intervention_b,selector arithmetic lowered to true bf16 accumulation,bf16,bf16_low,bf16_low,kernel,1440,0.9607960496782882,0.015648932600171084,0.980006105006105,0.9996541523865119,1.2596153846153846,0.8301282051282052,0.004037228796844181,0.0,0.005384947958245122,0.0013359583605637758,0.3081092834472656,0.959283322095871,0.3084939867258072,-8.924305438995361e-05,0.0004119873046875,-0.0003253344848725783,0.000671562369451264,0.001991849738245002,0.35694444444444445,-0.007728785276412964,86.60377358490567,0.23541666666666666,0.0,306.0,0,12,0.00013354700854700856,pool=bf16_values_sequential_acc_bf16_valid_token_denominator,score=bf16_values_sequential_rank1_acc_bf16,select=kernel_fused_topk_mask_fp32_bisect_index_order_ties
VB_BF16_LOW,14,0.95,intervention_b,selector arithmetic lowered to true bf16 accumulation,bf16,bf16_low,bf16_low,kernel,1440,0.9440198607798277,0.025433729511508796,0.9712039262820513,0.9996541523865119,0.9214743589743589,0.7083333333333334,0.0029534434582511506,0.0,0.005807531301130608,0.0021446424140944675,0.38540521264076233,0.9422706365585327,0.3856319934129715,-0.0001312345266342163,0.0006770268082618713,-0.0003656368171431631,0.0008493946208113694,0.00245628770153145,0.35208333333333336,-0.01306818425655365,99.57885772680822,0.2076388888888889,0.0,247.0,0,12,0.00013354700854700856,pool=bf16_values_sequential_acc_bf16_valid_token_denominator,score=bf16_values_sequential_rank1_acc_bf16,select=kernel_fused_topk_mask_fp32_bisect_index_order_ties
VB_BF16_LOW,15,0.8,intervention_b,selector arithmetic lowered to true bf16 accumulation,bf16,bf16_low,bf16_low,kernel,1440,0.9733846079158417,0.018655765498915233,0.9865128205128205,0.9998623601511931,1.685897435897436,0.9038461538461539,0.005403517422748192,0.0,0.004461116704246622,0.0008185961273645696,0.24099744856357574,0.9736647605895996,0.24100950360298157,-3.71783971786499e-05,0.0002554357051849365,-0.00016718738393833838,0.0005421807743354418,0.0016575168177191458,0.4076388888888889,-0.002200603485107422,59.190380761523045,0.33055555555555555,0.0,365.0,0,12,0.00013354700854700856,pool=bf16_values_sequential_acc_bf16_valid_token_denominator,score=bf16_values_sequential_rank1_acc_bf16,select=kernel_fused_topk_mask_fp32_bisect_index_order_ties
VB_BF16_LOW,15,0.9,intervention_b,selector arithmetic lowered to true bf16 accumulation,bf16,bf16_low,bf16_low,kernel,1440,0.9584760436959587,0.025107393155408886,0.9787978225478225,0.9998623601511931,1.3357371794871793,0.8461538461538461,0.004281208908612754,0.0,0.005297399000608773,0.0012655714234086997,0.3520456999540329,0.9480396509170532,0.352523609995842,-6.724894046783447e-05,0.0005198828876018524,-0.00022314121305838018,0.0007310104609182628,0.002285788244339673,0.4131944444444444,-0.006883203983306885,102.35408818967427,0.2701388888888889,0.0,331.5,0,0,0.0,pool=bf16_values_sequential_acc_bf16_valid_token_denominator,score=bf16_values_sequential_rank1_acc_bf16,select=kernel_fused_topk_mask_fp32_bisect_index_order_ties
VB_BF16_LOW,15,0.95,intervention_b,selector arithmetic lowered to true bf16 accumulation,bf16,bf16_low,bf16_low,kernel,1440,0.9411378726802849,0.03386241258651479,0.9696764823717949,0.9998623601511931,0.9703525641025641,0.7243589743589743,0.0031101043721236026,0.0,0.005609713417794387,0.002019700226023588,0.4597490280866623,0.9202792346477509,0.4593591094017029,-0.0001385509967803955,0.0008538812398910522,-0.0003501201795928614,0.0009879679844087648,0.002934927769917374,0.4111111111111111,-0.011916697025299072,86.00946440094644,0.24930555555555556,0.0,272.0,0,0,0.0,pool=bf16_values_sequential_acc_bf16_valid_token_denominator,score=bf16_values_sequential_rank1_acc_bf16,select=kernel_fused_topk_mask_fp32_bisect_index_order_ties
VB_BF16_LOW,16,0.8,intervention_b,selector arithmetic lowered to true bf16 accumulation,bf16,bf16_low,bf16_low,kernel,1440,0.9743336623889437,0.018919816796107436,0.987,0.9998661029742839,1.625,0.9006410256410257,0.005208333333333333,0.0,0.004496788830097411,0.0008458046543802326,0.19495336711406708,0.9828208684921265,0.1949498951435089,-6.742030382156372e-05,0.00026649609208106995,-0.00033336021983173506,0.0006485199043936473,0.0022303605361473004,0.3263888888888889,-0.001455545425415039,21.589125870261906,0.34375,0.0,359.0,0,36,0.00013354700854700856,pool=bf16_values_sequential_acc_bf16_valid_token_denominator,score=bf16_values_sequential_rank1_acc_bf16,select=kernel_fused_topk_mask_fp32_bisect_index_order_ties
VB_BF16_LOW,16,0.9,intervention_b,selector arithmetic lowered to true bf16 accumulation,bf16,bf16_low,bf16_low,kernel,1440,0.9595498900198012,0.026652123703671426,0.9793574481074481,0.9998661029742839,1.3004807692307692,0.8381410256410257,0.0041682075936883625,0.0,0.0054292692072072666,0.001306599479886516,0.283905953168869,0.9650968909263611,0.28412385284900665,-8.943676948547363e-05,0.0005360916256904602,-0.0003096833508780694,0.000864846901627054,0.002762098776893197,0.3784722222222222,-0.0051744431257247925,57.85588137287571,0.23819444444444443,0.0,319.0,0,12,0.00013354700854700856,pool=bf16_values_sequential_acc_bf16_valid_token_denominator,score=bf16_values_sequential_rank1_acc_bf16,select=kernel_fused_topk_mask_fp32_bisect_index_order_ties
VB_BF16_LOW,16,0.95,intervention_b,selector arithmetic lowered to true bf16 accumulation,bf16,bf16_low,bf16_low,kernel,1440,0.9438779246832233,0.03607987754405673,0.9711288060897436,0.9998661029742839,0.9238782051282051,0.7099358974358975,0.002961148093359632,0.0,0.0058672503503076805,0.0021361789623583075,0.35947009921073914,0.9473768174648285,0.36057430505752563,-0.00013336539268493652,0.0008743703365325928,-0.00040647607670867263,0.001052275649266421,0.003506697156705928,0.38819444444444445,-0.01066809892654419,79.99150837988827,0.19444444444444445,0.0,257.0,0,36,0.00013354700854700856,pool=bf16_values_sequential_acc_bf16_valid_token_denominator,score=bf16_values_sequential_rank1_acc_bf16,select=kernel_fused_topk_mask_fp32_bisect_index_order_ties
VB_BF16_LOW,17,0.8,intervention_b,selector arithmetic lowered to true bf16 accumulation,bf16,bf16_low,bf16_low,kernel,1440,0.9813801074517674,0.007248572800900188,0.9906025641025641,0.9998581104764158,1.1746794871794872,0.8076923076923077,0.00376499835634451,0.0,0.003147230945139998,0.0008408049330861039,0.14768417179584503,0.9896170198917389,0.14778384566307068,-2.195686101913452e-05,0.00020791403949260712,-0.00013852309305972447,0.0006131008368059197,0.0018538214325620832,0.44930555555555557,0.0007198527455329895,32.78486596538853,0.5631944444444444,0.0,254.0,0,216,0.0002670940170940171,pool=bf16_values_sequential_acc_bf16_valid_token_denominator,score=bf16_values_sequential_rank1_acc_bf16,select=kernel_fused_topk_mask_fp32_bisect_index_order_ties
VB_BF16_LOW,17,0.9,intervention_b,selector arithmetic lowered to true bf16 accumulation,bf16,bf16_low,bf16_low,kernel,1440,0.9692430997345088,0.011644843346683476,0.9843813593813594,0.9998581104764158,0.9839743589743589,0.7371794871794872,0.0031537639710716636,0.0,0.0039350980083098066,0.0013418119786084192,0.1997268870472908,0.9816661179065704,0.1996692270040512,-4.4912099838256836e-05,0.0003859996795654297,-0.00019581887441562747,0.000826069054084706,0.002507973713296121,0.4354166666666667,-0.0007984563708305359,17.778201725282017,0.45555555555555555,0.0,244.0,0,24,0.00013354700854700856,pool=bf16_values_sequential_acc_bf16_valid_token_denominator,score=bf16_values_sequential_rank1_acc_bf16,select=kernel_fused_topk_mask_fp32_bisect_index_order_ties
VB_BF16_LOW,17,0.95,intervention_b,selector arithmetic lowered to true bf16 accumulation,bf16,bf16_low,bf16_low,kernel,1440,0.9573592118806058,0.017002498041544745,0.9782151442307693,0.9998581104764158,0.6971153846153846,0.5961538461538461,0.002234344181459566,0.0,0.004227335173276796,0.002260783104916073,0.2552301585674286,0.9712681770324707,0.2555399239063263,-3.460794687271118e-05,0.0005826279520988464,-0.00011254307610545466,0.0010580580327004064,0.003375925239105855,0.45902777777777776,-0.0025376230478286743,73.3248654467169,0.3958333333333333,0.0,201.0,0,0,0.0,pool=bf16_values_sequential_acc_bf16_valid_token_denominator,score=bf16_values_sequential_rank1_acc_bf16,select=kernel_fused_topk_mask_fp32_bisect_index_order_ties
VB_BF16_LOW,18,0.8,intervention_b,selector arithmetic lowered to true bf16 accumulation,bf16,bf16_low,bf16_low,kernel,1440,0.974771034238853,0.011687061022329859,0.987224358974359,0.9998433679694656,1.5969551282051282,0.8998397435897436,0.005118445923734385,0.0,0.004539365452540672,0.000844815549368149,0.41636860370635986,0.9464394450187683,0.4162144064903259,-2.4221837520599365e-05,0.0004484504461288452,-8.095053321630691e-05,0.0006534036577325946,0.0019051695725189216,0.4618055555555556,-0.0006299614906311035,26.007997539218703,0.45208333333333334,0.0,356.0,0,120,0.0002670940170940171,pool=bf16_values_sequential_acc_bf16_valid_token_denominator,score=bf16_values_sequential_rank1_acc_bf16,select=kernel_fused_topk_mask_fp32_bisect_index_order_ties
VB_BF16_LOW,18,0.9,intervention_b,selector arithmetic lowered to true bf16 accumulation,bf16,bf16_low,bf16_low,kernel,1440,0.9616766467065868,0.013803075522903274,0.9804639804639804,0.9998433679694656,1.2307692307692308,0.8237179487179487,0.0039447731755424065,0.0,0.0050705160989901014,0.0013204970096601404,0.5471153557300568,0.9094743132591248,0.5466905832290649,-5.3316354751586914e-05,0.000637393444776535,-0.00013347824314698228,0.0007178794804448873,0.0020045278197676104,0.45625,-0.0018209144473075867,34.15301844605925,0.42569444444444443,0.0,315.0,0,48,0.00013354700854700856,pool=bf16_values_sequential_acc_bf16_valid_token_denominator,score=bf16_values_sequential_rank1_acc_bf16,select=kernel_fused_topk_mask_fp32_bisect_index_order_ties
VB_BF16_LOW,18,0.95,intervention_b,selector arithmetic lowered to true bf16 accumulation,bf16,bf16_low,bf16_low,kernel,1440,0.9482876378183237,0.019151484289103626,0.973457532051282,0.9998433679694656,0.8493589743589743,0.6778846153846154,0.002722304404996713,0.0,0.005206615862477635,0.0021557764826145662,0.6643085479736328,0.8708107471466064,0.6646862626075745,-3.311038017272949e-05,0.0010341741144657135,-5.565764678035723e-05,0.0009132976952686794,0.0025728644850344868,0.47847222222222224,-0.0026877522468566895,81.17551755175518,0.4215277777777778,0.0,253.0,0,24,0.00013354700854700856,pool=bf16_values_sequential_acc_bf16_valid_token_denominator,score=bf16_values_sequential_rank1_acc_bf16,select=kernel_fused_topk_mask_fp32_bisect_index_order_ties
VB_BF16_LOW,19,0.8,intervention_b,selector arithmetic lowered to true bf16 accumulation,bf16,bf16_low,bf16_low,kernel,1440,0.9781390276685856,0.013232784052094493,0.988948717948718,0.9996637037045717,1.3814102564102564,0.859775641025641,0.004427596975673899,0.0,0.003729420907996929,0.0008357005606032608,0.16392186284065247,0.9878093898296356,0.16385933011770248,-2.413243055343628e-05,0.0002111019566655159,-0.00015581452828994157,0.0006562054569375154,0.002163063747414052,0.41805555555555557,-0.0004344135522842407,18.00123494905835,0.46111111111111114,0.0,313.5,0,1080,0.0006677350427350427,pool=bf16_values_sequential_acc_bf16_valid_token_denominator,score=bf16_values_sequential_rank1_acc_bf16,select=kernel_fused_topk_mask_fp32_bisect_index_order_ties
VB_BF16_LOW,19,0.9,intervention_b,selector arithmetic lowered to true bf16 accumulation,bf16,bf16_low,bf16_low,kernel,1440,0.9655017249137543,0.017815464842944495,0.9824481074481074,0.9996637037045717,1.1057692307692308,0.7868589743589743,0.0035441321499013806,0.0,0.004501633502629021,0.0013151191537665568,0.22699619829654694,0.9776084125041962,0.22712009400129318,-4.7340989112854004e-05,0.0003117211163043976,-0.00019655594356373578,0.0007265594766394879,0.0025559518246916096,0.41597222222222224,-0.001519709825515747,32.10135347812402,0.4131944444444444,0.0,282.5,0,96,0.0002670940170940171,pool=bf16_values_sequential_acc_bf16_valid_token_denominator,score=bf16_values_sequential_rank1_acc_bf16,select=kernel_fused_topk_mask_fp32_bisect_index_order_ties
VB_BF16_LOW,19,0.95,intervention_b,selector arithmetic lowered to true bf16 accumulation,bf16,bf16_low,bf16_low,kernel,1440,0.9520969791768501,0.020443988516464562,0.9754607371794872,0.9996637037045717,0.7852564102564102,0.6442307692307693,0.002516847468770546,0.0,0.004840585838341616,0.002206270841639388,0.28253859281539917,0.9686471223831177,0.2825497090816498,-3.061443567276001e-05,0.0005496982485055923,-0.00016335603300103997,0.0009018690997271838,0.0033449928812963785,0.45694444444444443,-0.003068394958972931,100.22706254563154,0.37569444444444444,0.0,222.0,0,0,0.0,pool=bf16_values_sequential_acc_bf16_valid_token_denominator,score=bf16_values_sequential_rank1_acc_bf16,select=kernel_fused_topk_mask_fp32_bisect_index_order_ties
VB_BF16_LOW,2,0.8,intervention_b,selector arithmetic lowered to true bf16 accumulation,bf16,bf16_low,bf16_low,kernel,1440,0.9799466937428608,0.008202460562902636,0.9898717948717949,0.9993011358631531,1.266025641025641,0.8253205128205128,0.004057774490466798,0.0,0.003244178303866587,0.0008350676344624959,0.14045805484056473,0.9904287755489349,0.14060808718204498,-3.673136234283447e-05,0.0002593807876110077,-0.0002497066579912054,0.000894556927649135,0.0029801308347572565,0.42083333333333334,0.0005480200052261353,14.919675456389452,0.5097222222222222,0.0,261.0,0,48,0.00013354700854700856,pool=bf16_values_sequential_acc_bf16_valid_token_denominator,score=bf16_values_sequential_rank1_acc_bf16,select=kernel_fused_topk_mask_fp32_bisect_index_order_ties
VB_BF16_LOW,2,0.9,intervention_b,selector arithmetic lowered to true bf16 accumulation,bf16,bf16_low,bf16_low,kernel,1440,0.9657474310573293,0.01279846503918658,0.9825752950752951,0.9993011358631531,1.0977564102564101,0.7788461538461539,0.00351845003287311,0.0,0.0039247964557886485,0.0012332712924069547,0.20368027687072754,0.9804725646972656,0.20354214310646057,-0.00011810660362243652,0.0005338340997695923,-0.0005193292938151088,0.0012135145242492783,0.005100784489153859,0.36180555555555555,-0.0015934556722640991,13.491672975018925,0.4625,0.0,265.0,0,0,0.0,pool=bf16_values_sequential_acc_bf16_valid_token_denominator,score=bf16_values_sequential_rank1_acc_bf16,select=kernel_fused_topk_mask_fp32_bisect_index_order_ties
VB_BF16_LOW,2,0.95,intervention_b,selector arithmetic lowered to true bf16 accumulation,bf16,bf16_low,bf16_low,kernel,1440,0.9504761904761905,0.022665219095615363,0.974609375,0.9993011358631531,0.8125,0.6538461538461539,0.0026041666666666665,0.0,0.004296778848548357,0.001968827157948042,0.25671929121017456,0.9700427651405334,0.2570823132991791,-0.000220470130443573,0.0008671507239341736,-0.0007563598310210758,0.0015712108819024065,0.0062612164312675096,0.34097222222222223,-0.0024775266647338867,11.237470852624108,0.4513888888888889,0.0,218.5,0,0,0.0,pool=bf16_values_sequential_acc_bf16_valid_token_denominator,score=bf16_values_sequential_rank1_acc_bf16,select=kernel_fused_topk_mask_fp32_bisect_index_order_ties
VB_BF16_LOW,20,0.8,intervention_b,selector arithmetic lowered to true bf16 accumulation,bf16,bf16_low,bf16_low,kernel,1440,0.9791679882264879,0.010980589697430099,0.989474358974359,0.9998225384053148,1.3157051282051282,0.842948717948718,0.004217003616042078,0.0,0.0035860825528230694,0.000839242237067129,0.1390821784734726,0.9911137819290161,0.1389370858669281,-1.1533498764038086e-05,0.00021112151443958282,-8.947265822478343e-05,0.0007722243760756938,0.002571342595960527,0.4527777777777778,0.004063606262207031,352.33074935400515,0.6194444444444445,0.0,278.0,0,0,0.0,pool=bf16_values_sequential_acc_bf16_valid_token_denominator,score=bf16_values_sequential_rank1_acc_bf16,select=kernel_fused_topk_mask_fp32_bisect_index_order_ties
VB_BF16_LOW,20,0.9,intervention_b,selector arithmetic lowered to true bf16 accumulation,bf16,bf16_low,bf16_low,kernel,1440,0.9647649748856736,0.01404746662357359,0.9820665445665445,0.9998225384053148,1.1298076923076923,0.797275641025641,0.003621178500986193,0.0,0.004302685354275295,0.0012480508840945798,0.1960897445678711,0.9834650456905365,0.19621066004037857,-5.856156349182129e-05,0.00040960684418678284,-0.0002878000085617964,0.0010155966606220012,0.003840462307651081,0.39375,0.0019229575991630554,32.836513994910945,0.5409722222222222,0.0,265.0,0,0,0.0,pool=bf16_values_sequential_acc_bf16_valid_token_denominator,score=bf16_values_sequential_rank1_acc_bf16,select=kernel_fused_topk_mask_fp32_bisect_index_order_ties
VB_BF16_LOW,20,0.95,intervention_b,selector arithmetic lowered to true bf16 accumulation,bf16,bf16_low,bf16_low,kernel,1440,0.9551551943601293,0.028379581016126476,0.9770633012820513,0.9998225384053148,0.7339743589743589,0.6169871794871795,0.002352481919789612,0.0,0.004569509004676918,0.002230172842300515,0.24208294600248337,0.9759718179702759,0.24135667830705643,-3.166496753692627e-05,0.0005534812808036804,-0.00014210580600774073,0.001147173466186597,0.0038650556350618877,0.46875,0.0011619403958320618,36.694823529411764,0.5208333333333334,0.0,210.0,0,0,0.0,pool=bf16_values_sequential_acc_bf16_valid_token_denominator,score=bf16_values_sequential_rank1_acc_bf16,select=kernel_fused_topk_mask_fp32_bisect_index_order_ties
VB_BF16_LOW,21,0.8,intervention_b,selector arithmetic lowered to true bf16 accumulation,bf16,bf16_low,bf16_low,kernel,1440,0.9785780873272539,0.012754395113820705,0.9891730769230769,0.9998251284471127,1.3533653846153846,0.8421474358974359,0.004337709566074951,0.0,0.0040042362850592,0.0008485192557293597,0.1665635108947754,0.9872526526451111,0.16669340431690216,-2.136826515197754e-05,0.00023620575666427612,-0.00012017896853015145,0.0007352006788460626,0.0022482349681774466,0.4479166666666667,0.0017918050289154053,83.85355648535565,0.5895833333333333,0.0,298.0,0,36,0.00013354700854700856,pool=bf16_values_sequential_acc_bf16_valid_token_denominator,score=bf16_values_sequential_rank1_acc_bf16,select=kernel_fused_topk_mask_fp32_bisect_index_order_ties
VB_BF16_LOW,21,0.9,intervention_b,selector arithmetic lowered to true bf16 accumulation,bf16,bf16_low,bf16_low,kernel,1440,0.9635873229939312,0.01933685979863542,0.9814560439560439,0.9998251284471127,1.1682692307692308,0.8060897435897436,0.0037444526627218935,0.0,0.004800348501687332,0.0013016771532266278,0.24833443015813828,0.9761557877063751,0.2483912780880928,-8.180737495422363e-06,0.0003740433603525162,-2.6903824307059456e-05,0.0007774005051898569,0.0028057596526692838,0.4888888888888889,0.001292206346988678,157.95719489981786,0.5333333333333333,0.0,282.5,0,0,0.0,pool=bf16_values_sequential_acc_bf16_valid_token_denominator,score=bf16_values_sequential_rank1_acc_bf16,select=kernel_fused_topk_mask_fp32_bisect_index_order_ties
VB_BF16_LOW,21,0.95,intervention_b,selector arithmetic lowered to true bf16 accumulation,bf16,bf16_low,bf16_low,kernel,1440,0.9488580909623268,0.026435597259743204,0.9737580128205128,0.9998251284471127,0.8397435897435898,0.6714743589743589,0.0026914858645627877,0.0,0.005255904788656732,0.002183586320617961,0.30582568049430847,0.9651748836040497,0.3057820498943329,1.8633902072906494e-05,0.0005487129092216492,5.825342584495489e-05,0.0009309299080753125,0.003312533517701483,0.5208333333333334,0.0005950853228569031,31.93562574970012,0.5034722222222222,0.0,231.0,0,0,0.0,pool=bf16_values_sequential_acc_bf16_valid_token_denominator,score=bf16_values_sequential_rank1_acc_bf16,select=kernel_fused_topk_mask_fp32_bisect_index_order_ties
VB_BF16_LOW,22,0.8,intervention_b,selector arithmetic lowered to true bf16 accumulation,bf16,bf16_low,bf16_low,kernel,1440,0.9714643177596077,0.019327558410721535,0.985525641025641,0.9994328694534123,1.8092948717948718,0.9198717948717948,0.005799022024983564,0.0,0.004803873210299124,0.0008308774238797156,0.2860063463449478,0.9697739481925964,0.28586331009864807,-4.630535840988159e-05,0.0003851354122161865,-0.00018492700403936022,0.0006264984137238582,0.0022982821743904357,0.41458333333333336,-0.001568526029586792,33.87353177795656,0.3819444444444444,0.0,381.0,0,48,0.00013354700854700856,pool=bf16_values_sequential_acc_bf16_valid_token_denominator,score=bf16_values_sequential_rank1_acc_bf16,select=kernel_fused_topk_mask_fp32_bisect_index_order_ties
VB_BF16_LOW,22,0.9,intervention_b,selector arithmetic lowered to true bf16 accumulation,bf16,bf16_low,bf16_low,kernel,1440,0.9559425340422807,0.02614575404229058,0.9774750712250713,0.9994328694534123,1.4190705128205128,0.8605769230769231,0.004548302925706772,0.0,0.00562901851953043,0.0012806579444236154,0.43803125619888306,0.9423901438713074,0.43934834003448486,-7.816404104232788e-05,0.0006807111203670502,-0.0002027616718340485,0.0007885890298232996,0.0028071720559700026,0.4201388888888889,-0.00602172315120697,77.03955771613764,0.35625,0.0,338.0,0,12,0.00013354700854700856,pool=bf16_values_sequential_acc_bf16_valid_token_denominator,score=bf16_values_sequential_rank1_acc_bf16,select=kernel_fused_topk_mask_fp32_bisect_index_order_ties
VB_BF16_LOW,22,0.95,intervention_b,selector arithmetic lowered to true bf16 accumulation,bf16,bf16_low,bf16_low,kernel,1440,0.9378411831772225,0.0375142586407029,0.9679236778846154,0.9994328694534123,1.0264423076923075,0.75,0.0032898791913214993,0.0,0.005961685411134737,0.0020520353644899176,0.5421016812324524,0.9138911068439484,0.542433112859726,-4.999339580535889e-05,0.0010085329413414001,-8.920644525415097e-05,0.0009268176397895162,0.0031854799488681687,0.46875,-0.008703991770744324,174.10283159463486,0.3458333333333333,0.0,280.0,0,36,0.00013354700854700856,pool=bf16_values_sequential_acc_bf16_valid_token_denominator,score=bf16_values_sequential_rank1_acc_bf16,select=kernel_fused_topk_mask_fp32_bisect_index_order_ties
VB_BF16_LOW,23,0.8,intervention_b,selector arithmetic lowered to true bf16 accumulation,bf16,bf16_low,bf16_low,kernel,1440,0.9634496299652621,0.030667552949031895,0.9813846153846154,0.9995276730242577,2.3269230769230766,0.9583333333333334,0.007458086785009862,0.0,0.006090633588857565,0.0007893059716835263,0.2293364182114601,0.9768351912498474,0.23004470765590668,-7.560849189758301e-05,0.0004978682845830917,-0.000334764574952667,0.0009807555130695652,0.00408923889736782,0.3784722222222222,-0.0011027716100215912,14.585287741426882,0.4354166666666667,0.0,417.0,0,72,0.00013354700854700856,pool=bf16_values_sequential_acc_bf16_valid_token_denominator,score=bf16_values_sequential_rank1_acc_bf16,select=kernel_fused_topk_mask_fp32_bisect_index_order_ties
VB_BF16_LOW,23,0.9,intervention_b,selector arithmetic lowered to true bf16 accumulation,bf16,bf16_low,bf16_low,kernel,1440,0.9505805299196189,0.03783535180849973,0.9746642246642246,0.9995276730242577,1.596153846153846,0.8990384615384616,0.005115877712031558,0.0,0.006208383958461341,0.0012406938712839592,0.33808091282844543,0.9555957615375519,0.33838512003421783,-0.0001516975462436676,0.0007818154990673065,-0.00047833397290124335,0.0010697692214356896,0.00399971771315053,0.3819444444444444,-0.0027847662568092346,18.357358611036076,0.38263888888888886,0.0,363.5,0,12,0.00013354700854700856,pool=bf16_values_sequential_acc_bf16_valid_token_denominator,score=bf16_values_sequential_rank1_acc_bf16,select=kernel_fused_topk_mask_fp32_bisect_index_order_ties
VB_BF16_LOW,23,0.95,intervention_b,selector arithmetic lowered to true bf16 accumulation,bf16,bf16_low,bf16_low,kernel,1440,0.9362909090909091,0.045118603092901166,0.9670973557692307,0.9995276730242577,1.0528846153846154,0.7612179487179487,0.003374630177514793,0.0,0.005955619680818584,0.002065555247318861,0.41336487233638763,0.9352494478225708,0.4146086573600769,-4.9695372581481934e-05,0.0010945647954940796,-0.00010507598085734007,0.001294401993255799,0.004288328120893289,0.47847222222222224,-0.004442945122718811,89.40359820089955,0.3736111111111111,0.0,277.5,0,0,0.0,pool=bf16_values_sequential_acc_bf16_valid_token_denominator,score=bf16_values_sequential_rank1_acc_bf16,select=kernel_fused_topk_mask_fp32_bisect_index_order_ties
VB_BF16_LOW,24,0.8,intervention_b,selector arithmetic lowered to true bf16 accumulation,bf16,bf16_low,bf16_low,kernel,1440,0.9770735510175482,0.013809841769638842,0.9884038461538461,0.9998153852010543,1.4495192307692308,0.8685897435897436,0.0046458949704142015,0.0,0.0041128679241283885,0.0008448153449029855,0.3478146940469742,0.9615178406238556,0.3482593894004822,-1.7371028661727905e-05,0.0004432685673236847,-5.959384478864959e-05,0.0006740901869650831,0.0024533567303885277,0.47708333333333336,-0.0007719248533248901,44.43748659661162,0.4326388888888889,0.0,330.5,0,60,0.00013354700854700856,pool=bf16_values_sequential_acc_bf16_valid_token_denominator,score=bf16_values_sequential_rank1_acc_bf16,select=kernel_fused_topk_mask_fp32_bisect_index_order_ties
VB_BF16_LOW,24,0.9,intervention_b,selector arithmetic lowered to true bf16 accumulation,bf16,bf16_low,bf16_low,kernel,1440,0.9616032337171785,0.01877923644673718,0.9804258241758241,0.9998153852010543,1.233173076923077,0.8237179487179487,0.003952477810650888,0.0,0.005153082984724455,0.001305074857613921,0.4741005301475525,0.9316330552101135,0.4742249846458435,-4.8860907554626465e-05,0.0006259195506572723,-0.00011973450273821949,0.0006747827765145134,0.0024172585970149503,0.4583333333333333,-0.0020132064819335938,41.20280573345532,0.39791666666666664,0.0,297.0,0,36,0.00013354700854700856,pool=bf16_values_sequential_acc_bf16_valid_token_denominator,score=bf16_values_sequential_rank1_acc_bf16,select=kernel_fused_topk_mask_fp32_bisect_index_order_ties
VB_BF16_LOW,24,0.95,intervention_b,selector arithmetic lowered to true bf16 accumulation,bf16,bf16_low,bf16_low,kernel,1440,0.9478600182295571,0.02608046544195175,0.973232171474359,0.9998153852010543,0.8565705128205128,0.6794871794871795,0.0027454183103221563,0.0,0.005358680256564505,0.0021502425003505506,0.5644466578960419,0.9083076119422913,0.5639987885951996,1.5437602996826172e-05,0.0008742138743400574,2.5390282320102713e-05,0.0007624638222214867,0.0027225855001943113,0.5090277777777777,-0.0026920437812805176,174.3822393822394,0.39166666666666666,0.0,237.0,0,24,0.00013354700854700856,pool=bf16_values_sequential_acc_bf16_valid_token_denominator,score=bf16_values_sequential_rank1_acc_bf16,select=kernel_fused_topk_mask_fp32_bisect_index_order_ties
VB_BF16_LOW,25,0.8,intervention_b,selector arithmetic lowered to true bf16 accumulation,bf16,bf16_low,bf16_low,kernel,1440,0.9720375192779309,0.027402876333107007,0.9858205128205129,0.9992529241658397,1.7724358974358974,0.9150641025641025,0.0056808842866535175,0.0,0.004641506269251337,0.0008148939211686135,0.23052775859832764,0.9773461818695068,0.23047610372304916,-4.098564386367798e-05,0.000295933336019516,-0.00019875295690270433,0.0006708893273641962,0.002119416101772372,0.4125,-0.0023262575268745422,56.75786220687148,0.3111111111111111,0.0,385.0,0,96,0.00013354700854700856,pool=bf16_values_sequential_acc_bf16_valid_token_denominator,score=bf16_values_sequential_rank1_acc_bf16,select=kernel_fused_topk_mask_fp32_bisect_index_order_ties
VB_BF16_LOW,25,0.9,intervention_b,selector arithmetic lowered to true bf16 accumulation,bf16,bf16_low,bf16_low,kernel,1440,0.9514761913677034,0.03139679246055449,0.9751348188848189,0.9992529241658397,1.5665064102564101,0.8878205128205128,0.005020853879026956,0.0,0.005752888452734535,0.0012131482404637683,0.34465110301971436,0.9541019797325134,0.3445001244544983,-4.725158214569092e-05,0.0004600808024406433,-0.00014178668762562582,0.0006830060055154218,0.002860406495503872,0.4361111111111111,-0.007105082273483276,150.36707663197728,0.2625,0.0,342.0,0,60,0.00013354700854700856,pool=bf16_values_sequential_acc_bf16_valid_token_denominator,score=bf16_values_sequential_rank1_acc_bf16,select=kernel_fused_topk_mask_fp32_bisect_index_order_ties
VB_BF16_LOW,25,0.95,intervention_b,selector arithmetic lowered to true bf16 accumulation,bf16,bf16_low,bf16_low,kernel,1440,0.9269946210159652,0.04234871166784915,0.9621143830128205,0.9992529241658397,1.2123397435897436,0.8028846153846154,0.0038857043063773833,0.0,0.006090702737896464,0.001897175296074452,0.4045780748128891,0.9385413527488708,0.40431395173072815,-4.0784478187561035e-05,0.0007283911108970642,-0.00010379802631626302,0.0009286340270949498,0.0034987784243783646,0.46319444444444446,-0.01182432472705841,289.92217756667884,0.24444444444444444,0.0,283.0,0,108,0.0002670940170940171,pool=bf16_values_sequential_acc_bf16_valid_token_denominator,score=bf16_values_sequential_rank1_acc_bf16,select=kernel_fused_topk_mask_fp32_bisect_index_order_ties
VB_BF16_LOW,26,0.8,intervention_b,selector arithmetic lowered to true bf16 accumulation,bf16,bf16_low,bf16_low,kernel,1440,0.9653667110493946,0.03145053355579275,0.9823782051282051,0.9996902228109,2.2027243589743586,0.9503205128205128,0.007060013971071663,0.0,0.006058528756782245,0.0008261100874670728,0.15260878950357437,0.9890467524528503,0.15273969620466232,-5.738064646720886e-05,0.00028754398226737976,-0.0003746798614277824,0.0009253583145223852,0.003310110355536721,0.38680555555555557,-0.0015918835997581482,27.742517691358827,0.3854166666666667,0.0,411.0,0,48,0.00013354700854700856,pool=bf16_values_sequential_acc_bf16_valid_token_denominator,score=bf16_values_sequential_rank1_acc_bf16,select=kernel_fused_topk_mask_fp32_bisect_index_order_ties
VB_BF16_LOW,26,0.9,intervention_b,selector arithmetic lowered to true bf16 accumulation,bf16,bf16_low,bf16_low,kernel,1440,0.9469096671949286,0.03781658738664695,0.9727309727309728,0.9996902228109,1.7179487179487178,0.9134615384615384,0.005506245890861275,0.0,0.006919751795294111,0.0012517190258136796,0.21815970540046692,0.978306770324707,0.21795284003019333,-8.759647607803345e-05,0.0006135664880275726,-0.00040671710600367894,0.0013525235766960087,0.005545347044442659,0.4041666666666667,-0.006083033978939056,69.44382070256017,0.32013888888888886,0.0,373.0,0,0,0.0,pool=bf16_values_sequential_acc_bf16_valid_token_denominator,score=bf16_values_sequential_rank1_acc_bf16,select=kernel_fused_topk_mask_fp32_bisect_index_order_ties
VB_BF16_LOW,26,0.95,intervention_b,selector arithmetic lowered to true bf16 accumulation,bf16,bf16_low,bf16_low,kernel,1440,0.9291821651127965,0.051115538025740426,0.9632912660256411,0.9996902228109,1.1746794871794872,0.8076923076923077,0.00376499835634451,0.0,0.007017952856181331,0.002035536916489282,0.2758200168609619,0.9671564698219299,0.27570781111717224,-6.155669689178467e-05,0.0008562803268432617,-0.00023812926130093245,0.0016235688320832753,0.005783514890905901,0.45625,-0.010628655552864075,172.6644880174292,0.2861111111111111,0.0,304.0,0,24,0.00013354700854700856,pool=bf16_values_sequential_acc_bf16_valid_token_denominator,score=bf16_values_sequential_rank1_acc_bf16,select=kernel_fused_topk_mask_fp32_bisect_index_order_ties
VB_BF16_LOW,27,0.8,intervention_b,selector arithmetic lowered to true bf16 accumulation,bf16,bf16_low,bf16_low,kernel,1440,0.9761844438814289,0.01717966047412589,0.987948717948718,0.99984178356835,1.5064102564102564,0.8790064102564102,0.004828238001314924,0.0,0.004183354150065733,0.0008404803698588484,0.13047043234109879,0.9916463196277618,0.1307222694158554,-5.9898942708969116e-05,0.0003548767417669296,-0.00044465999843024075,0.0013371035189589995,0.006123808307401267,0.3798611111111111,-0.00048786401748657227,8.144785123452952,0.4534722222222222,0.0,315.5,0,0,0.0,pool=bf16_values_sequential_acc_bf16_valid_token_denominator,score=bf16_values_sequential_rank1_acc_bf16,select=kernel_fused_topk_mask_fp32_bisect_index_order_ties
VB_BF16_LOW,27,0.9,intervention_b,selector arithmetic lowered to true bf16 accumulation,bf16,bf16_low,bf16_low,kernel,1440,0.9631705791655791,0.03482370679059188,0.981239824989825,0.99984178356835,1.1818910256410255,0.8044871794871795,0.003788112261669954,0.0,0.004532360889459869,0.0013258647259176788,0.18951411545276642,0.9828448593616486,0.18899594992399216,-6.727874279022217e-05,0.0005037784576416016,-0.0003376615937299894,0.0013219813340507563,0.007563512466056607,0.4173611111111111,-0.0017338469624519348,25.77109634551495,0.3763888888888889,0.0,286.0,0,12,0.00013354700854700856,pool=bf16_values_sequential_acc_bf16_valid_token_denominator,score=bf16_values_sequential_rank1_acc_bf16,select=kernel_fused_topk_mask_fp32_bisect_index_order_ties
VB_BF16_LOW,27,0.95,intervention_b,selector arithmetic lowered to true bf16 accumulation,bf16,bf16_low,bf16_low,kernel,1440,0.9523355588404471,0.052029756245811964,0.9755859375,0.99984178356835,0.78125,0.6330128205128205,0.00250400641025641,0.0,0.004715376807989377,0.0021294859969438772,0.23771560192108154,0.9738010764122009,0.23759659379720688,-3.294646739959717e-05,0.0008523371070623398,-0.00013632978301194183,0.001757067547607028,0.013258108187195559,0.4777777777777778,-0.0033242926001548767,100.89981908638624,0.3125,0.0,239.0,0,12,0.00013354700854700856,pool=bf16_values_sequential_acc_bf16_valid_token_denominator,score=bf16_values_sequential_rank1_acc_bf16,select=kernel_fused_topk_mask_fp32_bisect_index_order_ties
VB_BF16_LOW,28,0.8,intervention_b,selector arithmetic lowered to true bf16 accumulation,bf16,bf16_low,bf16_low,kernel,1440,0.9777628459500235,0.013056498176544196,0.9887564102564103,0.9997769603026271,1.4054487179487178,0.8613782051282052,0.004504643326758711,0.0,0.0038693173727406974,0.0008230252172999092,0.11318319290876389,0.9936728179454803,0.11343913897871971,-5.563907325267792e-05,0.00030375411733984947,-0.000461966467762842,0.0013223414036859914,0.005537917189067886,0.37916666666666665,-0.0006167776882648468,11.08533360115162,0.45416666666666666,0.0,307.0,0,0,0.0,pool=bf16_values_sequential_acc_bf16_valid_token_denominator,score=bf16_values_sequential_rank1_acc_bf16,select=kernel_fused_topk_mask_fp32_bisect_index_order_ties
VB_BF16_LOW,28,0.9,intervention_b,selector arithmetic lowered to true bf16 accumulation,bf16,bf16_low,bf16_low,kernel,1440,0.9646176911544228,0.020393332933620223,0.9819902319902319,0.9997769603026271,1.1346153846153846,0.7948717948717948,0.0036365877712031557,0.0,0.004236875937820099,0.001244906607563445,0.15269844979047775,0.9885704517364502,0.15272367000579834,-8.06078314781189e-05,0.000591004267334938,-0.0003470919324377596,0.0018471201029994278,0.009953487808282974,0.41458333333333336,-0.0014202222228050232,17.6189111747851,0.42291666666666666,0.0,295.0,0,0,0.0,pool=bf16_values_sequential_acc_bf16_valid_token_denominator,score=bf16_values_sequential_rank1_acc_bf16,select=kernel_fused_topk_mask_fp32_bisect_index_order_ties
VB_BF16_LOW,28,0.95,intervention_b,selector arithmetic lowered to true bf16 accumulation,bf16,bf16_low,bf16_low,kernel,1440,0.9473851041687145,0.03258383542076848,0.9729817708333333,0.9997769603026271,0.8645833333333333,0.6778846153846154,0.002771100427350427,0.0,0.004475917305974729,0.0020259607981325933,0.19311369955539703,0.9819122552871704,0.1929931789636612,-0.00012233853340148926,0.0008392520248889923,-0.0005626525818707556,0.0020142514813940755,0.009743377315522423,0.4076388888888889,-0.0025642290711402893,20.960109622411693,0.40694444444444444,0.0,253.0,0,0,0.0,pool=bf16_values_sequential_acc_bf16_valid_token_denominator,score=bf16_values_sequential_rank1_acc_bf16,select=kernel_fused_topk_mask_fp32_bisect_index_order_ties
VB_BF16_LOW,29,0.8,intervention_b,selector arithmetic lowered to true bf16 accumulation,bf16,bf16_low,bf16_low,kernel,1440,0.9786910197869102,0.010442295654618072,0.9892307692307692,0.9998527711070595,1.346153846153846,0.8477564102564102,0.004314595660749507,0.0,0.0037016107974830116,0.0008437318799981489,0.12156535312533379,0.9931865036487579,0.12169839441776276,-5.297362804412842e-05,0.00025633350014686584,-0.00042069357611437786,0.0011411240805683615,0.0049743069589803625,0.38125,-7.865950465202332e-06,0.14848804500703236,0.5083333333333333,0.0,299.0,0,0,0.0,pool=bf16_values_sequential_acc_bf16_valid_token_denominator,score=bf16_values_sequential_rank1_acc_bf16,select=kernel_fused_topk_mask_fp32_bisect_index_order_ties
VB_BF16_LOW,29,0.9,intervention_b,selector arithmetic lowered to true bf16 accumulation,bf16,bf16_low,bf16_low,kernel,1440,0.9653543307086614,0.022542835038282694,0.9823717948717948,0.9998527711070595,1.1105769230769231,0.7868589743589743,0.003559541420118343,0.0,0.0042945784007646535,0.0012729158680168857,0.170880526304245,0.9860890209674835,0.17080923169851303,-0.00011485815048217773,0.0005783340893685818,-0.0005848163704593337,0.001628079877809139,0.00848755344246533,0.3659722222222222,-0.001048758625984192,9.13090295796575,0.46458333333333335,0.0,292.0,0,0,0.0,pool=bf16_values_sequential_acc_bf16_valid_token_denominator,score=bf16_values_sequential_rank1_acc_bf16,select=kernel_fused_topk_mask_fp32_bisect_index_order_ties
VB_BF16_LOW,29,0.95,intervention_b,selector arithmetic lowered to true bf16 accumulation,bf16,bf16_low,bf16_low,kernel,1440,0.9512862494239427,0.03789372018567472,0.9750350560897436,0.9998527711070595,0.7988782051282051,0.655448717948718,0.002560507067718606,0.0,0.004530399742859341,0.002063523720543209,0.22511543333530426,0.9766266345977783,0.22543161362409592,-0.00017874687910079956,0.0007797703146934509,-0.0006621497303523156,0.0020395664100631827,0.011456552593683132,0.3701388888888889,-0.0020762309432029724,11.615480805301988,0.4361111111111111,0.0,239.0,0,0,0.0,pool=bf16_values_sequential_acc_bf16_valid_token_denominator,score=bf16_values_sequential_rank1_acc_bf16,select=kernel_fused_topk_mask_fp32_bisect_index_order_ties
VB_BF16_LOW,3,0.8,intervention_b,selector arithmetic lowered to true bf16 accumulation,bf16,bf16_low,bf16_low,kernel,1440,0.9774620035746429,0.018331902050837567,0.9886025641025641,0.9998454896896003,1.4246794871794872,0.8541666666666666,0.004566280407626562,0.0,0.0040297375566288735,0.0007866062458921063,0.20467422157526016,0.9803696870803833,0.20492937415838242,-4.218146204948425e-05,0.0002608373761177063,-0.00024209929210370566,0.0006657611997767893,0.0024103645676408557,0.4,-0.0019216910004615784,45.55771438664665,0.3888888888888889,0.0,285.0,0,0,0.0,pool=bf16_values_sequential_acc_bf16_valid_token_denominator,score=bf16_values_sequential_rank1_acc_bf16,select=kernel_fused_topk_mask_fp32_bisect_index_order_ties
VB_BF16_LOW,3,0.9,intervention_b,selector arithmetic lowered to true bf16 accumulation,bf16,bf16_low,bf16_low,kernel,1440,0.9590372252952609,0.02695221244708501,0.979090354090354,0.9998454896896003,1.3173076923076923,0.8365384615384616,0.004222140039447732,0.0,0.005409203255316911,0.0011969920607302633,0.28943294286727905,0.9623287916183472,0.2893918752670288,-7.356703281402588e-05,0.0005056858062744141,-0.00025229099488650994,0.0009079997280353815,0.005019635762284273,0.41458333333333336,-0.005003012716770172,68.00617784079401,0.34444444444444444,0.0,301.0,0,0,0.0,pool=bf16_values_sequential_acc_bf16_valid_token_denominator,score=bf16_values_sequential_rank1_acc_bf16,select=kernel_fused_topk_mask_fp32_bisect_index_order_ties
VB_BF16_LOW,3,0.95,intervention_b,selector arithmetic lowered to true bf16 accumulation,bf16,bf16_low,bf16_low,kernel,1440,0.9400063162692356,0.03757521633894578,0.9690755208333333,0.9998454896896003,0.9895833333333333,0.7307692307692307,0.003171741452991453,0.0,0.005745085787709561,0.0019343698493230876,0.3724934458732605,0.9409841299057007,0.3719335347414017,-0.00011534988880157471,0.0008811503648757935,-0.0003246966237881551,0.0011718616845776506,0.0053500878267220275,0.41944444444444445,-0.0077394843101501465,67.09572406665805,0.3423611111111111,0.0,260.0,0,0,0.0,pool=bf16_values_sequential_acc_bf16_valid_token_denominator,score=bf16_values_sequential_rank1_acc_bf16,select=kernel_fused_topk_mask_fp32_bisect_index_order_ties
VB_BF16_LOW,4,0.8,intervention_b,selector arithmetic lowered to true bf16 accumulation,bf16,bf16_low,bf16_low,kernel,1440,0.9795572644838226,0.013558682161028957,0.9896730769230769,0.9998712622293305,1.2908653846153846,0.8373397435897436,0.004137389053254437,0.0,0.003470166458552801,0.0008461203002626531,0.21546374261379242,0.9789858460426331,0.2153560370206833,-4.4733285903930664e-05,0.00023940205574035645,-0.00021126043428847726,0.0005703898821260939,0.0017480461625422133,0.3972222222222222,-0.0017955973744392395,40.14007328447701,0.3659722222222222,0.0,290.0,0,12,0.00013354700854700856,pool=bf16_values_sequential_acc_bf16_valid_token_denominator,score=bf16_values_sequential_rank1_acc_bf16,select=kernel_fused_topk_mask_fp32_bisect_index_order_ties
VB_BF16_LOW,4,0.9,intervention_b,selector arithmetic lowered to true bf16 accumulation,bf16,bf16_low,bf16_low,kernel,1440,0.9668538696494184,0.021251253633619793,0.9831476393976394,0.9998712622293305,1.061698717948718,0.7612179487179487,0.003402880506245891,0.0,0.004461848337720091,0.0013187117795642395,0.3109495937824249,0.9594017863273621,0.3111644834280014,-9.071454405784607e-05,0.0004454478621482849,-0.00032616062707301616,0.0007372542094202341,0.002527685360901296,0.3770833333333333,-0.0050463080406188965,55.62843415054823,0.3125,0.0,269.0,0,12,0.00013354700854700856,pool=bf16_values_sequential_acc_bf16_valid_token_denominator,score=bf16_values_sequential_rank1_acc_bf16,select=kernel_fused_topk_mask_fp32_bisect_index_order_ties
VB_BF16_LOW,4,0.95,intervention_b,selector arithmetic lowered to true bf16 accumulation,bf16,bf16_low,bf16_low,kernel,1440,0.9490958795374042,0.030926342653258332,0.9738832131410257,0.9998712622293305,0.8357371794871795,0.6602564102564102,0.0026786448060486523,0.0,0.005000001147582786,0.0021016415869223783,0.3734985738992691,0.944426953792572,0.3737389147281647,-0.00014215707778930664,0.0006775744259357452,-0.0003580178270903739,0.0009921775892767397,0.0034811111638142545,0.375,-0.009142130613327026,64.31006289308176,0.3013888888888889,0.0,227.0,0,24,0.00013354700854700856,pool=bf16_values_sequential_acc_bf16_valid_token_denominator,score=bf16_values_sequential_rank1_acc_bf16,select=kernel_fused_topk_mask_fp32_bisect_index_order_ties
VB_BF16_LOW,5,0.8,intervention_b,selector arithmetic lowered to true bf16 accumulation,bf16,bf16_low,bf16_low,kernel,1440,0.9813046128835603,0.0062475678905759,0.9905641025641025,0.999851732727935,1.1794871794871795,0.8012820512820513,0.003780407626561473,0.0,0.0032380113633809883,0.0008915148659161099,0.16689472645521164,0.9866654872894287,0.16699208319187164,-4.6174973249435425e-05,0.0002393387258052826,-0.0002847672921695019,0.0007242195958722571,0.002538286853658024,0.3701388888888889,-0.0003102421760559082,6.718838241226301,0.48541666666666666,0.0,244.0,0,36,0.00013354700854700856,pool=bf16_values_sequential_acc_bf16_valid_token_denominator,score=bf16_values_sequential_rank1_acc_bf16,select=kernel_fused_topk_mask_fp32_bisect_index_order_ties
VB_BF16_LOW,5,0.9,intervention_b,selector arithmetic lowered to true bf16 accumulation,bf16,bf16_low,bf16_low,kernel,1440,0.9694157433109836,0.013308915337634342,0.9844703907203907,0.999851732727935,0.9783653846153846,0.7307692307692307,0.0031357864891518737,0.0,0.0038143425976835035,0.001349091133846801,0.23945891112089157,0.9735784828662872,0.2393409013748169,-0.0001049041748046875,0.0004911944270133972,-0.00043405752659540396,0.0009198142007595638,0.003358337374764025,0.36944444444444446,-0.0026770904660224915,25.519389204545455,0.41388888888888886,0.0,248.0,0,12,0.00013354700854700856,pool=bf16_values_sequential_acc_bf16_valid_token_denominator,score=bf16_values_sequential_rank1_acc_bf16,select=kernel_fused_topk_mask_fp32_bisect_index_order_ties
VB_BF16_LOW,5,0.95,intervention_b,selector arithmetic lowered to true bf16 accumulation,bf16,bf16_low,bf16_low,kernel,1440,0.9572632817094687,0.0287609405465582,0.9781650641025641,0.999851732727935,0.6987179487179487,0.5913461538461539,0.0022394806048652203,0.0,0.004372854962961043,0.0021598394979949866,0.2938799262046814,0.9612887799739838,0.29378384351730347,-0.00017423927783966064,0.0008476153016090393,-0.00048420710309524464,0.001229414043589994,0.004667723260819408,0.3611111111111111,-0.006648510694503784,38.15735910373728,0.39305555555555555,0.0,197.0,0,0,0.0,pool=bf16_values_sequential_acc_bf16_valid_token_denominator,score=bf16_values_sequential_rank1_acc_bf16,select=kernel_fused_topk_mask_fp32_bisect_index_order_ties
VB_BF16_LOW,6,0.8,intervention_b,selector arithmetic lowered to true bf16 accumulation,bf16,bf16_low,bf16_low,kernel,1440,0.9743961322876693,0.02183562583521259,0.9870320512820513,0.9998415998332817,1.6209935897435899,0.8974358974358975,0.005195492274819198,0.0,0.004350903114839946,0.0008281412188116764,0.2862386554479599,0.9650729596614838,0.2863178253173828,-6.698071956634521e-05,0.0002823304384946823,-0.00024578802716562363,0.0005395302542893449,0.0022864498311839427,0.3486111111111111,-0.0031718015670776367,47.3539488320356,0.29930555555555555,0.0,364.0,0,36,0.00013354700854700856,pool=bf16_values_sequential_acc_bf16_valid_token_denominator,score=bf16_values_sequential_rank1_acc_bf16,select=kernel_fused_topk_mask_fp32_bisect_index_order_ties
VB_BF16_LOW,6,0.9,intervention_b,selector arithmetic lowered to true bf16 accumulation,bf16,bf16_low,bf16_low,kernel,1440,0.9581589970305004,0.026043461360764297,0.9786324786324787,0.9998415998332817,1.346153846153846,0.8509615384615384,0.004314595660749506,0.0,0.005313510304533404,0.0012709133668102378,0.4145229160785675,0.9349377751350403,0.41512657701969147,-0.00011894106864929199,0.0005738679319620132,-0.00032087505413460596,0.0007913511730399899,0.0027360947694167748,0.37222222222222223,-0.00935313105583191,78.63668253570533,0.22430555555555556,0.0,322.0,0,0,0.0,pool=bf16_values_sequential_acc_bf16_valid_token_denominator,score=bf16_values_sequential_rank1_acc_bf16,select=kernel_fused_topk_mask_fp32_bisect_index_order_ties
VB_BF16_LOW,6,0.95,intervention_b,selector arithmetic lowered to true bf16 accumulation,bf16,bf16_low,bf16_low,kernel,1440,0.9393939393939394,0.028629863475800765,0.96875,0.9998415998332817,1.0,0.7387820512820513,0.003205128205128205,0.0,0.005754662566098816,0.0019847156854826084,0.5129966139793396,0.9096741080284119,0.5132822096347809,-0.00016663223505020142,0.0009173601865768433,-0.00039617570065206915,0.0009784507362610296,0.002972823179335086,0.37083333333333335,-0.01614643633365631,96.89863626201654,0.2076388888888889,0.0,263.0,0,0,0.0,pool=bf16_values_sequential_acc_bf16_valid_token_denominator,score=bf16_values_sequential_rank1_acc_bf16,select=kernel_fused_topk_mask_fp32_bisect_index_order_ties
VB_BF16_LOW,7,0.8,intervention_b,selector arithmetic lowered to true bf16 accumulation,bf16,bf16_low,bf16_low,kernel,1440,0.9773617431204289,0.019481405933289397,0.9885512820512821,0.9998485709481865,1.4310897435897436,0.8669871794871795,0.004586826101249178,0.0,0.004126898313593074,0.000852075756021952,0.22896619141101837,0.9760816395282745,0.22912730276584625,-6.080791354179382e-05,0.00027322396636009216,-0.0002666047767677022,0.0005705698358167705,0.0020397560381573516,0.3645833333333333,-0.0020233839750289917,33.27501072106843,0.3277777777777778,0.0,317.5,0,108,0.00013354700854700856,pool=bf16_values_sequential_acc_bf16_valid_token_denominator,score=bf16_values_sequential_rank1_acc_bf16,select=kernel_fused_topk_mask_fp32_bisect_index_order_ties
VB_BF16_LOW,7,0.9,intervention_b,selector arithmetic lowered to true bf16 accumulation,bf16,bf16_low,bf16_low,kernel,1440,0.9632195965455701,0.02637985237035967,0.9812652625152625,0.9998485709481865,1.1802884615384617,0.8076923076923077,0.0037829758382643,0.0,0.005284390240527518,0.001348980970993603,0.32867999374866486,0.9554514288902283,0.32797810435295105,-8.344650268554688e-05,0.0005364939570426941,-0.0002652273377715052,0.0007713420632748847,0.0035330206088263357,0.3861111111111111,-0.005679994821548462,68.0675,0.23055555555555557,0.0,284.5,0,108,0.0002670940170940171,pool=bf16_values_sequential_acc_bf16_valid_token_denominator,score=bf16_values_sequential_rank1_acc_bf16,select=kernel_fused_topk_mask_fp32_bisect_index_order_ties
VB_BF16_LOW,7,0.95,intervention_b,selector arithmetic lowered to true bf16 accumulation,bf16,bf16_low,bf16_low,kernel,1440,0.9445404758938823,0.031713504288023775,0.9714793669871795,0.9998485709481865,0.9126602564102564,0.702724358974359,0.0029251931295200526,0.0,0.005825846459987463,0.002136808601753563,0.4012140929698944,0.937986820936203,0.4012365788221359,-0.00018142163753509521,0.0008104220032691956,-0.0004433491996660209,0.0010126351052702483,0.004100186007210874,0.3611111111111111,-0.011068180203437805,61.00804928131417,0.1951388888888889,0.0,236.0,0,72,0.00013354700854700856,pool=bf16_values_sequential_acc_bf16_valid_token_denominator,score=bf16_values_sequential_rank1_acc_bf16,select=kernel_fused_topk_mask_fp32_bisect_index_order_ties
VB_BF16_LOW,8,0.8,intervention_b,selector arithmetic lowered to true bf16 accumulation,bf16,bf16_low,bf16_low,kernel,1440,0.9809523809523809,0.007465689183491109,0.9903846153846154,0.9998581489573999,1.2019230769230769,0.8068910256410257,0.0038523175542406313,0.0,0.0035999872100607607,0.0008662490043039715,0.21522588282823563,0.9784251749515533,0.21529627591371536,-1.0639429092407227e-05,0.00023742392659187317,-5.199845685011106e-05,0.0005748696890207923,0.0017419007196085624,0.4708333333333333,-0.0024183839559555054,227.30392156862746,0.33055555555555555,0.0,259.0,0,72,0.00013354700854700856,pool=bf16_values_sequential_acc_bf16_valid_token_denominator,score=bf16_values_sequential_rank1_acc_bf16,select=kernel_fused_topk_mask_fp32_bisect_index_order_ties
VB_BF16_LOW,8,0.9,intervention_b,selector arithmetic lowered to true bf16 accumulation,bf16,bf16_low,bf16_low,kernel,1440,0.9648631763088842,0.013752479804056028,0.9821174196174196,0.9998581489573999,1.126602564102564,0.7884615384615384,0.003610905654174885,0.0,0.00483849539860836,0.0013177426351299094,0.32023797929286957,0.9553398489952087,0.3204754590988159,-2.3499131202697754e-05,0.00047279149293899536,-6.960525196442335e-05,0.0007324552210351289,0.002969241187416827,0.46111111111111114,-0.009095802903175354,387.0697526949905,0.2777777777777778,0.0,268.0,0,36,0.00013354700854700856,pool=bf16_values_sequential_acc_bf16_valid_token_denominator,score=bf16_values_sequential_rank1_acc_bf16,select=kernel_fused_topk_mask_fp32_bisect_index_order_ties
VB_BF16_LOW,8,0.95,intervention_b,selector arithmetic lowered to true bf16 accumulation,bf16,bf16_low,bf16_low,kernel,1440,0.947527552911343,0.029902138279648383,0.9730568910256411,0.9998581489573999,0.8621794871794871,0.6810897435897436,0.002763395792241946,0.0,0.005444082638280114,0.0022066903294122604,0.3909204453229904,0.9375519752502441,0.39118777215480804,-0.00010129809379577637,0.0007960610091686249,-0.0002567110601935415,0.000991602943625016,0.003947425620030422,0.44027777777777777,-0.015571251511573792,153.7171226831421,0.25277777777777777,0.0,224.0,0,0,0.0,pool=bf16_values_sequential_acc_bf16_valid_token_denominator,score=bf16_values_sequential_rank1_acc_bf16,select=kernel_fused_topk_mask_fp32_bisect_index_order_ties
VB_BF16_LOW,9,0.8,intervention_b,selector arithmetic lowered to true bf16 accumulation,bf16,bf16_low,bf16_low,kernel,1440,0.980373986010435,0.007047392347215742,0.9900897435897436,0.9998528955627538,1.2387820512820513,0.8221153846153846,0.003970455292570677,0.0,0.0035127972261794044,0.0008878572091101988,0.20428995788097382,0.9804171919822693,0.20418813824653625,-4.798918962478638e-05,0.00021594390273094177,-0.00019505063226052518,0.0005495150405283331,0.0017217386707979094,0.38055555555555554,-0.0015857815742492676,33.04455829840087,0.35347222222222224,0.0,273.0,0,12,0.00013354700854700856,pool=bf16_values_sequential_acc_bf16_valid_token_denominator,score=bf16_values_sequential_rank1_acc_bf16,select=kernel_fused_topk_mask_fp32_bisect_index_order_ties
VB_BF16_LOW,9,0.9,intervention_b,selector arithmetic lowered to true bf16 accumulation,bf16,bf16_low,bf16_low,kernel,1440,0.9672229589411264,0.017460280350661495,0.9833384208384208,0.9998528955627538,1.0496794871794872,0.7668269230769231,0.0033643573307034847,0.0,0.004479381467906345,0.0013690511329269542,0.30055515468120575,0.9602680504322052,0.3001735210418701,-6.904453039169312e-05,0.00040953606367111206,-0.00025088443674195086,0.0007295004135754837,0.0021921459071409083,0.3972222222222222,-0.005221694707870483,75.62792705298371,0.2638888888888889,0.0,267.0,0,0,0.0,pool=bf16_values_sequential_acc_bf16_valid_token_denominator,score=bf16_values_sequential_rank1_acc_bf16,select=kernel_fused_topk_mask_fp32_bisect_index_order_ties
VB_BF16_LOW,9,0.95,intervention_b,selector arithmetic lowered to true bf16 accumulation,bf16,bf16_low,bf16_low,kernel,1440,0.9528606403664748,0.031293366516754295,0.9758613782051282,0.9998528955627538,0.7724358974358974,0.6362179487179487,0.0024757560815253125,0.0,0.004675210809994057,0.002123993902259912,0.3735981285572052,0.9432491362094879,0.37380023300647736,-0.00012797117233276367,0.0007378086447715759,-0.0003377990309376678,0.0010734332329123072,0.0031995563127950434,0.38333333333333336,-0.008829325437545776,68.9946436888682,0.21180555555555555,0.0,228.5,0,0,0.0,pool=bf16_values_sequential_acc_bf16_valid_token_denominator,score=bf16_values_sequential_rank1_acc_bf16,select=kernel_fused_topk_mask_fp32_bisect_index_order_ties
VB_FP32,0,0.8,intervention_b,selector arithmetic raised to fp32,bf16,fp32,fp32,exact_index_order,1440,0.9937376190171896,0.0077034791413433945,0.9968589743589743,0.9999999991491507,0.3926282051282051,0.36698717948717946,0.001258423734385273,0.0,0.0008429092639306735,0.0007885406664566403,0.15037517994642258,0.9886962175369263,0.15035758167505264,0.00013404712080955505,0.000356525182723999,0.0008979562060093931,0.001129656683325837,0.003821438234928449,0.7833333333333333,-0.00033564865589141846,2.503960203429397,0.425,0.0,0.0,0,0,0.0,pool=fp32_values_acc_fp32_valid_token_denominator,score=fp32_values_acc_fp32_tf32_disabled,select=exact_stable_sort_index_order_ties_at_float32
VB_FP32,0,0.9,intervention_b,selector arithmetic raised to fp32,bf16,fp32,fp32,exact_index_order,1440,0.9883919429604732,0.012187726400865184,0.9941620879120878,0.9999999991491507,0.3677884615384615,0.3469551282051282,0.001178809171597633,0.0,0.0011142871571203751,0.0011049317279779862,0.20708029717206955,0.9787210822105408,0.20678527653217316,0.00018221884965896606,0.0006515812128782272,0.0010475744689544143,0.0012577146456272431,0.004537750998213313,0.7666666666666667,-0.0007725358009338379,4.23960420329558,0.4027777777777778,0.0,0.0,0,0,0.0,pool=fp32_values_acc_fp32_valid_token_denominator,score=fp32_values_acc_fp32_tf32_disabled,select=exact_stable_sort_index_order_ties_at_float32
VB_FP32,0,0.95,intervention_b,selector arithmetic raised to fp32,bf16,fp32,fp32,exact_index_order,1440,0.9810997854289276,0.0204292577398284,0.9904597355769231,0.9999999991491507,0.3052884615384615,0.2900641025641026,0.0009784886587771203,0.0,0.0013035331370374928,0.0018223123452057537,0.2509796917438507,0.9701156318187714,0.2505939304828644,0.0002552643418312073,0.0008367951959371567,0.0011744576279156056,0.0017744181086561672,0.0061121377364814515,0.7263888888888889,-0.0015954375267028809,6.250138641604156,0.3958333333333333,0.0,0.0,0,0,0.0,pool=fp32_values_acc_fp32_valid_token_denominator,score=fp32_values_acc_fp32_tf32_disabled,select=exact_stable_sort_index_order_ties_at_float32
VB_FP32,1,0.8,intervention_b,selector arithmetic raised to fp32,bf16,fp32,fp32,exact_index_order,1440,0.9946298427311085,0.003377382257733208,0.9973076923076923,0.9999999995448944,0.3365384615384615,0.31650641025641024,0.0010786489151873768,0.0,0.0006442359506922154,0.0008526661787641125,0.12801170349121094,0.9920646846294403,0.12798136472702026,6.043165922164917e-05,0.0001412341371178627,0.0005535600748367399,0.0006615963407398395,0.0022478553263917994,0.7777777777777778,-0.00014711171388626099,2.4343484157317223,0.44583333333333336,0.0,0.0,0,0,0.0,pool=fp32_values_acc_fp32_valid_token_denominator,score=fp32_values_acc_fp32_tf32_disabled,select=exact_stable_sort_index_order_ties_at_float32
VB_FP32,1,0.9,intervention_b,selector arithmetic raised to fp32,bf16,fp32,fp32,exact_index_order,1440,0.9906321999139175,0.005789366076746627,0.9952940577940578,0.9999999995448944,0.296474358974359,0.28365384615384615,0.0009502383300460224,0.0,0.0008513991254428072,0.0012335997979662455,0.18635664880275726,0.9833732545375824,0.18636058270931244,0.0001022927463054657,0.0002514272928237915,0.0006743123087188708,0.0008155848282687079,0.0030346633773158543,0.7444444444444445,-0.0004610791802406311,4.507447467132816,0.38680555555555557,0.0,0.0,0,0,0.0,pool=fp32_values_acc_fp32_valid_token_denominator,score=fp32_values_acc_fp32_tf32_disabled,select=exact_stable_sort_index_order_ties_at_float32
VB_FP32,1,0.95,intervention_b,selector arithmetic raised to fp32,bf16,fp32,fp32,exact_index_order,1440,0.9861739692644352,0.009565080345507515,0.9930388621794872,0.9999999995448944,0.22275641025641024,0.21634615384615385,0.0007139628533859303,0.0,0.0009982065501757944,0.002029462419291611,0.22746553272008896,0.9765923023223877,0.22703497111797333,0.00018462911248207092,0.00041057169437408447,0.0008884829500758278,0.0010935480806937895,0.003765337439766668,0.7513888888888889,-0.0008279457688331604,4.484372793123625,0.3729166666666667,0.0,0.0,0,0,0.0,pool=fp32_values_acc_fp32_valid_token_denominator,score=fp32_values_acc_fp32_tf32_disabled,select=exact_stable_sort_index_order_ties_at_float32
VB_FP32,10,0.8,intervention_b,selector arithmetic raised to fp32,bf16,fp32,fp32,exact_index_order,1440,0.9933045411566277,0.005977508059642478,0.9966410256410256,0.9999999995251073,0.4198717948717949,0.38461538461538464,0.0013457429322813938,0.0,0.000901895761701298,0.0008479816390022745,0.22813748568296432,0.9766568839550018,0.22792909294366837,0.00020514428615570068,0.0003298148512840271,0.0008708509384545836,0.0008896360991562877,0.002510945507384284,0.9333333333333333,-0.00055704265832901,2.7153700878913343,0.23958333333333334,0.0,0.0,0,0,0.0,pool=fp32_values_acc_fp32_valid_token_denominator,score=fp32_values_acc_fp32_tf32_disabled,select=exact_stable_sort_index_order_ties_at_float32
VB_FP32,10,0.9,intervention_b,selector arithmetic raised to fp32,bf16,fp32,fp32,exact_index_order,1440,0.9885176661018236,0.008787234801018062,0.9942256817256817,0.9999999995251073,0.36378205128205127,0.33814102564102566,0.0011659681130834977,0.0,0.0011341340267754854,0.0012983309924965536,0.3252837210893631,0.9567902684211731,0.3246503919363022,0.0004745200276374817,0.0007612071931362152,0.0014634415309551095,0.0014634415309551095,0.004074916469133811,0.9534722222222223,-0.001556292176246643,3.2797186327309267,0.18263888888888888,0.0,0.0,0,0,0.0,pool=fp32_values_acc_fp32_valid_token_denominator,score=fp32_values_acc_fp32_tf32_disabled,select=exact_stable_sort_index_order_ties_at_float32
VB_FP32,10,0.95,intervention_b,selector arithmetic raised to fp32,bf16,fp32,fp32,exact_index_order,1440,0.9835104797854376,0.01277413128185001,0.9916866987179487,0.9999999995251073,0.266025641025641,0.25400641025641024,0.000852646285338593,0.0,0.0012793340993846455,0.0020777991703692985,0.41449570655822754,0.9304703176021576,0.4133630841970444,0.0006844252347946167,0.0010085031390190125,0.0016764050530159063,0.0016875684483174998,0.004468823808160177,0.9715277777777778,-0.002647489309310913,3.868193594739936,0.14166666666666666,0.0,0.0,0,0,0.0,pool=fp32_values_acc_fp32_valid_token_denominator,score=fp32_values_acc_fp32_tf32_disabled,select=exact_stable_sort_index_order_ties_at_float32
VB_FP32,11,0.8,intervention_b,selector arithmetic raised to fp32,bf16,fp32,fp32,exact_index_order,1440,0.9933427464221114,0.004309129964882197,0.9966602564102565,0.99999999925798,0.4174679487179487,0.38301282051282054,0.0013380382971729125,0.0,0.0009506482917836505,0.0008693533206463705,0.21576593816280365,0.9788202941417694,0.21563855558633804,0.0001519918441772461,0.0002089664340019226,0.0006855951279668762,0.0007007889076255812,0.0021866261205750787,0.90625,-0.0004812106490135193,3.166029411764706,0.2833333333333333,0.0,0.0,0,0,0.0,pool=fp32_values_acc_fp32_valid_token_denominator,score=fp32_values_acc_fp32_tf32_disabled,select=exact_stable_sort_index_order_ties_at_float32
VB_FP32,11,0.9,intervention_b,selector arithmetic raised to fp32,bf16,fp32,fp32,exact_index_order,1440,0.9885679599372755,0.006135396993224407,0.9942511192511192,0.99999999925798,0.36217948717948717,0.33653846153846156,0.0011608316896778435,0.0,0.0011236563013010052,0.0013103018926396578,0.3025466203689575,0.9616921246051788,0.30224114656448364,0.0003083944320678711,0.000502467155456543,0.001048284474937856,0.0010519851278397298,0.0031182831775857524,0.9263888888888889,-0.0014044791460037231,4.554165056049478,0.21666666666666667,0.0,0.0,0,0,0.0,pool=fp32_values_acc_fp32_valid_token_denominator,score=fp32_values_acc_fp32_tf32_disabled,select=exact_stable_sort_index_order_ties_at_float32
VB_FP32,11,0.95,intervention_b,selector arithmetic raised to fp32,bf16,fp32,fp32,exact_index_order,1440,0.9836582652245145,0.008986345741440638,0.9917618189102564,0.99999999925798,0.2636217948717949,0.2548076923076923,0.0008449416502301118,0.0,0.0011993608618619124,0.0021111426042373306,0.3808440715074539,0.9415029585361481,0.37936288118362427,0.0005607455968856812,0.0008339062333106995,0.0014373210964813555,0.0014423815566942978,0.004009967799236906,0.9423611111111111,-0.002419590950012207,4.314953097180516,0.18472222222222223,0.0,0.0,0,0,0.0,pool=fp32_values_acc_fp32_valid_token_denominator,score=fp32_values_acc_fp32_tf32_disabled,select=exact_stable_sort_index_order_ties_at_float32
VB_FP32,12,0.8,intervention_b,selector arithmetic raised to fp32,bf16,fp32,fp32,exact_index_order,1440,0.9923371647509579,0.005016631321191345,0.9961538461538462,0.9999999996438304,0.4807692307692307,0.4310897435897436,0.0015409270216962525,0.0,0.0010036099179954374,0.0008430143736962916,0.19220641255378723,0.9825899004936218,0.19203152507543564,0.0001666247844696045,0.0002306681126356125,0.0009356793643011664,0.0009374129884691141,0.0027962087048939996,0.9270833333333334,-0.0004568174481391907,2.74159363262386,0.31666666666666665,0.0,0.0,0,0,0.0,pool=fp32_values_acc_fp32_valid_token_denominator,score=fp32_values_acc_fp32_tf32_disabled,select=exact_stable_sort_index_order_ties_at_float32
VB_FP32,12,0.9,intervention_b,selector arithmetic raised to fp32,bf16,fp32,fp32,exact_index_order,1440,0.9880148676325571,0.006342352046135535,0.9939713064713065,0.9999999996438304,0.3798076923076923,0.3525641025641026,0.0012173323471400394,0.0,0.0011157787951027011,0.0013075141217901527,0.27502429485321045,0.9660149812698364,0.27437329292297363,0.00038136541843414307,0.0005888305604457855,0.0013918897733922327,0.0013918897733922327,0.004256999930014436,0.9402777777777778,-0.0018774494528770447,4.922967217598562,0.24305555555555555,0.0,0.0,0,0,0.0,pool=fp32_values_acc_fp32_valid_token_denominator,score=fp32_values_acc_fp32_tf32_disabled,select=exact_stable_sort_index_order_ties_at_float32
VB_FP32,12,0.95,intervention_b,selector arithmetic raised to fp32,bf16,fp32,fp32,exact_index_order,1440,0.984594742334642,0.00994074197548489,0.9922375801282052,0.9999999996438304,0.24839743589743588,0.2419871794871795,0.0007961456278763971,0.0,0.0011621274041639376,0.0021572527494809505,0.334860235452652,0.9528187811374664,0.3342687636613846,0.00045465677976608276,0.0008160024881362915,0.0014006686962492645,0.001413428220002511,0.004202364281653756,0.8909722222222223,-0.003272026777267456,7.196696327614179,0.20833333333333334,0.0,0.0,0,0,0.0,pool=fp32_values_acc_fp32_valid_token_denominator,score=fp32_values_acc_fp32_tf32_disabled,select=exact_stable_sort_index_order_ties_at_float32
VB_FP32,13,0.8,intervention_b,selector arithmetic raised to fp32,bf16,fp32,fp32,exact_index_order,1440,0.9915486844288979,0.005337987332651339,0.9957564102564103,0.9999999996438304,0.530448717948718,0.46153846153846156,0.001700156147271532,0.0,0.001173180222339856,0.0008332046917559409,0.20888788998126984,0.9797935783863068,0.20873186737298965,0.00016742199659347534,0.00027685053646564484,0.0008443844003663132,0.0008503445379218029,0.002313815509321,0.9034722222222222,-0.0005264058709144592,3.144185839526501,0.2534722222222222,0.0,0.0,0,0,0.0,pool=fp32_values_acc_fp32_valid_token_denominator,score=fp32_values_acc_fp32_tf32_disabled,select=exact_stable_sort_index_order_ties_at_float32
VB_FP32,13,0.9,intervention_b,selector arithmetic raised to fp32,bf16,fp32,fp32,exact_index_order,1440,0.9864578069732188,0.007277897468402239,0.9931827431827431,0.9999999996438304,0.42948717948717946,0.391025641025641,0.0013765614727153188,0.0,0.0013685603983734642,0.0012797088526428544,0.2830851674079895,0.9658089280128479,0.2824755311012268,0.000345863401889801,0.0005264542996883392,0.0012760300678089807,0.001283082990195006,0.003101082960635998,0.9159722222222222,-0.0014080554246902466,4.071131599922449,0.19930555555555557,0.0,0.0,0,0,0.0,pool=fp32_values_acc_fp32_valid_token_denominator,score=fp32_values_acc_fp32_tf32_disabled,select=exact_stable_sort_index_order_ties_at_float32
VB_FP32,13,0.95,intervention_b,selector arithmetic raised to fp32,bf16,fp32,fp32,exact_index_order,1440,0.9811489235043159,0.009825238369973843,0.9904847756410257,0.9999999996438304,0.30448717948717946,0.29086538461538464,0.0009759204470742932,0.0,0.0014294181233563763,0.002044490563726991,0.35714659094810486,0.9483712911605835,0.35657934844493866,0.0005816519260406494,0.0007681958377361298,0.0016659765661898754,0.0016659765661898754,0.004106240578907256,0.9618055555555556,-0.002336248755455017,4.016575293334016,0.1798611111111111,0.0,0.0,0,0,0.0,pool=fp32_values_acc_fp32_valid_token_denominator,score=fp32_values_acc_fp32_tf32_disabled,select=exact_stable_sort_index_order_ties_at_float32
VB_FP32,14,0.8,intervention_b,selector arithmetic raised to fp32,bf16,fp32,fp32,exact_index_order,1440,0.9929989523979865,0.0034866244875462193,0.9964871794871795,0.9999999992480867,0.4391025641025641,0.3982371794871795,0.001407380013149244,0.0,0.0009509997840019993,0.0008652489188367411,0.2191706821322441,0.9783328771591187,0.21915050595998764,0.00017392635345458984,0.0002516787499189377,0.0008945273716848847,0.0008989346621448278,0.002114962188978547,0.9180555555555555,-0.0005230158567428589,3.007111034955449,0.27361111111111114,0.0,0.0,0,0,0.0,pool=fp32_values_acc_fp32_valid_token_denominator,score=fp32_values_acc_fp32_tf32_disabled,select=exact_stable_sort_index_order_ties_at_float32
VB_FP32,14,0.9,intervention_b,selector arithmetic raised to fp32,bf16,fp32,fp32,exact_index_order,1440,0.9887691607224162,0.0053280562884345795,0.9943528693528694,0.9999999992480867,0.3557692307692308,0.33413461538461536,0.0011402859960552268,0.0,0.0011471827045934288,0.0013359583605637758,0.3089792877435684,0.959175705909729,0.3084939867258072,0.00035906583070755005,0.0005737990140914917,0.0012902269169095364,0.0012902269169095364,0.0032932560159472358,0.9284722222222223,-0.0021193474531173706,5.902392463635798,0.1951388888888889,0.0,0.0,0,0,0.0,pool=fp32_values_acc_fp32_valid_token_denominator,score=fp32_values_acc_fp32_tf32_disabled,select=exact_stable_sort_index_order_ties_at_float32
VB_FP32,14,0.95,intervention_b,selector arithmetic raised to fp32,bf16,fp32,fp32,exact_index_order,1440,0.9837075303000199,0.009372823566123789,0.9917868589743589,0.9999999992480867,0.26282051282051283,0.2532051282051282,0.0008423734385272847,0.0,0.0012582575581520337,0.0021446424140944675,0.38618282973766327,0.9420492053031921,0.3856319934129715,0.00048782676458358765,0.0007124654948711395,0.001347659643556399,0.001371687493424198,0.003514859921573678,0.9118055555555555,-0.0036500245332717896,7.48221458571974,0.16875,0.0,0.0,0,0,0.0,pool=fp32_values_acc_fp32_valid_token_denominator,score=fp32_values_acc_fp32_tf32_disabled,select=exact_stable_sort_index_order_ties_at_float32
VB_FP32,15,0.8,intervention_b,selector arithmetic raised to fp32,bf16,fp32,fp32,exact_index_order,1440,0.9921081867984523,0.006798588419945961,0.9960384615384615,0.9999999995448944,0.49519230769230765,0.4358974358974359,0.0015871548323471401,0.0,0.0010305387911022819,0.0008185961273645696,0.24133559316396713,0.9735817313194275,0.24100950360298157,0.00023818016052246094,0.0003707911819219589,0.0011311232593413478,0.0011525166494400984,0.0032994266920921937,0.9458333333333333,-0.0005926936864852905,2.488425925925926,0.27361111111111114,0.0,0.0,0,0,0.0,pool=fp32_values_acc_fp32_valid_token_denominator,score=fp32_values_acc_fp32_tf32_disabled,select=exact_stable_sort_index_order_ties_at_float32
VB_FP32,15,0.9,intervention_b,selector arithmetic raised to fp32,bf16,fp32,fp32,exact_index_order,1440,0.9871858061330276,0.009494675034157019,0.9935515873015872,0.9999999995448944,0.40625,0.3701923076923077,0.0013020833333333335,0.0,0.00123409615368218,0.0012655714234086997,0.3538474440574646,0.9477939605712891,0.352523609995842,0.0005780011415481567,0.0008124858140945435,0.0017878356987453498,0.0017878356987453498,0.004780160893567934,0.9638888888888889,-0.0018563270568847656,3.2116321637577663,0.22361111111111112,0.0,0.0,0,0,0.0,pool=fp32_values_acc_fp32_valid_token_denominator,score=fp32_values_acc_fp32_tf32_disabled,select=exact_stable_sort_index_order_ties_at_float32
VB_FP32,15,0.95,intervention_b,selector arithmetic raised to fp32,bf16,fp32,fp32,exact_index_order,1440,0.9812472094061616,0.01305791169262116,0.9905348557692307,0.9999999995448944,0.30288461538461536,0.2876602564102564,0.000970784023668639,0.0,0.0013393830485305064,0.002019700226023588,0.4610790014266968,0.920111209154129,0.4593591094017029,0.0008600950241088867,0.0011366605758666992,0.002096667162549591,0.0021054234542935823,0.005115841590637555,0.9659722222222222,-0.0033824890851974487,3.9326923076923075,0.18333333333333332,0.0,0.0,0,0,0.0,pool=fp32_values_acc_fp32_valid_token_denominator,score=fp32_values_acc_fp32_tf32_disabled,select=exact_stable_sort_index_order_ties_at_float32
VB_FP32,16,0.8,intervention_b,selector arithmetic raised to fp32,bf16,fp32,fp32,exact_index_order,1440,0.9923626099950191,0.006573960529311473,0.9961666666666666,0.9999999995646816,0.47916666666666663,0.42788461538461536,0.0015357905982905983,0.0,0.0010302336764342658,0.0008458046543802326,0.1951393336057663,0.9827572107315063,0.1949498951435089,0.0002067089080810547,0.00046601518988609314,0.001195546131111612,0.0012013568899703442,0.0030726695503601456,0.9361111111111111,-0.00037992745637893677,1.8379829873125721,0.2743055555555556,0.0,0.0,0,0,0.0,pool=fp32_values_acc_fp32_valid_token_denominator,score=fp32_values_acc_fp32_tf32_disabled,select=exact_stable_sort_index_order_ties_at_float32
VB_FP32,16,0.9,intervention_b,selector arithmetic raised to fp32,bf16,fp32,fp32,exact_index_order,1440,0.987914338449091,0.010393013120737371,0.9939204314204314,0.9999999995646816,0.3830128205128205,0.3557692307692308,0.0012276051939513477,0.0,0.001221474450459367,0.001306599479886516,0.284689262509346,0.9649026393890381,0.28412385284900665,0.0004363730549812317,0.0008720047771930695,0.00167072497406645,0.00167072497406645,0.004736458226877996,0.9472222222222222,-0.0013750940561294556,3.1511891956495757,0.19375,0.0,0.0,0,0,0.0,pool=fp32_values_acc_fp32_valid_token_denominator,score=fp32_values_acc_fp32_tf32_disabled,select=exact_stable_sort_index_order_ties_at_float32
VB_FP32,16,0.95,intervention_b,selector arithmetic raised to fp32,bf16,fp32,fp32,exact_index_order,1440,0.9828211111662778,0.014689571576557592,0.9913361378205128,0.9999999995646816,0.27724358974358976,0.266025641025641,0.0008886012491781723,0.0,0.0013573970276291776,0.0021361789623583075,0.36149293184280396,0.9470100402832031,0.36057430505752563,0.0006038546562194824,0.0010749176144599915,0.0017804005486322305,0.0017804005486322305,0.004567715323913144,0.9416666666666667,-0.0026549547910690308,4.396678511499358,0.15208333333333332,0.0,0.0,0,0,0.0,pool=fp32_values_acc_fp32_valid_token_denominator,score=fp32_values_acc_fp32_tf32_disabled,select=exact_stable_sort_index_order_ties_at_float32
VB_FP32,17,0.8,intervention_b,selector arithmetic raised to fp32,bf16,fp32,fp32,exact_index_order,1440,0.9952676344567373,0.003697398127011531,0.9976282051282052,0.9999999994657457,0.296474358974359,0.28205128205128205,0.0009502383300460224,0.0,0.0006212396357941747,0.0008408049330861039,0.1477767825126648,0.9895943999290466,0.14778384566307068,0.00012513995170593262,0.00023132190108299255,0.0007693544681484045,0.0007866607807114412,0.0025495297139256513,0.8847222222222222,-4.5672059059143066e-05,0.36496784948797334,0.43194444444444446,0.0,0.0,0,0,0.0,pool=fp32_values_acc_fp32_valid_token_denominator,score=fp32_values_acc_fp32_tf32_disabled,select=exact_stable_sort_index_order_ties_at_float32
VB_FP32,17,0.9,intervention_b,selector arithmetic raised to fp32,bf16,fp32,fp32,exact_index_order,1440,0.9916911541189584,0.004664329086765062,0.9958282458282458,0.9999999994657457,0.26282051282051283,0.25400641025641024,0.0008423734385272847,0.0,0.000811175811134752,0.0013418119786084192,0.19989311695098877,0.9815954267978668,0.1996692270040512,0.0002725459635257721,0.0004073232412338257,0.0012421729637331457,0.0012445413939459376,0.0036805814027801773,0.9333333333333333,-0.0003566443920135498,1.3085660392832246,0.3472222222222222,0.0,0.0,0,0,0.0,pool=fp32_values_acc_fp32_valid_token_denominator,score=fp32_values_acc_fp32_tf32_disabled,select=exact_stable_sort_index_order_ties_at_float32
VB_FP32,17,0.95,intervention_b,selector arithmetic raised to fp32,bf16,fp32,fp32,exact_index_order,1440,0.9875578559697407,0.008030217785617744,0.9937399839743589,0.9999999994657457,0.2003205128205128,0.1955128205128205,0.0006420529257067718,0.0,0.0009667600817317118,0.002260783104916073,0.2560131102800369,0.9710972011089325,0.2555399239063263,0.0004460364580154419,0.0006557554006576538,0.0016610493521520132,0.0016695152985012275,0.00462813122973767,0.9381944444444444,-0.0007547438144683838,1.6921123843249926,0.3090277777777778,0.0,0.0,0,0,0.0,pool=fp32_values_acc_fp32_valid_token_denominator,score=fp32_values_acc_fp32_tf32_disabled,select=exact_stable_sort_index_order_ties_at_float32
VB_FP32,18,0.8,intervention_b,selector arithmetic raised to fp32,bf16,fp32,fp32,exact_index_order,1440,0.9926298243849747,0.004275406537278648,0.996301282051282,0.9999999994855328,0.46233974358974356,0.4182692307692308,0.0014818581525312294,0.0,0.0009818959766399868,0.000844815549368149,0.4165121614933014,0.9464443325996399,0.4162144064903259,0.00029030442237854004,0.0004824399948120117,0.0008803840345344275,0.0009123868208533063,0.0023304561076621854,0.9041666666666667,-0.00018835067749023438,0.6488040242274921,0.40069444444444446,0.0,0.0,0,0,0.0,pool=fp32_values_acc_fp32_valid_token_denominator,score=fp32_values_acc_fp32_tf32_disabled,select=exact_stable_sort_index_order_ties_at_float32
VB_FP32,18,0.9,intervention_b,selector arithmetic raised to fp32,bf16,fp32,fp32,exact_index_order,1440,0.987914338449091,0.00537872914112969,0.9939204314204314,0.9999999994855328,0.3830128205128205,0.3541666666666667,0.0012276051939513477,0.0,0.0012174726629130507,0.0013204970096601404,0.5476765632629395,0.909128725528717,0.5466905832290649,0.0006515681743621826,0.0009012147784233093,0.00143978164139784,0.0014484353989172192,0.0033587156574036597,0.9541666666666667,-0.0005631297826766968,0.8642683986644102,0.3597222222222222,0.0,0.0,0,0,0.0,pool=fp32_values_acc_fp32_valid_token_denominator,score=fp32_values_acc_fp32_tf32_disabled,select=exact_stable_sort_index_order_ties_at_float32
VB_FP32,18,0.95,intervention_b,selector arithmetic raised to fp32,bf16,fp32,fp32,exact_index_order,1440,0.9830672604522612,0.007383917517026384,0.9914613381410257,0.9999999994855328,0.27323717948717946,0.26282051282051283,0.0008757601906640368,0.0,0.0013509828765322241,0.0021557764826145662,0.6658058762550354,0.8696657717227936,0.6646862626075745,0.001065269112586975,0.0012360364198684692,0.00187354003827709,0.00187354003827709,0.0044576158353672336,0.9652777777777778,-0.000846564769744873,0.7946956874484187,0.3277777777777778,0.0,0.0,0,0,0.0,pool=fp32_values_acc_fp32_valid_token_denominator,score=fp32_values_acc_fp32_tf32_disabled,select=exact_stable_sort_index_order_ties_at_float32
VB_FP32,19,0.8,intervention_b,selector arithmetic raised to fp32,bf16,fp32,fp32,exact_index_order,1440,0.9937376190171896,0.005427607927590783,0.9968589743589743,0.999999999050215,0.3926282051282051,0.36378205128205127,0.001258423734385273,0.0,0.0007805510984497673,0.0008357005606032608,0.16409267485141754,0.9877744019031525,0.16385933011770248,0.00011141598224639893,0.0002692174166440964,0.0007631031731433286,0.0008131419038330957,0.0027421262584813927,0.8715277777777778,-0.00014457851648330688,1.2976461147519058,0.4,0.0,0.0,0,0,0.0,pool=fp32_values_acc_fp32_valid_token_denominator,score=fp32_values_acc_fp32_tf32_disabled,select=exact_stable_sort_index_order_ties_at_float32
VB_FP32,19,0.9,intervention_b,selector arithmetic raised to fp32,bf16,fp32,fp32,exact_index_order,1440,0.9899268558123054,0.007213050807332144,0.9949379324379325,0.999999999050215,0.3189102564102564,0.3020833333333333,0.0010221482577251809,0.0,0.0009975072558391553,0.0013151191537665568,0.2272646576166153,0.9776173233985901,0.22712009400129318,0.0002225041389465332,0.0005361251533031464,0.0010553650873289197,0.0011075535836528828,0.0035380586803091378,0.8875,-0.0004888623952865601,2.1970934904902224,0.3458333333333333,0.0,0.0,0,0,0.0,pool=fp32_values_acc_fp32_valid_token_denominator,score=fp32_values_acc_fp32_tf32_disabled,select=exact_stable_sort_index_order_ties_at_float32
VB_FP32,19,0.95,intervention_b,selector arithmetic raised to fp32,bf16,fp32,fp32,exact_index_order,1440,0.9858282998774999,0.008584951121552664,0.9928635817307692,0.999999999050215,0.2283653846153846,0.22275641025641027,0.00073194033530572,0.0,0.0010962604816908007,0.002206270841639388,0.2827599495649338,0.9685752093791962,0.2825497090816498,0.0003356039524078369,0.0007545184344053268,0.0012522291690465854,0.0012904256129356501,0.003728712719215782,0.8868055555555555,-0.0008889585733413696,2.6488322529082673,0.32569444444444445,0.0,0.0,0,0,0.0,pool=fp32_values_acc_fp32_valid_token_denominator,score=fp32_values_acc_fp32_tf32_disabled,select=exact_stable_sort_index_order_ties_at_float32
VB_FP32,2,0.8,intervention_b,selector arithmetic raised to fp32,bf16,fp32,fp32,exact_index_order,1440,0.9951145272473814,0.0030335622304741294,0.9975512820512821,0.9999999986445776,0.30608974358974356,0.2916666666666667,0.0009810568704799474,0.0,0.0005810875141179514,0.0008350676344624959,0.14080451428890228,0.9903859496116638,0.14060808718204498,0.00013203918933868408,0.00018017739057540894,0.0010201224286430994,0.0010493019215364044,0.002678373608222372,0.8909722222222223,-0.00014524906873703003,1.10004514163187,0.45902777777777776,0.0,0.0,0,0,0.0,pool=fp32_values_acc_fp32_valid_token_denominator,score=fp32_values_acc_fp32_tf32_disabled,select=exact_stable_sort_index_order_ties_at_float32
VB_FP32,2,0.9,intervention_b,selector arithmetic raised to fp32,bf16,fp32,fp32,exact_index_order,1440,0.9906321999139175,0.003978044877393727,0.9952940577940578,0.9999999986445776,0.296474358974359,0.28525641025641024,0.0009502383300460224,0.0,0.000837898003822165,0.0012332712924069547,0.20395995676517487,0.9803785681724548,0.20354214310646057,0.00026667118072509766,0.00044770166277885437,0.0013700256343233876,0.0014198871215129825,0.004197934248205389,0.8777777777777778,-0.0006092637777328491,2.2847004917299953,0.4222222222222222,0.0,0.0,0,0,0.0,pool=fp32_values_acc_fp32_valid_token_denominator,score=fp32_values_acc_fp32_tf32_disabled,select=exact_stable_sort_index_order_ties_at_float32
VB_FP32,2,0.95,intervention_b,selector arithmetic raised to fp32,bf16,fp32,fp32,exact_index_order,1440,0.9861739692644352,0.006511090244263218,0.9930388621794872,0.9999999986445776,0.22275641025641024,0.21794871794871795,0.0007139628533859303,0.0,0.000979238632269903,0.001968827157948042,0.25727975368499756,0.969728410243988,0.2570823132991791,0.00041916221380233765,0.000603875145316124,0.0016496909857607817,0.0017401158832873757,0.0047212781521807825,0.8972222222222223,-0.0009748786687850952,2.325778986473275,0.40347222222222223,0.0,0.0,0,0,0.0,pool=fp32_values_acc_fp32_valid_token_denominator,score=fp32_values_acc_fp32_tf32_disabled,select=exact_stable_sort_index_order_ties_at_float32
VB_FP32,20,0.8,intervention_b,selector arithmetic raised to fp32,bf16,fp32,fp32,exact_index_order,1440,0.9946553465713664,0.004286133437394812,0.9973205128205128,0.9999999994162776,0.3349358974358974,0.3173076923076923,0.0010735124917817225,0.0,0.0006792290590548894,0.000839242237067129,0.13904492557048798,0.9910852015018463,0.1389370858669281,0.0001259036362171173,0.00020926259458065033,0.000980734910328337,0.0009949536950799437,0.0027613925103331144,0.8847222222222222,0.00041500478982925415,3.2962097227564575,0.5555555555555556,0.0,0.0,0,0,0.0,pool=fp32_values_acc_fp32_valid_token_denominator,score=fp32_values_acc_fp32_tf32_disabled,select=exact_stable_sort_index_order_ties_at_float32
VB_FP32,20,0.9,intervention_b,selector arithmetic raised to fp32,bf16,fp32,fp32,exact_index_order,1440,0.9905818016102081,0.005661074302546032,0.9952686202686203,0.9999999994162776,0.2980769230769231,0.28525641025641024,0.0009553747534516765,0.0,0.0008504114158005762,0.0012480508840945798,0.1967877671122551,0.9833892285823822,0.19621066004037857,0.0002455972135066986,0.00045351311564445496,0.0013427584993895162,0.0013645177968718155,0.004847642867153,0.8881944444444444,0.0002859160304069519,1.1641664265020402,0.50625,0.0,0.0,0,0,0.0,pool=fp32_values_acc_fp32_valid_token_denominator,score=fp32_values_acc_fp32_tf32_disabled,select=exact_stable_sort_index_order_ties_at_float32
VB_FP32,20,0.95,intervention_b,selector arithmetic raised to fp32,bf16,fp32,fp32,exact_index_order,1440,0.9867668275210189,0.009884948841148211,0.993339342948718,0.9999999994162776,0.21314102564102563,0.20993589743589744,0.0006831443129520052,0.0,0.001045175762756305,0.002230172842300515,0.24201320111751556,0.9758428335189819,0.24135667830705643,0.0003276653587818146,0.0006548315286636353,0.001538412638224327,0.001578733285196688,0.0048099370930289,0.8770833333333333,5.9895217418670654e-05,0.18279386518412405,0.4798611111111111,0.0,0.0,0,0,0.0,pool=fp32_values_acc_fp32_valid_token_denominator,score=fp32_values_acc_fp32_tf32_disabled,select=exact_stable_sort_index_order_ties_at_float32
VB_FP32,21,0.8,intervention_b,selector arithmetic raised to fp32,bf16,fp32,fp32,exact_index_order,1440,0.9942473633748802,0.005732510670863666,0.9971153846153846,0.9999999993964905,0.3605769230769231,0.33653846153846156,0.0011556952662721894,0.0,0.0007796856179855362,0.0008485192557293597,0.16703227162361145,0.9872458875179291,0.16669340431690216,0.000140313059091568,0.00030692946165800095,0.0008679584125990273,0.0008929282218763932,0.0025878500031527164,0.8611111111111112,0.00011237338185310364,0.8008761449621664,0.5,0.0,0.0,0,0,0.0,pool=fp32_values_acc_fp32_valid_token_denominator,score=fp32_values_acc_fp32_tf32_disabled,select=exact_stable_sort_index_order_ties_at_float32
VB_FP32,21,0.9,intervention_b,selector arithmetic raised to fp32,bf16,fp32,fp32,exact_index_order,1440,0.9901031452912281,0.007955912261969456,0.9950269637769638,0.9999999993964905,0.31330128205128205,0.30128205128205127,0.0010041707758053913,0.0,0.0010036355594961982,0.0013016771532266278,0.24887128919363022,0.9761233031749725,0.2483912780880928,0.0003143101930618286,0.0005257241427898407,0.0012174343244880591,0.0012567192154558922,0.004005559348188589,0.9083333333333333,-4.260987043380737e-05,0.13556630161665006,0.4652777777777778,0.0,0.0,0,0,0.0,pool=fp32_values_acc_fp32_valid_token_denominator,score=fp32_values_acc_fp32_tf32_disabled,select=exact_stable_sort_index_order_ties_at_float32
VB_FP32,21,0.95,intervention_b,selector arithmetic raised to fp32,bf16,fp32,fp32,exact_index_order,1440,0.9852360015247055,0.010072641740791588,0.9925631009615385,0.9999999993964905,0.23798076923076922,0.23237179487179488,0.000762758875739645,0.0,0.0011033643643371836,0.002183586320617961,0.30641108751296997,0.9651607871055603,0.3057820498943329,0.00042044371366500854,0.0007177293300628662,0.001311095051118524,0.0013336382624519276,0.004020783318835555,0.9111111111111111,-0.00016520917415618896,0.39294005068136306,0.44166666666666665,0.0,0.0,0,0,0.0,pool=fp32_values_acc_fp32_valid_token_denominator,score=fp32_values_acc_fp32_tf32_disabled,select=exact_stable_sort_index_order_ties_at_float32
VB_FP32,22,0.8,intervention_b,selector arithmetic raised to fp32,bf16,fp32,fp32,exact_index_order,1440,0.9913834371323458,0.006887059194465417,0.9956730769230769,0.9999999988127686,0.5408653846153846,0.46794871794871795,0.001733542899408284,0.0,0.0010817904381485986,0.0008308774238797156,0.286349892616272,0.9697711169719696,0.28586331009864807,0.00032270699739456177,0.0005417019128799438,0.0011587618141620662,0.0011778571738459546,0.0038750841287666675,0.9013888888888889,-0.00044261664152145386,1.37157435412001,0.36319444444444443,0.0,0.0,0,0,0.0,pool=fp32_values_acc_fp32_valid_token_denominator,score=fp32_values_acc_fp32_tf32_disabled,select=exact_stable_sort_index_order_ties_at_float32
VB_FP32,22,0.9,intervention_b,selector arithmetic raised to fp32,bf16,fp32,fp32,exact_index_order,1440,0.9868091880827837,0.009582412818487152,0.9933608058608059,0.9999999988127686,0.4182692307692308,0.38301282051282054,0.0013406065088757396,0.0,0.0012977354666480958,0.0012806579444236154,0.4395320564508438,0.9423372745513916,0.43934834003448486,0.0005981028079986572,0.0010871291160583496,0.0015771622825278863,0.0015771622825278863,0.005765437757143549,0.9354166666666667,-0.0015217214822769165,2.5442473466540436,0.3138888888888889,0.0,0.0,0,0,0.0,pool=fp32_values_acc_fp32_valid_token_denominator,score=fp32_values_acc_fp32_tf32_disabled,select=exact_stable_sort_index_order_ties_at_float32
VB_FP32,22,0.95,intervention_b,selector arithmetic raised to fp32,bf16,fp32,fp32,exact_index_order,1440,0.9808541242993899,0.012858997478104484,0.9903345352564102,0.9999999988127686,0.3092948717948718,0.2948717948717949,0.0009913297172912557,0.0,0.0014233091984768443,0.0020520353644899176,0.5445679426193237,0.9131080508232117,0.542433112859726,0.0009836554527282715,0.0014990977942943573,0.0019149977856194366,0.0019160701046384335,0.005830096031484126,0.9375,-0.0025480985641479492,2.590438102163243,0.27361111111111114,0.0,0.0,0,0,0.0,pool=fp32_values_acc_fp32_valid_token_denominator,score=fp32_values_acc_fp32_tf32_disabled,select=exact_stable_sort_index_order_ties_at_float32
VB_FP32,23,0.8,intervention_b,selector arithmetic raised to fp32,bf16,fp32,fp32,exact_index_order,1440,0.9893645510539807,0.009068796903338394,0.9946538461538461,0.999999998971066,0.6682692307692307,0.5448717948717948,0.002141888560157791,0.0,0.0014390658108872382,0.0007893059716835263,0.2311493381857872,0.9766594171524048,0.23004470765590668,0.00028645992279052734,0.0006568264216184616,0.0012902680209141383,0.0013306516308902545,0.00424634840593298,0.9013888888888889,-0.00027872249484062195,0.9729894923012901,0.39791666666666664,0.0,0.0,0,0,0.0,pool=fp32_values_acc_fp32_valid_token_denominator,score=fp32_values_acc_fp32_tf32_disabled,select=exact_stable_sort_index_order_ties_at_float32
VB_FP32,23,0.9,intervention_b,selector arithmetic raised to fp32,bf16,fp32,fp32,exact_index_order,1440,0.9849532946225701,0.01297171951518905,0.9924196174196174,0.999999998971066,0.47756410256410253,0.42628205128205127,0.0015306541748849442,0.0,0.0014933386900488274,0.0012406938712839592,0.3397205322980881,0.955683708190918,0.33838512003421783,0.0005237460136413574,0.001055162400007248,0.001531023173255924,0.0015892728253064218,0.0059482655400345035,0.9131944444444444,-0.0007316023111343384,1.396864686468647,0.34791666666666665,0.0,0.0,0,0,0.0,pool=fp32_values_acc_fp32_valid_token_denominator,score=fp32_values_acc_fp32_tf32_disabled,select=exact_stable_sort_index_order_ties_at_float32
VB_FP32,23,0.95,intervention_b,selector arithmetic raised to fp32,bf16,fp32,fp32,exact_index_order,1440,0.9807558773931158,0.01768695263217146,0.9902844551282052,0.999999998971066,0.3108974358974359,0.296474358974359,0.00099646614069691,0.0,0.0014800924220107767,0.002065555247318861,0.4173620939254761,0.9349183142185211,0.4146086573600769,0.0007487237453460693,0.0013848654925823212,0.0015232298808544752,0.0015426226710503305,0.0065748687971024355,0.8944444444444445,-0.0013134926557540894,1.7543088007005532,0.3194444444444444,0.0,0.0,0,0,0.0,pool=fp32_values_acc_fp32_valid_token_denominator,score=fp32_values_acc_fp32_tf32_disabled,select=exact_stable_sort_index_order_ties_at_float32
VB_FP32,24,0.8,intervention_b,selector arithmetic raised to fp32,bf16,fp32,fp32,exact_index_order,1440,0.9934318974660413,0.0049385922387962244,0.9967051282051282,0.9999999994459584,0.41185897435897434,0.3798076923076923,0.001320060815253123,0.0,0.0009023818852029798,0.0008448153449029855,0.34845370054244995,0.9613098800182343,0.3482593894004822,0.00022748112678527832,0.0005016699433326721,0.0008613393246030523,0.0009618535116403875,0.0030401506016970634,0.8652777777777778,-0.00022544711828231812,0.9910585615092362,0.36875,0.0,0.0,0,0,0.0,pool=fp32_values_acc_fp32_valid_token_denominator,score=fp32_values_acc_fp32_tf32_disabled,select=exact_stable_sort_index_order_ties_at_float32
VB_FP32,24,0.9,intervention_b,selector arithmetic raised to fp32,bf16,fp32,fp32,exact_index_order,1440,0.9891213600829812,0.006889579117838829,0.994530932030932,0.9999999994459584,0.34455128205128205,0.32211538461538464,0.0011043310322156475,0.0,0.0010659737806164977,0.001305074857613921,0.474579781293869,0.9314829707145691,0.4742249846458435,0.0004028826951980591,0.0008385404944419861,0.0010078670074686797,0.001071447878229291,0.004055585058284914,0.8909722222222223,-0.0006165951490402222,1.5304582609017272,0.3333333333333333,0.0,0.0,0,0,0.0,pool=fp32_values_acc_fp32_valid_token_denominator,score=fp32_values_acc_fp32_tf32_disabled,select=exact_stable_sort_index_order_ties_at_float32
VB_FP32,24,0.95,intervention_b,selector arithmetic raised to fp32,bf16,fp32,fp32,exact_index_order,1440,0.9842989168240087,0.009285250163103553,0.9920873397435898,0.9999999994459584,0.2532051282051282,0.24519230769230768,0.0008115548980933596,0.0,0.0012069260061361646,0.0021502425003505506,0.5654235184192657,0.9081645309925079,0.5639987885951996,0.0006719529628753662,0.0010276511311531067,0.0012035436461973578,0.001215623121158466,0.004143409657892102,0.9159722222222222,-0.0008919686079025269,1.3274271521710206,0.3277777777777778,0.0,0.0,0,0,0.0,pool=fp32_values_acc_fp32_valid_token_denominator,score=fp32_values_acc_fp32_tf32_disabled,select=exact_stable_sort_index_order_ties_at_float32
VB_FP32,25,0.8,intervention_b,selector arithmetic raised to fp32,bf16,fp32,fp32,exact_index_order,1440,0.9911800933857573,0.009581895635975224,0.9955705128205128,0.9999999986346839,0.5536858974358975,0.4719551282051282,0.0017746342866535175,0.0,0.0011359740304139802,0.0008148939211686135,0.2306046336889267,0.9773055911064148,0.23047610372304916,0.0001738332211971283,0.0003654956817626953,0.0007964599497223628,0.0008613605618356672,0.003222203715300366,0.8729166666666667,-0.0005076676607131958,2.920429462314896,0.2708333333333333,0.0,0.0,0,0,0.0,pool=fp32_values_acc_fp32_valid_token_denominator,score=fp32_values_acc_fp32_tf32_disabled,select=exact_stable_sort_index_order_ties_at_float32
VB_FP32,25,0.9,intervention_b,selector arithmetic raised to fp32,bf16,fp32,fp32,exact_index_order,1440,0.9862570735650767,0.01219527387998276,0.9930809930809931,0.9999999986346839,0.4358974358974359,0.39663461538461536,0.0013971071663379355,0.0,0.0012734992057931984,0.0012131482404637683,0.34487485885620117,0.9539090096950531,0.3445001244544983,0.00038670003414154053,0.0007220245897769928,0.0011816005669832708,0.0011837514437449184,0.004672838091167749,0.9,-0.0021380186080932617,5.528881353319718,0.20972222222222223,0.0,0.0,0,0,0.0,pool=fp32_values_acc_fp32_valid_token_denominator,score=fp32_values_acc_fp32_tf32_disabled,select=exact_stable_sort_index_order_ties_at_float32
VB_FP32,25,0.95,intervention_b,selector arithmetic raised to fp32,bf16,fp32,fp32,exact_index_order,1440,0.979381443298969,0.015602501383515599,0.9895833333333334,0.9999999986346839,0.3333333333333333,0.3125,0.0010683760683760685,0.0,0.0014135326930622713,0.001897175296074452,0.40493158996105194,0.9383516311645508,0.40431395173072815,0.0005392879247665405,0.001116625964641571,0.0013974336455759495,0.0013986476700852456,0.005639090701658034,0.8923611111111112,-0.003757864236831665,6.968196512945207,0.19375,0.0,0.0,0,0,0.0,pool=fp32_values_acc_fp32_valid_token_denominator,score=fp32_values_acc_fp32_tf32_disabled,select=exact_stable_sort_index_order_ties_at_float32
VB_FP32,26,0.8,intervention_b,selector arithmetic raised to fp32,bf16,fp32,fp32,exact_index_order,1440,0.9896563379653739,0.010579743608529424,0.994801282051282,0.9999999991293633,0.6498397435897436,0.5352564102564102,0.002082819690992768,0.0,0.0014666604946468236,0.0008261100874670728,0.15288326144218445,0.9889824390411377,0.15273969620466232,0.00020902231335639954,0.0003139302134513855,0.0014883637175848892,0.0014890616954062726,0.004713866393883254,0.8888888888888888,-0.00046856701374053955,2.2417081038692546,0.33194444444444443,0.0,0.0,0,0,0.0,pool=fp32_values_acc_fp32_valid_token_denominator,score=fp32_values_acc_fp32_tf32_disabled,select=exact_stable_sort_index_order_ties_at_float32
VB_FP32,26,0.9,intervention_b,selector arithmetic raised to fp32,bf16,fp32,fp32,exact_index_order,1440,0.9843771692773073,0.014997573042311085,0.9921270858770859,0.9999999991293633,0.4959935897435897,0.4375,0.0015897230440499672,0.0,0.0015869379710570673,0.0012517190258136796,0.21861542761325836,0.9782041907310486,0.21795284003019333,0.0004512518644332886,0.0008757356554269791,0.0022323376495948528,0.0022387574720357977,0.007988785714625374,0.8986111111111111,-0.0018017515540122986,3.9927847307069975,0.27847222222222223,0.0,0.0,0,0,0.0,pool=fp32_values_acc_fp32_valid_token_denominator,score=fp32_values_acc_fp32_tf32_disabled,select=exact_stable_sort_index_order_ties_at_float32
VB_FP32,26,0.95,intervention_b,selector arithmetic raised to fp32,bf16,fp32,fp32,exact_index_order,1440,0.977666081881989,0.021303120555948185,0.9887069310897436,0.9999999991293633,0.3613782051282051,0.33653846153846156,0.0011582634779750164,0.0,0.0016714995203974646,0.002035536916489282,0.2770543396472931,0.9669661819934845,0.27570781111717224,0.0005522742867469788,0.0010867025703191757,0.0022118486629174204,0.0022803033984678143,0.007709157779346024,0.8770833333333333,-0.0030148476362228394,5.458967959527825,0.25833333333333336,0.0,0.0,0,0,0.0,pool=fp32_values_acc_fp32_valid_token_denominator,score=fp32_values_acc_fp32_tf32_disabled,select=exact_stable_sort_index_order_ties_at_float32
VB_FP32,27,0.8,intervention_b,selector arithmetic raised to fp32,bf16,fp32,fp32,exact_index_order,1440,0.9935720082857085,0.006813687836004001,0.996775641025641,0.9999999993767033,0.4030448717948718,0.3733974358974359,0.001291810486522025,0.0,0.0008199491323534877,0.0008404803698588484,0.13103753328323364,0.9915907979011536,0.1307222694158554,0.00014909356832504272,0.0003061853349208832,0.0012616937833077888,0.0012826004221931503,0.0055118221065821186,0.8701388888888889,-0.0001742541790008545,1.168757183549048,0.3909722222222222,0.0,0.0,0,0,0.0,pool=fp32_values_acc_fp32_valid_token_denominator,score=fp32_values_acc_fp32_tf32_disabled,select=exact_stable_sort_index_order_ties_at_float32
VB_FP32,27,0.9,intervention_b,selector arithmetic raised to fp32,bf16,fp32,fp32,exact_index_order,1440,0.9895743711726301,0.010986629490353228,0.9947598697598697,0.9999999993767033,0.3301282051282051,0.3125,0.00105810322156476,0.0,0.0010327708693926418,0.0013258647259176788,0.18964644521474838,0.9828946590423584,0.18899594992399216,0.00025650113821029663,0.0005976669490337372,0.0015248678019481785,0.0016356775558034101,0.007540089594846006,0.8833333333333333,-0.0005258247256278992,2.049989833560868,0.33402777777777776,0.0,0.0,0,0,0.0,pool=fp32_values_acc_fp32_valid_token_denominator,score=fp32_values_acc_fp32_tf32_disabled,select=exact_stable_sort_index_order_ties_at_float32
VB_FP32,27,0.95,intervention_b,selector arithmetic raised to fp32,bf16,fp32,fp32,exact_index_order,1440,0.9844961240310077,0.016975129282103874,0.9921875,0.9999999993767033,0.25,0.24118589743589744,0.0008012820512820513,0.0,0.0012148611638087782,0.0021294859969438772,0.23775918781757355,0.9737386703491211,0.23759659379720688,0.0004140809178352356,0.0009998194873332977,0.001898173915000598,0.0019907495327439453,0.008666768522318923,0.8631944444444445,-0.0009589195251464844,2.315778109649675,0.2923611111111111,0.0,0.0,0,0,0.0,pool=fp32_values_acc_fp32_valid_token_denominator,score=fp32_values_acc_fp32_tf32_disabled,select=exact_stable_sort_index_order_ties_at_float32
VB_FP32,28,0.8,intervention_b,selector arithmetic raised to fp32,bf16,fp32,fp32,exact_index_order,1440,0.9937121386396749,0.003984474288584061,0.9968461538461538,0.9999999995251073,0.3942307692307692,0.36378205128205127,0.001263560157790927,0.0,0.0007858200863487122,0.0008230252172999092,0.1133965440094471,0.9936711192131042,0.11343913897871971,9.915605187416077e-05,0.00018420442938804626,0.0008909083230063124,0.001054030970322958,0.0035794914052800766,0.8236111111111111,-0.0001909881830215454,1.9261374309651726,0.41388888888888886,0.0,0.0,0,0,0.0,pool=fp32_values_acc_fp32_valid_token_denominator,score=fp32_values_acc_fp32_tf32_disabled,select=exact_stable_sort_index_order_ties_at_float32
VB_FP32,28,0.9,intervention_b,selector arithmetic raised to fp32,bf16,fp32,fp32,exact_index_order,1440,0.9892220113851993,0.007584418698622697,0.9945818070818071,0.9999999995251073,0.34134615384615385,0.32211538461538464,0.0010940581854043392,0.0,0.0010130251604092263,0.001244906607563445,0.15301010757684708,0.9884693324565887,0.15272367000579834,0.00019502639770507812,0.0003878343850374222,0.0012494379784658996,0.0015353410667109629,0.006045235139718575,0.8395833333333333,-0.00043819844722747803,2.246867359413203,0.39375,0.0,0.0,0,0,0.0,pool=fp32_values_acc_fp32_valid_token_denominator,score=fp32_values_acc_fp32_tf32_disabled,select=exact_stable_sort_index_order_ties_at_float32
VB_FP32,28,0.95,intervention_b,selector arithmetic raised to fp32,bf16,fp32,fp32,exact_index_order,1440,0.9835104797854376,0.012178502839215732,0.9916866987179487,0.9999999995251073,0.266025641025641,0.2564102564102564,0.000852646285338593,0.0,0.0012342545335243893,0.0020259607981325933,0.1937260627746582,0.9819893836975098,0.1929931789636612,0.00030334293842315674,0.0006186775863170624,0.0015559195667341963,0.0018191590391021459,0.008328230489211936,0.8270833333333333,-0.0007934272289276123,2.615611337623422,0.3854166666666667,0.0,0.0,0,0,0.0,pool=fp32_values_acc_fp32_valid_token_denominator,score=fp32_values_acc_fp32_tf32_disabled,select=exact_stable_sort_index_order_ties_at_float32
VB_FP32,29,0.8,intervention_b,selector arithmetic raised to fp32,bf16,fp32,fp32,exact_index_order,1440,0.9944003375139032,0.003999094335431774,0.9971923076923077,0.9999999995053201,0.35096153846153844,0.3333333333333333,0.0011248767258382644,0.0,0.0007525039116249444,0.0008437318799981489,0.12189142405986786,0.9931485652923584,0.12169839441776276,0.00012325122952461243,0.00021201837807893753,0.0011825436662615202,0.001230991092302831,0.004003816755550026,0.8777777777777778,-0.00014679506421089172,1.1910231222608434,0.425,0.0,0.0,0,0,0.0,pool=fp32_values_acc_fp32_valid_token_denominator,score=fp32_values_acc_fp32_tf32_disabled,select=exact_stable_sort_index_order_ties_at_float32
VB_FP32,29,0.9,intervention_b,selector arithmetic raised to fp32,bf16,fp32,fp32,exact_index_order,1440,0.9894736842105263,0.007950734003312143,0.9947089947089947,0.9999999995053201,0.3333333333333333,0.3141025641025641,0.0010683760683760685,0.0,0.0010645909118757158,0.0012729158680168857,0.1716979220509529,0.9860396087169647,0.17080923169851303,0.0002844184637069702,0.0005142828449606895,0.0019009325512970477,0.001954287174207428,0.0063663115593943454,0.8875,-0.0003483891487121582,1.224917483103683,0.41388888888888886,0.0,0.0,0,0,0.0,pool=fp32_values_acc_fp32_valid_token_denominator,score=fp32_values_acc_fp32_tf32_disabled,select=exact_stable_sort_index_order_ties_at_float32
VB_FP32,29,0.95,intervention_b,selector arithmetic raised to fp32,bf16,fp32,fp32,exact_index_order,1440,0.9844961240310077,0.014049484284590297,0.9921875,0.9999999995053201,0.25,0.2419871794871795,0.0008012820512820513,0.0,0.0011508880627222762,0.002063523720543209,0.2255394235253334,0.9761298298835754,0.22543161362409592,0.00036069750785827637,0.0006893277168273926,0.0017901510686716754,0.002038044427142088,0.007253696035805668,0.8361111111111111,-0.0006439723074436188,1.7853528050896472,0.39861111111111114,0.0,0.0,0,0,0.0,pool=fp32_values_acc_fp32_valid_token_denominator,score=fp32_values_acc_fp32_tf32_disabled,select=exact_stable_sort_index_order_ties_at_float32
VB_FP32,3,0.8,intervention_b,selector arithmetic raised to fp32,bf16,fp32,fp32,exact_index_order,1440,0.9942728574350583,0.006897267293594633,0.9971282051282051,0.9999999995251073,0.358974358974359,0.33413461538461536,0.0011505588428665351,0.0,0.0007966280319664363,0.0007866062458921063,0.20508979260921478,0.9803174436092377,0.20492937415838242,0.00014305859804153442,0.0003236234188079834,0.0007645405430633458,0.000814222630502977,0.0029669855256604263,0.85,-0.0004859045147895813,3.3965418467788138,0.33611111111111114,0.0,0.0,0,0,0.0,pool=fp32_values_acc_fp32_valid_token_denominator,score=fp32_values_acc_fp32_tf32_disabled,select=exact_stable_sort_index_order_ties_at_float32
VB_FP32,3,0.9,intervention_b,selector arithmetic raised to fp32,bf16,fp32,fp32,exact_index_order,1440,0.988794314001458,0.010461258213993463,0.9943655881155882,0.9999999995251073,0.3549679487179487,0.3333333333333333,0.0011377177843523998,0.0,0.0010626922664068797,0.0011969920607302633,0.2895945757627487,0.9616274237632751,0.2893918752670288,0.00030922889709472656,0.0008289366960525513,0.0012691473983077667,0.0013796262759098803,0.005457614226302283,0.8902777777777777,-0.0013400763273239136,4.333606399383192,0.3111111111111111,0.0,0.0,0,0,0.0,pool=fp32_values_acc_fp32_valid_token_denominator,score=fp32_values_acc_fp32_tf32_disabled,select=exact_stable_sort_index_order_ties_at_float32
VB_FP32,3,0.95,intervention_b,selector arithmetic raised to fp32,bf16,fp32,fp32,exact_index_order,1440,0.9826734528786439,0.015132495887483777,0.9912610176282051,0.9999999995251073,0.2796474358974359,0.2692307692307692,0.0008963058842866535,0.0,0.0012293983251704698,0.0019343698493230876,0.37280353903770447,0.9408067464828491,0.3719335347414017,0.0005664080381393433,0.0012886449694633484,0.0017113670355668124,0.0018168173972114383,0.005430479503194298,0.8791666666666667,-0.002195298671722412,3.87582541895767,0.2986111111111111,0.0,0.0,0,0,0.0,pool=fp32_values_acc_fp32_valid_token_denominator,score=fp32_values_acc_fp32_tf32_disabled,select=exact_stable_sort_index_order_ties_at_float32
VB_FP32,4,0.8,intervention_b,selector arithmetic raised to fp32,bf16,fp32,fp32,exact_index_order,1440,0.9944385847971957,0.005456583048062957,0.9972115384615384,0.9999999995448944,0.3485576923076923,0.3269230769230769,0.001117172090729783,0.0,0.000732368817875973,0.0008461203002626531,0.21544942259788513,0.9789868593215942,0.2153560370206833,0.00016410648822784424,0.0003348402678966522,0.0008992508626883432,0.0009022797187995551,0.0026611738266622705,0.9055555555555556,-0.00042720139026641846,2.603196222645964,0.3277777777777778,0.0,0.0,0,0,0.0,pool=fp32_values_acc_fp32_valid_token_denominator,score=fp32_values_acc_fp32_tf32_disabled,select=exact_stable_sort_index_order_ties_at_float32
VB_FP32,4,0.9,intervention_b,selector arithmetic raised to fp32,bf16,fp32,fp32,exact_index_order,1440,0.9906826007696982,0.007900158985991834,0.9953194953194954,0.9999999995448944,0.2948717948717949,0.28365384615384615,0.0009451019066403682,0.0,0.0009570686436227611,0.0013187117795642395,0.311272457242012,0.9593148827552795,0.3111644834280014,0.0002824738621711731,0.0006728246808052063,0.0010927629037323617,0.0011003448739229419,0.004019881271926293,0.8909722222222223,-0.0013727545738220215,4.859757866694801,0.2847222222222222,0.0,0.0,0,0,0.0,pool=fp32_values_acc_fp32_valid_token_denominator,score=fp32_values_acc_fp32_tf32_disabled,select=exact_stable_sort_index_order_ties_at_float32
VB_FP32,4,0.95,intervention_b,selector arithmetic raised to fp32,bf16,fp32,fp32,exact_index_order,1440,0.9855814647243076,0.011262053697422059,0.9927383814102564,0.9999999995448944,0.23237179487179485,0.22596153846153846,0.0007447813938198553,0.0,0.0011269797386853756,0.0021016415869223783,0.37403519451618195,0.9443286955356598,0.3737389147281647,0.00042882561683654785,0.0009778998792171478,0.0012774631165963384,0.001323333324992816,0.004473903992142496,0.8854166666666666,-0.002394631505012512,5.584161512266315,0.2638888888888889,0.0,0.0,0,0,0.0,pool=fp32_values_acc_fp32_valid_token_denominator,score=fp32_values_acc_fp32_tf32_disabled,select=exact_stable_sort_index_order_ties_at_float32
VB_FP32,5,0.8,intervention_b,selector arithmetic raised to fp32,bf16,fp32,fp32,exact_index_order,1440,0.9953186754153717,0.002099281576627976,0.9976538461538461,0.9999999995350008,0.2932692307692308,0.28044871794871795,0.000939965483234714,0.0,0.0005658841830150604,0.0008915148659161099,0.1671668365597725,0.9866188168525696,0.16699208319187164,0.00012429803609848022,0.00019630324095487595,0.0007656719592521915,0.000768493452449801,0.002284179616888783,0.9131944444444444,-0.00015240907669067383,1.2261583648024936,0.4131944444444444,0.0,0.0,0,0,0.0,pool=fp32_values_acc_fp32_valid_token_denominator,score=fp32_values_acc_fp32_tf32_disabled,select=exact_stable_sort_index_order_ties_at_float32
VB_FP32,5,0.9,intervention_b,selector arithmetic raised to fp32,bf16,fp32,fp32,exact_index_order,1440,0.9914641408444784,0.00378179089616959,0.9957137769637769,0.9999999995350008,0.27003205128205127,0.26121794871794873,0.0008654873438527285,0.0,0.0008292298303123073,0.001349091133846801,0.2398654744029045,0.9733809232711792,0.2393409013748169,0.0002285093069076538,0.0005222223699092865,0.0010905208152989579,0.0011106136193526814,0.0038896782679248435,0.8979166666666667,-0.0007156729698181152,3.131920443430062,0.36736111111111114,0.0,0.0,0,0,0.0,pool=fp32_values_acc_fp32_valid_token_denominator,score=fp32_values_acc_fp32_tf32_disabled,select=exact_stable_sort_index_order_ties_at_float32
VB_FP32,5,0.95,intervention_b,selector arithmetic raised to fp32,bf16,fp32,fp32,exact_index_order,1440,0.9876567788174397,0.0073097613475947565,0.9937900641025641,0.9999999995350008,0.1987179487179487,0.19471153846153846,0.0006369165023011176,0.0,0.0009751537398075159,0.0021598394979949866,0.29383397102355957,0.9612066745758057,0.29378384351730347,0.0003574192523956299,0.0008218176662921906,0.0011982544597729412,0.001225019969456689,0.0042788240574977284,0.9041666666666667,-0.0017954111099243164,5.023263570416076,0.36180555555555555,0.0,0.0,0,0,0.0,pool=fp32_values_acc_fp32_valid_token_denominator,score=fp32_values_acc_fp32_tf32_disabled,select=exact_stable_sort_index_order_ties_at_float32
VB_FP32,6,0.8,intervention_b,selector arithmetic raised to fp32,bf16,fp32,fp32,exact_index_order,1440,0.9922735545654459,0.007191839584806625,0.9961217948717949,0.9999999995251072,0.484775641025641,0.4326923076923077,0.0015537680802103879,0.0,0.001022765762997767,0.0008281412188116764,0.28647445142269135,0.9650119245052338,0.2863178253173828,0.00023496150970458984,0.00030558928847312927,0.0009339078266013317,0.0009397379340122275,0.0025642637950044796,0.9368055555555556,-0.0008459240198135376,3.600266362252664,0.24444444444444444,0.0,0.0,0,0,0.0,pool=fp32_values_acc_fp32_valid_token_denominator,score=fp32_values_acc_fp32_tf32_disabled,select=exact_stable_sort_index_order_ties_at_float32
VB_FP32,6,0.9,intervention_b,selector arithmetic raised to fp32,bf16,fp32,fp32,exact_index_order,1440,0.9874118449988625,0.008683296905108051,0.9936660561660562,0.9999999995251072,0.3990384615384615,0.3685897435897436,0.0012789694280078896,0.0,0.0012123037419670651,0.0012709133668102378,0.41574612259864807,0.9347637593746185,0.41512657701969147,0.0005206018686294556,0.0007812194526195526,0.0016178093502771766,0.0016299276157986293,0.0037540724566984597,0.9298611111111111,-0.0026345402002334595,5.060566161948651,0.19652777777777777,0.0,0.0,0,0,0.0,pool=fp32_values_acc_fp32_valid_token_denominator,score=fp32_values_acc_fp32_tf32_disabled,select=exact_stable_sort_index_order_ties_at_float32
VB_FP32,6,0.95,intervention_b,selector arithmetic raised to fp32,bf16,fp32,fp32,exact_index_order,1440,0.981837129670984,0.00943503199983975,0.9908353365384616,0.9999999995251072,0.2932692307692308,0.28044871794871795,0.000939965483234714,0.0,0.00132478875650191,0.0019847156854826084,0.5140917301177979,0.9093076884746552,0.5132822096347809,0.000660240650177002,0.0011752769351005554,0.0014908500717696707,0.0015267964483548363,0.004521107318862648,0.9041666666666667,-0.004734501242637634,7.170872077277241,0.17291666666666666,0.0,0.0,0,0,0.0,pool=fp32_values_acc_fp32_valid_token_denominator,score=fp32_values_acc_fp32_tf32_disabled,select=exact_stable_sort_index_order_ties_at_float32
VB_FP32,7,0.8,intervention_b,selector arithmetic raised to fp32,bf16,fp32,fp32,exact_index_order,1440,0.9937376190171896,0.006976486016247119,0.9968589743589743,0.9999999994954265,0.3926282051282051,0.36538461538461536,0.001258423734385273,0.0,0.0008280904659688849,0.000852075756021952,0.22940951585769653,0.9760870933532715,0.22912730276584625,0.000177823007106781,0.0002734251320362091,0.0008501935171566169,0.0008501935171566169,0.0025064941446565443,0.9034722222222222,-0.0005182772874832153,2.9145682322872584,0.26944444444444443,0.0,0.0,0,0,0.0,pool=fp32_values_acc_fp32_valid_token_denominator,score=fp32_values_acc_fp32_tf32_disabled,select=exact_stable_sort_index_order_ties_at_float32
VB_FP32,7,0.9,intervention_b,selector arithmetic raised to fp32,bf16,fp32,fp32,exact_index_order,1440,0.989800954422903,0.009610911167973857,0.9948743386243386,0.9999999994954265,0.32291666666666663,0.3076923076923077,0.0010349893162393162,0.0,0.0010542740325262111,0.001348980970993603,0.3289629817008972,0.9553574621677399,0.32797810435295105,0.0003849714994430542,0.0006294883787631989,0.0013028355571835983,0.0013259495808591315,0.003779286378034215,0.925,-0.0015129148960113525,3.929940003870718,0.1875,0.0,0.0,0,0,0.0,pool=fp32_values_acc_fp32_valid_token_denominator,score=fp32_values_acc_fp32_tf32_disabled,select=exact_stable_sort_index_order_ties_at_float32
VB_FP32,7,0.95,intervention_b,selector arithmetic raised to fp32,bf16,fp32,fp32,exact_index_order,1440,0.9842989168240087,0.010134571942792547,0.9920873397435898,0.9999999994954265,0.2532051282051282,0.24519230769230768,0.0008115548980933596,0.0,0.0012162102079154042,0.002136808601753563,0.40210919082164764,0.9378615021705627,0.4012365788221359,0.0005739033222198486,0.0009898915886878967,0.0015807647444243712,0.0015911964940977883,0.004309643497835547,0.9159722222222222,-0.0028815418481826782,5.020953419535753,0.15138888888888888,0.0,0.0,0,0,0.0,pool=fp32_values_acc_fp32_valid_token_denominator,score=fp32_values_acc_fp32_tf32_disabled,select=exact_stable_sort_index_order_ties_at_float32
VB_FP32,8,0.8,intervention_b,selector arithmetic raised to fp32,bf16,fp32,fp32,exact_index_order,1440,0.9951145272473814,0.0032915125477469553,0.9975512820512821,0.9999999995448944,0.30608974358974356,0.2900641025641026,0.0009810568704799474,0.0,0.000708436163777064,0.0008662490043039715,0.21539690345525742,0.9784037470817566,0.21529627591371536,0.00012859702110290527,0.00024540722370147705,0.0005738562452761804,0.0006003517633554145,0.001638345535888365,0.8506944444444444,-0.0006379038095474243,4.960486674391657,0.2611111111111111,0.0,0.0,0,0,0.0,pool=fp32_values_acc_fp32_valid_token_denominator,score=fp32_values_acc_fp32_tf32_disabled,select=exact_stable_sort_index_order_ties_at_float32
VB_FP32,8,0.9,intervention_b,selector arithmetic raised to fp32,bf16,fp32,fp32,exact_index_order,1440,0.9906321999139175,0.004990450641505828,0.9952940577940578,0.9999999995448944,0.296474358974359,0.28525641025641024,0.0009502383300460224,0.0,0.0009650511778970299,0.0013177426351299094,0.3209355026483536,0.9551877677440643,0.3204754590988159,0.0002971552312374115,0.0006065778434276581,0.0010275009880168465,0.0010337915836731194,0.002746266127590496,0.8951388888888889,-0.002416566014289856,8.132335426930936,0.2152777777777778,0.0,0.0,0,0,0.0,pool=fp32_values_acc_fp32_valid_token_denominator,score=fp32_values_acc_fp32_tf32_disabled,select=exact_stable_sort_index_order_ties_at_float32
VB_FP32,8,0.95,intervention_b,selector arithmetic raised to fp32,bf16,fp32,fp32,exact_index_order,1440,0.9858776727996021,0.009190723366998887,0.9928886217948718,0.9999999995448944,0.22756410256410256,0.22115384615384615,0.0007293721236028928,0.0,0.001075962407356093,0.0022066903294122604,0.3920307159423828,0.9373341500759125,0.39118777215480804,0.00037433207035064697,0.0009023621678352356,0.0010455309614060921,0.0010550601893352112,0.0035082029181262636,0.86875,-0.004386842250823975,11.719119461804864,0.1875,0.0,0.0,0,0,0.0,pool=fp32_values_acc_fp32_valid_token_denominator,score=fp32_values_acc_fp32_tf32_disabled,select=exact_stable_sort_index_order_ties_at_float32
VB_FP32,9,0.8,intervention_b,selector arithmetic raised to fp32,bf16,fp32,fp32,exact_index_order,1440,0.9948338917163244,0.002678109886427915,0.9974102564102564,0.9999999995251072,0.32371794871794873,0.3076923076923077,0.0010375575279421433,0.0,0.0006848693293315116,0.0008878572091101988,0.204302117228508,0.9804102182388306,0.20418813824653625,0.00015467405319213867,0.00020357966423034668,0.0008172911481346455,0.0008329868504186597,0.002111133184336693,0.9215277777777777,-0.00041057169437408447,2.6544315992292873,0.2763888888888889,0.0,0.0,0,0,0.0,pool=fp32_values_acc_fp32_valid_token_denominator,score=fp32_values_acc_fp32_tf32_disabled,select=exact_stable_sort_index_order_ties_at_float32
VB_FP32,9,0.9,intervention_b,selector arithmetic raised to fp32,bf16,fp32,fp32,exact_index_order,1440,0.990733004177744,0.004986409528969782,0.9953449328449329,0.9999999995251072,0.2932692307692308,0.2796474358974359,0.000939965483234714,0.0,0.0009345662918350522,0.0013690511329269542,0.30077388882637024,0.9602566957473755,0.3001735210418701,0.00028248131275177,0.000523790717124939,0.001084737443368648,0.001084737443368648,0.00318809345638582,0.9048611111111111,-0.0014589428901672363,5.164741256527932,0.2111111111111111,0.0,0.0,0,0,0.0,pool=fp32_values_acc_fp32_valid_token_denominator,score=fp32_values_acc_fp32_tf32_disabled,select=exact_stable_sort_index_order_ties_at_float32
VB_FP32,9,0.95,intervention_b,selector arithmetic raised to fp32,bf16,fp32,fp32,exact_index_order,1440,0.9851866580504052,0.008895372080367725,0.9925380608974359,0.9999999995251072,0.23878205128205127,0.23076923076923078,0.0007653270874424721,0.0,0.0011342985156497232,0.002123993902259912,0.37421829998493195,0.9430880844593048,0.37380023300647736,0.000502467155456543,0.000774189829826355,0.0015196160201385342,0.0015323610065501592,0.003642502557589249,0.9305555555555556,-0.00243493914604187,4.845966785290629,0.16944444444444445,0.0,0.0,0,0,0.0,pool=fp32_values_acc_fp32_valid_token_denominator,score=fp32_values_acc_fp32_tf32_disabled,select=exact_stable_sort_index_order_ties_at_float32
VC_GATE_NVFP4,0,0.8,non_routing_control,gate_compress quantized to NVFP4; must NOT change the mask (falsifies the gate map if it does),bf16,kernel,kernel,kernel,1440,1.0,0.0,1.0,0.9999886813935568,0.0,0.0,0.0,1.0,,0.0007885406664566403,0.15035758167505264,0.988714188337326,0.15035758167505264,0.0,0.0,0.0,0.0,0.0,0.0,0.0,,0.0,0.0,315.5,0,0,0.0,pool=kernel_fused_block_mean_bf16_read_fp32_acc_bf16_write,score=kernel_bf16_torch_matmul_acc_fp32_bf16_out,select=kernel_fused_topk_mask_fp32_bisect_index_order_ties
VC_GATE_NVFP4,0,0.9,non_routing_control,gate_compress quantized to NVFP4; must NOT change the mask (falsifies the gate map if it does),bf16,kernel,kernel,kernel,1440,1.0,0.0,1.0,0.9999886813935568,0.0,0.0,0.0,1.0,,0.0011049317279779862,0.20678527653217316,0.9787309169769287,0.20678527653217316,0.0,0.0,0.0,0.0,0.0,0.0,0.0,,0.0,0.0,309.0,0,0,0.0,pool=kernel_fused_block_mean_bf16_read_fp32_acc_bf16_write,score=kernel_bf16_torch_matmul_acc_fp32_bf16_out,select=kernel_fused_topk_mask_fp32_bisect_index_order_ties
VC_GATE_NVFP4,0,0.95,non_routing_control,gate_compress quantized to NVFP4; must NOT change the mask (falsifies the gate map if it does),bf16,kernel,kernel,kernel,1440,1.0,0.0,1.0,0.9999886813935568,0.0,0.0,0.0,1.0,,0.0018223123452057537,0.2505939304828644,0.9701735377311707,0.2505939304828644,0.0,0.0,0.0,0.0,0.0,0.0,0.0,,0.0,0.0,273.0,0,0,0.0,pool=kernel_fused_block_mean_bf16_read_fp32_acc_bf16_write,score=kernel_bf16_torch_matmul_acc_fp32_bf16_out,select=kernel_fused_topk_mask_fp32_bisect_index_order_ties
VC_GATE_NVFP4,1,0.8,non_routing_control,gate_compress quantized to NVFP4; must NOT change the mask (falsifies the gate map if it does),bf16,kernel,kernel,kernel,1440,1.0,0.0,1.0,0.9999914022757449,0.0,0.0,0.0,1.0,,0.0008526661787641125,0.12798136472702026,0.992088258266449,0.12798136472702026,0.0,0.0,0.0,0.0,0.0,0.0,0.0,,0.0,0.0,275.0,0,0,0.0,pool=kernel_fused_block_mean_bf16_read_fp32_acc_bf16_write,score=kernel_bf16_torch_matmul_acc_fp32_bf16_out,select=kernel_fused_topk_mask_fp32_bisect_index_order_ties
VC_GATE_NVFP4,1,0.9,non_routing_control,gate_compress quantized to NVFP4; must NOT change the mask (falsifies the gate map if it does),bf16,kernel,kernel,kernel,1440,1.0,0.0,1.0,0.9999914022757449,0.0,0.0,0.0,1.0,,0.0012335997979662455,0.18636058270931244,0.9833790063858032,0.18636058270931244,0.0,0.0,0.0,0.0,0.0,0.0,0.0,,0.0,0.0,264.0,0,0,0.0,pool=kernel_fused_block_mean_bf16_read_fp32_acc_bf16_write,score=kernel_bf16_torch_matmul_acc_fp32_bf16_out,select=kernel_fused_topk_mask_fp32_bisect_index_order_ties
VC_GATE_NVFP4,1,0.95,non_routing_control,gate_compress quantized to NVFP4; must NOT change the mask (falsifies the gate map if it does),bf16,kernel,kernel,kernel,1440,1.0,0.0,1.0,0.9999914022757449,0.0,0.0,0.0,1.0,,0.002029462419291611,0.22703497111797333,0.9766123294830322,0.22703497111797333,0.0,0.0,0.0,0.0,0.0,0.0,0.0,,0.0,0.0,213.0,0,0,0.0,pool=kernel_fused_block_mean_bf16_read_fp32_acc_bf16_write,score=kernel_bf16_torch_matmul_acc_fp32_bf16_out,select=kernel_fused_topk_mask_fp32_bisect_index_order_ties
VC_GATE_NVFP4,10,0.8,non_routing_control,gate_compress quantized to NVFP4; must NOT change the mask (falsifies the gate map if it does),bf16,kernel,kernel,kernel,1440,1.0,0.0,1.0,0.999990780296139,0.0,0.0,0.0,1.0,,0.0008479816390022745,0.22792909294366837,0.9767074882984161,0.22792909294366837,0.0,0.0,0.0,0.0,0.0,0.0,0.0,,0.0,0.0,329.0,0,12,0.00013354700854700856,pool=kernel_fused_block_mean_bf16_read_fp32_acc_bf16_write,score=kernel_bf16_torch_matmul_acc_fp32_bf16_out,select=kernel_fused_topk_mask_fp32_bisect_index_order_ties
VC_GATE_NVFP4,10,0.9,non_routing_control,gate_compress quantized to NVFP4; must NOT change the mask (falsifies the gate map if it does),bf16,kernel,kernel,kernel,1440,1.0,0.0,1.0,0.999990780296139,0.0,0.0,0.0,1.0,,0.0012983309924965536,0.3246503919363022,0.9570437073707581,0.3246503919363022,0.0,0.0,0.0,0.0,0.0,0.0,0.0,,0.0,0.0,307.0,0,0,0.0,pool=kernel_fused_block_mean_bf16_read_fp32_acc_bf16_write,score=kernel_bf16_torch_matmul_acc_fp32_bf16_out,select=kernel_fused_topk_mask_fp32_bisect_index_order_ties
VC_GATE_NVFP4,10,0.95,non_routing_control,gate_compress quantized to NVFP4; must NOT change the mask (falsifies the gate map if it does),bf16,kernel,kernel,kernel,1440,1.0,0.0,1.0,0.999990780296139,0.0,0.0,0.0,1.0,,0.0020777991703692985,0.4133630841970444,0.9309206604957581,0.4133630841970444,0.0,0.0,0.0,0.0,0.0,0.0,0.0,,0.0,0.0,251.5,0,0,0.0,pool=kernel_fused_block_mean_bf16_read_fp32_acc_bf16_write,score=kernel_bf16_torch_matmul_acc_fp32_bf16_out,select=kernel_fused_topk_mask_fp32_bisect_index_order_ties
VC_GATE_NVFP4,11,0.8,non_routing_control,gate_compress quantized to NVFP4; must NOT change the mask (falsifies the gate map if it does),bf16,kernel,kernel,kernel,1440,1.0,0.0,1.0,0.9999843392290382,0.0,0.0,0.0,1.0,,0.0008693533206463705,0.21563855558633804,0.9788621664047241,0.21563855558633804,0.0,0.0,0.0,0.0,0.0,0.0,0.0,,0.0,0.0,333.0,0,0,0.0,pool=kernel_fused_block_mean_bf16_read_fp32_acc_bf16_write,score=kernel_bf16_torch_matmul_acc_fp32_bf16_out,select=kernel_fused_topk_mask_fp32_bisect_index_order_ties
VC_GATE_NVFP4,11,0.9,non_routing_control,gate_compress quantized to NVFP4; must NOT change the mask (falsifies the gate map if it does),bf16,kernel,kernel,kernel,1440,1.0,0.0,1.0,0.9999843392290382,0.0,0.0,0.0,1.0,,0.0013103018926396578,0.30224114656448364,0.9617077112197876,0.30224114656448364,0.0,0.0,0.0,0.0,0.0,0.0,0.0,,0.0,0.0,305.5,0,0,0.0,pool=kernel_fused_block_mean_bf16_read_fp32_acc_bf16_write,score=kernel_bf16_torch_matmul_acc_fp32_bf16_out,select=kernel_fused_topk_mask_fp32_bisect_index_order_ties
VC_GATE_NVFP4,11,0.95,non_routing_control,gate_compress quantized to NVFP4; must NOT change the mask (falsifies the gate map if it does),bf16,kernel,kernel,kernel,1440,1.0,0.0,1.0,0.9999843392290382,0.0,0.0,0.0,1.0,,0.0021111426042373306,0.37936288118362427,0.9416300058364868,0.37936288118362427,0.0,0.0,0.0,0.0,0.0,0.0,0.0,,0.0,0.0,248.0,0,0,0.0,pool=kernel_fused_block_mean_bf16_read_fp32_acc_bf16_write,score=kernel_bf16_torch_matmul_acc_fp32_bf16_out,select=kernel_fused_topk_mask_fp32_bisect_index_order_ties
VC_GATE_NVFP4,12,0.8,non_routing_control,gate_compress quantized to NVFP4; must NOT change the mask (falsifies the gate map if it does),bf16,kernel,kernel,kernel,1440,1.0,0.0,1.0,0.9999918578167699,0.0,0.0,0.0,1.0,,0.0008430143736962916,0.19203152507543564,0.9826260805130005,0.19203152507543564,0.0,0.0,0.0,0.0,0.0,0.0,0.0,,0.0,0.0,356.5,0,0,0.0,pool=kernel_fused_block_mean_bf16_read_fp32_acc_bf16_write,score=kernel_bf16_torch_matmul_acc_fp32_bf16_out,select=kernel_fused_topk_mask_fp32_bisect_index_order_ties
VC_GATE_NVFP4,12,0.9,non_routing_control,gate_compress quantized to NVFP4; must NOT change the mask (falsifies the gate map if it does),bf16,kernel,kernel,kernel,1440,1.0,0.0,1.0,0.9999918578167699,0.0,0.0,0.0,1.0,,0.0013075141217901527,0.27437329292297363,0.966253012418747,0.27437329292297363,0.0,0.0,0.0,0.0,0.0,0.0,0.0,,0.0,0.0,312.5,0,0,0.0,pool=kernel_fused_block_mean_bf16_read_fp32_acc_bf16_write,score=kernel_bf16_torch_matmul_acc_fp32_bf16_out,select=kernel_fused_topk_mask_fp32_bisect_index_order_ties
VC_GATE_NVFP4,12,0.95,non_routing_control,gate_compress quantized to NVFP4; must NOT change the mask (falsifies the gate map if it does),bf16,kernel,kernel,kernel,1440,1.0,0.0,1.0,0.9999918578167699,0.0,0.0,0.0,1.0,,0.0021572527494809505,0.3342687636613846,0.9528513252735138,0.3342687636613846,0.0,0.0,0.0,0.0,0.0,0.0,0.0,,0.0,0.0,237.0,0,0,0.0,pool=kernel_fused_block_mean_bf16_read_fp32_acc_bf16_write,score=kernel_bf16_torch_matmul_acc_fp32_bf16_out,select=kernel_fused_topk_mask_fp32_bisect_index_order_ties
VC_GATE_NVFP4,13,0.8,non_routing_control,gate_compress quantized to NVFP4; must NOT change the mask (falsifies the gate map if it does),bf16,kernel,kernel,kernel,1440,1.0,0.0,1.0,0.9999879294798928,0.0,0.0,0.0,1.0,,0.0008332046917559409,0.20873186737298965,0.9798087179660797,0.20873186737298965,0.0,0.0,0.0,0.0,0.0,0.0,0.0,,0.0,0.0,381.0,0,12,0.00013354700854700856,pool=kernel_fused_block_mean_bf16_read_fp32_acc_bf16_write,score=kernel_bf16_torch_matmul_acc_fp32_bf16_out,select=kernel_fused_topk_mask_fp32_bisect_index_order_ties
VC_GATE_NVFP4,13,0.9,non_routing_control,gate_compress quantized to NVFP4; must NOT change the mask (falsifies the gate map if it does),bf16,kernel,kernel,kernel,1440,1.0,0.0,1.0,0.9999879294798928,0.0,0.0,0.0,1.0,,0.0012797088526428544,0.2824755311012268,0.9659214913845062,0.2824755311012268,0.0,0.0,0.0,0.0,0.0,0.0,0.0,,0.0,0.0,342.0,0,12,0.00013354700854700856,pool=kernel_fused_block_mean_bf16_read_fp32_acc_bf16_write,score=kernel_bf16_torch_matmul_acc_fp32_bf16_out,select=kernel_fused_topk_mask_fp32_bisect_index_order_ties
VC_GATE_NVFP4,13,0.95,non_routing_control,gate_compress quantized to NVFP4; must NOT change the mask (falsifies the gate map if it does),bf16,kernel,kernel,kernel,1440,1.0,0.0,1.0,0.9999879294798928,0.0,0.0,0.0,1.0,,0.002044490563726991,0.35657934844493866,0.9486366510391235,0.35657934844493866,0.0,0.0,0.0,0.0,0.0,0.0,0.0,,0.0,0.0,279.0,0,0,0.0,pool=kernel_fused_block_mean_bf16_read_fp32_acc_bf16_write,score=kernel_bf16_torch_matmul_acc_fp32_bf16_out,select=kernel_fused_topk_mask_fp32_bisect_index_order_ties
VC_GATE_NVFP4,14,0.8,non_routing_control,gate_compress quantized to NVFP4; must NOT change the mask (falsifies the gate map if it does),bf16,kernel,kernel,kernel,1440,1.0,0.0,1.0,0.9999825708526167,0.0,0.0,0.0,1.0,,0.0008652489188367411,0.21915050595998764,0.9783788025379181,0.21915050595998764,0.0,0.0,0.0,0.0,0.0,0.0,0.0,,0.0,0.0,340.0,0,12,0.00013354700854700856,pool=kernel_fused_block_mean_bf16_read_fp32_acc_bf16_write,score=kernel_bf16_torch_matmul_acc_fp32_bf16_out,select=kernel_fused_topk_mask_fp32_bisect_index_order_ties
VC_GATE_NVFP4,14,0.9,non_routing_control,gate_compress quantized to NVFP4; must NOT change the mask (falsifies the gate map if it does),bf16,kernel,kernel,kernel,1440,1.0,0.0,1.0,0.9999825708526167,0.0,0.0,0.0,1.0,,0.0013359583605637758,0.3084939867258072,0.9592400789260864,0.3084939867258072,0.0,0.0,0.0,0.0,0.0,0.0,0.0,,0.0,0.0,304.0,0,0,0.0,pool=kernel_fused_block_mean_bf16_read_fp32_acc_bf16_write,score=kernel_bf16_torch_matmul_acc_fp32_bf16_out,select=kernel_fused_topk_mask_fp32_bisect_index_order_ties
VC_GATE_NVFP4,14,0.95,non_routing_control,gate_compress quantized to NVFP4; must NOT change the mask (falsifies the gate map if it does),bf16,kernel,kernel,kernel,1440,1.0,0.0,1.0,0.9999825708526167,0.0,0.0,0.0,1.0,,0.0021446424140944675,0.3856319934129715,0.9422160089015961,0.3856319934129715,0.0,0.0,0.0,0.0,0.0,0.0,0.0,,0.0,0.0,248.0,0,0,0.0,pool=kernel_fused_block_mean_bf16_read_fp32_acc_bf16_write,score=kernel_bf16_torch_matmul_acc_fp32_bf16_out,select=kernel_fused_topk_mask_fp32_bisect_index_order_ties
VC_GATE_NVFP4,15,0.8,non_routing_control,gate_compress quantized to NVFP4; must NOT change the mask (falsifies the gate map if it does),bf16,kernel,kernel,kernel,1440,1.0,0.0,1.0,0.999990987476826,0.0,0.0,0.0,1.0,,0.0008185961273645696,0.24100950360298157,0.9736638069152832,0.24100950360298157,0.0,0.0,0.0,0.0,0.0,0.0,0.0,,0.0,0.0,363.0,0,0,0.0,pool=kernel_fused_block_mean_bf16_read_fp32_acc_bf16_write,score=kernel_bf16_torch_matmul_acc_fp32_bf16_out,select=kernel_fused_topk_mask_fp32_bisect_index_order_ties
VC_GATE_NVFP4,15,0.9,non_routing_control,gate_compress quantized to NVFP4; must NOT change the mask (falsifies the gate map if it does),bf16,kernel,kernel,kernel,1440,1.0,0.0,1.0,0.999990987476826,0.0,0.0,0.0,1.0,,0.0012655714234086997,0.352523609995842,0.9480444490909576,0.352523609995842,0.0,0.0,0.0,0.0,0.0,0.0,0.0,,0.0,0.0,330.0,0,0,0.0,pool=kernel_fused_block_mean_bf16_read_fp32_acc_bf16_write,score=kernel_bf16_torch_matmul_acc_fp32_bf16_out,select=kernel_fused_topk_mask_fp32_bisect_index_order_ties
VC_GATE_NVFP4,15,0.95,non_routing_control,gate_compress quantized to NVFP4; must NOT change the mask (falsifies the gate map if it does),bf16,kernel,kernel,kernel,1440,1.0,0.0,1.0,0.999990987476826,0.0,0.0,0.0,1.0,,0.002019700226023588,0.4593591094017029,0.9204389452934265,0.4593591094017029,0.0,0.0,0.0,0.0,0.0,0.0,0.0,,0.0,0.0,272.5,0,0,0.0,pool=kernel_fused_block_mean_bf16_read_fp32_acc_bf16_write,score=kernel_bf16_torch_matmul_acc_fp32_bf16_out,select=kernel_fused_topk_mask_fp32_bisect_index_order_ties
VC_GATE_NVFP4,16,0.8,non_routing_control,gate_compress quantized to NVFP4; must NOT change the mask (falsifies the gate map if it does),bf16,kernel,kernel,kernel,1440,1.0,0.0,1.0,0.9999903655555166,0.0,0.0,0.0,1.0,,0.0008458046543802326,0.1949498951435089,0.9827901422977448,0.1949498951435089,0.0,0.0,0.0,0.0,0.0,0.0,0.0,,0.0,0.0,357.0,0,12,0.00013354700854700856,pool=kernel_fused_block_mean_bf16_read_fp32_acc_bf16_write,score=kernel_bf16_torch_matmul_acc_fp32_bf16_out,select=kernel_fused_topk_mask_fp32_bisect_index_order_ties
VC_GATE_NVFP4,16,0.9,non_routing_control,gate_compress quantized to NVFP4; must NOT change the mask (falsifies the gate map if it does),bf16,kernel,kernel,kernel,1440,1.0,0.0,1.0,0.9999903655555166,0.0,0.0,0.0,1.0,,0.001306599479886516,0.28412385284900665,0.9650280475616455,0.28412385284900665,0.0,0.0,0.0,0.0,0.0,0.0,0.0,,0.0,0.0,319.0,0,12,0.00013354700854700856,pool=kernel_fused_block_mean_bf16_read_fp32_acc_bf16_write,score=kernel_bf16_torch_matmul_acc_fp32_bf16_out,select=kernel_fused_topk_mask_fp32_bisect_index_order_ties
VC_GATE_NVFP4,16,0.95,non_routing_control,gate_compress quantized to NVFP4; must NOT change the mask (falsifies the gate map if it does),bf16,kernel,kernel,kernel,1440,1.0,0.0,1.0,0.9999903655555166,0.0,0.0,0.0,1.0,,0.0021361789623583075,0.36057430505752563,0.9474436342716217,0.36057430505752563,0.0,0.0,0.0,0.0,0.0,0.0,0.0,,0.0,0.0,259.0,0,0,0.0,pool=kernel_fused_block_mean_bf16_read_fp32_acc_bf16_write,score=kernel_bf16_torch_matmul_acc_fp32_bf16_out,select=kernel_fused_topk_mask_fp32_bisect_index_order_ties
VC_GATE_NVFP4,17,0.8,non_routing_control,gate_compress quantized to NVFP4; must NOT change the mask (falsifies the gate map if it does),bf16,kernel,kernel,kernel,1440,1.0,0.0,1.0,0.9999897402004486,0.0,0.0,0.0,1.0,,0.0008408049330861039,0.14778384566307068,0.9895994067192078,0.14778384566307068,0.0,0.0,0.0,0.0,0.0,0.0,0.0,,0.0,0.0,255.0,0,12,0.00013354700854700856,pool=kernel_fused_block_mean_bf16_read_fp32_acc_bf16_write,score=kernel_bf16_torch_matmul_acc_fp32_bf16_out,select=kernel_fused_topk_mask_fp32_bisect_index_order_ties
VC_GATE_NVFP4,17,0.9,non_routing_control,gate_compress quantized to NVFP4; must NOT change the mask (falsifies the gate map if it does),bf16,kernel,kernel,kernel,1440,1.0,0.0,1.0,0.9999897402004486,0.0,0.0,0.0,1.0,,0.0013418119786084192,0.1996692270040512,0.9816428124904633,0.1996692270040512,0.0,0.0,0.0,0.0,0.0,0.0,0.0,,0.0,0.0,245.0,0,0,0.0,pool=kernel_fused_block_mean_bf16_read_fp32_acc_bf16_write,score=kernel_bf16_torch_matmul_acc_fp32_bf16_out,select=kernel_fused_topk_mask_fp32_bisect_index_order_ties
VC_GATE_NVFP4,17,0.95,non_routing_control,gate_compress quantized to NVFP4; must NOT change the mask (falsifies the gate map if it does),bf16,kernel,kernel,kernel,1440,1.0,0.0,1.0,0.9999897402004486,0.0,0.0,0.0,1.0,,0.002260783104916073,0.2555399239063263,0.9712530970573425,0.2555399239063263,0.0,0.0,0.0,0.0,0.0,0.0,0.0,,0.0,0.0,202.0,0,12,0.00013354700854700856,pool=kernel_fused_block_mean_bf16_read_fp32_acc_bf16_write,score=kernel_bf16_torch_matmul_acc_fp32_bf16_out,select=kernel_fused_topk_mask_fp32_bisect_index_order_ties
VC_GATE_NVFP4,18,0.8,non_routing_control,gate_compress quantized to NVFP4; must NOT change the mask (falsifies the gate map if it does),bf16,kernel,kernel,kernel,1440,1.0,0.0,1.0,0.9999893856436199,0.0,0.0,0.0,1.0,,0.000844815549368149,0.4162144064903259,0.946549117565155,0.4162144064903259,0.0,0.0,0.0,0.0,0.0,0.0,0.0,,0.0,0.0,355.0,0,0,0.0,pool=kernel_fused_block_mean_bf16_read_fp32_acc_bf16_write,score=kernel_bf16_torch_matmul_acc_fp32_bf16_out,select=kernel_fused_topk_mask_fp32_bisect_index_order_ties
VC_GATE_NVFP4,18,0.9,non_routing_control,gate_compress quantized to NVFP4; must NOT change the mask (falsifies the gate map if it does),bf16,kernel,kernel,kernel,1440,1.0,0.0,1.0,0.9999893856436199,0.0,0.0,0.0,1.0,,0.0013204970096601404,0.5466905832290649,0.9093749225139618,0.5466905832290649,0.0,0.0,0.0,0.0,0.0,0.0,0.0,,0.0,0.0,316.0,0,0,0.0,pool=kernel_fused_block_mean_bf16_read_fp32_acc_bf16_write,score=kernel_bf16_torch_matmul_acc_fp32_bf16_out,select=kernel_fused_topk_mask_fp32_bisect_index_order_ties
VC_GATE_NVFP4,18,0.95,non_routing_control,gate_compress quantized to NVFP4; must NOT change the mask (falsifies the gate map if it does),bf16,kernel,kernel,kernel,1440,1.0,0.0,1.0,0.9999893856436199,0.0,0.0,0.0,1.0,,0.0021557764826145662,0.6646862626075745,0.8704415559768677,0.6646862626075745,0.0,0.0,0.0,0.0,0.0,0.0,0.0,,0.0,0.0,256.5,0,0,0.0,pool=kernel_fused_block_mean_bf16_read_fp32_acc_bf16_write,score=kernel_bf16_torch_matmul_acc_fp32_bf16_out,select=kernel_fused_topk_mask_fp32_bisect_index_order_ties
VC_GATE_NVFP4,19,0.8,non_routing_control,gate_compress quantized to NVFP4; must NOT change the mask (falsifies the gate map if it does),bf16,kernel,kernel,kernel,1440,1.0,0.0,1.0,0.9999808914142367,0.0,0.0,0.0,1.0,,0.0008357005606032608,0.16385933011770248,0.9878053367137909,0.16385933011770248,0.0,0.0,0.0,0.0,0.0,0.0,0.0,,0.0,0.0,313.0,0,72,0.00013354700854700856,pool=kernel_fused_block_mean_bf16_read_fp32_acc_bf16_write,score=kernel_bf16_torch_matmul_acc_fp32_bf16_out,select=kernel_fused_topk_mask_fp32_bisect_index_order_ties
VC_GATE_NVFP4,19,0.9,non_routing_control,gate_compress quantized to NVFP4; must NOT change the mask (falsifies the gate map if it does),bf16,kernel,kernel,kernel,1440,1.0,0.0,1.0,0.9999808914142367,0.0,0.0,0.0,1.0,,0.0013151191537665568,0.22712009400129318,0.9776186645030975,0.22712009400129318,0.0,0.0,0.0,0.0,0.0,0.0,0.0,,0.0,0.0,283.0,0,0,0.0,pool=kernel_fused_block_mean_bf16_read_fp32_acc_bf16_write,score=kernel_bf16_torch_matmul_acc_fp32_bf16_out,select=kernel_fused_topk_mask_fp32_bisect_index_order_ties
VC_GATE_NVFP4,19,0.95,non_routing_control,gate_compress quantized to NVFP4; must NOT change the mask (falsifies the gate map if it does),bf16,kernel,kernel,kernel,1440,1.0,0.0,1.0,0.9999808914142367,0.0,0.0,0.0,1.0,,0.002206270841639388,0.2825497090816498,0.9686525166034698,0.2825497090816498,0.0,0.0,0.0,0.0,0.0,0.0,0.0,,0.0,0.0,223.0,0,0,0.0,pool=kernel_fused_block_mean_bf16_read_fp32_acc_bf16_write,score=kernel_bf16_torch_matmul_acc_fp32_bf16_out,select=kernel_fused_topk_mask_fp32_bisect_index_order_ties
VC_GATE_NVFP4,2,0.8,non_routing_control,gate_compress quantized to NVFP4; must NOT change the mask (falsifies the gate map if it does),bf16,kernel,kernel,kernel,1440,1.0,0.0,1.0,0.9999654984272358,0.0,0.0,0.0,1.0,,0.0008350676344624959,0.14060808718204498,0.9904057085514069,0.14060808718204498,0.0,0.0,0.0,0.0,0.0,0.0,0.0,,0.0,0.0,258.0,0,0,0.0,pool=kernel_fused_block_mean_bf16_read_fp32_acc_bf16_write,score=kernel_bf16_torch_matmul_acc_fp32_bf16_out,select=kernel_fused_topk_mask_fp32_bisect_index_order_ties
VC_GATE_NVFP4,2,0.9,non_routing_control,gate_compress quantized to NVFP4; must NOT change the mask (falsifies the gate map if it does),bf16,kernel,kernel,kernel,1440,1.0,0.0,1.0,0.9999654984272358,0.0,0.0,0.0,1.0,,0.0012332712924069547,0.20354214310646057,0.9803852736949921,0.20354214310646057,0.0,0.0,0.0,0.0,0.0,0.0,0.0,,0.0,0.0,263.0,0,0,0.0,pool=kernel_fused_block_mean_bf16_read_fp32_acc_bf16_write,score=kernel_bf16_torch_matmul_acc_fp32_bf16_out,select=kernel_fused_topk_mask_fp32_bisect_index_order_ties
VC_GATE_NVFP4,2,0.95,non_routing_control,gate_compress quantized to NVFP4; must NOT change the mask (falsifies the gate map if it does),bf16,kernel,kernel,kernel,1440,1.0,0.0,1.0,0.9999654984272358,0.0,0.0,0.0,1.0,,0.001968827157948042,0.2570823132991791,0.9698545336723328,0.2570823132991791,0.0,0.0,0.0,0.0,0.0,0.0,0.0,,0.0,0.0,217.0,0,0,0.0,pool=kernel_fused_block_mean_bf16_read_fp32_acc_bf16_write,score=kernel_bf16_torch_matmul_acc_fp32_bf16_out,select=kernel_fused_topk_mask_fp32_bisect_index_order_ties
VC_GATE_NVFP4,20,0.8,non_routing_control,gate_compress quantized to NVFP4; must NOT change the mask (falsifies the gate map if it does),bf16,kernel,kernel,kernel,1440,1.0,0.0,1.0,0.9999871817842869,0.0,0.0,0.0,1.0,,0.000839242237067129,0.1389370858669281,0.9911029934883118,0.1389370858669281,0.0,0.0,0.0,0.0,0.0,0.0,0.0,,0.0,0.0,280.0,0,0,0.0,pool=kernel_fused_block_mean_bf16_read_fp32_acc_bf16_write,score=kernel_bf16_torch_matmul_acc_fp32_bf16_out,select=kernel_fused_topk_mask_fp32_bisect_index_order_ties
VC_GATE_NVFP4,20,0.9,non_routing_control,gate_compress quantized to NVFP4; must NOT change the mask (falsifies the gate map if it does),bf16,kernel,kernel,kernel,1440,1.0,0.0,1.0,0.9999871817842869,0.0,0.0,0.0,1.0,,0.0012480508840945798,0.19621066004037857,0.9834837317466736,0.19621066004037857,0.0,0.0,0.0,0.0,0.0,0.0,0.0,,0.0,0.0,267.0,0,0,0.0,pool=kernel_fused_block_mean_bf16_read_fp32_acc_bf16_write,score=kernel_bf16_torch_matmul_acc_fp32_bf16_out,select=kernel_fused_topk_mask_fp32_bisect_index_order_ties
VC_GATE_NVFP4,20,0.95,non_routing_control,gate_compress quantized to NVFP4; must NOT change the mask (falsifies the gate map if it does),bf16,kernel,kernel,kernel,1440,1.0,0.0,1.0,0.9999871817842869,0.0,0.0,0.0,1.0,,0.002230172842300515,0.24135667830705643,0.9759529829025269,0.24135667830705643,0.0,0.0,0.0,0.0,0.0,0.0,0.0,,0.0,0.0,210.0,0,0,0.0,pool=kernel_fused_block_mean_bf16_read_fp32_acc_bf16_write,score=kernel_bf16_torch_matmul_acc_fp32_bf16_out,select=kernel_fused_topk_mask_fp32_bisect_index_order_ties
VC_GATE_NVFP4,21,0.8,non_routing_control,gate_compress quantized to NVFP4; must NOT change the mask (falsifies the gate map if it does),bf16,kernel,kernel,kernel,1440,1.0,0.0,1.0,0.9999909840719707,0.0,0.0,0.0,1.0,,0.0008485192557293597,0.16669340431690216,0.9872505366802216,0.16669340431690216,0.0,0.0,0.0,0.0,0.0,0.0,0.0,,0.0,0.0,298.0,0,36,0.00013354700854700856,pool=kernel_fused_block_mean_bf16_read_fp32_acc_bf16_write,score=kernel_bf16_torch_matmul_acc_fp32_bf16_out,select=kernel_fused_topk_mask_fp32_bisect_index_order_ties
VC_GATE_NVFP4,21,0.9,non_routing_control,gate_compress quantized to NVFP4; must NOT change the mask (falsifies the gate map if it does),bf16,kernel,kernel,kernel,1440,1.0,0.0,1.0,0.9999909840719707,0.0,0.0,0.0,1.0,,0.0013016771532266278,0.2483912780880928,0.9762098789215088,0.2483912780880928,0.0,0.0,0.0,0.0,0.0,0.0,0.0,,0.0,0.0,278.0,0,0,0.0,pool=kernel_fused_block_mean_bf16_read_fp32_acc_bf16_write,score=kernel_bf16_torch_matmul_acc_fp32_bf16_out,select=kernel_fused_topk_mask_fp32_bisect_index_order_ties
VC_GATE_NVFP4,21,0.95,non_routing_control,gate_compress quantized to NVFP4; must NOT change the mask (falsifies the gate map if it does),bf16,kernel,kernel,kernel,1440,1.0,0.0,1.0,0.9999909840719707,0.0,0.0,0.0,1.0,,0.002183586320617961,0.3057820498943329,0.9652517139911652,0.3057820498943329,0.0,0.0,0.0,0.0,0.0,0.0,0.0,,0.0,0.0,233.0,0,0,0.0,pool=kernel_fused_block_mean_bf16_read_fp32_acc_bf16_write,score=kernel_bf16_torch_matmul_acc_fp32_bf16_out,select=kernel_fused_topk_mask_fp32_bisect_index_order_ties
VC_GATE_NVFP4,22,0.8,non_routing_control,gate_compress quantized to NVFP4; must NOT change the mask (falsifies the gate map if it does),bf16,kernel,kernel,kernel,1440,1.0,0.0,1.0,0.9999687783692192,0.0,0.0,0.0,1.0,,0.0008308774238797156,0.28586331009864807,0.9697762727737427,0.28586331009864807,0.0,0.0,0.0,0.0,0.0,0.0,0.0,,0.0,0.0,380.0,0,0,0.0,pool=kernel_fused_block_mean_bf16_read_fp32_acc_bf16_write,score=kernel_bf16_torch_matmul_acc_fp32_bf16_out,select=kernel_fused_topk_mask_fp32_bisect_index_order_ties
VC_GATE_NVFP4,22,0.9,non_routing_control,gate_compress quantized to NVFP4; must NOT change the mask (falsifies the gate map if it does),bf16,kernel,kernel,kernel,1440,1.0,0.0,1.0,0.9999687783692192,0.0,0.0,0.0,1.0,,0.0012806579444236154,0.43934834003448486,0.9423723816871643,0.43934834003448486,0.0,0.0,0.0,0.0,0.0,0.0,0.0,,0.0,0.0,334.0,0,24,0.00013354700854700856,pool=kernel_fused_block_mean_bf16_read_fp32_acc_bf16_write,score=kernel_bf16_torch_matmul_acc_fp32_bf16_out,select=kernel_fused_topk_mask_fp32_bisect_index_order_ties
VC_GATE_NVFP4,22,0.95,non_routing_control,gate_compress quantized to NVFP4; must NOT change the mask (falsifies the gate map if it does),bf16,kernel,kernel,kernel,1440,1.0,0.0,1.0,0.9999687783692192,0.0,0.0,0.0,1.0,,0.0020520353644899176,0.542433112859726,0.9140699505805969,0.542433112859726,0.0,0.0,0.0,0.0,0.0,0.0,0.0,,0.0,0.0,279.5,0,0,0.0,pool=kernel_fused_block_mean_bf16_read_fp32_acc_bf16_write,score=kernel_bf16_torch_matmul_acc_fp32_bf16_out,select=kernel_fused_topk_mask_fp32_bisect_index_order_ties
VC_GATE_NVFP4,23,0.8,non_routing_control,gate_compress quantized to NVFP4; must NOT change the mask (falsifies the gate map if it does),bf16,kernel,kernel,kernel,1440,1.0,0.0,1.0,0.9999712883557499,0.0,0.0,0.0,1.0,,0.0007893059716835263,0.23004470765590668,0.9768128395080566,0.23004470765590668,0.0,0.0,0.0,0.0,0.0,0.0,0.0,,0.0,0.0,420.0,0,0,0.0,pool=kernel_fused_block_mean_bf16_read_fp32_acc_bf16_write,score=kernel_bf16_torch_matmul_acc_fp32_bf16_out,select=kernel_fused_topk_mask_fp32_bisect_index_order_ties
VC_GATE_NVFP4,23,0.9,non_routing_control,gate_compress quantized to NVFP4; must NOT change the mask (falsifies the gate map if it does),bf16,kernel,kernel,kernel,1440,1.0,0.0,1.0,0.9999712883557499,0.0,0.0,0.0,1.0,,0.0012406938712839592,0.33838512003421783,0.9558019936084747,0.33838512003421783,0.0,0.0,0.0,0.0,0.0,0.0,0.0,,0.0,0.0,362.5,0,0,0.0,pool=kernel_fused_block_mean_bf16_read_fp32_acc_bf16_write,score=kernel_bf16_torch_matmul_acc_fp32_bf16_out,select=kernel_fused_topk_mask_fp32_bisect_index_order_ties
VC_GATE_NVFP4,23,0.95,non_routing_control,gate_compress quantized to NVFP4; must NOT change the mask (falsifies the gate map if it does),bf16,kernel,kernel,kernel,1440,1.0,0.0,1.0,0.9999712883557499,0.0,0.0,0.0,1.0,,0.002065555247318861,0.4146086573600769,0.9351935982704163,0.4146086573600769,0.0,0.0,0.0,0.0,0.0,0.0,0.0,,0.0,0.0,278.0,0,0,0.0,pool=kernel_fused_block_mean_bf16_read_fp32_acc_bf16_write,score=kernel_bf16_torch_matmul_acc_fp32_bf16_out,select=kernel_fused_topk_mask_fp32_bisect_index_order_ties
VC_GATE_NVFP4,24,0.8,non_routing_control,gate_compress quantized to NVFP4; must NOT change the mask (falsifies the gate map if it does),bf16,kernel,kernel,kernel,1440,1.0,0.0,1.0,0.9999867024041136,0.0,0.0,0.0,1.0,,0.0008448153449029855,0.3482593894004822,0.9614834487438202,0.3482593894004822,0.0,0.0,0.0,0.0,0.0,0.0,0.0,,0.0,0.0,331.0,0,0,0.0,pool=kernel_fused_block_mean_bf16_read_fp32_acc_bf16_write,score=kernel_bf16_torch_matmul_acc_fp32_bf16_out,select=kernel_fused_topk_mask_fp32_bisect_index_order_ties
VC_GATE_NVFP4,24,0.9,non_routing_control,gate_compress quantized to NVFP4; must NOT change the mask (falsifies the gate map if it does),bf16,kernel,kernel,kernel,1440,1.0,0.0,1.0,0.9999867024041136,0.0,0.0,0.0,1.0,,0.001305074857613921,0.4742249846458435,0.9315977990627289,0.4742249846458435,0.0,0.0,0.0,0.0,0.0,0.0,0.0,,0.0,0.0,296.0,0,0,0.0,pool=kernel_fused_block_mean_bf16_read_fp32_acc_bf16_write,score=kernel_bf16_torch_matmul_acc_fp32_bf16_out,select=kernel_fused_topk_mask_fp32_bisect_index_order_ties
VC_GATE_NVFP4,24,0.95,non_routing_control,gate_compress quantized to NVFP4; must NOT change the mask (falsifies the gate map if it does),bf16,kernel,kernel,kernel,1440,1.0,0.0,1.0,0.9999867024041136,0.0,0.0,0.0,1.0,,0.0021502425003505506,0.5639987885951996,0.9083733856678009,0.5639987885951996,0.0,0.0,0.0,0.0,0.0,0.0,0.0,,0.0,0.0,238.0,0,0,0.0,pool=kernel_fused_block_mean_bf16_read_fp32_acc_bf16_write,score=kernel_bf16_torch_matmul_acc_fp32_bf16_out,select=kernel_fused_topk_mask_fp32_bisect_index_order_ties
VC_GATE_NVFP4,25,0.8,non_routing_control,gate_compress quantized to NVFP4; must NOT change the mask (falsifies the gate map if it does),bf16,kernel,kernel,kernel,1440,1.0,0.0,1.0,0.9999548486657457,0.0,0.0,0.0,1.0,,0.0008148939211686135,0.23047610372304916,0.9773210287094116,0.23047610372304916,0.0,0.0,0.0,0.0,0.0,0.0,0.0,,0.0,0.0,383.5,0,24,0.00013354700854700856,pool=kernel_fused_block_mean_bf16_read_fp32_acc_bf16_write,score=kernel_bf16_torch_matmul_acc_fp32_bf16_out,select=kernel_fused_topk_mask_fp32_bisect_index_order_ties
VC_GATE_NVFP4,25,0.9,non_routing_control,gate_compress quantized to NVFP4; must NOT change the mask (falsifies the gate map if it does),bf16,kernel,kernel,kernel,1440,1.0,0.0,1.0,0.9999548486657457,0.0,0.0,0.0,1.0,,0.0012131482404637683,0.3445001244544983,0.954166829586029,0.3445001244544983,0.0,0.0,0.0,0.0,0.0,0.0,0.0,,0.0,0.0,341.0,0,0,0.0,pool=kernel_fused_block_mean_bf16_read_fp32_acc_bf16_write,score=kernel_bf16_torch_matmul_acc_fp32_bf16_out,select=kernel_fused_topk_mask_fp32_bisect_index_order_ties
VC_GATE_NVFP4,25,0.95,non_routing_control,gate_compress quantized to NVFP4; must NOT change the mask (falsifies the gate map if it does),bf16,kernel,kernel,kernel,1440,1.0,0.0,1.0,0.9999548486657457,0.0,0.0,0.0,1.0,,0.001897175296074452,0.40431395173072815,0.9384921193122864,0.40431395173072815,0.0,0.0,0.0,0.0,0.0,0.0,0.0,,0.0,0.0,286.0,0,0,0.0,pool=kernel_fused_block_mean_bf16_read_fp32_acc_bf16_write,score=kernel_bf16_torch_matmul_acc_fp32_bf16_out,select=kernel_fused_topk_mask_fp32_bisect_index_order_ties
VC_GATE_NVFP4,26,0.8,non_routing_control,gate_compress quantized to NVFP4; must NOT change the mask (falsifies the gate map if it does),bf16,kernel,kernel,kernel,1440,1.0,0.0,1.0,0.9999805204627598,0.0,0.0,0.0,1.0,,0.0008261100874670728,0.15273969620466232,0.989025890827179,0.15273969620466232,0.0,0.0,0.0,0.0,0.0,0.0,0.0,,0.0,0.0,415.0,0,24,0.00013354700854700856,pool=kernel_fused_block_mean_bf16_read_fp32_acc_bf16_write,score=kernel_bf16_torch_matmul_acc_fp32_bf16_out,select=kernel_fused_topk_mask_fp32_bisect_index_order_ties
VC_GATE_NVFP4,26,0.9,non_routing_control,gate_compress quantized to NVFP4; must NOT change the mask (falsifies the gate map if it does),bf16,kernel,kernel,kernel,1440,1.0,0.0,1.0,0.9999805204627598,0.0,0.0,0.0,1.0,,0.0012517190258136796,0.21795284003019333,0.9783068895339966,0.21795284003019333,0.0,0.0,0.0,0.0,0.0,0.0,0.0,,0.0,0.0,369.0,0,12,0.00013354700854700856,pool=kernel_fused_block_mean_bf16_read_fp32_acc_bf16_write,score=kernel_bf16_torch_matmul_acc_fp32_bf16_out,select=kernel_fused_topk_mask_fp32_bisect_index_order_ties
VC_GATE_NVFP4,26,0.95,non_routing_control,gate_compress quantized to NVFP4; must NOT change the mask (falsifies the gate map if it does),bf16,kernel,kernel,kernel,1440,1.0,0.0,1.0,0.9999805204627598,0.0,0.0,0.0,1.0,,0.002035536916489282,0.27570781111717224,0.9670893251895905,0.27570781111717224,0.0,0.0,0.0,0.0,0.0,0.0,0.0,,0.0,0.0,306.0,0,0,0.0,pool=kernel_fused_block_mean_bf16_read_fp32_acc_bf16_write,score=kernel_bf16_torch_matmul_acc_fp32_bf16_out,select=kernel_fused_topk_mask_fp32_bisect_index_order_ties
VC_GATE_NVFP4,27,0.8,non_routing_control,gate_compress quantized to NVFP4; must NOT change the mask (falsifies the gate map if it does),bf16,kernel,kernel,kernel,1440,1.0,0.0,1.0,0.999989387252809,0.0,0.0,0.0,1.0,,0.0008404803698588484,0.1307222694158554,0.991637110710144,0.1307222694158554,0.0,0.0,0.0,0.0,0.0,0.0,0.0,,0.0,0.0,318.0,0,0,0.0,pool=kernel_fused_block_mean_bf16_read_fp32_acc_bf16_write,score=kernel_bf16_torch_matmul_acc_fp32_bf16_out,select=kernel_fused_topk_mask_fp32_bisect_index_order_ties
VC_GATE_NVFP4,27,0.9,non_routing_control,gate_compress quantized to NVFP4; must NOT change the mask (falsifies the gate map if it does),bf16,kernel,kernel,kernel,1440,1.0,0.0,1.0,0.999989387252809,0.0,0.0,0.0,1.0,,0.0013258647259176788,0.18899594992399216,0.9829524159431458,0.18899594992399216,0.0,0.0,0.0,0.0,0.0,0.0,0.0,,0.0,0.0,286.0,0,0,0.0,pool=kernel_fused_block_mean_bf16_read_fp32_acc_bf16_write,score=kernel_bf16_torch_matmul_acc_fp32_bf16_out,select=kernel_fused_topk_mask_fp32_bisect_index_order_ties
VC_GATE_NVFP4,27,0.95,non_routing_control,gate_compress quantized to NVFP4; must NOT change the mask (falsifies the gate map if it does),bf16,kernel,kernel,kernel,1440,1.0,0.0,1.0,0.999989387252809,0.0,0.0,0.0,1.0,,0.0021294859969438772,0.23759659379720688,0.9739820063114166,0.23759659379720688,0.0,0.0,0.0,0.0,0.0,0.0,0.0,,0.0,0.0,239.0,0,0,0.0,pool=kernel_fused_block_mean_bf16_read_fp32_acc_bf16_write,score=kernel_bf16_torch_matmul_acc_fp32_bf16_out,select=kernel_fused_topk_mask_fp32_bisect_index_order_ties
VC_GATE_NVFP4,28,0.8,non_routing_control,gate_compress quantized to NVFP4; must NOT change the mask (falsifies the gate map if it does),bf16,kernel,kernel,kernel,1440,1.0,0.0,1.0,0.9999907695151152,0.0,0.0,0.0,1.0,,0.0008230252172999092,0.11343913897871971,0.993677943944931,0.11343913897871971,0.0,0.0,0.0,0.0,0.0,0.0,0.0,,0.0,0.0,316.0,0,0,0.0,pool=kernel_fused_block_mean_bf16_read_fp32_acc_bf16_write,score=kernel_bf16_torch_matmul_acc_fp32_bf16_out,select=kernel_fused_topk_mask_fp32_bisect_index_order_ties
VC_GATE_NVFP4,28,0.9,non_routing_control,gate_compress quantized to NVFP4; must NOT change the mask (falsifies the gate map if it does),bf16,kernel,kernel,kernel,1440,1.0,0.0,1.0,0.9999907695151152,0.0,0.0,0.0,1.0,,0.001244906607563445,0.15272367000579834,0.9885845482349396,0.15272367000579834,0.0,0.0,0.0,0.0,0.0,0.0,0.0,,0.0,0.0,295.5,0,0,0.0,pool=kernel_fused_block_mean_bf16_read_fp32_acc_bf16_write,score=kernel_bf16_torch_matmul_acc_fp32_bf16_out,select=kernel_fused_topk_mask_fp32_bisect_index_order_ties
VC_GATE_NVFP4,28,0.95,non_routing_control,gate_compress quantized to NVFP4; must NOT change the mask (falsifies the gate map if it does),bf16,kernel,kernel,kernel,1440,1.0,0.0,1.0,0.9999907695151152,0.0,0.0,0.0,1.0,,0.0020259607981325933,0.1929931789636612,0.9822990000247955,0.1929931789636612,0.0,0.0,0.0,0.0,0.0,0.0,0.0,,0.0,0.0,244.0,0,0,0.0,pool=kernel_fused_block_mean_bf16_read_fp32_acc_bf16_write,score=kernel_bf16_torch_matmul_acc_fp32_bf16_out,select=kernel_fused_topk_mask_fp32_bisect_index_order_ties
VC_GATE_NVFP4,29,0.8,non_routing_control,gate_compress quantized to NVFP4; must NOT change the mask (falsifies the gate map if it does),bf16,kernel,kernel,kernel,1440,1.0,0.0,1.0,0.9999916037788467,0.0,0.0,0.0,1.0,,0.0008437318799981489,0.12169839441776276,0.9931670427322388,0.12169839441776276,0.0,0.0,0.0,0.0,0.0,0.0,0.0,,0.0,0.0,295.0,0,0,0.0,pool=kernel_fused_block_mean_bf16_read_fp32_acc_bf16_write,score=kernel_bf16_torch_matmul_acc_fp32_bf16_out,select=kernel_fused_topk_mask_fp32_bisect_index_order_ties
VC_GATE_NVFP4,29,0.9,non_routing_control,gate_compress quantized to NVFP4; must NOT change the mask (falsifies the gate map if it does),bf16,kernel,kernel,kernel,1440,1.0,0.0,1.0,0.9999916037788467,0.0,0.0,0.0,1.0,,0.0012729158680168857,0.17080923169851303,0.9860950708389282,0.17080923169851303,0.0,0.0,0.0,0.0,0.0,0.0,0.0,,0.0,0.0,292.0,0,0,0.0,pool=kernel_fused_block_mean_bf16_read_fp32_acc_bf16_write,score=kernel_bf16_torch_matmul_acc_fp32_bf16_out,select=kernel_fused_topk_mask_fp32_bisect_index_order_ties
VC_GATE_NVFP4,29,0.95,non_routing_control,gate_compress quantized to NVFP4; must NOT change the mask (falsifies the gate map if it does),bf16,kernel,kernel,kernel,1440,1.0,0.0,1.0,0.9999916037788467,0.0,0.0,0.0,1.0,,0.002063523720543209,0.22543161362409592,0.9766477048397064,0.22543161362409592,0.0,0.0,0.0,0.0,0.0,0.0,0.0,,0.0,0.0,240.0,0,0,0.0,pool=kernel_fused_block_mean_bf16_read_fp32_acc_bf16_write,score=kernel_bf16_torch_matmul_acc_fp32_bf16_out,select=kernel_fused_topk_mask_fp32_bisect_index_order_ties
VC_GATE_NVFP4,3,0.8,non_routing_control,gate_compress quantized to NVFP4; must NOT change the mask (falsifies the gate map if it does),bf16,kernel,kernel,kernel,1440,1.0,0.0,1.0,0.9999913382721693,0.0,0.0,0.0,1.0,,0.0007866062458921063,0.20492937415838242,0.980330765247345,0.20492937415838242,0.0,0.0,0.0,0.0,0.0,0.0,0.0,,0.0,0.0,285.5,0,12,0.00013354700854700856,pool=kernel_fused_block_mean_bf16_read_fp32_acc_bf16_write,score=kernel_bf16_torch_matmul_acc_fp32_bf16_out,select=kernel_fused_topk_mask_fp32_bisect_index_order_ties
VC_GATE_NVFP4,3,0.9,non_routing_control,gate_compress quantized to NVFP4; must NOT change the mask (falsifies the gate map if it does),bf16,kernel,kernel,kernel,1440,1.0,0.0,1.0,0.9999913382721693,0.0,0.0,0.0,1.0,,0.0011969920607302633,0.2893918752670288,0.9619875550270081,0.2893918752670288,0.0,0.0,0.0,0.0,0.0,0.0,0.0,,0.0,0.0,300.0,0,0,0.0,pool=kernel_fused_block_mean_bf16_read_fp32_acc_bf16_write,score=kernel_bf16_torch_matmul_acc_fp32_bf16_out,select=kernel_fused_topk_mask_fp32_bisect_index_order_ties
VC_GATE_NVFP4,3,0.95,non_routing_control,gate_compress quantized to NVFP4; must NOT change the mask (falsifies the gate map if it does),bf16,kernel,kernel,kernel,1440,1.0,0.0,1.0,0.9999913382721693,0.0,0.0,0.0,1.0,,0.0019343698493230876,0.3719335347414017,0.9411712288856506,0.3719335347414017,0.0,0.0,0.0,0.0,0.0,0.0,0.0,,0.0,0.0,258.0,0,0,0.0,pool=kernel_fused_block_mean_bf16_read_fp32_acc_bf16_write,score=kernel_bf16_torch_matmul_acc_fp32_bf16_out,select=kernel_fused_topk_mask_fp32_bisect_index_order_ties
VC_GATE_NVFP4,4,0.8,non_routing_control,gate_compress quantized to NVFP4; must NOT change the mask (falsifies the gate map if it does),bf16,kernel,kernel,kernel,1440,1.0,0.0,1.0,0.9999914305484161,0.0,0.0,0.0,1.0,,0.0008461203002626531,0.2153560370206833,0.9790055155754089,0.2153560370206833,0.0,0.0,0.0,0.0,0.0,0.0,0.0,,0.0,0.0,289.0,0,12,0.00013354700854700856,pool=kernel_fused_block_mean_bf16_read_fp32_acc_bf16_write,score=kernel_bf16_torch_matmul_acc_fp32_bf16_out,select=kernel_fused_topk_mask_fp32_bisect_index_order_ties
VC_GATE_NVFP4,4,0.9,non_routing_control,gate_compress quantized to NVFP4; must NOT change the mask (falsifies the gate map if it does),bf16,kernel,kernel,kernel,1440,1.0,0.0,1.0,0.9999914305484161,0.0,0.0,0.0,1.0,,0.0013187117795642395,0.3111644834280014,0.9594213962554932,0.3111644834280014,0.0,0.0,0.0,0.0,0.0,0.0,0.0,,0.0,0.0,267.0,0,12,0.00013354700854700856,pool=kernel_fused_block_mean_bf16_read_fp32_acc_bf16_write,score=kernel_bf16_torch_matmul_acc_fp32_bf16_out,select=kernel_fused_topk_mask_fp32_bisect_index_order_ties
VC_GATE_NVFP4,4,0.95,non_routing_control,gate_compress quantized to NVFP4; must NOT change the mask (falsifies the gate map if it does),bf16,kernel,kernel,kernel,1440,1.0,0.0,1.0,0.9999914305484161,0.0,0.0,0.0,1.0,,0.0021016415869223783,0.3737389147281647,0.9444916844367981,0.3737389147281647,0.0,0.0,0.0,0.0,0.0,0.0,0.0,,0.0,0.0,228.0,0,0,0.0,pool=kernel_fused_block_mean_bf16_read_fp32_acc_bf16_write,score=kernel_bf16_torch_matmul_acc_fp32_bf16_out,select=kernel_fused_topk_mask_fp32_bisect_index_order_ties
VC_GATE_NVFP4,5,0.8,non_routing_control,gate_compress quantized to NVFP4; must NOT change the mask (falsifies the gate map if it does),bf16,kernel,kernel,kernel,1440,1.0,0.0,1.0,0.9999908571249951,0.0,0.0,0.0,1.0,,0.0008915148659161099,0.16699208319187164,0.9866515398025513,0.16699208319187164,0.0,0.0,0.0,0.0,0.0,0.0,0.0,,0.0,0.0,247.0,0,24,0.00013354700854700856,pool=kernel_fused_block_mean_bf16_read_fp32_acc_bf16_write,score=kernel_bf16_torch_matmul_acc_fp32_bf16_out,select=kernel_fused_topk_mask_fp32_bisect_index_order_ties
VC_GATE_NVFP4,5,0.9,non_routing_control,gate_compress quantized to NVFP4; must NOT change the mask (falsifies the gate map if it does),bf16,kernel,kernel,kernel,1440,1.0,0.0,1.0,0.9999908571249951,0.0,0.0,0.0,1.0,,0.001349091133846801,0.2393409013748169,0.9735240340232849,0.2393409013748169,0.0,0.0,0.0,0.0,0.0,0.0,0.0,,0.0,0.0,248.0,0,0,0.0,pool=kernel_fused_block_mean_bf16_read_fp32_acc_bf16_write,score=kernel_bf16_torch_matmul_acc_fp32_bf16_out,select=kernel_fused_topk_mask_fp32_bisect_index_order_ties
VC_GATE_NVFP4,5,0.95,non_routing_control,gate_compress quantized to NVFP4; must NOT change the mask (falsifies the gate map if it does),bf16,kernel,kernel,kernel,1440,1.0,0.0,1.0,0.9999908571249951,0.0,0.0,0.0,1.0,,0.0021598394979949866,0.29378384351730347,0.9612192809581757,0.29378384351730347,0.0,0.0,0.0,0.0,0.0,0.0,0.0,,0.0,0.0,197.0,0,12,0.00013354700854700856,pool=kernel_fused_block_mean_bf16_read_fp32_acc_bf16_write,score=kernel_bf16_torch_matmul_acc_fp32_bf16_out,select=kernel_fused_topk_mask_fp32_bisect_index_order_ties
VC_GATE_NVFP4,6,0.8,non_routing_control,gate_compress quantized to NVFP4; must NOT change the mask (falsifies the gate map if it does),bf16,kernel,kernel,kernel,1440,1.0,0.0,1.0,0.9999899847360981,0.0,0.0,0.0,1.0,,0.0008281412188116764,0.2863178253173828,0.9650780260562897,0.2863178253173828,0.0,0.0,0.0,0.0,0.0,0.0,0.0,,0.0,0.0,356.5,0,24,0.00013354700854700856,pool=kernel_fused_block_mean_bf16_read_fp32_acc_bf16_write,score=kernel_bf16_torch_matmul_acc_fp32_bf16_out,select=kernel_fused_topk_mask_fp32_bisect_index_order_ties
VC_GATE_NVFP4,6,0.9,non_routing_control,gate_compress quantized to NVFP4; must NOT change the mask (falsifies the gate map if it does),bf16,kernel,kernel,kernel,1440,1.0,0.0,1.0,0.9999899847360981,0.0,0.0,0.0,1.0,,0.0012709133668102378,0.41512657701969147,0.9349772930145264,0.41512657701969147,0.0,0.0,0.0,0.0,0.0,0.0,0.0,,0.0,0.0,327.0,0,0,0.0,pool=kernel_fused_block_mean_bf16_read_fp32_acc_bf16_write,score=kernel_bf16_torch_matmul_acc_fp32_bf16_out,select=kernel_fused_topk_mask_fp32_bisect_index_order_ties
VC_GATE_NVFP4,6,0.95,non_routing_control,gate_compress quantized to NVFP4; must NOT change the mask (falsifies the gate map if it does),bf16,kernel,kernel,kernel,1440,1.0,0.0,1.0,0.9999899847360981,0.0,0.0,0.0,1.0,,0.0019847156854826084,0.5132822096347809,0.9095488488674164,0.5132822096347809,0.0,0.0,0.0,0.0,0.0,0.0,0.0,,0.0,0.0,262.0,0,0,0.0,pool=kernel_fused_block_mean_bf16_read_fp32_acc_bf16_write,score=kernel_bf16_torch_matmul_acc_fp32_bf16_out,select=kernel_fused_topk_mask_fp32_bisect_index_order_ties
VC_GATE_NVFP4,7,0.8,non_routing_control,gate_compress quantized to NVFP4; must NOT change the mask (falsifies the gate map if it does),bf16,kernel,kernel,kernel,1440,1.0,0.0,1.0,0.9999914461328786,0.0,0.0,0.0,1.0,,0.000852075756021952,0.22912730276584625,0.9761110246181488,0.22912730276584625,0.0,0.0,0.0,0.0,0.0,0.0,0.0,,0.0,0.0,314.0,0,12,0.00013354700854700856,pool=kernel_fused_block_mean_bf16_read_fp32_acc_bf16_write,score=kernel_bf16_torch_matmul_acc_fp32_bf16_out,select=kernel_fused_topk_mask_fp32_bisect_index_order_ties
VC_GATE_NVFP4,7,0.9,non_routing_control,gate_compress quantized to NVFP4; must NOT change the mask (falsifies the gate map if it does),bf16,kernel,kernel,kernel,1440,1.0,0.0,1.0,0.9999914461328786,0.0,0.0,0.0,1.0,,0.001348980970993603,0.32797810435295105,0.9554879069328308,0.32797810435295105,0.0,0.0,0.0,0.0,0.0,0.0,0.0,,0.0,0.0,286.0,0,0,0.0,pool=kernel_fused_block_mean_bf16_read_fp32_acc_bf16_write,score=kernel_bf16_torch_matmul_acc_fp32_bf16_out,select=kernel_fused_topk_mask_fp32_bisect_index_order_ties
VC_GATE_NVFP4,7,0.95,non_routing_control,gate_compress quantized to NVFP4; must NOT change the mask (falsifies the gate map if it does),bf16,kernel,kernel,kernel,1440,1.0,0.0,1.0,0.9999914461328786,0.0,0.0,0.0,1.0,,0.002136808601753563,0.4012365788221359,0.93797168135643,0.4012365788221359,0.0,0.0,0.0,0.0,0.0,0.0,0.0,,0.0,0.0,238.0,0,12,0.00013354700854700856,pool=kernel_fused_block_mean_bf16_read_fp32_acc_bf16_write,score=kernel_bf16_torch_matmul_acc_fp32_bf16_out,select=kernel_fused_topk_mask_fp32_bisect_index_order_ties
VC_GATE_NVFP4,8,0.8,non_routing_control,gate_compress quantized to NVFP4; must NOT change the mask (falsifies the gate map if it does),bf16,kernel,kernel,kernel,1440,1.0,0.0,1.0,0.9999909426528298,0.0,0.0,0.0,1.0,,0.0008662490043039715,0.21529627591371536,0.9784521162509918,0.21529627591371536,0.0,0.0,0.0,0.0,0.0,0.0,0.0,,0.0,0.0,261.0,0,36,0.00013354700854700856,pool=kernel_fused_block_mean_bf16_read_fp32_acc_bf16_write,score=kernel_bf16_torch_matmul_acc_fp32_bf16_out,select=kernel_fused_topk_mask_fp32_bisect_index_order_ties
VC_GATE_NVFP4,8,0.9,non_routing_control,gate_compress quantized to NVFP4; must NOT change the mask (falsifies the gate map if it does),bf16,kernel,kernel,kernel,1440,1.0,0.0,1.0,0.9999909426528298,0.0,0.0,0.0,1.0,,0.0013177426351299094,0.3204754590988159,0.955301821231842,0.3204754590988159,0.0,0.0,0.0,0.0,0.0,0.0,0.0,,0.0,0.0,268.0,0,12,0.00013354700854700856,pool=kernel_fused_block_mean_bf16_read_fp32_acc_bf16_write,score=kernel_bf16_torch_matmul_acc_fp32_bf16_out,select=kernel_fused_topk_mask_fp32_bisect_index_order_ties
VC_GATE_NVFP4,8,0.95,non_routing_control,gate_compress quantized to NVFP4; must NOT change the mask (falsifies the gate map if it does),bf16,kernel,kernel,kernel,1440,1.0,0.0,1.0,0.9999909426528298,0.0,0.0,0.0,1.0,,0.0022066903294122604,0.39118777215480804,0.9374885857105255,0.39118777215480804,0.0,0.0,0.0,0.0,0.0,0.0,0.0,,0.0,0.0,223.0,0,0,0.0,pool=kernel_fused_block_mean_bf16_read_fp32_acc_bf16_write,score=kernel_bf16_torch_matmul_acc_fp32_bf16_out,select=kernel_fused_topk_mask_fp32_bisect_index_order_ties
VC_GATE_NVFP4,9,0.8,non_routing_control,gate_compress quantized to NVFP4; must NOT change the mask (falsifies the gate map if it does),bf16,kernel,kernel,kernel,1440,1.0,0.0,1.0,0.9999902437615106,0.0,0.0,0.0,1.0,,0.0008878572091101988,0.20418813824653625,0.9804331064224243,0.20418813824653625,0.0,0.0,0.0,0.0,0.0,0.0,0.0,,0.0,0.0,276.0,0,0,0.0,pool=kernel_fused_block_mean_bf16_read_fp32_acc_bf16_write,score=kernel_bf16_torch_matmul_acc_fp32_bf16_out,select=kernel_fused_topk_mask_fp32_bisect_index_order_ties
VC_GATE_NVFP4,9,0.9,non_routing_control,gate_compress quantized to NVFP4; must NOT change the mask (falsifies the gate map if it does),bf16,kernel,kernel,kernel,1440,1.0,0.0,1.0,0.9999902437615106,0.0,0.0,0.0,1.0,,0.0013690511329269542,0.3001735210418701,0.9603249132633209,0.3001735210418701,0.0,0.0,0.0,0.0,0.0,0.0,0.0,,0.0,0.0,264.0,0,0,0.0,pool=kernel_fused_block_mean_bf16_read_fp32_acc_bf16_write,score=kernel_bf16_torch_matmul_acc_fp32_bf16_out,select=kernel_fused_topk_mask_fp32_bisect_index_order_ties
VC_GATE_NVFP4,9,0.95,non_routing_control,gate_compress quantized to NVFP4; must NOT change the mask (falsifies the gate map if it does),bf16,kernel,kernel,kernel,1440,1.0,0.0,1.0,0.9999902437615106,0.0,0.0,0.0,1.0,,0.002123993902259912,0.37380023300647736,0.9432219862937927,0.37380023300647736,0.0,0.0,0.0,0.0,0.0,0.0,0.0,,0.0,0.0,228.0,0,0,0.0,pool=kernel_fused_block_mean_bf16_read_fp32_acc_bf16_write,score=kernel_bf16_torch_matmul_acc_fp32_bf16_out,select=kernel_fused_topk_mask_fp32_bisect_index_order_ties
VD_TORCH_TOPK,0,0.8,tiebreak_control,torch.topk tie-break instead of VSA's index-order threshold rule,bf16,kernel,kernel,torch_topk,1440,1.0,0.0,1.0,0.9999886813935568,0.0,0.0,0.0,1.0,,0.0007885406664566403,0.15035758167505264,0.988714188337326,0.15035758167505264,0.0,0.0,0.0,0.0,0.0,0.0,0.0,,0.0,0.0,315.5,0,0,0.0,pool=kernel_fused_block_mean_bf16_read_fp32_acc_bf16_write,score=kernel_bf16_torch_matmul_acc_fp32_bf16_out,select=torch_topk_native_tiebreak
VD_TORCH_TOPK,0,0.9,tiebreak_control,torch.topk tie-break instead of VSA's index-order threshold rule,bf16,kernel,kernel,torch_topk,1440,1.0,0.0,1.0,0.9999886813935568,0.0,0.0,0.0,1.0,,0.0011049317279779862,0.20678527653217316,0.9787309169769287,0.20678527653217316,0.0,0.0,0.0,0.0,0.0,0.0,0.0,,0.0,0.0,309.0,0,0,0.0,pool=kernel_fused_block_mean_bf16_read_fp32_acc_bf16_write,score=kernel_bf16_torch_matmul_acc_fp32_bf16_out,select=torch_topk_native_tiebreak
VD_TORCH_TOPK,0,0.95,tiebreak_control,torch.topk tie-break instead of VSA's index-order threshold rule,bf16,kernel,kernel,torch_topk,1440,1.0,0.0,1.0,0.9999886813935568,0.0,0.0,0.0,1.0,,0.0018223123452057537,0.2505939304828644,0.9701735377311707,0.2505939304828644,0.0,0.0,0.0,0.0,0.0,0.0,0.0,,0.0,0.0,273.0,0,0,0.0,pool=kernel_fused_block_mean_bf16_read_fp32_acc_bf16_write,score=kernel_bf16_torch_matmul_acc_fp32_bf16_out,select=torch_topk_native_tiebreak
VD_TORCH_TOPK,1,0.8,tiebreak_control,torch.topk tie-break instead of VSA's index-order threshold rule,bf16,kernel,kernel,torch_topk,1440,1.0,0.0,1.0,0.9999914022757449,0.0,0.0,0.0,1.0,,0.0008526661787641125,0.12798136472702026,0.992088258266449,0.12798136472702026,0.0,0.0,0.0,0.0,0.0,0.0,0.0,,0.0,0.0,275.0,0,0,0.0,pool=kernel_fused_block_mean_bf16_read_fp32_acc_bf16_write,score=kernel_bf16_torch_matmul_acc_fp32_bf16_out,select=torch_topk_native_tiebreak
VD_TORCH_TOPK,1,0.9,tiebreak_control,torch.topk tie-break instead of VSA's index-order threshold rule,bf16,kernel,kernel,torch_topk,1440,1.0,0.0,1.0,0.9999914022757449,0.0,0.0,0.0,1.0,,0.0012335997979662455,0.18636058270931244,0.9833790063858032,0.18636058270931244,0.0,0.0,0.0,0.0,0.0,0.0,0.0,,0.0,0.0,264.0,0,0,0.0,pool=kernel_fused_block_mean_bf16_read_fp32_acc_bf16_write,score=kernel_bf16_torch_matmul_acc_fp32_bf16_out,select=torch_topk_native_tiebreak
VD_TORCH_TOPK,1,0.95,tiebreak_control,torch.topk tie-break instead of VSA's index-order threshold rule,bf16,kernel,kernel,torch_topk,1440,1.0,0.0,1.0,0.9999914022757449,0.0,0.0,0.0,1.0,,0.002029462419291611,0.22703497111797333,0.9766123294830322,0.22703497111797333,0.0,0.0,0.0,0.0,0.0,0.0,0.0,,0.0,0.0,213.0,0,0,0.0,pool=kernel_fused_block_mean_bf16_read_fp32_acc_bf16_write,score=kernel_bf16_torch_matmul_acc_fp32_bf16_out,select=torch_topk_native_tiebreak
VD_TORCH_TOPK,10,0.8,tiebreak_control,torch.topk tie-break instead of VSA's index-order threshold rule,bf16,kernel,kernel,torch_topk,1440,1.0,0.0,1.0,0.999990780296139,0.0,0.0,0.0,0.9993055555555556,,0.0008479816390022745,0.22792909294366837,0.9767074882984161,0.22792909294366837,0.0,0.0,0.0,0.0,0.0,0.0006944444444444445,0.0,,0.0,0.0,329.0,0,0,0.0,pool=kernel_fused_block_mean_bf16_read_fp32_acc_bf16_write,score=kernel_bf16_torch_matmul_acc_fp32_bf16_out,select=torch_topk_native_tiebreak
VD_TORCH_TOPK,10,0.9,tiebreak_control,torch.topk tie-break instead of VSA's index-order threshold rule,bf16,kernel,kernel,torch_topk,1440,1.0,0.0,1.0,0.999990780296139,0.0,0.0,0.0,1.0,,0.0012983309924965536,0.3246503919363022,0.9570437073707581,0.3246503919363022,0.0,0.0,0.0,0.0,0.0,0.0,0.0,,0.0,0.0,307.0,0,0,0.0,pool=kernel_fused_block_mean_bf16_read_fp32_acc_bf16_write,score=kernel_bf16_torch_matmul_acc_fp32_bf16_out,select=torch_topk_native_tiebreak
VD_TORCH_TOPK,10,0.95,tiebreak_control,torch.topk tie-break instead of VSA's index-order threshold rule,bf16,kernel,kernel,torch_topk,1440,1.0,0.0,1.0,0.999990780296139,0.0,0.0,0.0,1.0,,0.0020777991703692985,0.4133630841970444,0.9309206604957581,0.4133630841970444,0.0,0.0,0.0,0.0,0.0,0.0,0.0,,0.0,0.0,251.5,0,0,0.0,pool=kernel_fused_block_mean_bf16_read_fp32_acc_bf16_write,score=kernel_bf16_torch_matmul_acc_fp32_bf16_out,select=torch_topk_native_tiebreak
VD_TORCH_TOPK,11,0.8,tiebreak_control,torch.topk tie-break instead of VSA's index-order threshold rule,bf16,kernel,kernel,torch_topk,1440,1.0,0.0,1.0,0.9999843392290382,0.0,0.0,0.0,1.0,,0.0008693533206463705,0.21563855558633804,0.9788621664047241,0.21563855558633804,0.0,0.0,0.0,0.0,0.0,0.0,0.0,,0.0,0.0,333.0,0,0,0.0,pool=kernel_fused_block_mean_bf16_read_fp32_acc_bf16_write,score=kernel_bf16_torch_matmul_acc_fp32_bf16_out,select=torch_topk_native_tiebreak
VD_TORCH_TOPK,11,0.9,tiebreak_control,torch.topk tie-break instead of VSA's index-order threshold rule,bf16,kernel,kernel,torch_topk,1440,1.0,0.0,1.0,0.9999843392290382,0.0,0.0,0.0,1.0,,0.0013103018926396578,0.30224114656448364,0.9617077112197876,0.30224114656448364,0.0,0.0,0.0,0.0,0.0,0.0,0.0,,0.0,0.0,305.5,0,0,0.0,pool=kernel_fused_block_mean_bf16_read_fp32_acc_bf16_write,score=kernel_bf16_torch_matmul_acc_fp32_bf16_out,select=torch_topk_native_tiebreak
VD_TORCH_TOPK,11,0.95,tiebreak_control,torch.topk tie-break instead of VSA's index-order threshold rule,bf16,kernel,kernel,torch_topk,1440,1.0,0.0,1.0,0.9999843392290382,0.0,0.0,0.0,1.0,,0.0021111426042373306,0.37936288118362427,0.9416300058364868,0.37936288118362427,0.0,0.0,0.0,0.0,0.0,0.0,0.0,,0.0,0.0,248.0,0,0,0.0,pool=kernel_fused_block_mean_bf16_read_fp32_acc_bf16_write,score=kernel_bf16_torch_matmul_acc_fp32_bf16_out,select=torch_topk_native_tiebreak
VD_TORCH_TOPK,12,0.8,tiebreak_control,torch.topk tie-break instead of VSA's index-order threshold rule,bf16,kernel,kernel,torch_topk,1440,1.0,0.0,1.0,0.9999918578167699,0.0,0.0,0.0,1.0,,0.0008430143736962916,0.19203152507543564,0.9826260805130005,0.19203152507543564,0.0,0.0,0.0,0.0,0.0,0.0,0.0,,0.0,0.0,356.5,0,0,0.0,pool=kernel_fused_block_mean_bf16_read_fp32_acc_bf16_write,score=kernel_bf16_torch_matmul_acc_fp32_bf16_out,select=torch_topk_native_tiebreak
VD_TORCH_TOPK,12,0.9,tiebreak_control,torch.topk tie-break instead of VSA's index-order threshold rule,bf16,kernel,kernel,torch_topk,1440,1.0,0.0,1.0,0.9999918578167699,0.0,0.0,0.0,1.0,,0.0013075141217901527,0.27437329292297363,0.966253012418747,0.27437329292297363,0.0,0.0,0.0,0.0,0.0,0.0,0.0,,0.0,0.0,312.5,0,0,0.0,pool=kernel_fused_block_mean_bf16_read_fp32_acc_bf16_write,score=kernel_bf16_torch_matmul_acc_fp32_bf16_out,select=torch_topk_native_tiebreak
VD_TORCH_TOPK,12,0.95,tiebreak_control,torch.topk tie-break instead of VSA's index-order threshold rule,bf16,kernel,kernel,torch_topk,1440,1.0,0.0,1.0,0.9999918578167699,0.0,0.0,0.0,1.0,,0.0021572527494809505,0.3342687636613846,0.9528513252735138,0.3342687636613846,0.0,0.0,0.0,0.0,0.0,0.0,0.0,,0.0,0.0,237.0,0,0,0.0,pool=kernel_fused_block_mean_bf16_read_fp32_acc_bf16_write,score=kernel_bf16_torch_matmul_acc_fp32_bf16_out,select=torch_topk_native_tiebreak
VD_TORCH_TOPK,13,0.8,tiebreak_control,torch.topk tie-break instead of VSA's index-order threshold rule,bf16,kernel,kernel,torch_topk,1440,1.0,0.0,1.0,0.9999879294798928,0.0,0.0,0.0,0.9993055555555556,,0.0008332046917559409,0.20873186737298965,0.9798087179660797,0.20873186737298965,0.0,0.0,0.0,0.0,0.0,0.0006944444444444445,0.0,,0.0006944444444444445,0.0,381.0,0,0,0.0,pool=kernel_fused_block_mean_bf16_read_fp32_acc_bf16_write,score=kernel_bf16_torch_matmul_acc_fp32_bf16_out,select=torch_topk_native_tiebreak
VD_TORCH_TOPK,13,0.9,tiebreak_control,torch.topk tie-break instead of VSA's index-order threshold rule,bf16,kernel,kernel,torch_topk,1440,1.0,0.0,1.0,0.9999879294798928,0.0,0.0,0.0,0.9993055555555556,,0.0012797088526428544,0.2824755311012268,0.9659214913845062,0.2824755311012268,0.0,0.0,0.0,0.0,0.0,0.0006944444444444445,0.0,,0.0006944444444444445,0.0,342.0,0,0,0.0,pool=kernel_fused_block_mean_bf16_read_fp32_acc_bf16_write,score=kernel_bf16_torch_matmul_acc_fp32_bf16_out,select=torch_topk_native_tiebreak
VD_TORCH_TOPK,13,0.95,tiebreak_control,torch.topk tie-break instead of VSA's index-order threshold rule,bf16,kernel,kernel,torch_topk,1440,1.0,0.0,1.0,0.9999879294798928,0.0,0.0,0.0,1.0,,0.002044490563726991,0.35657934844493866,0.9486366510391235,0.35657934844493866,0.0,0.0,0.0,0.0,0.0,0.0,0.0,,0.0,0.0,279.0,0,0,0.0,pool=kernel_fused_block_mean_bf16_read_fp32_acc_bf16_write,score=kernel_bf16_torch_matmul_acc_fp32_bf16_out,select=torch_topk_native_tiebreak
VD_TORCH_TOPK,14,0.8,tiebreak_control,torch.topk tie-break instead of VSA's index-order threshold rule,bf16,kernel,kernel,torch_topk,1440,1.0,0.0,1.0,0.9999825708526167,0.0,0.0,0.0,0.9993055555555556,,0.0008652489188367411,0.21915050595998764,0.9783788025379181,0.21915050595998764,0.0,0.0,0.0,0.0,0.0,0.0,0.0,,0.0,0.0,340.0,0,0,0.0,pool=kernel_fused_block_mean_bf16_read_fp32_acc_bf16_write,score=kernel_bf16_torch_matmul_acc_fp32_bf16_out,select=torch_topk_native_tiebreak
VD_TORCH_TOPK,14,0.9,tiebreak_control,torch.topk tie-break instead of VSA's index-order threshold rule,bf16,kernel,kernel,torch_topk,1440,1.0,0.0,1.0,0.9999825708526167,0.0,0.0,0.0,1.0,,0.0013359583605637758,0.3084939867258072,0.9592400789260864,0.3084939867258072,0.0,0.0,0.0,0.0,0.0,0.0,0.0,,0.0,0.0,304.0,0,0,0.0,pool=kernel_fused_block_mean_bf16_read_fp32_acc_bf16_write,score=kernel_bf16_torch_matmul_acc_fp32_bf16_out,select=torch_topk_native_tiebreak
VD_TORCH_TOPK,14,0.95,tiebreak_control,torch.topk tie-break instead of VSA's index-order threshold rule,bf16,kernel,kernel,torch_topk,1440,1.0,0.0,1.0,0.9999825708526167,0.0,0.0,0.0,1.0,,0.0021446424140944675,0.3856319934129715,0.9422160089015961,0.3856319934129715,0.0,0.0,0.0,0.0,0.0,0.0,0.0,,0.0,0.0,248.0,0,0,0.0,pool=kernel_fused_block_mean_bf16_read_fp32_acc_bf16_write,score=kernel_bf16_torch_matmul_acc_fp32_bf16_out,select=torch_topk_native_tiebreak
VD_TORCH_TOPK,15,0.8,tiebreak_control,torch.topk tie-break instead of VSA's index-order threshold rule,bf16,kernel,kernel,torch_topk,1440,1.0,0.0,1.0,0.999990987476826,0.0,0.0,0.0,1.0,,0.0008185961273645696,0.24100950360298157,0.9736638069152832,0.24100950360298157,0.0,0.0,0.0,0.0,0.0,0.0,0.0,,0.0,0.0,363.0,0,0,0.0,pool=kernel_fused_block_mean_bf16_read_fp32_acc_bf16_write,score=kernel_bf16_torch_matmul_acc_fp32_bf16_out,select=torch_topk_native_tiebreak
VD_TORCH_TOPK,15,0.9,tiebreak_control,torch.topk tie-break instead of VSA's index-order threshold rule,bf16,kernel,kernel,torch_topk,1440,1.0,0.0,1.0,0.999990987476826,0.0,0.0,0.0,1.0,,0.0012655714234086997,0.352523609995842,0.9480444490909576,0.352523609995842,0.0,0.0,0.0,0.0,0.0,0.0,0.0,,0.0,0.0,330.0,0,0,0.0,pool=kernel_fused_block_mean_bf16_read_fp32_acc_bf16_write,score=kernel_bf16_torch_matmul_acc_fp32_bf16_out,select=torch_topk_native_tiebreak
VD_TORCH_TOPK,15,0.95,tiebreak_control,torch.topk tie-break instead of VSA's index-order threshold rule,bf16,kernel,kernel,torch_topk,1440,1.0,0.0,1.0,0.999990987476826,0.0,0.0,0.0,1.0,,0.002019700226023588,0.4593591094017029,0.9204389452934265,0.4593591094017029,0.0,0.0,0.0,0.0,0.0,0.0,0.0,,0.0,0.0,272.5,0,0,0.0,pool=kernel_fused_block_mean_bf16_read_fp32_acc_bf16_write,score=kernel_bf16_torch_matmul_acc_fp32_bf16_out,select=torch_topk_native_tiebreak
VD_TORCH_TOPK,16,0.8,tiebreak_control,torch.topk tie-break instead of VSA's index-order threshold rule,bf16,kernel,kernel,torch_topk,1440,1.0,0.0,1.0,0.9999903655555166,0.0,0.0,0.0,0.9993055555555556,,0.0008458046543802326,0.1949498951435089,0.9827901422977448,0.1949498951435089,0.0,0.0,0.0,0.0,0.0,0.0006944444444444445,0.0,,0.0,0.0,357.0,0,0,0.0,pool=kernel_fused_block_mean_bf16_read_fp32_acc_bf16_write,score=kernel_bf16_torch_matmul_acc_fp32_bf16_out,select=torch_topk_native_tiebreak
VD_TORCH_TOPK,16,0.9,tiebreak_control,torch.topk tie-break instead of VSA's index-order threshold rule,bf16,kernel,kernel,torch_topk,1440,1.0,0.0,1.0,0.9999903655555166,0.0,0.0,0.0,0.9993055555555556,,0.001306599479886516,0.28412385284900665,0.9650280475616455,0.28412385284900665,0.0,0.0,0.0,0.0,0.0,0.0006944444444444445,0.0,,0.0006944444444444445,0.0,319.0,0,0,0.0,pool=kernel_fused_block_mean_bf16_read_fp32_acc_bf16_write,score=kernel_bf16_torch_matmul_acc_fp32_bf16_out,select=torch_topk_native_tiebreak
VD_TORCH_TOPK,16,0.95,tiebreak_control,torch.topk tie-break instead of VSA's index-order threshold rule,bf16,kernel,kernel,torch_topk,1440,1.0,0.0,1.0,0.9999903655555166,0.0,0.0,0.0,1.0,,0.0021361789623583075,0.36057430505752563,0.9474436342716217,0.36057430505752563,0.0,0.0,0.0,0.0,0.0,0.0,0.0,,0.0,0.0,259.0,0,0,0.0,pool=kernel_fused_block_mean_bf16_read_fp32_acc_bf16_write,score=kernel_bf16_torch_matmul_acc_fp32_bf16_out,select=torch_topk_native_tiebreak
VD_TORCH_TOPK,17,0.8,tiebreak_control,torch.topk tie-break instead of VSA's index-order threshold rule,bf16,kernel,kernel,torch_topk,1440,1.0,0.0,1.0,0.9999897402004486,0.0,0.0,0.0,0.9993055555555556,,0.0008408049330861039,0.14778384566307068,0.9895994067192078,0.14778384566307068,0.0,0.0,0.0,0.0,0.0,0.0,0.0,,0.0006944444444444445,0.0,255.0,0,0,0.0,pool=kernel_fused_block_mean_bf16_read_fp32_acc_bf16_write,score=kernel_bf16_torch_matmul_acc_fp32_bf16_out,select=torch_topk_native_tiebreak
VD_TORCH_TOPK,17,0.9,tiebreak_control,torch.topk tie-break instead of VSA's index-order threshold rule,bf16,kernel,kernel,torch_topk,1440,1.0,0.0,1.0,0.9999897402004486,0.0,0.0,0.0,1.0,,0.0013418119786084192,0.1996692270040512,0.9816428124904633,0.1996692270040512,0.0,0.0,0.0,0.0,0.0,0.0,0.0,,0.0,0.0,245.0,0,0,0.0,pool=kernel_fused_block_mean_bf16_read_fp32_acc_bf16_write,score=kernel_bf16_torch_matmul_acc_fp32_bf16_out,select=torch_topk_native_tiebreak
VD_TORCH_TOPK,17,0.95,tiebreak_control,torch.topk tie-break instead of VSA's index-order threshold rule,bf16,kernel,kernel,torch_topk,1440,1.0,0.0,1.0,0.9999897402004486,0.0,0.0,0.0,0.9993055555555556,,0.002260783104916073,0.2555399239063263,0.9712530970573425,0.2555399239063263,0.0,0.0,0.0,0.0,0.0,0.0006944444444444445,0.0,,0.0,0.0,202.0,0,0,0.0,pool=kernel_fused_block_mean_bf16_read_fp32_acc_bf16_write,score=kernel_bf16_torch_matmul_acc_fp32_bf16_out,select=torch_topk_native_tiebreak
VD_TORCH_TOPK,18,0.8,tiebreak_control,torch.topk tie-break instead of VSA's index-order threshold rule,bf16,kernel,kernel,torch_topk,1440,1.0,0.0,1.0,0.9999893856436199,0.0,0.0,0.0,1.0,,0.000844815549368149,0.4162144064903259,0.946549117565155,0.4162144064903259,0.0,0.0,0.0,0.0,0.0,0.0,0.0,,0.0,0.0,355.0,0,0,0.0,pool=kernel_fused_block_mean_bf16_read_fp32_acc_bf16_write,score=kernel_bf16_torch_matmul_acc_fp32_bf16_out,select=torch_topk_native_tiebreak
VD_TORCH_TOPK,18,0.9,tiebreak_control,torch.topk tie-break instead of VSA's index-order threshold rule,bf16,kernel,kernel,torch_topk,1440,1.0,0.0,1.0,0.9999893856436199,0.0,0.0,0.0,1.0,,0.0013204970096601404,0.5466905832290649,0.9093749225139618,0.5466905832290649,0.0,0.0,0.0,0.0,0.0,0.0,0.0,,0.0,0.0,316.0,0,0,0.0,pool=kernel_fused_block_mean_bf16_read_fp32_acc_bf16_write,score=kernel_bf16_torch_matmul_acc_fp32_bf16_out,select=torch_topk_native_tiebreak
VD_TORCH_TOPK,18,0.95,tiebreak_control,torch.topk tie-break instead of VSA's index-order threshold rule,bf16,kernel,kernel,torch_topk,1440,1.0,0.0,1.0,0.9999893856436199,0.0,0.0,0.0,1.0,,0.0021557764826145662,0.6646862626075745,0.8704415559768677,0.6646862626075745,0.0,0.0,0.0,0.0,0.0,0.0,0.0,,0.0,0.0,256.5,0,0,0.0,pool=kernel_fused_block_mean_bf16_read_fp32_acc_bf16_write,score=kernel_bf16_torch_matmul_acc_fp32_bf16_out,select=torch_topk_native_tiebreak
VD_TORCH_TOPK,19,0.8,tiebreak_control,torch.topk tie-break instead of VSA's index-order threshold rule,bf16,kernel,kernel,torch_topk,1440,1.0,0.0,1.0,0.9999808914142367,0.0,0.0,0.0,0.9958333333333333,,0.0008357005606032608,0.16385933011770248,0.9878053367137909,0.16385933011770248,0.0,0.0,0.0,0.0,0.0,0.003472222222222222,0.0,,0.0020833333333333333,0.0,313.0,0,0,0.0,pool=kernel_fused_block_mean_bf16_read_fp32_acc_bf16_write,score=kernel_bf16_torch_matmul_acc_fp32_bf16_out,select=torch_topk_native_tiebreak
VD_TORCH_TOPK,19,0.9,tiebreak_control,torch.topk tie-break instead of VSA's index-order threshold rule,bf16,kernel,kernel,torch_topk,1440,1.0,0.0,1.0,0.9999808914142367,0.0,0.0,0.0,1.0,,0.0013151191537665568,0.22712009400129318,0.9776186645030975,0.22712009400129318,0.0,0.0,0.0,0.0,0.0,0.0,0.0,,0.0,0.0,283.0,0,0,0.0,pool=kernel_fused_block_mean_bf16_read_fp32_acc_bf16_write,score=kernel_bf16_torch_matmul_acc_fp32_bf16_out,select=torch_topk_native_tiebreak
VD_TORCH_TOPK,19,0.95,tiebreak_control,torch.topk tie-break instead of VSA's index-order threshold rule,bf16,kernel,kernel,torch_topk,1440,1.0,0.0,1.0,0.9999808914142367,0.0,0.0,0.0,1.0,,0.002206270841639388,0.2825497090816498,0.9686525166034698,0.2825497090816498,0.0,0.0,0.0,0.0,0.0,0.0,0.0,,0.0,0.0,223.0,0,0,0.0,pool=kernel_fused_block_mean_bf16_read_fp32_acc_bf16_write,score=kernel_bf16_torch_matmul_acc_fp32_bf16_out,select=torch_topk_native_tiebreak
VD_TORCH_TOPK,2,0.8,tiebreak_control,torch.topk tie-break instead of VSA's index-order threshold rule,bf16,kernel,kernel,torch_topk,1440,1.0,0.0,1.0,0.9999654984272358,0.0,0.0,0.0,1.0,,0.0008350676344624959,0.14060808718204498,0.9904057085514069,0.14060808718204498,0.0,0.0,0.0,0.0,0.0,0.0,0.0,,0.0,0.0,258.0,0,0,0.0,pool=kernel_fused_block_mean_bf16_read_fp32_acc_bf16_write,score=kernel_bf16_torch_matmul_acc_fp32_bf16_out,select=torch_topk_native_tiebreak
VD_TORCH_TOPK,2,0.9,tiebreak_control,torch.topk tie-break instead of VSA's index-order threshold rule,bf16,kernel,kernel,torch_topk,1440,1.0,0.0,1.0,0.9999654984272358,0.0,0.0,0.0,1.0,,0.0012332712924069547,0.20354214310646057,0.9803852736949921,0.20354214310646057,0.0,0.0,0.0,0.0,0.0,0.0,0.0,,0.0,0.0,263.0,0,0,0.0,pool=kernel_fused_block_mean_bf16_read_fp32_acc_bf16_write,score=kernel_bf16_torch_matmul_acc_fp32_bf16_out,select=torch_topk_native_tiebreak
VD_TORCH_TOPK,2,0.95,tiebreak_control,torch.topk tie-break instead of VSA's index-order threshold rule,bf16,kernel,kernel,torch_topk,1440,1.0,0.0,1.0,0.9999654984272358,0.0,0.0,0.0,1.0,,0.001968827157948042,0.2570823132991791,0.9698545336723328,0.2570823132991791,0.0,0.0,0.0,0.0,0.0,0.0,0.0,,0.0,0.0,217.0,0,0,0.0,pool=kernel_fused_block_mean_bf16_read_fp32_acc_bf16_write,score=kernel_bf16_torch_matmul_acc_fp32_bf16_out,select=torch_topk_native_tiebreak
VD_TORCH_TOPK,20,0.8,tiebreak_control,torch.topk tie-break instead of VSA's index-order threshold rule,bf16,kernel,kernel,torch_topk,1440,1.0,0.0,1.0,0.9999871817842869,0.0,0.0,0.0,1.0,,0.000839242237067129,0.1389370858669281,0.9911029934883118,0.1389370858669281,0.0,0.0,0.0,0.0,0.0,0.0,0.0,,0.0,0.0,280.0,0,0,0.0,pool=kernel_fused_block_mean_bf16_read_fp32_acc_bf16_write,score=kernel_bf16_torch_matmul_acc_fp32_bf16_out,select=torch_topk_native_tiebreak
VD_TORCH_TOPK,20,0.9,tiebreak_control,torch.topk tie-break instead of VSA's index-order threshold rule,bf16,kernel,kernel,torch_topk,1440,1.0,0.0,1.0,0.9999871817842869,0.0,0.0,0.0,1.0,,0.0012480508840945798,0.19621066004037857,0.9834837317466736,0.19621066004037857,0.0,0.0,0.0,0.0,0.0,0.0,0.0,,0.0,0.0,267.0,0,0,0.0,pool=kernel_fused_block_mean_bf16_read_fp32_acc_bf16_write,score=kernel_bf16_torch_matmul_acc_fp32_bf16_out,select=torch_topk_native_tiebreak
VD_TORCH_TOPK,20,0.95,tiebreak_control,torch.topk tie-break instead of VSA's index-order threshold rule,bf16,kernel,kernel,torch_topk,1440,1.0,0.0,1.0,0.9999871817842869,0.0,0.0,0.0,1.0,,0.002230172842300515,0.24135667830705643,0.9759529829025269,0.24135667830705643,0.0,0.0,0.0,0.0,0.0,0.0,0.0,,0.0,0.0,210.0,0,0,0.0,pool=kernel_fused_block_mean_bf16_read_fp32_acc_bf16_write,score=kernel_bf16_torch_matmul_acc_fp32_bf16_out,select=torch_topk_native_tiebreak
VD_TORCH_TOPK,21,0.8,tiebreak_control,torch.topk tie-break instead of VSA's index-order threshold rule,bf16,kernel,kernel,torch_topk,1440,1.0,0.0,1.0,0.9999909840719707,0.0,0.0,0.0,0.9979166666666667,,0.0008485192557293597,0.16669340431690216,0.9872505366802216,0.16669340431690216,0.0,0.0,0.0,0.0,0.0,0.0006944444444444445,0.0,,0.0006944444444444445,0.0,298.0,0,0,0.0,pool=kernel_fused_block_mean_bf16_read_fp32_acc_bf16_write,score=kernel_bf16_torch_matmul_acc_fp32_bf16_out,select=torch_topk_native_tiebreak
VD_TORCH_TOPK,21,0.9,tiebreak_control,torch.topk tie-break instead of VSA's index-order threshold rule,bf16,kernel,kernel,torch_topk,1440,1.0,0.0,1.0,0.9999909840719707,0.0,0.0,0.0,1.0,,0.0013016771532266278,0.2483912780880928,0.9762098789215088,0.2483912780880928,0.0,0.0,0.0,0.0,0.0,0.0,0.0,,0.0,0.0,278.0,0,0,0.0,pool=kernel_fused_block_mean_bf16_read_fp32_acc_bf16_write,score=kernel_bf16_torch_matmul_acc_fp32_bf16_out,select=torch_topk_native_tiebreak
VD_TORCH_TOPK,21,0.95,tiebreak_control,torch.topk tie-break instead of VSA's index-order threshold rule,bf16,kernel,kernel,torch_topk,1440,1.0,0.0,1.0,0.9999909840719707,0.0,0.0,0.0,1.0,,0.002183586320617961,0.3057820498943329,0.9652517139911652,0.3057820498943329,0.0,0.0,0.0,0.0,0.0,0.0,0.0,,0.0,0.0,233.0,0,0,0.0,pool=kernel_fused_block_mean_bf16_read_fp32_acc_bf16_write,score=kernel_bf16_torch_matmul_acc_fp32_bf16_out,select=torch_topk_native_tiebreak
VD_TORCH_TOPK,22,0.8,tiebreak_control,torch.topk tie-break instead of VSA's index-order threshold rule,bf16,kernel,kernel,torch_topk,1440,1.0,0.0,1.0,0.9999687783692192,0.0,0.0,0.0,1.0,,0.0008308774238797156,0.28586331009864807,0.9697762727737427,0.28586331009864807,0.0,0.0,0.0,0.0,0.0,0.0,0.0,,0.0,0.0,380.0,0,0,0.0,pool=kernel_fused_block_mean_bf16_read_fp32_acc_bf16_write,score=kernel_bf16_torch_matmul_acc_fp32_bf16_out,select=torch_topk_native_tiebreak
VD_TORCH_TOPK,22,0.9,tiebreak_control,torch.topk tie-break instead of VSA's index-order threshold rule,bf16,kernel,kernel,torch_topk,1440,1.0,0.0,1.0,0.9999687783692192,0.0,0.0,0.0,0.9986111111111111,,0.0012806579444236154,0.43934834003448486,0.9423723816871643,0.43934834003448486,0.0,0.0,0.0,0.0,0.0,0.001388888888888889,0.0,,0.001388888888888889,0.0,334.0,0,0,0.0,pool=kernel_fused_block_mean_bf16_read_fp32_acc_bf16_write,score=kernel_bf16_torch_matmul_acc_fp32_bf16_out,select=torch_topk_native_tiebreak
VD_TORCH_TOPK,22,0.95,tiebreak_control,torch.topk tie-break instead of VSA's index-order threshold rule,bf16,kernel,kernel,torch_topk,1440,1.0,0.0,1.0,0.9999687783692192,0.0,0.0,0.0,1.0,,0.0020520353644899176,0.542433112859726,0.9140699505805969,0.542433112859726,0.0,0.0,0.0,0.0,0.0,0.0,0.0,,0.0,0.0,279.5,0,0,0.0,pool=kernel_fused_block_mean_bf16_read_fp32_acc_bf16_write,score=kernel_bf16_torch_matmul_acc_fp32_bf16_out,select=torch_topk_native_tiebreak
VD_TORCH_TOPK,23,0.8,tiebreak_control,torch.topk tie-break instead of VSA's index-order threshold rule,bf16,kernel,kernel,torch_topk,1440,1.0,0.0,1.0,0.9999712883557499,0.0,0.0,0.0,1.0,,0.0007893059716835263,0.23004470765590668,0.9768128395080566,0.23004470765590668,0.0,0.0,0.0,0.0,0.0,0.0,0.0,,0.0,0.0,420.0,0,0,0.0,pool=kernel_fused_block_mean_bf16_read_fp32_acc_bf16_write,score=kernel_bf16_torch_matmul_acc_fp32_bf16_out,select=torch_topk_native_tiebreak
VD_TORCH_TOPK,23,0.9,tiebreak_control,torch.topk tie-break instead of VSA's index-order threshold rule,bf16,kernel,kernel,torch_topk,1440,1.0,0.0,1.0,0.9999712883557499,0.0,0.0,0.0,1.0,,0.0012406938712839592,0.33838512003421783,0.9558019936084747,0.33838512003421783,0.0,0.0,0.0,0.0,0.0,0.0,0.0,,0.0,0.0,362.5,0,0,0.0,pool=kernel_fused_block_mean_bf16_read_fp32_acc_bf16_write,score=kernel_bf16_torch_matmul_acc_fp32_bf16_out,select=torch_topk_native_tiebreak
VD_TORCH_TOPK,23,0.95,tiebreak_control,torch.topk tie-break instead of VSA's index-order threshold rule,bf16,kernel,kernel,torch_topk,1440,1.0,0.0,1.0,0.9999712883557499,0.0,0.0,0.0,1.0,,0.002065555247318861,0.4146086573600769,0.9351935982704163,0.4146086573600769,0.0,0.0,0.0,0.0,0.0,0.0,0.0,,0.0,0.0,278.0,0,0,0.0,pool=kernel_fused_block_mean_bf16_read_fp32_acc_bf16_write,score=kernel_bf16_torch_matmul_acc_fp32_bf16_out,select=torch_topk_native_tiebreak
VD_TORCH_TOPK,24,0.8,tiebreak_control,torch.topk tie-break instead of VSA's index-order threshold rule,bf16,kernel,kernel,torch_topk,1440,1.0,0.0,1.0,0.9999867024041136,0.0,0.0,0.0,1.0,,0.0008448153449029855,0.3482593894004822,0.9614834487438202,0.3482593894004822,0.0,0.0,0.0,0.0,0.0,0.0,0.0,,0.0,0.0,331.0,0,0,0.0,pool=kernel_fused_block_mean_bf16_read_fp32_acc_bf16_write,score=kernel_bf16_torch_matmul_acc_fp32_bf16_out,select=torch_topk_native_tiebreak
VD_TORCH_TOPK,24,0.9,tiebreak_control,torch.topk tie-break instead of VSA's index-order threshold rule,bf16,kernel,kernel,torch_topk,1440,1.0,0.0,1.0,0.9999867024041136,0.0,0.0,0.0,1.0,,0.001305074857613921,0.4742249846458435,0.9315977990627289,0.4742249846458435,0.0,0.0,0.0,0.0,0.0,0.0,0.0,,0.0,0.0,296.0,0,0,0.0,pool=kernel_fused_block_mean_bf16_read_fp32_acc_bf16_write,score=kernel_bf16_torch_matmul_acc_fp32_bf16_out,select=torch_topk_native_tiebreak
VD_TORCH_TOPK,24,0.95,tiebreak_control,torch.topk tie-break instead of VSA's index-order threshold rule,bf16,kernel,kernel,torch_topk,1440,1.0,0.0,1.0,0.9999867024041136,0.0,0.0,0.0,1.0,,0.0021502425003505506,0.5639987885951996,0.9083733856678009,0.5639987885951996,0.0,0.0,0.0,0.0,0.0,0.0,0.0,,0.0,0.0,238.0,0,0,0.0,pool=kernel_fused_block_mean_bf16_read_fp32_acc_bf16_write,score=kernel_bf16_torch_matmul_acc_fp32_bf16_out,select=torch_topk_native_tiebreak
VD_TORCH_TOPK,25,0.8,tiebreak_control,torch.topk tie-break instead of VSA's index-order threshold rule,bf16,kernel,kernel,torch_topk,1440,1.0,0.0,1.0,0.9999548486657457,0.0,0.0,0.0,0.9986111111111111,,0.0008148939211686135,0.23047610372304916,0.9773210287094116,0.23047610372304916,0.0,0.0,0.0,0.0,0.0,0.001388888888888889,0.0,,0.0006944444444444445,0.0,383.5,0,0,0.0,pool=kernel_fused_block_mean_bf16_read_fp32_acc_bf16_write,score=kernel_bf16_torch_matmul_acc_fp32_bf16_out,select=torch_topk_native_tiebreak
VD_TORCH_TOPK,25,0.9,tiebreak_control,torch.topk tie-break instead of VSA's index-order threshold rule,bf16,kernel,kernel,torch_topk,1440,1.0,0.0,1.0,0.9999548486657457,0.0,0.0,0.0,1.0,,0.0012131482404637683,0.3445001244544983,0.954166829586029,0.3445001244544983,0.0,0.0,0.0,0.0,0.0,0.0,0.0,,0.0,0.0,341.0,0,0,0.0,pool=kernel_fused_block_mean_bf16_read_fp32_acc_bf16_write,score=kernel_bf16_torch_matmul_acc_fp32_bf16_out,select=torch_topk_native_tiebreak
VD_TORCH_TOPK,25,0.95,tiebreak_control,torch.topk tie-break instead of VSA's index-order threshold rule,bf16,kernel,kernel,torch_topk,1440,1.0,0.0,1.0,0.9999548486657457,0.0,0.0,0.0,1.0,,0.001897175296074452,0.40431395173072815,0.9384921193122864,0.40431395173072815,0.0,0.0,0.0,0.0,0.0,0.0,0.0,,0.0,0.0,286.0,0,0,0.0,pool=kernel_fused_block_mean_bf16_read_fp32_acc_bf16_write,score=kernel_bf16_torch_matmul_acc_fp32_bf16_out,select=torch_topk_native_tiebreak
VD_TORCH_TOPK,26,0.8,tiebreak_control,torch.topk tie-break instead of VSA's index-order threshold rule,bf16,kernel,kernel,torch_topk,1440,1.0,0.0,1.0,0.9999805204627598,0.0,0.0,0.0,0.9986111111111111,,0.0008261100874670728,0.15273969620466232,0.989025890827179,0.15273969620466232,0.0,0.0,0.0,0.0,0.0,0.0006944444444444445,0.0,,0.0,0.0,415.0,0,0,0.0,pool=kernel_fused_block_mean_bf16_read_fp32_acc_bf16_write,score=kernel_bf16_torch_matmul_acc_fp32_bf16_out,select=torch_topk_native_tiebreak
VD_TORCH_TOPK,26,0.9,tiebreak_control,torch.topk tie-break instead of VSA's index-order threshold rule,bf16,kernel,kernel,torch_topk,1440,1.0,0.0,1.0,0.9999805204627598,0.0,0.0,0.0,0.9993055555555556,,0.0012517190258136796,0.21795284003019333,0.9783068895339966,0.21795284003019333,0.0,0.0,0.0,0.0,0.0,0.0,0.0,,0.0,0.0,369.0,0,0,0.0,pool=kernel_fused_block_mean_bf16_read_fp32_acc_bf16_write,score=kernel_bf16_torch_matmul_acc_fp32_bf16_out,select=torch_topk_native_tiebreak
VD_TORCH_TOPK,26,0.95,tiebreak_control,torch.topk tie-break instead of VSA's index-order threshold rule,bf16,kernel,kernel,torch_topk,1440,1.0,0.0,1.0,0.9999805204627598,0.0,0.0,0.0,1.0,,0.002035536916489282,0.27570781111717224,0.9670893251895905,0.27570781111717224,0.0,0.0,0.0,0.0,0.0,0.0,0.0,,0.0,0.0,306.0,0,0,0.0,pool=kernel_fused_block_mean_bf16_read_fp32_acc_bf16_write,score=kernel_bf16_torch_matmul_acc_fp32_bf16_out,select=torch_topk_native_tiebreak
VD_TORCH_TOPK,27,0.8,tiebreak_control,torch.topk tie-break instead of VSA's index-order threshold rule,bf16,kernel,kernel,torch_topk,1440,1.0,0.0,1.0,0.999989387252809,0.0,0.0,0.0,1.0,,0.0008404803698588484,0.1307222694158554,0.991637110710144,0.1307222694158554,0.0,0.0,0.0,0.0,0.0,0.0,0.0,,0.0,0.0,318.0,0,0,0.0,pool=kernel_fused_block_mean_bf16_read_fp32_acc_bf16_write,score=kernel_bf16_torch_matmul_acc_fp32_bf16_out,select=torch_topk_native_tiebreak
VD_TORCH_TOPK,27,0.9,tiebreak_control,torch.topk tie-break instead of VSA's index-order threshold rule,bf16,kernel,kernel,torch_topk,1440,1.0,0.0,1.0,0.999989387252809,0.0,0.0,0.0,1.0,,0.0013258647259176788,0.18899594992399216,0.9829524159431458,0.18899594992399216,0.0,0.0,0.0,0.0,0.0,0.0,0.0,,0.0,0.0,286.0,0,0,0.0,pool=kernel_fused_block_mean_bf16_read_fp32_acc_bf16_write,score=kernel_bf16_torch_matmul_acc_fp32_bf16_out,select=torch_topk_native_tiebreak
VD_TORCH_TOPK,27,0.95,tiebreak_control,torch.topk tie-break instead of VSA's index-order threshold rule,bf16,kernel,kernel,torch_topk,1440,1.0,0.0,1.0,0.999989387252809,0.0,0.0,0.0,1.0,,0.0021294859969438772,0.23759659379720688,0.9739820063114166,0.23759659379720688,0.0,0.0,0.0,0.0,0.0,0.0,0.0,,0.0,0.0,239.0,0,0,0.0,pool=kernel_fused_block_mean_bf16_read_fp32_acc_bf16_write,score=kernel_bf16_torch_matmul_acc_fp32_bf16_out,select=torch_topk_native_tiebreak
VD_TORCH_TOPK,28,0.8,tiebreak_control,torch.topk tie-break instead of VSA's index-order threshold rule,bf16,kernel,kernel,torch_topk,1440,1.0,0.0,1.0,0.9999907695151152,0.0,0.0,0.0,1.0,,0.0008230252172999092,0.11343913897871971,0.993677943944931,0.11343913897871971,0.0,0.0,0.0,0.0,0.0,0.0,0.0,,0.0,0.0,316.0,0,0,0.0,pool=kernel_fused_block_mean_bf16_read_fp32_acc_bf16_write,score=kernel_bf16_torch_matmul_acc_fp32_bf16_out,select=torch_topk_native_tiebreak
VD_TORCH_TOPK,28,0.9,tiebreak_control,torch.topk tie-break instead of VSA's index-order threshold rule,bf16,kernel,kernel,torch_topk,1440,1.0,0.0,1.0,0.9999907695151152,0.0,0.0,0.0,1.0,,0.001244906607563445,0.15272367000579834,0.9885845482349396,0.15272367000579834,0.0,0.0,0.0,0.0,0.0,0.0,0.0,,0.0,0.0,295.5,0,0,0.0,pool=kernel_fused_block_mean_bf16_read_fp32_acc_bf16_write,score=kernel_bf16_torch_matmul_acc_fp32_bf16_out,select=torch_topk_native_tiebreak
VD_TORCH_TOPK,28,0.95,tiebreak_control,torch.topk tie-break instead of VSA's index-order threshold rule,bf16,kernel,kernel,torch_topk,1440,1.0,0.0,1.0,0.9999907695151152,0.0,0.0,0.0,1.0,,0.0020259607981325933,0.1929931789636612,0.9822990000247955,0.1929931789636612,0.0,0.0,0.0,0.0,0.0,0.0,0.0,,0.0,0.0,244.0,0,0,0.0,pool=kernel_fused_block_mean_bf16_read_fp32_acc_bf16_write,score=kernel_bf16_torch_matmul_acc_fp32_bf16_out,select=torch_topk_native_tiebreak
VD_TORCH_TOPK,29,0.8,tiebreak_control,torch.topk tie-break instead of VSA's index-order threshold rule,bf16,kernel,kernel,torch_topk,1440,1.0,0.0,1.0,0.9999916037788467,0.0,0.0,0.0,1.0,,0.0008437318799981489,0.12169839441776276,0.9931670427322388,0.12169839441776276,0.0,0.0,0.0,0.0,0.0,0.0,0.0,,0.0,0.0,295.0,0,0,0.0,pool=kernel_fused_block_mean_bf16_read_fp32_acc_bf16_write,score=kernel_bf16_torch_matmul_acc_fp32_bf16_out,select=torch_topk_native_tiebreak
VD_TORCH_TOPK,29,0.9,tiebreak_control,torch.topk tie-break instead of VSA's index-order threshold rule,bf16,kernel,kernel,torch_topk,1440,1.0,0.0,1.0,0.9999916037788467,0.0,0.0,0.0,1.0,,0.0012729158680168857,0.17080923169851303,0.9860950708389282,0.17080923169851303,0.0,0.0,0.0,0.0,0.0,0.0,0.0,,0.0,0.0,292.0,0,0,0.0,pool=kernel_fused_block_mean_bf16_read_fp32_acc_bf16_write,score=kernel_bf16_torch_matmul_acc_fp32_bf16_out,select=torch_topk_native_tiebreak
VD_TORCH_TOPK,29,0.95,tiebreak_control,torch.topk tie-break instead of VSA's index-order threshold rule,bf16,kernel,kernel,torch_topk,1440,1.0,0.0,1.0,0.9999916037788467,0.0,0.0,0.0,1.0,,0.002063523720543209,0.22543161362409592,0.9766477048397064,0.22543161362409592,0.0,0.0,0.0,0.0,0.0,0.0,0.0,,0.0,0.0,240.0,0,0,0.0,pool=kernel_fused_block_mean_bf16_read_fp32_acc_bf16_write,score=kernel_bf16_torch_matmul_acc_fp32_bf16_out,select=torch_topk_native_tiebreak
VD_TORCH_TOPK,3,0.8,tiebreak_control,torch.topk tie-break instead of VSA's index-order threshold rule,bf16,kernel,kernel,torch_topk,1440,1.0,0.0,1.0,0.9999913382721693,0.0,0.0,0.0,0.9993055555555556,,0.0007866062458921063,0.20492937415838242,0.980330765247345,0.20492937415838242,0.0,0.0,0.0,0.0,0.0,0.0,0.0,,0.0006944444444444445,0.0,285.5,0,0,0.0,pool=kernel_fused_block_mean_bf16_read_fp32_acc_bf16_write,score=kernel_bf16_torch_matmul_acc_fp32_bf16_out,select=torch_topk_native_tiebreak
VD_TORCH_TOPK,3,0.9,tiebreak_control,torch.topk tie-break instead of VSA's index-order threshold rule,bf16,kernel,kernel,torch_topk,1440,1.0,0.0,1.0,0.9999913382721693,0.0,0.0,0.0,1.0,,0.0011969920607302633,0.2893918752670288,0.9619875550270081,0.2893918752670288,0.0,0.0,0.0,0.0,0.0,0.0,0.0,,0.0,0.0,300.0,0,0,0.0,pool=kernel_fused_block_mean_bf16_read_fp32_acc_bf16_write,score=kernel_bf16_torch_matmul_acc_fp32_bf16_out,select=torch_topk_native_tiebreak
VD_TORCH_TOPK,3,0.95,tiebreak_control,torch.topk tie-break instead of VSA's index-order threshold rule,bf16,kernel,kernel,torch_topk,1440,1.0,0.0,1.0,0.9999913382721693,0.0,0.0,0.0,1.0,,0.0019343698493230876,0.3719335347414017,0.9411712288856506,0.3719335347414017,0.0,0.0,0.0,0.0,0.0,0.0,0.0,,0.0,0.0,258.0,0,0,0.0,pool=kernel_fused_block_mean_bf16_read_fp32_acc_bf16_write,score=kernel_bf16_torch_matmul_acc_fp32_bf16_out,select=torch_topk_native_tiebreak
VD_TORCH_TOPK,4,0.8,tiebreak_control,torch.topk tie-break instead of VSA's index-order threshold rule,bf16,kernel,kernel,torch_topk,1440,1.0,0.0,1.0,0.9999914305484161,0.0,0.0,0.0,0.9993055555555556,,0.0008461203002626531,0.2153560370206833,0.9790055155754089,0.2153560370206833,0.0,0.0,0.0,0.0,0.0,0.0006944444444444445,0.0,,0.0006944444444444445,0.0,289.0,0,0,0.0,pool=kernel_fused_block_mean_bf16_read_fp32_acc_bf16_write,score=kernel_bf16_torch_matmul_acc_fp32_bf16_out,select=torch_topk_native_tiebreak
VD_TORCH_TOPK,4,0.9,tiebreak_control,torch.topk tie-break instead of VSA's index-order threshold rule,bf16,kernel,kernel,torch_topk,1440,1.0,0.0,1.0,0.9999914305484161,0.0,0.0,0.0,0.9993055555555556,,0.0013187117795642395,0.3111644834280014,0.9594213962554932,0.3111644834280014,0.0,0.0,0.0,0.0,0.0,0.0006944444444444445,0.0,,0.0006944444444444445,0.0,267.0,0,0,0.0,pool=kernel_fused_block_mean_bf16_read_fp32_acc_bf16_write,score=kernel_bf16_torch_matmul_acc_fp32_bf16_out,select=torch_topk_native_tiebreak
VD_TORCH_TOPK,4,0.95,tiebreak_control,torch.topk tie-break instead of VSA's index-order threshold rule,bf16,kernel,kernel,torch_topk,1440,1.0,0.0,1.0,0.9999914305484161,0.0,0.0,0.0,1.0,,0.0021016415869223783,0.3737389147281647,0.9444916844367981,0.3737389147281647,0.0,0.0,0.0,0.0,0.0,0.0,0.0,,0.0,0.0,228.0,0,0,0.0,pool=kernel_fused_block_mean_bf16_read_fp32_acc_bf16_write,score=kernel_bf16_torch_matmul_acc_fp32_bf16_out,select=torch_topk_native_tiebreak
VD_TORCH_TOPK,5,0.8,tiebreak_control,torch.topk tie-break instead of VSA's index-order threshold rule,bf16,kernel,kernel,torch_topk,1440,1.0,0.0,1.0,0.9999908571249951,0.0,0.0,0.0,0.9986111111111111,,0.0008915148659161099,0.16699208319187164,0.9866515398025513,0.16699208319187164,0.0,0.0,0.0,0.0,0.0,0.0006944444444444445,0.0,,0.0,0.0,247.0,0,0,0.0,pool=kernel_fused_block_mean_bf16_read_fp32_acc_bf16_write,score=kernel_bf16_torch_matmul_acc_fp32_bf16_out,select=torch_topk_native_tiebreak
VD_TORCH_TOPK,5,0.9,tiebreak_control,torch.topk tie-break instead of VSA's index-order threshold rule,bf16,kernel,kernel,torch_topk,1440,1.0,0.0,1.0,0.9999908571249951,0.0,0.0,0.0,1.0,,0.001349091133846801,0.2393409013748169,0.9735240340232849,0.2393409013748169,0.0,0.0,0.0,0.0,0.0,0.0,0.0,,0.0,0.0,248.0,0,0,0.0,pool=kernel_fused_block_mean_bf16_read_fp32_acc_bf16_write,score=kernel_bf16_torch_matmul_acc_fp32_bf16_out,select=torch_topk_native_tiebreak
VD_TORCH_TOPK,5,0.95,tiebreak_control,torch.topk tie-break instead of VSA's index-order threshold rule,bf16,kernel,kernel,torch_topk,1440,1.0,0.0,1.0,0.9999908571249951,0.0,0.0,0.0,0.9993055555555556,,0.0021598394979949866,0.29378384351730347,0.9612192809581757,0.29378384351730347,0.0,0.0,0.0,0.0,0.0,0.0,0.0,,0.0,0.0,197.0,0,0,0.0,pool=kernel_fused_block_mean_bf16_read_fp32_acc_bf16_write,score=kernel_bf16_torch_matmul_acc_fp32_bf16_out,select=torch_topk_native_tiebreak
VD_TORCH_TOPK,6,0.8,tiebreak_control,torch.topk tie-break instead of VSA's index-order threshold rule,bf16,kernel,kernel,torch_topk,1440,1.0,0.0,1.0,0.9999899847360981,0.0,0.0,0.0,0.9986111111111111,,0.0008281412188116764,0.2863178253173828,0.9650780260562897,0.2863178253173828,0.0,0.0,0.0,0.0,0.0,0.001388888888888889,0.0,,0.0,0.0,356.5,0,0,0.0,pool=kernel_fused_block_mean_bf16_read_fp32_acc_bf16_write,score=kernel_bf16_torch_matmul_acc_fp32_bf16_out,select=torch_topk_native_tiebreak
VD_TORCH_TOPK,6,0.9,tiebreak_control,torch.topk tie-break instead of VSA's index-order threshold rule,bf16,kernel,kernel,torch_topk,1440,1.0,0.0,1.0,0.9999899847360981,0.0,0.0,0.0,1.0,,0.0012709133668102378,0.41512657701969147,0.9349772930145264,0.41512657701969147,0.0,0.0,0.0,0.0,0.0,0.0,0.0,,0.0,0.0,327.0,0,0,0.0,pool=kernel_fused_block_mean_bf16_read_fp32_acc_bf16_write,score=kernel_bf16_torch_matmul_acc_fp32_bf16_out,select=torch_topk_native_tiebreak
VD_TORCH_TOPK,6,0.95,tiebreak_control,torch.topk tie-break instead of VSA's index-order threshold rule,bf16,kernel,kernel,torch_topk,1440,1.0,0.0,1.0,0.9999899847360981,0.0,0.0,0.0,1.0,,0.0019847156854826084,0.5132822096347809,0.9095488488674164,0.5132822096347809,0.0,0.0,0.0,0.0,0.0,0.0,0.0,,0.0,0.0,262.0,0,0,0.0,pool=kernel_fused_block_mean_bf16_read_fp32_acc_bf16_write,score=kernel_bf16_torch_matmul_acc_fp32_bf16_out,select=torch_topk_native_tiebreak
VD_TORCH_TOPK,7,0.8,tiebreak_control,torch.topk tie-break instead of VSA's index-order threshold rule,bf16,kernel,kernel,torch_topk,1440,1.0,0.0,1.0,0.9999914461328786,0.0,0.0,0.0,0.9993055555555556,,0.000852075756021952,0.22912730276584625,0.9761110246181488,0.22912730276584625,0.0,0.0,0.0,0.0,0.0,0.0006944444444444445,0.0,,0.0,0.0,314.0,0,0,0.0,pool=kernel_fused_block_mean_bf16_read_fp32_acc_bf16_write,score=kernel_bf16_torch_matmul_acc_fp32_bf16_out,select=torch_topk_native_tiebreak
VD_TORCH_TOPK,7,0.9,tiebreak_control,torch.topk tie-break instead of VSA's index-order threshold rule,bf16,kernel,kernel,torch_topk,1440,1.0,0.0,1.0,0.9999914461328786,0.0,0.0,0.0,1.0,,0.001348980970993603,0.32797810435295105,0.9554879069328308,0.32797810435295105,0.0,0.0,0.0,0.0,0.0,0.0,0.0,,0.0,0.0,286.0,0,0,0.0,pool=kernel_fused_block_mean_bf16_read_fp32_acc_bf16_write,score=kernel_bf16_torch_matmul_acc_fp32_bf16_out,select=torch_topk_native_tiebreak
VD_TORCH_TOPK,7,0.95,tiebreak_control,torch.topk tie-break instead of VSA's index-order threshold rule,bf16,kernel,kernel,torch_topk,1440,1.0,0.0,1.0,0.9999914461328786,0.0,0.0,0.0,0.9993055555555556,,0.002136808601753563,0.4012365788221359,0.93797168135643,0.4012365788221359,0.0,0.0,0.0,0.0,0.0,0.0006944444444444445,0.0,,0.0006944444444444445,0.0,238.0,0,0,0.0,pool=kernel_fused_block_mean_bf16_read_fp32_acc_bf16_write,score=kernel_bf16_torch_matmul_acc_fp32_bf16_out,select=torch_topk_native_tiebreak
VD_TORCH_TOPK,8,0.8,tiebreak_control,torch.topk tie-break instead of VSA's index-order threshold rule,bf16,kernel,kernel,torch_topk,1440,1.0,0.0,1.0,0.9999909426528298,0.0,0.0,0.0,0.9979166666666667,,0.0008662490043039715,0.21529627591371536,0.9784521162509918,0.21529627591371536,0.0,0.0,0.0,0.0,0.0,0.001388888888888889,0.0,,0.0,0.0,261.0,0,0,0.0,pool=kernel_fused_block_mean_bf16_read_fp32_acc_bf16_write,score=kernel_bf16_torch_matmul_acc_fp32_bf16_out,select=torch_topk_native_tiebreak
VD_TORCH_TOPK,8,0.9,tiebreak_control,torch.topk tie-break instead of VSA's index-order threshold rule,bf16,kernel,kernel,torch_topk,1440,1.0,0.0,1.0,0.9999909426528298,0.0,0.0,0.0,0.9993055555555556,,0.0013177426351299094,0.3204754590988159,0.955301821231842,0.3204754590988159,0.0,0.0,0.0,0.0,0.0,0.0006944444444444445,0.0,,0.0006944444444444445,0.0,268.0,0,0,0.0,pool=kernel_fused_block_mean_bf16_read_fp32_acc_bf16_write,score=kernel_bf16_torch_matmul_acc_fp32_bf16_out,select=torch_topk_native_tiebreak
VD_TORCH_TOPK,8,0.95,tiebreak_control,torch.topk tie-break instead of VSA's index-order threshold rule,bf16,kernel,kernel,torch_topk,1440,1.0,0.0,1.0,0.9999909426528298,0.0,0.0,0.0,1.0,,0.0022066903294122604,0.39118777215480804,0.9374885857105255,0.39118777215480804,0.0,0.0,0.0,0.0,0.0,0.0,0.0,,0.0,0.0,223.0,0,0,0.0,pool=kernel_fused_block_mean_bf16_read_fp32_acc_bf16_write,score=kernel_bf16_torch_matmul_acc_fp32_bf16_out,select=torch_topk_native_tiebreak
VD_TORCH_TOPK,9,0.8,tiebreak_control,torch.topk tie-break instead of VSA's index-order threshold rule,bf16,kernel,kernel,torch_topk,1440,1.0,0.0,1.0,0.9999902437615106,0.0,0.0,0.0,1.0,,0.0008878572091101988,0.20418813824653625,0.9804331064224243,0.20418813824653625,0.0,0.0,0.0,0.0,0.0,0.0,0.0,,0.0,0.0,276.0,0,0,0.0,pool=kernel_fused_block_mean_bf16_read_fp32_acc_bf16_write,score=kernel_bf16_torch_matmul_acc_fp32_bf16_out,select=torch_topk_native_tiebreak
VD_TORCH_TOPK,9,0.9,tiebreak_control,torch.topk tie-break instead of VSA's index-order threshold rule,bf16,kernel,kernel,torch_topk,1440,1.0,0.0,1.0,0.9999902437615106,0.0,0.0,0.0,1.0,,0.0013690511329269542,0.3001735210418701,0.9603249132633209,0.3001735210418701,0.0,0.0,0.0,0.0,0.0,0.0,0.0,,0.0,0.0,264.0,0,0,0.0,pool=kernel_fused_block_mean_bf16_read_fp32_acc_bf16_write,score=kernel_bf16_torch_matmul_acc_fp32_bf16_out,select=torch_topk_native_tiebreak
VD_TORCH_TOPK,9,0.95,tiebreak_control,torch.topk tie-break instead of VSA's index-order threshold rule,bf16,kernel,kernel,torch_topk,1440,1.0,0.0,1.0,0.9999902437615106,0.0,0.0,0.0,1.0,,0.002123993902259912,0.37380023300647736,0.9432219862937927,0.37380023300647736,0.0,0.0,0.0,0.0,0.0,0.0,0.0,,0.0,0.0,228.0,0,0,0.0,pool=kernel_fused_block_mean_bf16_read_fp32_acc_bf16_write,score=kernel_bf16_torch_matmul_acc_fp32_bf16_out,select=torch_topk_native_tiebreak
