arm,prompt_id,sparsity,intervention_kind,purpose,representation,pool,score,selection_rule,n_cells,jaccard_median,jaccard_iqr,recall_median,spearman_rho_vs_exact_median,swaps_per_query_block_median,frac_query_blocks_changed_median,frac_decisions_changed_median,frac_cells_mask_identical_to_deployed,changed_pair_gap_fp64_median,reference_margin_norm_fp64_median,rel_l2_median,cosine_median,sparsification_error_median,wrong_mask_excess_median,wrong_mask_excess_iqr,signed_wrong_mask_over_sparsification_median,abs_wrong_mask_over_sparsification_median,abs_wrong_mask_over_sparsification_p90,frac_cells_arm_worse_than_deployed,random_matched_excess_median,isolation_ratio_abs,frac_cells_random_worse_than_arm,representation_saturation_frac_median,deployed_score_ties_median,exact_ties_fp64_total,selector_budget_violating_rows_total,selector_budget_violating_frac_max,pool_semantics,score_semantics,select_semantics
V0,p01,0.8,reference_deployed,VSA as installed: fused_block_mean + bf16 matmul + fused_topk_mask,bf16,kernel,kernel,kernel,4320,1.0,0.0,1.0,0.9999892755161791,0.0,0.0,0.0,1.0,,0.0008585681424010778,0.18001074343919754,0.985014796257019,0.18001074343919754,0.0,0.0,0.0,0.0,0.0,0.0,,,,0.0,326.0,0,48,0.00013354700854700856,pool=kernel_fused_block_mean_bf16_read_fp32_acc_bf16_write,score=kernel_bf16_torch_matmul_acc_fp32_bf16_out,select=kernel_fused_topk_mask_fp32_bisect_index_order_ties
V0,p01,0.9,reference_deployed,VSA as installed: fused_block_mean + bf16 matmul + fused_topk_mask,bf16,kernel,kernel,kernel,4320,1.0,0.0,1.0,0.9999892755161791,0.0,0.0,0.0,1.0,,0.0012994446882484472,0.2611015737056732,0.9701983034610748,0.2611015737056732,0.0,0.0,0.0,0.0,0.0,0.0,,,,0.0,302.0,0,12,0.00013354700854700856,pool=kernel_fused_block_mean_bf16_read_fp32_acc_bf16_write,score=kernel_bf16_torch_matmul_acc_fp32_bf16_out,select=kernel_fused_topk_mask_fp32_bisect_index_order_ties
V0,p01,0.95,reference_deployed,VSA as installed: fused_block_mean + bf16 matmul + fused_topk_mask,bf16,kernel,kernel,kernel,4320,1.0,0.0,1.0,0.9999892755161791,0.0,0.0,0.0,1.0,,0.0021088596427138915,0.32723937928676605,0.9552323520183563,0.32723937928676605,0.0,0.0,0.0,0.0,0.0,0.0,,,,0.0,249.0,0,12,0.00013354700854700856,pool=kernel_fused_block_mean_bf16_read_fp32_acc_bf16_write,score=kernel_bf16_torch_matmul_acc_fp32_bf16_out,select=kernel_fused_topk_mask_fp32_bisect_index_order_ties
V0,p02,0.8,reference_deployed,VSA as installed: fused_block_mean + bf16 matmul + fused_topk_mask,bf16,kernel,kernel,kernel,4320,1.0,0.0,1.0,0.9999892711557499,0.0,0.0,0.0,1.0,,0.0008351908232747366,0.17285160720348358,0.9867823421955109,0.17285160720348358,0.0,0.0,0.0,0.0,0.0,0.0,,,,0.0,324.0,0,48,0.00013354700854700856,pool=kernel_fused_block_mean_bf16_read_fp32_acc_bf16_write,score=kernel_bf16_torch_matmul_acc_fp32_bf16_out,select=kernel_fused_topk_mask_fp32_bisect_index_order_ties
V0,p02,0.9,reference_deployed,VSA as installed: fused_block_mean + bf16 matmul + fused_topk_mask,bf16,kernel,kernel,kernel,4320,1.0,0.0,1.0,0.9999892711557499,0.0,0.0,0.0,1.0,,0.0012886912384254827,0.25705498456954956,0.9725781083106995,0.25705498456954956,0.0,0.0,0.0,0.0,0.0,0.0,,,,0.0,297.0,0,0,0.0,pool=kernel_fused_block_mean_bf16_read_fp32_acc_bf16_write,score=kernel_bf16_torch_matmul_acc_fp32_bf16_out,select=kernel_fused_topk_mask_fp32_bisect_index_order_ties
V0,p02,0.95,reference_deployed,VSA as installed: fused_block_mean + bf16 matmul + fused_topk_mask,bf16,kernel,kernel,kernel,4320,1.0,0.0,1.0,0.9999892711557499,0.0,0.0,0.0,1.0,,0.0021243144700614273,0.33039841055870056,0.9574829936027527,0.33039841055870056,0.0,0.0,0.0,0.0,0.0,0.0,,,,0.0,243.5,0,12,0.00013354700854700856,pool=kernel_fused_block_mean_bf16_read_fp32_acc_bf16_write,score=kernel_bf16_torch_matmul_acc_fp32_bf16_out,select=kernel_fused_topk_mask_fp32_bisect_index_order_ties
V0,p03,0.8,reference_deployed,VSA as installed: fused_block_mean + bf16 matmul + fused_topk_mask,bf16,kernel,kernel,kernel,4320,1.0,0.0,1.0,0.9999896799251609,0.0,0.0,0.0,1.0,,0.0008336685779420485,0.17780262231826782,0.9856784343719482,0.17780262231826782,0.0,0.0,0.0,0.0,0.0,0.0,,,,0.0,324.0,0,12,0.00013354700854700856,pool=kernel_fused_block_mean_bf16_read_fp32_acc_bf16_write,score=kernel_bf16_torch_matmul_acc_fp32_bf16_out,select=kernel_fused_topk_mask_fp32_bisect_index_order_ties
V0,p03,0.9,reference_deployed,VSA as installed: fused_block_mean + bf16 matmul + fused_topk_mask,bf16,kernel,kernel,kernel,4320,1.0,0.0,1.0,0.9999896799251609,0.0,0.0,0.0,1.0,,0.0012806769398954,0.2603085935115814,0.9713067710399628,0.2603085935115814,0.0,0.0,0.0,0.0,0.0,0.0,,,,0.0,299.0,0,0,0.0,pool=kernel_fused_block_mean_bf16_read_fp32_acc_bf16_write,score=kernel_bf16_torch_matmul_acc_fp32_bf16_out,select=kernel_fused_topk_mask_fp32_bisect_index_order_ties
V0,p03,0.95,reference_deployed,VSA as installed: fused_block_mean + bf16 matmul + fused_topk_mask,bf16,kernel,kernel,kernel,4320,1.0,0.0,1.0,0.9999896799251609,0.0,0.0,0.0,1.0,,0.0020853210010376806,0.33439214527606964,0.9567857682704926,0.33439214527606964,0.0,0.0,0.0,0.0,0.0,0.0,,,,0.0,244.0,0,0,0.0,pool=kernel_fused_block_mean_bf16_read_fp32_acc_bf16_write,score=kernel_bf16_torch_matmul_acc_fp32_bf16_out,select=kernel_fused_topk_mask_fp32_bisect_index_order_ties
V0,p04,0.8,reference_deployed,VSA as installed: fused_block_mean + bf16 matmul + fused_topk_mask,bf16,kernel,kernel,kernel,4320,1.0,0.0,1.0,0.9999899630063247,0.0,0.0,0.0,1.0,,0.0008332509353356908,0.19740910828113556,0.9824744462966919,0.19740910828113556,0.0,0.0,0.0,0.0,0.0,0.0,,,,0.0,314.0,0,48,0.00013354700854700856,pool=kernel_fused_block_mean_bf16_read_fp32_acc_bf16_write,score=kernel_bf16_torch_matmul_acc_fp32_bf16_out,select=kernel_fused_topk_mask_fp32_bisect_index_order_ties
V0,p04,0.9,reference_deployed,VSA as installed: fused_block_mean + bf16 matmul + fused_topk_mask,bf16,kernel,kernel,kernel,4320,1.0,0.0,1.0,0.9999899630063247,0.0,0.0,0.0,1.0,,0.0013032289814614642,0.2775108963251114,0.9677035212516785,0.2775108963251114,0.0,0.0,0.0,0.0,0.0,0.0,,,,0.0,287.0,0,12,0.00013354700854700856,pool=kernel_fused_block_mean_bf16_read_fp32_acc_bf16_write,score=kernel_bf16_torch_matmul_acc_fp32_bf16_out,select=kernel_fused_topk_mask_fp32_bisect_index_order_ties
V0,p04,0.95,reference_deployed,VSA as installed: fused_block_mean + bf16 matmul + fused_topk_mask,bf16,kernel,kernel,kernel,4320,1.0,0.0,1.0,0.9999899630063247,0.0,0.0,0.0,1.0,,0.002138433722699777,0.34619317948818207,0.9526274502277374,0.34619317948818207,0.0,0.0,0.0,0.0,0.0,0.0,,,,0.0,235.0,0,0,0.0,pool=kernel_fused_block_mean_bf16_read_fp32_acc_bf16_write,score=kernel_bf16_torch_matmul_acc_fp32_bf16_out,select=kernel_fused_topk_mask_fp32_bisect_index_order_ties
V0,p05,0.8,reference_deployed,VSA as installed: fused_block_mean + bf16 matmul + fused_topk_mask,bf16,kernel,kernel,kernel,4320,1.0,0.0,1.0,0.9999891508429006,0.0,0.0,0.0,1.0,,0.0008251885081836032,0.16921859979629517,0.9869786500930786,0.16921859979629517,0.0,0.0,0.0,0.0,0.0,0.0,,,,0.0,328.0,0,12,0.00013354700854700856,pool=kernel_fused_block_mean_bf16_read_fp32_acc_bf16_write,score=kernel_bf16_torch_matmul_acc_fp32_bf16_out,select=kernel_fused_topk_mask_fp32_bisect_index_order_ties
V0,p05,0.9,reference_deployed,VSA as installed: fused_block_mean + bf16 matmul + fused_topk_mask,bf16,kernel,kernel,kernel,4320,1.0,0.0,1.0,0.9999891508429006,0.0,0.0,0.0,1.0,,0.0012665848812426499,0.24947474896907806,0.9734777808189392,0.24947474896907806,0.0,0.0,0.0,0.0,0.0,0.0,,,,0.0,301.0,0,12,0.00013354700854700856,pool=kernel_fused_block_mean_bf16_read_fp32_acc_bf16_write,score=kernel_bf16_torch_matmul_acc_fp32_bf16_out,select=kernel_fused_topk_mask_fp32_bisect_index_order_ties
V0,p05,0.95,reference_deployed,VSA as installed: fused_block_mean + bf16 matmul + fused_topk_mask,bf16,kernel,kernel,kernel,4320,1.0,0.0,1.0,0.9999891508429006,0.0,0.0,0.0,1.0,,0.002076267647233391,0.31253038346767426,0.9601978957653046,0.31253038346767426,0.0,0.0,0.0,0.0,0.0,0.0,,,,0.0,246.0,0,0,0.0,pool=kernel_fused_block_mean_bf16_read_fp32_acc_bf16_write,score=kernel_bf16_torch_matmul_acc_fp32_bf16_out,select=kernel_fused_topk_mask_fp32_bisect_index_order_ties
V0,p06,0.8,reference_deployed,VSA as installed: fused_block_mean + bf16 matmul + fused_topk_mask,bf16,kernel,kernel,kernel,4320,1.0,0.0,1.0,0.9999901237863518,0.0,0.0,0.0,1.0,,0.0008288105597913729,0.21330200135707855,0.9800848960876465,0.21330200135707855,0.0,0.0,0.0,0.0,0.0,0.0,,,,0.0,312.0,0,24,0.00013354700854700856,pool=kernel_fused_block_mean_bf16_read_fp32_acc_bf16_write,score=kernel_bf16_torch_matmul_acc_fp32_bf16_out,select=kernel_fused_topk_mask_fp32_bisect_index_order_ties
V0,p06,0.9,reference_deployed,VSA as installed: fused_block_mean + bf16 matmul + fused_topk_mask,bf16,kernel,kernel,kernel,4320,1.0,0.0,1.0,0.9999901237863518,0.0,0.0,0.0,1.0,,0.001283386818593608,0.2981490343809128,0.9637621343135834,0.2981490343809128,0.0,0.0,0.0,0.0,0.0,0.0,,,,0.0,288.0,0,12,0.00013354700854700856,pool=kernel_fused_block_mean_bf16_read_fp32_acc_bf16_write,score=kernel_bf16_torch_matmul_acc_fp32_bf16_out,select=kernel_fused_topk_mask_fp32_bisect_index_order_ties
V0,p06,0.95,reference_deployed,VSA as installed: fused_block_mean + bf16 matmul + fused_topk_mask,bf16,kernel,kernel,kernel,4320,1.0,0.0,1.0,0.9999901237863518,0.0,0.0,0.0,1.0,,0.002080408652207129,0.36923445761203766,0.9473205506801605,0.36923445761203766,0.0,0.0,0.0,0.0,0.0,0.0,,,,0.0,237.0,0,0,0.0,pool=kernel_fused_block_mean_bf16_read_fp32_acc_bf16_write,score=kernel_bf16_torch_matmul_acc_fp32_bf16_out,select=kernel_fused_topk_mask_fp32_bisect_index_order_ties
V0,p07,0.8,reference_deployed,VSA as installed: fused_block_mean + bf16 matmul + fused_topk_mask,bf16,kernel,kernel,kernel,4320,1.0,0.0,1.0,0.9999883392364485,0.0,0.0,0.0,1.0,,0.0008497264859377683,0.21059146523475647,0.9792725443840027,0.21059146523475647,0.0,0.0,0.0,0.0,0.0,0.0,,,,0.0,345.0,0,36,0.00013354700854700856,pool=kernel_fused_block_mean_bf16_read_fp32_acc_bf16_write,score=kernel_bf16_torch_matmul_acc_fp32_bf16_out,select=kernel_fused_topk_mask_fp32_bisect_index_order_ties
V0,p07,0.9,reference_deployed,VSA as installed: fused_block_mean + bf16 matmul + fused_topk_mask,bf16,kernel,kernel,kernel,4320,1.0,0.0,1.0,0.9999883392364485,0.0,0.0,0.0,1.0,,0.0012854724620193713,0.3326541930437088,0.9517916142940521,0.3326541930437088,0.0,0.0,0.0,0.0,0.0,0.0,,,,0.0,320.0,0,0,0.0,pool=kernel_fused_block_mean_bf16_read_fp32_acc_bf16_write,score=kernel_bf16_torch_matmul_acc_fp32_bf16_out,select=kernel_fused_topk_mask_fp32_bisect_index_order_ties
V0,p07,0.95,reference_deployed,VSA as installed: fused_block_mean + bf16 matmul + fused_topk_mask,bf16,kernel,kernel,kernel,4320,1.0,0.0,1.0,0.9999883392364485,0.0,0.0,0.0,1.0,,0.0020518228098484487,0.4043515473604202,0.9301071465015411,0.4043515473604202,0.0,0.0,0.0,0.0,0.0,0.0,,,,0.0,265.0,0,12,0.00013354700854700856,pool=kernel_fused_block_mean_bf16_read_fp32_acc_bf16_write,score=kernel_bf16_torch_matmul_acc_fp32_bf16_out,select=kernel_fused_topk_mask_fp32_bisect_index_order_ties
V0,p08,0.8,reference_deployed,VSA as installed: fused_block_mean + bf16 matmul + fused_topk_mask,bf16,kernel,kernel,kernel,4320,1.0,0.0,1.0,0.9999901514530942,0.0,0.0,0.0,1.0,,0.0008564789877889672,0.2211449071764946,0.9780453443527222,0.2211449071764946,0.0,0.0,0.0,0.0,0.0,0.0,,,,0.0,309.0,0,36,0.00013354700854700856,pool=kernel_fused_block_mean_bf16_read_fp32_acc_bf16_write,score=kernel_bf16_torch_matmul_acc_fp32_bf16_out,select=kernel_fused_topk_mask_fp32_bisect_index_order_ties
V0,p08,0.9,reference_deployed,VSA as installed: fused_block_mean + bf16 matmul + fused_topk_mask,bf16,kernel,kernel,kernel,4320,1.0,0.0,1.0,0.9999901514530942,0.0,0.0,0.0,1.0,,0.0013042710279578037,0.30331985652446747,0.9612035155296326,0.30331985652446747,0.0,0.0,0.0,0.0,0.0,0.0,,,,0.0,288.0,0,0,0.0,pool=kernel_fused_block_mean_bf16_read_fp32_acc_bf16_write,score=kernel_bf16_torch_matmul_acc_fp32_bf16_out,select=kernel_fused_topk_mask_fp32_bisect_index_order_ties
V0,p08,0.95,reference_deployed,VSA as installed: fused_block_mean + bf16 matmul + fused_topk_mask,bf16,kernel,kernel,kernel,4320,1.0,0.0,1.0,0.9999901514530942,0.0,0.0,0.0,1.0,,0.002111601970547155,0.3667117804288864,0.9455308020114899,0.3667117804288864,0.0,0.0,0.0,0.0,0.0,0.0,,,,0.0,236.0,0,0,0.0,pool=kernel_fused_block_mean_bf16_read_fp32_acc_bf16_write,score=kernel_bf16_torch_matmul_acc_fp32_bf16_out,select=kernel_fused_topk_mask_fp32_bisect_index_order_ties
V0,p09,0.8,reference_deployed,VSA as installed: fused_block_mean + bf16 matmul + fused_topk_mask,bf16,kernel,kernel,kernel,4320,1.0,0.0,1.0,0.9999893663079429,0.0,0.0,0.0,1.0,,0.0008543472024638636,0.19661778956651688,0.9824224412441254,0.19661778956651688,0.0,0.0,0.0,0.0,0.0,0.0,,,,0.0,323.0,0,12,0.00013354700854700856,pool=kernel_fused_block_mean_bf16_read_fp32_acc_bf16_write,score=kernel_bf16_torch_matmul_acc_fp32_bf16_out,select=kernel_fused_topk_mask_fp32_bisect_index_order_ties
V0,p09,0.9,reference_deployed,VSA as installed: fused_block_mean + bf16 matmul + fused_topk_mask,bf16,kernel,kernel,kernel,4320,1.0,0.0,1.0,0.9999893663079429,0.0,0.0,0.0,1.0,,0.0013060027830985514,0.2836446613073349,0.9656409919261932,0.2836446613073349,0.0,0.0,0.0,0.0,0.0,0.0,,,,0.0,299.0,0,24,0.00013354700854700856,pool=kernel_fused_block_mean_bf16_read_fp32_acc_bf16_write,score=kernel_bf16_torch_matmul_acc_fp32_bf16_out,select=kernel_fused_topk_mask_fp32_bisect_index_order_ties
V0,p09,0.95,reference_deployed,VSA as installed: fused_block_mean + bf16 matmul + fused_topk_mask,bf16,kernel,kernel,kernel,4320,1.0,0.0,1.0,0.9999893663079429,0.0,0.0,0.0,1.0,,0.002116150922193984,0.3576381057500839,0.9480597674846649,0.3576381057500839,0.0,0.0,0.0,0.0,0.0,0.0,,,,0.0,245.0,0,0,0.0,pool=kernel_fused_block_mean_bf16_read_fp32_acc_bf16_write,score=kernel_bf16_torch_matmul_acc_fp32_bf16_out,select=kernel_fused_topk_mask_fp32_bisect_index_order_ties
V0,p10,0.8,reference_deployed,VSA as installed: fused_block_mean + bf16 matmul + fused_topk_mask,bf16,kernel,kernel,kernel,4320,1.0,0.0,1.0,0.9999896445471255,0.0,0.0,0.0,1.0,,0.0008237585746623478,0.19113872200250626,0.983813464641571,0.19113872200250626,0.0,0.0,0.0,0.0,0.0,0.0,,,,0.0,315.0,0,60,0.00013354700854700856,pool=kernel_fused_block_mean_bf16_read_fp32_acc_bf16_write,score=kernel_bf16_torch_matmul_acc_fp32_bf16_out,select=kernel_fused_topk_mask_fp32_bisect_index_order_ties
V0,p10,0.9,reference_deployed,VSA as installed: fused_block_mean + bf16 matmul + fused_topk_mask,bf16,kernel,kernel,kernel,4320,1.0,0.0,1.0,0.9999896445471255,0.0,0.0,0.0,1.0,,0.0012651926104980948,0.2690359801054001,0.9697725474834442,0.2690359801054001,0.0,0.0,0.0,0.0,0.0,0.0,,,,0.0,289.0,0,12,0.00013354700854700856,pool=kernel_fused_block_mean_bf16_read_fp32_acc_bf16_write,score=kernel_bf16_torch_matmul_acc_fp32_bf16_out,select=kernel_fused_topk_mask_fp32_bisect_index_order_ties
V0,p10,0.95,reference_deployed,VSA as installed: fused_block_mean + bf16 matmul + fused_topk_mask,bf16,kernel,kernel,kernel,4320,1.0,0.0,1.0,0.9999896445471255,0.0,0.0,0.0,1.0,,0.002058497373744323,0.3347241282463074,0.9562333822250366,0.3347241282463074,0.0,0.0,0.0,0.0,0.0,0.0,,,,0.0,238.0,0,0,0.0,pool=kernel_fused_block_mean_bf16_read_fp32_acc_bf16_write,score=kernel_bf16_torch_matmul_acc_fp32_bf16_out,select=kernel_fused_topk_mask_fp32_bisect_index_order_ties
V0_FP64,p01,0.8,reference_exact,exact selector on the same bf16 Q/K: how far deployed VSA already is from optimal,bf16,fp64,fp64,exact_index_order,4320,0.9934064249022464,0.006030844742713315,0.9966923076923077,0.9999999999999996,0.41346153846153844,0.3814102564102564,0.0013251972386587772,0.0,0.0009128957988963638,0.0008585681424010778,0.18011361360549927,0.9849721193313599,0.18001074343919754,0.00020123645663261414,0.000308845192193985,0.0011791795696600017,0.001193980655036978,0.0031898393722775004,0.9268518518518518,-0.00035550445318222046,1.7666006405153742,0.337037037037037,0.0,0.0,0,0,0.0,pool=fp64_values_acc_fp64_valid_token_denominator,score=fp64_values_acc_fp64,select=exact_stable_sort_index_order_ties_at_float64
V0_FP64,p01,0.9,reference_exact,exact selector on the same bf16 Q/K: how far deployed VSA already is from optimal,bf16,fp64,fp64,exact_index_order,4320,0.9888194672804999,0.008539837046201981,0.9943783068783069,0.9999999999999996,0.35416666666666663,0.3333333333333333,0.0011351495726495727,0.0,0.0011302706573528734,0.0012994446882484472,0.2614784836769104,0.9700455963611603,0.2611015737056732,0.0003728941082954407,0.000621085986495018,0.0015658927378862496,0.0015971844844286137,0.004687227051152451,0.9254629629629629,-0.001076340675354004,2.886451277747807,0.29189814814814813,0.0,0.0,0,0,0.0,pool=fp64_values_acc_fp64_valid_token_denominator,score=fp64_values_acc_fp64,select=exact_stable_sort_index_order_ties_at_float64
V0_FP64,p01,0.95,reference_exact,exact selector on the same bf16 Q/K: how far deployed VSA already is from optimal,bf16,fp64,fp64,exact_index_order,4320,0.983411969207847,0.012194220693728886,0.9916366185897436,0.9999999999999996,0.2676282051282051,0.25721153846153844,0.0008577827087442472,0.0,0.001263129928100252,0.0021088596427138915,0.32763855159282684,0.955064207315445,0.32723937928676605,0.0005383938550949097,0.0008783042430877686,0.0017561147902360858,0.001814818730432583,0.005122769909828806,0.9076388888888889,-0.0019059926271438599,3.5401455813567297,0.27708333333333335,0.0,0.0,0,0,0.0,pool=fp64_values_acc_fp64_valid_token_denominator,score=fp64_values_acc_fp64,select=exact_stable_sort_index_order_ties_at_float64
V0_FP64,p02,0.8,reference_exact,exact selector on the same bf16 Q/K: how far deployed VSA already is from optimal,bf16,fp64,fp64,exact_index_order,4320,0.9935083190635623,0.005650226526027757,0.9967435897435898,0.9999999999999996,0.40705128205128205,0.375,0.0013046515450361605,0.0,0.0008697338579999737,0.0008351908232747366,0.1731119602918625,0.9867611229419708,0.17285160720348358,0.00017305463552474976,0.0003212280571460724,0.0011283059786754137,0.0011418643542849584,0.003145473332363026,0.9155092592592593,-0.00012482702732086182,0.7213157101648943,0.42453703703703705,0.0,0.0,0,0,0.0,pool=fp64_values_acc_fp64_valid_token_denominator,score=fp64_values_acc_fp64,select=exact_stable_sort_index_order_ties_at_float64
V0_FP64,p02,0.9,reference_exact,exact selector on the same bf16 Q/K: how far deployed VSA already is from optimal,bf16,fp64,fp64,exact_index_order,4320,0.9890710382513661,0.007840910291508463,0.9945054945054945,0.9999999999999996,0.34615384615384615,0.3269230769230769,0.0011094674556213018,0.0,0.0010853879845255853,0.0012886912384254827,0.25756585597991943,0.9724827408790588,0.25705498456954956,0.0003573596477508545,0.0006759501993656158,0.0015324780336469445,0.0015509295733229,0.0045687077355294845,0.9189814814814815,-0.0005751252174377441,1.6093736969393713,0.37037037037037035,0.0,0.0,0,0,0.0,pool=fp64_values_acc_fp64_valid_token_denominator,score=fp64_values_acc_fp64,select=exact_stable_sort_index_order_ties_at_float64
V0_FP64,p02,0.95,reference_exact,exact selector on the same bf16 Q/K: how far deployed VSA already is from optimal,bf16,fp64,fp64,exact_index_order,4320,0.9841017488076311,0.010828175941363982,0.9919871794871795,0.9999999999999996,0.2564102564102564,0.2483974358974359,0.000821827744904668,0.0,0.0012177168357632862,0.0021243144700614273,0.33060576021671295,0.9573547840118408,0.33039841055870056,0.0005243197083473206,0.0009894929826259613,0.0017467379555220117,0.001779250365488554,0.005180650205881472,0.9173611111111111,-0.0010603740811347961,2.022380742614355,0.35162037037037036,0.0,0.0,0,0,0.0,pool=fp64_values_acc_fp64_valid_token_denominator,score=fp64_values_acc_fp64,select=exact_stable_sort_index_order_ties_at_float64
V0_FP64,p03,0.8,reference_exact,exact selector on the same bf16 Q/K: how far deployed VSA already is from optimal,bf16,fp64,fp64,exact_index_order,4320,0.9935083190635623,0.005732449955840768,0.9967435897435898,0.9999999999999996,0.40705128205128205,0.375,0.0013046515450361605,0.0,0.0008575051533141001,0.0008336685779420485,0.1781453788280487,0.9856626093387604,0.17780262231826782,0.0001565106213092804,0.0003115404397249222,0.0009802582105972574,0.0010141236496295824,0.0029846500736607764,0.8912037037037037,-0.00017610937356948853,1.1252231452169568,0.4131944444444444,0.0,0.0,0,0,0.0,pool=fp64_values_acc_fp64_valid_token_denominator,score=fp64_values_acc_fp64,select=exact_stable_sort_index_order_ties_at_float64
V0_FP64,p03,0.9,reference_exact,exact selector on the same bf16 Q/K: how far deployed VSA already is from optimal,bf16,fp64,fp64,exact_index_order,4320,0.9890710382513661,0.007890175427741508,0.9945054945054945,0.9999999999999996,0.34615384615384615,0.3269230769230769,0.0011094674556213018,0.0,0.0010786983858466865,0.0012806769398954,0.26101039350032806,0.971123993396759,0.2603085935115814,0.00035337358713150024,0.0007243864238262177,0.001503175591919161,0.0015312629799615835,0.00460354260152963,0.919212962962963,-0.0006702318787574768,1.8966665963861773,0.36041666666666666,0.0,0.0,0,0,0.0,pool=fp64_values_acc_fp64_valid_token_denominator,score=fp64_values_acc_fp64,select=exact_stable_sort_index_order_ties_at_float64
V0_FP64,p03,0.95,reference_exact,exact selector on the same bf16 Q/K: how far deployed VSA already is from optimal,bf16,fp64,fp64,exact_index_order,4320,0.9839538997312343,0.011219705739860308,0.9919120592948718,0.9999999999999996,0.25881410256410253,0.25,0.0008295323800131492,0.0,0.0012098927865737761,0.0020853210010376806,0.33533936738967896,0.9565919041633606,0.33439214527606964,0.0005460977554321289,0.0010519921779632568,0.0017250762122682588,0.0017681510405517628,0.005119435705881191,0.924537037037037,-0.0012217238545417786,2.2371889325474785,0.33564814814814814,0.0,0.0,0,0,0.0,pool=fp64_values_acc_fp64_valid_token_denominator,score=fp64_values_acc_fp64,select=exact_stable_sort_index_order_ties_at_float64
V0_FP64,p04,0.8,reference_exact,exact selector on the same bf16 Q/K: how far deployed VSA already is from optimal,bf16,fp64,fp64,exact_index_order,4320,0.9937885817261608,0.005041063147762093,0.9968846153846154,0.9999999999999996,0.3894230769230769,0.3605769230769231,0.0012481508875739646,0.0,0.0008040969226469916,0.0008332509353356908,0.19767455011606216,0.982464075088501,0.19740910828113556,0.00012953951954841614,0.00026231445372104645,0.0007006536504941065,0.0007337249798766352,0.002363892286625875,0.8629629629629629,-0.00033674389123916626,2.5995456244787625,0.3439814814814815,0.0,0.0,0,0,0.0,pool=fp64_values_acc_fp64_valid_token_denominator,score=fp64_values_acc_fp64,select=exact_stable_sort_index_order_ties_at_float64
V0_FP64,p04,0.9,reference_exact,exact selector on the same bf16 Q/K: how far deployed VSA already is from optimal,bf16,fp64,fp64,exact_index_order,4320,0.9895743711726301,0.006839808859369523,0.9947598697598697,0.9999999999999996,0.3301282051282051,0.3125,0.00105810322156476,0.0,0.0010176401189697514,0.0013032289814614642,0.2779788672924042,0.9675535261631012,0.2775108963251114,0.00028099119663238525,0.0005613230168819427,0.0010258237268329364,0.0010679608118993092,0.003344792447739946,0.8886574074074074,-0.0009876042604446411,3.5147160205759134,0.2965277777777778,0.0,0.0,0,0,0.0,pool=fp64_values_acc_fp64_valid_token_denominator,score=fp64_values_acc_fp64,select=exact_stable_sort_index_order_ties_at_float64
V0_FP64,p04,0.95,reference_exact,exact selector on the same bf16 Q/K: how far deployed VSA already is from optimal,bf16,fp64,fp64,exact_index_order,4320,0.9847920083494857,0.00975260612077622,0.9923377403846154,0.9999999999999996,0.24519230769230768,0.23717948717948717,0.0007858727810650888,0.0,0.0011591191854986396,0.002138433722699777,0.3468366265296936,0.9523391425609589,0.34619317948818207,0.00044793635606765747,0.0008497815579175949,0.0012963950168893706,0.0013532932012372272,0.004192293369122267,0.8905092592592593,-0.0017433464527130127,3.891951231682773,0.2708333333333333,0.0,0.0,0,0,0.0,pool=fp64_values_acc_fp64_valid_token_denominator,score=fp64_values_acc_fp64,select=exact_stable_sort_index_order_ties_at_float64
V0_FP64,p05,0.8,reference_exact,exact selector on the same bf16 Q/K: how far deployed VSA already is from optimal,bf16,fp64,fp64,exact_index_order,4320,0.9934064249022464,0.005929209331714147,0.9966923076923077,0.9999999999999996,0.41346153846153844,0.3814102564102564,0.0013251972386587772,0.0,0.0008758465725961064,0.0008251885081836032,0.1694384589791298,0.9869432747364044,0.16921859979629517,0.00017980486154556274,0.00031572580337524414,0.0011381342229320104,0.0011674273258840688,0.003139612222707499,0.9171296296296296,-0.00019918382167816162,1.1077777317366262,0.39837962962962964,0.0,0.0,0,0,0.0,pool=fp64_values_acc_fp64_valid_token_denominator,score=fp64_values_acc_fp64,select=exact_stable_sort_index_order_ties_at_float64
V0_FP64,p05,0.9,reference_exact,exact selector on the same bf16 Q/K: how far deployed VSA already is from optimal,bf16,fp64,fp64,exact_index_order,4320,0.9889200880321772,0.008240094583136015,0.994429181929182,0.9999999999999996,0.35096153846153844,0.328525641025641,0.0011248767258382644,0.0,0.0010800119402931945,0.0012665848812426499,0.24998463690280914,0.9733259677886963,0.24947474896907806,0.0003649964928627014,0.0006956979632377625,0.0016319657964996115,0.001653547070651925,0.0047017881376043924,0.9300925925925926,-0.0006933808326721191,1.8996917675396519,0.3511574074074074,0.0,0.0,0,0,0.0,pool=fp64_values_acc_fp64_valid_token_denominator,score=fp64_values_acc_fp64,select=exact_stable_sort_index_order_ties_at_float64
V0_FP64,p05,0.95,reference_exact,exact selector on the same bf16 Q/K: how far deployed VSA already is from optimal,bf16,fp64,fp64,exact_index_order,4320,0.9838553451050611,0.011611080515422367,0.9918619791666667,0.9999999999999996,0.26041666666666663,0.2516025641025641,0.0008346688034188035,0.0,0.0012151421764457692,0.002076267647233391,0.3129686266183853,0.9600237011909485,0.31253038346767426,0.0005155950784683228,0.0009388662874698639,0.0017783540685965779,0.0018117341628636646,0.005092750398304008,0.9171296296296296,-0.0013120248913764954,2.544680789572556,0.32314814814814813,0.0,0.0,0,0,0.0,pool=fp64_values_acc_fp64_valid_token_denominator,score=fp64_values_acc_fp64,select=exact_stable_sort_index_order_ties_at_float64
V0_FP64,p06,0.8,reference_exact,exact selector on the same bf16 Q/K: how far deployed VSA already is from optimal,bf16,fp64,fp64,exact_index_order,4320,0.9938268055491107,0.005066717327311565,0.9969038461538462,0.9999999999999996,0.3870192307692307,0.358974358974359,0.0012404462524654833,0.0,0.0007865334899978706,0.0008288105597913729,0.21360892057418823,0.9800215363502502,0.21330200135707855,0.00014900416135787964,0.0002647973597049713,0.0007315654388291438,0.000796331445760844,0.00238694155708139,0.8564814814814815,-0.00037404149770736694,2.5102755137756887,0.33773148148148147,0.0,0.0,0,0,0.0,pool=fp64_values_acc_fp64_valid_token_denominator,score=fp64_values_acc_fp64,select=exact_stable_sort_index_order_ties_at_float64
V0_FP64,p06,0.9,reference_exact,exact selector on the same bf16 Q/K: how far deployed VSA already is from optimal,bf16,fp64,fp64,exact_index_order,4320,0.9895491987951514,0.006940745972149331,0.994747150997151,0.9999999999999996,0.33092948717948717,0.3125,0.0010606714332675872,0.0,0.0010108090387755076,0.001283386818593608,0.2985922247171402,0.9637080430984497,0.2981490343809128,0.00029809772968292236,0.0005679670721292496,0.0010562283234955667,0.0011274733989120023,0.00354481918752366,0.8689814814814815,-0.0010713711380958557,3.594026493376656,0.30069444444444443,0.0,0.0,0,0,0.0,pool=fp64_values_acc_fp64_valid_token_denominator,score=fp64_values_acc_fp64,select=exact_stable_sort_index_order_ties_at_float64
V0_FP64,p06,0.95,reference_exact,exact selector on the same bf16 Q/K: how far deployed VSA already is from optimal,bf16,fp64,fp64,exact_index_order,4320,0.984594742334642,0.01024262467257242,0.9922375801282052,0.9999999999999996,0.24839743589743588,0.2403846153846154,0.0007961456278763971,0.0,0.0011396292383974624,0.002080408652207129,0.36968815326690674,0.9471822679042816,0.36923445761203766,0.00046071410179138184,0.0009277239441871643,0.001287971925567232,0.001399766790931462,0.004288743716156284,0.8629629629629629,-0.001958414912223816,4.250824762274403,0.2675925925925926,0.0,0.0,0,0,0.0,pool=fp64_values_acc_fp64_valid_token_denominator,score=fp64_values_acc_fp64,select=exact_stable_sort_index_order_ties_at_float64
V0_FP64,p07,0.8,reference_exact,exact selector on the same bf16 Q/K: how far deployed VSA already is from optimal,bf16,fp64,fp64,exact_index_order,4320,0.9927316391669327,0.006974571136239671,0.9963525641025641,0.9999999999999996,0.45592948717948717,0.41025641025641024,0.0014613124589086127,0.0,0.00100737408316215,0.0008497264859377683,0.2109062299132347,0.9792095422744751,0.21059146523475647,0.00022962689399719238,0.0004331357777118683,0.0012924104087060231,0.001309772531188823,0.004030341847256045,0.9208333333333333,-0.0005296394228935242,2.3065217391304347,0.30300925925925926,0.0,0.0,0,0,0.0,pool=fp64_values_acc_fp64_valid_token_denominator,score=fp64_values_acc_fp64,select=exact_stable_sort_index_order_ties_at_float64
V0_FP64,p07,0.9,reference_exact,exact selector on the same bf16 Q/K: how far deployed VSA already is from optimal,bf16,fp64,fp64,exact_index_order,4320,0.9877133105802047,0.010338362868576811,0.9938186813186813,0.9999999999999996,0.3894230769230769,0.3573717948717949,0.0012481508875739646,0.0,0.0012219868592886905,0.0012854724620193713,0.3329578638076782,0.9515488147735596,0.3326541930437088,0.0005071423947811127,0.000999990850687027,0.0017559601886409637,0.0017890070752888444,0.006215498036590221,0.9291666666666667,-0.0021691322326660156,4.277166048407831,0.2324074074074074,0.0,0.0,0,0,0.0,pool=fp64_values_acc_fp64_valid_token_denominator,score=fp64_values_acc_fp64,select=exact_stable_sort_index_order_ties_at_float64
V0_FP64,p07,0.95,reference_exact,exact selector on the same bf16 Q/K: how far deployed VSA already is from optimal,bf16,fp64,fp64,exact_index_order,4320,0.9819354838709677,0.014631730647882923,0.9908854166666666,0.9999999999999996,0.29166666666666663,0.27724358974358976,0.0009348290598290599,0.0,0.0013453807518480159,0.0020518228098484487,0.4050765633583069,0.9298078715801239,0.4043515473604202,0.0006601810455322266,0.0012746378779411316,0.0018881450061458095,0.0019343567360650352,0.0065345013071100525,0.9180555555555555,-0.003897339105606079,5.903439869989166,0.2064814814814815,0.0,0.0,0,0,0.0,pool=fp64_values_acc_fp64_valid_token_denominator,score=fp64_values_acc_fp64,select=exact_stable_sort_index_order_ties_at_float64
V0_FP64,p08,0.8,reference_exact,exact selector on the same bf16 Q/K: how far deployed VSA already is from optimal,bf16,fp64,fp64,exact_index_order,4320,0.9939159998977479,0.004685940224826157,0.996948717948718,0.9999999999999996,0.3814102564102564,0.3541666666666667,0.0012224687705456936,0.0,0.0008067619149689849,0.0008564789877889672,0.22134288400411606,0.9780329167842865,0.2211449071764946,0.00011540204286575317,0.00023315474390983582,0.000558603357162654,0.0006235635384527937,0.001992410629386903,0.812962962962963,-0.0005181506276130676,4.4899606172122155,0.2831018518518518,0.0,0.0,0,0,0.0,pool=fp64_values_acc_fp64_valid_token_denominator,score=fp64_values_acc_fp64,select=exact_stable_sort_index_order_ties_at_float64
V0_FP64,p08,0.9,reference_exact,exact selector on the same bf16 Q/K: how far deployed VSA already is from optimal,bf16,fp64,fp64,exact_index_order,4320,0.9895743711726301,0.006639308529263643,0.9947598697598697,0.9999999999999996,0.3301282051282051,0.3125,0.00105810322156476,0.0,0.0010350855699065124,0.0013042710279578037,0.303927019238472,0.9611460268497467,0.30331985652446747,0.00023234635591506958,0.0005391351878643036,0.0008063354547459597,0.0008814516040653221,0.0031992813752055606,0.8293981481481482,-0.0014636814594268799,6.299567099567099,0.23078703703703704,0.0,0.0,0,0,0.0,pool=fp64_values_acc_fp64_valid_token_denominator,score=fp64_values_acc_fp64,select=exact_stable_sort_index_order_ties_at_float64
V0_FP64,p08,0.95,reference_exact,exact selector on the same bf16 Q/K: how far deployed VSA already is from optimal,bf16,fp64,fp64,exact_index_order,4320,0.984594742334642,0.009849650860755843,0.9922375801282052,0.9999999999999996,0.24839743589743588,0.2387820512820513,0.0007961456278763971,0.0,0.0011577731299950238,0.002111601970547155,0.36723653972148895,0.9454435706138611,0.3667117804288864,0.00039158761501312256,0.0008221324533224106,0.00107276445196758,0.001162095994019861,0.003872915950243922,0.8557870370370371,-0.002531304955482483,6.464210966931771,0.20625,0.0,0.0,0,0,0.0,pool=fp64_values_acc_fp64_valid_token_denominator,score=fp64_values_acc_fp64,select=exact_stable_sort_index_order_ties_at_float64
V0_FP64,p09,0.8,reference_exact,exact selector on the same bf16 Q/K: how far deployed VSA already is from optimal,bf16,fp64,fp64,exact_index_order,4320,0.9935083190635623,0.005777115446431891,0.9967435897435898,0.9999999999999996,0.40705128205128205,0.37419871794871795,0.0013046515450361605,0.0,0.000882015892399658,0.0008543472024638636,0.19681675732135773,0.9824336767196655,0.19661778956651688,0.00016675889492034912,0.00028300657868385315,0.000887835511407795,0.0009239279354521167,0.0027879216938753826,0.8895833333333333,-0.00040790438652038574,2.4460727370208204,0.33402777777777776,0.0,0.0,0,0,0.0,pool=fp64_values_acc_fp64_valid_token_denominator,score=fp64_values_acc_fp64,select=exact_stable_sort_index_order_ties_at_float64
V0_FP64,p09,0.9,reference_exact,exact selector on the same bf16 Q/K: how far deployed VSA already is from optimal,bf16,fp64,fp64,exact_index_order,4320,0.9888697763836891,0.007990688023629122,0.9944037444037443,0.9999999999999996,0.35256410256410253,0.3301282051282051,0.0011300131492439185,0.0,0.0011084030451047962,0.0013060027830985514,0.28423909842967987,0.9654636681079865,0.2836446613073349,0.0003805607557296753,0.0007328204810619354,0.0014026423783353738,0.0014288543593424497,0.0044528244241118205,0.9043981481481481,-0.0012577027082443237,3.304867066055836,0.2824074074074074,0.0,0.0,0,0,0.0,pool=fp64_values_acc_fp64_valid_token_denominator,score=fp64_values_acc_fp64,select=exact_stable_sort_index_order_ties_at_float64
V0_FP64,p09,0.95,reference_exact,exact selector on the same bf16 Q/K: how far deployed VSA already is from optimal,bf16,fp64,fp64,exact_index_order,4320,0.9838060702399285,0.011609927897967554,0.9918369391025641,0.9999999999999996,0.26121794871794873,0.2516025641025641,0.0008372370151216305,0.0,0.0012473398822922504,0.002116150922193984,0.3580634742975235,0.9477598071098328,0.3576381057500839,0.0005379170179367065,0.001041751354932785,0.0015706070106215097,0.0016224101253673562,0.00508933821817454,0.8923611111111112,-0.002242550253868103,4.168952048533201,0.2513888888888889,0.0,0.0,0,0,0.0,pool=fp64_values_acc_fp64_valid_token_denominator,score=fp64_values_acc_fp64,select=exact_stable_sort_index_order_ties_at_float64
V0_FP64,p10,0.8,reference_exact,exact selector on the same bf16 Q/K: how far deployed VSA already is from optimal,bf16,fp64,fp64,exact_index_order,4320,0.9938140640576673,0.00514264034735834,0.9968974358974358,0.9999999999999996,0.38782051282051283,0.3605769230769231,0.0012430144641683103,0.0,0.0007825862326072915,0.0008237585746623478,0.19130907952785492,0.9837822020053864,0.19113872200250626,0.00014175474643707275,0.00024341139942407608,0.0007691024446259354,0.0008066779971214783,0.002400374108837838,0.8768518518518519,-0.0002859272062778473,2.0170556081152107,0.3678240740740741,0.0,0.0,0,0,0.0,pool=fp64_values_acc_fp64_valid_token_denominator,score=fp64_values_acc_fp64,select=exact_stable_sort_index_order_ties_at_float64
V0_FP64,p10,0.9,reference_exact,exact selector on the same bf16 Q/K: how far deployed VSA already is from optimal,bf16,fp64,fp64,exact_index_order,4320,0.9894233445509982,0.007403592826974115,0.9946835571835572,0.9999999999999996,0.3349358974358974,0.3157051282051282,0.0010735124917817225,0.0,0.000989860663031552,0.0012651926104980948,0.26912565529346466,0.9696500301361084,0.2690359801054001,0.00028793513774871826,0.0004945658147335052,0.001121505413015953,0.0011570815337629593,0.0034997225441706172,0.8918981481481482,-0.000841289758682251,2.9218030326553848,0.32731481481481484,0.0,0.0,0,0,0.0,pool=fp64_values_acc_fp64_valid_token_denominator,score=fp64_values_acc_fp64,select=exact_stable_sort_index_order_ties_at_float64
V0_FP64,p10,0.95,reference_exact,exact selector on the same bf16 Q/K: how far deployed VSA already is from optimal,bf16,fp64,fp64,exact_index_order,4320,0.9843975155279503,0.010436491027808525,0.9921374198717948,0.9999999999999996,0.2516025641025641,0.24358974358974358,0.0008064184746877054,0.0,0.0011280989027750046,0.002058497373744323,0.3354294002056122,0.9561200141906738,0.3347241282463074,0.00042600929737091064,0.0007563270628452301,0.0012698423065723176,0.0013634091500479254,0.0040043323389684195,0.8710648148148148,-0.0014404579997062683,3.381283010948267,0.3055555555555556,0.0,0.0,0,0,0.0,pool=fp64_values_acc_fp64_valid_token_denominator,score=fp64_values_acc_fp64,select=exact_stable_sort_index_order_ties_at_float64
VA_FP8,p01,0.8,intervention_a,"routing input quantized to FP8-E4M3, kernel arithmetic unchanged",fp8_e4m3,kernel,kernel,kernel,4320,0.9909386765362772,0.004341488736706256,0.9954487179487179,0.9999565485821313,0.5689102564102564,0.49759615384615385,0.0018234303090072321,0.0,0.0013502950384766173,0.0008585681424010778,0.17994459718465805,0.9850189983844757,0.18001074343919754,2.5890767574310303e-06,0.00013510696589946747,1.3287817811012365e-05,0.00039562699083310604,0.0012883452066129258,0.5125,-0.0005911439657211304,228.32230215827337,0.36574074074074076,1.4997955304352217e-06,327.0,0,48,0.00013354700854700856,pool=kernel_fused_block_mean_bf16_read_fp32_acc_bf16_write,score=kernel_bf16_torch_matmul_acc_fp32_bf16_out,select=kernel_fused_topk_mask_fp32_bisect_index_order_ties
VA_FP8,p01,0.9,intervention_a,"routing input quantized to FP8-E4M3, kernel arithmetic unchanged",fp8_e4m3,kernel,kernel,kernel,4320,0.9864578069732188,0.006869064537168623,0.9931827431827431,0.9999565485821313,0.42948717948717946,0.3942307692307692,0.0013765614727153188,0.0,0.0016340921759566507,0.0012994446882484472,0.26113124191761017,0.9702097773551941,0.2611015737056732,-5.885958671569824e-06,0.00023368746042251587,-2.4926758519663016e-05,0.00045111643353485363,0.0016514713119276634,0.4837962962962963,-0.001400195062160492,237.8873417721519,0.3229166666666667,1.4997955304352217e-06,301.0,0,24,0.00013354700854700856,pool=kernel_fused_block_mean_bf16_read_fp32_acc_bf16_write,score=kernel_bf16_torch_matmul_acc_fp32_bf16_out,select=kernel_fused_topk_mask_fp32_bisect_index_order_ties
VA_FP8,p01,0.95,intervention_a,"routing input quantized to FP8-E4M3, kernel arithmetic unchanged",fp8_e4m3,kernel,kernel,kernel,4320,0.9820338478336393,0.010802417386137964,0.9909354967948718,0.9999565485821313,0.29006410256410253,0.27564102564102566,0.0009296926364234057,0.0,0.00184604970421928,0.0021088596427138915,0.32716962695121765,0.9552481472492218,0.32723937928676605,-1.296401023864746e-06,0.00035085901618003845,-3.0796314115849002e-06,0.0005366485860716205,0.001978361930789949,0.49745370370370373,-0.0023382902145385742,1803.6781609195402,0.30324074074074076,1.4997955304352217e-06,248.0,0,0,0.0,pool=kernel_fused_block_mean_bf16_read_fp32_acc_bf16_write,score=kernel_bf16_torch_matmul_acc_fp32_bf16_out,select=kernel_fused_topk_mask_fp32_bisect_index_order_ties
VA_FP8,p02,0.8,intervention_a,"routing input quantized to FP8-E4M3, kernel arithmetic unchanged",fp8_e4m3,kernel,kernel,kernel,4320,0.9909640860709089,0.003935869243446688,0.9954615384615385,0.999955556990357,0.5673076923076923,0.5,0.0018182938856015779,0.0,0.001297276556447446,0.0008351908232747366,0.17290432751178741,0.9867795705795288,0.17285160720348358,6.109476089477539e-07,0.0001333700492978096,3.7609716090178494e-06,0.0003831069375306009,0.0013964087441058917,0.5032407407407408,-0.00021680444478988647,354.8658536585366,0.46458333333333335,1.4101338479122205e-06,324.0,0,36,0.00013354700854700856,pool=kernel_fused_block_mean_bf16_read_fp32_acc_bf16_write,score=kernel_bf16_torch_matmul_acc_fp32_bf16_out,select=kernel_fused_topk_mask_fp32_bisect_index_order_ties
VA_FP8,p02,0.9,intervention_a,"routing input quantized to FP8-E4M3, kernel arithmetic unchanged",fp8_e4m3,kernel,kernel,kernel,4320,0.9868091880827837,0.006069592662716339,0.9933608058608059,0.999955556990357,0.4182692307692308,0.38782051282051283,0.0013406065088757396,0.0,0.0015644659613611727,0.0012886912384254827,0.25710533559322357,0.9725766181945801,0.25705498456954956,-2.1383166313171387e-06,0.00022537074983119965,-8.729221659806323e-06,0.00044643885622060793,0.0017231723505976397,0.49236111111111114,-0.0008702799677848816,406.993031358885,0.41087962962962965,1.4101338479122205e-06,297.0,0,12,0.00013354700854700856,pool=kernel_fused_block_mean_bf16_read_fp32_acc_bf16_write,score=kernel_bf16_torch_matmul_acc_fp32_bf16_out,select=kernel_fused_topk_mask_fp32_bisect_index_order_ties
VA_FP8,p02,0.95,intervention_a,"routing input quantized to FP8-E4M3, kernel arithmetic unchanged",fp8_e4m3,kernel,kernel,kernel,4320,0.9828211111662778,0.009142451630889559,0.9913361378205128,0.999955556990357,0.27724358974358976,0.2676282051282051,0.0008886012491781723,0.0,0.0017937384071831338,0.0021243144700614273,0.3302682787179947,0.9575044214725494,0.33039841055870056,7.450580596923828e-08,0.0003385990858078003,2.555945533585087e-07,0.0005249080472815807,0.001952674946331522,0.5,-0.0014457404613494873,19404.4,0.3835648148148148,1.4101338479122205e-06,243.0,0,0,0.0,pool=kernel_fused_block_mean_bf16_read_fp32_acc_bf16_write,score=kernel_bf16_torch_matmul_acc_fp32_bf16_out,select=kernel_fused_topk_mask_fp32_bisect_index_order_ties
VA_FP8,p03,0.8,intervention_a,"routing input quantized to FP8-E4M3, kernel arithmetic unchanged",fp8_e4m3,kernel,kernel,kernel,4320,0.9909386765362772,0.004062677527899017,0.9954487179487179,0.9999564916777401,0.5689102564102564,0.5016025641025641,0.0018234303090072321,0.0,0.0012966604995808878,0.0008336685779420485,0.17776718735694885,0.9856806099414825,0.17780262231826782,-2.1494925022125244e-06,0.000134224072098732,-1.1991546929127033e-05,0.0003952157601156887,0.001358373167600385,0.49027777777777776,-0.00029917433857917786,139.1837088388215,0.44375,1.287867917199037e-06,325.5,0,12,0.00013354700854700856,pool=kernel_fused_block_mean_bf16_read_fp32_acc_bf16_write,score=kernel_bf16_torch_matmul_acc_fp32_bf16_out,select=kernel_fused_topk_mask_fp32_bisect_index_order_ties
VA_FP8,p03,0.9,intervention_a,"routing input quantized to FP8-E4M3, kernel arithmetic unchanged",fp8_e4m3,kernel,kernel,kernel,4320,0.9866585809581565,0.006219922052600357,0.9932844932844933,0.9999564916777401,0.4230769230769231,0.3894230769230769,0.0013560157790927022,0.0,0.0015498168877492301,0.0012806769398954,0.2602863311767578,0.9713126420974731,0.2603085935115814,-8.910894393920898e-06,0.00022376328706741333,-3.136461445871368e-05,0.0004521598344433066,0.0016490897073177327,0.47708333333333336,-0.0010251030325889587,115.03929765886288,0.38587962962962963,1.287867917199037e-06,299.0,0,12,0.00013354700854700856,pool=kernel_fused_block_mean_bf16_read_fp32_acc_bf16_write,score=kernel_bf16_torch_matmul_acc_fp32_bf16_out,select=kernel_fused_topk_mask_fp32_bisect_index_order_ties
VA_FP8,p03,0.95,intervention_a,"routing input quantized to FP8-E4M3, kernel arithmetic unchanged",fp8_e4m3,kernel,kernel,kernel,4320,0.982525814138205,0.009533787665104043,0.9911858974358975,0.9999564916777401,0.28205128205128205,0.2692307692307692,0.0009040105193951348,0.0,0.0017706947499614284,0.0020853210010376806,0.3344331532716751,0.9567899405956268,0.33439214527606964,-1.173466444015503e-05,0.00035532936453819275,-3.716105084025005e-05,0.0005427730549330537,0.00197686031448597,0.47685185185185186,-0.0016440153121948242,140.0990476190476,0.36041666666666666,1.287867917199037e-06,244.0,0,0,0.0,pool=kernel_fused_block_mean_bf16_read_fp32_acc_bf16_write,score=kernel_bf16_torch_matmul_acc_fp32_bf16_out,select=kernel_fused_topk_mask_fp32_bisect_index_order_ties
VA_FP8,p04,0.8,intervention_a,"routing input quantized to FP8-E4M3, kernel arithmetic unchanged",fp8_e4m3,kernel,kernel,kernel,4320,0.9913707268503154,0.003353504538821994,0.9956666666666667,0.9999603887655562,0.5416666666666666,0.4807692307692308,0.001736111111111111,0.0,0.0012376794173305432,0.0008332509353356908,0.19745341688394547,0.982470691204071,0.19740910828113556,-3.8370490074157715e-06,0.00014926493167877197,-1.9795540397919412e-05,0.00036685751436622903,0.0012419271570372145,0.48541666666666666,-0.0005576834082603455,145.34174757281554,0.37453703703703706,1.418284909959766e-06,313.5,0,12,0.00013354700854700856,pool=kernel_fused_block_mean_bf16_read_fp32_acc_bf16_write,score=kernel_bf16_torch_matmul_acc_fp32_bf16_out,select=kernel_fused_topk_mask_fp32_bisect_index_order_ties
VA_FP8,p04,0.9,intervention_a,"routing input quantized to FP8-E4M3, kernel arithmetic unchanged",fp8_e4m3,kernel,kernel,kernel,4320,0.9874118449988625,0.00547206923159671,0.9936660561660562,0.9999603887655562,0.3990384615384615,0.3701923076923077,0.0012789694280078896,0.0,0.0014912012791082558,0.0013032289814614642,0.2774154990911484,0.9676858186721802,0.2775108963251114,-5.260109901428223e-06,0.00023243576288223267,-1.873110824987944e-05,0.00041387790901216154,0.0014361818975233045,0.48935185185185187,-0.0013244599103927612,251.79320113314446,0.31828703703703703,1.418284909959766e-06,287.0,0,0,0.0,pool=kernel_fused_block_mean_bf16_read_fp32_acc_bf16_write,score=kernel_bf16_torch_matmul_acc_fp32_bf16_out,select=kernel_fused_topk_mask_fp32_bisect_index_order_ties
VA_FP8,p04,0.95,intervention_a,"routing input quantized to FP8-E4M3, kernel arithmetic unchanged",fp8_e4m3,kernel,kernel,kernel,4320,0.983411969207847,0.008561103343969645,0.9916366185897436,0.9999603887655562,0.2676282051282051,0.2564102564102564,0.0008577827087442472,0.0,0.0017147706226677104,0.002138433722699777,0.3464043587446213,0.9526422023773193,0.34619317948818207,-2.5406479835510254e-06,0.0003430452197790146,-7.243186502567508e-06,0.0004950475314813705,0.0017093214798968345,0.49398148148148147,-0.0021172016859054565,833.3313782991203,0.2835648148148148,1.418284909959766e-06,234.5,0,0,0.0,pool=kernel_fused_block_mean_bf16_read_fp32_acc_bf16_write,score=kernel_bf16_torch_matmul_acc_fp32_bf16_out,select=kernel_fused_topk_mask_fp32_bisect_index_order_ties
VA_FP8,p05,0.8,intervention_a,"routing input quantized to FP8-E4M3, kernel arithmetic unchanged",fp8_e4m3,kernel,kernel,kernel,4320,0.9909132676502118,0.00444270421062487,0.9954358974358974,0.9999565156025764,0.5705128205128205,0.5016025641025641,0.0018285667324128862,0.0,0.0013093713833771587,0.0008251885081836032,0.1691105216741562,0.9869714379310608,0.16921859979629517,-7.413327693939209e-07,0.00013946089893579483,-4.463031328384675e-06,0.0004034141151521394,0.0014572978991359061,0.4965277777777778,-0.00032189488410949707,434.2110552763819,0.4321759259259259,1.401982785864675e-06,327.0,0,12,0.00013354700854700856,pool=kernel_fused_block_mean_bf16_read_fp32_acc_bf16_write,score=kernel_bf16_torch_matmul_acc_fp32_bf16_out,select=kernel_fused_topk_mask_fp32_bisect_index_order_ties
VA_FP8,p05,0.9,intervention_a,"routing input quantized to FP8-E4M3, kernel arithmetic unchanged",fp8_e4m3,kernel,kernel,kernel,4320,0.9864578069732188,0.006819097284200382,0.9931827431827431,0.9999565156025764,0.42948717948717946,0.3942307692307692,0.0013765614727153188,0.0,0.0015642588588250976,0.0012665848812426499,0.24936474114656448,0.9735089540481567,0.24947474896907806,-4.336237907409668e-06,0.00023526139557361603,-1.9893476841145028e-05,0.0004885967373566616,0.0018082652938576338,0.48842592592592593,-0.0010042190551757812,231.58762886597938,0.3789351851851852,1.401982785864675e-06,300.0,0,12,0.00013354700854700856,pool=kernel_fused_block_mean_bf16_read_fp32_acc_bf16_write,score=kernel_bf16_torch_matmul_acc_fp32_bf16_out,select=kernel_fused_topk_mask_fp32_bisect_index_order_ties
VA_FP8,p05,0.95,intervention_a,"routing input quantized to FP8-E4M3, kernel arithmetic unchanged",fp8_e4m3,kernel,kernel,kernel,4320,0.9822306050528614,0.010120501292889439,0.991035657051282,0.9999565156025764,0.28685897435897434,0.27403846153846156,0.0009194197896120973,0.0,0.0017918123211675633,0.002076267647233391,0.31265687942504883,0.9601844549179077,0.31253038346767426,8.940696716308594e-07,0.00034378841519355774,2.315480391201615e-06,0.0005674759579699102,0.0021909464878389546,0.500462962962963,-0.00168648362159729,1886.3,0.34791666666666665,1.401982785864675e-06,247.0,0,0,0.0,pool=kernel_fused_block_mean_bf16_read_fp32_acc_bf16_write,score=kernel_bf16_torch_matmul_acc_fp32_bf16_out,select=kernel_fused_topk_mask_fp32_bisect_index_order_ties
VA_FP8,p06,0.8,intervention_a,"routing input quantized to FP8-E4M3, kernel arithmetic unchanged",fp8_e4m3,kernel,kernel,kernel,4320,0.9913961474143763,0.0034298519714128783,0.9956794871794872,0.9999611795256276,0.5400641025641025,0.4791666666666667,0.001730974687705457,0.0,0.0012159800553404802,0.0008288105597913729,0.2133462280035019,0.9800712168216705,0.21330200135707855,8.568167686462402e-07,0.0001659095287322998,4.270474135067556e-06,0.00039123082032512354,0.0014039237744023479,0.5037037037037037,-0.0006060898303985596,707.3739130434783,0.3648148148148148,1.3938317238171294e-06,313.0,0,36,0.00013354700854700856,pool=kernel_fused_block_mean_bf16_read_fp32_acc_bf16_write,score=kernel_bf16_torch_matmul_acc_fp32_bf16_out,select=kernel_fused_topk_mask_fp32_bisect_index_order_ties
VA_FP8,p06,0.9,intervention_a,"routing input quantized to FP8-E4M3, kernel arithmetic unchanged",fp8_e4m3,kernel,kernel,kernel,4320,0.9873616096253981,0.005634764911586432,0.9936406186406186,0.9999611795256276,0.4006410256410256,0.3701923076923077,0.0012841058514135436,0.0,0.0014611762015953856,0.001283386818593608,0.2981657087802887,0.9637371301651001,0.2981490343809128,-1.30385160446167e-06,0.00027512386441230774,-2.432059314804641e-06,0.00045782513035032106,0.0016563791963758393,0.4979166666666667,-0.0014238804578781128,1092.057142857143,0.3127314814814815,1.3938317238171294e-06,287.0,0,12,0.00013354700854700856,pool=kernel_fused_block_mean_bf16_read_fp32_acc_bf16_write,score=kernel_bf16_torch_matmul_acc_fp32_bf16_out,select=kernel_fused_topk_mask_fp32_bisect_index_order_ties
VA_FP8,p06,0.95,intervention_a,"routing input quantized to FP8-E4M3, kernel arithmetic unchanged",fp8_e4m3,kernel,kernel,kernel,4320,0.983116496176383,0.00904998086297748,0.9914863782051282,0.9999611795256276,0.2724358974358974,0.26121794871794873,0.0008731919789612098,0.0,0.0016837010543310222,0.002080408652207129,0.3692357838153839,0.9473235905170441,0.36923445761203766,-8.001923561096191e-06,0.0004201717674732208,-2.3685891232186833e-05,0.0005575040693147892,0.0020295858217315894,0.48912037037037037,-0.0022259801626205444,278.1806331471136,0.29074074074074074,1.3938317238171294e-06,237.0,0,0,0.0,pool=kernel_fused_block_mean_bf16_read_fp32_acc_bf16_write,score=kernel_bf16_torch_matmul_acc_fp32_bf16_out,select=kernel_fused_topk_mask_fp32_bisect_index_order_ties
VA_FP8,p07,0.8,intervention_a,"routing input quantized to FP8-E4M3, kernel arithmetic unchanged",fp8_e4m3,kernel,kernel,kernel,4320,0.990506813657939,0.005176218409205902,0.9952307692307693,0.9999509891689766,0.5961538461538461,0.5160256410256411,0.001910749506903353,0.0,0.0014181690556217424,0.0008497264859377683,0.21061496436595917,0.9793087542057037,0.21059146523475647,-5.21540641784668e-08,0.0001485198736190796,-3.0191968298088237e-07,0.0004066897552419201,0.0014742912753802078,0.4997685185185185,-0.0007749646902084351,14859.142857142857,0.34652777777777777,1.5242487165778584e-06,346.0,0,48,0.00013354700854700856,pool=kernel_fused_block_mean_bf16_read_fp32_acc_bf16_write,score=kernel_bf16_torch_matmul_acc_fp32_bf16_out,select=kernel_fused_topk_mask_fp32_bisect_index_order_ties
VA_FP8,p07,0.9,intervention_a,"routing input quantized to FP8-E4M3, kernel arithmetic unchanged",fp8_e4m3,kernel,kernel,kernel,4320,0.9856551166784524,0.008365222131641814,0.9927757427757428,0.9999509891689766,0.4551282051282051,0.41185897435897434,0.0014587442472057857,0.0,0.0017035204210132135,0.0012854724620193713,0.33249762654304504,0.9517967402935028,0.3326541930437088,-6.094574928283691e-06,0.00027340371161699295,-2.5402500297861473e-05,0.00049357729894544,0.00204036732602277,0.4863425925925926,-0.002634868025779724,432.33007334963327,0.25763888888888886,1.5242487165778584e-06,319.0,0,12,0.00013354700854700856,pool=kernel_fused_block_mean_bf16_read_fp32_acc_bf16_write,score=kernel_bf16_torch_matmul_acc_fp32_bf16_out,select=kernel_fused_topk_mask_fp32_bisect_index_order_ties
VA_FP8,p07,0.95,intervention_a,"routing input quantized to FP8-E4M3, kernel arithmetic unchanged",fp8_e4m3,kernel,kernel,kernel,4320,0.9806576402321083,0.012553927646359986,0.990234375,0.9999509891689766,0.3125,0.296474358974359,0.001001602564102564,0.0,0.0019435558595330017,0.0020518228098484487,0.404587060213089,0.9301383197307587,0.4043515473604202,-5.751848220825195e-06,0.00041059404611587524,-2.0031117816569928e-05,0.0005779908176883576,0.0023534952598822795,0.48842592592592593,-0.004430234432220459,770.2279792746114,0.23125,1.5242487165778584e-06,264.0,0,0,0.0,pool=kernel_fused_block_mean_bf16_read_fp32_acc_bf16_write,score=kernel_bf16_torch_matmul_acc_fp32_bf16_out,select=kernel_fused_topk_mask_fp32_bisect_index_order_ties
VA_FP8,p08,0.8,intervention_a,"routing input quantized to FP8-E4M3, kernel arithmetic unchanged",fp8_e4m3,kernel,kernel,kernel,4320,0.9915995352934418,0.0032082321421685878,0.9957820512820513,0.9999599202697869,0.5272435897435898,0.46955128205128205,0.0016898833004602236,0.0,0.0012379062954204693,0.0008564789877889672,0.22118322551250458,0.9780638515949249,0.2211449071764946,-1.3709068298339844e-06,0.00015887431800365448,-6.80040713909429e-06,0.00036528508236070514,0.0012580949359360925,0.49444444444444446,-0.000849798321723938,619.8804347826087,0.3136574074074074,1.3856806617695838e-06,308.0,0,36,0.00013354700854700856,pool=kernel_fused_block_mean_bf16_read_fp32_acc_bf16_write,score=kernel_bf16_torch_matmul_acc_fp32_bf16_out,select=kernel_fused_topk_mask_fp32_bisect_index_order_ties
VA_FP8,p08,0.9,intervention_a,"routing input quantized to FP8-E4M3, kernel arithmetic unchanged",fp8_e4m3,kernel,kernel,kernel,4320,0.9875625663582588,0.005321595743367102,0.9937423687423688,0.9999599202697869,0.3942307692307692,0.36538461538461536,0.001263560157790927,0.0,0.0014979958979234845,0.0013042710279578037,0.3036844879388809,0.9611886143684387,0.30331985652446747,-3.56137752532959e-06,0.00026256218552589417,-1.30451794349057e-05,0.0004245622356066148,0.001516618966935636,0.4912037037037037,-0.001870088279247284,525.1025104602511,0.2462962962962963,1.3856806617695838e-06,288.0,0,24,0.00013354700854700856,pool=kernel_fused_block_mean_bf16_read_fp32_acc_bf16_write,score=kernel_bf16_torch_matmul_acc_fp32_bf16_out,select=kernel_fused_topk_mask_fp32_bisect_index_order_ties
VA_FP8,p08,0.95,intervention_a,"routing input quantized to FP8-E4M3, kernel arithmetic unchanged",fp8_e4m3,kernel,kernel,kernel,4320,0.9833134684147795,0.008854119011056705,0.9915865384615384,0.9999599202697869,0.2692307692307692,0.25801282051282054,0.0008629191321499013,0.0,0.001715128710333393,0.002111601970547155,0.3664851784706116,0.9454726874828339,0.3667117804288864,-8.940696716308594e-07,0.0003782734274864197,-2.0578101229399216e-06,0.0005110427157442171,0.001793674352789083,0.4986111111111111,-0.0029925554990768433,3347.116666666667,0.22013888888888888,1.3856806617695838e-06,235.0,0,0,0.0,pool=kernel_fused_block_mean_bf16_read_fp32_acc_bf16_write,score=kernel_bf16_torch_matmul_acc_fp32_bf16_out,select=kernel_fused_topk_mask_fp32_bisect_index_order_ties
VA_FP8,p09,0.8,intervention_a,"routing input quantized to FP8-E4M3, kernel arithmetic unchanged",fp8_e4m3,kernel,kernel,kernel,4320,0.9910403185664509,0.004062988536677858,0.9955,0.9999584494223732,0.5625,0.4935897435897436,0.0018028846153846155,0.0,0.00132230557535282,0.0008543472024638636,0.19655431061983109,0.98243248462677,0.19661778956651688,-2.8312206268310547e-07,0.00015364401042461395,-2.158786034020393e-06,0.0004005698548144703,0.0013035182392295082,0.4986111111111111,-0.000674717128276825,2383.1315789473683,0.3599537037037037,1.4264359720073116e-06,323.0,0,36,0.00013354700854700856,pool=kernel_fused_block_mean_bf16_read_fp32_acc_bf16_write,score=kernel_bf16_torch_matmul_acc_fp32_bf16_out,select=kernel_fused_topk_mask_fp32_bisect_index_order_ties
VA_FP8,p09,0.9,intervention_a,"routing input quantized to FP8-E4M3, kernel arithmetic unchanged",fp8_e4m3,kernel,kernel,kernel,4320,0.986708780795957,0.0065205582068937895,0.9933099308099308,0.9999584494223732,0.421474358974359,0.38782051282051283,0.001350879355687048,0.0,0.0015976383098253628,0.0013060027830985514,0.28367219865322113,0.965664803981781,0.2836446613073349,5.960464477539063e-08,0.00025963038206100464,6.445950032155621e-08,0.0004760324593332032,0.0016157512381404099,0.5,-0.0016367584466934204,27460.25,0.3050925925925926,1.4264359720073116e-06,299.0,0,12,0.00013354700854700856,pool=kernel_fused_block_mean_bf16_read_fp32_acc_bf16_write,score=kernel_bf16_torch_matmul_acc_fp32_bf16_out,select=kernel_fused_topk_mask_fp32_bisect_index_order_ties
VA_FP8,p09,0.95,intervention_a,"routing input quantized to FP8-E4M3, kernel arithmetic unchanged",fp8_e4m3,kernel,kernel,kernel,4320,0.982427401340283,0.010317018521002752,0.9911358173076923,0.9999584494223732,0.28365384615384615,0.2708333333333333,0.0009091469428007889,0.0,0.0018186700049894246,0.002116150922193984,0.357609361410141,0.9481206834316254,0.3576381057500839,-5.342066287994385e-06,0.0003903210163116455,-1.3982797675283315e-05,0.0005632687384557189,0.001983889195208164,0.4928240740740741,-0.0027333199977874756,511.6596931659693,0.2763888888888889,1.4264359720073116e-06,245.0,0,0,0.0,pool=kernel_fused_block_mean_bf16_read_fp32_acc_bf16_write,score=kernel_bf16_torch_matmul_acc_fp32_bf16_out,select=kernel_fused_topk_mask_fp32_bisect_index_order_ties
VA_FP8,p10,0.8,intervention_a,"routing input quantized to FP8-E4M3, kernel arithmetic unchanged",fp8_e4m3,kernel,kernel,kernel,4320,0.9912690510837099,0.0035371856183775696,0.9956153846153846,0.9999599154331063,0.548076923076923,0.483974358974359,0.0017566568047337279,0.0,0.0012099299625378604,0.0008237585746623478,0.191087543964386,0.9838045537471771,0.19113872200250626,-1.169741153717041e-06,0.00014449097216129303,-4.500730134119898e-06,0.00037181693341247336,0.0012990887933920603,0.4962962962962963,-0.00044574588537216187,381.0636942675159,0.40162037037037035,1.3530764135794016e-06,313.0,0,72,0.00013354700854700856,pool=kernel_fused_block_mean_bf16_read_fp32_acc_bf16_write,score=kernel_bf16_torch_matmul_acc_fp32_bf16_out,select=kernel_fused_topk_mask_fp32_bisect_index_order_ties
VA_FP8,p10,0.9,intervention_a,"routing input quantized to FP8-E4M3, kernel arithmetic unchanged",fp8_e4m3,kernel,kernel,kernel,4320,0.9871104708469178,0.005771243452116881,0.993513431013431,0.9999599154331063,0.40865384615384615,0.3782051282051282,0.0013097879684418146,0.0,0.0014531282813923766,0.0012651926104980948,0.26898421347141266,0.9697620868682861,0.2690359801054001,-6.973743438720703e-06,0.00024141743779182434,-2.4915078101423933e-05,0.00043986830186202734,0.0015834085325669516,0.4826388888888889,-0.0011516958475112915,165.14743589743588,0.355787037037037,1.3530764135794016e-06,288.0,0,12,0.00013354700854700856,pool=kernel_fused_block_mean_bf16_read_fp32_acc_bf16_write,score=kernel_bf16_torch_matmul_acc_fp32_bf16_out,select=kernel_fused_topk_mask_fp32_bisect_index_order_ties
VA_FP8,p10,0.95,intervention_a,"routing input quantized to FP8-E4M3, kernel arithmetic unchanged",fp8_e4m3,kernel,kernel,kernel,4320,0.9830180247281395,0.009047286533565457,0.9914362980769231,0.9999599154331063,0.2740384615384615,0.26282051282051283,0.0008783284023668639,0.0,0.0016698650556973625,0.002058497373744323,0.3345707952976227,0.9562370181083679,0.3347241282463074,-4.336237907409668e-06,0.0003672502934932709,-1.4159170010579865e-05,0.0005315832321514083,0.0019190811265303112,0.4928240740740741,-0.001843869686126709,425.2233676975945,0.3372685185185185,1.3530764135794016e-06,238.0,0,0,0.0,pool=kernel_fused_block_mean_bf16_read_fp32_acc_bf16_write,score=kernel_bf16_torch_matmul_acc_fp32_bf16_out,select=kernel_fused_topk_mask_fp32_bisect_index_order_ties
VA_NVFP4,p01,0.8,intervention_a,"routing input quantized to NVFP4, kernel arithmetic unchanged",nvfp4,kernel,kernel,kernel,4320,0.9766977743936764,0.0088324603036245,0.9882115384615384,0.9996589227974351,1.473557692307692,0.8701923076923077,0.0047229413214990145,0.0,0.004074869262033817,0.0008585681424010778,0.1799263134598732,0.9850212037563324,0.18001074343919754,-5.412846803665161e-05,0.0004209522157907486,-0.00028475876170863895,0.0011999245342970907,0.005013257976298527,0.4203703703703704,-0.0014998391270637512,27.708878183069512,0.38564814814814813,0.08789988979697227,326.5,0,0,0.0,pool=kernel_fused_block_mean_bf16_read_fp32_acc_bf16_write,score=kernel_bf16_torch_matmul_acc_fp32_bf16_out,select=kernel_fused_topk_mask_fp32_bisect_index_order_ties
VA_NVFP4,p01,0.9,intervention_a,"routing input quantized to NVFP4, kernel arithmetic unchanged",nvfp4,kernel,kernel,kernel,4320,0.9675675675675676,0.01420839360727788,0.9835164835164835,0.9996589227974351,1.0384615384615383,0.7532051282051282,0.0033284023668639054,0.0,0.0038686602160373906,0.0012994446882484472,0.26085737347602844,0.9702558219432831,0.2611015737056732,-3.853440284729004e-05,0.000609077513217926,-0.00014618304549691866,0.0011508721843153439,0.005917435198961452,0.4583333333333333,-0.0034427642822265625,89.34261407579272,0.32592592592592595,0.08789988979697227,303.0,0,12,0.00013354700854700856,pool=kernel_fused_block_mean_bf16_read_fp32_acc_bf16_write,score=kernel_bf16_torch_matmul_acc_fp32_bf16_out,select=kernel_fused_topk_mask_fp32_bisect_index_order_ties
VA_NVFP4,p01,0.95,intervention_a,"routing input quantized to NVFP4, kernel arithmetic unchanged",nvfp4,kernel,kernel,kernel,4320,0.9590875643855776,0.020223961258912015,0.9791165865384616,0.9996589227974351,0.6682692307692307,0.5689102564102564,0.002141888560157791,0.0,0.0037201887432563897,0.0021088596427138915,0.327170193195343,0.9552017450332642,0.32723937928676605,-5.714595317840576e-06,0.0008109193295240402,-1.945910890593194e-05,0.001192428698321585,0.005777415004652528,0.4960648148148148,-0.00556066632270813,973.063885267275,0.29976851851851855,0.08789988979697227,249.0,0,0,0.0,pool=kernel_fused_block_mean_bf16_read_fp32_acc_bf16_write,score=kernel_bf16_torch_matmul_acc_fp32_bf16_out,select=kernel_fused_topk_mask_fp32_bisect_index_order_ties
VA_NVFP4,p02,0.8,intervention_a,"routing input quantized to NVFP4, kernel arithmetic unchanged",nvfp4,kernel,kernel,kernel,4320,0.9765850691804774,0.007882647464129366,0.9881538461538462,0.9996583014881635,1.4807692307692306,0.875,0.0047460552268244575,0.0,0.003966813715342148,0.0008351908232747366,0.17278693616390228,0.986781895160675,0.17285160720348358,-2.826191484928131e-05,0.00038493797183036804,-0.00015724330908907668,0.0010946507533502144,0.004988086686223225,0.4546296296296296,-0.0003546774387359619,12.549660581295722,0.4842592592592593,0.08789954707026482,324.0,0,24,0.00013354700854700856,pool=kernel_fused_block_mean_bf16_read_fp32_acc_bf16_write,score=kernel_bf16_torch_matmul_acc_fp32_bf16_out,select=kernel_fused_topk_mask_fp32_bisect_index_order_ties
VA_NVFP4,p02,0.9,intervention_a,"routing input quantized to NVFP4, kernel arithmetic unchanged",nvfp4,kernel,kernel,kernel,4320,0.9682078754349513,0.012890281954173854,0.9838471713471714,0.9996583014881635,1.017628205128205,0.7451923076923077,0.003261628862590401,0.0,0.003783257968384704,0.0012886912384254827,0.2570445388555527,0.9725497364997864,0.25705498456954956,-1.309812068939209e-05,0.0005907975137233734,-5.25118882710752e-05,0.0011269559230964526,0.005889805472242422,0.48726851851851855,-0.0021749287843704224,166.04891922639362,0.4125,0.08789954707026482,298.0,0,0,0.0,pool=kernel_fused_block_mean_bf16_read_fp32_acc_bf16_write,score=kernel_bf16_torch_matmul_acc_fp32_bf16_out,select=kernel_fused_topk_mask_fp32_bisect_index_order_ties
VA_NVFP4,p02,0.95,intervention_a,"routing input quantized to NVFP4, kernel arithmetic unchanged",nvfp4,kernel,kernel,kernel,4320,0.9603377184370705,0.0174724815432713,0.9797676282051282,0.9996583014881635,0.6474358974358975,0.5560897435897436,0.0020751150558842866,0.0,0.0036189318943811496,0.0021243144700614273,0.330461785197258,0.9574213624000549,0.33039841055870056,1.0699033737182617e-05,0.0007797889411449432,3.3496102517975316e-05,0.0011485078958371937,0.006024334632349043,0.5104166666666666,-0.003394901752471924,317.3091922005571,0.3886574074074074,0.08789954707026482,243.0,0,12,0.00013354700854700856,pool=kernel_fused_block_mean_bf16_read_fp32_acc_bf16_write,score=kernel_bf16_torch_matmul_acc_fp32_bf16_out,select=kernel_fused_topk_mask_fp32_bisect_index_order_ties
VA_NVFP4,p03,0.8,intervention_a,"routing input quantized to NVFP4, kernel arithmetic unchanged",nvfp4,kernel,kernel,kernel,4320,0.9766602045083058,0.008082843339883405,0.9881923076923077,0.999670302159213,1.4759615384615383,0.8733974358974359,0.004730645956607495,0.0,0.003924769475760969,0.0008336685779420485,0.17787669599056244,0.9857409596443176,0.17780262231826782,-3.1762756407260895e-05,0.0004030689597129822,-0.00016686935099393942,0.0011075196890219371,0.005306665631525138,0.45625,-0.000704742968082428,22.187714411376632,0.45208333333333334,0.08791796863079071,325.0,0,12,0.00013354700854700856,pool=kernel_fused_block_mean_bf16_read_fp32_acc_bf16_write,score=kernel_bf16_torch_matmul_acc_fp32_bf16_out,select=kernel_fused_topk_mask_fp32_bisect_index_order_ties
VA_NVFP4,p03,0.9,intervention_a,"routing input quantized to NVFP4, kernel arithmetic unchanged",nvfp4,kernel,kernel,kernel,4320,0.9683064213293279,0.013147516165002426,0.9838980463980463,0.999670302159213,1.0144230769230769,0.7467948717948718,0.003251356015779093,0.0,0.003770939367554879,0.0012806769398954,0.2603440135717392,0.9712692499160767,0.2603085935115814,-1.516193151473999e-05,0.0006356686353683472,-5.666161871456341e-05,0.0011885611767708864,0.006038874223091279,0.4842592592592593,-0.0025250837206840515,166.54103194103195,0.3923611111111111,0.08791796863079071,300.0,0,0,0.0,pool=kernel_fused_block_mean_bf16_read_fp32_acc_bf16_write,score=kernel_bf16_torch_matmul_acc_fp32_bf16_out,select=kernel_fused_topk_mask_fp32_bisect_index_order_ties
VA_NVFP4,p03,0.95,intervention_a,"routing input quantized to NVFP4, kernel arithmetic unchanged",nvfp4,kernel,kernel,kernel,4320,0.96000098275127,0.018330250646383717,0.9795923477564102,0.999670302159213,0.6530448717948718,0.5592948717948718,0.002093092537804076,0.0,0.00358944492948645,0.0020853210010376806,0.3347339630126953,0.9568260610103607,0.33439214527606964,3.018975257873535e-05,0.0008372664451599121,9.721596265799859e-05,0.0012082170750799585,0.006077515932274243,0.5233796296296296,-0.003995880484580994,132.3588351431392,0.36041666666666666,0.08791796863079071,245.0,0,0,0.0,pool=kernel_fused_block_mean_bf16_read_fp32_acc_bf16_write,score=kernel_bf16_torch_matmul_acc_fp32_bf16_out,select=kernel_fused_topk_mask_fp32_bisect_index_order_ties
VA_NVFP4,p04,0.8,intervention_a,"routing input quantized to NVFP4, kernel arithmetic unchanged",nvfp4,kernel,kernel,kernel,4320,0.9777377722558889,0.007339916238946698,0.9887435897435898,0.9996871255444222,1.407051282051282,0.8573717948717948,0.004509779750164366,0.0,0.003744770882114188,0.0008332509353356908,0.1975763663649559,0.9824963212013245,0.19740910828113556,-1.2069940567016602e-05,0.00036605820059776306,-5.898756508228413e-05,0.000902953054975569,0.004059796373166618,0.48171296296296295,-0.001395486295223236,115.61666666666666,0.38078703703703703,0.08840620890259743,314.5,0,24,0.00013354700854700856,pool=kernel_fused_block_mean_bf16_read_fp32_acc_bf16_write,score=kernel_bf16_torch_matmul_acc_fp32_bf16_out,select=kernel_fused_topk_mask_fp32_bisect_index_order_ties
VA_NVFP4,p04,0.9,intervention_a,"routing input quantized to NVFP4, kernel arithmetic unchanged",nvfp4,kernel,kernel,kernel,4320,0.969884498784857,0.011926551057890533,0.9847120472120472,0.9996871255444222,0.9631410256410257,0.7211538461538461,0.003086990466798159,0.0,0.003552580245396698,0.0013032289814614642,0.2776561379432678,0.9676972031593323,0.2775108963251114,-4.604458808898926e-06,0.0005664452910423279,-1.5546429078223794e-05,0.000985796662195444,0.004606816540197664,0.49444444444444446,-0.003289461135864258,714.4077669902913,0.32013888888888886,0.08840620890259743,287.0,0,0,0.0,pool=kernel_fused_block_mean_bf16_read_fp32_acc_bf16_write,score=kernel_bf16_torch_matmul_acc_fp32_bf16_out,select=kernel_fused_topk_mask_fp32_bisect_index_order_ties
VA_NVFP4,p04,0.95,intervention_a,"routing input quantized to NVFP4, kernel arithmetic unchanged",nvfp4,kernel,kernel,kernel,4320,0.9620713373292719,0.01654322800727792,0.9806690705128205,0.9996871255444222,0.6185897435897436,0.5352564102564102,0.0019826594345825114,0.0,0.003395421437061887,0.002138433722699777,0.34590722620487213,0.9525924623012543,0.34619317948818207,7.02589750289917e-06,0.0007570050656795502,2.5838102443631312e-05,0.001039552138038782,0.004760105627652117,0.5069444444444444,-0.005071967840194702,721.8960763520679,0.28217592592592594,0.08840620890259743,235.0,0,0,0.0,pool=kernel_fused_block_mean_bf16_read_fp32_acc_bf16_write,score=kernel_bf16_torch_matmul_acc_fp32_bf16_out,select=kernel_fused_topk_mask_fp32_bisect_index_order_ties
VA_NVFP4,p05,0.8,intervention_a,"routing input quantized to NVFP4, kernel arithmetic unchanged",nvfp4,kernel,kernel,kernel,4320,0.9763346593356474,0.008629884658548193,0.988025641025641,0.9996569958570292,1.4967948717948718,0.8774038461538461,0.004797419460880999,0.0,0.003969637958694108,0.0008251885081836032,0.16911473125219345,0.9869670271873474,0.16921859979629517,-1.8771737813949585e-05,0.0003941599279642105,-0.00010146760140489304,0.0011465144396047688,0.0051494555383597655,0.4726851851851852,-0.0008571259677410126,45.660448501686844,0.44212962962962965,0.08804870769381523,326.0,0,48,0.00013354700854700856,pool=kernel_fused_block_mean_bf16_read_fp32_acc_bf16_write,score=kernel_bf16_torch_matmul_acc_fp32_bf16_out,select=kernel_fused_topk_mask_fp32_bisect_index_order_ties
VA_NVFP4,p05,0.9,intervention_a,"routing input quantized to NVFP4, kernel arithmetic unchanged",nvfp4,kernel,kernel,kernel,4320,0.9674198633736206,0.013765562434353673,0.9834401709401709,0.9996569958570292,1.0432692307692308,0.7564102564102564,0.003343811637080868,0.0,0.0037858234440410845,0.0012665848812426499,0.2493089661002159,0.9734549820423126,0.24947474896907806,-5.848705768585205e-06,0.0005968660116195679,-2.088750535466179e-05,0.0011963942950146572,0.006573792192422162,0.49444444444444446,-0.002432584762573242,415.9184713375796,0.387037037037037,0.08804870769381523,302.0,0,12,0.00013354700854700856,pool=kernel_fused_block_mean_bf16_read_fp32_acc_bf16_write,score=kernel_bf16_torch_matmul_acc_fp32_bf16_out,select=kernel_fused_topk_mask_fp32_bisect_index_order_ties
VA_NVFP4,p05,0.95,intervention_a,"routing input quantized to NVFP4, kernel arithmetic unchanged",nvfp4,kernel,kernel,kernel,4320,0.9589914647306975,0.018986245094842258,0.9790665064102564,0.9996569958570292,0.6698717948717948,0.5721153846153846,0.002147024983563445,0.0,0.0036195610259340816,0.002076267647233391,0.3123873919248581,0.9601946473121643,0.31253038346767426,9.551644325256348e-06,0.0007618572562932968,3.340938583657792e-05,0.0012058872401170112,0.006033355744735368,0.50625,-0.004023738205432892,421.2613104524181,0.3587962962962963,0.08804870769381523,246.0,0,0,0.0,pool=kernel_fused_block_mean_bf16_read_fp32_acc_bf16_write,score=kernel_bf16_torch_matmul_acc_fp32_bf16_out,select=kernel_fused_topk_mask_fp32_bisect_index_order_ties
VA_NVFP4,p06,0.8,intervention_a,"routing input quantized to NVFP4, kernel arithmetic unchanged",nvfp4,kernel,kernel,kernel,4320,0.9777879202799331,0.007840938227385519,0.9887692307692307,0.9996902116014645,1.4038461538461537,0.8541666666666666,0.004499506903353058,0.0,0.003719846248126727,0.0008288105597913729,0.21351303905248642,0.9801097512245178,0.21330200135707855,-6.0230493545532227e-05,0.00042855367064476013,-0.00026266442544694755,0.0010283014443112541,0.004455115169603174,0.4217592592592593,-0.0015532821416854858,25.7889658584859,0.3768518518518518,0.08795541524887085,313.0,0,24,0.00013354700854700856,pool=kernel_fused_block_mean_bf16_read_fp32_acc_bf16_write,score=kernel_bf16_torch_matmul_acc_fp32_bf16_out,select=kernel_fused_topk_mask_fp32_bisect_index_order_ties
VA_NVFP4,p06,0.9,intervention_a,"routing input quantized to NVFP4, kernel arithmetic unchanged",nvfp4,kernel,kernel,kernel,4320,0.969884498784857,0.01272479169791274,0.9847120472120472,0.9996902116014645,0.9631410256410257,0.719551282051282,0.003086990466798159,0.0,0.003553214621514972,0.001283386818593608,0.29802267253398895,0.9637433886528015,0.2981490343809128,-5.538761615753174e-05,0.0005887672305107117,-0.00018694359504317192,0.0010060071824147057,0.004711168210712999,0.4449074074074074,-0.0034936070442199707,63.07559860102233,0.3236111111111111,0.08795541524887085,289.0,0,0,0.0,pool=kernel_fused_block_mean_bf16_read_fp32_acc_bf16_write,score=kernel_bf16_torch_matmul_acc_fp32_bf16_out,select=kernel_fused_topk_mask_fp32_bisect_index_order_ties
VA_NVFP4,p06,0.95,intervention_a,"routing input quantized to NVFP4, kernel arithmetic unchanged",nvfp4,kernel,kernel,kernel,4320,0.9614931237721022,0.017782291299028308,0.9803685897435898,0.9996902116014645,0.6282051282051282,0.5432692307692307,0.0020134779750164366,0.0,0.0033618317350012097,0.002080408652207129,0.36916230618953705,0.9472548365592957,0.36923445761203766,-2.8014183044433594e-05,0.0008785352110862732,-8.018130231288769e-05,0.0011339401200584052,0.005001794805717437,0.4791666666666667,-0.005427613854408264,193.74521276595743,0.29189814814814813,0.08795541524887085,237.5,0,0,0.0,pool=kernel_fused_block_mean_bf16_read_fp32_acc_bf16_write,score=kernel_bf16_torch_matmul_acc_fp32_bf16_out,select=kernel_fused_topk_mask_fp32_bisect_index_order_ties
VA_NVFP4,p07,0.8,intervention_a,"routing input quantized to NVFP4, kernel arithmetic unchanged",nvfp4,kernel,kernel,kernel,4320,0.9755337740293291,0.009671916146736237,0.9876153846153846,0.9996338781186997,1.5480769230769231,0.8814102564102564,0.004961785009861933,0.0,0.004202950236344014,0.0008497264859377683,0.21054938435554504,0.9793156087398529,0.21059146523475647,-1.8969178199768066e-05,0.00046323612332344055,-8.664369894251543e-05,0.00117328367538026,0.006201299887504537,0.47453703703703703,-0.0019477903842926025,102.68185388845248,0.3537037037037037,0.08809397369623184,346.0,0,12,0.00013354700854700856,pool=kernel_fused_block_mean_bf16_read_fp32_acc_bf16_write,score=kernel_bf16_torch_matmul_acc_fp32_bf16_out,select=kernel_fused_topk_mask_fp32_bisect_index_order_ties
VA_NVFP4,p07,0.9,intervention_a,"routing input quantized to NVFP4, kernel arithmetic unchanged",nvfp4,kernel,kernel,kernel,4320,0.9658457307163395,0.015406308312510109,0.9826261701261702,0.9996338781186997,1.094551282051282,0.7724358974358975,0.0035081771860618013,0.0,0.004088885245375821,0.0012854724620193713,0.33257220685482025,0.9518570005893707,0.3326541930437088,1.4059245586395264e-05,0.0007942528463900089,3.94738988997001e-05,0.001337364107583116,0.007771782426670555,0.5115740740740741,-0.006154507398605347,437.7551669316375,0.2659722222222222,0.08809397369623184,318.0,0,0,0.0,pool=kernel_fused_block_mean_bf16_read_fp32_acc_bf16_write,score=kernel_bf16_torch_matmul_acc_fp32_bf16_out,select=kernel_fused_topk_mask_fp32_bisect_index_order_ties
VA_NVFP4,p07,0.95,intervention_a,"routing input quantized to NVFP4, kernel arithmetic unchanged",nvfp4,kernel,kernel,kernel,4320,0.955250917992656,0.021498454736359696,0.9771133814102564,0.9996338781186997,0.7323717948717948,0.6025641025641025,0.002347345496383958,0.0,0.0039330268115635916,0.0020518228098484487,0.40390878915786743,0.930092453956604,0.4043515473604202,1.9982457160949707e-05,0.001042976975440979,6.152993624160008e-05,0.0014018614003153173,0.007982845397727003,0.5106481481481482,-0.010261446237564087,513.5227442207308,0.2351851851851852,0.08809397369623184,265.0,0,0,0.0,pool=kernel_fused_block_mean_bf16_read_fp32_acc_bf16_write,score=kernel_bf16_torch_matmul_acc_fp32_bf16_out,select=kernel_fused_topk_mask_fp32_bisect_index_order_ties
VA_NVFP4,p08,0.8,intervention_a,"routing input quantized to NVFP4, kernel arithmetic unchanged",nvfp4,kernel,kernel,kernel,4320,0.9783898949931518,0.007845908667626356,0.9890769230769231,0.9996853290007772,1.3653846153846154,0.8469551282051282,0.004376232741617357,0.0,0.0037306248059041603,0.0008564789877889672,0.221075139939785,0.9780541956424713,0.2211449071764946,-3.178417682647705e-05,0.00044424086809158325,-0.00013615054324084372,0.0009871190007365593,0.004592878846452486,0.45717592592592593,-0.0021529868245124817,67.73769338959212,0.3263888888888889,0.08819988742470741,308.0,0,36,0.00013354700854700856,pool=kernel_fused_block_mean_bf16_read_fp32_acc_bf16_write,score=kernel_bf16_torch_matmul_acc_fp32_bf16_out,select=kernel_fused_topk_mask_fp32_bisect_index_order_ties
VA_NVFP4,p08,0.9,intervention_a,"routing input quantized to NVFP4, kernel arithmetic unchanged",nvfp4,kernel,kernel,kernel,4320,0.9703287890938251,0.011976734787817356,0.9849409849409849,0.9996853290007772,0.9487179487179487,0.7147435897435898,0.0030407626561472717,0.0,0.0035305974683303197,0.0013042710279578037,0.3035893440246582,0.9611845016479492,0.30331985652446747,-1.3709068298339844e-06,0.000664781779050827,-4.881308290472924e-06,0.0010507242333685231,0.005608861529482935,0.4988425925925926,-0.004598245024681091,3354.163043478261,0.25763888888888886,0.08819988742470741,288.0,0,12,0.00013354700854700856,pool=kernel_fused_block_mean_bf16_read_fp32_acc_bf16_write,score=kernel_bf16_torch_matmul_acc_fp32_bf16_out,select=kernel_fused_topk_mask_fp32_bisect_index_order_ties
VA_NVFP4,p08,0.95,intervention_a,"routing input quantized to NVFP4, kernel arithmetic unchanged",nvfp4,kernel,kernel,kernel,4320,0.9615894690308954,0.017685299222097717,0.9804186698717948,0.9996853290007772,0.6266025641025641,0.5400641025641025,0.0020083415516107825,0.0,0.0033855038542554648,0.002111601970547155,0.36687469482421875,0.9454916715621948,0.3667117804288864,1.2442469596862793e-05,0.0008444450795650482,3.31010090657687e-05,0.0010825619378515574,0.00524220898168309,0.5101851851851852,-0.007139235734939575,573.7796407185629,0.22037037037037038,0.08819988742470741,236.0,0,0,0.0,pool=kernel_fused_block_mean_bf16_read_fp32_acc_bf16_write,score=kernel_bf16_torch_matmul_acc_fp32_bf16_out,select=kernel_fused_topk_mask_fp32_bisect_index_order_ties
VA_NVFP4,p09,0.8,intervention_a,"routing input quantized to NVFP4, kernel arithmetic unchanged",nvfp4,kernel,kernel,kernel,4320,0.9767854427492524,0.008690981135099363,0.9882564102564103,0.9996726861486775,1.4679487179487178,0.8685897435897436,0.004704963839579224,0.0,0.003971378991213418,0.0008543472024638636,0.19658786803483963,0.9824560582637787,0.19661778956651688,-3.375113010406494e-05,0.0004399847239255905,-0.00016111929683197565,0.0011103196495705302,0.005000443697652965,0.4564814814814815,-0.0017000436782836914,50.36997792494481,0.3710648148148148,0.08805444836616516,322.0,0,48,0.00013354700854700856,pool=kernel_fused_block_mean_bf16_read_fp32_acc_bf16_write,score=kernel_bf16_torch_matmul_acc_fp32_bf16_out,select=kernel_fused_topk_mask_fp32_bisect_index_order_ties
VA_NVFP4,p09,0.9,intervention_a,"routing input quantized to NVFP4, kernel arithmetic unchanged",nvfp4,kernel,kernel,kernel,4320,0.968355697977168,0.013528198759978238,0.9839234839234839,0.9996726861486775,1.0128205128205128,0.7435897435897436,0.0032462195923734383,0.0,0.0037973238523259212,0.0013060027830985514,0.2844611257314682,0.9657190144062042,0.2836446613073349,-1.3500452041625977e-05,0.000706203281879425,-4.3959432454029804e-05,0.0012241560258393338,0.006243372994221058,0.48865740740740743,-0.0039213597774505615,290.46136865342163,0.31504629629629627,0.08805444836616516,299.0,0,0,0.0,pool=kernel_fused_block_mean_bf16_read_fp32_acc_bf16_write,score=kernel_bf16_torch_matmul_acc_fp32_bf16_out,select=kernel_fused_topk_mask_fp32_bisect_index_order_ties
VA_NVFP4,p09,0.95,intervention_a,"routing input quantized to NVFP4, kernel arithmetic unchanged",nvfp4,kernel,kernel,kernel,4320,0.9596643603709701,0.01872872842984663,0.9794170673076923,0.9996726861486775,0.6586538461538461,0.5625,0.002111070019723866,0.0,0.003626862663140113,0.002116150922193984,0.35760512948036194,0.9479617178440094,0.3576381057500839,1.856684684753418e-05,0.0008875131607055664,4.796074302383408e-05,0.0012124962517883462,0.005831615485870428,0.5136574074074074,-0.006397895514965057,344.5870786516854,0.2773148148148148,0.08805444836616516,244.0,0,0,0.0,pool=kernel_fused_block_mean_bf16_read_fp32_acc_bf16_write,score=kernel_bf16_torch_matmul_acc_fp32_bf16_out,select=kernel_fused_topk_mask_fp32_bisect_index_order_ties
VA_NVFP4,p10,0.8,intervention_a,"routing input quantized to NVFP4, kernel arithmetic unchanged",nvfp4,kernel,kernel,kernel,4320,0.9775372055878102,0.00788824131058008,0.9886410256410256,0.9996861960083869,1.4198717948717947,0.8589743589743589,0.004550871137409599,0.0,0.0037422618369757736,0.0008237585746623478,0.1912001371383667,0.9837949275970459,0.19113872200250626,-3.2765790820121765e-05,0.00038684532046318054,-0.00017252065954628944,0.0009721884756846136,0.004657258300250899,0.44837962962962963,-0.001152530312538147,35.17480529816383,0.41944444444444445,0.08784559741616249,314.0,0,24,0.00013354700854700856,pool=kernel_fused_block_mean_bf16_read_fp32_acc_bf16_write,score=kernel_bf16_torch_matmul_acc_fp32_bf16_out,select=kernel_fused_topk_mask_fp32_bisect_index_order_ties
VA_NVFP4,p10,0.9,intervention_a,"routing input quantized to NVFP4, kernel arithmetic unchanged",nvfp4,kernel,kernel,kernel,4320,0.9695390781563126,0.012607690767135304,0.9845339845339846,0.9996861960083869,0.9743589743589743,0.7259615384615384,0.0031229454306377384,0.0,0.0035234837428889223,0.0012651926104980948,0.26903219521045685,0.969813734292984,0.2690359801054001,-1.163780689239502e-05,0.00057978555560112,-4.4268606138497796e-05,0.0010070175758805403,0.005222698973948761,0.48865740740740743,-0.0028346627950668335,243.57362355953904,0.35810185185185184,0.08784559741616249,288.0,0,0,0.0,pool=kernel_fused_block_mean_bf16_read_fp32_acc_bf16_write,score=kernel_bf16_torch_matmul_acc_fp32_bf16_out,select=kernel_fused_topk_mask_fp32_bisect_index_order_ties
VA_NVFP4,p10,0.95,intervention_a,"routing input quantized to NVFP4, kernel arithmetic unchanged",nvfp4,kernel,kernel,kernel,4320,0.9614931237721022,0.017295729592963105,0.9803685897435898,0.9996861960083869,0.6282051282051282,0.5432692307692307,0.0020134779750164366,0.0,0.0033407788527054817,0.002058497373744323,0.3344079256057739,0.9562350511550903,0.3347241282463074,1.780688762664795e-06,0.0007570423185825348,5.540537637638703e-06,0.0010799377650867643,0.005054970993692296,0.5009259259259259,-0.004418760538101196,2481.489539748954,0.33240740740740743,0.08784559741616249,239.0,0,0,0.0,pool=kernel_fused_block_mean_bf16_read_fp32_acc_bf16_write,score=kernel_bf16_torch_matmul_acc_fp32_bf16_out,select=kernel_fused_topk_mask_fp32_bisect_index_order_ties
VA_NVFP4_VB_FP64,p01,0.8,intervention_ab,the H3 question at VSA's interface: can exact arithmetic rescue a quantized routing input?,nvfp4,fp64,fp64,exact_index_order,4320,0.9767603938314938,0.008783529905479481,0.9882435897435897,0.999662046952615,1.469551282051282,0.8717948717948718,0.004710100262984879,0.0,0.0035947082449600386,0.0008585681424010778,0.18000202625989914,0.9849731922149658,0.18001074343919754,0.00016284361481666565,0.0005345232784748077,0.0009374631743735847,0.0015768110092369977,0.0056058242605619675,0.687962962962963,-0.00147150456905365,9.036304989362431,0.3715277777777778,0.08789988979697227,0.0,0,0,0.0,pool=fp64_values_acc_fp64_valid_token_denominator,score=fp64_values_acc_fp64,select=exact_stable_sort_index_order_ties_at_float64
VA_NVFP4_VB_FP64,p01,0.9,intervention_ab,the H3 question at VSA's interface: can exact arithmetic rescue a quantized routing input?,nvfp4,fp64,fp64,exact_index_order,4320,0.9675675675675676,0.014355530513537662,0.9835164835164835,0.999662046952615,1.0384615384615383,0.7548076923076923,0.0033284023668639054,0.0,0.003330142171242766,0.0012994446882484472,0.26141734421253204,0.9701128602027893,0.2611015737056732,0.00034934282302856445,0.0008676424622535706,0.0013692000651605652,0.0018635312059777126,0.007784618990400634,0.7469907407407408,-0.0034693628549575806,9.931112438150485,0.3145833333333333,0.08789988979697227,0.0,0,0,0.0,pool=fp64_values_acc_fp64_valid_token_denominator,score=fp64_values_acc_fp64,select=exact_stable_sort_index_order_ties_at_float64
VA_NVFP4_VB_FP64,p01,0.95,intervention_ab,the H3 question at VSA's interface: can exact arithmetic rescue a quantized routing input?,nvfp4,fp64,fp64,exact_index_order,4320,0.9587992937021778,0.020409668190053964,0.9789663461538461,0.999662046952615,0.673076923076923,0.5753205128205128,0.0021572978303747536,0.0,0.0031112948346999686,0.0021088596427138915,0.32798920571804047,0.9551171064376831,0.32723937928676605,0.0005290135741233826,0.00118989497423172,0.001672531369482744,0.0020937276537331987,0.007709940633401363,0.7798611111111111,-0.005509182810783386,10.414067011253046,0.2863425925925926,0.08789988979697227,0.0,0,0,0.0,pool=fp64_values_acc_fp64_valid_token_denominator,score=fp64_values_acc_fp64,select=exact_stable_sort_index_order_ties_at_float64
VA_NVFP4_VB_FP64,p02,0.8,intervention_ab,the H3 question at VSA's interface: can exact arithmetic rescue a quantized routing input?,nvfp4,fp64,fp64,exact_index_order,4320,0.9765975914177795,0.007964456104933348,0.9881602564102564,0.9996633468123634,1.4799679487179485,0.875,0.004743487015121631,0.0,0.003552658954135913,0.0008351908232747366,0.1730179414153099,0.9867323637008667,0.17285160720348358,0.0001676902174949646,0.000538812018930912,0.0009849676306187545,0.0015924312040954736,0.005927047580166087,0.7083333333333334,-0.0003307759761810303,1.9725418758608433,0.46875,0.08789954707026482,0.0,0,0,0.0,pool=fp64_values_acc_fp64_valid_token_denominator,score=fp64_values_acc_fp64,select=exact_stable_sort_index_order_ties_at_float64
VA_NVFP4_VB_FP64,p02,0.9,intervention_ab,the H3 question at VSA's interface: can exact arithmetic rescue a quantized routing input?,nvfp4,fp64,fp64,exact_index_order,4320,0.9682078754349513,0.012939158887642854,0.9838471713471714,0.9996633468123634,1.017628205128205,0.7467948717948718,0.003261628862590401,0.0,0.0032856711723762144,0.0012886912384254827,0.25756484270095825,0.9724942743778229,0.25705498456954956,0.00034659355878829956,0.0009188409894704819,0.0013995323544746883,0.0019391597521333246,0.007540579927443185,0.767824074074074,-0.0021236687898635864,6.127259829317053,0.4,0.08789954707026482,0.0,0,0,0.0,pool=fp64_values_acc_fp64_valid_token_denominator,score=fp64_values_acc_fp64,select=exact_stable_sort_index_order_ties_at_float64
VA_NVFP4_VB_FP64,p02,0.95,intervention_ab,the H3 question at VSA's interface: can exact arithmetic rescue a quantized routing input?,nvfp4,fp64,fp64,exact_index_order,4320,0.9601452832040837,0.017564181901515985,0.979667467948718,0.9996633468123634,0.6506410256410257,0.5608974358974359,0.002085387902695595,0.0,0.0030502485346433966,0.0021243144700614273,0.33090896904468536,0.9572333693504333,0.33039841055870056,0.0005433671176433563,0.001353733241558075,0.0016806717886280976,0.00212151580470456,0.008025916887086131,0.7960648148148148,-0.0034626275300979614,6.372537861907733,0.3696759259259259,0.08789954707026482,0.0,0,0,0.0,pool=fp64_values_acc_fp64_valid_token_denominator,score=fp64_values_acc_fp64,select=exact_stable_sort_index_order_ties_at_float64
VA_NVFP4_VB_FP64,p03,0.8,intervention_ab,the H3 question at VSA's interface: can exact arithmetic rescue a quantized routing input?,nvfp4,fp64,fp64,exact_index_order,4320,0.976735345548544,0.008138916455307843,0.9882307692307692,0.9996734610714838,1.471153846153846,0.8733974358974359,0.004715236686390532,0.0,0.003517267745206493,0.0008336685779420485,0.1782870590686798,0.9857130348682404,0.17780262231826782,0.00014472752809524536,0.0005361111834645271,0.0008312060357894154,0.0015276883671725382,0.006044047141630658,0.6747685185185185,-0.0007246881723403931,5.0072586872586875,0.4460648148148148,0.08791796863079071,0.0,0,0,0.0,pool=fp64_values_acc_fp64_valid_token_denominator,score=fp64_values_acc_fp64,select=exact_stable_sort_index_order_ties_at_float64
VA_NVFP4_VB_FP64,p03,0.9,intervention_ab,the H3 question at VSA's interface: can exact arithmetic rescue a quantized routing input?,nvfp4,fp64,fp64,exact_index_order,4320,0.968355697977168,0.013134642251288575,0.9839234839234839,0.9996734610714838,1.0128205128205128,0.7467948717948718,0.0032462195923734383,0.0,0.0032555286014082797,0.0012806769398954,0.2609051913022995,0.9711866676807404,0.2603085935115814,0.00036210566759109497,0.0009743990376591682,0.001413508346570293,0.001917391416066663,0.007767869882869377,0.75625,-0.002471126616001129,6.824324602374436,0.381712962962963,0.08791796863079071,0.0,0,0,0.0,pool=fp64_values_acc_fp64_valid_token_denominator,score=fp64_values_acc_fp64,select=exact_stable_sort_index_order_ties_at_float64
VA_NVFP4_VB_FP64,p03,0.95,intervention_ab,the H3 question at VSA's interface: can exact arithmetic rescue a quantized routing input?,nvfp4,fp64,fp64,exact_index_order,4320,0.9598567011827059,0.018132968703875707,0.9795172275641025,0.9996734610714838,0.655448717948718,0.5641025641025641,0.0021007971729125577,0.0,0.0030305447367846967,0.0020853210010376806,0.33579716086387634,0.9566318094730377,0.33439214527606964,0.0005945265293121338,0.0013595111668109894,0.0018435746445088566,0.002249202578087355,0.008375703129893072,0.8101851851851852,-0.003962330520153046,6.664682440222568,0.3456018518518518,0.08791796863079071,0.0,0,0,0.0,pool=fp64_values_acc_fp64_valid_token_denominator,score=fp64_values_acc_fp64,select=exact_stable_sort_index_order_ties_at_float64
VA_NVFP4_VB_FP64,p04,0.8,intervention_ab,the H3 question at VSA's interface: can exact arithmetic rescue a quantized routing input?,nvfp4,fp64,fp64,exact_index_order,4320,0.9777879202799331,0.0073402883030717625,0.9887692307692307,0.9996883539753244,1.4038461538461537,0.8573717948717948,0.004499506903353058,0.0,0.0034023960376200813,0.0008332509353356908,0.19777512550354004,0.9824646711349487,0.19740910828113556,0.00014673173427581787,0.00046749040484428406,0.0006995941022222339,0.0012281590676259543,0.004644662362409775,0.6858796296296297,-0.0014353469014167786,9.78211638062354,0.3768518518518518,0.08840620890259743,0.0,0,0,0.0,pool=fp64_values_acc_fp64_valid_token_denominator,score=fp64_values_acc_fp64,select=exact_stable_sort_index_order_ties_at_float64
VA_NVFP4_VB_FP64,p04,0.9,intervention_ab,the H3 question at VSA's interface: can exact arithmetic rescue a quantized routing input?,nvfp4,fp64,fp64,exact_index_order,4320,0.9699338544798557,0.011826798295888397,0.9847374847374848,0.9996883539753244,0.9615384615384615,0.7227564102564102,0.003081854043392505,0.0,0.00312464299827947,0.0013032289814614642,0.2778327912092209,0.9676142334938049,0.2775108963251114,0.00029440969228744507,0.0008179955184459686,0.0010592505162619155,0.0014830108641924774,0.005886326517779253,0.7458333333333333,-0.003215104341506958,10.920511198279135,0.31157407407407406,0.08840620890259743,0.0,0,0,0.0,pool=fp64_values_acc_fp64_valid_token_denominator,score=fp64_values_acc_fp64,select=exact_stable_sort_index_order_ties_at_float64
VA_NVFP4_VB_FP64,p04,0.95,intervention_ab,the H3 question at VSA's interface: can exact arithmetic rescue a quantized routing input?,nvfp4,fp64,fp64,exact_index_order,4320,0.9618303747743184,0.01663206611990431,0.9805438701923077,0.9996883539753244,0.6225961538461539,0.5416666666666666,0.0019955004930966467,0.0,0.0028772090322790067,0.002138433722699777,0.346658319234848,0.9523381888866425,0.34619317948818207,0.0004710257053375244,0.0011218637228012085,0.0013609854486829748,0.0017412596670269046,0.006251339883191531,0.7810185185185186,-0.0050572678446769714,10.736713065485606,0.2747685185185185,0.08840620890259743,0.0,0,0,0.0,pool=fp64_values_acc_fp64_valid_token_denominator,score=fp64_values_acc_fp64,select=exact_stable_sort_index_order_ties_at_float64
VA_NVFP4_VB_FP64,p05,0.8,intervention_ab,the H3 question at VSA's interface: can exact arithmetic rescue a quantized routing input?,nvfp4,fp64,fp64,exact_index_order,4320,0.9763847362286525,0.008611859879066208,0.988051282051282,0.9996623769929612,1.4935897435897436,0.8766025641025641,0.004787146614069691,0.0,0.003553548003519882,0.0008251885081836032,0.16938981413841248,0.9869381785392761,0.16921859979629517,0.00017917528748512268,0.0005199108272790909,0.001072991362846009,0.0016185575437229888,0.0058915555622153625,0.7108796296296296,-0.0008598975837230682,4.799197455142733,0.42962962962962964,0.08804870769381523,0.0,0,0,0.0,pool=fp64_values_acc_fp64_valid_token_denominator,score=fp64_values_acc_fp64,select=exact_stable_sort_index_order_ties_at_float64
VA_NVFP4_VB_FP64,p05,0.9,intervention_ab,the H3 question at VSA's interface: can exact arithmetic rescue a quantized routing input?,nvfp4,fp64,fp64,exact_index_order,4320,0.9674198633736206,0.013813690076700857,0.9834401709401709,0.9996623769929612,1.0432692307692308,0.7580128205128205,0.003343811637080868,0.0,0.003288352767515635,0.0012665848812426499,0.24975937604904175,0.9732989072799683,0.24947474896907806,0.0003882013261318207,0.0009037833660840988,0.0015620132836646314,0.0020382122450099925,0.00795977341447219,0.7800925925925926,-0.002462230622768402,6.342664120452561,0.3710648148148148,0.08804870769381523,0.0,0,0,0.0,pool=fp64_values_acc_fp64_valid_token_denominator,score=fp64_values_acc_fp64,select=exact_stable_sort_index_order_ties_at_float64
VA_NVFP4_VB_FP64,p05,0.95,intervention_ab,the H3 question at VSA's interface: can exact arithmetic rescue a quantized routing input?,nvfp4,fp64,fp64,exact_index_order,4320,0.9586071603727317,0.019265432057638754,0.9788661858974359,0.9996623769929612,0.6762820512820512,0.5769230769230769,0.0021675706771860617,0.0,0.0030595985701996273,0.002076267647233391,0.312822550535202,0.9601022899150848,0.31253038346767426,0.0005443505942821503,0.001247243955731392,0.0017652243639559757,0.0021618999361812073,0.007889624231278878,0.8002314814814815,-0.004096783697605133,7.526002066751983,0.3386574074074074,0.08804870769381523,0.0,0,0,0.0,pool=fp64_values_acc_fp64_valid_token_denominator,score=fp64_values_acc_fp64,select=exact_stable_sort_index_order_ties_at_float64
VA_NVFP4_VB_FP64,p06,0.8,intervention_ab,the H3 question at VSA's interface: can exact arithmetic rescue a quantized routing input?,nvfp4,fp64,fp64,exact_index_order,4320,0.9778882239578051,0.007816382354524198,0.9888205128205129,0.9996922165525339,1.3974358974358974,0.8557692307692307,0.0044789612097304405,0.0,0.003390848619404804,0.0008288105597913729,0.21363090723752975,0.9800713956356049,0.21330200135707855,0.00011092424392700195,0.0005171466618776321,0.0005116621221043249,0.001258111930398262,0.004954823577257618,0.6310185185185185,-0.0015297383069992065,13.790838259000537,0.3733796296296296,0.08795541524887085,0.0,0,0,0.0,pool=fp64_values_acc_fp64_valid_token_denominator,score=fp64_values_acc_fp64,select=exact_stable_sort_index_order_ties_at_float64
VA_NVFP4_VB_FP64,p06,0.9,intervention_ab,the H3 question at VSA's interface: can exact arithmetic rescue a quantized routing input?,nvfp4,fp64,fp64,exact_index_order,4320,0.9699585335639989,0.012712552942813815,0.9847502035002036,0.9996922165525339,0.9607371794871794,0.7211538461538461,0.003079285831689678,0.0,0.003103503069496857,0.001283386818593608,0.2985282838344574,0.9637192487716675,0.2981490343809128,0.00027486681938171387,0.0008174702525138855,0.0009189394330301722,0.0014386077604750529,0.006199155150834352,0.7189814814814814,-0.00342656672000885,12.46627995229318,0.31203703703703706,0.08795541524887085,0.0,0,0,0.0,pool=fp64_values_acc_fp64_valid_token_denominator,score=fp64_values_acc_fp64,select=exact_stable_sort_index_order_ties_at_float64
VA_NVFP4_VB_FP64,p06,0.95,intervention_ab,the H3 question at VSA's interface: can exact arithmetic rescue a quantized routing input?,nvfp4,fp64,fp64,exact_index_order,4320,0.9613967879770149,0.01768356410062044,0.9803185096153846,0.9996922165525339,0.6298076923076923,0.5464743589743589,0.0020186143984220906,0.0,0.002855925724102506,0.002080408652207129,0.3694722205400467,0.9471297860145569,0.36923445761203766,0.0004623681306838989,0.0012044757604599,0.001253467365469288,0.0017564362501277533,0.006655038684778905,0.7458333333333333,-0.0054003894329071045,11.679847884237326,0.28032407407407406,0.08795541524887085,0.0,0,0,0.0,pool=fp64_values_acc_fp64_valid_token_denominator,score=fp64_values_acc_fp64,select=exact_stable_sort_index_order_ties_at_float64
VA_NVFP4_VB_FP64,p07,0.8,intervention_ab,the H3 question at VSA's interface: can exact arithmetic rescue a quantized routing input?,nvfp4,fp64,fp64,exact_index_order,4320,0.9755587918698158,0.009654057844472819,0.9876282051282051,0.9996428126612653,1.546474358974359,0.8814102564102564,0.004956648586456279,0.0,0.0037146841594694717,0.0008497264859377683,0.21078982949256897,0.9792409241199493,0.21059146523475647,0.00022881105542182922,0.0006419308483600616,0.001142453393485794,0.001802662786096774,0.007319479299741524,0.7247685185185185,-0.001940697431564331,8.481659367317366,0.34675925925925927,0.08809397369623184,0.0,0,0,0.0,pool=fp64_values_acc_fp64_valid_token_denominator,score=fp64_values_acc_fp64,select=exact_stable_sort_index_order_ties_at_float64
VA_NVFP4_VB_FP64,p07,0.9,intervention_ab,the H3 question at VSA's interface: can exact arithmetic rescue a quantized routing input?,nvfp4,fp64,fp64,exact_index_order,4320,0.9657474310573293,0.015259491015679916,0.9825752950752951,0.9996428126612653,1.0977564102564101,0.7748397435897436,0.00351845003287311,0.0,0.0035114852726562972,0.0012854724620193713,0.3331652581691742,0.9515299797058105,0.3326541930437088,0.0005011335015296936,0.001316063106060028,0.0016665650795609703,0.0022968708330261193,0.010147118374307594,0.7703703703703704,-0.0061392635107040405,12.250754523423678,0.2539351851851852,0.08809397369623184,0.0,0,0,0.0,pool=fp64_values_acc_fp64_valid_token_denominator,score=fp64_values_acc_fp64,select=exact_stable_sort_index_order_ties_at_float64
VA_NVFP4_VB_FP64,p07,0.95,intervention_ab,the H3 question at VSA's interface: can exact arithmetic rescue a quantized routing input?,nvfp4,fp64,fp64,exact_index_order,4320,0.9549637752104954,0.021586617340807024,0.9769631410256411,0.9996428126612653,0.7371794871794871,0.6065705128205128,0.0023627547666009207,0.0,0.0033083816113656404,0.0020518228098484487,0.4054674804210663,0.929863840341568,0.4043515473604202,0.0006352365016937256,0.0016995221376419067,0.0017128232892442189,0.0024002211247297445,0.010840121892490624,0.7761574074074075,-0.010501518845558167,16.531667839549613,0.2238425925925926,0.08809397369623184,0.0,0,0,0.0,pool=fp64_values_acc_fp64_valid_token_denominator,score=fp64_values_acc_fp64,select=exact_stable_sort_index_order_ties_at_float64
VA_NVFP4_VB_FP64,p08,0.8,intervention_ab,the H3 question at VSA's interface: can exact arithmetic rescue a quantized routing input?,nvfp4,fp64,fp64,exact_index_order,4320,0.9784149852252984,0.007896443049253188,0.9890897435897436,0.9996875260102519,1.3637820512820513,0.8461538461538461,0.004371096318211703,0.0,0.0033733302815236966,0.0008564789877889672,0.22112832963466644,0.9780466854572296,0.2211449071764946,9.426102042198181e-05,0.0005187802016735077,0.00043520819209895726,0.001140963884084333,0.004857989543037018,0.6148148148148148,-0.002150014042854309,22.80915306485397,0.3145833333333333,0.08819988742470741,0.0,0,0,0.0,pool=fp64_values_acc_fp64_valid_token_denominator,score=fp64_values_acc_fp64,select=exact_stable_sort_index_order_ties_at_float64
VA_NVFP4_VB_FP64,p08,0.9,intervention_ab,the H3 question at VSA's interface: can exact arithmetic rescue a quantized routing input?,nvfp4,fp64,fp64,exact_index_order,4320,0.9703287890938251,0.01197613507595452,0.9849409849409849,0.9996875260102519,0.9487179487179487,0.7163461538461539,0.0030407626561472717,0.0,0.003082587619067986,0.0013042710279578037,0.30390921235084534,0.9611434936523438,0.30331985652446747,0.0002681910991668701,0.0009087920188903809,0.0008610488110880842,0.0014743433256101035,0.00649054455815126,0.6914351851851852,-0.004614412784576416,17.205689521057895,0.2539351851851852,0.08819988742470741,0.0,0,0,0.0,pool=fp64_values_acc_fp64_valid_token_denominator,score=fp64_values_acc_fp64,select=exact_stable_sort_index_order_ties_at_float64
VA_NVFP4_VB_FP64,p08,0.95,intervention_ab,the H3 question at VSA's interface: can exact arithmetic rescue a quantized routing input?,nvfp4,fp64,fp64,exact_index_order,4320,0.9613004616442393,0.017392673888192323,0.9802684294871795,0.9996875260102519,0.6314102564102564,0.5448717948717948,0.002023750821827745,0.0,0.002868734921527584,0.002111601970547155,0.36723698675632477,0.9453564882278442,0.3667117804288864,0.0004432797431945801,0.0011459030210971832,0.001175458522901508,0.001659596573529854,0.006372613025188931,0.7416666666666667,-0.007110282778739929,16.04017076778271,0.2175925925925926,0.08819988742470741,0.0,0,0,0.0,pool=fp64_values_acc_fp64_valid_token_denominator,score=fp64_values_acc_fp64,select=exact_stable_sort_index_order_ties_at_float64
VA_NVFP4_VB_FP64,p09,0.8,intervention_ab,the H3 question at VSA's interface: can exact arithmetic rescue a quantized routing input?,nvfp4,fp64,fp64,exact_index_order,4320,0.9768605933116217,0.008641362420951926,0.9882948717948717,0.9996748848781581,1.4631410256410255,0.8685897435897436,0.004689554569362262,0.0,0.003558593574209912,0.0008543472024638636,0.19692125916481018,0.9824061691761017,0.19661778956651688,0.00016533583402633667,0.0005451105535030365,0.000803318844335568,0.0014527905616808588,0.005592062287467992,0.6828703703703703,-0.0017265193164348602,10.442499211392006,0.3613425925925926,0.08805444836616516,0.0,0,0,0.0,pool=fp64_values_acc_fp64_valid_token_denominator,score=fp64_values_acc_fp64,select=exact_stable_sort_index_order_ties_at_float64
VA_NVFP4_VB_FP64,p09,0.9,intervention_ab,the H3 question at VSA's interface: can exact arithmetic rescue a quantized routing input?,nvfp4,fp64,fp64,exact_index_order,4320,0.9684049770923566,0.013527522003661141,0.9839489214489214,0.9996748848781581,1.0112179487179487,0.7435897435897436,0.0032410831689677843,0.0,0.0033100164213035873,0.0013060027830985514,0.2848992943763733,0.9655499756336212,0.2836446613073349,0.00040031224489212036,0.0009895768016576767,0.0013783033153299362,0.0018957666077991774,0.007873618376209158,0.7668981481481482,-0.0039817169308662415,9.946527945802082,0.300462962962963,0.08805444836616516,0.0,0,0,0.0,pool=fp64_values_acc_fp64_valid_token_denominator,score=fp64_values_acc_fp64,select=exact_stable_sort_index_order_ties_at_float64
VA_NVFP4_VB_FP64,p09,0.95,intervention_ab,the H3 question at VSA's interface: can exact arithmetic rescue a quantized routing input?,nvfp4,fp64,fp64,exact_index_order,4320,0.9593759199293495,0.01879445595128615,0.9792668269230769,0.9996748848781581,0.6634615384615384,0.5673076923076923,0.0021264792899408284,0.0,0.003061754474429326,0.002116150922193984,0.35803261399269104,0.9477092325687408,0.3576381057500839,0.0005710422992706299,0.0013649892061948776,0.001642261872429133,0.0021060960771565754,0.008103796325820162,0.7805555555555556,-0.006555482745170593,11.479854913626637,0.2662037037037037,0.08805444836616516,0.0,0,0,0.0,pool=fp64_values_acc_fp64_valid_token_denominator,score=fp64_values_acc_fp64,select=exact_stable_sort_index_order_ties_at_float64
VA_NVFP4_VB_FP64,p10,0.8,intervention_ab,the H3 question at VSA's interface: can exact arithmetic rescue a quantized routing input?,nvfp4,fp64,fp64,exact_index_order,4320,0.9776374838366167,0.007938728111743232,0.9886923076923076,0.9996874901459818,1.4134615384615383,0.8589743589743589,0.004530325443786982,0.0,0.0034083345150584896,0.0008237585746623478,0.19139547646045685,0.9837756454944611,0.19113872200250626,0.00013290345668792725,0.00046705640852451324,0.0006851406116809748,0.0012769845935706244,0.005119810274253882,0.6733796296296296,-0.001140594482421875,8.582128041260232,0.4085648148148148,0.08784559741616249,0.0,0,0,0.0,pool=fp64_values_acc_fp64_valid_token_denominator,score=fp64_values_acc_fp64,select=exact_stable_sort_index_order_ties_at_float64
VA_NVFP4_VB_FP64,p10,0.9,intervention_ab,the H3 question at VSA's interface: can exact arithmetic rescue a quantized routing input?,nvfp4,fp64,fp64,exact_index_order,4320,0.9694897422409259,0.012411312897203097,0.9845085470085471,0.9996874901459818,0.9759615384615384,0.7267628205128205,0.0031280818540433924,0.0,0.003089704577709772,0.0012651926104980948,0.26920078694820404,0.9696956276893616,0.2690359801054001,0.0002980083227157593,0.0007622037082910538,0.001055363135191565,0.0015303100992857428,0.006439163669860924,0.7340277777777777,-0.0026978403329849243,9.052902645132257,0.34976851851851853,0.08784559741616249,0.0,0,0,0.0,pool=fp64_values_acc_fp64_valid_token_denominator,score=fp64_values_acc_fp64,select=exact_stable_sort_index_order_ties_at_float64
VA_NVFP4_VB_FP64,p10,0.95,intervention_ab,the H3 question at VSA's interface: can exact arithmetic rescue a quantized routing input?,nvfp4,fp64,fp64,exact_index_order,4320,0.9611078373600471,0.017003286012837626,0.9801682692307693,0.9996874901459818,0.6346153846153846,0.5480769230769231,0.0020340236686390532,0.0,0.0028442453611175478,0.002058497373744323,0.335422545671463,0.9561239182949066,0.3347241282463074,0.0004361271858215332,0.0010482128709554672,0.001299624833806539,0.0017816579200326949,0.006354789776369679,0.7638888888888888,-0.0044387876987457275,10.177736777367773,0.3226851851851852,0.08784559741616249,0.0,0,0,0.0,pool=fp64_values_acc_fp64_valid_token_denominator,score=fp64_values_acc_fp64,select=exact_stable_sort_index_order_ties_at_float64
VB_BF16_LOW,p01,0.8,intervention_b,selector arithmetic lowered to true bf16 accumulation,bf16,bf16_low,bf16_low,kernel,4320,0.9766351587643496,0.0159790845153428,0.9881794871794872,0.9998295712218501,1.4775641025641024,0.8733974358974359,0.004735782380013149,0.0,0.004281232995992105,0.0008585681424010778,0.1798906996846199,0.9850267469882965,0.18001074343919754,-4.363059997558594e-05,0.0002657119184732437,-0.00024986123768721874,0.0007215366335416945,0.0028826727034897367,0.39699074074074076,-0.0013274997472763062,30.425887978142075,0.3976851851851852,0.0,327.0,0,240,0.0002670940170940171,pool=bf16_values_sequential_acc_bf16_valid_token_denominator,score=bf16_values_sequential_rank1_acc_bf16,select=kernel_fused_topk_mask_fp32_bisect_index_order_ties
VB_BF16_LOW,p01,0.9,intervention_b,selector arithmetic lowered to true bf16 accumulation,bf16,bf16_low,bf16_low,kernel,4320,0.9607471508017656,0.02374136992817022,0.9799806674806675,0.9998295712218501,1.2612179487179487,0.8285256410256411,0.004042365220249836,0.0,0.005243785920253067,0.0012994446882484472,0.2609725892543793,0.9702333509922028,0.2611015737056732,-8.635595440864563e-05,0.000483781099319458,-0.00033350403051393836,0.0008877278275515589,0.00391169816293268,0.3819444444444444,-0.0037697702646255493,43.65385444976489,0.33958333333333335,0.0,303.0,0,72,0.0002670940170940171,pool=bf16_values_sequential_acc_bf16_valid_token_denominator,score=bf16_values_sequential_rank1_acc_bf16,select=kernel_fused_topk_mask_fp32_bisect_index_order_ties
VB_BF16_LOW,p01,0.95,intervention_b,selector arithmetic lowered to true bf16 accumulation,bf16,bf16_low,bf16_low,kernel,4320,0.9443984614635571,0.03627553677831463,0.9714042467948718,0.9998295712218501,0.9150641025641025,0.7067307692307693,0.002932897764628534,0.0,0.005573676421271417,0.0021088596427138915,0.32701027393341064,0.9552634656429291,0.32723937928676605,-0.00011368095874786377,0.0007628798484802246,-0.0003422221117966483,0.0011473352329567834,0.004570547280648311,0.412962962962963,-0.006531938910484314,57.45851356665356,0.3148148148148148,0.0,250.0,0,48,0.00013354700854700856,pool=bf16_values_sequential_acc_bf16_valid_token_denominator,score=bf16_values_sequential_rank1_acc_bf16,select=kernel_fused_topk_mask_fp32_bisect_index_order_ties
VB_BF16_LOW,p02,0.8,intervention_b,selector arithmetic lowered to true bf16 accumulation,bf16,bf16_low,bf16_low,kernel,4320,0.9769858569473311,0.01464155191839922,0.9883589743589744,0.9998314066994924,1.455128205128205,0.8717948717948718,0.004663872452333991,0.0,0.004062846195507229,0.0008351908232747366,0.17286191880702972,0.9867878258228302,0.17285160720348358,-3.0182301998138428e-05,0.000248064287006855,-0.0001733856338004348,0.0007165826510787438,0.0027185865308434138,0.42106481481481484,-0.000177040696144104,5.865712169834609,0.487962962962963,0.0,326.0,0,360,0.0002670940170940171,pool=bf16_values_sequential_acc_bf16_valid_token_denominator,score=bf16_values_sequential_rank1_acc_bf16,select=kernel_fused_topk_mask_fp32_bisect_index_order_ties
VB_BF16_LOW,p02,0.9,intervention_b,selector arithmetic lowered to true bf16 accumulation,bf16,bf16_low,bf16_low,kernel,4320,0.9618234897821694,0.0216283281578995,0.980540293040293,0.9998314066994924,1.2259615384615383,0.8189102564102564,0.003929363905325444,0.0,0.004977873315968977,0.0012886912384254827,0.2571646720170975,0.9726172685623169,0.25705498456954956,-4.482269287109375e-05,0.00046904198825359344,-0.00018026385694490103,0.0008788800520916454,0.003737738312329853,0.4375,-0.002037517726421356,45.45728058510638,0.42407407407407405,0.0,298.0,0,36,0.00013354700854700856,pool=bf16_values_sequential_acc_bf16_valid_token_denominator,score=bf16_values_sequential_rank1_acc_bf16,select=kernel_fused_topk_mask_fp32_bisect_index_order_ties
VB_BF16_LOW,p02,0.95,intervention_b,selector arithmetic lowered to true bf16 accumulation,bf16,bf16_low,bf16_low,kernel,4320,0.9468629649490568,0.032168937390934405,0.9727063301282052,0.9998314066994924,0.8733974358974359,0.6875,0.0027993507560815254,0.0,0.005294472576903712,0.0021243144700614273,0.3305337131023407,0.9576125144958496,0.33039841055870056,-4.887580871582031e-05,0.0007157176733016968,-0.00015325629713148315,0.0010593175802095448,0.004229583398798608,0.4622685185185185,-0.0036654099822044373,74.99435975609757,0.40046296296296297,0.0,243.5,0,60,0.00013354700854700856,pool=bf16_values_sequential_acc_bf16_valid_token_denominator,score=bf16_values_sequential_rank1_acc_bf16,select=kernel_fused_topk_mask_fp32_bisect_index_order_ties
VB_BF16_LOW,p03,0.8,intervention_b,selector arithmetic lowered to true bf16 accumulation,bf16,bf16_low,bf16_low,kernel,4320,0.9769357495881383,0.014876379650152982,0.9883333333333333,0.99983465710814,1.4583333333333333,0.8733974358974359,0.004674145299145299,0.0,0.0040805512783040395,0.0008336685779420485,0.1779593750834465,0.985704094171524,0.17780262231826782,-3.9517879486083984e-05,0.0002518370747566223,-0.00021895775719411555,0.0007201828253749019,0.0027338030144556684,0.4111111111111111,-0.00043294578790664673,10.955693815987933,0.46574074074074073,0.0,324.0,0,300,0.0005341880341880342,pool=bf16_values_sequential_acc_bf16_valid_token_denominator,score=bf16_values_sequential_rank1_acc_bf16,select=kernel_fused_topk_mask_fp32_bisect_index_order_ties
VB_BF16_LOW,p03,0.9,intervention_b,selector arithmetic lowered to true bf16 accumulation,bf16,bf16_low,bf16_low,kernel,4320,0.961774539647687,0.021773176648166914,0.9805148555148555,0.99983465710814,1.2275641025641024,0.8197115384615384,0.003934500328731098,0.0,0.004931237034418527,0.0012806769398954,0.2603718787431717,0.9712983071804047,0.2603085935115814,-5.587190389633179e-05,0.000460917130112648,-0.00021606202888844404,0.0008908774552429317,0.003631918847370688,0.42662037037037037,-0.002403371036052704,43.01573543139085,0.4050925925925926,0.0,299.0,0,96,0.0002670940170940171,pool=bf16_values_sequential_acc_bf16_valid_token_denominator,score=bf16_values_sequential_rank1_acc_bf16,select=kernel_fused_topk_mask_fp32_bisect_index_order_ties
VB_BF16_LOW,p03,0.95,intervention_b,selector arithmetic lowered to true bf16 accumulation,bf16,bf16_low,bf16_low,kernel,4320,0.9470528009360831,0.03223240661273197,0.9728064903846154,0.99983465710814,0.8701923076923077,0.6875,0.002789077909270217,0.0,0.005244479213454712,0.0020853210010376806,0.33420079946517944,0.9568029940128326,0.33439214527606964,-6.113946437835693e-05,0.0007479693740606308,-0.0002016616556627652,0.001109185930955351,0.00408795112599661,0.45069444444444445,-0.004205092787742615,68.77869851328296,0.3821759259259259,0.0,245.0,0,72,0.00013354700854700856,pool=bf16_values_sequential_acc_bf16_valid_token_denominator,score=bf16_values_sequential_rank1_acc_bf16,select=kernel_fused_topk_mask_fp32_bisect_index_order_ties
VB_BF16_LOW,p04,0.8,intervention_b,selector arithmetic lowered to true bf16 accumulation,bf16,bf16_low,bf16_low,kernel,4320,0.9780136178629845,0.01289021216437225,0.9888846153846154,0.9998432617340669,1.3894230769230769,0.8557692307692307,0.00445327909270217,0.0,0.003824436905848871,0.0008332509353356908,0.1974428966641426,0.9824874699115753,0.19740910828113556,-4.2743980884552e-05,0.000257270410656929,-0.0002197068911577194,0.0006486275258693177,0.0022520582554761913,0.3990740740740741,-0.0012032538652420044,28.150252745337283,0.40300925925925923,0.0,314.5,0,300,0.0005341880341880342,pool=bf16_values_sequential_acc_bf16_valid_token_denominator,score=bf16_values_sequential_rank1_acc_bf16,select=kernel_fused_topk_mask_fp32_bisect_index_order_ties
VB_BF16_LOW,p04,0.9,intervention_b,selector arithmetic lowered to true bf16 accumulation,bf16,bf16_low,bf16_low,kernel,4320,0.9637835002622575,0.019078149084457152,0.9815577940577941,0.9998432617340669,1.1618589743589742,0.7980769230769231,0.003723906969099277,0.0,0.004600774866649291,0.0013032289814614642,0.2773677855730057,0.9676865935325623,0.2775108963251114,-7.170438766479492e-05,0.0004481971263885498,-0.00025148750975381284,0.0008119320389767951,0.003066845667957251,0.40347222222222223,-0.0034779012203216553,48.50332502078138,0.33912037037037035,0.0,286.0,0,24,0.00013354700854700856,pool=bf16_values_sequential_acc_bf16_valid_token_denominator,score=bf16_values_sequential_rank1_acc_bf16,select=kernel_fused_topk_mask_fp32_bisect_index_order_ties
VB_BF16_LOW,p04,0.95,intervention_b,selector arithmetic lowered to true bf16 accumulation,bf16,bf16_low,bf16_low,kernel,4320,0.9487629922412532,0.028561113936575788,0.9737079326923077,0.9998432617340669,0.8413461538461539,0.6698717948717948,0.0026966222879684417,0.0,0.005005384801672877,0.002138433722699777,0.34615616500377655,0.9526531100273132,0.34619317948818207,-9.784847497940063e-05,0.0007329918444156647,-0.00030095822815520495,0.001026447616662523,0.003728621314525545,0.4162037037037037,-0.005951963365077972,60.828371278458846,0.31342592592592594,0.0,235.0,0,60,0.00013354700854700856,pool=bf16_values_sequential_acc_bf16_valid_token_denominator,score=bf16_values_sequential_rank1_acc_bf16,select=kernel_fused_topk_mask_fp32_bisect_index_order_ties
VB_BF16_LOW,p05,0.8,intervention_b,selector arithmetic lowered to true bf16 accumulation,bf16,bf16_low,bf16_low,kernel,4320,0.9768104923018438,0.015762059180833954,0.9882692307692308,0.9998295214702564,1.4663461538461537,0.875801282051282,0.00469982741617357,0.0,0.004129454980172557,0.0008251885081836032,0.169350728392601,0.9869835078716278,0.16921859979629517,-3.7591904401779175e-05,0.0002581365406513214,-0.00021843295759127972,0.0007359825712993643,0.002918797400079365,0.40925925925925927,-0.0006262287497520447,16.658606679219105,0.4548611111111111,0.0,327.0,0,228,0.0002670940170940171,pool=bf16_values_sequential_acc_bf16_valid_token_denominator,score=bf16_values_sequential_rank1_acc_bf16,select=kernel_fused_topk_mask_fp32_bisect_index_order_ties
VB_BF16_LOW,p05,0.9,intervention_b,selector arithmetic lowered to true bf16 accumulation,bf16,bf16_low,bf16_low,kernel,4320,0.9614319570911812,0.023227900580213512,0.9803367928367929,0.9998295214702564,1.2387820512820513,0.8237179487179487,0.003970455292570677,0.0,0.005001003473386096,0.0012665848812426499,0.24941514432430267,0.9735006093978882,0.24947474896907806,-6.43804669380188e-05,0.000460868701338768,-0.0002565077724354929,0.0009366557105875081,0.0036920882004461606,0.40532407407407406,-0.0023935511708259583,37.1782201134128,0.3974537037037037,0.0,301.0,0,24,0.00013354700854700856,pool=bf16_values_sequential_acc_bf16_valid_token_denominator,score=bf16_values_sequential_rank1_acc_bf16,select=kernel_fused_topk_mask_fp32_bisect_index_order_ties
VB_BF16_LOW,p05,0.95,intervention_b,selector arithmetic lowered to true bf16 accumulation,bf16,bf16_low,bf16_low,kernel,4320,0.9456299327681964,0.03418940875864218,0.9720552884615384,0.9998295214702564,0.8942307692307692,0.6971153846153846,0.0028661242603550295,0.0,0.005327054980057561,0.002076267647233391,0.31223639845848083,0.9601367115974426,0.31253038346767426,-4.9561262130737305e-05,0.0006965026259422302,-0.00016781672665947125,0.0011207295802430515,0.0043827557347425675,0.45208333333333334,-0.0043714046478271484,88.20204449789537,0.3738425925925926,0.0,246.0,0,24,0.00013354700854700856,pool=bf16_values_sequential_acc_bf16_valid_token_denominator,score=bf16_values_sequential_rank1_acc_bf16,select=kernel_fused_topk_mask_fp32_bisect_index_order_ties
VB_BF16_LOW,p06,0.8,intervention_b,selector arithmetic lowered to true bf16 accumulation,bf16,bf16_low,bf16_low,kernel,4320,0.9781390276685856,0.012765930877997489,0.988948717948718,0.9998434943953035,1.3814102564102564,0.8541666666666666,0.004427596975673899,0.0,0.0037557106257117396,0.0008288105597913729,0.21321529150009155,0.9801497459411621,0.21330200135707855,-5.04031777381897e-05,0.000296030193567276,-0.00023713467808258586,0.0006733146709453088,0.002561731546907844,0.3962962962962963,-0.0012705698609352112,25.208130081300812,0.3972222222222222,0.0,314.0,0,324,0.0006677350427350427,pool=bf16_values_sequential_acc_bf16_valid_token_denominator,score=bf16_values_sequential_rank1_acc_bf16,select=kernel_fused_topk_mask_fp32_bisect_index_order_ties
VB_BF16_LOW,p06,0.9,intervention_b,selector arithmetic lowered to true bf16 accumulation,bf16,bf16_low,bf16_low,kernel,4320,0.963930658939901,0.01910046447186675,0.9816341066341067,0.9998434943953035,1.157051282051282,0.7964743589743589,0.0037084976988823143,0.0,0.004538559293035278,0.001283386818593608,0.29815293848514557,0.9637495279312134,0.2981490343809128,-8.947402238845825e-05,0.0005133673548698425,-0.0003155940299408932,0.0008358346750472251,0.003461690082264212,0.39375,-0.0036743804812431335,41.06645016237822,0.3435185185185185,0.0,289.0,0,36,0.00013354700854700856,pool=bf16_values_sequential_acc_bf16_valid_token_denominator,score=bf16_values_sequential_rank1_acc_bf16,select=kernel_fused_topk_mask_fp32_bisect_index_order_ties
VB_BF16_LOW,p06,0.95,intervention_b,selector arithmetic lowered to true bf16 accumulation,bf16,bf16_low,bf16_low,kernel,4320,0.9483351639840509,0.02929682391141719,0.9734825721153846,0.9998434943953035,0.8485576923076923,0.6730769230769231,0.0027197361932938856,0.0,0.004883623683030108,0.002080408652207129,0.3692774027585983,0.9473833739757538,0.36923445761203766,-0.00012302398681640625,0.0008542351424694061,-0.0003394790951477514,0.0011202219095913027,0.0041731430283803795,0.41087962962962965,-0.006481468677520752,52.684593023255815,0.3076388888888889,0.0,236.0,0,24,0.00013354700854700856,pool=bf16_values_sequential_acc_bf16_valid_token_denominator,score=bf16_values_sequential_rank1_acc_bf16,select=kernel_fused_topk_mask_fp32_bisect_index_order_ties
VB_BF16_LOW,p07,0.8,intervention_b,selector arithmetic lowered to true bf16 accumulation,bf16,bf16_low,bf16_low,kernel,4320,0.9747585351342456,0.01934296374688116,0.9872179487179488,0.999805237476084,1.5977564102564101,0.8894230769230769,0.005121014135437213,0.0,0.004564751177838971,0.0008497264859377683,0.21052266657352448,0.9792951345443726,0.21059146523475647,-4.727579653263092e-05,0.000284501351416111,-0.0002601006426778762,0.0007463142011519023,0.0029120580533285004,0.39351851851851855,-0.0018670186400413513,39.49206099050471,0.3650462962962963,0.0,345.0,0,336,0.00040064102564102563,pool=bf16_values_sequential_acc_bf16_valid_token_denominator,score=bf16_values_sequential_rank1_acc_bf16,select=kernel_fused_topk_mask_fp32_bisect_index_order_ties
VB_BF16_LOW,p07,0.9,intervention_b,selector arithmetic lowered to true bf16 accumulation,bf16,bf16_low,bf16_low,kernel,4320,0.9584272604634403,0.029618587577227573,0.9787723850223851,0.999805237476084,1.3373397435897436,0.8477564102564102,0.004286345332018409,0.0,0.005442390126703688,0.0012854724620193713,0.3323757201433182,0.9519451558589935,0.3326541930437088,-0.00010134279727935791,0.0005662105977535248,-0.00034080608817458946,0.0009598316105323652,0.004616753180001141,0.3872685185185185,-0.007307380437850952,72.1055727098956,0.2738425925925926,0.0,319.0,0,72,0.00013354700854700856,pool=bf16_values_sequential_acc_bf16_valid_token_denominator,score=bf16_values_sequential_rank1_acc_bf16,select=kernel_fused_topk_mask_fp32_bisect_index_order_ties
VB_BF16_LOW,p07,0.95,intervention_b,selector arithmetic lowered to true bf16 accumulation,bf16,bf16_low,bf16_low,kernel,4320,0.9400534369686665,0.0425599435991012,0.9691005608974359,0.999805237476084,0.9887820512820512,0.7355769230769231,0.0031691732412886258,0.0,0.005801351270199055,0.0020518228098484487,0.4040851294994354,0.9301646053791046,0.4043515473604202,-0.00011302530765533447,0.000886969268321991,-0.00032077054108756983,0.00118750573764956,0.0054466174611054515,0.40925925925925927,-0.01294773817062378,114.55609756097562,0.24837962962962962,0.0,265.0,0,24,0.00013354700854700856,pool=bf16_values_sequential_acc_bf16_valid_token_denominator,score=bf16_values_sequential_rank1_acc_bf16,select=kernel_fused_topk_mask_fp32_bisect_index_order_ties
VB_BF16_LOW,p08,0.8,intervention_b,selector arithmetic lowered to true bf16 accumulation,bf16,bf16_low,bf16_low,kernel,4320,0.9782519101705177,0.012224170432011183,0.9890064102564102,0.9998486836922574,1.374198717948718,0.8493589743589743,0.004404483070348455,0.0,0.003890688745921237,0.0008564789877889672,0.22101811319589615,0.9780725836753845,0.2211449071764946,-5.35622239112854e-05,0.00028090551495552063,-0.000251235139262732,0.0006550353812347881,0.0025479831215842567,0.3814814814814815,-0.0019205212593078613,35.85589094449854,0.3375,0.0,310.0,0,216,0.00040064102564102563,pool=bf16_values_sequential_acc_bf16_valid_token_denominator,score=bf16_values_sequential_rank1_acc_bf16,select=kernel_fused_topk_mask_fp32_bisect_index_order_ties
VB_BF16_LOW,p08,0.9,intervention_b,selector arithmetic lowered to true bf16 accumulation,bf16,bf16_low,bf16_low,kernel,4320,0.9633911849169684,0.018754834574450485,0.9813542938542938,0.9998486836922574,1.1746794871794872,0.8012820512820513,0.00376499835634451,0.0,0.0047061881952523855,0.0013042710279578037,0.3033846616744995,0.9612068235874176,0.30331985652446747,-9.182095527648926e-05,0.0005010273307561874,-0.00030632914339806847,0.000816750239160554,0.003269413964250268,0.3784722222222222,-0.005078896880149841,55.31304771178189,0.27199074074074076,0.0,288.0,0,60,0.00013354700854700856,pool=bf16_values_sequential_acc_bf16_valid_token_denominator,score=bf16_values_sequential_rank1_acc_bf16,select=kernel_fused_topk_mask_fp32_bisect_index_order_ties
VB_BF16_LOW,p08,0.95,intervention_b,selector arithmetic lowered to true bf16 accumulation,bf16,bf16_low,bf16_low,kernel,4320,0.948382690149778,0.029374678014209565,0.9735076121794872,0.9998486836922574,0.8477564102564102,0.6714743589743589,0.0027171679815910584,0.0,0.005079590601890983,0.002111601970547155,0.3669067323207855,0.9455329179763794,0.3667117804288864,-0.00012694299221038818,0.0007909238338470459,-0.00035021100262674367,0.0010272706275916916,0.0039343240438380785,0.3962962962962963,-0.008453890681266785,66.59596196736706,0.2375,0.0,236.0,0,12,0.00013354700854700856,pool=bf16_values_sequential_acc_bf16_valid_token_denominator,score=bf16_values_sequential_rank1_acc_bf16,select=kernel_fused_topk_mask_fp32_bisect_index_order_ties
VB_BF16_LOW,p09,0.8,intervention_b,selector arithmetic lowered to true bf16 accumulation,bf16,bf16_low,bf16_low,kernel,4320,0.9769858569473311,0.015693202926213456,0.9883589743589744,0.99983465710814,1.455128205128205,0.8685897435897436,0.004663872452333991,0.0,0.0041480205943066565,0.0008543472024638636,0.19652678072452545,0.9824423789978027,0.19661778956651688,-5.205720663070679e-05,0.00027118436992168427,-0.00026668651547906837,0.0006965154296291339,0.002593363619987076,0.387037037037037,-0.0014212056994438171,27.300844425361387,0.3851851851851852,0.0,322.0,0,276,0.0002670940170940171,pool=bf16_values_sequential_acc_bf16_valid_token_denominator,score=bf16_values_sequential_rank1_acc_bf16,select=kernel_fused_topk_mask_fp32_bisect_index_order_ties
VB_BF16_LOW,p09,0.9,intervention_b,selector arithmetic lowered to true bf16 accumulation,bf16,bf16_low,bf16_low,kernel,4320,0.9613096354781772,0.022493733606995137,0.980273199023199,0.99983465710814,1.2427884615384617,0.8205128205128205,0.003983296351084813,0.0,0.005097800072245076,0.0013060027830985514,0.2838773876428604,0.9656769335269928,0.2836446613073349,-7.861852645874023e-05,0.0005359724164009094,-0.0002856138887711392,0.0009121804644398895,0.0036072524512421136,0.40185185185185185,-0.004299968481063843,54.694086429112964,0.3236111111111111,0.0,300.0,0,60,0.00013354700854700856,pool=bf16_values_sequential_acc_bf16_valid_token_denominator,score=bf16_values_sequential_rank1_acc_bf16,select=kernel_fused_topk_mask_fp32_bisect_index_order_ties
VB_BF16_LOW,p09,0.95,intervention_b,selector arithmetic lowered to true bf16 accumulation,bf16,bf16_low,bf16_low,kernel,4320,0.9459143400087706,0.03426886847926358,0.9722055288461539,0.99983465710814,0.8894230769230769,0.6955128205128205,0.002850714990138067,0.0,0.0054204875777114775,0.002116150922193984,0.357692688703537,0.9480802714824677,0.3576381057500839,-0.0001293271780014038,0.0008215680718421936,-0.00036839409503472897,0.0011630980520800985,0.004294892376921146,0.40671296296296294,-0.00772838294506073,59.75838230210854,0.2965277777777778,0.0,245.0,0,36,0.0002670940170940171,pool=bf16_values_sequential_acc_bf16_valid_token_denominator,score=bf16_values_sequential_rank1_acc_bf16,select=kernel_fused_topk_mask_fp32_bisect_index_order_ties
VB_BF16_LOW,p10,0.8,intervention_b,selector arithmetic lowered to true bf16 accumulation,bf16,bf16_low,bf16_low,kernel,4320,0.9775121376145626,0.013458295725685132,0.9886282051282052,0.99983601178804,1.421474358974359,0.8621794871794872,0.0045560075608152536,0.0,0.0038049543137649708,0.0008237585746623478,0.19114556908607483,0.9838239550590515,0.19113872200250626,-4.003569483757019e-05,0.0002716965973377228,-0.00021183161169284695,0.0006785553338479825,0.002822421400984471,0.4041666666666667,-0.0009069368243217468,22.653205545733694,0.43333333333333335,0.0,314.0,0,216,0.0002670940170940171,pool=bf16_values_sequential_acc_bf16_valid_token_denominator,score=bf16_values_sequential_rank1_acc_bf16,select=kernel_fused_topk_mask_fp32_bisect_index_order_ties
VB_BF16_LOW,p10,0.9,intervention_b,selector arithmetic lowered to true bf16 accumulation,bf16,bf16_low,bf16_low,kernel,4320,0.9629010111097241,0.019756415723752863,0.9810999185999186,0.99983601178804,1.1907051282051282,0.8060897435897436,0.003816362590401052,0.0,0.004606427731825244,0.0012651926104980948,0.2689933180809021,0.9698002934455872,0.2690359801054001,-8.603185415267944e-05,0.0004716254770755768,-0.0003264815586762319,0.000849287401812045,0.0034256531050925023,0.3837962962962963,-0.002961188554763794,34.41967610634797,0.37245370370370373,0.0,289.5,0,36,0.00013354700854700856,pool=bf16_values_sequential_acc_bf16_valid_token_denominator,score=bf16_values_sequential_rank1_acc_bf16,select=kernel_fused_topk_mask_fp32_bisect_index_order_ties
VB_BF16_LOW,p10,0.95,intervention_b,selector arithmetic lowered to true bf16 accumulation,bf16,bf16_low,bf16_low,kernel,4320,0.9470528009360831,0.029568372107659058,0.9728064903846154,0.99983601178804,0.8701923076923077,0.6842948717948718,0.002789077909270217,0.0,0.004953359496112299,0.002058497373744323,0.33438582718372345,0.9563192129135132,0.3347241282463074,-0.00010398030281066895,0.0007497519254684448,-0.00030531500289443167,0.001058384927835086,0.004179236183764408,0.41087962962962965,-0.0050515830516815186,48.58211521926053,0.35162037037037036,0.0,238.0,0,12,0.00013354700854700856,pool=bf16_values_sequential_acc_bf16_valid_token_denominator,score=bf16_values_sequential_rank1_acc_bf16,select=kernel_fused_topk_mask_fp32_bisect_index_order_ties
VB_FP32,p01,0.8,intervention_b,selector arithmetic raised to fp32,bf16,fp32,fp32,exact_index_order,4320,0.9934064249022464,0.006030844742713315,0.9966923076923077,0.9999999994063842,0.41346153846153844,0.3814102564102564,0.0013251972386587772,0.0,0.0009128957988963638,0.0008585681424010778,0.18011361360549927,0.9849721193313599,0.18001074343919754,0.00020123645663261414,0.00030886754393577576,0.0011791795696600017,0.001193980655036978,0.0031898393722775004,0.9268518518518518,-0.0003449767827987671,1.7142857142857142,0.33449074074074076,0.0,0.0,0,0,0.0,pool=fp32_values_acc_fp32_valid_token_denominator,score=fp32_values_acc_fp32_tf32_disabled,select=exact_stable_sort_index_order_ties_at_float32
VB_FP32,p01,0.9,intervention_b,selector arithmetic raised to fp32,bf16,fp32,fp32,exact_index_order,4320,0.9888194672804999,0.008539837046201981,0.9943783068783069,0.9999999994063842,0.35416666666666663,0.3333333333333333,0.0011351495726495727,0.0,0.0011302706573528734,0.0012994446882484472,0.2614784836769104,0.9700455963611603,0.2611015737056732,0.0003728941082954407,0.000621085986495018,0.0015658927378862496,0.0015970186831708233,0.004687227051152451,0.9254629629629629,-0.00107584148645401,2.885112589662131,0.2949074074074074,0.0,0.0,0,0,0.0,pool=fp32_values_acc_fp32_valid_token_denominator,score=fp32_values_acc_fp32_tf32_disabled,select=exact_stable_sort_index_order_ties_at_float32
VB_FP32,p01,0.95,intervention_b,selector arithmetic raised to fp32,bf16,fp32,fp32,exact_index_order,4320,0.983411969207847,0.012194220693728886,0.9916366185897436,0.9999999994063842,0.2676282051282051,0.25721153846153844,0.0008577827087442472,0.0,0.001263129928100252,0.0021088596427138915,0.32763855159282684,0.955064207315445,0.32723937928676605,0.0005383938550949097,0.0008783042430877686,0.0017561147902360858,0.001814818730432583,0.0051205446442280315,0.9076388888888889,-0.001910567283630371,3.5486424400099637,0.2763888888888889,0.0,0.0,0,0,0.0,pool=fp32_values_acc_fp32_valid_token_denominator,score=fp32_values_acc_fp32_tf32_disabled,select=exact_stable_sort_index_order_ties_at_float32
VB_FP32,p02,0.8,intervention_b,selector arithmetic raised to fp32,bf16,fp32,fp32,exact_index_order,4320,0.9935083190635623,0.005650226526027757,0.9967435897435898,0.9999999994261715,0.40705128205128205,0.375,0.0013046515450361605,0.0,0.0008697338579999737,0.0008351908232747366,0.1731119602918625,0.9867611229419708,0.17285160720348358,0.00017305463552474976,0.0003212280571460724,0.0011283059786754137,0.0011418643542849584,0.003145473332363026,0.9155092592592593,-0.00012864917516708374,0.743402075171137,0.4340277777777778,0.0,0.0,0,0,0.0,pool=fp32_values_acc_fp32_valid_token_denominator,score=fp32_values_acc_fp32_tf32_disabled,select=exact_stable_sort_index_order_ties_at_float32
VB_FP32,p02,0.9,intervention_b,selector arithmetic raised to fp32,bf16,fp32,fp32,exact_index_order,4320,0.9890710382513661,0.007840910291508463,0.9945054945054945,0.9999999994261715,0.34615384615384615,0.3269230769230769,0.0011094674556213018,0.0,0.0010853879845255853,0.0012886912384254827,0.25756585597991943,0.9724827408790588,0.25705498456954956,0.0003573596477508545,0.0006759501993656158,0.0015324780336469445,0.0015509295733229,0.0045687077355294845,0.9189814814814815,-0.0005955994129180908,1.6666666666666667,0.36944444444444446,0.0,0.0,0,0,0.0,pool=fp32_values_acc_fp32_valid_token_denominator,score=fp32_values_acc_fp32_tf32_disabled,select=exact_stable_sort_index_order_ties_at_float32
VB_FP32,p02,0.95,intervention_b,selector arithmetic raised to fp32,bf16,fp32,fp32,exact_index_order,4320,0.9841017488076311,0.010828175941363982,0.9919871794871795,0.9999999994261715,0.2564102564102564,0.2483974358974359,0.000821827744904668,0.0,0.0012177168357632862,0.0021243144700614273,0.33060576021671295,0.9573547840118408,0.33039841055870056,0.0005243197083473206,0.0009893514215946198,0.0017471781580970843,0.0017806067929747496,0.005180650205881472,0.9173611111111111,-0.0010834112763404846,2.0663180481150443,0.3490740740740741,0.0,0.0,0,0,0.0,pool=fp32_values_acc_fp32_valid_token_denominator,score=fp32_values_acc_fp32_tf32_disabled,select=exact_stable_sort_index_order_ties_at_float32
VB_FP32,p03,0.8,intervention_b,selector arithmetic raised to fp32,bf16,fp32,fp32,exact_index_order,4320,0.9935083190635623,0.005732449955840768,0.9967435897435898,0.9999999994261713,0.40705128205128205,0.375,0.0013046515450361605,0.0,0.0008575051533141001,0.0008336685779420485,0.1781453788280487,0.9856626093387604,0.17780262231826782,0.0001565106213092804,0.0003115404397249222,0.0009796600639473733,0.0010141236496295824,0.0029846500736607764,0.8912037037037037,-0.00019549578428268433,1.2490895675148168,0.4076388888888889,0.0,0.0,0,0,0.0,pool=fp32_values_acc_fp32_valid_token_denominator,score=fp32_values_acc_fp32_tf32_disabled,select=exact_stable_sort_index_order_ties_at_float32
VB_FP32,p03,0.9,intervention_b,selector arithmetic raised to fp32,bf16,fp32,fp32,exact_index_order,4320,0.9890710382513661,0.007890175427741508,0.9945054945054945,0.9999999994261713,0.34615384615384615,0.3269230769230769,0.0011094674556213018,0.0,0.0010786983858466865,0.0012806769398954,0.26101039350032806,0.971123993396759,0.2603085935115814,0.00035337358713150024,0.0007243864238262177,0.0015023767234113494,0.0015312629799615835,0.00460354260152963,0.919212962962963,-0.0006897896528244019,1.9520124818149234,0.3578703703703704,0.0,0.0,0,0,0.0,pool=fp32_values_acc_fp32_valid_token_denominator,score=fp32_values_acc_fp32_tf32_disabled,select=exact_stable_sort_index_order_ties_at_float32
VB_FP32,p03,0.95,intervention_b,selector arithmetic raised to fp32,bf16,fp32,fp32,exact_index_order,4320,0.9839538997312343,0.011219705739860308,0.9919120592948718,0.9999999994261713,0.25881410256410253,0.25,0.0008295323800131492,0.0,0.0012098927865737761,0.0020853210010376806,0.33533936738967896,0.9565919041633606,0.33439214527606964,0.0005460977554321289,0.0010519921779632568,0.0017250762122682588,0.0017681510405517628,0.005119435705881191,0.924537037037037,-0.0012099817395210266,2.215687077057411,0.3266203703703704,0.0,0.0,0,0,0.0,pool=fp32_values_acc_fp32_valid_token_denominator,score=fp32_values_acc_fp32_tf32_disabled,select=exact_stable_sort_index_order_ties_at_float32
VB_FP32,p04,0.8,intervention_b,selector arithmetic raised to fp32,bf16,fp32,fp32,exact_index_order,4320,0.9937885817261608,0.005041063147762093,0.9968846153846154,0.9999999994657458,0.3894230769230769,0.3605769230769231,0.0012481508875739646,0.0,0.0008040969226469916,0.0008332509353356908,0.19767455011606216,0.982464075088501,0.19740910828113556,0.00012953951954841614,0.00026231445372104645,0.0006996989682578885,0.0007337249798766352,0.002363892286625875,0.8629629629629629,-0.0003453493118286133,2.6659764760014952,0.3365740740740741,0.0,0.0,0,0,0.0,pool=fp32_values_acc_fp32_valid_token_denominator,score=fp32_values_acc_fp32_tf32_disabled,select=exact_stable_sort_index_order_ties_at_float32
VB_FP32,p04,0.9,intervention_b,selector arithmetic raised to fp32,bf16,fp32,fp32,exact_index_order,4320,0.9895743711726301,0.006839808859369523,0.9947598697598697,0.9999999994657458,0.3301282051282051,0.3125,0.00105810322156476,0.0,0.001017492599924,0.0013032289814614642,0.2779788672924042,0.9675535261631012,0.2775108963251114,0.00028099119663238525,0.0005613230168819427,0.0010258237268329364,0.0010679608118993092,0.003344792447739946,0.8886574074074074,-0.0009645074605941772,3.4325184281699106,0.29189814814814813,0.0,0.0,0,0,0.0,pool=fp32_values_acc_fp32_valid_token_denominator,score=fp32_values_acc_fp32_tf32_disabled,select=exact_stable_sort_index_order_ties_at_float32
VB_FP32,p04,0.95,intervention_b,selector arithmetic raised to fp32,bf16,fp32,fp32,exact_index_order,4320,0.9847920083494857,0.00975260612077622,0.9923377403846154,0.9999999994657458,0.24519230769230768,0.23717948717948717,0.0007858727810650888,0.0,0.001159237225593177,0.002138433722699777,0.3468366265296936,0.9523391425609589,0.34619317948818207,0.0004477500915527344,0.0008505582809448242,0.0012963950168893706,0.0013532932012372272,0.004192293369122267,0.8902777777777777,-0.0017435550689697266,3.8940362087326945,0.2636574074074074,0.0,0.0,0,0,0.0,pool=fp32_values_acc_fp32_valid_token_denominator,score=fp32_values_acc_fp32_tf32_disabled,select=exact_stable_sort_index_order_ties_at_float32
VB_FP32,p05,0.8,intervention_b,selector arithmetic raised to fp32,bf16,fp32,fp32,exact_index_order,4320,0.9934064249022464,0.005929209331714147,0.9966923076923077,0.9999999994063842,0.41346153846153844,0.3814102564102564,0.0013251972386587772,0.0,0.0008755568296399581,0.0008251885081836032,0.1694384589791298,0.9869432747364044,0.16921859979629517,0.00017980486154556274,0.00031572580337524414,0.0011381342229320104,0.0011678013476466003,0.003139612222707499,0.9171296296296296,-0.0002059340476989746,1.1453196867360047,0.38819444444444445,0.0,0.0,0,0,0.0,pool=fp32_values_acc_fp32_valid_token_denominator,score=fp32_values_acc_fp32_tf32_disabled,select=exact_stable_sort_index_order_ties_at_float32
VB_FP32,p05,0.9,intervention_b,selector arithmetic raised to fp32,bf16,fp32,fp32,exact_index_order,4320,0.9889200880321772,0.008240094583136015,0.994429181929182,0.9999999994063842,0.35096153846153844,0.328525641025641,0.0011248767258382644,0.0,0.00108029146545614,0.0012665848812426499,0.2499847412109375,0.9733259677886963,0.24947474896907806,0.0003648512065410614,0.0006956979632377625,0.0016315070913509424,0.0016534669545206669,0.0047017881376043924,0.9300925925925926,-0.0007407665252685547,2.0303249982131737,0.34375,0.0,0.0,0,0,0.0,pool=fp32_values_acc_fp32_valid_token_denominator,score=fp32_values_acc_fp32_tf32_disabled,select=exact_stable_sort_index_order_ties_at_float32
VB_FP32,p05,0.95,intervention_b,selector arithmetic raised to fp32,bf16,fp32,fp32,exact_index_order,4320,0.9838553451050611,0.011611080515422367,0.9918619791666667,0.9999999994063842,0.26041666666666663,0.2516025641025641,0.0008346688034188035,0.0,0.0012151421764457692,0.002076267647233391,0.3129686266183853,0.9600237011909485,0.31253038346767426,0.0005155950784683228,0.0009388662874698639,0.0017783540685965779,0.0018117341628636646,0.005092750398304008,0.9171296296296296,-0.0012776926159858704,2.4780931186959916,0.32523148148148145,0.0,0.0,0,0,0.0,pool=fp32_values_acc_fp32_valid_token_denominator,score=fp32_values_acc_fp32_tf32_disabled,select=exact_stable_sort_index_order_ties_at_float32
VB_FP32,p06,0.8,intervention_b,selector arithmetic raised to fp32,bf16,fp32,fp32,exact_index_order,4320,0.9938268055491107,0.005066717327311565,0.9969038461538462,0.9999999994558519,0.3870192307692307,0.358974358974359,0.0012404462524654833,0.0,0.0007865334899978706,0.0008288105597913729,0.21360892057418823,0.9800215363502502,0.21330200135707855,0.00014900416135787964,0.0002647973597049713,0.0007315654388291438,0.0007960717293085558,0.00238694155708139,0.8564814814814815,-0.0003864988684654236,2.5938796939846993,0.3435185185185185,0.0,0.0,0,0,0.0,pool=fp32_values_acc_fp32_valid_token_denominator,score=fp32_values_acc_fp32_tf32_disabled,select=exact_stable_sort_index_order_ties_at_float32
VB_FP32,p06,0.9,intervention_b,selector arithmetic raised to fp32,bf16,fp32,fp32,exact_index_order,4320,0.9895491987951514,0.006940745972149331,0.994747150997151,0.9999999994558519,0.33092948717948717,0.3125,0.0010606714332675872,0.0,0.0010108090387755076,0.001283386818593608,0.2985922247171402,0.9637080430984497,0.2981490343809128,0.00029809772968292236,0.0005679670721292496,0.0010562283234955667,0.0011274733989120023,0.00354481918752366,0.8689814814814815,-0.0010431483387947083,3.4993501624593852,0.2949074074074074,0.0,0.0,0,0,0.0,pool=fp32_values_acc_fp32_valid_token_denominator,score=fp32_values_acc_fp32_tf32_disabled,select=exact_stable_sort_index_order_ties_at_float32
VB_FP32,p06,0.95,intervention_b,selector arithmetic raised to fp32,bf16,fp32,fp32,exact_index_order,4320,0.984594742334642,0.01024262467257242,0.9922375801282052,0.9999999994558519,0.24839743589743588,0.2403846153846154,0.0007961456278763971,0.0,0.0011398147557730425,0.002080408652207129,0.36968815326690674,0.9471822679042816,0.36923445761203766,0.00046074390411376953,0.0009278617799282074,0.001287971925567232,0.001399766790931462,0.004288743716156284,0.8629629629629629,-0.0018959492444992065,4.114974126778784,0.26666666666666666,0.0,0.0,0,0,0.0,pool=fp32_values_acc_fp32_valid_token_denominator,score=fp32_values_acc_fp32_tf32_disabled,select=exact_stable_sort_index_order_ties_at_float32
VB_FP32,p07,0.8,intervention_b,selector arithmetic raised to fp32,bf16,fp32,fp32,exact_index_order,4320,0.9927189116689021,0.006974571136239671,0.9963461538461539,0.9999999993569162,0.4567307692307692,0.41025641025641024,0.00146388067061144,0.0,0.00100737408316215,0.0008497264859377683,0.2109062299132347,0.9792095422744751,0.21059146523475647,0.00022962689399719238,0.0004332456737756729,0.0012924104087060231,0.001309772531188823,0.004030341847256045,0.9208333333333333,-0.0005168765783309937,2.2509409474367295,0.29976851851851855,0.0,0.0,0,0,0.0,pool=fp32_values_acc_fp32_valid_token_denominator,score=fp32_values_acc_fp32_tf32_disabled,select=exact_stable_sort_index_order_ties_at_float32
VB_FP32,p07,0.9,intervention_b,selector arithmetic raised to fp32,bf16,fp32,fp32,exact_index_order,4320,0.9877133105802047,0.010338362868576811,0.9938186813186813,0.9999999993569162,0.3894230769230769,0.3573717948717949,0.0012481508875739646,0.0,0.0012219868592886905,0.0012854724620193713,0.3329578638076782,0.9515488147735596,0.3326541930437088,0.0005071423947811127,0.000999990850687027,0.0017559601886409637,0.0017890070752888444,0.006215498036590221,0.9291666666666667,-0.002146199345588684,4.2319462298453745,0.2298611111111111,0.0,0.0,0,0,0.0,pool=fp32_values_acc_fp32_valid_token_denominator,score=fp32_values_acc_fp32_tf32_disabled,select=exact_stable_sort_index_order_ties_at_float32
VB_FP32,p07,0.95,intervention_b,selector arithmetic raised to fp32,bf16,fp32,fp32,exact_index_order,4320,0.9819354838709677,0.014631730647882923,0.9908854166666666,0.9999999993569162,0.29166666666666663,0.27724358974358976,0.0009348290598290599,0.0,0.001345184567985973,0.0020518228098484487,0.4050765633583069,0.9298078715801239,0.4043515473604202,0.0006601810455322266,0.00127430260181427,0.0018881450061458095,0.0019328597461861713,0.0065345013071100525,0.9180555555555555,-0.003871142864227295,5.863759479956663,0.20810185185185184,0.0,0.0,0,0,0.0,pool=fp32_values_acc_fp32_valid_token_denominator,score=fp32_values_acc_fp32_tf32_disabled,select=exact_stable_sort_index_order_ties_at_float32
VB_FP32,p08,0.8,intervention_b,selector arithmetic raised to fp32,bf16,fp32,fp32,exact_index_order,4320,0.9939159998977479,0.004685940224826157,0.996948717948718,0.9999999994756392,0.3814102564102564,0.3541666666666667,0.0012224687705456936,0.0,0.0008067619149689849,0.0008564789877889672,0.22134288400411606,0.9780329167842865,0.2211449071764946,0.00011540204286575317,0.00023315474390983582,0.0005582564512571437,0.0006235635384527937,0.001992410629386903,0.8131944444444444,-0.0005257204174995422,4.555555555555555,0.2851851851851852,0.0,0.0,0,0,0.0,pool=fp32_values_acc_fp32_valid_token_denominator,score=fp32_values_acc_fp32_tf32_disabled,select=exact_stable_sort_index_order_ties_at_float32
VB_FP32,p08,0.9,intervention_b,selector arithmetic raised to fp32,bf16,fp32,fp32,exact_index_order,4320,0.9895743711726301,0.006639308529263643,0.9947598697598697,0.9999999994756392,0.3301282051282051,0.3125,0.00105810322156476,0.0,0.0010350855699065124,0.0013042710279578037,0.303927019238472,0.9611460268497467,0.30331985652446747,0.00023242831230163574,0.0005391351878643036,0.000806573580262859,0.0008814516040653221,0.0031992813752055606,0.8293981481481482,-0.0014681220054626465,6.316450827029106,0.23194444444444445,0.0,0.0,0,0,0.0,pool=fp32_values_acc_fp32_valid_token_denominator,score=fp32_values_acc_fp32_tf32_disabled,select=exact_stable_sort_index_order_ties_at_float32
VB_FP32,p08,0.95,intervention_b,selector arithmetic raised to fp32,bf16,fp32,fp32,exact_index_order,4320,0.984594742334642,0.009849650860755843,0.9922375801282052,0.9999999994756392,0.24839743589743588,0.2387820512820513,0.0007961456278763971,0.0,0.0011577731299950238,0.002111601970547155,0.36723653972148895,0.9454435706138611,0.3667117804288864,0.00039158761501312256,0.0008221324533224106,0.00107276445196758,0.001162095994019861,0.003872915950243922,0.8557870370370371,-0.0025245994329452515,6.447087027664675,0.2074074074074074,0.0,0.0,0,0,0.0,pool=fp32_values_acc_fp32_valid_token_denominator,score=fp32_values_acc_fp32_tf32_disabled,select=exact_stable_sort_index_order_ties_at_float32
VB_FP32,p09,0.8,intervention_b,selector arithmetic raised to fp32,bf16,fp32,fp32,exact_index_order,4320,0.9935083190635623,0.005777115446431891,0.9967435897435898,0.9999999994459584,0.40705128205128205,0.37419871794871795,0.0013046515450361605,0.0,0.0008824943424260876,0.0008543472024638636,0.19681675732135773,0.9824336767196655,0.19661778956651688,0.0001666247844696045,0.00028300657868385315,0.0008875682790651375,0.0009226850050741556,0.0027879216938753826,0.8893518518518518,-0.00039343535900115967,2.3612055088535144,0.3388888888888889,0.0,0.0,0,0,0.0,pool=fp32_values_acc_fp32_valid_token_denominator,score=fp32_values_acc_fp32_tf32_disabled,select=exact_stable_sort_index_order_ties_at_float32
VB_FP32,p09,0.9,intervention_b,selector arithmetic raised to fp32,bf16,fp32,fp32,exact_index_order,4320,0.9888697763836891,0.007990688023629122,0.9944037444037443,0.9999999994459584,0.35256410256410253,0.3301282051282051,0.0011300131492439185,0.0,0.0011084030451047962,0.0013060027830985514,0.28423909842967987,0.9654636681079865,0.2836446613073349,0.000380784273147583,0.0007328204810619354,0.0014026423783353738,0.0014288543593424497,0.0044528244241118205,0.9043981481481481,-0.0012877285480499268,3.381779760507161,0.2847222222222222,0.0,0.0,0,0,0.0,pool=fp32_values_acc_fp32_valid_token_denominator,score=fp32_values_acc_fp32_tf32_disabled,select=exact_stable_sort_index_order_ties_at_float32
VB_FP32,p09,0.95,intervention_b,selector arithmetic raised to fp32,bf16,fp32,fp32,exact_index_order,4320,0.9838060702399285,0.011609927897967554,0.9918369391025641,0.9999999994459584,0.26121794871794873,0.2516025641025641,0.0008372370151216305,0.0,0.0012473398822922504,0.002116150922193984,0.3580634742975235,0.9477598071098328,0.3576381057500839,0.0005379170179367065,0.001041751354932785,0.0015710773800502716,0.0016235958400933656,0.00508933821817454,0.8923611111111112,-0.0022744089365005493,4.228178065874401,0.24606481481481482,0.0,0.0,0,0,0.0,pool=fp32_values_acc_fp32_valid_token_denominator,score=fp32_values_acc_fp32_tf32_disabled,select=exact_stable_sort_index_order_ties_at_float32
VB_FP32,p10,0.8,intervention_b,selector arithmetic raised to fp32,bf16,fp32,fp32,exact_index_order,4320,0.9938140640576673,0.00514264034735834,0.9968974358974358,0.9999999994459584,0.38782051282051283,0.3605769230769231,0.0012430144641683103,0.0,0.0007825862326072915,0.0008237585746623478,0.19130907952785492,0.9837822020053864,0.19113872200250626,0.00014182180166244507,0.00024341139942407608,0.0007691024446259354,0.0008070445276557906,0.002400374108837838,0.8768518518518519,-0.0002752244472503662,1.940635671132125,0.3729166666666667,0.0,0.0,0,0,0.0,pool=fp32_values_acc_fp32_valid_token_denominator,score=fp32_values_acc_fp32_tf32_disabled,select=exact_stable_sort_index_order_ties_at_float32
VB_FP32,p10,0.9,intervention_b,selector arithmetic raised to fp32,bf16,fp32,fp32,exact_index_order,4320,0.9894233445509982,0.007403592826974115,0.9946835571835572,0.9999999994459584,0.3349358974358974,0.3157051282051282,0.0010735124917817225,0.0,0.000989860663031552,0.0012651926104980948,0.26912565529346466,0.9696500301361084,0.2690359801054001,0.00028793513774871826,0.000494442880153656,0.001121505413015953,0.0011570815337629593,0.0034997225441706172,0.8918981481481482,-0.0008450448513031006,2.934844485845883,0.33032407407407405,0.0,0.0,0,0,0.0,pool=fp32_values_acc_fp32_valid_token_denominator,score=fp32_values_acc_fp32_tf32_disabled,select=exact_stable_sort_index_order_ties_at_float32
VB_FP32,p10,0.95,intervention_b,selector arithmetic raised to fp32,bf16,fp32,fp32,exact_index_order,4320,0.9843975155279503,0.010436491027808525,0.9921374198717948,0.9999999994459584,0.2516025641025641,0.24358974358974358,0.0008064184746877054,0.0,0.0011280989027750046,0.002058497373744323,0.3354294002056122,0.9561200141906738,0.3347241282463074,0.00042600929737091064,0.0007566437125205994,0.0012698423065723176,0.0013637676045473108,0.0040043323389684195,0.8710648148148148,-0.001434721052646637,3.367816292979817,0.3074074074074074,0.0,0.0,0,0,0.0,pool=fp32_values_acc_fp32_valid_token_denominator,score=fp32_values_acc_fp32_tf32_disabled,select=exact_stable_sort_index_order_ties_at_float32
VC_GATE_NVFP4,p01,0.8,non_routing_control,gate_compress quantized to NVFP4; must NOT change the mask (falsifies the gate map if it does),bf16,kernel,kernel,kernel,4320,1.0,0.0,1.0,0.9999892755161791,0.0,0.0,0.0,1.0,,0.0008585681424010778,0.18001074343919754,0.985014796257019,0.18001074343919754,0.0,0.0,0.0,0.0,0.0,0.0,0.0,,0.0,0.0,326.0,0,48,0.00013354700854700856,pool=kernel_fused_block_mean_bf16_read_fp32_acc_bf16_write,score=kernel_bf16_torch_matmul_acc_fp32_bf16_out,select=kernel_fused_topk_mask_fp32_bisect_index_order_ties
VC_GATE_NVFP4,p01,0.9,non_routing_control,gate_compress quantized to NVFP4; must NOT change the mask (falsifies the gate map if it does),bf16,kernel,kernel,kernel,4320,1.0,0.0,1.0,0.9999892755161791,0.0,0.0,0.0,1.0,,0.0012994446882484472,0.2611015737056732,0.9701983034610748,0.2611015737056732,0.0,0.0,0.0,0.0,0.0,0.0,0.0,,0.0,0.0,302.0,0,12,0.00013354700854700856,pool=kernel_fused_block_mean_bf16_read_fp32_acc_bf16_write,score=kernel_bf16_torch_matmul_acc_fp32_bf16_out,select=kernel_fused_topk_mask_fp32_bisect_index_order_ties
VC_GATE_NVFP4,p01,0.95,non_routing_control,gate_compress quantized to NVFP4; must NOT change the mask (falsifies the gate map if it does),bf16,kernel,kernel,kernel,4320,1.0,0.0,1.0,0.9999892755161791,0.0,0.0,0.0,1.0,,0.0021088596427138915,0.32723937928676605,0.9552323520183563,0.32723937928676605,0.0,0.0,0.0,0.0,0.0,0.0,0.0,,0.0,0.0,249.0,0,12,0.00013354700854700856,pool=kernel_fused_block_mean_bf16_read_fp32_acc_bf16_write,score=kernel_bf16_torch_matmul_acc_fp32_bf16_out,select=kernel_fused_topk_mask_fp32_bisect_index_order_ties
VC_GATE_NVFP4,p02,0.8,non_routing_control,gate_compress quantized to NVFP4; must NOT change the mask (falsifies the gate map if it does),bf16,kernel,kernel,kernel,4320,1.0,0.0,1.0,0.9999892711557499,0.0,0.0,0.0,1.0,,0.0008351908232747366,0.17285160720348358,0.9867823421955109,0.17285160720348358,0.0,0.0,0.0,0.0,0.0,0.0,0.0,,0.0,0.0,324.0,0,48,0.00013354700854700856,pool=kernel_fused_block_mean_bf16_read_fp32_acc_bf16_write,score=kernel_bf16_torch_matmul_acc_fp32_bf16_out,select=kernel_fused_topk_mask_fp32_bisect_index_order_ties
VC_GATE_NVFP4,p02,0.9,non_routing_control,gate_compress quantized to NVFP4; must NOT change the mask (falsifies the gate map if it does),bf16,kernel,kernel,kernel,4320,1.0,0.0,1.0,0.9999892711557499,0.0,0.0,0.0,1.0,,0.0012886912384254827,0.25705498456954956,0.9725781083106995,0.25705498456954956,0.0,0.0,0.0,0.0,0.0,0.0,0.0,,0.0,0.0,297.0,0,0,0.0,pool=kernel_fused_block_mean_bf16_read_fp32_acc_bf16_write,score=kernel_bf16_torch_matmul_acc_fp32_bf16_out,select=kernel_fused_topk_mask_fp32_bisect_index_order_ties
VC_GATE_NVFP4,p02,0.95,non_routing_control,gate_compress quantized to NVFP4; must NOT change the mask (falsifies the gate map if it does),bf16,kernel,kernel,kernel,4320,1.0,0.0,1.0,0.9999892711557499,0.0,0.0,0.0,1.0,,0.0021243144700614273,0.33039841055870056,0.9574829936027527,0.33039841055870056,0.0,0.0,0.0,0.0,0.0,0.0,0.0,,0.0,0.0,243.5,0,12,0.00013354700854700856,pool=kernel_fused_block_mean_bf16_read_fp32_acc_bf16_write,score=kernel_bf16_torch_matmul_acc_fp32_bf16_out,select=kernel_fused_topk_mask_fp32_bisect_index_order_ties
VC_GATE_NVFP4,p03,0.8,non_routing_control,gate_compress quantized to NVFP4; must NOT change the mask (falsifies the gate map if it does),bf16,kernel,kernel,kernel,4320,1.0,0.0,1.0,0.9999896799251609,0.0,0.0,0.0,1.0,,0.0008336685779420485,0.17780262231826782,0.9856784343719482,0.17780262231826782,0.0,0.0,0.0,0.0,0.0,0.0,0.0,,0.0,0.0,324.0,0,12,0.00013354700854700856,pool=kernel_fused_block_mean_bf16_read_fp32_acc_bf16_write,score=kernel_bf16_torch_matmul_acc_fp32_bf16_out,select=kernel_fused_topk_mask_fp32_bisect_index_order_ties
VC_GATE_NVFP4,p03,0.9,non_routing_control,gate_compress quantized to NVFP4; must NOT change the mask (falsifies the gate map if it does),bf16,kernel,kernel,kernel,4320,1.0,0.0,1.0,0.9999896799251609,0.0,0.0,0.0,1.0,,0.0012806769398954,0.2603085935115814,0.9713067710399628,0.2603085935115814,0.0,0.0,0.0,0.0,0.0,0.0,0.0,,0.0,0.0,299.0,0,0,0.0,pool=kernel_fused_block_mean_bf16_read_fp32_acc_bf16_write,score=kernel_bf16_torch_matmul_acc_fp32_bf16_out,select=kernel_fused_topk_mask_fp32_bisect_index_order_ties
VC_GATE_NVFP4,p03,0.95,non_routing_control,gate_compress quantized to NVFP4; must NOT change the mask (falsifies the gate map if it does),bf16,kernel,kernel,kernel,4320,1.0,0.0,1.0,0.9999896799251609,0.0,0.0,0.0,1.0,,0.0020853210010376806,0.33439214527606964,0.9567857682704926,0.33439214527606964,0.0,0.0,0.0,0.0,0.0,0.0,0.0,,0.0,0.0,244.0,0,0,0.0,pool=kernel_fused_block_mean_bf16_read_fp32_acc_bf16_write,score=kernel_bf16_torch_matmul_acc_fp32_bf16_out,select=kernel_fused_topk_mask_fp32_bisect_index_order_ties
VC_GATE_NVFP4,p04,0.8,non_routing_control,gate_compress quantized to NVFP4; must NOT change the mask (falsifies the gate map if it does),bf16,kernel,kernel,kernel,4320,1.0,0.0,1.0,0.9999899630063247,0.0,0.0,0.0,1.0,,0.0008332509353356908,0.19740910828113556,0.9824744462966919,0.19740910828113556,0.0,0.0,0.0,0.0,0.0,0.0,0.0,,0.0,0.0,314.0,0,48,0.00013354700854700856,pool=kernel_fused_block_mean_bf16_read_fp32_acc_bf16_write,score=kernel_bf16_torch_matmul_acc_fp32_bf16_out,select=kernel_fused_topk_mask_fp32_bisect_index_order_ties
VC_GATE_NVFP4,p04,0.9,non_routing_control,gate_compress quantized to NVFP4; must NOT change the mask (falsifies the gate map if it does),bf16,kernel,kernel,kernel,4320,1.0,0.0,1.0,0.9999899630063247,0.0,0.0,0.0,1.0,,0.0013032289814614642,0.2775108963251114,0.9677035212516785,0.2775108963251114,0.0,0.0,0.0,0.0,0.0,0.0,0.0,,0.0,0.0,287.0,0,12,0.00013354700854700856,pool=kernel_fused_block_mean_bf16_read_fp32_acc_bf16_write,score=kernel_bf16_torch_matmul_acc_fp32_bf16_out,select=kernel_fused_topk_mask_fp32_bisect_index_order_ties
VC_GATE_NVFP4,p04,0.95,non_routing_control,gate_compress quantized to NVFP4; must NOT change the mask (falsifies the gate map if it does),bf16,kernel,kernel,kernel,4320,1.0,0.0,1.0,0.9999899630063247,0.0,0.0,0.0,1.0,,0.002138433722699777,0.34619317948818207,0.9526274502277374,0.34619317948818207,0.0,0.0,0.0,0.0,0.0,0.0,0.0,,0.0,0.0,235.0,0,0,0.0,pool=kernel_fused_block_mean_bf16_read_fp32_acc_bf16_write,score=kernel_bf16_torch_matmul_acc_fp32_bf16_out,select=kernel_fused_topk_mask_fp32_bisect_index_order_ties
VC_GATE_NVFP4,p05,0.8,non_routing_control,gate_compress quantized to NVFP4; must NOT change the mask (falsifies the gate map if it does),bf16,kernel,kernel,kernel,4320,1.0,0.0,1.0,0.9999891508429006,0.0,0.0,0.0,1.0,,0.0008251885081836032,0.16921859979629517,0.9869786500930786,0.16921859979629517,0.0,0.0,0.0,0.0,0.0,0.0,0.0,,0.0,0.0,328.0,0,12,0.00013354700854700856,pool=kernel_fused_block_mean_bf16_read_fp32_acc_bf16_write,score=kernel_bf16_torch_matmul_acc_fp32_bf16_out,select=kernel_fused_topk_mask_fp32_bisect_index_order_ties
VC_GATE_NVFP4,p05,0.9,non_routing_control,gate_compress quantized to NVFP4; must NOT change the mask (falsifies the gate map if it does),bf16,kernel,kernel,kernel,4320,1.0,0.0,1.0,0.9999891508429006,0.0,0.0,0.0,1.0,,0.0012665848812426499,0.24947474896907806,0.9734777808189392,0.24947474896907806,0.0,0.0,0.0,0.0,0.0,0.0,0.0,,0.0,0.0,301.0,0,12,0.00013354700854700856,pool=kernel_fused_block_mean_bf16_read_fp32_acc_bf16_write,score=kernel_bf16_torch_matmul_acc_fp32_bf16_out,select=kernel_fused_topk_mask_fp32_bisect_index_order_ties
VC_GATE_NVFP4,p05,0.95,non_routing_control,gate_compress quantized to NVFP4; must NOT change the mask (falsifies the gate map if it does),bf16,kernel,kernel,kernel,4320,1.0,0.0,1.0,0.9999891508429006,0.0,0.0,0.0,1.0,,0.002076267647233391,0.31253038346767426,0.9601978957653046,0.31253038346767426,0.0,0.0,0.0,0.0,0.0,0.0,0.0,,0.0,0.0,246.0,0,0,0.0,pool=kernel_fused_block_mean_bf16_read_fp32_acc_bf16_write,score=kernel_bf16_torch_matmul_acc_fp32_bf16_out,select=kernel_fused_topk_mask_fp32_bisect_index_order_ties
VC_GATE_NVFP4,p06,0.8,non_routing_control,gate_compress quantized to NVFP4; must NOT change the mask (falsifies the gate map if it does),bf16,kernel,kernel,kernel,4320,1.0,0.0,1.0,0.9999901237863518,0.0,0.0,0.0,1.0,,0.0008288105597913729,0.21330200135707855,0.9800848960876465,0.21330200135707855,0.0,0.0,0.0,0.0,0.0,0.0,0.0,,0.0,0.0,312.0,0,24,0.00013354700854700856,pool=kernel_fused_block_mean_bf16_read_fp32_acc_bf16_write,score=kernel_bf16_torch_matmul_acc_fp32_bf16_out,select=kernel_fused_topk_mask_fp32_bisect_index_order_ties
VC_GATE_NVFP4,p06,0.9,non_routing_control,gate_compress quantized to NVFP4; must NOT change the mask (falsifies the gate map if it does),bf16,kernel,kernel,kernel,4320,1.0,0.0,1.0,0.9999901237863518,0.0,0.0,0.0,1.0,,0.001283386818593608,0.2981490343809128,0.9637621343135834,0.2981490343809128,0.0,0.0,0.0,0.0,0.0,0.0,0.0,,0.0,0.0,288.0,0,12,0.00013354700854700856,pool=kernel_fused_block_mean_bf16_read_fp32_acc_bf16_write,score=kernel_bf16_torch_matmul_acc_fp32_bf16_out,select=kernel_fused_topk_mask_fp32_bisect_index_order_ties
VC_GATE_NVFP4,p06,0.95,non_routing_control,gate_compress quantized to NVFP4; must NOT change the mask (falsifies the gate map if it does),bf16,kernel,kernel,kernel,4320,1.0,0.0,1.0,0.9999901237863518,0.0,0.0,0.0,1.0,,0.002080408652207129,0.36923445761203766,0.9473205506801605,0.36923445761203766,0.0,0.0,0.0,0.0,0.0,0.0,0.0,,0.0,0.0,237.0,0,0,0.0,pool=kernel_fused_block_mean_bf16_read_fp32_acc_bf16_write,score=kernel_bf16_torch_matmul_acc_fp32_bf16_out,select=kernel_fused_topk_mask_fp32_bisect_index_order_ties
VC_GATE_NVFP4,p07,0.8,non_routing_control,gate_compress quantized to NVFP4; must NOT change the mask (falsifies the gate map if it does),bf16,kernel,kernel,kernel,4320,1.0,0.0,1.0,0.9999883392364485,0.0,0.0,0.0,1.0,,0.0008497264859377683,0.21059146523475647,0.9792725443840027,0.21059146523475647,0.0,0.0,0.0,0.0,0.0,0.0,0.0,,0.0,0.0,345.0,0,36,0.00013354700854700856,pool=kernel_fused_block_mean_bf16_read_fp32_acc_bf16_write,score=kernel_bf16_torch_matmul_acc_fp32_bf16_out,select=kernel_fused_topk_mask_fp32_bisect_index_order_ties
VC_GATE_NVFP4,p07,0.9,non_routing_control,gate_compress quantized to NVFP4; must NOT change the mask (falsifies the gate map if it does),bf16,kernel,kernel,kernel,4320,1.0,0.0,1.0,0.9999883392364485,0.0,0.0,0.0,1.0,,0.0012854724620193713,0.3326541930437088,0.9517916142940521,0.3326541930437088,0.0,0.0,0.0,0.0,0.0,0.0,0.0,,0.0,0.0,320.0,0,0,0.0,pool=kernel_fused_block_mean_bf16_read_fp32_acc_bf16_write,score=kernel_bf16_torch_matmul_acc_fp32_bf16_out,select=kernel_fused_topk_mask_fp32_bisect_index_order_ties
VC_GATE_NVFP4,p07,0.95,non_routing_control,gate_compress quantized to NVFP4; must NOT change the mask (falsifies the gate map if it does),bf16,kernel,kernel,kernel,4320,1.0,0.0,1.0,0.9999883392364485,0.0,0.0,0.0,1.0,,0.0020518228098484487,0.4043515473604202,0.9301071465015411,0.4043515473604202,0.0,0.0,0.0,0.0,0.0,0.0,0.0,,0.0,0.0,265.0,0,12,0.00013354700854700856,pool=kernel_fused_block_mean_bf16_read_fp32_acc_bf16_write,score=kernel_bf16_torch_matmul_acc_fp32_bf16_out,select=kernel_fused_topk_mask_fp32_bisect_index_order_ties
VC_GATE_NVFP4,p08,0.8,non_routing_control,gate_compress quantized to NVFP4; must NOT change the mask (falsifies the gate map if it does),bf16,kernel,kernel,kernel,4320,1.0,0.0,1.0,0.9999901514530942,0.0,0.0,0.0,1.0,,0.0008564789877889672,0.2211449071764946,0.9780453443527222,0.2211449071764946,0.0,0.0,0.0,0.0,0.0,0.0,0.0,,0.0,0.0,309.0,0,36,0.00013354700854700856,pool=kernel_fused_block_mean_bf16_read_fp32_acc_bf16_write,score=kernel_bf16_torch_matmul_acc_fp32_bf16_out,select=kernel_fused_topk_mask_fp32_bisect_index_order_ties
VC_GATE_NVFP4,p08,0.9,non_routing_control,gate_compress quantized to NVFP4; must NOT change the mask (falsifies the gate map if it does),bf16,kernel,kernel,kernel,4320,1.0,0.0,1.0,0.9999901514530942,0.0,0.0,0.0,1.0,,0.0013042710279578037,0.30331985652446747,0.9612035155296326,0.30331985652446747,0.0,0.0,0.0,0.0,0.0,0.0,0.0,,0.0,0.0,288.0,0,0,0.0,pool=kernel_fused_block_mean_bf16_read_fp32_acc_bf16_write,score=kernel_bf16_torch_matmul_acc_fp32_bf16_out,select=kernel_fused_topk_mask_fp32_bisect_index_order_ties
VC_GATE_NVFP4,p08,0.95,non_routing_control,gate_compress quantized to NVFP4; must NOT change the mask (falsifies the gate map if it does),bf16,kernel,kernel,kernel,4320,1.0,0.0,1.0,0.9999901514530942,0.0,0.0,0.0,1.0,,0.002111601970547155,0.3667117804288864,0.9455308020114899,0.3667117804288864,0.0,0.0,0.0,0.0,0.0,0.0,0.0,,0.0,0.0,236.0,0,0,0.0,pool=kernel_fused_block_mean_bf16_read_fp32_acc_bf16_write,score=kernel_bf16_torch_matmul_acc_fp32_bf16_out,select=kernel_fused_topk_mask_fp32_bisect_index_order_ties
VC_GATE_NVFP4,p09,0.8,non_routing_control,gate_compress quantized to NVFP4; must NOT change the mask (falsifies the gate map if it does),bf16,kernel,kernel,kernel,4320,1.0,0.0,1.0,0.9999893663079429,0.0,0.0,0.0,1.0,,0.0008543472024638636,0.19661778956651688,0.9824224412441254,0.19661778956651688,0.0,0.0,0.0,0.0,0.0,0.0,0.0,,0.0,0.0,323.0,0,12,0.00013354700854700856,pool=kernel_fused_block_mean_bf16_read_fp32_acc_bf16_write,score=kernel_bf16_torch_matmul_acc_fp32_bf16_out,select=kernel_fused_topk_mask_fp32_bisect_index_order_ties
VC_GATE_NVFP4,p09,0.9,non_routing_control,gate_compress quantized to NVFP4; must NOT change the mask (falsifies the gate map if it does),bf16,kernel,kernel,kernel,4320,1.0,0.0,1.0,0.9999893663079429,0.0,0.0,0.0,1.0,,0.0013060027830985514,0.2836446613073349,0.9656409919261932,0.2836446613073349,0.0,0.0,0.0,0.0,0.0,0.0,0.0,,0.0,0.0,299.0,0,24,0.00013354700854700856,pool=kernel_fused_block_mean_bf16_read_fp32_acc_bf16_write,score=kernel_bf16_torch_matmul_acc_fp32_bf16_out,select=kernel_fused_topk_mask_fp32_bisect_index_order_ties
VC_GATE_NVFP4,p09,0.95,non_routing_control,gate_compress quantized to NVFP4; must NOT change the mask (falsifies the gate map if it does),bf16,kernel,kernel,kernel,4320,1.0,0.0,1.0,0.9999893663079429,0.0,0.0,0.0,1.0,,0.002116150922193984,0.3576381057500839,0.9480597674846649,0.3576381057500839,0.0,0.0,0.0,0.0,0.0,0.0,0.0,,0.0,0.0,245.0,0,0,0.0,pool=kernel_fused_block_mean_bf16_read_fp32_acc_bf16_write,score=kernel_bf16_torch_matmul_acc_fp32_bf16_out,select=kernel_fused_topk_mask_fp32_bisect_index_order_ties
VC_GATE_NVFP4,p10,0.8,non_routing_control,gate_compress quantized to NVFP4; must NOT change the mask (falsifies the gate map if it does),bf16,kernel,kernel,kernel,4320,1.0,0.0,1.0,0.9999896445471255,0.0,0.0,0.0,1.0,,0.0008237585746623478,0.19113872200250626,0.983813464641571,0.19113872200250626,0.0,0.0,0.0,0.0,0.0,0.0,0.0,,0.0,0.0,315.0,0,60,0.00013354700854700856,pool=kernel_fused_block_mean_bf16_read_fp32_acc_bf16_write,score=kernel_bf16_torch_matmul_acc_fp32_bf16_out,select=kernel_fused_topk_mask_fp32_bisect_index_order_ties
VC_GATE_NVFP4,p10,0.9,non_routing_control,gate_compress quantized to NVFP4; must NOT change the mask (falsifies the gate map if it does),bf16,kernel,kernel,kernel,4320,1.0,0.0,1.0,0.9999896445471255,0.0,0.0,0.0,1.0,,0.0012651926104980948,0.2690359801054001,0.9697725474834442,0.2690359801054001,0.0,0.0,0.0,0.0,0.0,0.0,0.0,,0.0,0.0,289.0,0,12,0.00013354700854700856,pool=kernel_fused_block_mean_bf16_read_fp32_acc_bf16_write,score=kernel_bf16_torch_matmul_acc_fp32_bf16_out,select=kernel_fused_topk_mask_fp32_bisect_index_order_ties
VC_GATE_NVFP4,p10,0.95,non_routing_control,gate_compress quantized to NVFP4; must NOT change the mask (falsifies the gate map if it does),bf16,kernel,kernel,kernel,4320,1.0,0.0,1.0,0.9999896445471255,0.0,0.0,0.0,1.0,,0.002058497373744323,0.3347241282463074,0.9562333822250366,0.3347241282463074,0.0,0.0,0.0,0.0,0.0,0.0,0.0,,0.0,0.0,238.0,0,0,0.0,pool=kernel_fused_block_mean_bf16_read_fp32_acc_bf16_write,score=kernel_bf16_torch_matmul_acc_fp32_bf16_out,select=kernel_fused_topk_mask_fp32_bisect_index_order_ties
VD_TORCH_TOPK,p01,0.8,tiebreak_control,torch.topk tie-break instead of VSA's index-order threshold rule,bf16,kernel,kernel,torch_topk,4320,1.0,0.0,1.0,0.9999892755161791,0.0,0.0,0.0,0.9990740740740741,,0.0008585681424010778,0.18001074343919754,0.985014796257019,0.18001074343919754,0.0,0.0,0.0,0.0,0.0,0.0006944444444444445,0.0,,0.0002314814814814815,0.0,326.0,0,0,0.0,pool=kernel_fused_block_mean_bf16_read_fp32_acc_bf16_write,score=kernel_bf16_torch_matmul_acc_fp32_bf16_out,select=torch_topk_native_tiebreak
VD_TORCH_TOPK,p01,0.9,tiebreak_control,torch.topk tie-break instead of VSA's index-order threshold rule,bf16,kernel,kernel,torch_topk,4320,1.0,0.0,1.0,0.9999892755161791,0.0,0.0,0.0,0.9997685185185186,,0.0012994446882484472,0.2611015737056732,0.9701983034610748,0.2611015737056732,0.0,0.0,0.0,0.0,0.0,0.0002314814814814815,0.0,,0.0002314814814814815,0.0,302.0,0,0,0.0,pool=kernel_fused_block_mean_bf16_read_fp32_acc_bf16_write,score=kernel_bf16_torch_matmul_acc_fp32_bf16_out,select=torch_topk_native_tiebreak
VD_TORCH_TOPK,p01,0.95,tiebreak_control,torch.topk tie-break instead of VSA's index-order threshold rule,bf16,kernel,kernel,torch_topk,4320,1.0,0.0,1.0,0.9999892755161791,0.0,0.0,0.0,0.9997685185185186,,0.0021088596427138915,0.32723937928676605,0.9552323520183563,0.32723937928676605,0.0,0.0,0.0,0.0,0.0,0.0002314814814814815,0.0,,0.0,0.0,249.0,0,0,0.0,pool=kernel_fused_block_mean_bf16_read_fp32_acc_bf16_write,score=kernel_bf16_torch_matmul_acc_fp32_bf16_out,select=torch_topk_native_tiebreak
VD_TORCH_TOPK,p02,0.8,tiebreak_control,torch.topk tie-break instead of VSA's index-order threshold rule,bf16,kernel,kernel,torch_topk,4320,1.0,0.0,1.0,0.9999892711557499,0.0,0.0,0.0,0.9990740740740741,,0.0008351908232747366,0.17285160720348358,0.9867823421955109,0.17285160720348358,0.0,0.0,0.0,0.0,0.0,0.0002314814814814815,0.0,,0.000462962962962963,0.0,324.0,0,0,0.0,pool=kernel_fused_block_mean_bf16_read_fp32_acc_bf16_write,score=kernel_bf16_torch_matmul_acc_fp32_bf16_out,select=torch_topk_native_tiebreak
VD_TORCH_TOPK,p02,0.9,tiebreak_control,torch.topk tie-break instead of VSA's index-order threshold rule,bf16,kernel,kernel,torch_topk,4320,1.0,0.0,1.0,0.9999892711557499,0.0,0.0,0.0,1.0,,0.0012886912384254827,0.25705498456954956,0.9725781083106995,0.25705498456954956,0.0,0.0,0.0,0.0,0.0,0.0,0.0,,0.0,0.0,297.0,0,0,0.0,pool=kernel_fused_block_mean_bf16_read_fp32_acc_bf16_write,score=kernel_bf16_torch_matmul_acc_fp32_bf16_out,select=torch_topk_native_tiebreak
VD_TORCH_TOPK,p02,0.95,tiebreak_control,torch.topk tie-break instead of VSA's index-order threshold rule,bf16,kernel,kernel,torch_topk,4320,1.0,0.0,1.0,0.9999892711557499,0.0,0.0,0.0,0.9997685185185186,,0.0021243144700614273,0.33039841055870056,0.9574829936027527,0.33039841055870056,0.0,0.0,0.0,0.0,0.0,0.0,0.0,,0.0,0.0,243.5,0,0,0.0,pool=kernel_fused_block_mean_bf16_read_fp32_acc_bf16_write,score=kernel_bf16_torch_matmul_acc_fp32_bf16_out,select=torch_topk_native_tiebreak
VD_TORCH_TOPK,p03,0.8,tiebreak_control,torch.topk tie-break instead of VSA's index-order threshold rule,bf16,kernel,kernel,torch_topk,4320,1.0,0.0,1.0,0.9999896799251609,0.0,0.0,0.0,0.9997685185185186,,0.0008336685779420485,0.17780262231826782,0.9856784343719482,0.17780262231826782,0.0,0.0,0.0,0.0,0.0,0.0002314814814814815,0.0,,0.0002314814814814815,0.0,324.0,0,0,0.0,pool=kernel_fused_block_mean_bf16_read_fp32_acc_bf16_write,score=kernel_bf16_torch_matmul_acc_fp32_bf16_out,select=torch_topk_native_tiebreak
VD_TORCH_TOPK,p03,0.9,tiebreak_control,torch.topk tie-break instead of VSA's index-order threshold rule,bf16,kernel,kernel,torch_topk,4320,1.0,0.0,1.0,0.9999896799251609,0.0,0.0,0.0,1.0,,0.0012806769398954,0.2603085935115814,0.9713067710399628,0.2603085935115814,0.0,0.0,0.0,0.0,0.0,0.0,0.0,,0.0,0.0,299.0,0,0,0.0,pool=kernel_fused_block_mean_bf16_read_fp32_acc_bf16_write,score=kernel_bf16_torch_matmul_acc_fp32_bf16_out,select=torch_topk_native_tiebreak
VD_TORCH_TOPK,p03,0.95,tiebreak_control,torch.topk tie-break instead of VSA's index-order threshold rule,bf16,kernel,kernel,torch_topk,4320,1.0,0.0,1.0,0.9999896799251609,0.0,0.0,0.0,1.0,,0.0020853210010376806,0.33439214527606964,0.9567857682704926,0.33439214527606964,0.0,0.0,0.0,0.0,0.0,0.0,0.0,,0.0,0.0,244.0,0,0,0.0,pool=kernel_fused_block_mean_bf16_read_fp32_acc_bf16_write,score=kernel_bf16_torch_matmul_acc_fp32_bf16_out,select=torch_topk_native_tiebreak
VD_TORCH_TOPK,p04,0.8,tiebreak_control,torch.topk tie-break instead of VSA's index-order threshold rule,bf16,kernel,kernel,torch_topk,4320,1.0,0.0,1.0,0.9999899630063247,0.0,0.0,0.0,0.9990740740740741,,0.0008332509353356908,0.19740910828113556,0.9824744462966919,0.19740910828113556,0.0,0.0,0.0,0.0,0.0,0.000925925925925926,0.0,,0.0002314814814814815,0.0,314.0,0,0,0.0,pool=kernel_fused_block_mean_bf16_read_fp32_acc_bf16_write,score=kernel_bf16_torch_matmul_acc_fp32_bf16_out,select=torch_topk_native_tiebreak
VD_TORCH_TOPK,p04,0.9,tiebreak_control,torch.topk tie-break instead of VSA's index-order threshold rule,bf16,kernel,kernel,torch_topk,4320,1.0,0.0,1.0,0.9999899630063247,0.0,0.0,0.0,0.9997685185185186,,0.0013032289814614642,0.2775108963251114,0.9677035212516785,0.2775108963251114,0.0,0.0,0.0,0.0,0.0,0.0002314814814814815,0.0,,0.0002314814814814815,0.0,287.0,0,0,0.0,pool=kernel_fused_block_mean_bf16_read_fp32_acc_bf16_write,score=kernel_bf16_torch_matmul_acc_fp32_bf16_out,select=torch_topk_native_tiebreak
VD_TORCH_TOPK,p04,0.95,tiebreak_control,torch.topk tie-break instead of VSA's index-order threshold rule,bf16,kernel,kernel,torch_topk,4320,1.0,0.0,1.0,0.9999899630063247,0.0,0.0,0.0,1.0,,0.002138433722699777,0.34619317948818207,0.9526274502277374,0.34619317948818207,0.0,0.0,0.0,0.0,0.0,0.0,0.0,,0.0,0.0,235.0,0,0,0.0,pool=kernel_fused_block_mean_bf16_read_fp32_acc_bf16_write,score=kernel_bf16_torch_matmul_acc_fp32_bf16_out,select=torch_topk_native_tiebreak
VD_TORCH_TOPK,p05,0.8,tiebreak_control,torch.topk tie-break instead of VSA's index-order threshold rule,bf16,kernel,kernel,torch_topk,4320,1.0,0.0,1.0,0.9999891508429006,0.0,0.0,0.0,0.9997685185185186,,0.0008251885081836032,0.16921859979629517,0.9869786500930786,0.16921859979629517,0.0,0.0,0.0,0.0,0.0,0.0002314814814814815,0.0,,0.0,0.0,328.0,0,0,0.0,pool=kernel_fused_block_mean_bf16_read_fp32_acc_bf16_write,score=kernel_bf16_torch_matmul_acc_fp32_bf16_out,select=torch_topk_native_tiebreak
VD_TORCH_TOPK,p05,0.9,tiebreak_control,torch.topk tie-break instead of VSA's index-order threshold rule,bf16,kernel,kernel,torch_topk,4320,1.0,0.0,1.0,0.9999891508429006,0.0,0.0,0.0,0.9997685185185186,,0.0012665848812426499,0.24947474896907806,0.9734777808189392,0.24947474896907806,0.0,0.0,0.0,0.0,0.0,0.0002314814814814815,0.0,,0.0002314814814814815,0.0,301.0,0,0,0.0,pool=kernel_fused_block_mean_bf16_read_fp32_acc_bf16_write,score=kernel_bf16_torch_matmul_acc_fp32_bf16_out,select=torch_topk_native_tiebreak
VD_TORCH_TOPK,p05,0.95,tiebreak_control,torch.topk tie-break instead of VSA's index-order threshold rule,bf16,kernel,kernel,torch_topk,4320,1.0,0.0,1.0,0.9999891508429006,0.0,0.0,0.0,1.0,,0.002076267647233391,0.31253038346767426,0.9601978957653046,0.31253038346767426,0.0,0.0,0.0,0.0,0.0,0.0,0.0,,0.0,0.0,246.0,0,0,0.0,pool=kernel_fused_block_mean_bf16_read_fp32_acc_bf16_write,score=kernel_bf16_torch_matmul_acc_fp32_bf16_out,select=torch_topk_native_tiebreak
VD_TORCH_TOPK,p06,0.8,tiebreak_control,torch.topk tie-break instead of VSA's index-order threshold rule,bf16,kernel,kernel,torch_topk,4320,1.0,0.0,1.0,0.9999901237863518,0.0,0.0,0.0,0.999537037037037,,0.0008288105597913729,0.21330200135707855,0.9800848960876465,0.21330200135707855,0.0,0.0,0.0,0.0,0.0,0.000462962962962963,0.0,,0.0002314814814814815,0.0,312.0,0,0,0.0,pool=kernel_fused_block_mean_bf16_read_fp32_acc_bf16_write,score=kernel_bf16_torch_matmul_acc_fp32_bf16_out,select=torch_topk_native_tiebreak
VD_TORCH_TOPK,p06,0.9,tiebreak_control,torch.topk tie-break instead of VSA's index-order threshold rule,bf16,kernel,kernel,torch_topk,4320,1.0,0.0,1.0,0.9999901237863518,0.0,0.0,0.0,0.9997685185185186,,0.001283386818593608,0.2981490343809128,0.9637621343135834,0.2981490343809128,0.0,0.0,0.0,0.0,0.0,0.0002314814814814815,0.0,,0.0002314814814814815,0.0,288.0,0,0,0.0,pool=kernel_fused_block_mean_bf16_read_fp32_acc_bf16_write,score=kernel_bf16_torch_matmul_acc_fp32_bf16_out,select=torch_topk_native_tiebreak
VD_TORCH_TOPK,p06,0.95,tiebreak_control,torch.topk tie-break instead of VSA's index-order threshold rule,bf16,kernel,kernel,torch_topk,4320,1.0,0.0,1.0,0.9999901237863518,0.0,0.0,0.0,1.0,,0.002080408652207129,0.36923445761203766,0.9473205506801605,0.36923445761203766,0.0,0.0,0.0,0.0,0.0,0.0,0.0,,0.0,0.0,237.0,0,0,0.0,pool=kernel_fused_block_mean_bf16_read_fp32_acc_bf16_write,score=kernel_bf16_torch_matmul_acc_fp32_bf16_out,select=torch_topk_native_tiebreak
VD_TORCH_TOPK,p07,0.8,tiebreak_control,torch.topk tie-break instead of VSA's index-order threshold rule,bf16,kernel,kernel,torch_topk,4320,1.0,0.0,1.0,0.9999883392364485,0.0,0.0,0.0,0.9993055555555556,,0.0008497264859377683,0.21059146523475647,0.9792725443840027,0.21059146523475647,0.0,0.0,0.0,0.0,0.0,0.0,0.0,,0.0002314814814814815,0.0,345.0,0,0,0.0,pool=kernel_fused_block_mean_bf16_read_fp32_acc_bf16_write,score=kernel_bf16_torch_matmul_acc_fp32_bf16_out,select=torch_topk_native_tiebreak
VD_TORCH_TOPK,p07,0.9,tiebreak_control,torch.topk tie-break instead of VSA's index-order threshold rule,bf16,kernel,kernel,torch_topk,4320,1.0,0.0,1.0,0.9999883392364485,0.0,0.0,0.0,1.0,,0.0012854724620193713,0.3326541930437088,0.9517916142940521,0.3326541930437088,0.0,0.0,0.0,0.0,0.0,0.0,0.0,,0.0,0.0,320.0,0,0,0.0,pool=kernel_fused_block_mean_bf16_read_fp32_acc_bf16_write,score=kernel_bf16_torch_matmul_acc_fp32_bf16_out,select=torch_topk_native_tiebreak
VD_TORCH_TOPK,p07,0.95,tiebreak_control,torch.topk tie-break instead of VSA's index-order threshold rule,bf16,kernel,kernel,torch_topk,4320,1.0,0.0,1.0,0.9999883392364485,0.0,0.0,0.0,0.9997685185185186,,0.0020518228098484487,0.4043515473604202,0.9301071465015411,0.4043515473604202,0.0,0.0,0.0,0.0,0.0,0.0002314814814814815,0.0,,0.0002314814814814815,0.0,265.0,0,0,0.0,pool=kernel_fused_block_mean_bf16_read_fp32_acc_bf16_write,score=kernel_bf16_torch_matmul_acc_fp32_bf16_out,select=torch_topk_native_tiebreak
VD_TORCH_TOPK,p08,0.8,tiebreak_control,torch.topk tie-break instead of VSA's index-order threshold rule,bf16,kernel,kernel,torch_topk,4320,1.0,0.0,1.0,0.9999901514530942,0.0,0.0,0.0,0.9993055555555556,,0.0008564789877889672,0.2211449071764946,0.9780453443527222,0.2211449071764946,0.0,0.0,0.0,0.0,0.0,0.0006944444444444445,0.0,,0.0,0.0,309.0,0,0,0.0,pool=kernel_fused_block_mean_bf16_read_fp32_acc_bf16_write,score=kernel_bf16_torch_matmul_acc_fp32_bf16_out,select=torch_topk_native_tiebreak
VD_TORCH_TOPK,p08,0.9,tiebreak_control,torch.topk tie-break instead of VSA's index-order threshold rule,bf16,kernel,kernel,torch_topk,4320,1.0,0.0,1.0,0.9999901514530942,0.0,0.0,0.0,1.0,,0.0013042710279578037,0.30331985652446747,0.9612035155296326,0.30331985652446747,0.0,0.0,0.0,0.0,0.0,0.0,0.0,,0.0,0.0,288.0,0,0,0.0,pool=kernel_fused_block_mean_bf16_read_fp32_acc_bf16_write,score=kernel_bf16_torch_matmul_acc_fp32_bf16_out,select=torch_topk_native_tiebreak
VD_TORCH_TOPK,p08,0.95,tiebreak_control,torch.topk tie-break instead of VSA's index-order threshold rule,bf16,kernel,kernel,torch_topk,4320,1.0,0.0,1.0,0.9999901514530942,0.0,0.0,0.0,1.0,,0.002111601970547155,0.3667117804288864,0.9455308020114899,0.3667117804288864,0.0,0.0,0.0,0.0,0.0,0.0,0.0,,0.0,0.0,236.0,0,0,0.0,pool=kernel_fused_block_mean_bf16_read_fp32_acc_bf16_write,score=kernel_bf16_torch_matmul_acc_fp32_bf16_out,select=torch_topk_native_tiebreak
VD_TORCH_TOPK,p09,0.8,tiebreak_control,torch.topk tie-break instead of VSA's index-order threshold rule,bf16,kernel,kernel,torch_topk,4320,1.0,0.0,1.0,0.9999893663079429,0.0,0.0,0.0,0.9997685185185186,,0.0008543472024638636,0.19661778956651688,0.9824224412441254,0.19661778956651688,0.0,0.0,0.0,0.0,0.0,0.0002314814814814815,0.0,,0.0002314814814814815,0.0,323.0,0,0,0.0,pool=kernel_fused_block_mean_bf16_read_fp32_acc_bf16_write,score=kernel_bf16_torch_matmul_acc_fp32_bf16_out,select=torch_topk_native_tiebreak
VD_TORCH_TOPK,p09,0.9,tiebreak_control,torch.topk tie-break instead of VSA's index-order threshold rule,bf16,kernel,kernel,torch_topk,4320,1.0,0.0,1.0,0.9999893663079429,0.0,0.0,0.0,0.999537037037037,,0.0013060027830985514,0.2836446613073349,0.9656409919261932,0.2836446613073349,0.0,0.0,0.0,0.0,0.0,0.0002314814814814815,0.0,,0.0002314814814814815,0.0,299.0,0,0,0.0,pool=kernel_fused_block_mean_bf16_read_fp32_acc_bf16_write,score=kernel_bf16_torch_matmul_acc_fp32_bf16_out,select=torch_topk_native_tiebreak
VD_TORCH_TOPK,p09,0.95,tiebreak_control,torch.topk tie-break instead of VSA's index-order threshold rule,bf16,kernel,kernel,torch_topk,4320,1.0,0.0,1.0,0.9999893663079429,0.0,0.0,0.0,1.0,,0.002116150922193984,0.3576381057500839,0.9480597674846649,0.3576381057500839,0.0,0.0,0.0,0.0,0.0,0.0,0.0,,0.0,0.0,245.0,0,0,0.0,pool=kernel_fused_block_mean_bf16_read_fp32_acc_bf16_write,score=kernel_bf16_torch_matmul_acc_fp32_bf16_out,select=torch_topk_native_tiebreak
VD_TORCH_TOPK,p10,0.8,tiebreak_control,torch.topk tie-break instead of VSA's index-order threshold rule,bf16,kernel,kernel,torch_topk,4320,1.0,0.0,1.0,0.9999896445471255,0.0,0.0,0.0,0.9988425925925926,,0.0008237585746623478,0.19113872200250626,0.983813464641571,0.19113872200250626,0.0,0.0,0.0,0.0,0.0,0.0006944444444444445,0.0,,0.0002314814814814815,0.0,315.0,0,0,0.0,pool=kernel_fused_block_mean_bf16_read_fp32_acc_bf16_write,score=kernel_bf16_torch_matmul_acc_fp32_bf16_out,select=torch_topk_native_tiebreak
VD_TORCH_TOPK,p10,0.9,tiebreak_control,torch.topk tie-break instead of VSA's index-order threshold rule,bf16,kernel,kernel,torch_topk,4320,1.0,0.0,1.0,0.9999896445471255,0.0,0.0,0.0,0.9997685185185186,,0.0012651926104980948,0.2690359801054001,0.9697725474834442,0.2690359801054001,0.0,0.0,0.0,0.0,0.0,0.0002314814814814815,0.0,,0.0002314814814814815,0.0,289.0,0,0,0.0,pool=kernel_fused_block_mean_bf16_read_fp32_acc_bf16_write,score=kernel_bf16_torch_matmul_acc_fp32_bf16_out,select=torch_topk_native_tiebreak
VD_TORCH_TOPK,p10,0.95,tiebreak_control,torch.topk tie-break instead of VSA's index-order threshold rule,bf16,kernel,kernel,torch_topk,4320,1.0,0.0,1.0,0.9999896445471255,0.0,0.0,0.0,1.0,,0.002058497373744323,0.3347241282463074,0.9562333822250366,0.3347241282463074,0.0,0.0,0.0,0.0,0.0,0.0,0.0,,0.0,0.0,238.0,0,0,0.0,pool=kernel_fused_block_mean_bf16_read_fp32_acc_bf16_write,score=kernel_bf16_torch_matmul_acc_fp32_bf16_out,select=torch_topk_native_tiebreak
