arm,timestep,sparsity,intervention_kind,purpose,representation,pool,score,selection_rule,n_cells,jaccard_median,jaccard_iqr,recall_median,spearman_rho_vs_exact_median,swaps_per_query_block_median,frac_query_blocks_changed_median,frac_decisions_changed_median,frac_cells_mask_identical_to_deployed,changed_pair_gap_fp64_median,reference_margin_norm_fp64_median,rel_l2_median,cosine_median,sparsification_error_median,wrong_mask_excess_median,wrong_mask_excess_iqr,signed_wrong_mask_over_sparsification_median,abs_wrong_mask_over_sparsification_median,abs_wrong_mask_over_sparsification_p90,frac_cells_arm_worse_than_deployed,random_matched_excess_median,isolation_ratio_abs,frac_cells_random_worse_than_arm,representation_saturation_frac_median,deployed_score_ties_median,exact_ties_fp64_total,selector_budget_violating_rows_total,selector_budget_violating_frac_max,pool_semantics,score_semantics,select_semantics
V0,0,0.8,reference_deployed,VSA as installed: fused_block_mean + bf16 matmul + fused_topk_mask,bf16,kernel,kernel,kernel,7200,1.0,0.0,1.0,0.9999855164824776,0.0,0.0,0.0,1.0,,0.0008702760592591352,0.24846188724040985,0.9716616272926331,0.24846188724040985,0.0,0.0,0.0,0.0,0.0,0.0,,,,0.0,388.0,0,48,0.00013354700854700856,pool=kernel_fused_block_mean_bf16_read_fp32_acc_bf16_write,score=kernel_bf16_torch_matmul_acc_fp32_bf16_out,select=kernel_fused_topk_mask_fp32_bisect_index_order_ties
V0,0,0.9,reference_deployed,VSA as installed: fused_block_mean + bf16 matmul + fused_topk_mask,bf16,kernel,kernel,kernel,7200,1.0,0.0,1.0,0.9999855164824776,0.0,0.0,0.0,1.0,,0.0013249281927685229,0.3552883416414261,0.9455949366092682,0.3552883416414261,0.0,0.0,0.0,0.0,0.0,0.0,,,,0.0,352.0,0,12,0.00013354700854700856,pool=kernel_fused_block_mean_bf16_read_fp32_acc_bf16_write,score=kernel_bf16_torch_matmul_acc_fp32_bf16_out,select=kernel_fused_topk_mask_fp32_bisect_index_order_ties
V0,0,0.95,reference_deployed,VSA as installed: fused_block_mean + bf16 matmul + fused_topk_mask,bf16,kernel,kernel,kernel,7200,1.0,0.0,1.0,0.9999855164824776,0.0,0.0,0.0,1.0,,0.002038701131499958,0.44476231932640076,0.9193120002746582,0.44476231932640076,0.0,0.0,0.0,0.0,0.0,0.0,,,,0.0,301.0,0,0,0.0,pool=kernel_fused_block_mean_bf16_read_fp32_acc_bf16_write,score=kernel_bf16_torch_matmul_acc_fp32_bf16_out,select=kernel_fused_topk_mask_fp32_bisect_index_order_ties
V0,1,0.8,reference_deployed,VSA as installed: fused_block_mean + bf16 matmul + fused_topk_mask,bf16,kernel,kernel,kernel,7200,1.0,0.0,1.0,0.9999880028374546,0.0,0.0,0.0,1.0,,0.0008704715584485266,0.2610492706298828,0.9689241349697113,0.2610492706298828,0.0,0.0,0.0,0.0,0.0,0.0,,,,0.0,358.0,0,96,0.00013354700854700856,pool=kernel_fused_block_mean_bf16_read_fp32_acc_bf16_write,score=kernel_bf16_torch_matmul_acc_fp32_bf16_out,select=kernel_fused_topk_mask_fp32_bisect_index_order_ties
V0,1,0.9,reference_deployed,VSA as installed: fused_block_mean + bf16 matmul + fused_topk_mask,bf16,kernel,kernel,kernel,7200,1.0,0.0,1.0,0.9999880028374546,0.0,0.0,0.0,1.0,,0.0013159938831072454,0.37121522426605225,0.9409266710281372,0.37121522426605225,0.0,0.0,0.0,0.0,0.0,0.0,,,,0.0,331.0,0,24,0.00013354700854700856,pool=kernel_fused_block_mean_bf16_read_fp32_acc_bf16_write,score=kernel_bf16_torch_matmul_acc_fp32_bf16_out,select=kernel_fused_topk_mask_fp32_bisect_index_order_ties
V0,1,0.95,reference_deployed,VSA as installed: fused_block_mean + bf16 matmul + fused_topk_mask,bf16,kernel,kernel,kernel,7200,1.0,0.0,1.0,0.9999880028374546,0.0,0.0,0.0,1.0,,0.002021851801271911,0.4605793207883835,0.9133939445018768,0.4605793207883835,0.0,0.0,0.0,0.0,0.0,0.0,,,,0.0,282.0,0,0,0.0,pool=kernel_fused_block_mean_bf16_read_fp32_acc_bf16_write,score=kernel_bf16_torch_matmul_acc_fp32_bf16_out,select=kernel_fused_topk_mask_fp32_bisect_index_order_ties
V0,10,0.8,reference_deployed,VSA as installed: fused_block_mean + bf16 matmul + fused_topk_mask,bf16,kernel,kernel,kernel,7200,1.0,0.0,1.0,0.9999907208003169,0.0,0.0,0.0,1.0,,0.0008283295900916512,0.23449409008026123,0.9750837087631226,0.23449409008026123,0.0,0.0,0.0,0.0,0.0,0.0,,,,0.0,316.0,0,24,0.00013354700854700856,pool=kernel_fused_block_mean_bf16_read_fp32_acc_bf16_write,score=kernel_bf16_torch_matmul_acc_fp32_bf16_out,select=kernel_fused_topk_mask_fp32_bisect_index_order_ties
V0,10,0.9,reference_deployed,VSA as installed: fused_block_mean + bf16 matmul + fused_topk_mask,bf16,kernel,kernel,kernel,7200,1.0,0.0,1.0,0.9999907208003169,0.0,0.0,0.0,1.0,,0.001280864905300533,0.32237114012241364,0.9554915428161621,0.32237114012241364,0.0,0.0,0.0,0.0,0.0,0.0,,,,0.0,296.0,0,12,0.00013354700854700856,pool=kernel_fused_block_mean_bf16_read_fp32_acc_bf16_write,score=kernel_bf16_torch_matmul_acc_fp32_bf16_out,select=kernel_fused_topk_mask_fp32_bisect_index_order_ties
V0,10,0.95,reference_deployed,VSA as installed: fused_block_mean + bf16 matmul + fused_topk_mask,bf16,kernel,kernel,kernel,7200,1.0,0.0,1.0,0.9999907208003169,0.0,0.0,0.0,1.0,,0.0020630188934947793,0.39509396255016327,0.936953216791153,0.39509396255016327,0.0,0.0,0.0,0.0,0.0,0.0,,,,0.0,244.0,0,0,0.0,pool=kernel_fused_block_mean_bf16_read_fp32_acc_bf16_write,score=kernel_bf16_torch_matmul_acc_fp32_bf16_out,select=kernel_fused_topk_mask_fp32_bisect_index_order_ties
V0,25,0.8,reference_deployed,VSA as installed: fused_block_mean + bf16 matmul + fused_topk_mask,bf16,kernel,kernel,kernel,7200,1.0,0.0,1.0,0.9999905196501773,0.0,0.0,0.0,1.0,,0.0008171052578908428,0.19045055657625198,0.9837071299552917,0.19045055657625198,0.0,0.0,0.0,0.0,0.0,0.0,,,,0.0,299.0,0,72,0.00013354700854700856,pool=kernel_fused_block_mean_bf16_read_fp32_acc_bf16_write,score=kernel_bf16_torch_matmul_acc_fp32_bf16_out,select=kernel_fused_topk_mask_fp32_bisect_index_order_ties
V0,25,0.9,reference_deployed,VSA as installed: fused_block_mean + bf16 matmul + fused_topk_mask,bf16,kernel,kernel,kernel,7200,1.0,0.0,1.0,0.9999905196501773,0.0,0.0,0.0,1.0,,0.0012787789266221793,0.2748807519674301,0.9681605398654938,0.2748807519674301,0.0,0.0,0.0,0.0,0.0,0.0,,,,0.0,278.0,0,12,0.00013354700854700856,pool=kernel_fused_block_mean_bf16_read_fp32_acc_bf16_write,score=kernel_bf16_torch_matmul_acc_fp32_bf16_out,select=kernel_fused_topk_mask_fp32_bisect_index_order_ties
V0,25,0.95,reference_deployed,VSA as installed: fused_block_mean + bf16 matmul + fused_topk_mask,bf16,kernel,kernel,kernel,7200,1.0,0.0,1.0,0.9999905196501773,0.0,0.0,0.0,1.0,,0.002115493289704402,0.349918469786644,0.9515990316867828,0.349918469786644,0.0,0.0,0.0,0.0,0.0,0.0,,,,0.0,229.0,0,0,0.0,pool=kernel_fused_block_mean_bf16_read_fp32_acc_bf16_write,score=kernel_bf16_torch_matmul_acc_fp32_bf16_out,select=kernel_fused_topk_mask_fp32_bisect_index_order_ties
V0,40,0.8,reference_deployed,VSA as installed: fused_block_mean + bf16 matmul + fused_topk_mask,bf16,kernel,kernel,kernel,7200,1.0,0.0,1.0,0.9999899201944905,0.0,0.0,0.0,1.0,,0.0008322675423859048,0.15788117796182632,0.9888060092926025,0.15788117796182632,0.0,0.0,0.0,0.0,0.0,0.0,,,,0.0,304.0,0,36,0.00013354700854700856,pool=kernel_fused_block_mean_bf16_read_fp32_acc_bf16_write,score=kernel_bf16_torch_matmul_acc_fp32_bf16_out,select=kernel_fused_topk_mask_fp32_bisect_index_order_ties
V0,40,0.9,reference_deployed,VSA as installed: fused_block_mean + bf16 matmul + fused_topk_mask,bf16,kernel,kernel,kernel,7200,1.0,0.0,1.0,0.9999899201944905,0.0,0.0,0.0,1.0,,0.0012858381282090802,0.22702962160110474,0.9786089062690735,0.22702962160110474,0.0,0.0,0.0,0.0,0.0,0.0,,,,0.0,281.0,0,0,0.0,pool=kernel_fused_block_mean_bf16_read_fp32_acc_bf16_write,score=kernel_bf16_torch_matmul_acc_fp32_bf16_out,select=kernel_fused_topk_mask_fp32_bisect_index_order_ties
V0,40,0.95,reference_deployed,VSA as installed: fused_block_mean + bf16 matmul + fused_topk_mask,bf16,kernel,kernel,kernel,7200,1.0,0.0,1.0,0.9999899201944905,0.0,0.0,0.0,1.0,,0.002158822001768223,0.29188767075538635,0.9669592976570129,0.29188767075538635,0.0,0.0,0.0,0.0,0.0,0.0,,,,0.0,228.0,0,24,0.00013354700854700856,pool=kernel_fused_block_mean_bf16_read_fp32_acc_bf16_write,score=kernel_bf16_torch_matmul_acc_fp32_bf16_out,select=kernel_fused_topk_mask_fp32_bisect_index_order_ties
V0,48,0.8,reference_deployed,VSA as installed: fused_block_mean + bf16 matmul + fused_topk_mask,bf16,kernel,kernel,kernel,7200,1.0,0.0,1.0,0.9999895453256725,0.0,0.0,0.0,1.0,,0.0008203869404046719,0.14028222858905792,0.9912248253822327,0.14028222858905792,0.0,0.0,0.0,0.0,0.0,0.0,,,,0.0,302.0,0,60,0.00013354700854700856,pool=kernel_fused_block_mean_bf16_read_fp32_acc_bf16_write,score=kernel_bf16_torch_matmul_acc_fp32_bf16_out,select=kernel_fused_topk_mask_fp32_bisect_index_order_ties
V0,48,0.9,reference_deployed,VSA as installed: fused_block_mean + bf16 matmul + fused_topk_mask,bf16,kernel,kernel,kernel,7200,1.0,0.0,1.0,0.9999895453256725,0.0,0.0,0.0,1.0,,0.0012563140557701779,0.2033066675066948,0.9828568994998932,0.2033066675066948,0.0,0.0,0.0,0.0,0.0,0.0,,,,0.0,281.0,0,24,0.00013354700854700856,pool=kernel_fused_block_mean_bf16_read_fp32_acc_bf16_write,score=kernel_bf16_torch_matmul_acc_fp32_bf16_out,select=kernel_fused_topk_mask_fp32_bisect_index_order_ties
V0,48,0.95,reference_deployed,VSA as installed: fused_block_mean + bf16 matmul + fused_topk_mask,bf16,kernel,kernel,kernel,7200,1.0,0.0,1.0,0.9999895453256725,0.0,0.0,0.0,1.0,,0.0021376999995817835,0.2576444298028946,0.973455399274826,0.2576444298028946,0.0,0.0,0.0,0.0,0.0,0.0,,,,0.0,224.0,0,12,0.00013354700854700856,pool=kernel_fused_block_mean_bf16_read_fp32_acc_bf16_write,score=kernel_bf16_torch_matmul_acc_fp32_bf16_out,select=kernel_fused_topk_mask_fp32_bisect_index_order_ties
V0_FP64,0,0.8,reference_exact,exact selector on the same bf16 Q/K: how far deployed VSA already is from optimal,bf16,fp64,fp64,exact_index_order,7200,0.9912944690519652,0.008962517977389672,0.9956282051282052,0.9999999999999996,0.5464743589743589,0.4775641025641026,0.0017515203813280736,0.0,0.001275255318037536,0.0008702760592591352,0.2490069568157196,0.9714876413345337,0.24846188724040985,0.00022292137145996094,0.000575631856918335,0.0009864008726374767,0.0010115193981391987,0.00403889311027047,0.8894444444444445,-0.001182563602924347,5.304846256684492,0.1388888888888889,0.0,0.0,0,0,0.0,pool=fp64_values_acc_fp64_valid_token_denominator,score=fp64_values_acc_fp64,select=exact_stable_sort_index_order_ties_at_float64
V0_FP64,0,0.9,reference_exact,exact selector on the same bf16 Q/K: how far deployed VSA already is from optimal,bf16,fp64,fp64,exact_index_order,7200,0.9858055716919657,0.012876753935876173,0.9928520553520553,0.9999999999999996,0.45032051282051283,0.40705128205128205,0.001443334976988823,0.0,0.001522751401883161,0.0013249281927685229,0.3560304194688797,0.945440948009491,0.3552883416414261,0.00046782195568084717,0.001272398978471756,0.0013814519183662035,0.0013964988564103852,0.006118508735930439,0.9119444444444444,-0.0027151107788085938,5.803726708074534,0.11930555555555555,0.0,0.0,0,0,0.0,pool=fp64_values_acc_fp64_valid_token_denominator,score=fp64_values_acc_fp64,select=exact_stable_sort_index_order_ties_at_float64
V0_FP64,0,0.95,reference_exact,exact selector on the same bf16 Q/K: how far deployed VSA already is from optimal,bf16,fp64,fp64,exact_index_order,7200,0.9782048741826828,0.018695040041598943,0.9889823717948718,0.9999999999999996,0.35256410256410253,0.328525641025641,0.0011300131492439185,0.0,0.0016234029049760693,0.002038701131499958,0.44581839442253113,0.9187822341918945,0.44476231932640076,0.0008077621459960938,0.0016134977340698242,0.0018267423095216463,0.0018562731028484453,0.0065310196176758374,0.9265277777777777,-0.004511937499046326,5.585725354191263,0.11319444444444444,0.0,0.0,0,0,0.0,pool=fp64_values_acc_fp64_valid_token_denominator,score=fp64_values_acc_fp64,select=exact_stable_sort_index_order_ties_at_float64
V0_FP64,1,0.8,reference_exact,exact selector on the same bf16 Q/K: how far deployed VSA already is from optimal,bf16,fp64,fp64,exact_index_order,7200,0.992260832918279,0.007118234995499462,0.9961153846153846,0.9999999999999996,0.4855769230769231,0.43189102564102566,0.001556336291913215,0.0,0.0011170138728867904,0.0008704715584485266,0.2612750232219696,0.9687973856925964,0.2610492706298828,0.00021933019161224365,0.000508233904838562,0.0008828476747057653,0.0009221372793018631,0.0034057716741359837,0.9013888888888889,-0.001049228012561798,4.78378286568381,0.15583333333333332,0.0,0.0,0,0,0.0,pool=fp64_values_acc_fp64_valid_token_denominator,score=fp64_values_acc_fp64,select=exact_stable_sort_index_order_ties_at_float64
V0_FP64,1,0.9,reference_exact,exact selector on the same bf16 Q/K: how far deployed VSA already is from optimal,bf16,fp64,fp64,exact_index_order,7200,0.987010033106725,0.01068670128341398,0.993462555962556,0.9999999999999996,0.41185897435897434,0.3766025641025641,0.001320060815253123,0.0,0.0013336677550004408,0.0013159938831072454,0.37206272780895233,0.9406343698501587,0.37121522426605225,0.00048451125621795654,0.0010887477546930313,0.0013044801165287946,0.001329280894565273,0.005295240751038979,0.9154166666666667,-0.0026165246963500977,5.400338305397509,0.13291666666666666,0.0,0.0,0,0,0.0,pool=fp64_values_acc_fp64_valid_token_denominator,score=fp64_values_acc_fp64,select=exact_stable_sort_index_order_ties_at_float64
V0_FP64,1,0.95,reference_exact,exact selector on the same bf16 Q/K: how far deployed VSA already is from optimal,bf16,fp64,fp64,exact_index_order,7200,0.9802647890117518,0.016180499395433978,0.9900340544871795,0.9999999999999996,0.3189102564102564,0.30128205128205127,0.0010221482577251809,0.0,0.00145029579957405,0.002021851801271911,0.4615774601697922,0.9130401611328125,0.4605793207883835,0.0007475167512893677,0.0014248043298721313,0.0016305846319039845,0.0016900039822542669,0.005756215243083382,0.9148611111111111,-0.0044517070055007935,5.955327419515599,0.1226388888888889,0.0,0.0,0,0,0.0,pool=fp64_values_acc_fp64_valid_token_denominator,score=fp64_values_acc_fp64,select=exact_stable_sort_index_order_ties_at_float64
V0_FP64,10,0.8,reference_exact,exact selector on the same bf16 Q/K: how far deployed VSA already is from optimal,bf16,fp64,fp64,exact_index_order,7200,0.9937121386396749,0.004863526635105919,0.9968461538461538,0.9999999999999996,0.3942307692307692,0.36378205128205127,0.001263560157790927,0.0,0.0008239735707575183,0.0008283295900916512,0.23483451455831528,0.9750326871871948,0.23449409008026123,0.00017324835062026978,0.0003205668181180954,0.0007791812933783306,0.0008212131324805455,0.0025570394876639354,0.8801388888888889,-0.0005309060215950012,3.0644217950371995,0.2679166666666667,0.0,0.0,0,0,0.0,pool=fp64_values_acc_fp64_valid_token_denominator,score=fp64_values_acc_fp64,select=exact_stable_sort_index_order_ties_at_float64
V0_FP64,10,0.9,reference_exact,exact selector on the same bf16 Q/K: how far deployed VSA already is from optimal,bf16,fp64,fp64,exact_index_order,7200,0.9891716844608612,0.007240688050240696,0.9945563695563695,0.9999999999999996,0.34294871794871795,0.32211538461538464,0.0010991946088099935,0.0,0.001048617799155316,0.001280864905300533,0.32293881475925446,0.9553361237049103,0.32237114012241364,0.0003450661897659302,0.0006672646850347519,0.0011540232115000077,0.001196381993365728,0.0035840225910105487,0.8908333333333334,-0.0015516430139541626,4.49665327978581,0.21597222222222223,0.0,0.0,0,0,0.0,pool=fp64_values_acc_fp64_valid_token_denominator,score=fp64_values_acc_fp64,select=exact_stable_sort_index_order_ties_at_float64
V0_FP64,10,0.95,reference_exact,exact selector on the same bf16 Q/K: how far deployed VSA already is from optimal,bf16,fp64,fp64,exact_index_order,7200,0.9840031794922748,0.010731334834364281,0.9919370993589743,0.9999999999999996,0.2580128205128205,0.2483974358974359,0.0008269641683103222,0.0,0.0011771381593711169,0.0020630188934947793,0.3955621123313904,0.9366528987884521,0.39509396255016327,0.00048076361417770386,0.0008778870105743408,0.0012677652062333966,0.001334512086209434,0.0040105860016767915,0.8856944444444445,-0.002583622932434082,5.373998481255908,0.1951388888888889,0.0,0.0,0,0,0.0,pool=fp64_values_acc_fp64_valid_token_denominator,score=fp64_values_acc_fp64,select=exact_stable_sort_index_order_ties_at_float64
V0_FP64,25,0.8,reference_exact,exact selector on the same bf16 Q/K: how far deployed VSA already is from optimal,bf16,fp64,fp64,exact_index_order,7200,0.9942473633748802,0.004406871544598068,0.9971153846153846,0.9999999999999996,0.3605769230769231,0.33814102564102566,0.0011556952662721894,0.0,0.0007468011660225303,0.0008171052578908428,0.19071584194898605,0.9836758971214294,0.19045055657625198,0.0001629069447517395,0.0002429317682981491,0.0009000660685057934,0.0009218295661441575,0.002546350911773962,0.8956944444444445,-4.2729079723358154e-05,0.2622913331808827,0.43916666666666665,0.0,0.0,0,0,0.0,pool=fp64_values_acc_fp64_valid_token_denominator,score=fp64_values_acc_fp64,select=exact_stable_sort_index_order_ties_at_float64
V0_FP64,25,0.9,reference_exact,exact selector on the same bf16 Q/K: how far deployed VSA already is from optimal,bf16,fp64,fp64,exact_index_order,7200,0.9900275886506872,0.006089263988388494,0.9949888074888075,0.9999999999999996,0.3157051282051282,0.29967948717948717,0.0010118754109138726,0.0,0.0009713608207694797,0.0012787789266221793,0.2754002511501312,0.9680312275886536,0.2748807519674301,0.00034796446561813354,0.0005316957831382751,0.001361731024006507,0.001394172505822571,0.003775831287646405,0.9065277777777778,-0.0004969462752342224,1.4281523670856262,0.37569444444444444,0.0,0.0,0,0,0.0,pool=fp64_values_acc_fp64_valid_token_denominator,score=fp64_values_acc_fp64,select=exact_stable_sort_index_order_ties_at_float64
V0_FP64,25,0.95,reference_exact,exact selector on the same bf16 Q/K: how far deployed VSA already is from optimal,bf16,fp64,fp64,exact_index_order,7200,0.9853840417598807,0.008479948593155928,0.9926382211538461,0.9999999999999996,0.23557692307692307,0.22916666666666666,0.0007550542406311637,0.0,0.0011052867809547807,0.002115493289704402,0.35056179761886597,0.9514784216880798,0.349918469786644,0.0005026534199714661,0.0007896721363067627,0.0015182219084877613,0.0015699287462424124,0.004246373258804127,0.8972222222222223,-0.0010600611567497253,2.108930556584896,0.3318055555555556,0.0,0.0,0,0,0.0,pool=fp64_values_acc_fp64_valid_token_denominator,score=fp64_values_acc_fp64,select=exact_stable_sort_index_order_ties_at_float64
V0_FP64,40,0.8,reference_exact,exact selector on the same bf16 Q/K: how far deployed VSA already is from optimal,bf16,fp64,fp64,exact_index_order,7200,0.9940944127008475,0.004254357894565741,0.9970384615384615,0.9999999999999996,0.37019230769230765,0.34615384615384615,0.0011865138067061144,0.0,0.0007641732127031296,0.0008322675423859048,0.15797143429517746,0.9887937605381012,0.15788117796182632,0.00013931840658187866,0.00019805878400802612,0.0009347580276001337,0.0009946416913353014,0.002610886232865808,0.875,0.00033697858452796936,2.4187657093962245,0.5426388888888889,0.0,0.0,0,0,0.0,pool=fp64_values_acc_fp64_valid_token_denominator,score=fp64_values_acc_fp64,select=exact_stable_sort_index_order_ties_at_float64
V0_FP64,40,0.9,reference_exact,exact selector on the same bf16 Q/K: how far deployed VSA already is from optimal,bf16,fp64,fp64,exact_index_order,7200,0.9899268558123054,0.005686378589669805,0.9949379324379325,0.9999999999999996,0.3189102564102564,0.30288461538461536,0.0010221482577251809,0.0,0.0009835732842105576,0.0012858381282090802,0.2274802327156067,0.9785425961017609,0.22702962160110474,0.00027857720851898193,0.00044846534729003906,0.0013203712357850144,0.0013741062480371663,0.0038947949928636954,0.8936111111111111,0.00013508647680282593,0.4849157528751003,0.47375,0.0,0.0,0,0,0.0,pool=fp64_values_acc_fp64_valid_token_denominator,score=fp64_values_acc_fp64,select=exact_stable_sort_index_order_ties_at_float64
V0_FP64,40,0.95,reference_exact,exact selector on the same bf16 Q/K: how far deployed VSA already is from optimal,bf16,fp64,fp64,exact_index_order,7200,0.9853840417598807,0.007890671755375389,0.9926382211538461,0.9999999999999996,0.23557692307692307,0.22916666666666666,0.0007550542406311637,0.0,0.0011192791108179485,0.002158822001768223,0.2923439294099808,0.9668404161930084,0.29188767075538635,0.0004131495952606201,0.0007115481421351433,0.0014990026031382545,0.0015669978427327244,0.0047479511376647965,0.8808333333333334,-0.00010038912296295166,0.24298492389814613,0.4370833333333333,0.0,0.0,0,0,0.0,pool=fp64_values_acc_fp64_valid_token_denominator,score=fp64_values_acc_fp64,select=exact_stable_sort_index_order_ties_at_float64
V0_FP64,48,0.8,reference_exact,exact selector on the same bf16 Q/K: how far deployed VSA already is from optimal,bf16,fp64,fp64,exact_index_order,7200,0.9941199028505688,0.004356036256976892,0.997051282051282,0.9999999999999996,0.36858974358974356,0.34455128205128205,0.0011813773833004603,0.0,0.0007443265408543468,0.0008203869404046719,0.14049772918224335,0.9912151992321014,0.14028222858905792,0.0001234970986843109,0.00018419697880744934,0.0009701014060238702,0.0010151830382126052,0.0027213331016900594,0.8805555555555555,0.000547211617231369,4.430967391632228,0.58125,0.0,0.0,0,0,0.0,pool=fp64_values_acc_fp64_valid_token_denominator,score=fp64_values_acc_fp64,select=exact_stable_sort_index_order_ties_at_float64
V0_FP64,48,0.9,reference_exact,exact selector on the same bf16 Q/K: how far deployed VSA already is from optimal,bf16,fp64,fp64,exact_index_order,7200,0.9899268558123054,0.005686666318769906,0.9949379324379325,0.9999999999999996,0.3189102564102564,0.30288461538461536,0.0010221482577251809,0.0,0.0009521725976514469,0.0012563140557701779,0.20383216440677643,0.9828059673309326,0.2033066675066948,0.0002502836287021637,0.000380445271730423,0.0013323865991009055,0.0013813135745355943,0.004031802184758322,0.8854166666666666,0.00036617740988731384,1.4630497878990847,0.50875,0.0,0.0,0,0,0.0,pool=fp64_values_acc_fp64_valid_token_denominator,score=fp64_values_acc_fp64,select=exact_stable_sort_index_order_ties_at_float64
V0_FP64,48,0.95,reference_exact,exact selector on the same bf16 Q/K: how far deployed VSA already is from optimal,bf16,fp64,fp64,exact_index_order,7200,0.9856801909307876,0.0074000753388546725,0.9927884615384616,0.9999999999999996,0.23076923076923075,0.22435897435897437,0.0007396449704142012,0.0,0.001085642686184511,0.0021376999995817835,0.2581962049007416,0.9733390212059021,0.2576444298028946,0.0003479421138763428,0.0005694665014743805,0.001406250695337567,0.0014936641725772227,0.0042931529668925345,0.8693055555555556,0.0002552643418312073,0.7336402569593148,0.4775,0.0,0.0,0,0,0.0,pool=fp64_values_acc_fp64_valid_token_denominator,score=fp64_values_acc_fp64,select=exact_stable_sort_index_order_ties_at_float64
VA_FP8,0,0.8,intervention_a,"routing input quantized to FP8-E4M3, kernel arithmetic unchanged",fp8_e4m3,kernel,kernel,kernel,7200,0.9893645510539807,0.007094125143444208,0.9946538461538461,0.999955174962301,0.6682692307692307,0.5608974358974359,0.002141888560157791,0.0,0.0017137074826099792,0.0008702760592591352,0.24853218346834183,0.9716452956199646,0.24846188724040985,-1.2516975402832031e-06,0.0001505054533481598,-5.1050351415671755e-06,0.0003330312115678028,0.0011786482843248374,0.49666666666666665,-0.001448407769203186,1157.154761904762,0.1413888888888889,2.7143039460497675e-06,385.0,0,36,0.00013354700854700856,pool=kernel_fused_block_mean_bf16_read_fp32_acc_bf16_write,score=kernel_bf16_torch_matmul_acc_fp32_bf16_out,select=kernel_fused_topk_mask_fp32_bisect_index_order_ties
VA_FP8,0,0.9,intervention_a,"routing input quantized to FP8-E4M3, kernel arithmetic unchanged",fp8_e4m3,kernel,kernel,kernel,7200,0.9841518195124414,0.010101343203449242,0.992012617012617,0.999955174962301,0.5032051282051282,0.45032051282051283,0.0016128369493754108,0.0,0.0020141528330340974,0.0013249281927685229,0.3554344177246094,0.9456160366535187,0.3552883416414261,-1.2129545211791992e-05,0.00026324763894081116,-3.666590365843566e-05,0.00042434868270350577,0.0014759485336069667,0.4766666666666667,-0.0030170679092407227,248.73710073710075,0.12125,2.7143039460497675e-06,352.0,0,0,0.0,pool=kernel_fused_block_mean_bf16_read_fp32_acc_bf16_write,score=kernel_bf16_torch_matmul_acc_fp32_bf16_out,select=kernel_fused_topk_mask_fp32_bisect_index_order_ties
VA_FP8,0,0.95,intervention_a,"routing input quantized to FP8-E4M3, kernel arithmetic unchanged",fp8_e4m3,kernel,kernel,kernel,7200,0.9774212715389186,0.015933792719479145,0.9885817307692307,0.999955174962301,0.36538461538461536,0.34294871794871795,0.0011711045364891518,0.0,0.002214044240522384,0.002038701131499958,0.44469326734542847,0.9193115234375,0.44476231932640076,-2.069026231765747e-05,0.0004427805542945862,-4.866891479862034e-05,0.000528768681124027,0.0019220342704980807,0.4741666666666667,-0.005080118775367737,245.53186892329853,0.11611111111111111,2.7143039460497675e-06,303.0,0,0,0.0,pool=kernel_fused_block_mean_bf16_read_fp32_acc_bf16_write,score=kernel_bf16_torch_matmul_acc_fp32_bf16_out,select=kernel_fused_topk_mask_fp32_bisect_index_order_ties
VA_FP8,1,0.8,intervention_a,"routing input quantized to FP8-E4M3, kernel arithmetic unchanged",fp8_e4m3,kernel,kernel,kernel,7200,0.9899989794877029,0.005307856324347715,0.9949743589743589,0.9999584057746289,0.6282051282051282,0.5336538461538461,0.0020134779750164366,0.0,0.0015579160820122554,0.0008704715584485266,0.26099689304828644,0.9689297080039978,0.2610492706298828,-6.183981895446777e-07,0.00015876814723014832,-2.672452446671502e-06,0.00032912897658557395,0.0011189780904800207,0.4976388888888889,-0.001429285854101181,2311.2710843373493,0.1625,2.2496933524962515e-06,358.0,0,36,0.00013354700854700856,pool=kernel_fused_block_mean_bf16_read_fp32_acc_bf16_write,score=kernel_bf16_torch_matmul_acc_fp32_bf16_out,select=kernel_fused_topk_mask_fp32_bisect_index_order_ties
VA_FP8,1,0.9,intervention_a,"routing input quantized to FP8-E4M3, kernel arithmetic unchanged",fp8_e4m3,kernel,kernel,kernel,7200,0.9850535245404969,0.008961344950553785,0.9924704924704925,0.9999584057746289,0.47435897435897434,0.42948717948717946,0.0015203813280736359,0.0,0.0018326041877594233,0.0013159938831072454,0.3711821734905243,0.9409516453742981,0.37121522426605225,-3.209337592124939e-06,0.00026804767549037933,-9.772137606471554e-06,0.0004059099788521924,0.0014316194904423324,0.4911111111111111,-0.0031021013855934143,966.586186883343,0.13402777777777777,2.2496933524962515e-06,331.0,0,24,0.00013354700854700856,pool=kernel_fused_block_mean_bf16_read_fp32_acc_bf16_write,score=kernel_bf16_torch_matmul_acc_fp32_bf16_out,select=kernel_fused_topk_mask_fp32_bisect_index_order_ties
VA_FP8,1,0.95,intervention_a,"routing input quantized to FP8-E4M3, kernel arithmetic unchanged",fp8_e4m3,kernel,kernel,kernel,7200,0.978891036123086,0.013929640740539151,0.9893329326923077,0.9999584057746289,0.34134615384615385,0.32051282051282054,0.0010940581854043392,0.0,0.0020670109335516615,0.002021851801271911,0.4603462219238281,0.9134525060653687,0.4605793207883835,-6.191432476043701e-06,0.0004290752112865448,-1.5777269290237233e-05,0.0005280679652551589,0.0018040709307162131,0.48944444444444446,-0.005076318979263306,819.8941034897714,0.12861111111111112,2.2496933524962515e-06,282.0,0,0,0.0,pool=kernel_fused_block_mean_bf16_read_fp32_acc_bf16_write,score=kernel_bf16_torch_matmul_acc_fp32_bf16_out,select=kernel_fused_topk_mask_fp32_bisect_index_order_ties
VA_FP8,10,0.8,intervention_a,"routing input quantized to FP8-E4M3, kernel arithmetic unchanged",fp8_e4m3,kernel,kernel,kernel,7200,0.9914469904895641,0.0033031153057886398,0.9957051282051282,0.9999630088932432,0.5368589743589743,0.47596153846153844,0.0017207018408941486,0.0,0.0012372931176901226,0.0008283295900916512,0.234446682035923,0.9750803112983704,0.23449409008026123,1.8030405044555664e-06,0.000157112255692482,9.024496431961803e-06,0.00035784481962318265,0.0011257692895659268,0.5073611111111112,-0.0007793605327606201,432.24793388429754,0.29930555555555555,1.418284909959766e-06,315.0,0,60,0.00013354700854700856,pool=kernel_fused_block_mean_bf16_read_fp32_acc_bf16_write,score=kernel_bf16_torch_matmul_acc_fp32_bf16_out,select=kernel_fused_topk_mask_fp32_bisect_index_order_ties
VA_FP8,10,0.9,intervention_a,"routing input quantized to FP8-E4M3, kernel arithmetic unchanged",fp8_e4m3,kernel,kernel,kernel,7200,0.9873867273121303,0.00582304655235466,0.9936533374033374,0.9999630088932432,0.39983974358974356,0.3701923076923077,0.0012815376397107166,0.0,0.0014993064613081598,0.001280864905300533,0.32234303653240204,0.9554921686649323,0.32237114012241364,-3.0547380447387695e-06,0.0002532973885536194,-9.02280034528107e-06,0.0004167700607647225,0.001369258899514137,0.49277777777777776,-0.0018226057291030884,596.6487804878049,0.23944444444444443,1.418284909959766e-06,295.0,0,24,0.00013354700854700856,pool=kernel_fused_block_mean_bf16_read_fp32_acc_bf16_write,score=kernel_bf16_torch_matmul_acc_fp32_bf16_out,select=kernel_fused_topk_mask_fp32_bisect_index_order_ties
VA_FP8,10,0.95,intervention_a,"routing input quantized to FP8-E4M3, kernel arithmetic unchanged",fp8_e4m3,kernel,kernel,kernel,7200,0.9830180247281395,0.009245803924612161,0.9914362980769231,0.9999630088932432,0.2740384615384615,0.26282051282051283,0.0008783284023668639,0.0,0.0017117736607828384,0.0020630188934947793,0.3951028138399124,0.9369023144245148,0.39509396255016327,-9.179115295410156e-06,0.00037863850593566895,-2.8035329956618816e-05,0.0004960282257731397,0.0017072046260889519,0.4825,-0.002926647663116455,318.8376623376623,0.21388888888888888,1.418284909959766e-06,244.0,0,0,0.0,pool=kernel_fused_block_mean_bf16_read_fp32_acc_bf16_write,score=kernel_bf16_torch_matmul_acc_fp32_bf16_out,select=kernel_fused_topk_mask_fp32_bisect_index_order_ties
VA_FP8,25,0.8,intervention_a,"routing input quantized to FP8-E4M3, kernel arithmetic unchanged",fp8_e4m3,kernel,kernel,kernel,7200,0.991701244813278,0.002948448297616535,0.9958333333333333,0.9999595022048886,0.5208333333333334,0.46634615384615385,0.0016693376068376068,0.0,0.0011518150588965773,0.0008171052578908428,0.19045351445674896,0.9837127327919006,0.19045055657625198,-1.1194497346878052e-06,0.00015193596482276917,-5.419111976085777e-06,0.00041287568005285934,0.0013636909581329149,0.49583333333333335,-2.2232532501220703e-05,19.860232945091514,0.49972222222222223,1.0922424280579435e-06,300.0,0,120,0.00013354700854700856,pool=kernel_fused_block_mean_bf16_read_fp32_acc_bf16_write,score=kernel_bf16_torch_matmul_acc_fp32_bf16_out,select=kernel_fused_topk_mask_fp32_bisect_index_order_ties
VA_FP8,25,0.9,intervention_a,"routing input quantized to FP8-E4M3, kernel arithmetic unchanged",fp8_e4m3,kernel,kernel,kernel,7200,0.9880148676325571,0.004621543786256788,0.9939713064713065,0.9999595022048886,0.3798076923076923,0.3541666666666667,0.0012173323471400394,0.0,0.0014105387102116913,0.0012787789266221793,0.27481570839881897,0.968154639005661,0.2748807519674301,-1.8328428268432617e-06,0.0002618134021759033,-6.176896171442636e-06,0.0004825141239234577,0.0017801600576421868,0.4963888888888889,-0.0007028132677078247,383.4552845528455,0.42430555555555555,1.0922424280579435e-06,278.0,0,24,0.00013354700854700856,pool=kernel_fused_block_mean_bf16_read_fp32_acc_bf16_write,score=kernel_bf16_torch_matmul_acc_fp32_bf16_out,select=kernel_fused_topk_mask_fp32_bisect_index_order_ties
VA_FP8,25,0.95,intervention_a,"routing input quantized to FP8-E4M3, kernel arithmetic unchanged",fp8_e4m3,kernel,kernel,kernel,7200,0.9842003279177225,0.006895418791022623,0.9920372596153846,0.9999595022048886,0.2548076923076923,0.24519230769230768,0.0008166913214990139,0.0,0.001649800518324065,0.002115493289704402,0.3498714715242386,0.9516023695468903,0.349918469786644,1.862645149230957e-06,0.00039053335785865784,5.716465151249919e-06,0.0005643296541020309,0.002064921470335512,0.5026388888888889,-0.001437753438949585,771.888,0.37777777777777777,1.0922424280579435e-06,228.0,0,0,0.0,pool=kernel_fused_block_mean_bf16_read_fp32_acc_bf16_write,score=kernel_bf16_torch_matmul_acc_fp32_bf16_out,select=kernel_fused_topk_mask_fp32_bisect_index_order_ties
VA_FP8,40,0.8,intervention_a,"routing input quantized to FP8-E4M3, kernel arithmetic unchanged",fp8_e4m3,kernel,kernel,kernel,7200,0.9916503887548355,0.0026179181928066564,0.9958076923076923,0.9999573013656362,0.5240384615384616,0.46955128205128205,0.001679610453648915,0.0,0.0011874428162093986,0.0008322675423859048,0.1578269526362419,0.9888038337230682,0.15788117796182632,-6.034970283508301e-07,0.00013598985970020294,-3.589361578613629e-06,0.0004457054987459725,0.0016174892500925061,0.49694444444444447,0.0006615519523620605,1096.1975308641975,0.58875,1.0188828696300334e-06,304.5,0,12,0.00013354700854700856,pool=kernel_fused_block_mean_bf16_read_fp32_acc_bf16_write,score=kernel_bf16_torch_matmul_acc_fp32_bf16_out,select=kernel_fused_topk_mask_fp32_bisect_index_order_ties
VA_FP8,40,0.9,intervention_a,"routing input quantized to FP8-E4M3, kernel arithmetic unchanged",fp8_e4m3,kernel,kernel,kernel,7200,0.9876630599656183,0.004219029578645728,0.9937932437932437,0.9999573013656362,0.391025641025641,0.36378205128205127,0.0012532873109796186,0.0,0.001448110278289113,0.0012858381282090802,0.2269263118505478,0.9786218404769897,0.22702962160110474,-5.161389708518982e-06,0.0002334974706172943,-2.0442871786164714e-05,0.0005147440494820573,0.001955332974063199,0.48791666666666667,0.00012392550706863403,24.010104655359076,0.5102777777777778,1.0188828696300334e-06,282.0,0,36,0.00013354700854700856,pool=kernel_fused_block_mean_bf16_read_fp32_acc_bf16_write,score=kernel_bf16_torch_matmul_acc_fp32_bf16_out,select=kernel_fused_topk_mask_fp32_bisect_index_order_ties
VA_FP8,40,0.95,intervention_a,"routing input quantized to FP8-E4M3, kernel arithmetic unchanged",fp8_e4m3,kernel,kernel,kernel,7200,0.9842003279177225,0.0063050060283154075,0.9920372596153846,0.9999573013656362,0.2548076923076923,0.24519230769230768,0.0008166913214990139,0.0,0.0016659117691590888,0.002158822001768223,0.291766420006752,0.9669536352157593,0.29188767075538635,5.0067901611328125e-06,0.00032646581530570984,1.629692311321972e-05,0.0005653166194014513,0.0021887324138011805,0.5086111111111111,-0.000322192907333374,64.35119047619048,0.4752777777777778,1.0188828696300334e-06,228.0,0,0,0.0,pool=kernel_fused_block_mean_bf16_read_fp32_acc_bf16_write,score=kernel_bf16_torch_matmul_acc_fp32_bf16_out,select=kernel_fused_topk_mask_fp32_bisect_index_order_ties
VA_FP8,48,0.8,intervention_a,"routing input quantized to FP8-E4M3, kernel arithmetic unchanged",fp8_e4m3,kernel,kernel,kernel,7200,0.9913961474143763,0.0027981359812532247,0.9956794871794872,0.9999539190445651,0.5400641025641025,0.4807692307692308,0.001730974687705457,0.0,0.0011811266722310762,0.0008203869404046719,0.14031198620796204,0.9912307858467102,0.14028222858905792,-1.5124678611755371e-06,0.00012282095849514008,-9.57432776456086e-06,0.00046256712379546497,0.0016709829395858025,0.4940277777777778,0.0010797157883644104,713.8768472906404,0.62875,1.1900551726284903e-06,302.0,0,84,0.00013354700854700856,pool=kernel_fused_block_mean_bf16_read_fp32_acc_bf16_write,score=kernel_bf16_torch_matmul_acc_fp32_bf16_out,select=kernel_fused_topk_mask_fp32_bisect_index_order_ties
VA_FP8,48,0.9,intervention_a,"routing input quantized to FP8-E4M3, kernel arithmetic unchanged",fp8_e4m3,kernel,kernel,kernel,7200,0.9873616096253981,0.00426763812165154,0.9936406186406186,0.9999539190445651,0.4006410256410256,0.3733974358974359,0.0012841058514135436,0.0,0.0014135907624225758,0.0012563140557701779,0.20331434160470963,0.9828629195690155,0.2033066675066948,-3.8053840398788452e-06,0.0002024378627538681,-1.8357881104044022e-05,0.0005026148527739352,0.0019481421281095338,0.4886111111111111,0.0005331635475158691,140.1076847772883,0.5473611111111111,1.1900551726284903e-06,281.0,0,24,0.00013354700854700856,pool=kernel_fused_block_mean_bf16_read_fp32_acc_bf16_write,score=kernel_bf16_torch_matmul_acc_fp32_bf16_out,select=kernel_fused_topk_mask_fp32_bisect_index_order_ties
VA_FP8,48,0.95,intervention_a,"routing input quantized to FP8-E4M3, kernel arithmetic unchanged",fp8_e4m3,kernel,kernel,kernel,7200,0.9839046199701937,0.00600856215964074,0.9918870192307693,0.9999539190445651,0.2596153846153846,0.25,0.0008321005917159764,0.0,0.0016397581737682345,0.0021376999995817835,0.25759007036685944,0.9734431803226471,0.2576444298028946,4.954636096954346e-07,0.0002836063504219055,1.5791698322058967e-06,0.0005592149102562219,0.0022028710126435398,0.5009722222222223,0.0001511611044406891,305.09022556390977,0.5090277777777777,1.1900551726284903e-06,223.0,0,0,0.0,pool=kernel_fused_block_mean_bf16_read_fp32_acc_bf16_write,score=kernel_bf16_torch_matmul_acc_fp32_bf16_out,select=kernel_fused_topk_mask_fp32_bisect_index_order_ties
VA_NVFP4,0,0.8,intervention_a,"routing input quantized to NVFP4, kernel arithmetic unchanged",nvfp4,kernel,kernel,kernel,7200,0.9733097210802606,0.011018726602479711,0.986474358974359,0.9996449405983205,1.6907051282051282,0.905448717948718,0.005418926692965154,0.0,0.0047476229893886664,0.0008702760592591352,0.24852444231510162,0.971656858921051,0.24846188724040985,-1.9252300262451172e-05,0.00045774132013320923,-7.820320050904427e-05,0.0009540221073783466,0.004542020705106646,0.4747222222222222,-0.0033610761165618896,174.58049535603715,0.14430555555555555,0.08894763514399529,387.0,0,12,0.00013354700854700856,pool=kernel_fused_block_mean_bf16_read_fp32_acc_bf16_write,score=kernel_bf16_torch_matmul_acc_fp32_bf16_out,select=kernel_fused_topk_mask_fp32_bisect_index_order_ties
VA_NVFP4,0,0.9,intervention_a,"routing input quantized to NVFP4, kernel arithmetic unchanged",nvfp4,kernel,kernel,kernel,7200,0.9626070242879609,0.0185275429650692,0.9809472934472935,0.9996449405983205,1.2003205128205128,0.8060897435897436,0.003847181130834977,0.0,0.00459595549685694,0.0013249281927685229,0.35344409942626953,0.9458301067352295,0.3552883416414261,-1.5914440155029297e-05,0.000697702169418335,-6.558250996036382e-05,0.0010664316396848347,0.005397361821606303,0.4831944444444444,-0.006478890776634216,407.10767790262173,0.12361111111111112,0.08894763514399529,353.0,0,0,0.0,pool=kernel_fused_block_mean_bf16_read_fp32_acc_bf16_write,score=kernel_bf16_torch_matmul_acc_fp32_bf16_out,select=kernel_fused_topk_mask_fp32_bisect_index_order_ties
VA_NVFP4,0,0.95,intervention_a,"routing input quantized to NVFP4, kernel arithmetic unchanged",nvfp4,kernel,kernel,kernel,7200,0.949238578680203,0.0265808680481594,0.9739583333333334,0.9996449405983205,0.8333333333333333,0.6602564102564102,0.002670940170940171,0.0,0.004467561563059396,0.002038701131499958,0.44479861855506897,0.9192662239074707,0.44476231932640076,-1.3232231140136719e-05,0.0010738968849182129,-2.1342223124620126e-05,0.0012074496993496752,0.005546520548490344,0.49277777777777776,-0.011080831289291382,837.4121621621622,0.11638888888888889,0.08894763514399529,301.0,0,0,0.0,pool=kernel_fused_block_mean_bf16_read_fp32_acc_bf16_write,score=kernel_bf16_torch_matmul_acc_fp32_bf16_out,select=kernel_fused_topk_mask_fp32_bisect_index_order_ties
VA_NVFP4,1,0.8,intervention_a,"routing input quantized to NVFP4, kernel arithmetic unchanged",nvfp4,kernel,kernel,kernel,7200,0.9748835325096212,0.009838517329253338,0.9872820512820513,0.9996724329267435,1.5897435897435896,0.8862179487179487,0.005095332018408941,0.0,0.004454409098607748,0.0008704715584485266,0.26115167140960693,0.9689372479915619,0.2610492706298828,-3.4652650356292725e-05,0.0004508979618549347,-0.00013663116002697194,0.0009313012500481747,0.003993903344532696,0.4577777777777778,-0.003419242799282074,98.67189851644808,0.16847222222222222,0.0885845273733139,358.0,0,36,0.00013354700854700856,pool=kernel_fused_block_mean_bf16_read_fp32_acc_bf16_write,score=kernel_bf16_torch_matmul_acc_fp32_bf16_out,select=kernel_fused_topk_mask_fp32_bisect_index_order_ties
VA_NVFP4,1,0.9,intervention_a,"routing input quantized to NVFP4, kernel arithmetic unchanged",nvfp4,kernel,kernel,kernel,7200,0.9647158778549653,0.016182506257251483,0.982041107041107,0.9996724329267435,1.1314102564102564,0.7836538461538461,0.0036263149243918476,0.0,0.004324553718719071,0.0013159938831072454,0.37096504867076874,0.9409023225307465,0.37121522426605225,-3.0040740966796875e-05,0.0007108226418495178,-9.527221062512604e-05,0.0010686401908060468,0.005074583999378398,0.47625,-0.0070762038230896,235.55357142857142,0.13958333333333334,0.0885845273733139,331.0,0,0,0.0,pool=kernel_fused_block_mean_bf16_read_fp32_acc_bf16_write,score=kernel_bf16_torch_matmul_acc_fp32_bf16_out,select=kernel_fused_topk_mask_fp32_bisect_index_order_ties
VA_NVFP4,1,0.95,intervention_a,"routing input quantized to NVFP4, kernel arithmetic unchanged",nvfp4,kernel,kernel,kernel,7200,0.9519061583577713,0.025315853339360928,0.9753605769230769,0.9996724329267435,0.7884615384615384,0.6362179487179487,0.002527120315581854,0.0,0.00418227217976818,0.002021851801271911,0.46014994382858276,0.9134648144245148,0.4605793207883835,-4.632771015167236e-05,0.001043654978275299,-0.00011577358950013293,0.0011824611217213464,0.0054071616245494735,0.47347222222222224,-0.011453017592430115,247.2174332582824,0.12305555555555556,0.0885845273733139,283.0,0,0,0.0,pool=kernel_fused_block_mean_bf16_read_fp32_acc_bf16_write,score=kernel_bf16_torch_matmul_acc_fp32_bf16_out,select=kernel_fused_topk_mask_fp32_bisect_index_order_ties
VA_NVFP4,10,0.8,intervention_a,"routing input quantized to NVFP4, kernel arithmetic unchanged",nvfp4,kernel,kernel,kernel,7200,0.9781139444352865,0.007767261230688827,0.9889358974358974,0.9997157678418306,1.3830128205128205,0.8493589743589743,0.004432733399079553,0.0,0.0036471567731309884,0.0008283295900916512,0.23444412648677826,0.9750289022922516,0.23449409008026123,-2.9653310775756836e-05,0.000405382364988327,-0.0001327663365631174,0.0009100404197941441,0.003687638240028045,0.45819444444444446,-0.0019766464829444885,66.65854271356784,0.3084722222222222,0.08784649893641472,315.0,0,60,0.00013354700854700856,pool=kernel_fused_block_mean_bf16_read_fp32_acc_bf16_write,score=kernel_bf16_torch_matmul_acc_fp32_bf16_out,select=kernel_fused_topk_mask_fp32_bisect_index_order_ties
VA_NVFP4,10,0.9,intervention_a,"routing input quantized to NVFP4, kernel arithmetic unchanged",nvfp4,kernel,kernel,kernel,7200,0.9697857948139798,0.011542937499687711,0.9846611721611722,0.9997157678418306,0.9663461538461539,0.7211538461538461,0.0030972633136094677,0.0,0.0035116959329633242,0.001280864905300533,0.32245326042175293,0.9555011987686157,0.32237114012241364,-3.056228160858154e-05,0.0006216950714588165,-9.216780477742194e-05,0.0009788759008156167,0.004286874919900381,0.4756944444444444,-0.004437759518623352,145.20380302291565,0.24847222222222223,0.08784649893641472,295.0,0,0,0.0,pool=kernel_fused_block_mean_bf16_read_fp32_acc_bf16_write,score=kernel_bf16_torch_matmul_acc_fp32_bf16_out,select=kernel_fused_topk_mask_fp32_bisect_index_order_ties
VA_NVFP4,10,0.95,intervention_a,"routing input quantized to NVFP4, kernel arithmetic unchanged",nvfp4,kernel,kernel,kernel,7200,0.9609152509083767,0.017195420900949276,0.9800681089743589,0.9997157678418306,0.6378205128205128,0.547275641025641,0.0020442965154503618,0.0,0.003398993819601003,0.0020630188934947793,0.39479947090148926,0.9369273781776428,0.39509396255016327,-2.09808349609375e-05,0.0008261166512966156,-5.179015793104013e-05,0.0010387081853082064,0.004448402667048316,0.48430555555555554,-0.0068658143281936646,327.2421875,0.21916666666666668,0.08784649893641472,244.0,0,12,0.00013354700854700856,pool=kernel_fused_block_mean_bf16_read_fp32_acc_bf16_write,score=kernel_bf16_torch_matmul_acc_fp32_bf16_out,select=kernel_fused_topk_mask_fp32_bisect_index_order_ties
VA_NVFP4,25,0.8,intervention_a,"routing input quantized to NVFP4, kernel arithmetic unchanged",nvfp4,kernel,kernel,kernel,7200,0.9785404459325774,0.006746896056416429,0.9891538461538462,0.9996811064696346,1.3557692307692306,0.8461538461538461,0.004345414201183432,0.0,0.0035076852841589403,0.0008171052578908428,0.19032522290945053,0.9837028086185455,0.19045055657625198,-4.7713518142700195e-05,0.0004253275692462921,-0.000256764455573485,0.0011014744836411253,0.004937399118359866,0.42694444444444446,5.4582953453063965e-05,1.1439725171767645,0.5079166666666667,0.08728744089603424,298.0,0,36,0.00013354700854700856,pool=kernel_fused_block_mean_bf16_read_fp32_acc_bf16_write,score=kernel_bf16_torch_matmul_acc_fp32_bf16_out,select=kernel_fused_topk_mask_fp32_bisect_index_order_ties
VA_NVFP4,25,0.9,intervention_a,"routing input quantized to NVFP4, kernel arithmetic unchanged",nvfp4,kernel,kernel,kernel,7200,0.9714651086983777,0.010268884219540975,0.985526048026048,0.9996811064696346,0.9118589743589743,0.7003205128205128,0.0029226249178172254,0.0,0.0033085585021480485,0.0012787789266221793,0.2748428136110306,0.9682003855705261,0.2748807519674301,-2.1651387214660645e-05,0.0006438605487346649,-7.038833969445467e-05,0.001135839447053776,0.005899283933128646,0.48,-0.0016197264194488525,74.8093599449415,0.42916666666666664,0.08728744089603424,279.0,0,12,0.00013354700854700856,pool=kernel_fused_block_mean_bf16_read_fp32_acc_bf16_write,score=kernel_bf16_torch_matmul_acc_fp32_bf16_out,select=kernel_fused_topk_mask_fp32_bisect_index_order_ties
VA_NVFP4,25,0.95,intervention_a,"routing input quantized to NVFP4, kernel arithmetic unchanged",nvfp4,kernel,kernel,kernel,7200,0.9639045979837718,0.013044771256316645,0.981620592948718,0.9996811064696346,0.5881410256410257,0.5160256410256411,0.0018850673898750821,0.0,0.0031609838762311215,0.002115493289704402,0.3494021147489548,0.951615035533905,0.349918469786644,2.1889805793762207e-05,0.0008490011096000671,5.4936060813192715e-05,0.0011924784801836449,0.005788259726969804,0.5119444444444444,-0.003325238823890686,151.90810074880872,0.37666666666666665,0.08728744089603424,229.0,0,0,0.0,pool=kernel_fused_block_mean_bf16_read_fp32_acc_bf16_write,score=kernel_bf16_torch_matmul_acc_fp32_bf16_out,select=kernel_fused_topk_mask_fp32_bisect_index_order_ties
VA_NVFP4,40,0.8,intervention_a,"routing input quantized to NVFP4, kernel arithmetic unchanged",nvfp4,kernel,kernel,kernel,7200,0.9784400760938491,0.006319147828066196,0.9891025641025641,0.9996672511119334,1.3621794871794872,0.8493589743589743,0.004365959894806049,0.0,0.0036031389525071757,0.0008322675423859048,0.15782733261585236,0.9888313114643097,0.15788117796182632,-3.8504600524902344e-05,0.000393599271774292,-0.00023932580334452415,0.0012771252787234766,0.0060303321327817615,0.4434722222222222,0.0020584315061569214,53.4593653250774,0.6047222222222223,0.08730776235461235,304.0,0,48,0.00013354700854700856,pool=kernel_fused_block_mean_bf16_read_fp32_acc_bf16_write,score=kernel_bf16_torch_matmul_acc_fp32_bf16_out,select=kernel_fused_topk_mask_fp32_bisect_index_order_ties
VA_NVFP4,40,0.9,intervention_a,"routing input quantized to NVFP4, kernel arithmetic unchanged",nvfp4,kernel,kernel,kernel,7200,0.9709708956907573,0.009820860074335025,0.9852716727716728,0.9996672511119334,0.9278846153846153,0.7083333333333334,0.0029739891518737673,0.0,0.0034002038451276884,0.0012858381282090802,0.22696035355329514,0.9786092042922974,0.22702962160110474,-1.8075108528137207e-05,0.000584382563829422,-7.373245633116478e-05,0.0012712699051296483,0.007484074546284499,0.48125,0.00043579190969467163,24.110057708161584,0.5183333333333333,0.08730776235461235,281.0,0,0,0.0,pool=kernel_fused_block_mean_bf16_read_fp32_acc_bf16_write,score=kernel_bf16_torch_matmul_acc_fp32_bf16_out,select=kernel_fused_topk_mask_fp32_bisect_index_order_ties
VA_NVFP4,40,0.95,intervention_a,"routing input quantized to NVFP4, kernel arithmetic unchanged",nvfp4,kernel,kernel,kernel,7200,0.9642909842113029,0.012155734124884576,0.9818209134615384,0.9996672511119334,0.5817307692307692,0.5144230769230769,0.0018645216962524655,0.0,0.0032186956693267673,0.002158822001768223,0.29163768887519836,0.9669331312179565,0.29188767075538635,3.118440508842468e-05,0.0007111504673957825,0.00010050347818614561,0.0012041171106779353,0.006697914794535141,0.5251388888888889,-0.0005709081888198853,18.307490144546648,0.4772222222222222,0.08730776235461235,228.0,0,0,0.0,pool=kernel_fused_block_mean_bf16_read_fp32_acc_bf16_write,score=kernel_bf16_torch_matmul_acc_fp32_bf16_out,select=kernel_fused_topk_mask_fp32_bisect_index_order_ties
VA_NVFP4,48,0.8,intervention_a,"routing input quantized to NVFP4, kernel arithmetic unchanged",nvfp4,kernel,kernel,kernel,7200,0.9776625549878931,0.007094926459994322,0.9887051282051282,0.9996361603983681,1.4118589743589742,0.8605769230769231,0.004525189020381328,0.0,0.0036743038607374877,0.0008203869404046719,0.1401536837220192,0.9912293553352356,0.14028222858905792,-1.86040997505188e-05,0.0003613363951444626,-0.00013592066517903125,0.0013019212808183225,0.0061995438575361324,0.4652777777777778,0.0031411349773406982,168.84100921105326,0.6615277777777778,0.08737103268504143,300.0,0,60,0.00013354700854700856,pool=kernel_fused_block_mean_bf16_read_fp32_acc_bf16_write,score=kernel_bf16_torch_matmul_acc_fp32_bf16_out,select=kernel_fused_topk_mask_fp32_bisect_index_order_ties
VA_NVFP4,48,0.9,intervention_a,"routing input quantized to NVFP4, kernel arithmetic unchanged",nvfp4,kernel,kernel,kernel,7200,0.9695390781563126,0.01079274772735439,0.9845339845339846,0.9996361603983681,0.9743589743589743,0.7291666666666666,0.0031229454306377384,0.0,0.003478263025658553,0.0012563140557701779,0.2032713070511818,0.9828629791736603,0.2033066675066948,1.2118369340896606e-05,0.0005187243223190308,5.431816490612442e-05,0.0012618376868674844,0.0076886025157416275,0.5144444444444445,0.0016551390290260315,136.58100215185982,0.5558333333333333,0.08737103268504143,280.0,0,24,0.00013354700854700856,pool=kernel_fused_block_mean_bf16_read_fp32_acc_bf16_write,score=kernel_bf16_torch_matmul_acc_fp32_bf16_out,select=kernel_fused_topk_mask_fp32_bisect_index_order_ties
VA_NVFP4,48,0.95,intervention_a,"routing input quantized to NVFP4, kernel arithmetic unchanged",nvfp4,kernel,kernel,kernel,7200,0.9630357845064884,0.012746019514465634,0.9811698717948718,0.9996361603983681,0.6025641025641025,0.5272435897435898,0.0019312952005259697,0.0,0.0032784017238071204,0.0021376999995817835,0.25773176550865173,0.9734610915184021,0.2576444298028946,4.8454850912094116e-05,0.000618327409029007,0.00017431963216739326,0.0011648682475600346,0.006751904163290703,0.5469444444444445,0.00064888596534729,13.391558391635273,0.5156944444444445,0.08737103268504143,224.0,0,0,0.0,pool=kernel_fused_block_mean_bf16_read_fp32_acc_bf16_write,score=kernel_bf16_torch_matmul_acc_fp32_bf16_out,select=kernel_fused_topk_mask_fp32_bisect_index_order_ties
VA_NVFP4_VB_FP64,0,0.8,intervention_ab,the H3 question at VSA's interface: can exact arithmetic rescue a quantized routing input?,nvfp4,fp64,fp64,exact_index_order,7200,0.9733346826220052,0.011019841020947885,0.9864871794871795,0.9996614846799698,1.689102564102564,0.905448717948718,0.0054137902695595005,0.0,0.004048948570577941,0.0008702760592591352,0.24893004447221756,0.9714975953102112,0.24846188724040985,0.00024137645959854126,0.0006892643868923187,0.0009944363175693823,0.0014592383073165779,0.005932516598331987,0.7361111111111112,-0.0033624693751335144,13.930394789641015,0.14458333333333334,0.08894763514399529,0.0,0,0,0.0,pool=fp64_values_acc_fp64_valid_token_denominator,score=fp64_values_acc_fp64,select=exact_stable_sort_index_order_ties_at_float64
VA_NVFP4_VB_FP64,0,0.9,intervention_ab,the H3 question at VSA's interface: can exact arithmetic rescue a quantized routing input?,nvfp4,fp64,fp64,exact_index_order,7200,0.9626560159760359,0.018687708712666562,0.980972730972731,0.9996614846799698,1.1987179487179487,0.8060897435897436,0.0038420447074293228,0.0,0.0039224194718885,0.0013249281927685229,0.3552270233631134,0.945475310087204,0.3552883416414261,0.0004824399948120117,0.0013601183891296387,0.0014665618283596017,0.001995937468557311,0.008184805349112225,0.7805555555555556,-0.006495252251625061,13.463337039782555,0.1213888888888889,0.08894763514399529,0.0,0,0,0.0,pool=fp64_values_acc_fp64_valid_token_denominator,score=fp64_values_acc_fp64,select=exact_stable_sort_index_order_ties_at_float64
VA_NVFP4_VB_FP64,0,0.95,intervention_ab,the H3 question at VSA's interface: can exact arithmetic rescue a quantized routing input?,nvfp4,fp64,fp64,exact_index_order,7200,0.9490483162518302,0.02685652320854326,0.9738581730769231,0.9996614846799698,0.8365384615384616,0.6634615384615384,0.002681213017751479,0.0,0.00373823237615163,0.002038701131499958,0.4460761845111847,0.9187974333763123,0.44476231932640076,0.0007750988006591797,0.0018537938594818115,0.0017875297031883148,0.0022912044878041007,0.009214638477320982,0.7951388888888888,-0.011024504899978638,14.22335435250692,0.11583333333333333,0.08894763514399529,0.0,0,0,0.0,pool=fp64_values_acc_fp64_valid_token_denominator,score=fp64_values_acc_fp64,select=exact_stable_sort_index_order_ties_at_float64
VA_NVFP4_VB_FP64,1,0.8,intervention_ab,the H3 question at VSA's interface: can exact arithmetic rescue a quantized routing input?,nvfp4,fp64,fp64,exact_index_order,7200,0.9749835418038183,0.009845538695076761,0.9873333333333333,0.9996753642424989,1.5833333333333333,0.8862179487179487,0.005074786324786325,0.0,0.0038998451389612716,0.0008704715584485266,0.2612677961587906,0.9688390791416168,0.2610492706298828,0.00022454559803009033,0.0006646066904067993,0.000898722040301766,0.0013584416747928923,0.0053640374773882265,0.7193055555555555,-0.0033882111310958862,15.08918972725463,0.1688888888888889,0.0885845273733139,0.0,0,0,0.0,pool=fp64_values_acc_fp64_valid_token_denominator,score=fp64_values_acc_fp64,select=exact_stable_sort_index_order_ties_at_float64
VA_NVFP4_VB_FP64,1,0.9,intervention_ab,the H3 question at VSA's interface: can exact arithmetic rescue a quantized routing input?,nvfp4,fp64,fp64,exact_index_order,7200,0.9647649748856736,0.01626755007015368,0.9820665445665445,0.9996753642424989,1.1298076923076923,0.7836538461538461,0.003621178500986193,0.0,0.0037152796284807546,0.0013159938831072454,0.3719720095396042,0.9406414031982422,0.37121522426605225,0.00046871602535247803,0.001238219439983368,0.00134243706981036,0.0017504602088861307,0.007376181849794004,0.7740277777777778,-0.007085099816322327,15.115975202670482,0.1363888888888889,0.0885845273733139,0.0,0,0,0.0,pool=fp64_values_acc_fp64_valid_token_denominator,score=fp64_values_acc_fp64,select=exact_stable_sort_index_order_ties_at_float64
VA_NVFP4_VB_FP64,1,0.95,intervention_ab,the H3 question at VSA's interface: can exact arithmetic rescue a quantized routing input?,nvfp4,fp64,fp64,exact_index_order,7200,0.9516199970678786,0.02550123438044183,0.9752103365384616,0.9996753642424989,0.7932692307692307,0.6410256410256411,0.0025425295857988165,0.0,0.0035070933297225116,0.002021851801271911,0.4618128836154938,0.9131324589252472,0.4605793207883835,0.0006683319807052612,0.0016526281833648682,0.0015365186491861347,0.0019724352149991706,0.008044462850709446,0.7863888888888889,-0.011454850435256958,17.13946177342757,0.12194444444444444,0.0885845273733139,0.0,0,0,0.0,pool=fp64_values_acc_fp64_valid_token_denominator,score=fp64_values_acc_fp64,select=exact_stable_sort_index_order_ties_at_float64
VA_NVFP4_VB_FP64,10,0.8,intervention_ab,the H3 question at VSA's interface: can exact arithmetic rescue a quantized routing input?,nvfp4,fp64,fp64,exact_index_order,7200,0.9781891960436216,0.007792810903919922,0.9889743589743589,0.9997171521749261,1.3782051282051282,0.8493589743589743,0.00441732412886259,0.0,0.00329877762808589,0.0008283295900916512,0.23472750931978226,0.9749889075756073,0.23449409008026123,0.00017046183347702026,0.0005417913198471069,0.0007504078914482408,0.0012839085667228367,0.004505738359923595,0.6859722222222222,-0.0019464045763015747,11.418418637178199,0.30236111111111114,0.08784649893641472,0.0,0,0,0.0,pool=fp64_values_acc_fp64_valid_token_denominator,score=fp64_values_acc_fp64,select=exact_stable_sort_index_order_ties_at_float64
VA_NVFP4_VB_FP64,10,0.9,intervention_ab,the H3 question at VSA's interface: can exact arithmetic rescue a quantized routing input?,nvfp4,fp64,fp64,exact_index_order,7200,0.9697364465377293,0.011580112442205914,0.9846357346357346,0.9997171521749261,0.967948717948718,0.7227564102564102,0.0031023997370151217,0.0,0.003035301739889827,0.001280864905300533,0.32291798293590546,0.9553028345108032,0.32237114012241364,0.00035236775875091553,0.0009193196892738342,0.0011468181385275202,0.0015319103094451761,0.0057998553764414635,0.7508333333333334,-0.004355385899543762,12.36034169239227,0.23402777777777778,0.08784649893641472,0.0,0,0,0.0,pool=fp64_values_acc_fp64_valid_token_denominator,score=fp64_values_acc_fp64,select=exact_stable_sort_index_order_ties_at_float64
VA_NVFP4_VB_FP64,10,0.95,intervention_ab,the H3 question at VSA's interface: can exact arithmetic rescue a quantized routing input?,nvfp4,fp64,fp64,exact_index_order,7200,0.9606264421424714,0.01738244044489312,0.9799178685897436,0.9997171521749261,0.6426282051282051,0.5512820512820513,0.002059705785667324,0.0,0.002855727131448992,0.0020630188934947793,0.395405113697052,0.9367555677890778,0.39509396255016327,0.0004796236753463745,0.0011858940124511719,0.001265279447355166,0.0016630490282608964,0.006166963747804084,0.7630555555555556,-0.006809636950492859,14.197874918445335,0.20458333333333334,0.08784649893641472,0.0,0,0,0.0,pool=fp64_values_acc_fp64_valid_token_denominator,score=fp64_values_acc_fp64,select=exact_stable_sort_index_order_ties_at_float64
VA_NVFP4_VB_FP64,25,0.8,intervention_ab,the H3 question at VSA's interface: can exact arithmetic rescue a quantized routing input?,nvfp4,fp64,fp64,exact_index_order,7200,0.9785906346709959,0.006722240691688919,0.9891794871794872,0.9996843777800992,1.3525641025641024,0.8461538461538461,0.0043351413543721235,0.0,0.0031966819633618745,0.0008171052578908428,0.1905905082821846,0.9836848080158234,0.19045055657625198,0.0001238398253917694,0.0004844777286052704,0.0006304274243672792,0.001388228592380992,0.005200881383584571,0.6476388888888889,3.7375837564468384e-05,0.30180789940739405,0.49125,0.08728744089603424,0.0,0,0,0.0,pool=fp64_values_acc_fp64_valid_token_denominator,score=fp64_values_acc_fp64,select=exact_stable_sort_index_order_ties_at_float64
VA_NVFP4_VB_FP64,25,0.9,intervention_ab,the H3 question at VSA's interface: can exact arithmetic rescue a quantized routing input?,nvfp4,fp64,fp64,exact_index_order,7200,0.9713662462703407,0.010281162158712998,0.985475172975173,0.9996843777800992,0.9150641025641025,0.7019230769230769,0.002932897764628534,0.0,0.002881711586927019,0.0012787789266221793,0.27533893287181854,0.9681062698364258,0.2748807519674301,0.0003309100866317749,0.0008221901953220367,0.0011618098481962547,0.0016638501386824387,0.006877242409930694,0.7327777777777778,-0.0016051381826400757,4.8506777142342505,0.40791666666666665,0.08728744089603424,0.0,0,0,0.0,pool=fp64_values_acc_fp64_valid_token_denominator,score=fp64_values_acc_fp64,select=exact_stable_sort_index_order_ties_at_float64
VA_NVFP4_VB_FP64,25,0.95,intervention_ab,the H3 question at VSA's interface: can exact arithmetic rescue a quantized routing input?,nvfp4,fp64,fp64,exact_index_order,7200,0.9636149080538893,0.013112760601611928,0.9814703525641025,0.9996843777800992,0.592948717948718,0.5224358974358975,0.0019004766600920447,0.0,0.002651455447345618,0.002115493289704402,0.35007497668266296,0.9514236450195312,0.349918469786644,0.0005281120538711548,0.0011552758514881134,0.0015032706987233356,0.0019624789449992066,0.006979825460558942,0.7713888888888889,-0.00319710373878479,6.053835952710138,0.35347222222222224,0.08728744089603424,0.0,0,0,0.0,pool=fp64_values_acc_fp64_valid_token_denominator,score=fp64_values_acc_fp64,select=exact_stable_sort_index_order_ties_at_float64
VA_NVFP4_VB_FP64,40,0.8,intervention_ab,the H3 question at VSA's interface: can exact arithmetic rescue a quantized routing input?,nvfp4,fp64,fp64,exact_index_order,7200,0.9784902597402597,0.0063446261350200706,0.9891282051282051,0.9996696220410242,1.358974358974359,0.8493589743589743,0.004355687047994741,0.0,0.003274003970804327,0.0008322675423859048,0.1579209864139557,0.9887977242469788,0.15788117796182632,0.00010403245687484741,0.00043720565736293793,0.0006400447694197586,0.001488084988453322,0.0064051166515971675,0.6405555555555555,0.0020491182804107666,19.69691327078708,0.5911111111111111,0.08730776235461235,0.0,0,0,0.0,pool=fp64_values_acc_fp64_valid_token_denominator,score=fp64_values_acc_fp64,select=exact_stable_sort_index_order_ties_at_float64
VA_NVFP4_VB_FP64,40,0.9,intervention_ab,the H3 question at VSA's interface: can exact arithmetic rescue a quantized routing input?,nvfp4,fp64,fp64,exact_index_order,7200,0.9709214880176477,0.009722156754750855,0.9852462352462352,0.9996696220410242,0.9294871794871794,0.7115384615384616,0.0029791255752794213,0.0,0.002962061123703813,0.0012858381282090802,0.2273852601647377,0.9785343408584595,0.22702962160110474,0.0002618730068206787,0.0007248185575008392,0.0011153381837569493,0.0017886122772014464,0.008142691302747068,0.7208333333333333,0.000571519136428833,2.182428587686355,0.5061111111111111,0.08730776235461235,0.0,0,0,0.0,pool=fp64_values_acc_fp64_valid_token_denominator,score=fp64_values_acc_fp64,select=exact_stable_sort_index_order_ties_at_float64
VA_NVFP4_VB_FP64,40,0.95,intervention_ab,the H3 question at VSA's interface: can exact arithmetic rescue a quantized routing input?,nvfp4,fp64,fp64,exact_index_order,7200,0.9639045979837718,0.012150955881759407,0.981620592948718,0.9996696220410242,0.5881410256410257,0.5192307692307693,0.0018850673898750821,0.0,0.002713906709660143,0.002158822001768223,0.29228316247463226,0.9668117165565491,0.29188767075538635,0.00045508891344070435,0.0010131262242794037,0.0015719474391363624,0.00206466793848218,0.008085137610038748,0.7819444444444444,-0.0005851686000823975,1.2858335652657946,0.46125,0.08730776235461235,0.0,0,0,0.0,pool=fp64_values_acc_fp64_valid_token_denominator,score=fp64_values_acc_fp64,select=exact_stable_sort_index_order_ties_at_float64
VA_NVFP4_VB_FP64,48,0.8,intervention_ab,the H3 question at VSA's interface: can exact arithmetic rescue a quantized routing input?,nvfp4,fp64,fp64,exact_index_order,7200,0.9776750908813705,0.007095286086579722,0.9887115384615385,0.9996401784724924,1.411057692307692,0.8605769230769231,0.004522620808678501,0.0,0.0033779892329395705,0.0008203869404046719,0.14020787924528122,0.9912113845348358,0.14028222858905792,0.00010889768600463867,0.0004114210605621338,0.0007795732233485242,0.0016730272121840179,0.006396313593895006,0.6472222222222223,0.003081277012825012,28.295155993431855,0.6402777777777777,0.08737103268504143,0.0,0,0,0.0,pool=fp64_values_acc_fp64_valid_token_denominator,score=fp64_values_acc_fp64,select=exact_stable_sort_index_order_ties_at_float64
VA_NVFP4_VB_FP64,48,0.9,intervention_ab,the H3 question at VSA's interface: can exact arithmetic rescue a quantized routing input?,nvfp4,fp64,fp64,exact_index_order,7200,0.9695884165435006,0.010792207329355485,0.984559422059422,0.9996401784724924,0.9727564102564102,0.7307692307692307,0.0031178090072320843,0.0,0.0030752734625108997,0.0012563140557701779,0.20356380939483643,0.982814222574234,0.2033066675066948,0.00025659799575805664,0.0006655864417552948,0.0012608847457177856,0.0018982751150986034,0.008325576570517672,0.7281944444444445,0.0016564428806304932,6.455400696864111,0.5436111111111112,0.08737103268504143,0.0,0,0,0.0,pool=fp64_values_acc_fp64_valid_token_denominator,score=fp64_values_acc_fp64,select=exact_stable_sort_index_order_ties_at_float64
VA_NVFP4_VB_FP64,48,0.95,intervention_ab,the H3 question at VSA's interface: can exact arithmetic rescue a quantized routing input?,nvfp4,fp64,fp64,exact_index_order,7200,0.9627463508133878,0.012621359527793308,0.9810196314102564,0.9996401784724924,0.6073717948717948,0.532051282051282,0.0019467044707429323,0.0,0.002800572039925792,0.0021376999995817835,0.25810055434703827,0.9733501970767975,0.2576444298028946,0.00038260966539382935,0.0008566007018089294,0.001464334041887017,0.0019725928640420575,0.007964484065271185,0.7673611111111112,0.000760544091463089,1.9877806554631667,0.49833333333333335,0.08737103268504143,0.0,0,0,0.0,pool=fp64_values_acc_fp64_valid_token_denominator,score=fp64_values_acc_fp64,select=exact_stable_sort_index_order_ties_at_float64
VB_BF16_LOW,0,0.8,intervention_b,selector arithmetic lowered to true bf16 accumulation,bf16,bf16_low,bf16_low,kernel,7200,0.9706424799777671,0.025188307413985922,0.9851025641025641,0.9997628407989806,1.8621794871794872,0.9278846153846154,0.005968523997370152,0.0,0.005488838126822545,0.0008702760592591352,0.24802665412425995,0.9717942476272583,0.24846188724040985,-8.52346420288086e-05,0.0003531593829393387,-0.0004287496063470097,0.000719992460307835,0.0029801308347572565,0.31555555555555553,-0.004170581698417664,48.930594405594405,0.15777777777777777,0.0,383.0,0,144,0.00013354700854700856,pool=bf16_values_sequential_acc_bf16_valid_token_denominator,score=bf16_values_sequential_rank1_acc_bf16,select=kernel_fused_topk_mask_fp32_bisect_index_order_ties
VB_BF16_LOW,0,0.9,intervention_b,selector arithmetic lowered to true bf16 accumulation,bf16,bf16_low,bf16_low,kernel,7200,0.9523241954707986,0.03727193857070721,0.9755799755799756,0.9997628407989806,1.5384615384615383,0.8862179487179487,0.004930966469428008,0.0,0.006339293547495257,0.0013249281927685229,0.3547862023115158,0.9457953870296478,0.3552883416414261,-0.00017090141773223877,0.0006780382245779037,-0.0005708816490682297,0.0009392557469716043,0.004325039126105838,0.2906944444444444,-0.009119704365730286,53.362368122765716,0.12930555555555556,0.0,351.0,0,60,0.00013354700854700856,pool=bf16_values_sequential_acc_bf16_valid_token_denominator,score=bf16_values_sequential_rank1_acc_bf16,select=kernel_fused_topk_mask_fp32_bisect_index_order_ties
VB_BF16_LOW,0,0.95,intervention_b,selector arithmetic lowered to true bf16 accumulation,bf16,bf16_low,bf16_low,kernel,7200,0.9303944315545244,0.05456473880116042,0.9639423076923077,0.9997628407989806,1.1538461538461537,0.7964743589743589,0.0036982248520710057,0.0,0.006692907453163288,0.002038701131499958,0.4444291740655899,0.9194060266017914,0.44476231932640076,-0.00028981268405914307,0.0012062937021255493,-0.0007356501184278071,0.0012733642328640192,0.0047214794422602135,0.3233333333333333,-0.015432782471179962,53.250886935060926,0.1226388888888889,0.0,301.0,0,24,0.00013354700854700856,pool=bf16_values_sequential_acc_bf16_valid_token_denominator,score=bf16_values_sequential_rank1_acc_bf16,select=kernel_fused_topk_mask_fp32_bisect_index_order_ties
VB_BF16_LOW,1,0.8,intervention_b,selector arithmetic lowered to true bf16 accumulation,bf16,bf16_low,bf16_low,kernel,7200,0.9735843327766813,0.021036962567964834,0.9866153846153846,0.9997996063640939,1.6730769230769231,0.9022435897435898,0.005362426035502958,0.0,0.00491473187649803,0.0008704715584485266,0.2608947455883026,0.9689638614654541,0.2610492706298828,-7.45430588722229e-05,0.0003232872113585472,-0.0003162069454736192,0.0006438917482018985,0.002498648473870918,0.34625,-0.0037660598754882812,50.52193903048476,0.1815277777777778,0.0,358.0,0,348,0.0002670940170940171,pool=bf16_values_sequential_acc_bf16_valid_token_denominator,score=bf16_values_sequential_rank1_acc_bf16,select=kernel_fused_topk_mask_fp32_bisect_index_order_ties
VB_BF16_LOW,1,0.9,intervention_b,selector arithmetic lowered to true bf16 accumulation,bf16,bf16_low,bf16_low,kernel,7200,0.9564535795157638,0.03241158396345156,0.9777421652421653,0.9997996063640939,1.4022435897435896,0.8605769230769231,0.004494370479947403,0.0,0.005783369275462337,0.0013159938831072454,0.37075309455394745,0.9411447644233704,0.37121522426605225,-0.00013957731425762177,0.0005979835987091064,-0.00043841912223837324,0.000827448046876217,0.003468345048593583,0.3372222222222222,-0.008837610483169556,63.316954694068194,0.14930555555555555,0.0,331.0,0,72,0.00013354700854700856,pool=bf16_values_sequential_acc_bf16_valid_token_denominator,score=bf16_values_sequential_rank1_acc_bf16,select=kernel_fused_topk_mask_fp32_bisect_index_order_ties
VB_BF16_LOW,1,0.95,intervention_b,selector arithmetic lowered to true bf16 accumulation,bf16,bf16_low,bf16_low,kernel,7200,0.9358216190014542,0.04731330180528337,0.9668469551282052,0.9997996063640939,1.060897435897436,0.7644230769230769,0.003400312294543064,0.0,0.006150810901119262,0.002021851801271911,0.4599984884262085,0.9134427607059479,0.4605793207883835,-0.00025960803031921387,0.0010241717100143433,-0.0006214733453036752,0.0011465389900731356,0.004220381432277462,0.3351388888888889,-0.015163779258728027,58.410285845482726,0.13416666666666666,0.0,284.0,0,108,0.00013354700854700856,pool=bf16_values_sequential_acc_bf16_valid_token_denominator,score=bf16_values_sequential_rank1_acc_bf16,select=kernel_fused_topk_mask_fp32_bisect_index_order_ties
VB_BF16_LOW,10,0.8,intervention_b,selector arithmetic lowered to true bf16 accumulation,bf16,bf16_low,bf16_low,kernel,7200,0.9777879202799331,0.013236262277393496,0.9887692307692307,0.9998515851901831,1.4038461538461537,0.8573717948717948,0.004499506903353058,0.0,0.003903119777899649,0.0008283295900916512,0.23436182737350464,0.9750868678092957,0.23449409008026123,-4.080682992935181e-05,0.00026191771030426025,-0.00018355284340474228,0.0005970730939583358,0.0020220487916816107,0.4106944444444444,-0.0019070804119110107,46.7343436187694,0.32166666666666666,0.0,315.0,0,264,0.0002670940170940171,pool=bf16_values_sequential_acc_bf16_valid_token_denominator,score=bf16_values_sequential_rank1_acc_bf16,select=kernel_fused_topk_mask_fp32_bisect_index_order_ties
VB_BF16_LOW,10,0.9,intervention_b,selector arithmetic lowered to true bf16 accumulation,bf16,bf16_low,bf16_low,kernel,7200,0.9627295084001933,0.02087312372289829,0.9810108872608873,0.9998515851901831,1.1963141025641026,0.8060897435897436,0.0038343400723208415,0.0,0.00472749463522971,0.001280864905300533,0.3222077786922455,0.95549476146698,0.32237114012241364,-8.480250835418701e-05,0.00046962499618530273,-0.00027902063019220213,0.0007736293917358487,0.002690747712423484,0.39055555555555554,-0.005035892128944397,59.38376383763838,0.25430555555555556,0.0,296.0,0,96,0.0002670940170940171,pool=bf16_values_sequential_acc_bf16_valid_token_denominator,score=bf16_values_sequential_rank1_acc_bf16,select=kernel_fused_topk_mask_fp32_bisect_index_order_ties
VB_BF16_LOW,10,0.95,intervention_b,selector arithmetic lowered to true bf16 accumulation,bf16,bf16_low,bf16_low,kernel,7200,0.9461039910335753,0.03178291738679706,0.9723056891025641,0.9998515851901831,0.8862179487179487,0.6875,0.0028404421433267588,0.0,0.00510870617135701,0.0020630188934947793,0.3948499858379364,0.937010258436203,0.39509396255016327,-0.00011902302503585815,0.000742591917514801,-0.00033641466783969044,0.0009892408662529593,0.0034978095945181996,0.4077777777777778,-0.008853629231452942,74.38585289514867,0.22875,0.0,243.0,0,60,0.00013354700854700856,pool=bf16_values_sequential_acc_bf16_valid_token_denominator,score=bf16_values_sequential_rank1_acc_bf16,select=kernel_fused_topk_mask_fp32_bisect_index_order_ties
VB_BF16_LOW,25,0.8,intervention_b,selector arithmetic lowered to true bf16 accumulation,bf16,bf16_low,bf16_low,kernel,7200,0.978891820580475,0.010748789047663965,0.9893333333333333,0.9998512697159382,1.3333333333333333,0.842948717948718,0.004273504273504274,0.0,0.0036561236588274594,0.0008171052578908428,0.19033613055944443,0.9837324023246765,0.19045055657625198,-2.9772520065307617e-05,0.0002545211464166641,-0.00015426949506686474,0.0006878800566108693,0.00248256731632174,0.43027777777777776,0.0004260540008544922,14.31031031031031,0.52875,0.0,299.0,0,432,0.00040064102564102563,pool=bf16_values_sequential_acc_bf16_valid_token_denominator,score=bf16_values_sequential_rank1_acc_bf16,select=kernel_fused_topk_mask_fp32_bisect_index_order_ties
VB_BF16_LOW,25,0.9,intervention_b,selector arithmetic lowered to true bf16 accumulation,bf16,bf16_low,bf16_low,kernel,7200,0.9644704295030357,0.016319402090453905,0.9819139194139194,0.9998512697159382,1.1394230769230769,0.7916666666666666,0.0036519970414201183,0.0,0.004490399363659192,0.0012787789266221793,0.27470602095127106,0.9681461751461029,0.2748807519674301,-4.589557647705078e-05,0.0004780329763889313,-0.00016276061369232224,0.000862690194375773,0.0032912857008424454,0.4463888888888889,-0.001437254250049591,31.315746753246753,0.45180555555555557,0.0,278.0,0,36,0.00013354700854700856,pool=bf16_values_sequential_acc_bf16_valid_token_denominator,score=bf16_values_sequential_rank1_acc_bf16,select=kernel_fused_topk_mask_fp32_bisect_index_order_ties
VB_BF16_LOW,25,0.95,intervention_b,selector arithmetic lowered to true bf16 accumulation,bf16,bf16_low,bf16_low,kernel,7200,0.9497143973050822,0.02461233122190254,0.9742087339743589,0.9998512697159382,0.8253205128205128,0.6618589743589743,0.0026452580539119003,0.0,0.0048443531431756415,0.002115493289704402,0.3501075655221939,0.9516193866729736,0.349918469786644,-6.0945749282836914e-05,0.0007402375340461731,-0.00017667434411568835,0.0010847875365661034,0.0038845847002691404,0.45444444444444443,-0.0035323500633239746,57.95892420537897,0.40791666666666665,0.0,229.0,0,48,0.00013354700854700856,pool=bf16_values_sequential_acc_bf16_valid_token_denominator,score=bf16_values_sequential_rank1_acc_bf16,select=kernel_fused_topk_mask_fp32_bisect_index_order_ties
VB_BF16_LOW,40,0.8,intervention_b,selector arithmetic lowered to true bf16 accumulation,bf16,bf16_low,bf16_low,kernel,7200,0.9786157299950534,0.010178866431663991,0.9891923076923077,0.9998454326398578,1.3509615384615383,0.8477564102564102,0.00433000493096647,0.0,0.003730896929115839,0.0008322675423859048,0.15776894986629486,0.9888283908367157,0.15788117796182632,-2.1126121282577515e-05,0.00023370422422885895,-0.00013904550874432528,0.0007658301717719123,0.003101433317674082,0.4490277777777778,0.002486538141965866,117.69970022923647,0.6209722222222223,0.0,305.0,0,732,0.0006677350427350427,pool=bf16_values_sequential_acc_bf16_valid_token_denominator,score=bf16_values_sequential_rank1_acc_bf16,select=kernel_fused_topk_mask_fp32_bisect_index_order_ties
VB_BF16_LOW,40,0.9,intervention_b,selector arithmetic lowered to true bf16 accumulation,bf16,bf16_low,bf16_low,kernel,7200,0.9642250424702709,0.014652376125805833,0.9817867317867318,0.9998454326398578,1.1474358974358974,0.7980769230769231,0.003677679158448389,0.0,0.004553112036645428,0.0012858381282090802,0.22708629071712494,0.978613942861557,0.22702962160110474,-3.270059823989868e-05,0.0004334133118391037,-0.000135029309112315,0.0009208777398011899,0.004004137038375208,0.45694444444444443,0.0012110210955142975,37.03360674413306,0.5390277777777778,0.0,281.0,0,108,0.00013354700854700856,pool=bf16_values_sequential_acc_bf16_valid_token_denominator,score=bf16_values_sequential_rank1_acc_bf16,select=kernel_fused_topk_mask_fp32_bisect_index_order_ties
VB_BF16_LOW,40,0.95,intervention_b,selector arithmetic lowered to true bf16 accumulation,bf16,bf16_low,bf16_low,kernel,7200,0.9502856863798408,0.022851318523401054,0.9745092147435898,0.9998454326398578,0.8157051282051282,0.6586538461538461,0.002614439513477975,0.0,0.004875019885660395,0.002158822001768223,0.29195691645145416,0.9669158458709717,0.29188767075538635,4.753470420837402e-06,0.0006420835852622986,1.5901395524182568e-05,0.0011051992601891886,0.0047120938313978105,0.5041666666666667,0.0003041699528694153,63.989028213166144,0.5058333333333334,0.0,228.0,0,96,0.0002670940170940171,pool=bf16_values_sequential_acc_bf16_valid_token_denominator,score=bf16_values_sequential_rank1_acc_bf16,select=kernel_fused_topk_mask_fp32_bisect_index_order_ties
VB_BF16_LOW,48,0.8,intervention_b,selector arithmetic lowered to true bf16 accumulation,bf16,bf16_low,bf16_low,kernel,7200,0.9784400760938491,0.010344749519394902,0.9891025641025641,0.9998332897482023,1.3621794871794872,0.8509615384615384,0.004365959894806049,0.0,0.003694230165241684,0.0008203869404046719,0.14035003632307053,0.9912306368350983,0.14028222858905792,-1.7948448657989502e-05,0.00021960027515888214,-0.00013334004356066408,0.0008094417449572394,0.003227390534879555,0.44819444444444445,0.0033978819847106934,189.31340805313408,0.6658333333333334,0.0,301.0,0,876,0.0005341880341880342,pool=bf16_values_sequential_acc_bf16_valid_token_denominator,score=bf16_values_sequential_rank1_acc_bf16,select=kernel_fused_topk_mask_fp32_bisect_index_order_ties
VB_BF16_LOW,48,0.9,intervention_b,selector arithmetic lowered to true bf16 accumulation,bf16,bf16_low,bf16_low,kernel,7200,0.9646176911544228,0.014065007762326887,0.9819902319902319,0.9998332897482023,1.1346153846153846,0.7948717948717948,0.0036365877712031557,0.0,0.004428843243145427,0.0012563140557701779,0.20331710577011108,0.982860654592514,0.2033066675066948,-1.2427568435668945e-05,0.00038716942071914673,-5.885957591808163e-05,0.0009280981205347272,0.004142360221572288,0.4781944444444444,0.0022373273968696594,180.02937649880096,0.5706944444444444,0.0,281.0,0,144,0.0002670940170940171,pool=bf16_values_sequential_acc_bf16_valid_token_denominator,score=bf16_values_sequential_rank1_acc_bf16,select=kernel_fused_topk_mask_fp32_bisect_index_order_ties
VB_BF16_LOW,48,0.95,intervention_b,selector arithmetic lowered to true bf16 accumulation,bf16,bf16_low,bf16_low,kernel,7200,0.9514292694844857,0.020759451220995206,0.9751101762820513,0.9998332897482023,0.7964743589743589,0.6506410256410257,0.002552802432610125,0.0,0.004754209425784559,0.0021376999995817835,0.25758472084999084,0.9734848737716675,0.2576444298028946,1.2509524822235107e-05,0.000535767525434494,4.5286279925139085e-05,0.0010417635514729975,0.004628598561054779,0.5120833333333333,0.0015017539262771606,120.04883859440143,0.5365277777777778,0.0,225.0,0,36,0.00013354700854700856,pool=bf16_values_sequential_acc_bf16_valid_token_denominator,score=bf16_values_sequential_rank1_acc_bf16,select=kernel_fused_topk_mask_fp32_bisect_index_order_ties
VB_FP32,0,0.8,intervention_b,selector arithmetic raised to fp32,bf16,fp32,fp32,exact_index_order,7200,0.9912944690519652,0.008962517977389672,0.9956282051282052,0.999999999287661,0.5464743589743589,0.4775641025641026,0.0017515203813280736,0.0,0.001275255318037536,0.0008702760592591352,0.2490069568157196,0.9714876413345337,0.24846188724040985,0.00022292137145996094,0.000575631856918335,0.0009864008726374767,0.0010115193981391987,0.00403889311027047,0.8893055555555556,-0.0011803656816482544,5.294986631016043,0.13708333333333333,0.0,0.0,0,0,0.0,pool=fp32_values_acc_fp32_valid_token_denominator,score=fp32_values_acc_fp32_tf32_disabled,select=exact_stable_sort_index_order_ties_at_float32
VB_FP32,0,0.9,intervention_b,selector arithmetic raised to fp32,bf16,fp32,fp32,exact_index_order,7200,0.9858055716919657,0.012876753935876173,0.9928520553520553,0.999999999287661,0.45032051282051283,0.40705128205128205,0.001443334976988823,0.0,0.0015229791669274398,0.0013249281927685229,0.3560304194688797,0.945440948009491,0.3552883416414261,0.00046782195568084717,0.001272398978471756,0.0013814519183662035,0.0013964988564103852,0.006121436193709638,0.9119444444444444,-0.0027063488960266113,5.784997611084568,0.11833333333333333,0.0,0.0,0,0,0.0,pool=fp32_values_acc_fp32_valid_token_denominator,score=fp32_values_acc_fp32_tf32_disabled,select=exact_stable_sort_index_order_ties_at_float32
VB_FP32,0,0.95,intervention_b,selector arithmetic raised to fp32,bf16,fp32,fp32,exact_index_order,7200,0.9782048741826828,0.018695040041598943,0.9889823717948718,0.999999999287661,0.35256410256410253,0.328525641025641,0.0011300131492439185,0.0,0.0016234029049760693,0.002038701131499958,0.44581839442253113,0.9187822341918945,0.44476231932640076,0.0008077621459960938,0.0016134977340698242,0.0018267423095216463,0.0018562731028484453,0.0065310196176758374,0.9265277777777777,-0.004540950059890747,5.621642561983471,0.11458333333333333,0.0,0.0,0,0,0.0,pool=fp32_values_acc_fp32_valid_token_denominator,score=fp32_values_acc_fp32_tf32_disabled,select=exact_stable_sort_index_order_ties_at_float32
VB_FP32,1,0.8,intervention_b,selector arithmetic raised to fp32,bf16,fp32,fp32,exact_index_order,7200,0.992260832918279,0.007118234995499462,0.9961153846153846,0.999999999386597,0.4855769230769231,0.43189102564102566,0.001556336291913215,0.0,0.0011170138728867904,0.0008704715584485266,0.2612750232219696,0.9687973856925964,0.2610492706298828,0.00021933019161224365,0.000508233904838562,0.0008828476747057653,0.0009222597626617197,0.0034057716741359837,0.9015277777777778,-0.0010462179780006409,4.770059107276309,0.15763888888888888,0.0,0.0,0,0,0.0,pool=fp32_values_acc_fp32_valid_token_denominator,score=fp32_values_acc_fp32_tf32_disabled,select=exact_stable_sort_index_order_ties_at_float32
VB_FP32,1,0.9,intervention_b,selector arithmetic raised to fp32,bf16,fp32,fp32,exact_index_order,7200,0.987010033106725,0.01068670128341398,0.993462555962556,0.999999999386597,0.41185897435897434,0.3766025641025641,0.001320060815253123,0.0,0.0013336677550004408,0.0013159938831072454,0.37206272780895233,0.9406343698501587,0.37121522426605225,0.00048482418060302734,0.0010887980461120605,0.001304438002877571,0.001329280894565273,0.005295240751038979,0.9154166666666667,-0.0026091933250427246,5.381731005655274,0.1322222222222222,0.0,0.0,0,0,0.0,pool=fp32_values_acc_fp32_valid_token_denominator,score=fp32_values_acc_fp32_tf32_disabled,select=exact_stable_sort_index_order_ties_at_float32
VB_FP32,1,0.95,intervention_b,selector arithmetic raised to fp32,bf16,fp32,fp32,exact_index_order,7200,0.9802647890117518,0.016180499395433978,0.9900340544871795,0.999999999386597,0.3189102564102564,0.30128205128205127,0.0010221482577251809,0.0,0.00145029579957405,0.002021851801271911,0.4615774601697922,0.9130401611328125,0.4605793207883835,0.0007475167512893677,0.0014248043298721313,0.0016322694304516214,0.0016912752925531127,0.005756215243083382,0.9148611111111111,-0.0045013427734375,6.02172829662115,0.12013888888888889,0.0,0.0,0,0,0.0,pool=fp32_values_acc_fp32_valid_token_denominator,score=fp32_values_acc_fp32_tf32_disabled,select=exact_stable_sort_index_order_ties_at_float32
VB_FP32,10,0.8,intervention_b,selector arithmetic raised to fp32,bf16,fp32,fp32,exact_index_order,7200,0.9937121386396749,0.004863526635105919,0.9968461538461538,0.9999999994657458,0.3942307692307692,0.36378205128205127,0.001263560157790927,0.0,0.0008240650567739722,0.0008283295900916512,0.23483451455831528,0.9750326871871948,0.23449409008026123,0.00017324835062026978,0.00032049231231212616,0.0007795863602446382,0.0008212131324805455,0.0025570394876639354,0.8801388888888889,-0.0005386844277381897,3.1093192276265427,0.26611111111111113,0.0,0.0,0,0,0.0,pool=fp32_values_acc_fp32_valid_token_denominator,score=fp32_values_acc_fp32_tf32_disabled,select=exact_stable_sort_index_order_ties_at_float32
VB_FP32,10,0.9,intervention_b,selector arithmetic raised to fp32,bf16,fp32,fp32,exact_index_order,7200,0.9891716844608612,0.007240688050240696,0.9945563695563695,0.9999999994657458,0.34294871794871795,0.32211538461538464,0.0010991946088099935,0.0,0.001048756423053636,0.001280864905300533,0.32293881475925446,0.9553361237049103,0.32237114012241364,0.0003450661897659302,0.0006675254553556442,0.0011540232115000077,0.001196705385902667,0.0035875205219518583,0.8908333333333334,-0.0015432089567184448,4.4722114263505635,0.21416666666666667,0.0,0.0,0,0,0.0,pool=fp32_values_acc_fp32_valid_token_denominator,score=fp32_values_acc_fp32_tf32_disabled,select=exact_stable_sort_index_order_ties_at_float32
VB_FP32,10,0.95,intervention_b,selector arithmetic raised to fp32,bf16,fp32,fp32,exact_index_order,7200,0.9840031794922748,0.010731334834364281,0.9919370993589743,0.9999999994657458,0.2580128205128205,0.2483974358974359,0.0008269641683103222,0.0,0.0011771381593711169,0.0020630188934947793,0.3955621123313904,0.9366528987884521,0.39509396255016327,0.00048076361417770386,0.0008778870105743408,0.0012677652062333966,0.0013344762084080489,0.0040105860016767915,0.8856944444444445,-0.0026342570781707764,5.479318734793187,0.19666666666666666,0.0,0.0,0,0,0.0,pool=fp32_values_acc_fp32_valid_token_denominator,score=fp32_values_acc_fp32_tf32_disabled,select=exact_stable_sort_index_order_ties_at_float32
VB_FP32,25,0.8,intervention_b,selector arithmetic raised to fp32,bf16,fp32,fp32,exact_index_order,7200,0.9942473633748802,0.004406871544598068,0.9971153846153846,0.9999999994855328,0.3605769230769231,0.33814102564102566,0.0011556952662721894,0.0,0.0007468011660225303,0.0008171052578908428,0.19071584194898605,0.9836758971214294,0.19045055657625198,0.00016283243894577026,0.0002429317682981491,0.0009000660685057934,0.0009216309575574371,0.002546350911773962,0.8956944444444445,-3.9774924516677856e-05,0.24426904598490048,0.4444444444444444,0.0,0.0,0,0,0.0,pool=fp32_values_acc_fp32_valid_token_denominator,score=fp32_values_acc_fp32_tf32_disabled,select=exact_stable_sort_index_order_ties_at_float32
VB_FP32,25,0.9,intervention_b,selector arithmetic raised to fp32,bf16,fp32,fp32,exact_index_order,7200,0.9900275886506872,0.006051405857276704,0.9949888074888075,0.9999999994855328,0.3157051282051282,0.29967948717948717,0.0010118754109138726,0.0,0.0009713608207694797,0.0012787789266221793,0.2754002511501312,0.9680313467979431,0.2748807519674301,0.00034796446561813354,0.000531759113073349,0.0013618487178358304,0.001394172505822571,0.003775831287646405,0.9065277777777778,-0.000460013747215271,1.3220135751450657,0.37666666666666665,0.0,0.0,0,0,0.0,pool=fp32_values_acc_fp32_valid_token_denominator,score=fp32_values_acc_fp32_tf32_disabled,select=exact_stable_sort_index_order_ties_at_float32
VB_FP32,25,0.95,intervention_b,selector arithmetic raised to fp32,bf16,fp32,fp32,exact_index_order,7200,0.9853840417598807,0.008479948593155928,0.9926382211538461,0.9999999994855328,0.23557692307692307,0.22916666666666666,0.0007550542406311637,0.0,0.0011052867809547807,0.002115493289704402,0.35056179761886597,0.9514784216880798,0.349918469786644,0.0005026534199714661,0.0007896721363067627,0.0015182219084877613,0.0015699287462424124,0.004246373258804127,0.8972222222222223,-0.0010158419609069824,2.020959015785963,0.32666666666666666,0.0,0.0,0,0,0.0,pool=fp32_values_acc_fp32_valid_token_denominator,score=fp32_values_acc_fp32_tf32_disabled,select=exact_stable_sort_index_order_ties_at_float32
VB_FP32,40,0.8,intervention_b,selector arithmetic raised to fp32,bf16,fp32,fp32,exact_index_order,7200,0.9940944127008475,0.004254357894565741,0.9970384615384615,0.9999999994855328,0.37019230769230765,0.34615384615384615,0.0011865138067061144,0.0,0.0007641732127031296,0.0008322675423859048,0.15797143429517746,0.9887937605381012,0.15788117796182632,0.00013931840658187866,0.00019805878400802612,0.0009347580276001337,0.0009946416913353014,0.002610886232865808,0.875,0.00030415505170822144,2.1831648751270123,0.5373611111111111,0.0,0.0,0,0,0.0,pool=fp32_values_acc_fp32_valid_token_denominator,score=fp32_values_acc_fp32_tf32_disabled,select=exact_stable_sort_index_order_ties_at_float32
VB_FP32,40,0.9,intervention_b,selector arithmetic raised to fp32,bf16,fp32,fp32,exact_index_order,7200,0.9899268558123054,0.005686378589669805,0.9949379324379325,0.9999999994855328,0.3189102564102564,0.30288461538461536,0.0010221482577251809,0.0,0.0009835732842105576,0.0012858381282090802,0.2274802327156067,0.9785425961017609,0.22702962160110474,0.0002786964178085327,0.00044846534729003906,0.0013203712357850144,0.0013741062480371663,0.0038947949928636954,0.8936111111111111,0.0001103430986404419,0.3959257873068492,0.47583333333333333,0.0,0.0,0,0,0.0,pool=fp32_values_acc_fp32_valid_token_denominator,score=fp32_values_acc_fp32_tf32_disabled,select=exact_stable_sort_index_order_ties_at_float32
VB_FP32,40,0.95,intervention_b,selector arithmetic raised to fp32,bf16,fp32,fp32,exact_index_order,7200,0.9853840417598807,0.007890671755375389,0.9926382211538461,0.9999999994855328,0.23557692307692307,0.22916666666666666,0.0007550542406311637,0.0,0.0011192791108179485,0.002158822001768223,0.2923439294099808,0.9668404161930084,0.29188767075538635,0.0004131495952606201,0.000711183063685894,0.0014990026031382545,0.0015669978427327244,0.0047479511376647965,0.8808333333333334,-0.00014638900756835938,0.35432446079492175,0.4340277777777778,0.0,0.0,0,0,0.0,pool=fp32_values_acc_fp32_valid_token_denominator,score=fp32_values_acc_fp32_tf32_disabled,select=exact_stable_sort_index_order_ties_at_float32
VB_FP32,48,0.8,intervention_b,selector arithmetic raised to fp32,bf16,fp32,fp32,exact_index_order,7200,0.9941199028505688,0.004356036256976892,0.997051282051282,0.9999999994657456,0.36858974358974356,0.34455128205128205,0.0011813773833004603,0.0,0.0007443265408543468,0.0008203869404046719,0.14049772918224335,0.9912151992321014,0.14028222858905792,0.00012348592281341553,0.00018419697880744934,0.0009701014060238702,0.001015209052292053,0.0027213331016900594,0.8805555555555555,0.0005317032337188721,4.30578013756486,0.5820833333333333,0.0,0.0,0,0,0.0,pool=fp32_values_acc_fp32_valid_token_denominator,score=fp32_values_acc_fp32_tf32_disabled,select=exact_stable_sort_index_order_ties_at_float32
VB_FP32,48,0.9,intervention_b,selector arithmetic raised to fp32,bf16,fp32,fp32,exact_index_order,7200,0.9899268558123054,0.005686666318769906,0.9949379324379325,0.9999999994657456,0.3189102564102564,0.30288461538461536,0.0010221482577251809,0.0,0.0009521725976514469,0.0012563140557701779,0.20383216440677643,0.9828059673309326,0.2033066675066948,0.0002502836287021637,0.000380445271730423,0.0013323865991009055,0.0013813135745355943,0.004031802184758322,0.8854166666666666,0.00032416731119155884,1.2951998213887028,0.5005555555555555,0.0,0.0,0,0,0.0,pool=fp32_values_acc_fp32_valid_token_denominator,score=fp32_values_acc_fp32_tf32_disabled,select=exact_stable_sort_index_order_ties_at_float32
VB_FP32,48,0.95,intervention_b,selector arithmetic raised to fp32,bf16,fp32,fp32,exact_index_order,7200,0.9856801909307876,0.0074000753388546725,0.9927884615384616,0.9999999994657456,0.23076923076923075,0.22435897435897437,0.0007396449704142012,0.0,0.0010859450676320463,0.0021376999995817835,0.2581962049007416,0.9733390212059021,0.2576444298028946,0.0003475993871688843,0.000569123774766922,0.001406250695337567,0.0014936641725772227,0.0042931529668925345,0.8691666666666666,0.000275932252407074,0.7938226089938698,0.4738888888888889,0.0,0.0,0,0,0.0,pool=fp32_values_acc_fp32_valid_token_denominator,score=fp32_values_acc_fp32_tf32_disabled,select=exact_stable_sort_index_order_ties_at_float32
VC_GATE_NVFP4,0,0.8,non_routing_control,gate_compress quantized to NVFP4; must NOT change the mask (falsifies the gate map if it does),bf16,kernel,kernel,kernel,7200,1.0,0.0,1.0,0.9999855164824776,0.0,0.0,0.0,1.0,,0.0008702760592591352,0.24846188724040985,0.9716616272926331,0.24846188724040985,0.0,0.0,0.0,0.0,0.0,0.0,0.0,,0.0,0.0,388.0,0,48,0.00013354700854700856,pool=kernel_fused_block_mean_bf16_read_fp32_acc_bf16_write,score=kernel_bf16_torch_matmul_acc_fp32_bf16_out,select=kernel_fused_topk_mask_fp32_bisect_index_order_ties
VC_GATE_NVFP4,0,0.9,non_routing_control,gate_compress quantized to NVFP4; must NOT change the mask (falsifies the gate map if it does),bf16,kernel,kernel,kernel,7200,1.0,0.0,1.0,0.9999855164824776,0.0,0.0,0.0,1.0,,0.0013249281927685229,0.3552883416414261,0.9455949366092682,0.3552883416414261,0.0,0.0,0.0,0.0,0.0,0.0,0.0,,0.0,0.0,352.0,0,12,0.00013354700854700856,pool=kernel_fused_block_mean_bf16_read_fp32_acc_bf16_write,score=kernel_bf16_torch_matmul_acc_fp32_bf16_out,select=kernel_fused_topk_mask_fp32_bisect_index_order_ties
VC_GATE_NVFP4,0,0.95,non_routing_control,gate_compress quantized to NVFP4; must NOT change the mask (falsifies the gate map if it does),bf16,kernel,kernel,kernel,7200,1.0,0.0,1.0,0.9999855164824776,0.0,0.0,0.0,1.0,,0.002038701131499958,0.44476231932640076,0.9193120002746582,0.44476231932640076,0.0,0.0,0.0,0.0,0.0,0.0,0.0,,0.0,0.0,301.0,0,0,0.0,pool=kernel_fused_block_mean_bf16_read_fp32_acc_bf16_write,score=kernel_bf16_torch_matmul_acc_fp32_bf16_out,select=kernel_fused_topk_mask_fp32_bisect_index_order_ties
VC_GATE_NVFP4,1,0.8,non_routing_control,gate_compress quantized to NVFP4; must NOT change the mask (falsifies the gate map if it does),bf16,kernel,kernel,kernel,7200,1.0,0.0,1.0,0.9999880028374546,0.0,0.0,0.0,1.0,,0.0008704715584485266,0.2610492706298828,0.9689241349697113,0.2610492706298828,0.0,0.0,0.0,0.0,0.0,0.0,0.0,,0.0,0.0,358.0,0,96,0.00013354700854700856,pool=kernel_fused_block_mean_bf16_read_fp32_acc_bf16_write,score=kernel_bf16_torch_matmul_acc_fp32_bf16_out,select=kernel_fused_topk_mask_fp32_bisect_index_order_ties
VC_GATE_NVFP4,1,0.9,non_routing_control,gate_compress quantized to NVFP4; must NOT change the mask (falsifies the gate map if it does),bf16,kernel,kernel,kernel,7200,1.0,0.0,1.0,0.9999880028374546,0.0,0.0,0.0,1.0,,0.0013159938831072454,0.37121522426605225,0.9409266710281372,0.37121522426605225,0.0,0.0,0.0,0.0,0.0,0.0,0.0,,0.0,0.0,331.0,0,24,0.00013354700854700856,pool=kernel_fused_block_mean_bf16_read_fp32_acc_bf16_write,score=kernel_bf16_torch_matmul_acc_fp32_bf16_out,select=kernel_fused_topk_mask_fp32_bisect_index_order_ties
VC_GATE_NVFP4,1,0.95,non_routing_control,gate_compress quantized to NVFP4; must NOT change the mask (falsifies the gate map if it does),bf16,kernel,kernel,kernel,7200,1.0,0.0,1.0,0.9999880028374546,0.0,0.0,0.0,1.0,,0.002021851801271911,0.4605793207883835,0.9133939445018768,0.4605793207883835,0.0,0.0,0.0,0.0,0.0,0.0,0.0,,0.0,0.0,282.0,0,0,0.0,pool=kernel_fused_block_mean_bf16_read_fp32_acc_bf16_write,score=kernel_bf16_torch_matmul_acc_fp32_bf16_out,select=kernel_fused_topk_mask_fp32_bisect_index_order_ties
VC_GATE_NVFP4,10,0.8,non_routing_control,gate_compress quantized to NVFP4; must NOT change the mask (falsifies the gate map if it does),bf16,kernel,kernel,kernel,7200,1.0,0.0,1.0,0.9999907208003169,0.0,0.0,0.0,1.0,,0.0008283295900916512,0.23449409008026123,0.9750837087631226,0.23449409008026123,0.0,0.0,0.0,0.0,0.0,0.0,0.0,,0.0,0.0,316.0,0,24,0.00013354700854700856,pool=kernel_fused_block_mean_bf16_read_fp32_acc_bf16_write,score=kernel_bf16_torch_matmul_acc_fp32_bf16_out,select=kernel_fused_topk_mask_fp32_bisect_index_order_ties
VC_GATE_NVFP4,10,0.9,non_routing_control,gate_compress quantized to NVFP4; must NOT change the mask (falsifies the gate map if it does),bf16,kernel,kernel,kernel,7200,1.0,0.0,1.0,0.9999907208003169,0.0,0.0,0.0,1.0,,0.001280864905300533,0.32237114012241364,0.9554915428161621,0.32237114012241364,0.0,0.0,0.0,0.0,0.0,0.0,0.0,,0.0,0.0,296.0,0,12,0.00013354700854700856,pool=kernel_fused_block_mean_bf16_read_fp32_acc_bf16_write,score=kernel_bf16_torch_matmul_acc_fp32_bf16_out,select=kernel_fused_topk_mask_fp32_bisect_index_order_ties
VC_GATE_NVFP4,10,0.95,non_routing_control,gate_compress quantized to NVFP4; must NOT change the mask (falsifies the gate map if it does),bf16,kernel,kernel,kernel,7200,1.0,0.0,1.0,0.9999907208003169,0.0,0.0,0.0,1.0,,0.0020630188934947793,0.39509396255016327,0.936953216791153,0.39509396255016327,0.0,0.0,0.0,0.0,0.0,0.0,0.0,,0.0,0.0,244.0,0,0,0.0,pool=kernel_fused_block_mean_bf16_read_fp32_acc_bf16_write,score=kernel_bf16_torch_matmul_acc_fp32_bf16_out,select=kernel_fused_topk_mask_fp32_bisect_index_order_ties
VC_GATE_NVFP4,25,0.8,non_routing_control,gate_compress quantized to NVFP4; must NOT change the mask (falsifies the gate map if it does),bf16,kernel,kernel,kernel,7200,1.0,0.0,1.0,0.9999905196501773,0.0,0.0,0.0,1.0,,0.0008171052578908428,0.19045055657625198,0.9837071299552917,0.19045055657625198,0.0,0.0,0.0,0.0,0.0,0.0,0.0,,0.0,0.0,299.0,0,72,0.00013354700854700856,pool=kernel_fused_block_mean_bf16_read_fp32_acc_bf16_write,score=kernel_bf16_torch_matmul_acc_fp32_bf16_out,select=kernel_fused_topk_mask_fp32_bisect_index_order_ties
VC_GATE_NVFP4,25,0.9,non_routing_control,gate_compress quantized to NVFP4; must NOT change the mask (falsifies the gate map if it does),bf16,kernel,kernel,kernel,7200,1.0,0.0,1.0,0.9999905196501773,0.0,0.0,0.0,1.0,,0.0012787789266221793,0.2748807519674301,0.9681605398654938,0.2748807519674301,0.0,0.0,0.0,0.0,0.0,0.0,0.0,,0.0,0.0,278.0,0,12,0.00013354700854700856,pool=kernel_fused_block_mean_bf16_read_fp32_acc_bf16_write,score=kernel_bf16_torch_matmul_acc_fp32_bf16_out,select=kernel_fused_topk_mask_fp32_bisect_index_order_ties
VC_GATE_NVFP4,25,0.95,non_routing_control,gate_compress quantized to NVFP4; must NOT change the mask (falsifies the gate map if it does),bf16,kernel,kernel,kernel,7200,1.0,0.0,1.0,0.9999905196501773,0.0,0.0,0.0,1.0,,0.002115493289704402,0.349918469786644,0.9515990316867828,0.349918469786644,0.0,0.0,0.0,0.0,0.0,0.0,0.0,,0.0,0.0,229.0,0,0,0.0,pool=kernel_fused_block_mean_bf16_read_fp32_acc_bf16_write,score=kernel_bf16_torch_matmul_acc_fp32_bf16_out,select=kernel_fused_topk_mask_fp32_bisect_index_order_ties
VC_GATE_NVFP4,40,0.8,non_routing_control,gate_compress quantized to NVFP4; must NOT change the mask (falsifies the gate map if it does),bf16,kernel,kernel,kernel,7200,1.0,0.0,1.0,0.9999899201944905,0.0,0.0,0.0,1.0,,0.0008322675423859048,0.15788117796182632,0.9888060092926025,0.15788117796182632,0.0,0.0,0.0,0.0,0.0,0.0,0.0,,0.0,0.0,304.0,0,36,0.00013354700854700856,pool=kernel_fused_block_mean_bf16_read_fp32_acc_bf16_write,score=kernel_bf16_torch_matmul_acc_fp32_bf16_out,select=kernel_fused_topk_mask_fp32_bisect_index_order_ties
VC_GATE_NVFP4,40,0.9,non_routing_control,gate_compress quantized to NVFP4; must NOT change the mask (falsifies the gate map if it does),bf16,kernel,kernel,kernel,7200,1.0,0.0,1.0,0.9999899201944905,0.0,0.0,0.0,1.0,,0.0012858381282090802,0.22702962160110474,0.9786089062690735,0.22702962160110474,0.0,0.0,0.0,0.0,0.0,0.0,0.0,,0.0,0.0,281.0,0,0,0.0,pool=kernel_fused_block_mean_bf16_read_fp32_acc_bf16_write,score=kernel_bf16_torch_matmul_acc_fp32_bf16_out,select=kernel_fused_topk_mask_fp32_bisect_index_order_ties
VC_GATE_NVFP4,40,0.95,non_routing_control,gate_compress quantized to NVFP4; must NOT change the mask (falsifies the gate map if it does),bf16,kernel,kernel,kernel,7200,1.0,0.0,1.0,0.9999899201944905,0.0,0.0,0.0,1.0,,0.002158822001768223,0.29188767075538635,0.9669592976570129,0.29188767075538635,0.0,0.0,0.0,0.0,0.0,0.0,0.0,,0.0,0.0,228.0,0,24,0.00013354700854700856,pool=kernel_fused_block_mean_bf16_read_fp32_acc_bf16_write,score=kernel_bf16_torch_matmul_acc_fp32_bf16_out,select=kernel_fused_topk_mask_fp32_bisect_index_order_ties
VC_GATE_NVFP4,48,0.8,non_routing_control,gate_compress quantized to NVFP4; must NOT change the mask (falsifies the gate map if it does),bf16,kernel,kernel,kernel,7200,1.0,0.0,1.0,0.9999895453256725,0.0,0.0,0.0,1.0,,0.0008203869404046719,0.14028222858905792,0.9912248253822327,0.14028222858905792,0.0,0.0,0.0,0.0,0.0,0.0,0.0,,0.0,0.0,302.0,0,60,0.00013354700854700856,pool=kernel_fused_block_mean_bf16_read_fp32_acc_bf16_write,score=kernel_bf16_torch_matmul_acc_fp32_bf16_out,select=kernel_fused_topk_mask_fp32_bisect_index_order_ties
VC_GATE_NVFP4,48,0.9,non_routing_control,gate_compress quantized to NVFP4; must NOT change the mask (falsifies the gate map if it does),bf16,kernel,kernel,kernel,7200,1.0,0.0,1.0,0.9999895453256725,0.0,0.0,0.0,1.0,,0.0012563140557701779,0.2033066675066948,0.9828568994998932,0.2033066675066948,0.0,0.0,0.0,0.0,0.0,0.0,0.0,,0.0,0.0,281.0,0,24,0.00013354700854700856,pool=kernel_fused_block_mean_bf16_read_fp32_acc_bf16_write,score=kernel_bf16_torch_matmul_acc_fp32_bf16_out,select=kernel_fused_topk_mask_fp32_bisect_index_order_ties
VC_GATE_NVFP4,48,0.95,non_routing_control,gate_compress quantized to NVFP4; must NOT change the mask (falsifies the gate map if it does),bf16,kernel,kernel,kernel,7200,1.0,0.0,1.0,0.9999895453256725,0.0,0.0,0.0,1.0,,0.0021376999995817835,0.2576444298028946,0.973455399274826,0.2576444298028946,0.0,0.0,0.0,0.0,0.0,0.0,0.0,,0.0,0.0,224.0,0,12,0.00013354700854700856,pool=kernel_fused_block_mean_bf16_read_fp32_acc_bf16_write,score=kernel_bf16_torch_matmul_acc_fp32_bf16_out,select=kernel_fused_topk_mask_fp32_bisect_index_order_ties
VD_TORCH_TOPK,0,0.8,tiebreak_control,torch.topk tie-break instead of VSA's index-order threshold rule,bf16,kernel,kernel,torch_topk,7200,1.0,0.0,1.0,0.9999855164824776,0.0,0.0,0.0,0.9994444444444445,,0.0008702760592591352,0.24846188724040985,0.9716616272926331,0.24846188724040985,0.0,0.0,0.0,0.0,0.0,0.0004166666666666667,0.0,,0.0001388888888888889,0.0,388.0,0,0,0.0,pool=kernel_fused_block_mean_bf16_read_fp32_acc_bf16_write,score=kernel_bf16_torch_matmul_acc_fp32_bf16_out,select=torch_topk_native_tiebreak
VD_TORCH_TOPK,0,0.9,tiebreak_control,torch.topk tie-break instead of VSA's index-order threshold rule,bf16,kernel,kernel,torch_topk,7200,1.0,0.0,1.0,0.9999855164824776,0.0,0.0,0.0,0.9998611111111111,,0.0013249281927685229,0.3552883416414261,0.9455949366092682,0.3552883416414261,0.0,0.0,0.0,0.0,0.0,0.0,0.0,,0.0,0.0,352.0,0,0,0.0,pool=kernel_fused_block_mean_bf16_read_fp32_acc_bf16_write,score=kernel_bf16_torch_matmul_acc_fp32_bf16_out,select=torch_topk_native_tiebreak
VD_TORCH_TOPK,0,0.95,tiebreak_control,torch.topk tie-break instead of VSA's index-order threshold rule,bf16,kernel,kernel,torch_topk,7200,1.0,0.0,1.0,0.9999855164824776,0.0,0.0,0.0,1.0,,0.002038701131499958,0.44476231932640076,0.9193120002746582,0.44476231932640076,0.0,0.0,0.0,0.0,0.0,0.0,0.0,,0.0,0.0,301.0,0,0,0.0,pool=kernel_fused_block_mean_bf16_read_fp32_acc_bf16_write,score=kernel_bf16_torch_matmul_acc_fp32_bf16_out,select=torch_topk_native_tiebreak
VD_TORCH_TOPK,1,0.8,tiebreak_control,torch.topk tie-break instead of VSA's index-order threshold rule,bf16,kernel,kernel,torch_topk,7200,1.0,0.0,1.0,0.9999880028374546,0.0,0.0,0.0,0.9988888888888889,,0.0008704715584485266,0.2610492706298828,0.9689241349697113,0.2610492706298828,0.0,0.0,0.0,0.0,0.0,0.0008333333333333334,0.0,,0.0002777777777777778,0.0,358.0,0,0,0.0,pool=kernel_fused_block_mean_bf16_read_fp32_acc_bf16_write,score=kernel_bf16_torch_matmul_acc_fp32_bf16_out,select=torch_topk_native_tiebreak
VD_TORCH_TOPK,1,0.9,tiebreak_control,torch.topk tie-break instead of VSA's index-order threshold rule,bf16,kernel,kernel,torch_topk,7200,1.0,0.0,1.0,0.9999880028374546,0.0,0.0,0.0,0.9997222222222222,,0.0013159938831072454,0.37121522426605225,0.9409266710281372,0.37121522426605225,0.0,0.0,0.0,0.0,0.0,0.0002777777777777778,0.0,,0.0002777777777777778,0.0,331.0,0,0,0.0,pool=kernel_fused_block_mean_bf16_read_fp32_acc_bf16_write,score=kernel_bf16_torch_matmul_acc_fp32_bf16_out,select=torch_topk_native_tiebreak
VD_TORCH_TOPK,1,0.95,tiebreak_control,torch.topk tie-break instead of VSA's index-order threshold rule,bf16,kernel,kernel,torch_topk,7200,1.0,0.0,1.0,0.9999880028374546,0.0,0.0,0.0,1.0,,0.002021851801271911,0.4605793207883835,0.9133939445018768,0.4605793207883835,0.0,0.0,0.0,0.0,0.0,0.0,0.0,,0.0,0.0,282.0,0,0,0.0,pool=kernel_fused_block_mean_bf16_read_fp32_acc_bf16_write,score=kernel_bf16_torch_matmul_acc_fp32_bf16_out,select=torch_topk_native_tiebreak
VD_TORCH_TOPK,10,0.8,tiebreak_control,torch.topk tie-break instead of VSA's index-order threshold rule,bf16,kernel,kernel,torch_topk,7200,1.0,0.0,1.0,0.9999907208003169,0.0,0.0,0.0,0.9997222222222222,,0.0008283295900916512,0.23449409008026123,0.9750837087631226,0.23449409008026123,0.0,0.0,0.0,0.0,0.0,0.0001388888888888889,0.0,,0.0,0.0,316.0,0,0,0.0,pool=kernel_fused_block_mean_bf16_read_fp32_acc_bf16_write,score=kernel_bf16_torch_matmul_acc_fp32_bf16_out,select=torch_topk_native_tiebreak
VD_TORCH_TOPK,10,0.9,tiebreak_control,torch.topk tie-break instead of VSA's index-order threshold rule,bf16,kernel,kernel,torch_topk,7200,1.0,0.0,1.0,0.9999907208003169,0.0,0.0,0.0,0.9998611111111111,,0.001280864905300533,0.32237114012241364,0.9554915428161621,0.32237114012241364,0.0,0.0,0.0,0.0,0.0,0.0001388888888888889,0.0,,0.0001388888888888889,0.0,296.0,0,0,0.0,pool=kernel_fused_block_mean_bf16_read_fp32_acc_bf16_write,score=kernel_bf16_torch_matmul_acc_fp32_bf16_out,select=torch_topk_native_tiebreak
VD_TORCH_TOPK,10,0.95,tiebreak_control,torch.topk tie-break instead of VSA's index-order threshold rule,bf16,kernel,kernel,torch_topk,7200,1.0,0.0,1.0,0.9999907208003169,0.0,0.0,0.0,1.0,,0.0020630188934947793,0.39509396255016327,0.936953216791153,0.39509396255016327,0.0,0.0,0.0,0.0,0.0,0.0,0.0,,0.0,0.0,244.0,0,0,0.0,pool=kernel_fused_block_mean_bf16_read_fp32_acc_bf16_write,score=kernel_bf16_torch_matmul_acc_fp32_bf16_out,select=torch_topk_native_tiebreak
VD_TORCH_TOPK,25,0.8,tiebreak_control,torch.topk tie-break instead of VSA's index-order threshold rule,bf16,kernel,kernel,torch_topk,7200,1.0,0.0,1.0,0.9999905196501773,0.0,0.0,0.0,0.9991666666666666,,0.0008171052578908428,0.19045055657625198,0.9837071299552917,0.19045055657625198,0.0,0.0,0.0,0.0,0.0,0.0004166666666666667,0.0,,0.0004166666666666667,0.0,299.0,0,0,0.0,pool=kernel_fused_block_mean_bf16_read_fp32_acc_bf16_write,score=kernel_bf16_torch_matmul_acc_fp32_bf16_out,select=torch_topk_native_tiebreak
VD_TORCH_TOPK,25,0.9,tiebreak_control,torch.topk tie-break instead of VSA's index-order threshold rule,bf16,kernel,kernel,torch_topk,7200,1.0,0.0,1.0,0.9999905196501773,0.0,0.0,0.0,0.9998611111111111,,0.0012787789266221793,0.2748807519674301,0.9681605398654938,0.2748807519674301,0.0,0.0,0.0,0.0,0.0,0.0001388888888888889,0.0,,0.0001388888888888889,0.0,278.0,0,0,0.0,pool=kernel_fused_block_mean_bf16_read_fp32_acc_bf16_write,score=kernel_bf16_torch_matmul_acc_fp32_bf16_out,select=torch_topk_native_tiebreak
VD_TORCH_TOPK,25,0.95,tiebreak_control,torch.topk tie-break instead of VSA's index-order threshold rule,bf16,kernel,kernel,torch_topk,7200,1.0,0.0,1.0,0.9999905196501773,0.0,0.0,0.0,1.0,,0.002115493289704402,0.349918469786644,0.9515990316867828,0.349918469786644,0.0,0.0,0.0,0.0,0.0,0.0,0.0,,0.0,0.0,229.0,0,0,0.0,pool=kernel_fused_block_mean_bf16_read_fp32_acc_bf16_write,score=kernel_bf16_torch_matmul_acc_fp32_bf16_out,select=torch_topk_native_tiebreak
VD_TORCH_TOPK,40,0.8,tiebreak_control,torch.topk tie-break instead of VSA's index-order threshold rule,bf16,kernel,kernel,torch_topk,7200,1.0,0.0,1.0,0.9999899201944905,0.0,0.0,0.0,0.9995833333333334,,0.0008322675423859048,0.15788117796182632,0.9888060092926025,0.15788117796182632,0.0,0.0,0.0,0.0,0.0,0.0001388888888888889,0.0,,0.0001388888888888889,0.0,304.0,0,0,0.0,pool=kernel_fused_block_mean_bf16_read_fp32_acc_bf16_write,score=kernel_bf16_torch_matmul_acc_fp32_bf16_out,select=torch_topk_native_tiebreak
VD_TORCH_TOPK,40,0.9,tiebreak_control,torch.topk tie-break instead of VSA's index-order threshold rule,bf16,kernel,kernel,torch_topk,7200,1.0,0.0,1.0,0.9999899201944905,0.0,0.0,0.0,1.0,,0.0012858381282090802,0.22702962160110474,0.9786089062690735,0.22702962160110474,0.0,0.0,0.0,0.0,0.0,0.0,0.0,,0.0,0.0,281.0,0,0,0.0,pool=kernel_fused_block_mean_bf16_read_fp32_acc_bf16_write,score=kernel_bf16_torch_matmul_acc_fp32_bf16_out,select=torch_topk_native_tiebreak
VD_TORCH_TOPK,40,0.95,tiebreak_control,torch.topk tie-break instead of VSA's index-order threshold rule,bf16,kernel,kernel,torch_topk,7200,1.0,0.0,1.0,0.9999899201944905,0.0,0.0,0.0,0.9997222222222222,,0.002158822001768223,0.29188767075538635,0.9669592976570129,0.29188767075538635,0.0,0.0,0.0,0.0,0.0,0.0002777777777777778,0.0,,0.0001388888888888889,0.0,228.0,0,0,0.0,pool=kernel_fused_block_mean_bf16_read_fp32_acc_bf16_write,score=kernel_bf16_torch_matmul_acc_fp32_bf16_out,select=torch_topk_native_tiebreak
VD_TORCH_TOPK,48,0.8,tiebreak_control,torch.topk tie-break instead of VSA's index-order threshold rule,bf16,kernel,kernel,torch_topk,7200,1.0,0.0,1.0,0.9999895453256725,0.0,0.0,0.0,0.9993055555555556,,0.0008203869404046719,0.14028222858905792,0.9912248253822327,0.14028222858905792,0.0,0.0,0.0,0.0,0.0,0.0006944444444444445,0.0,,0.0002777777777777778,0.0,302.0,0,0,0.0,pool=kernel_fused_block_mean_bf16_read_fp32_acc_bf16_write,score=kernel_bf16_torch_matmul_acc_fp32_bf16_out,select=torch_topk_native_tiebreak
VD_TORCH_TOPK,48,0.9,tiebreak_control,torch.topk tie-break instead of VSA's index-order threshold rule,bf16,kernel,kernel,torch_topk,7200,1.0,0.0,1.0,0.9999895453256725,0.0,0.0,0.0,0.9997222222222222,,0.0012563140557701779,0.2033066675066948,0.9828568994998932,0.2033066675066948,0.0,0.0,0.0,0.0,0.0,0.0002777777777777778,0.0,,0.0002777777777777778,0.0,281.0,0,0,0.0,pool=kernel_fused_block_mean_bf16_read_fp32_acc_bf16_write,score=kernel_bf16_torch_matmul_acc_fp32_bf16_out,select=torch_topk_native_tiebreak
VD_TORCH_TOPK,48,0.95,tiebreak_control,torch.topk tie-break instead of VSA's index-order threshold rule,bf16,kernel,kernel,torch_topk,7200,1.0,0.0,1.0,0.9999895453256725,0.0,0.0,0.0,0.9998611111111111,,0.0021376999995817835,0.2576444298028946,0.973455399274826,0.2576444298028946,0.0,0.0,0.0,0.0,0.0,0.0,0.0,,0.0,0.0,224.0,0,0,0.0,pool=kernel_fused_block_mean_bf16_read_fp32_acc_bf16_write,score=kernel_bf16_torch_matmul_acc_fp32_bf16_out,select=torch_topk_native_tiebreak
