arm,layer,sparsity,arm_label,ladder_position,representation,native_or_simulated,n_cells,jaccard_median,jaccard_iqr,jaccard_p05,recall_median,spearman_rho_median,frac_decisions_changed_median,frac_query_blocks_changed_median,swaps_per_query_block_median,jaccard_pooling_only_median,jaccard_vs_study1_arm_median,deployed_score_ties_median,deployed_score_ties_max,exact_ties_fp64_total,reference_margin_norm_fp64_median,changed_pair_gap_fp64_median,rel_l2_median,cosine_median,sparsification_error_median,wrong_mask_excess_median,wrong_mask_excess_iqr,wrong_mask_excess_p90,abs_wrong_mask_over_sparsification_median,abs_wrong_mask_over_sparsification_p90,frac_cells_arm_worse_than_reference,random_matched_excess_median,isolation_ratio_median_of_medians,isolation_ratio_abs,frac_cells_random_worse_than_arm,pool_semantics,score_semantics
R0,0,0.8,"repr=bf16, pool=fp64/native, score=fp64/native",fp64,bf16,native,1440,1.0,0.0,1.0,1.0,1.0,0.0,0.0,0.0,1.0,0.9650482542758132,0.0,0,0,0.0011201339456768822,,0.07027759402990341,0.9979122579097748,0.07027759402990341,0.0,0.0,0.0,0.0,0.0,0.0,,,,,pool=fp64_values_torch_sum_acc_fp64,score=fp64_values_torch_matmul_acc_fp64
R0,0,0.9,"repr=bf16, pool=fp64/native, score=fp64/native",fp64,bf16,native,1440,1.0,0.0,1.0,1.0,1.0,0.0,0.0,0.0,1.0,0.9551312675523207,0.0,0,0,0.0015783810294463913,,0.11654090136289597,0.9943367838859558,0.11654090136289597,0.0,0.0,0.0,0.0,0.0,0.0,,,,,pool=fp64_values_torch_sum_acc_fp64,score=fp64_values_torch_matmul_acc_fp64
R0,0,0.95,"repr=bf16, pool=fp64/native, score=fp64/native",fp64,bf16,native,1440,1.0,0.0,1.0,1.0,1.0,0.0,0.0,0.0,1.0,0.9398178609351282,0.0,0,0,0.0021686827562488404,,0.18720756471157074,0.9844485521316528,0.18720756471157074,0.0,0.0,0.0,0.0,0.0,0.0,,,,,pool=fp64_values_torch_sum_acc_fp64,score=fp64_values_torch_matmul_acc_fp64
R0,1,0.8,"repr=bf16, pool=fp64/native, score=fp64/native",fp64,bf16,native,1440,1.0,0.0,1.0,1.0,1.0,0.0,0.0,0.0,1.0,0.9717340910790399,0.0,0,0,0.000985681501717126,,0.04689733125269413,0.9990608990192413,0.04689733125269413,0.0,0.0,0.0,0.0,0.0,0.0,,,,,pool=fp64_values_torch_sum_acc_fp64,score=fp64_values_torch_matmul_acc_fp64
R0,1,0.9,"repr=bf16, pool=fp64/native, score=fp64/native",fp64,bf16,native,1440,1.0,0.0,1.0,1.0,1.0,0.0,0.0,0.0,1.0,0.9629875396298754,0.0,0,0,0.0015111026599233315,,0.09681206569075584,0.9961541295051575,0.09681206569075584,0.0,0.0,0.0,0.0,0.0,0.0,,,,,pool=fp64_values_torch_sum_acc_fp64,score=fp64_values_torch_matmul_acc_fp64
R0,1,0.95,"repr=bf16, pool=fp64/native, score=fp64/native",fp64,bf16,native,1440,1.0,0.0,1.0,1.0,1.0,0.0,0.0,0.0,1.0,0.9556339062729543,0.0,0,0,0.0023914707145881136,,0.1912045031785965,0.9846450388431549,0.1912045031785965,0.0,0.0,0.0,0.0,0.0,0.0,,,,,pool=fp64_values_torch_sum_acc_fp64,score=fp64_values_torch_matmul_acc_fp64
R0,10,0.8,"repr=bf16, pool=fp64/native, score=fp64/native",fp64,bf16,native,1440,1.0,0.0,1.0,1.0,1.0,0.0,0.0,0.0,1.0,0.9847201836588763,0.0,0,0,0.0011285735961880602,,0.1598263755440712,0.9892865121364594,0.1598263755440712,0.0,0.0,0.0,0.0,0.0,0.0,,,,,pool=fp64_values_torch_sum_acc_fp64,score=fp64_values_torch_matmul_acc_fp64
R0,10,0.9,"repr=bf16, pool=fp64/native, score=fp64/native",fp64,bf16,native,1440,1.0,0.0,1.0,1.0,1.0,0.0,0.0,0.0,1.0,0.978743961352657,0.0,0,0,0.0016064343841063903,,0.25124941766262054,0.9743147790431976,0.25124941766262054,0.0,0.0,0.0,0.0,0.0,0.0,,,,,pool=fp64_values_torch_sum_acc_fp64,score=fp64_values_torch_matmul_acc_fp64
R0,10,0.95,"repr=bf16, pool=fp64/native, score=fp64/native",fp64,bf16,native,1440,1.0,0.0,1.0,1.0,1.0,0.0,0.0,0.0,1.0,0.9671937342988031,0.0,0,0,0.002247923241021383,,0.35242003202438354,0.9488040506839752,0.35242003202438354,0.0,0.0,0.0,0.0,0.0,0.0,,,,,pool=fp64_values_torch_sum_acc_fp64,score=fp64_values_torch_matmul_acc_fp64
R0,11,0.8,"repr=bf16, pool=fp64/native, score=fp64/native",fp64,bf16,native,1440,1.0,0.0,1.0,1.0,1.0,0.0,0.0,0.0,1.0,0.9842721149866426,0.0,0,0,0.001144430329551185,,0.12106186151504517,0.993710070848465,0.12106186151504517,0.0,0.0,0.0,0.0,0.0,0.0,,,,,pool=fp64_values_torch_sum_acc_fp64,score=fp64_values_torch_matmul_acc_fp64
R0,11,0.9,"repr=bf16, pool=fp64/native, score=fp64/native",fp64,bf16,native,1440,1.0,0.0,1.0,1.0,1.0,0.0,0.0,0.0,1.0,0.9791852512637526,0.0,0,0,0.001753716815954506,,0.1893426701426506,0.9845959544181824,0.1893426701426506,0.0,0.0,0.0,0.0,0.0,0.0,,,,,pool=fp64_values_torch_sum_acc_fp64,score=fp64_values_torch_matmul_acc_fp64
R0,11,0.95,"repr=bf16, pool=fp64/native, score=fp64/native",fp64,bf16,native,1440,1.0,0.0,1.0,1.0,1.0,0.0,0.0,0.0,1.0,0.9693764439436876,0.0,0,0,0.002463373914175237,,0.28312958776950836,0.9648935496807098,0.28312958776950836,0.0,0.0,0.0,0.0,0.0,0.0,,,,,pool=fp64_values_torch_sum_acc_fp64,score=fp64_values_torch_matmul_acc_fp64
R0,12,0.8,"repr=bf16, pool=fp64/native, score=fp64/native",fp64,bf16,native,1440,1.0,0.0,1.0,1.0,1.0,0.0,0.0,0.0,1.0,0.9835257832775417,0.0,0,0,0.0011228016536718004,,0.09641782939434052,0.9960258305072784,0.09641782939434052,0.0,0.0,0.0,0.0,0.0,0.0,,,,,pool=fp64_values_torch_sum_acc_fp64,score=fp64_values_torch_matmul_acc_fp64
R0,12,0.9,"repr=bf16, pool=fp64/native, score=fp64/native",fp64,bf16,native,1440,1.0,0.0,1.0,1.0,1.0,0.0,0.0,0.0,1.0,0.9770541741880365,0.0,0,0,0.0017683823789727848,,0.15933052450418472,0.9895420372486115,0.15933052450418472,0.0,0.0,0.0,0.0,0.0,0.0,,,,,pool=fp64_values_torch_sum_acc_fp64,score=fp64_values_torch_matmul_acc_fp64
R0,12,0.95,"repr=bf16, pool=fp64/native, score=fp64/native",fp64,bf16,native,1440,1.0,0.0,1.0,1.0,1.0,0.0,0.0,0.0,1.0,0.9677753141167775,0.0,0,0,0.002538124746638532,,0.24781609326601028,0.9741986095905304,0.24781609326601028,0.0,0.0,0.0,0.0,0.0,0.0,,,,,pool=fp64_values_torch_sum_acc_fp64,score=fp64_values_torch_matmul_acc_fp64
R0,13,0.8,"repr=bf16, pool=fp64/native, score=fp64/native",fp64,bf16,native,1440,1.0,0.0,1.0,1.0,1.0,0.0,0.0,0.0,1.0,0.9863274268330477,0.0,0,0,0.0012897254743969445,,0.1258113533258438,0.9930568933486938,0.1258113533258438,0.0,0.0,0.0,0.0,0.0,0.0,,,,,pool=fp64_values_torch_sum_acc_fp64,score=fp64_values_torch_matmul_acc_fp64
R0,13,0.9,"repr=bf16, pool=fp64/native, score=fp64/native",fp64,bf16,native,1440,1.0,0.0,1.0,1.0,1.0,0.0,0.0,0.0,1.0,0.978891036123086,0.0,0,0,0.0016950579155340202,,0.19571303576231003,0.9830432534217834,0.19571303576231003,0.0,0.0,0.0,0.0,0.0,0.0,,,,,pool=fp64_values_torch_sum_acc_fp64,score=fp64_values_torch_matmul_acc_fp64
R0,13,0.95,"repr=bf16, pool=fp64/native, score=fp64/native",fp64,bf16,native,1440,1.0,0.0,1.0,1.0,1.0,0.0,0.0,0.0,1.0,0.9632770551414915,0.0,0,0,0.0020914292711501454,,0.2993738353252411,0.9607216119766235,0.2993738353252411,0.0,0.0,0.0,0.0,0.0,0.0,,,,,pool=fp64_values_torch_sum_acc_fp64,score=fp64_values_torch_matmul_acc_fp64
R0,14,0.8,"repr=bf16, pool=fp64/native, score=fp64/native",fp64,bf16,native,1440,1.0,0.0,1.0,1.0,1.0,0.0,0.0,0.0,1.0,0.9844214487300094,0.0,0,0,0.001185880564503691,,0.14414198696613312,0.9914045333862305,0.14414198696613312,0.0,0.0,0.0,0.0,0.0,0.0,,,,,pool=fp64_values_torch_sum_acc_fp64,score=fp64_values_torch_matmul_acc_fp64
R0,14,0.9,"repr=bf16, pool=fp64/native, score=fp64/native",fp64,bf16,native,1440,1.0,0.0,1.0,1.0,1.0,0.0,0.0,0.0,1.0,0.9775681497437421,0.0,0,0,0.00164337920655728,,0.2123768925666809,0.9815564155578613,0.2123768925666809,0.0,0.0,0.0,0.0,0.0,0.0,,,,,pool=fp64_values_torch_sum_acc_fp64,score=fp64_values_torch_matmul_acc_fp64
R0,14,0.95,"repr=bf16, pool=fp64/native, score=fp64/native",fp64,bf16,native,1440,1.0,0.0,1.0,1.0,1.0,0.0,0.0,0.0,1.0,0.9674844812296778,0.0,0,0,0.002248531775982739,,0.29282447695732117,0.9648266732692719,0.29282447695732117,0.0,0.0,0.0,0.0,0.0,0.0,,,,,pool=fp64_values_torch_sum_acc_fp64,score=fp64_values_torch_matmul_acc_fp64
R0,15,0.8,"repr=bf16, pool=fp64/native, score=fp64/native",fp64,bf16,native,1440,1.0,0.0,1.0,1.0,1.0,0.0,0.0,0.0,1.0,0.9809180377131695,0.0,0,0,0.0010437385095944166,,0.1864970475435257,0.985600471496582,0.1864970475435257,0.0,0.0,0.0,0.0,0.0,0.0,,,,,pool=fp64_values_torch_sum_acc_fp64,score=fp64_values_torch_matmul_acc_fp64
R0,15,0.9,"repr=bf16, pool=fp64/native, score=fp64/native",fp64,bf16,native,1440,1.0,0.0,1.0,1.0,1.0,0.0,0.0,0.0,1.0,0.972732661529342,0.0,0,0,0.0015052312295927859,,0.26940159499645233,0.9699336588382721,0.26940159499645233,0.0,0.0,0.0,0.0,0.0,0.0,,,,,pool=fp64_values_torch_sum_acc_fp64,score=fp64_values_torch_matmul_acc_fp64
R0,15,0.95,"repr=bf16, pool=fp64/native, score=fp64/native",fp64,bf16,native,1440,1.0,0.0,1.0,1.0,1.0,0.0,0.0,0.0,1.0,0.9593759199293495,0.0,0,0,0.0020140303384590568,,0.37830474972724915,0.9423111975193024,0.37830474972724915,0.0,0.0,0.0,0.0,0.0,0.0,,,,,pool=fp64_values_torch_sum_acc_fp64,score=fp64_values_torch_matmul_acc_fp64
R0,16,0.8,"repr=bf16, pool=fp64/native, score=fp64/native",fp64,bf16,native,1440,1.0,0.0,1.0,1.0,1.0,0.0,0.0,0.0,1.0,0.9833765843017789,0.0,0,0,0.0011562776060636297,,0.12059247121214867,0.994112640619278,0.12059247121214867,0.0,0.0,0.0,0.0,0.0,0.0,,,,,pool=fp64_values_torch_sum_acc_fp64,score=fp64_values_torch_matmul_acc_fp64
R0,16,0.9,"repr=bf16, pool=fp64/native, score=fp64/native",fp64,bf16,native,1440,1.0,0.0,1.0,1.0,1.0,0.0,0.0,0.0,1.0,0.9761003488458398,0.0,0,0,0.0016262872822143974,,0.19393815845251083,0.9845553636550903,0.19393815845251083,0.0,0.0,0.0,0.0,0.0,0.0,,,,,pool=fp64_values_torch_sum_acc_fp64,score=fp64_values_torch_matmul_acc_fp64
R0,16,0.95,"repr=bf16, pool=fp64/native, score=fp64/native",fp64,bf16,native,1440,1.0,0.0,1.0,1.0,1.0,0.0,0.0,0.0,1.0,0.9631322813744285,0.0,0,0,0.0023655111122259844,,0.2846301794052124,0.9664489030838013,0.2846301794052124,0.0,0.0,0.0,0.0,0.0,0.0,,,,,pool=fp64_values_torch_sum_acc_fp64,score=fp64_values_torch_matmul_acc_fp64
R0,17,0.8,"repr=bf16, pool=fp64/native, score=fp64/native",fp64,bf16,native,1440,1.0,0.0,1.0,1.0,1.0,0.0,0.0,0.0,1.0,0.9831528279181708,0.0,0,0,0.0011513774325648941,,0.07429240271449089,0.997599184513092,0.07429240271449089,0.0,0.0,0.0,0.0,0.0,0.0,,,,,pool=fp64_values_torch_sum_acc_fp64,score=fp64_values_torch_matmul_acc_fp64
R0,17,0.9,"repr=bf16, pool=fp64/native, score=fp64/native",fp64,bf16,native,1440,1.0,0.0,1.0,1.0,1.0,0.0,0.0,0.0,1.0,0.9786704348974937,0.0,0,0,0.001825078644272526,,0.14164262264966965,0.9910650849342346,0.14164262264966965,0.0,0.0,0.0,0.0,0.0,0.0,,,,,pool=fp64_values_torch_sum_acc_fp64,score=fp64_values_torch_matmul_acc_fp64
R0,17,0.95,"repr=bf16, pool=fp64/native, score=fp64/native",fp64,bf16,native,1440,1.0,0.0,1.0,1.0,1.0,0.0,0.0,0.0,1.0,0.972732661529342,0.0,0,0,0.002857551615935367,,0.22790737450122833,0.9777214825153351,0.22790737450122833,0.0,0.0,0.0,0.0,0.0,0.0,,,,,pool=fp64_values_torch_sum_acc_fp64,score=fp64_values_torch_matmul_acc_fp64
R0,18,0.8,"repr=bf16, pool=fp64/native, score=fp64/native",fp64,bf16,native,1440,1.0,0.0,1.0,1.0,1.0,0.0,0.0,0.0,1.0,0.980285763263566,0.0,0,0,0.0010248487727830477,,0.2202441394329071,0.9806819558143616,0.2202441394329071,0.0,0.0,0.0,0.0,0.0,0.0,,,,,pool=fp64_values_torch_sum_acc_fp64,score=fp64_values_torch_matmul_acc_fp64
R0,18,0.9,"repr=bf16, pool=fp64/native, score=fp64/native",fp64,bf16,native,1440,1.0,0.0,1.0,1.0,1.0,0.0,0.0,0.0,1.0,0.9768339768339769,0.0,0,0,0.0018098458916863697,,0.3500274121761322,0.9531467258930206,0.3500274121761322,0.0,0.0,0.0,0.0,0.0,0.0,,,,,pool=fp64_values_torch_sum_acc_fp64,score=fp64_values_torch_matmul_acc_fp64
R0,18,0.95,"repr=bf16, pool=fp64/native, score=fp64/native",fp64,bf16,native,1440,1.0,0.0,1.0,1.0,1.0,0.0,0.0,0.0,1.0,0.9628428192273666,0.0,0,0,0.0022912665288762893,,0.5342652797698975,0.8947342038154602,0.5342652797698975,0.0,0.0,0.0,0.0,0.0,0.0,,,,,pool=fp64_values_torch_sum_acc_fp64,score=fp64_values_torch_matmul_acc_fp64
R0,19,0.8,"repr=bf16, pool=fp64/native, score=fp64/native",fp64,bf16,native,1440,1.0,0.0,1.0,1.0,1.0,0.0,0.0,0.0,1.0,0.9831528279181708,0.0,0,0,0.0011687916847368434,,0.10232561081647873,0.9958265125751495,0.10232561081647873,0.0,0.0,0.0,0.0,0.0,0.0,,,,,pool=fp64_values_torch_sum_acc_fp64,score=fp64_values_torch_matmul_acc_fp64
R0,19,0.9,"repr=bf16, pool=fp64/native, score=fp64/native",fp64,bf16,native,1440,1.0,0.0,1.0,1.0,1.0,0.0,0.0,0.0,1.0,0.9784498773872334,0.0,0,0,0.0017788212068432685,,0.16218668222427368,0.9892861843109131,0.16218668222427368,0.0,0.0,0.0,0.0,0.0,0.0,,,,,pool=fp64_values_torch_sum_acc_fp64,score=fp64_values_torch_matmul_acc_fp64
R0,19,0.95,"repr=bf16, pool=fp64/native, score=fp64/native",fp64,bf16,native,1440,1.0,0.0,1.0,1.0,1.0,0.0,0.0,0.0,1.0,0.9667577857196991,0.0,0,0,0.002367991295357783,,0.24424979090690613,0.9761144518852234,0.24424979090690613,0.0,0.0,0.0,0.0,0.0,0.0,,,,,pool=fp64_values_torch_sum_acc_fp64,score=fp64_values_torch_matmul_acc_fp64
R0,2,0.8,"repr=bf16, pool=fp64/native, score=fp64/native",fp64,bf16,native,1440,1.0,0.0,1.0,1.0,1.0,0.0,0.0,0.0,1.0,0.9733572818440354,0.0,0,0,0.0009751327048517261,,0.05215287208557129,0.9987078607082367,0.05215287208557129,0.0,0.0,0.0,0.0,0.0,0.0,,,,,pool=fp64_values_torch_sum_acc_fp64,score=fp64_values_torch_matmul_acc_fp64
R0,2,0.9,"repr=bf16, pool=fp64/native, score=fp64/native",fp64,bf16,native,1440,1.0,0.0,1.0,1.0,1.0,0.0,0.0,0.0,1.0,0.9676298869263174,0.0,0,0,0.0015467086815550966,,0.10970661789178848,0.9945527613162994,0.10970661789178848,0.0,0.0,0.0,0.0,0.0,0.0,,,,,pool=fp64_values_torch_sum_acc_fp64,score=fp64_values_torch_matmul_acc_fp64
R0,2,0.95,"repr=bf16, pool=fp64/native, score=fp64/native",fp64,bf16,native,1440,1.0,0.0,1.0,1.0,1.0,0.0,0.0,0.0,1.0,0.9544853912788137,0.0,0,0,0.0023730480337720325,,0.24632468074560165,0.9765048325061798,0.24632468074560165,0.0,0.0,0.0,0.0,0.0,0.0,,,,,pool=fp64_values_torch_sum_acc_fp64,score=fp64_values_torch_matmul_acc_fp64
R0,20,0.8,"repr=bf16, pool=fp64/native, score=fp64/native",fp64,bf16,native,1440,1.0,0.0,1.0,1.0,1.0,0.0,0.0,0.0,1.0,0.9793566790526592,0.0,0,0,0.0011714808078827621,,0.043014874681830406,0.9991338551044464,0.043014874681830406,0.0,0.0,0.0,0.0,0.0,0.0,,,,,pool=fp64_values_torch_sum_acc_fp64,score=fp64_values_torch_matmul_acc_fp64
R0,20,0.9,"repr=bf16, pool=fp64/native, score=fp64/native",fp64,bf16,native,1440,1.0,0.0,1.0,1.0,1.0,0.0,0.0,0.0,1.0,0.9725865007038601,0.0,0,0,0.0018198550607557494,,0.08442166447639465,0.996920257806778,0.08442166447639465,0.0,0.0,0.0,0.0,0.0,0.0,,,,,pool=fp64_values_torch_sum_acc_fp64,score=fp64_values_torch_matmul_acc_fp64
R0,20,0.95,"repr=bf16, pool=fp64/native, score=fp64/native",fp64,bf16,native,1440,1.0,0.0,1.0,1.0,1.0,0.0,0.0,0.0,1.0,0.9640011802891708,0.0,0,0,0.0026231938438412736,,0.15579777210950851,0.9894325733184814,0.15579777210950851,0.0,0.0,0.0,0.0,0.0,0.0,,,,,pool=fp64_values_torch_sum_acc_fp64,score=fp64_values_torch_matmul_acc_fp64
R0,21,0.8,"repr=bf16, pool=fp64/native, score=fp64/native",fp64,bf16,native,1440,1.0,0.0,1.0,1.0,1.0,0.0,0.0,0.0,1.0,0.9783171399632367,0.0,0,0,0.001021631844806433,,0.07172318547964096,0.997870147228241,0.07172318547964096,0.0,0.0,0.0,0.0,0.0,0.0,,,,,pool=fp64_values_torch_sum_acc_fp64,score=fp64_values_torch_matmul_acc_fp64
R0,21,0.9,"repr=bf16, pool=fp64/native, score=fp64/native",fp64,bf16,native,1440,1.0,0.0,1.0,1.0,1.0,0.0,0.0,0.0,1.0,0.975220713702797,0.0,0,0,0.0017727054917591818,,0.12938550114631653,0.9932194352149963,0.12938550114631653,0.0,0.0,0.0,0.0,0.0,0.0,,,,,pool=fp64_values_torch_sum_acc_fp64,score=fp64_values_torch_matmul_acc_fp64
R0,21,0.95,"repr=bf16, pool=fp64/native, score=fp64/native",fp64,bf16,native,1440,1.0,0.0,1.0,1.0,1.0,0.0,0.0,0.0,1.0,0.966903073286052,0.0,0,0,0.002612945264455056,,0.22706419974565506,0.9790492355823517,0.22706419974565506,0.0,0.0,0.0,0.0,0.0,0.0,,,,,pool=fp64_values_torch_sum_acc_fp64,score=fp64_values_torch_matmul_acc_fp64
R0,22,0.8,"repr=bf16, pool=fp64/native, score=fp64/native",fp64,bf16,native,1440,1.0,0.0,1.0,1.0,1.0,0.0,0.0,0.0,1.0,0.9810668670172802,0.0,0,0,0.0011157038518331771,,0.22563116997480392,0.9811669588088989,0.22563116997480392,0.0,0.0,0.0,0.0,0.0,0.0,,,,,pool=fp64_values_torch_sum_acc_fp64,score=fp64_values_torch_matmul_acc_fp64
R0,22,0.9,"repr=bf16, pool=fp64/native, score=fp64/native",fp64,bf16,native,1440,1.0,0.0,1.0,1.0,1.0,0.0,0.0,0.0,1.0,0.9762470308788599,0.0,0,0,0.0018094427251882472,,0.34548625349998474,0.9602573215961456,0.34548625349998474,0.0,0.0,0.0,0.0,0.0,0.0,,,,,pool=fp64_values_torch_sum_acc_fp64,score=fp64_values_torch_matmul_acc_fp64
R0,22,0.95,"repr=bf16, pool=fp64/native, score=fp64/native",fp64,bf16,native,1440,1.0,0.0,1.0,1.0,1.0,0.0,0.0,0.0,1.0,0.9616858237547893,0.0,0,0,0.002305216938581489,,0.4630487412214279,0.9256000816822052,0.4630487412214279,0.0,0.0,0.0,0.0,0.0,0.0,,,,,pool=fp64_values_torch_sum_acc_fp64,score=fp64_values_torch_matmul_acc_fp64
R0,23,0.8,"repr=bf16, pool=fp64/native, score=fp64/native",fp64,bf16,native,1440,1.0,0.0,1.0,1.0,1.0,0.0,0.0,0.0,1.0,0.9804344975718942,0.0,0,0,0.0011040615132051996,,0.17098650336265564,0.9884230494499207,0.17098650336265564,0.0,0.0,0.0,0.0,0.0,0.0,,,,,pool=fp64_values_torch_sum_acc_fp64,score=fp64_values_torch_matmul_acc_fp64
R0,23,0.9,"repr=bf16, pool=fp64/native, score=fp64/native",fp64,bf16,native,1440,1.0,0.0,1.0,1.0,1.0,0.0,0.0,0.0,1.0,0.9733175214942188,0.0,0,0,0.0016354864862931611,,0.2432529777288437,0.9759466350078583,0.2432529777288437,0.0,0.0,0.0,0.0,0.0,0.0,,,,,pool=fp64_values_torch_sum_acc_fp64,score=fp64_values_torch_matmul_acc_fp64
R0,23,0.95,"repr=bf16, pool=fp64/native, score=fp64/native",fp64,bf16,native,1440,1.0,0.0,1.0,1.0,1.0,0.0,0.0,0.0,1.0,0.9585111078416949,0.0,0,0,0.002249836549869146,,0.34485964477062225,0.9499782025814056,0.34485964477062225,0.0,0.0,0.0,0.0,0.0,0.0,,,,,pool=fp64_values_torch_sum_acc_fp64,score=fp64_values_torch_matmul_acc_fp64
R0,24,0.8,"repr=bf16, pool=fp64/native, score=fp64/native",fp64,bf16,native,1440,1.0,0.0,1.0,1.0,1.0,0.0,0.0,0.0,1.0,0.9815507174409285,0.0,0,0,0.0010687708072312089,,0.1970265880227089,0.9869997203350067,0.1970265880227089,0.0,0.0,0.0,0.0,0.0,0.0,,,,,pool=fp64_values_torch_sum_acc_fp64,score=fp64_values_torch_matmul_acc_fp64
R0,24,0.9,"repr=bf16, pool=fp64/native, score=fp64/native",fp64,bf16,native,1440,1.0,0.0,1.0,1.0,1.0,0.0,0.0,0.0,1.0,0.9805103027598007,0.0,0,0,0.002071762994593901,,0.3202587515115738,0.9671459197998047,0.3202587515115738,0.0,0.0,0.0,0.0,0.0,0.0,,,,,pool=fp64_values_torch_sum_acc_fp64,score=fp64_values_torch_matmul_acc_fp64
R0,24,0.95,"repr=bf16, pool=fp64/native, score=fp64/native",fp64,bf16,native,1440,1.0,0.0,1.0,1.0,1.0,0.0,0.0,0.0,1.0,0.9701050762172562,0.0,0,0,0.0026755536679833967,,0.47872452437877655,0.9271005988121033,0.47872452437877655,0.0,0.0,0.0,0.0,0.0,0.0,,,,,pool=fp64_values_torch_sum_acc_fp64,score=fp64_values_torch_matmul_acc_fp64
R0,25,0.8,"repr=bf16, pool=fp64/native, score=fp64/native",fp64,bf16,native,1440,1.0,0.0,1.0,1.0,1.0,0.0,0.0,0.0,1.0,0.9815134891410536,0.0,0,0,0.0010529925474680435,,0.09177053347229958,0.9962822496891022,0.09177053347229958,0.0,0.0,0.0,0.0,0.0,0.0,,,,,pool=fp64_values_torch_sum_acc_fp64,score=fp64_values_torch_matmul_acc_fp64
R0,25,0.9,"repr=bf16, pool=fp64/native, score=fp64/native",fp64,bf16,native,1440,1.0,0.0,1.0,1.0,1.0,0.0,0.0,0.0,1.0,0.973463790675265,0.0,0,0,0.001484732904992317,,0.15654364228248596,0.9894230961799622,0.15654364228248596,0.0,0.0,0.0,0.0,0.0,0.0,,,,,pool=fp64_values_torch_sum_acc_fp64,score=fp64_values_torch_matmul_acc_fp64
R0,25,0.95,"repr=bf16, pool=fp64/native, score=fp64/native",fp64,bf16,native,1440,1.0,0.0,1.0,1.0,1.0,0.0,0.0,0.0,1.0,0.9660316053758676,0.0,0,0,0.0022182376496949815,,0.23056398332118988,0.9770712852478027,0.23056398332118988,0.0,0.0,0.0,0.0,0.0,0.0,,,,,pool=fp64_values_torch_sum_acc_fp64,score=fp64_values_torch_matmul_acc_fp64
R0,26,0.8,"repr=bf16, pool=fp64/native, score=fp64/native",fp64,bf16,native,1440,1.0,0.0,1.0,1.0,1.0,0.0,0.0,0.0,1.0,0.9799883616581805,0.0,0,0,0.0010863071566934,,0.04000944457948208,0.999260812997818,0.04000944457948208,0.0,0.0,0.0,0.0,0.0,0.0,,,,,pool=fp64_values_torch_sum_acc_fp64,score=fp64_values_torch_matmul_acc_fp64
R0,26,0.9,"repr=bf16, pool=fp64/native, score=fp64/native",fp64,bf16,native,1440,1.0,0.0,1.0,1.0,1.0,0.0,0.0,0.0,1.0,0.9743418613274009,0.0,0,0,0.0017405946812549151,,0.07915513589978218,0.9970587491989136,0.07915513589978218,0.0,0.0,0.0,0.0,0.0,0.0,,,,,pool=fp64_values_torch_sum_acc_fp64,score=fp64_values_torch_matmul_acc_fp64
R0,26,0.95,"repr=bf16, pool=fp64/native, score=fp64/native",fp64,bf16,native,1440,1.0,0.0,1.0,1.0,1.0,0.0,0.0,0.0,1.0,0.9624087966864998,0.0,0,0,0.002383445011842065,,0.14319847524166107,0.9904747009277344,0.14319847524166107,0.0,0.0,0.0,0.0,0.0,0.0,,,,,pool=fp64_values_torch_sum_acc_fp64,score=fp64_values_torch_matmul_acc_fp64
R0,27,0.8,"repr=bf16, pool=fp64/native, score=fp64/native",fp64,bf16,native,1440,1.0,0.0,1.0,1.0,1.0,0.0,0.0,0.0,1.0,0.9706289002653115,0.0,0,0,0.0011012731339839973,,0.021861422806978226,0.999772846698761,0.021861422806978226,0.0,0.0,0.0,0.0,0.0,0.0,,,,,pool=fp64_values_torch_sum_acc_fp64,score=fp64_values_torch_matmul_acc_fp64
R0,27,0.9,"repr=bf16, pool=fp64/native, score=fp64/native",fp64,bf16,native,1440,1.0,0.0,1.0,1.0,1.0,0.0,0.0,0.0,1.0,0.9666124981533462,0.0,0,0,0.0017842289372950698,,0.046770647168159485,0.9989818930625916,0.046770647168159485,0.0,0.0,0.0,0.0,0.0,0.0,,,,,pool=fp64_values_torch_sum_acc_fp64,score=fp64_values_torch_matmul_acc_fp64
R0,27,0.95,"repr=bf16, pool=fp64/native, score=fp64/native",fp64,bf16,native,1440,1.0,0.0,1.0,1.0,1.0,0.0,0.0,0.0,1.0,0.9527651459586328,0.0,0,0,0.002517764065124597,,0.10148809105157852,0.9953454434871674,0.10148809105157852,0.0,0.0,0.0,0.0,0.0,0.0,,,,,pool=fp64_values_torch_sum_acc_fp64,score=fp64_values_torch_matmul_acc_fp64
R0,28,0.8,"repr=bf16, pool=fp64/native, score=fp64/native",fp64,bf16,native,1440,1.0,0.0,1.0,1.0,1.0,0.0,0.0,0.0,1.0,0.9638774066212341,0.0,0,0,0.0010356278964648536,,0.04247376136481762,0.999220073223114,0.04247376136481762,0.0,0.0,0.0,0.0,0.0,0.0,,,,,pool=fp64_values_torch_sum_acc_fp64,score=fp64_values_torch_matmul_acc_fp64
R0,28,0.9,"repr=bf16, pool=fp64/native, score=fp64/native",fp64,bf16,native,1440,1.0,0.0,1.0,1.0,1.0,0.0,0.0,0.0,1.0,0.9510479261321999,0.0,0,0,0.001466299370716065,,0.0810529850423336,0.997031033039093,0.0810529850423336,0.0,0.0,0.0,0.0,0.0,0.0,,,,,pool=fp64_values_torch_sum_acc_fp64,score=fp64_values_torch_matmul_acc_fp64
R0,28,0.95,"repr=bf16, pool=fp64/native, score=fp64/native",fp64,bf16,native,1440,1.0,0.0,1.0,1.0,1.0,0.0,0.0,0.0,1.0,0.9398178609351282,0.0,0,0,0.0023794839233161006,,0.12025351077318192,0.9932014644145966,0.12025351077318192,0.0,0.0,0.0,0.0,0.0,0.0,,,,,pool=fp64_values_torch_sum_acc_fp64,score=fp64_values_torch_matmul_acc_fp64
R0,29,0.8,"repr=bf16, pool=fp64/native, score=fp64/native",fp64,bf16,native,1440,1.0,0.0,1.0,1.0,1.0,0.0,0.0,0.0,1.0,0.970849842053016,0.0,0,0,0.0010768680805940995,,0.04206980764865875,0.999277651309967,0.04206980764865875,0.0,0.0,0.0,0.0,0.0,0.0,,,,,pool=fp64_values_torch_sum_acc_fp64,score=fp64_values_torch_matmul_acc_fp64
R0,29,0.9,"repr=bf16, pool=fp64/native, score=fp64/native",fp64,bf16,native,1440,1.0,0.0,1.0,1.0,1.0,0.0,0.0,0.0,1.0,0.9606023812434106,0.0,0,0,0.0016418389556974973,,0.09212076663970947,0.9964087605476379,0.09212076663970947,0.0,0.0,0.0,0.0,0.0,0.0,,,,,pool=fp64_values_torch_sum_acc_fp64,score=fp64_values_torch_matmul_acc_fp64
R0,29,0.95,"repr=bf16, pool=fp64/native, score=fp64/native",fp64,bf16,native,1440,1.0,0.0,1.0,1.0,1.0,0.0,0.0,0.0,1.0,0.9544853912788137,0.0,0,0,0.002597425568418233,,0.17651661485433578,0.9856736063957214,0.17651661485433578,0.0,0.0,0.0,0.0,0.0,0.0,,,,,pool=fp64_values_torch_sum_acc_fp64,score=fp64_values_torch_matmul_acc_fp64
R0,3,0.8,"repr=bf16, pool=fp64/native, score=fp64/native",fp64,bf16,native,1440,1.0,0.0,1.0,1.0,1.0,0.0,0.0,0.0,1.0,0.9804344975718942,0.0,0,0,0.0010217019164659247,,0.10347070917487144,0.9957538843154907,0.10347070917487144,0.0,0.0,0.0,0.0,0.0,0.0,,,,,pool=fp64_values_torch_sum_acc_fp64,score=fp64_values_torch_matmul_acc_fp64
R0,3,0.9,"repr=bf16, pool=fp64/native, score=fp64/native",fp64,bf16,native,1440,1.0,0.0,1.0,1.0,1.0,0.0,0.0,0.0,1.0,0.9740490843034033,0.0,0,0,0.001494230728168438,,0.1980890929698944,0.9848056137561798,0.1980890929698944,0.0,0.0,0.0,0.0,0.0,0.0,,,,,pool=fp64_values_torch_sum_acc_fp64,score=fp64_values_torch_matmul_acc_fp64
R0,3,0.95,"repr=bf16, pool=fp64/native, score=fp64/native",fp64,bf16,native,1440,1.0,0.0,1.0,1.0,1.0,0.0,0.0,0.0,1.0,0.9663220088626292,0.0,0,0,0.002296914723062984,,0.31914031505584717,0.9583584368228912,0.31914031505584717,0.0,0.0,0.0,0.0,0.0,0.0,,,,,pool=fp64_values_torch_sum_acc_fp64,score=fp64_values_torch_matmul_acc_fp64
R0,4,0.8,"repr=bf16, pool=fp64/native, score=fp64/native",fp64,bf16,native,1440,1.0,0.0,1.0,1.0,1.0,0.0,0.0,0.0,1.0,0.9827427396799155,0.0,0,0,0.0010073140883837023,,0.08500685170292854,0.9970015287399292,0.08500685170292854,0.0,0.0,0.0,0.0,0.0,0.0,,,,,pool=fp64_values_torch_sum_acc_fp64,score=fp64_values_torch_matmul_acc_fp64
R0,4,0.9,"repr=bf16, pool=fp64/native, score=fp64/native",fp64,bf16,native,1440,1.0,0.0,1.0,1.0,1.0,0.0,0.0,0.0,1.0,0.978155880823241,0.0,0,0,0.0016434988917354918,,0.15634403377771378,0.9899254143238068,0.15634403377771378,0.0,0.0,0.0,0.0,0.0,0.0,,,,,pool=fp64_values_torch_sum_acc_fp64,score=fp64_values_torch_matmul_acc_fp64
R0,4,0.95,"repr=bf16, pool=fp64/native, score=fp64/native",fp64,bf16,native,1440,1.0,0.0,1.0,1.0,1.0,0.0,0.0,0.0,1.0,0.9701050762172562,0.0,0,0,0.002550563807124719,,0.2777513563632965,0.967938631772995,0.2777513563632965,0.0,0.0,0.0,0.0,0.0,0.0,,,,,pool=fp64_values_torch_sum_acc_fp64,score=fp64_values_torch_matmul_acc_fp64
R0,5,0.8,"repr=bf16, pool=fp64/native, score=fp64/native",fp64,bf16,native,1440,1.0,0.0,1.0,1.0,1.0,0.0,0.0,0.0,1.0,0.9786140396953439,0.0,0,0,0.0010286650046969095,,0.05952277220785618,0.9984233975410461,0.05952277220785618,0.0,0.0,0.0,0.0,0.0,0.0,,,,,pool=fp64_values_torch_sum_acc_fp64,score=fp64_values_torch_matmul_acc_fp64
R0,5,0.9,"repr=bf16, pool=fp64/native, score=fp64/native",fp64,bf16,native,1440,1.0,0.0,1.0,1.0,1.0,0.0,0.0,0.0,1.0,0.9724403615350422,0.0,0,0,0.0016796254034311265,,0.11728434637188911,0.9938437640666962,0.11728434637188911,0.0,0.0,0.0,0.0,0.0,0.0,,,,,pool=fp64_values_torch_sum_acc_fp64,score=fp64_values_torch_matmul_acc_fp64
R0,5,0.95,"repr=bf16, pool=fp64/native, score=fp64/native",fp64,bf16,native,1440,1.0,0.0,1.0,1.0,1.0,0.0,0.0,0.0,1.0,0.9677753141167775,0.0,0,0,0.0028796782947025086,,0.2301275059580803,0.9791982471942902,0.2301275059580803,0.0,0.0,0.0,0.0,0.0,0.0,,,,,pool=fp64_values_torch_sum_acc_fp64,score=fp64_values_torch_matmul_acc_fp64
R0,6,0.8,"repr=bf16, pool=fp64/native, score=fp64/native",fp64,bf16,native,1440,1.0,0.0,1.0,1.0,1.0,0.0,0.0,0.0,1.0,0.9853179234273237,0.0,0,0,0.001083377905104283,,0.15002138167619705,0.9910469651222229,0.15002138167619705,0.0,0.0,0.0,0.0,0.0,0.0,,,,,pool=fp64_values_torch_sum_acc_fp64,score=fp64_values_torch_matmul_acc_fp64
R0,6,0.9,"repr=bf16, pool=fp64/native, score=fp64/native",fp64,bf16,native,1440,1.0,0.0,1.0,1.0,1.0,0.0,0.0,0.0,1.0,0.9790381327584925,0.0,0,0,0.001504692866275636,,0.25190621614456177,0.9749135673046112,0.25190621614456177,0.0,0.0,0.0,0.0,0.0,0.0,,,,,pool=fp64_values_torch_sum_acc_fp64,score=fp64_values_torch_matmul_acc_fp64
R0,6,0.95,"repr=bf16, pool=fp64/native, score=fp64/native",fp64,bf16,native,1440,1.0,0.0,1.0,1.0,1.0,0.0,0.0,0.0,1.0,0.9683572379121692,0.0,0,0,0.002232382565806796,,0.36318209767341614,0.9497893452644348,0.36318209767341614,0.0,0.0,0.0,0.0,0.0,0.0,,,,,pool=fp64_values_torch_sum_acc_fp64,score=fp64_values_torch_matmul_acc_fp64
R0,7,0.8,"repr=bf16, pool=fp64/native, score=fp64/native",fp64,bf16,native,1440,1.0,0.0,1.0,1.0,1.0,0.0,0.0,0.0,1.0,0.9843467790487658,0.0,0,0,0.0011245869807741907,,0.10421862453222275,0.9954910278320312,0.10421862453222275,0.0,0.0,0.0,0.0,0.0,0.0,,,,,pool=fp64_values_torch_sum_acc_fp64,score=fp64_values_torch_matmul_acc_fp64
R0,7,0.9,"repr=bf16, pool=fp64/native, score=fp64/native",fp64,bf16,native,1440,1.0,0.0,1.0,1.0,1.0,0.0,0.0,0.0,1.0,0.978743961352657,0.0,0,0,0.0016995707608920237,,0.17978644371032715,0.9866332411766052,0.17978644371032715,0.0,0.0,0.0,0.0,0.0,0.0,,,,,pool=fp64_values_torch_sum_acc_fp64,score=fp64_values_torch_matmul_acc_fp64
R0,7,0.95,"repr=bf16, pool=fp64/native, score=fp64/native",fp64,bf16,native,1440,1.0,0.0,1.0,1.0,1.0,0.0,0.0,0.0,1.0,0.9686483288967761,0.0,0,0,0.0024841008644488783,,0.2800709903240204,0.9689939618110657,0.2800709903240204,0.0,0.0,0.0,0.0,0.0,0.0,,,,,pool=fp64_values_torch_sum_acc_fp64,score=fp64_values_torch_matmul_acc_fp64
R0,8,0.8,"repr=bf16, pool=fp64/native, score=fp64/native",fp64,bf16,native,1440,1.0,0.0,1.0,1.0,1.0,0.0,0.0,0.0,1.0,0.9832274077695461,0.0,0,0,0.001141075688975835,,0.0791393406689167,0.9973044991493225,0.0791393406689167,0.0,0.0,0.0,0.0,0.0,0.0,,,,,pool=fp64_values_torch_sum_acc_fp64,score=fp64_values_torch_matmul_acc_fp64
R0,8,0.9,"repr=bf16, pool=fp64/native, score=fp64/native",fp64,bf16,native,1440,1.0,0.0,1.0,1.0,1.0,0.0,0.0,0.0,1.0,0.9765404602821084,0.0,0,0,0.0016686409807018686,,0.1318766251206398,0.9926048517227173,0.1318766251206398,0.0,0.0,0.0,0.0,0.0,0.0,,,,,pool=fp64_values_torch_sum_acc_fp64,score=fp64_values_torch_matmul_acc_fp64
R0,8,0.95,"repr=bf16, pool=fp64/native, score=fp64/native",fp64,bf16,native,1440,1.0,0.0,1.0,1.0,1.0,0.0,0.0,0.0,1.0,0.9680662329982259,0.0,0,0,0.002517139782585726,,0.21833015233278275,0.9800350069999695,0.21833015233278275,0.0,0.0,0.0,0.0,0.0,0.0,,,,,pool=fp64_values_torch_sum_acc_fp64,score=fp64_values_torch_matmul_acc_fp64
R0,9,0.8,"repr=bf16, pool=fp64/native, score=fp64/native",fp64,bf16,native,1440,1.0,0.0,1.0,1.0,1.0,0.0,0.0,0.0,1.0,0.9850937288263194,0.0,0,0,0.0011975225548816729,,0.13423114269971848,0.9923767149448395,0.13423114269971848,0.0,0.0,0.0,0.0,0.0,0.0,,,,,pool=fp64_values_torch_sum_acc_fp64,score=fp64_values_torch_matmul_acc_fp64
R0,9,0.9,"repr=bf16, pool=fp64/native, score=fp64/native",fp64,bf16,native,1440,1.0,0.0,1.0,1.0,1.0,0.0,0.0,0.0,1.0,0.9805103027598007,0.0,0,0,0.0018730725285764594,,0.21634960919618607,0.9811944961547852,0.21634960919618607,0.0,0.0,0.0,0.0,0.0,0.0,,,,,pool=fp64_values_torch_sum_acc_fp64,score=fp64_values_torch_matmul_acc_fp64
R0,9,0.95,"repr=bf16, pool=fp64/native, score=fp64/native",fp64,bf16,native,1440,1.0,0.0,1.0,1.0,1.0,0.0,0.0,0.0,1.0,0.9724403615350422,0.0,0,0,0.002581033105355567,,0.3046976178884506,0.9632291793823242,0.3046976178884506,0.0,0.0,0.0,0.0,0.0,0.0,,,,,pool=fp64_values_torch_sum_acc_fp64,score=fp64_values_torch_matmul_acc_fp64
R1,0,0.8,"repr=nvfp4, pool=fp64/native, score=fp64/native",fp64,nvfp4,native,1440,0.9650482542758132,0.013557769017604082,0.9431241523576441,0.9822132888349514,0.9997382712810852,0.0071563720703125,0.90625,1.83203125,0.9650482542758132,,0.0,0,0,0.0011201339456768822,0.0069017538841420435,0.07038234174251556,0.9978959858417511,0.07027759402990341,3.8353726267814636e-05,0.0006336333462968469,0.0009441807866096497,0.0044420605056540285,0.048050980419309816,0.5944444444444444,3.540888428688049e-05,0.9232188820358409,0.9232188820358409,0.5388888888888889,pool=fp64_values_torch_sum_acc_fp64,score=fp64_values_torch_matmul_acc_fp64
R1,0,0.9,"repr=nvfp4, pool=fp64/native, score=fp64/native",fp64,nvfp4,native,1440,0.9551312675523207,0.021813079943461045,0.9199469250183805,0.97705078125,0.9997382712810852,0.00466156005859375,0.80859375,1.193359375,0.9551312675523207,,0.0,0,0,0.0015783810294463913,0.006291497545852751,0.11681599542498589,0.9943186938762665,0.11654090136289597,-3.3218180760741234e-05,0.0011215584818273783,0.0014314845204353333,0.003779479708205261,0.0441655849184058,0.475,0.0002506636083126068,-7.545976407258658,7.545976407258658,0.5305555555555556,pool=fp64_values_torch_sum_acc_fp64,score=fp64_values_torch_matmul_acc_fp64
R1,0,0.95,"repr=nvfp4, pool=fp64/native, score=fp64/native",fp64,nvfp4,native,1440,0.9398178609351282,0.028182116512093014,0.8882135605733706,0.9689753605769231,0.9997382712810852,0.00315093994140625,0.6484375,0.806640625,0.9398178609351282,,0.0,0,0,0.0021686827562488404,0.005609549545324117,0.18613648414611816,0.9846446514129639,0.18720756471157074,2.6106834411621094e-05,0.00165247218683362,0.002278253436088562,0.004047422254442948,0.02286065366962216,0.5083333333333333,0.0005063712596893311,19.39611872146119,19.39611872146119,0.5513888888888889,pool=fp64_values_torch_sum_acc_fp64,score=fp64_values_torch_matmul_acc_fp64
R1,1,0.8,"repr=nvfp4, pool=fp64/native, score=fp64/native",fp64,nvfp4,native,1440,0.9717340910790399,0.017012622589666404,0.9452600516414608,0.9856644417475728,0.999651365631254,0.005767822265625,0.857421875,1.4765625,0.9717340910790399,,0.0,0,0,0.000985681501717126,0.004686675510091427,0.04747829772531986,0.9990400969982147,0.04689733125269413,5.1312148571014404e-05,0.0005184449255466461,0.0012308945879340172,0.0052816977473031925,0.04358326228889079,0.6381944444444444,0.01517046894878149,295.6506279947728,295.6506279947728,0.8298611111111112,pool=fp64_values_torch_sum_acc_fp64,score=fp64_values_torch_matmul_acc_fp64
R1,1,0.9,"repr=nvfp4, pool=fp64/native, score=fp64/native",fp64,nvfp4,native,1440,0.9629875396298754,0.01810758536453061,0.9326294552257938,0.9811448317307693,0.999651365631254,0.0038299560546875,0.71875,0.98046875,0.9629875396298754,,0.0,0,0,0.0015111026599233315,0.0042164588727623305,0.09688118100166321,0.9961570203304291,0.09681206569075584,4.7884415835142136e-05,0.0009151510894298553,0.0017546314746141433,0.004717593138307752,0.04003801427162304,0.5486111111111112,0.01042020320892334,217.61157627563674,217.61157627563674,0.7895833333333333,pool=fp64_values_torch_sum_acc_fp64,score=fp64_values_torch_matmul_acc_fp64
R1,1,0.95,"repr=nvfp4, pool=fp64/native, score=fp64/native",fp64,nvfp4,native,1440,0.9556339062729543,0.024694055076729726,0.9261767378479074,0.9773137019230769,0.999651365631254,0.0023040771484375,0.51171875,0.58984375,0.9556339062729543,,0.0,0,0,0.0023914707145881136,0.0036182830484377333,0.19355082511901855,0.9841935634613037,0.1912045031785965,0.0002089785411953926,0.0022131288424134254,0.004395345039665699,0.0052869289091876225,0.03006760838230372,0.6006944444444444,0.004295017570257187,20.552433497185692,20.552433497185692,0.7423611111111111,pool=fp64_values_torch_sum_acc_fp64,score=fp64_values_torch_matmul_acc_fp64
R1,10,0.8,"repr=nvfp4, pool=fp64/native, score=fp64/native",fp64,nvfp4,native,1440,0.9847201836588763,0.00656724267981279,0.96944771748544,0.9923012742718447,0.9997777779607833,0.0030975341796875,0.63671875,0.79296875,0.9847201836588763,,0.0,0,0,0.0011285735961880602,0.002638760114544814,0.15990875661373138,0.9892908036708832,0.1598263755440712,8.929520845413208e-06,0.00023192353546619415,0.0002608947455883026,0.0007305150596120336,0.002816253963721792,0.5243055555555556,2.7216970920562744e-05,3.047976637463496,3.047976637463496,0.5097222222222222,pool=fp64_values_torch_sum_acc_fp64,score=fp64_values_torch_matmul_acc_fp64
R1,10,0.9,"repr=nvfp4, pool=fp64/native, score=fp64/native",fp64,nvfp4,native,1440,0.978743961352657,0.013058720251631906,0.9577910140451502,0.9892578125,0.9997777779607833,0.0021820068359375,0.5,0.55859375,0.978743961352657,,0.0,0,0,0.0016064343841063903,0.0024285442127421424,0.2511586844921112,0.9743778109550476,0.25124941766262054,5.438923835754395e-07,0.0004071146249771118,0.0005386166274547576,0.0008390771315298692,0.0029530131373731163,0.5006944444444444,-0.00011137127876281738,-204.76712328767124,204.76712328767124,0.4736111111111111,pool=fp64_values_torch_sum_acc_fp64,score=fp64_values_torch_matmul_acc_fp64
R1,10,0.95,"repr=nvfp4, pool=fp64/native, score=fp64/native",fp64,nvfp4,native,1440,0.9671937342988031,0.01713413091093141,0.941656942823804,0.9833233173076923,0.9997777779607833,0.0016937255859375,0.40234375,0.43359375,0.9671937342988031,,0.0,0,0,0.002247923241021383,0.0022717781860977764,0.35282132029533386,0.9489980340003967,0.35242003202438354,3.759562969207764e-05,0.000696871429681778,0.0009405136108398438,0.0010287947318427223,0.003915218542342289,0.5402777777777777,-0.0002330094575881958,-6.197780420134761,6.197780420134761,0.4583333333333333,pool=fp64_values_torch_sum_acc_fp64,score=fp64_values_torch_matmul_acc_fp64
R1,11,0.8,"repr=nvfp4, pool=fp64/native, score=fp64/native",fp64,nvfp4,native,1440,0.9842721149866426,0.005746117494967562,0.9729844496346132,0.9920737257281553,0.9998063350392024,0.0031890869140625,0.65234375,0.81640625,0.9842721149866426,,0.0,0,0,0.001144430329551185,0.002681988080259404,0.12124541029334068,0.9936495423316956,0.12106186151504517,3.966689109802246e-05,0.0002522021532058716,0.0004251718521118164,0.0009502150202815706,0.0050532833168533,0.5729166666666666,0.0003940761089324951,9.934635612321562,9.934635612321562,0.6,pool=fp64_values_torch_sum_acc_fp64,score=fp64_values_torch_matmul_acc_fp64
R1,11,0.9,"repr=nvfp4, pool=fp64/native, score=fp64/native",fp64,nvfp4,native,1440,0.9791852512637526,0.010582379257183527,0.9613967879770149,0.9894831730769231,0.9998063350392024,0.00213623046875,0.4921875,0.546875,0.9791852512637526,,0.0,0,0,0.001753716815954506,0.002458920287580506,0.18997076898813248,0.9846042394638062,0.1893426701426506,1.9788742065429688e-05,0.00036976300179958344,0.0006084650754928589,0.0009624771936299873,0.0038542452352789717,0.5430555555555555,0.00024094432592391968,12.175828313253012,12.175828313253012,0.5631944444444444,pool=fp64_values_torch_sum_acc_fp64,score=fp64_values_torch_matmul_acc_fp64
R1,11,0.95,"repr=nvfp4, pool=fp64/native, score=fp64/native",fp64,nvfp4,native,1440,0.9693764439436876,0.016592480736200454,0.9484634939066543,0.9844501201923077,0.9998063350392024,0.00157928466796875,0.3828125,0.404296875,0.9693764439436876,,0.0,0,0,0.002463373914175237,0.002295810161539206,0.28315816819667816,0.9648123681545258,0.28312958776950836,4.855543375015259e-05,0.0005688853561878204,0.001112036406993866,0.0010154092674334834,0.0040984076179476775,0.55,0.00031894445419311523,6.568666564370109,6.568666564370109,0.5555555555555556,pool=fp64_values_torch_sum_acc_fp64,score=fp64_values_torch_matmul_acc_fp64
R1,12,0.8,"repr=nvfp4, pool=fp64/native, score=fp64/native",fp64,nvfp4,native,1440,0.9835257832775417,0.007899850063253444,0.9645321776511399,0.9916944781553398,0.9998311878261579,0.0033416748046875,0.671875,0.85546875,0.9835257832775417,,0.0,0,0,0.0011228016536718004,0.002842334008984984,0.09632924199104309,0.9960270822048187,0.09641782939434052,1.4316290616989136e-05,0.00018063466995954514,0.0003036379814147949,0.0009562524100185216,0.004695294119366918,0.5541666666666667,0.0006796196103096008,47.47176684881603,47.47176684881603,0.6076388888888888,pool=fp64_values_torch_sum_acc_fp64,score=fp64_values_torch_matmul_acc_fp64
R1,12,0.9,"repr=nvfp4, pool=fp64/native, score=fp64/native",fp64,nvfp4,native,1440,0.9770541741880365,0.013493902722236384,0.9534600515264158,0.9883939302884616,0.9998311878261579,0.00235748291015625,0.52734375,0.603515625,0.9770541741880365,,0.0,0,0,0.0017683823789727848,0.0026142982310847366,0.15916410833597183,0.9895353317260742,0.15933052450418472,4.335865378379822e-05,0.00032353028655052185,0.0005287870764732361,0.0010338969578736795,0.004237400626465539,0.5784722222222223,0.0005997717380523682,13.832803505455795,13.832803505455795,0.6027777777777777,pool=fp64_values_torch_sum_acc_fp64,score=fp64_values_torch_matmul_acc_fp64
R1,12,0.95,"repr=nvfp4, pool=fp64/native, score=fp64/native",fp64,nvfp4,native,1440,0.9677753141167775,0.020619214322660895,0.9357277882797732,0.9836237980769231,0.9998311878261579,0.0016632080078125,0.3984375,0.42578125,0.9677753141167775,,0.0,0,0,0.002538124746638532,0.0024766108565157027,0.24779874086380005,0.974170446395874,0.24781609326601028,6.373226642608643e-05,0.0005064122378826141,0.0007616788148880005,0.0010618524631187374,0.0046174744780091825,0.575,0.0007793083786964417,12.227846621463643,12.227846621463643,0.6125,pool=fp64_values_torch_sum_acc_fp64,score=fp64_values_torch_matmul_acc_fp64
R1,13,0.8,"repr=nvfp4, pool=fp64/native, score=fp64/native",fp64,nvfp4,native,1440,0.9863274268330477,0.006503129595115453,0.9686353274014211,0.993116656553398,0.9997383014909764,0.00276947021484375,0.595703125,0.708984375,0.9863274268330477,,0.0,0,0,0.0012897254743969445,0.0026351155889431403,0.12594638764858246,0.9930508136749268,0.1258113533258438,1.3751909136772156e-05,0.00017008185386657715,0.00024393200874328613,0.0006951867890150239,0.0032812802032283267,0.5527777777777778,0.00011579692363739014,8.420425301368008,8.420425301368008,0.5291666666666667,pool=fp64_values_torch_sum_acc_fp64,score=fp64_values_torch_matmul_acc_fp64
R1,13,0.9,"repr=nvfp4, pool=fp64/native, score=fp64/native",fp64,nvfp4,native,1440,0.978891036123086,0.013360114617614771,0.9592317315475751,0.9893329326923077,0.9997383014909764,0.002166748046875,0.49609375,0.5546875,0.978891036123086,,0.0,0,0,0.0016950579155340202,0.0024485944136949066,0.19568957388401031,0.9830351769924164,0.19571303576231003,1.1101365089416504e-06,0.0003114081919193268,0.00037158876657485964,0.0008162115366061587,0.0028796227720537426,0.5006944444444444,0.00011728331446647644,105.64765100671141,105.64765100671141,0.5256944444444445,pool=fp64_values_torch_sum_acc_fp64,score=fp64_values_torch_matmul_acc_fp64
R1,13,0.95,"repr=nvfp4, pool=fp64/native, score=fp64/native",fp64,nvfp4,native,1440,0.9632770551414915,0.015337204328788157,0.941373778620388,0.9812950721153846,0.9997383014909764,0.00189971923828125,0.4453125,0.486328125,0.9632770551414915,,0.0,0,0,0.0020914292711501454,0.0023973548822726148,0.2988239675760269,0.960659921169281,0.2993738353252411,1.0635703802108765e-05,0.0005602575838565826,0.0006639599800109863,0.000980764790246614,0.0034405934992102656,0.5180555555555556,7.305294275283813e-05,6.868651488616463,6.868651488616463,0.5,pool=fp64_values_torch_sum_acc_fp64,score=fp64_values_torch_matmul_acc_fp64
R1,14,0.8,"repr=nvfp4, pool=fp64/native, score=fp64/native",fp64,nvfp4,native,1440,0.9844214487300094,0.005898917847933949,0.9751310861423221,0.9921495752427184,0.9998190651032055,0.0031585693359375,0.6484375,0.80859375,0.9844214487300094,,0.0,0,0,0.001185880564503691,0.00271171651065499,0.14398837089538574,0.9914080798625946,0.14414198696613312,2.232566475868225e-05,0.00020758993923664093,0.00024452805519104004,0.0008098906629518429,0.0030172473824000476,0.5708333333333333,0.00022915750741958618,10.264308359753045,10.264308359753045,0.5840277777777778,pool=fp64_values_torch_sum_acc_fp64,score=fp64_values_torch_matmul_acc_fp64
R1,14,0.9,"repr=nvfp4, pool=fp64/native, score=fp64/native",fp64,nvfp4,native,1440,0.9775681497437421,0.008661995016017832,0.9638563103931548,0.9886568509615384,0.9998190651032055,0.0023040771484375,0.51953125,0.58984375,0.9775681497437421,,0.0,0,0,0.00164337920655728,0.0025557442701472943,0.2121894806623459,0.9815961122512817,0.2123768925666809,1.3403594493865967e-05,0.00033863168209791183,0.0003983631730079651,0.0008597308248899986,0.002544534142436713,0.5180555555555556,0.0002526789903640747,18.85158421345192,18.85158421345192,0.5659722222222222,pool=fp64_values_torch_sum_acc_fp64,score=fp64_values_torch_matmul_acc_fp64
R1,14,0.95,"repr=nvfp4, pool=fp64/native, score=fp64/native",fp64,nvfp4,native,1440,0.9674844812296778,0.01598189603228306,0.9467538279949984,0.9834735576923077,0.9998190651032055,0.001678466796875,0.40234375,0.4296875,0.9674844812296778,,0.0,0,0,0.002248531775982739,0.002416371516405149,0.292885884642601,0.9648989737033844,0.29282447695732117,3.110617399215698e-05,0.0005561932921409607,0.0006308466196060181,0.0009087389106704888,0.002952631952765566,0.5277777777777778,0.0004485994577407837,14.421556886227545,14.421556886227545,0.5729166666666666,pool=fp64_values_torch_sum_acc_fp64,score=fp64_values_torch_matmul_acc_fp64
R1,15,0.8,"repr=nvfp4, pool=fp64/native, score=fp64/native",fp64,nvfp4,native,1440,0.9809180377131695,0.01116924496522076,0.9632121097712087,0.9903671116504854,0.9997968831849597,0.003875732421875,0.71484375,0.9921875,0.9809180377131695,,0.0,0,0,0.0010437385095944166,0.003096208045642982,0.18663041293621063,0.9856217503547668,0.1864970475435257,3.931485116481781e-05,0.0003295987844467163,0.0006423294544219971,0.0008128906848936653,0.0037488101456683706,0.5888888888888889,-0.00030313432216644287,-7.710427820154451,7.710427820154451,0.39166666666666666,pool=fp64_values_torch_sum_acc_fp64,score=fp64_values_torch_matmul_acc_fp64
R1,15,0.9,"repr=nvfp4, pool=fp64/native, score=fp64/native",fp64,nvfp4,native,1440,0.972732661529342,0.013736230698745855,0.9540335380746063,0.9861778846153846,0.9997968831849597,0.0028076171875,0.59375,0.71875,0.972732661529342,,0.0,0,0,0.0015052312295927859,0.0028927144692379525,0.26965829730033875,0.9697429537773132,0.26940159499645233,5.6371092796325684e-05,0.00046792998909950256,0.0007941186428070069,0.0008155420070131133,0.0030629517623671915,0.5763888888888888,-0.00042400509119033813,-7.521675918583135,7.521675918583135,0.38333333333333336,pool=fp64_values_torch_sum_acc_fp64,score=fp64_values_torch_matmul_acc_fp64
R1,15,0.95,"repr=nvfp4, pool=fp64/native, score=fp64/native",fp64,nvfp4,native,1440,0.9593759199293495,0.01585048174068493,0.9331837575000712,0.9792668269230769,0.9997968831849597,0.002105712890625,0.48046875,0.5390625,0.9593759199293495,,0.0,0,0,0.0020140303384590568,0.002729815839480408,0.3783365339040756,0.9423680901527405,0.37830474972724915,3.553926944732666e-05,0.0006969869136810303,0.0007952690124511719,0.0009175693126672569,0.002926451193686218,0.5263888888888889,-0.00048698484897613525,-13.70272536687631,13.70272536687631,0.42916666666666664,pool=fp64_values_torch_sum_acc_fp64,score=fp64_values_torch_matmul_acc_fp64
R1,16,0.8,"repr=nvfp4, pool=fp64/native, score=fp64/native",fp64,nvfp4,native,1440,0.9833765843017789,0.00737788075381296,0.9651873856968353,0.9916186286407767,0.9997961928976757,0.0033721923828125,0.671875,0.86328125,0.9833765843017789,,0.0,0,0,0.0011562776060636297,0.0029742707159899203,0.12065433710813522,0.9941191673278809,0.12059247121214867,2.3834407329559326e-05,0.00021532457321882248,0.0002910688519477844,0.0010271566340582673,0.0043525255153622055,0.5763888888888888,0.00033279135823249817,13.962644576430135,13.962644576430135,0.5965277777777778,pool=fp64_values_torch_sum_acc_fp64,score=fp64_values_torch_matmul_acc_fp64
R1,16,0.9,"repr=nvfp4, pool=fp64/native, score=fp64/native",fp64,nvfp4,native,1440,0.9761003488458398,0.014773394252136196,0.9534815467018858,0.9879056490384616,0.9997961928976757,0.0024566650390625,0.546875,0.62890625,0.9761003488458398,,0.0,0,0,0.0016262872822143974,0.0027949214101706124,0.19424662739038467,0.9845227301120758,0.19393815845251083,2.648681402206421e-06,0.00031875353306531906,0.00044845789670944214,0.0010194925461908429,0.0032302136980963715,0.50625,0.0004265531897544861,161.0436005625879,161.0436005625879,0.5777777777777777,pool=fp64_values_torch_sum_acc_fp64,score=fp64_values_torch_matmul_acc_fp64
R1,16,0.95,"repr=nvfp4, pool=fp64/native, score=fp64/native",fp64,nvfp4,native,1440,0.9631322813744285,0.02486906741170991,0.9343214181923859,0.9812199519230769,0.9997961928976757,0.0019073486328125,0.4453125,0.48828125,0.9631322813744285,,0.0,0,0,0.0023655111122259844,0.002592116536996137,0.28507958352565765,0.9663640856742859,0.2846301794052124,3.113597631454468e-05,0.0005484297871589661,0.0007013559341430664,0.0011634549676831454,0.0035545791808268877,0.5361111111111111,0.0007281005382537842,23.384541756401052,23.384541756401052,0.5965277777777778,pool=fp64_values_torch_sum_acc_fp64,score=fp64_values_torch_matmul_acc_fp64
R1,17,0.8,"repr=nvfp4, pool=fp64/native, score=fp64/native",fp64,nvfp4,native,1440,0.9831528279181708,0.005311775736249191,0.970849839300396,0.991504854368932,0.9998177246920767,0.00341796875,0.68359375,0.875,0.9831528279181708,,0.0,0,0,0.0011513774325648941,0.0029165306892485776,0.07442671805620193,0.9975983500480652,0.07429240271449089,4.99822199344635e-05,0.00028016604483127594,0.0008908933028578758,0.001692126041777007,0.008840278706558905,0.64375,0.0018456224352121353,36.92557948870836,36.92557948870836,0.78125,pool=fp64_values_torch_sum_acc_fp64,score=fp64_values_torch_matmul_acc_fp64
R1,17,0.9,"repr=nvfp4, pool=fp64/native, score=fp64/native",fp64,nvfp4,native,1440,0.9786704348974937,0.00808794384022371,0.9600899655713547,0.9892202524038461,0.9998177246920767,0.00218963623046875,0.50390625,0.560546875,0.9786704348974937,,0.0,0,0,0.001825078644272526,0.002626226348796671,0.14148329943418503,0.9910794496536255,0.14164262264966965,5.09209930896759e-05,0.0004283236339688301,0.0007746070623397827,0.0015033046862624193,0.006665712272578008,0.5902777777777778,0.001395639032125473,27.407930353354306,27.407930353354306,0.7708333333333334,pool=fp64_values_torch_sum_acc_fp64,score=fp64_values_torch_matmul_acc_fp64
R1,17,0.95,"repr=nvfp4, pool=fp64/native, score=fp64/native",fp64,nvfp4,native,1440,0.972732661529342,0.013138066596119158,0.9490340500513014,0.9861778846153846,0.9998177246920767,0.00140380859375,0.34375,0.359375,0.972732661529342,,0.0,0,0,0.002857551615935367,0.0023759283226051334,0.22791849076747894,0.9776631891727448,0.22790737450122833,5.602836608886719e-05,0.0005991831421852112,0.0008339747786521911,0.0012934644274163883,0.005606177843514129,0.5736111111111111,0.0016173198819160461,28.866090425531915,28.866090425531915,0.7805555555555556,pool=fp64_values_torch_sum_acc_fp64,score=fp64_values_torch_matmul_acc_fp64
R1,18,0.8,"repr=nvfp4, pool=fp64/native, score=fp64/native",fp64,nvfp4,native,1440,0.980285763263566,0.009513690986626133,0.9662168335498442,0.9900447512135921,0.9994953484814124,0.00400543212890625,0.74609375,1.025390625,0.980285763263566,,0.0,0,0,0.0010248487727830477,0.003230894489822597,0.2202853485941887,0.9807094633579254,0.2202441394329071,9.80570912361145e-05,0.0009607337415218353,0.0020535826683044434,0.0020109687702014444,0.009056697270137505,0.5916666666666667,0.001421906054019928,14.500797811716435,14.500797811716435,0.6805555555555556,pool=fp64_values_torch_sum_acc_fp64,score=fp64_values_torch_matmul_acc_fp64
R1,18,0.9,"repr=nvfp4, pool=fp64/native, score=fp64/native",fp64,nvfp4,native,1440,0.9768339768339769,0.015240448964052744,0.9540550458715596,0.98828125,0.9994953484814124,0.00238037109375,0.53125,0.609375,0.9768339768339769,,0.0,0,0,0.0018098458916863697,0.0028991828482291034,0.35071954131126404,0.9532056152820587,0.3500274121761322,3.3892691135406494e-05,0.0011546425521373749,0.0020771265029907227,0.001659854522485898,0.0062229274798703774,0.5180555555555556,0.001089528203010559,32.14640580347329,32.14640580347329,0.66875,pool=fp64_values_torch_sum_acc_fp64,score=fp64_values_torch_matmul_acc_fp64
R1,18,0.95,"repr=nvfp4, pool=fp64/native, score=fp64/native",fp64,nvfp4,native,1440,0.9628428192273666,0.017053433024767917,0.9396765263004518,0.9810697115384616,0.9994953484814124,0.001922607421875,0.453125,0.4921875,0.9628428192273666,,0.0,0,0,0.0022912665288762893,0.0027565937336630564,0.5347961783409119,0.8945751190185547,0.5342652797698975,7.399916648864746e-05,0.0012963712215423584,0.002215498685836792,0.0013797820098818661,0.004649786687982034,0.5236111111111111,0.0019260644912719727,26.028191703584373,26.028191703584373,0.7,pool=fp64_values_torch_sum_acc_fp64,score=fp64_values_torch_matmul_acc_fp64
R1,19,0.8,"repr=nvfp4, pool=fp64/native, score=fp64/native",fp64,nvfp4,native,1440,0.9831528279181708,0.007322743803631848,0.9701871707699781,0.991504854368932,0.9996760745283229,0.00341796875,0.6796875,0.875,0.9831528279181708,,0.0,0,0,0.0011687916847368434,0.002914649304002425,0.10225832462310791,0.9957626163959503,0.10232561081647873,2.9286369681358337e-05,0.00027237460017204285,0.0003970401361584663,0.0013907932948859594,0.008720251666977152,0.5583333333333333,0.0010702433064579964,36.5440755580996,36.5440755580996,0.6895833333333333,pool=fp64_values_torch_sum_acc_fp64,score=fp64_values_torch_matmul_acc_fp64
R1,19,0.9,"repr=nvfp4, pool=fp64/native, score=fp64/native",fp64,nvfp4,native,1440,0.9784498773872334,0.012074340138611861,0.958936212201848,0.9891075721153846,0.9996760745283229,0.0022125244140625,0.50390625,0.56640625,0.9784498773872334,,0.0,0,0,0.0017788212068432685,0.002649477927400534,0.16220827400684357,0.9893001317977905,0.16218668222427368,2.7105212211608887e-05,0.00039927568286657333,0.0005622416734695435,0.0011936166070569015,0.006679905001210495,0.5347222222222222,0.0009114593267440796,33.62671797691039,33.62671797691039,0.6861111111111111,pool=fp64_values_torch_sum_acc_fp64,score=fp64_values_torch_matmul_acc_fp64
R1,19,0.95,"repr=nvfp4, pool=fp64/native, score=fp64/native",fp64,nvfp4,native,1440,0.9667577857196991,0.016538631968228135,0.9436414075047452,0.9830979567307692,0.9996760745283229,0.00171661376953125,0.41015625,0.439453125,0.9667577857196991,,0.0,0,0,0.002367991295357783,0.002487994165301216,0.24326226115226746,0.9761388301849365,0.24424979090690613,4.527345299720764e-05,0.0007486008107662201,0.0008971631526947021,0.001370279570749164,0.005776512034872806,0.5416666666666666,0.0013753846287727356,30.379494774952686,30.379494774952686,0.7159722222222222,pool=fp64_values_torch_sum_acc_fp64,score=fp64_values_torch_matmul_acc_fp64
R1,2,0.8,"repr=nvfp4, pool=fp64/native, score=fp64/native",fp64,nvfp4,native,1440,0.9733572818440354,0.013304676725591547,0.9597175771088816,0.986498786407767,0.9998182045578639,0.00543212890625,0.8359375,1.390625,0.9733572818440354,,0.0,0,0,0.0009751327048517261,0.004352165573876591,0.05295528098940849,0.9986661374568939,0.05215287208557129,8.686515502631664e-05,0.0003779390826821327,0.001012035086750984,0.0029296618292106178,0.02237419407065432,0.6722222222222223,0.007359257899224758,84.72048310965657,84.72048310965657,0.71875,pool=fp64_values_torch_sum_acc_fp64,score=fp64_values_torch_matmul_acc_fp64
R1,2,0.9,"repr=nvfp4, pool=fp64/native, score=fp64/native",fp64,nvfp4,native,1440,0.9676298869263174,0.01849542564775597,0.9406662293170056,0.9835486778846154,0.9998182045578639,0.0033416748046875,0.66796875,0.85546875,0.9676298869263174,,0.0,0,0,0.0015467086815550966,0.003839478638741433,0.11004391312599182,0.9945827722549438,0.10970661789178848,0.00017856620252132416,0.0014290227554738522,0.004185765981674194,0.00435606516783734,0.023357526068164214,0.6673611111111111,0.005175977945327759,28.986324804155757,28.986324804155757,0.6895833333333333,pool=fp64_values_torch_sum_acc_fp64,score=fp64_values_torch_matmul_acc_fp64
R1,2,0.95,"repr=nvfp4, pool=fp64/native, score=fp64/native",fp64,nvfp4,native,1440,0.9544853912788137,0.023850080471917723,0.9239635518180231,0.9767127403846154,0.9998182045578639,0.0023651123046875,0.5234375,0.60546875,0.9544853912788137,,0.0,0,0,0.0023730480337720325,0.003350489151580558,0.2468087375164032,0.9762148857116699,0.24632468074560165,0.000439424067735672,0.0023158304393291473,0.010358184576034546,0.004426955292842918,0.030662173186145114,0.68125,0.004362978041172028,9.928855430368694,9.928855430368694,0.6777777777777778,pool=fp64_values_torch_sum_acc_fp64,score=fp64_values_torch_matmul_acc_fp64
R1,20,0.8,"repr=nvfp4, pool=fp64/native, score=fp64/native",fp64,nvfp4,native,1440,0.9793566790526592,0.009431219137359337,0.9680512614168337,0.9895706917475728,0.9998046574298076,0.0041961669921875,0.76953125,1.07421875,0.9793566790526592,,0.0,0,0,0.0011714808078827621,0.004064734568340352,0.04285221919417381,0.9991395175457001,0.043014874681830406,2.7433503419160843e-05,0.00018702633678913116,0.00036875084042549134,0.0022461459071912568,0.016619183285239765,0.6097222222222223,0.00990218110382557,360.9521158318198,360.9521158318198,0.9229166666666667,pool=fp64_values_torch_sum_acc_fp64,score=fp64_values_torch_matmul_acc_fp64
R1,20,0.9,"repr=nvfp4, pool=fp64/native, score=fp64/native",fp64,nvfp4,native,1440,0.9725865007038601,0.01700757245852491,0.9497619919443426,0.9861027644230769,0.9998046574298076,0.0028228759765625,0.6015625,0.72265625,0.9725865007038601,,0.0,0,0,0.0018198550607557494,0.003652426521628538,0.08466186374425888,0.9968961477279663,0.08442166447639465,4.523247480392456e-05,0.00033517181873321533,0.0006385728716850281,0.0020111726733525,0.022721638284151347,0.5881944444444445,0.006318163126707077,139.68201284796575,139.68201284796575,0.90625,pool=fp64_values_torch_sum_acc_fp64,score=fp64_values_torch_matmul_acc_fp64
R1,20,0.95,"repr=nvfp4, pool=fp64/native, score=fp64/native",fp64,nvfp4,native,1440,0.9640011802891708,0.016269919588649873,0.9399591955698048,0.9816706730769231,0.9998046574298076,0.001861572265625,0.44140625,0.4765625,0.9640011802891708,,0.0,0,0,0.0026231938438412736,0.0031817309226204425,0.15633126348257065,0.9894219040870667,0.15579777210950851,9.187683463096619e-05,0.0006412407383322716,0.0012196153402328491,0.0022939135996383466,0.02032570247353578,0.5916666666666667,0.00550084188580513,59.87191339253132,59.87191339253132,0.9125,pool=fp64_values_torch_sum_acc_fp64,score=fp64_values_torch_matmul_acc_fp64
R1,21,0.8,"repr=nvfp4, pool=fp64/native, score=fp64/native",fp64,nvfp4,native,1440,0.9783171399632367,0.007493652287851593,0.9651910469135856,0.9890397451456311,0.9997160376742392,0.0044097900390625,0.7890625,1.12890625,0.9783171399632367,,0.0,0,0,0.001021631844806433,0.0034774682161193625,0.07175654917955399,0.9978548884391785,0.07172318547964096,6.562517955899239e-05,0.0003290523309260607,0.0007365047931671143,0.0024408555494241976,0.012103300165246324,0.6652777777777777,0.006592605262994766,100.45847199653727,100.45847199653727,0.8479166666666667,pool=fp64_values_torch_sum_acc_fp64,score=fp64_values_torch_matmul_acc_fp64
R1,21,0.9,"repr=nvfp4, pool=fp64/native, score=fp64/native",fp64,nvfp4,native,1440,0.975220713702797,0.014840470440244502,0.9500333277522014,0.9874549278846154,0.9997160376742392,0.0025482177734375,0.55859375,0.65234375,0.975220713702797,,0.0,1,0,0.0017727054917591818,0.0030821362070038733,0.12933535873889923,0.9932212233543396,0.12938550114631653,9.497813880443573e-05,0.0005368771962821484,0.0010390661656856537,0.0019923595689500966,0.017674597728683517,0.6340277777777777,0.0038835667073726654,40.889058853523174,40.889058853523174,0.8506944444444444,pool=fp64_values_torch_sum_acc_fp64,score=fp64_values_torch_matmul_acc_fp64
R1,21,0.95,"repr=nvfp4, pool=fp64/native, score=fp64/native",fp64,nvfp4,native,1440,0.966903073286052,0.017709740160806065,0.938829012525488,0.9831730769230769,0.9997160376742392,0.001708984375,0.40234375,0.4375,0.966903073286052,,0.0,0,0,0.002612945264455056,0.0028134999165484263,0.22687985748052597,0.9790335297584534,0.22706419974565506,0.00015434622764587402,0.0009653158485889435,0.0015272736549377442,0.0019345752524192465,0.016222640206559547,0.60625,0.004236862063407898,27.450376520563815,27.450376520563815,0.8430555555555556,pool=fp64_values_torch_sum_acc_fp64,score=fp64_values_torch_matmul_acc_fp64
R1,22,0.8,"repr=nvfp4, pool=fp64/native, score=fp64/native",fp64,nvfp4,native,1440,0.9810668670172802,0.007956719993388206,0.9650482542758132,0.9904429611650486,0.9997538629028224,0.00384521484375,0.7265625,0.984375,0.9810668670172802,,0.0,0,0,0.0011157038518331771,0.003331081335666184,0.22572781890630722,0.9812174737453461,0.22563116997480392,3.2767653465270996e-05,0.0005138367414474487,0.0010104849934577942,0.0013781569478587695,0.005882644500886019,0.5534722222222223,0.0005053728818893433,15.422919508867666,15.422919508867666,0.5694444444444444,pool=fp64_values_torch_sum_acc_fp64,score=fp64_values_torch_matmul_acc_fp64
R1,22,0.9,"repr=nvfp4, pool=fp64/native, score=fp64/native",fp64,nvfp4,native,1440,0.9762470308788599,0.01551052025676114,0.9483351628247346,0.9879807692307693,0.9997538629028224,0.00244140625,0.5390625,0.625,0.9762470308788599,,0.0,0,0,0.0018094427251882472,0.0030282903274902913,0.34594619274139404,0.9602889716625214,0.34548625349998474,3.0338764190673828e-05,0.0006498433649539948,0.0008786991238594055,0.0011287191227676348,0.0041294717889220805,0.5298611111111111,0.0006037205457687378,19.899312377210215,19.899312377210215,0.5930555555555556,pool=fp64_values_torch_sum_acc_fp64,score=fp64_values_torch_matmul_acc_fp64
R1,22,0.95,"repr=nvfp4, pool=fp64/native, score=fp64/native",fp64,nvfp4,native,1440,0.9616858237547893,0.02020623614269057,0.932636469221835,0.98046875,0.9997538629028224,0.001983642578125,0.45703125,0.5078125,0.9616858237547893,,0.0,0,0,0.002305216938581489,0.0028602473684777004,0.46266889572143555,0.9256091713905334,0.4630487412214279,7.236003875732422e-05,0.0010232552886009216,0.0013286322355270386,0.0011482053371402365,0.003505084782062684,0.5548611111111111,0.0012509524822235107,17.287891268533773,17.287891268533773,0.6402777777777777,pool=fp64_values_torch_sum_acc_fp64,score=fp64_values_torch_matmul_acc_fp64
R1,23,0.8,"repr=nvfp4, pool=fp64/native, score=fp64/native",fp64,nvfp4,native,1440,0.9804344975718942,0.009675022080506634,0.9621821557913238,0.9901206007281553,0.9997840513153693,0.00397491455078125,0.734375,1.017578125,0.9804344975718942,,0.0,0,0,0.0011040615132051996,0.0033314554239933644,0.17108140885829926,0.9883988797664642,0.17098650336265564,3.37306410074234e-05,0.0006194114685058594,0.0014351129531860352,0.001968405295271023,0.009167484886588377,0.5395833333333333,0.0007705576717853546,22.844441990170633,22.844441990170633,0.5868055555555556,pool=fp64_values_torch_sum_acc_fp64,score=fp64_values_torch_matmul_acc_fp64
R1,23,0.9,"repr=nvfp4, pool=fp64/native, score=fp64/native",fp64,nvfp4,native,1440,0.9733175214942188,0.018390765579463175,0.9426486683692084,0.9864783653846154,0.9997840513153693,0.00274658203125,0.5859375,0.703125,0.9733175214942188,,0.0,0,0,0.0016354864862931611,0.003078916091244649,0.24296017736196518,0.9759566187858582,0.2432529777288437,4.073232412338257e-05,0.0008310787379741669,0.0015595227479934693,0.001617861559237738,0.0063524994604788,0.5354166666666667,0.0008047148585319519,19.75617340406073,19.75617340406073,0.5694444444444444,pool=fp64_values_torch_sum_acc_fp64,score=fp64_values_torch_matmul_acc_fp64
R1,23,0.95,"repr=nvfp4, pool=fp64/native, score=fp64/native",fp64,nvfp4,native,1440,0.9585111078416949,0.023323288247249274,0.9203554523058847,0.9788161057692307,0.9997840513153693,0.0021514892578125,0.4921875,0.55078125,0.9585111078416949,,0.0,0,0,0.002249836549869146,0.0028730042558125475,0.346301332116127,0.9498317241668701,0.34485964477062225,0.00011192262172698975,0.0011993944644927979,0.001985090970993042,0.0016748863084896804,0.0059620052429223604,0.5708333333333333,0.0014008358120918274,12.516109705764878,12.516109705764878,0.5895833333333333,pool=fp64_values_torch_sum_acc_fp64,score=fp64_values_torch_matmul_acc_fp64
R1,24,0.8,"repr=nvfp4, pool=fp64/native, score=fp64/native",fp64,nvfp4,native,1440,0.9815507174409285,0.006848740870638359,0.9705515834361499,0.9906894720873787,0.9997393794427609,0.00374603271484375,0.71875,0.958984375,0.9815507174409285,,0.0,0,0,0.0010687708072312089,0.003117458715629861,0.1971859335899353,0.9870070219039917,0.1970265880227089,7.646530866622925e-05,0.0007372673135250807,0.00155370831489563,0.001944777756268891,0.008950027604108356,0.6229166666666667,0.0024083703756332397,31.4962486602358,31.4962486602358,0.7354166666666667,pool=fp64_values_torch_sum_acc_fp64,score=fp64_values_torch_matmul_acc_fp64
R1,24,0.9,"repr=nvfp4, pool=fp64/native, score=fp64/native",fp64,nvfp4,native,1440,0.9805103027598007,0.011486437322558163,0.9590875643855776,0.9901592548076923,0.9997393794427609,0.0019989013671875,0.4609375,0.51171875,0.9805103027598007,,0.0,0,0,0.002071762994593901,0.0027483880825085617,0.32036708295345306,0.96711066365242,0.3202587515115738,0.00012513995170593262,0.0007494091987609863,0.0013630002737045287,0.0013191445053283666,0.0058545831811202724,0.6020833333333333,0.0015846863389015198,12.663312693498453,12.663312693498453,0.7194444444444444,pool=fp64_values_torch_sum_acc_fp64,score=fp64_values_torch_matmul_acc_fp64
R1,24,0.95,"repr=nvfp4, pool=fp64/native, score=fp64/native",fp64,nvfp4,native,1440,0.9701050762172562,0.010487102119610014,0.9539116395126964,0.9848257211538461,0.9997393794427609,0.0015411376953125,0.37109375,0.39453125,0.9701050762172562,,0.0,0,0,0.0026755536679833967,0.002496649343281594,0.4790537655353546,0.9270237386226654,0.47872452437877655,0.0001347362995147705,0.0010248571634292603,0.0014375567436218262,0.0011412269235129622,0.0044939394871702535,0.5861111111111111,0.002747565507888794,20.3921698739217,20.3921698739217,0.7777777777777778,pool=fp64_values_torch_sum_acc_fp64,score=fp64_values_torch_matmul_acc_fp64
R1,25,0.8,"repr=nvfp4, pool=fp64/native, score=fp64/native",fp64,nvfp4,native,1440,0.9815134891410536,0.010649071983801939,0.9487499848302063,0.9906705097087378,0.9997816341748216,0.003753662109375,0.7109375,0.9609375,0.9815134891410536,,0.0,1,0,0.0010529925474680435,0.0031511920074323266,0.09191996604204178,0.9962802231311798,0.09177053347229958,2.7157366275787354e-05,0.0002480447292327881,0.00047541148960590364,0.001497590776102912,0.007109504071482276,0.5701388888888889,0.0006859656423330307,25.25891632373114,25.25891632373114,0.6472222222222223,pool=fp64_values_torch_sum_acc_fp64,score=fp64_values_torch_matmul_acc_fp64
R1,25,0.9,"repr=nvfp4, pool=fp64/native, score=fp64/native",fp64,nvfp4,native,1440,0.973463790675265,0.017840424332858595,0.9026112605314462,0.9865534855769231,0.9997816341748216,0.0027313232421875,0.578125,0.69921875,0.973463790675265,,0.0,0,0,0.001484732904992317,0.0029540610684378977,0.1567680761218071,0.9894095957279205,0.15654364228248596,4.225969314575195e-05,0.00039351917803287506,0.0007548719644546509,0.0013911064156639417,0.00587003930884087,0.5930555555555556,0.0006235390901565552,14.7549365303244,14.7549365303244,0.6236111111111111,pool=fp64_values_torch_sum_acc_fp64,score=fp64_values_torch_matmul_acc_fp64
R1,25,0.95,"repr=nvfp4, pool=fp64/native, score=fp64/native",fp64,nvfp4,native,1440,0.9660316053758676,0.018252654630643406,0.9331697264526687,0.9827223557692307,0.9997816341748216,0.0017547607421875,0.4140625,0.44921875,0.9660316053758676,,0.0,0,0,0.0022182376496949815,0.002577764455474859,0.2307099848985672,0.9771133959293365,0.23056398332118988,2.8565526008605957e-05,0.0005792267620563507,0.000745198130607605,0.001202363934432678,0.0043281133443266555,0.5263888888888889,0.0006009414792060852,21.037297861241523,21.037297861241523,0.6270833333333333,pool=fp64_values_torch_sum_acc_fp64,score=fp64_values_torch_matmul_acc_fp64
R1,26,0.8,"repr=nvfp4, pool=fp64/native, score=fp64/native",fp64,nvfp4,native,1440,0.9799883616581805,0.010336182701473628,0.9619047619047618,0.989893052184466,0.9997833318659358,0.00406646728515625,0.75,1.041015625,0.9799883616581805,,0.0,0,0,0.0010863071566934,0.003562720901176179,0.04002402164041996,0.9992592930793762,0.04000944457948208,3.2473355531692505e-05,0.00017173262313008308,0.00024891681969165804,0.0019237683173946832,0.011351754661551274,0.65,0.0014341091737151146,44.16264196397843,44.16264196397843,0.7430555555555556,pool=fp64_values_torch_sum_acc_fp64,score=fp64_values_torch_matmul_acc_fp64
R1,26,0.9,"repr=nvfp4, pool=fp64/native, score=fp64/native",fp64,nvfp4,native,1440,0.9743418613274009,0.0149119315440005,0.9446280604297177,0.9870042067307693,0.9997833318659358,0.0026397705078125,0.57421875,0.67578125,0.9743418613274009,,0.0,0,0,0.0017405946812549151,0.0032267258336326167,0.07912156358361244,0.9970663785934448,0.07915513589978218,4.8383139073848724e-05,0.0002790745347738266,0.00043497420847415924,0.0018526488444298459,0.008986676885890882,0.59375,0.0008792988955974579,18.17366364458817,18.17366364458817,0.7083333333333334,pool=fp64_values_torch_sum_acc_fp64,score=fp64_values_torch_matmul_acc_fp64
R1,26,0.95,"repr=nvfp4, pool=fp64/native, score=fp64/native",fp64,nvfp4,native,1440,0.9624087966864998,0.022502408148801,0.927306160119359,0.9808443509615384,0.9997833318659358,0.00194549560546875,0.45703125,0.498046875,0.9624087966864998,,0.0,0,0,0.002383445011842065,0.0028897892341904563,0.14346188306808472,0.9904397130012512,0.14319847524166107,6.639957427978516e-05,0.0005547329783439636,0.0008471205830574036,0.0019604013741301033,0.010267377901844076,0.5944444444444444,0.0009951889514923096,14.987881508078994,14.987881508078994,0.6881944444444444,pool=fp64_values_torch_sum_acc_fp64,score=fp64_values_torch_matmul_acc_fp64
R1,27,0.8,"repr=nvfp4, pool=fp64/native, score=fp64/native",fp64,nvfp4,native,1440,0.9706289002653115,0.018558596811779515,0.9494991877736018,0.9850955703883495,0.9997951902086839,0.0059967041015625,0.87890625,1.53515625,0.9706289002653115,,0.0,0,0,0.0011012731339839973,0.005411109799734829,0.022178559564054012,0.9997628927230835,0.021861422806978226,4.077516496181488e-05,0.00021335412748157978,0.0004269364755600691,0.003474094076742427,0.023293530848619112,0.6638888888888889,0.005149610340595245,126.2928143986113,126.2928143986113,0.8305555555555556,pool=fp64_values_torch_sum_acc_fp64,score=fp64_values_torch_matmul_acc_fp64
R1,27,0.9,"repr=nvfp4, pool=fp64/native, score=fp64/native",fp64,nvfp4,native,1440,0.9666124981533462,0.021898642713864103,0.9354393162777603,0.9830228365384616,0.9997951902086839,0.003448486328125,0.67578125,0.8828125,0.9666124981533462,,0.0,0,0,0.0017842289372950698,0.00475058734513121,0.04713328927755356,0.9989533424377441,0.046770647168159485,6.568338721990585e-05,0.00044298404827713966,0.000887281447649002,0.003783009493065321,0.03138319269254446,0.5993055555555555,0.003453870303928852,52.583620457413474,52.583620457413474,0.8006944444444445,pool=fp64_values_torch_sum_acc_fp64,score=fp64_values_torch_matmul_acc_fp64
R1,27,0.95,"repr=nvfp4, pool=fp64/native, score=fp64/native",fp64,nvfp4,native,1440,0.9527651459586328,0.032272163191091385,0.907696278041018,0.9758112980769231,0.9997951902086839,0.0024566650390625,0.54296875,0.62890625,0.9527651459586328,,0.0,0,0,0.002517764065124597,0.004447709660414405,0.10195024684071541,0.9953396618366241,0.10148809105157852,0.00016416888684034348,0.001088554970920086,0.0025253303349018095,0.0051400772285935745,0.034127558720508724,0.5993055555555555,0.0030279457569122314,18.444090199971637,18.444090199971637,0.7743055555555556,pool=fp64_values_torch_sum_acc_fp64,score=fp64_values_torch_matmul_acc_fp64
R1,28,0.8,"repr=nvfp4, pool=fp64/native, score=fp64/native",fp64,nvfp4,native,1440,0.9638774066212341,0.02451100934818551,0.9344851619529733,0.9816064927184466,0.9978351101233727,0.0074005126953125,0.921875,1.89453125,0.9638774066212341,,0.0,0,0,0.0010356278964648536,0.0063803439517766715,0.04114867374300957,0.9992451369762421,0.04247376136481762,7.239228580147028e-06,0.0003385035088285804,0.0004810340702533722,0.004203876436976714,0.06495471716055619,0.5729166666666666,0.006271034479141235,866.2572827633896,866.2572827633896,0.7791666666666667,pool=fp64_values_torch_sum_acc_fp64,score=fp64_values_torch_matmul_acc_fp64
R1,28,0.9,"repr=nvfp4, pool=fp64/native, score=fp64/native",fp64,nvfp4,native,1440,0.9510479261321999,0.038357671850601016,0.8695250705696049,0.9749098557692307,0.9978351101233727,0.005096435546875,0.818359375,1.3046875,0.9510479261321999,,0.0,0,0,0.001466299370716065,0.005731844625543074,0.08037713542580605,0.9970836043357849,0.0810529850423336,1.6378704458475113e-05,0.0005691051483154297,0.000955190509557724,0.003911685489967226,0.02957514326363171,0.5506944444444445,0.004151422530412674,253.46464617746568,253.46464617746568,0.7673611111111112,pool=fp64_values_torch_sum_acc_fp64,score=fp64_values_torch_matmul_acc_fp64
R1,28,0.95,"repr=nvfp4, pool=fp64/native, score=fp64/native",fp64,nvfp4,native,1440,0.9398178609351282,0.04903811470226127,0.8180824911226441,0.9689753605769231,0.9978351101233727,0.00315093994140625,0.640625,0.806640625,0.9398178609351282,,0.0,0,0,0.0023794839233161006,0.004881771874570853,0.12298066914081573,0.9929825663566589,0.12025351077318192,0.000147208571434021,0.0016499608755111694,0.004380587674677372,0.005683997210558624,0.08969468254663032,0.6111111111111112,0.0026666708290576935,18.114915477275026,18.114915477275026,0.7361111111111112,pool=fp64_values_torch_sum_acc_fp64,score=fp64_values_torch_matmul_acc_fp64
R1,29,0.8,"repr=nvfp4, pool=fp64/native, score=fp64/native",fp64,nvfp4,native,1440,0.970849842053016,0.020721177045283534,0.9442524255560908,0.9852093446601942,0.9989341154081157,0.005950927734375,0.87890625,1.5234375,0.970849842053016,,0.0,0,0,0.0010768680805940995,0.005354120890908387,0.041922228410840034,0.9992695748806,0.04206980764865875,1.4845456462353468e-05,0.00021098880097270012,0.00037813279777765274,0.0025685424209864203,0.03130629410757246,0.5763888888888888,0.0044066160917282104,296.8326439071059,296.8326439071059,0.6965277777777777,pool=fp64_values_torch_sum_acc_fp64,score=fp64_values_torch_matmul_acc_fp64
R1,29,0.9,"repr=nvfp4, pool=fp64/native, score=fp64/native",fp64,nvfp4,native,1440,0.9606023812434106,0.03132775262624832,0.9083731490569786,0.9799053485576923,0.9989341154081157,0.00408172607421875,0.75390625,1.044921875,0.9606023812434106,,0.0,0,0,0.0016418389556974973,0.004975511000217173,0.09338179975748062,0.9961993396282196,0.09212076663970947,5.869939923286438e-05,0.0005392278544604778,0.0013957977294921874,0.002654440539584066,0.04776434714050207,0.5743055555555555,0.0028351712971925735,48.29983499397093,48.29983499397093,0.7,pool=fp64_values_torch_sum_acc_fp64,score=fp64_values_torch_matmul_acc_fp64
R1,29,0.95,"repr=nvfp4, pool=fp64/native, score=fp64/native",fp64,nvfp4,native,1440,0.9544853912788137,0.038836337676244836,0.8773092652658299,0.9767127403846154,0.9989341154081157,0.0023651123046875,0.53125,0.60546875,0.9544853912788137,,0.0,0,0,0.002597425568418233,0.004240921602124614,0.18005479127168655,0.9851901531219482,0.17651661485433578,9.17091965675354e-05,0.0011218180879950523,0.003041064739227295,0.0033514926523366463,0.052831358285620675,0.5472222222222223,0.002637021243572235,28.754163620115364,28.754163620115364,0.7236111111111111,pool=fp64_values_torch_sum_acc_fp64,score=fp64_values_torch_matmul_acc_fp64
R1,3,0.8,"repr=nvfp4, pool=fp64/native, score=fp64/native",fp64,nvfp4,native,1440,0.9804344975718942,0.010483479981136856,0.9643126527300134,0.9901206007281553,0.9997129665681264,0.00397491455078125,0.734375,1.017578125,0.9804344975718942,,0.0,0,0,0.0010217019164659247,0.0030451317744764343,0.1035417914390564,0.995758444070816,0.10347070917487144,2.0154286175966263e-05,0.00023950077593326569,0.0003803610801696777,0.001256189735236025,0.01020518098284037,0.55625,0.0011157430708408356,55.36008872253414,55.36008872253414,0.64375,pool=fp64_values_torch_sum_acc_fp64,score=fp64_values_torch_matmul_acc_fp64
R1,3,0.9,"repr=nvfp4, pool=fp64/native, score=fp64/native",fp64,nvfp4,native,1440,0.9740490843034033,0.01388545039238831,0.9506119478489616,0.9868539663461539,0.9997129665681264,0.0026702880859375,0.57421875,0.68359375,0.9740490843034033,,0.0,0,0,0.001494230728168438,0.0027943951181863902,0.19806450605392456,0.9848020672798157,0.1980890929698944,2.238154411315918e-05,0.0005266442894935608,0.0007401173934340477,0.0014065843202024644,0.012302815287787452,0.5368055555555555,0.0009254664182662964,41.34953395472703,41.34953395472703,0.6319444444444444,pool=fp64_values_torch_sum_acc_fp64,score=fp64_values_torch_matmul_acc_fp64
R1,3,0.95,"repr=nvfp4, pool=fp64/native, score=fp64/native",fp64,nvfp4,native,1440,0.9663220088626292,0.014509654762645874,0.9450613676212741,0.9828725961538461,0.9997129665681264,0.001739501953125,0.41015625,0.4453125,0.9663220088626292,,0.0,0,0,0.002296914723062984,0.002472828878043196,0.31935200095176697,0.9584537446498871,0.31914031505584717,2.925097942352295e-05,0.0010108277201652527,0.001288604736328125,0.0016718836364928292,0.010887649771148616,0.5256944444444445,0.0009080842137336731,31.044574630667345,31.044574630667345,0.6416666666666667,pool=fp64_values_torch_sum_acc_fp64,score=fp64_values_torch_matmul_acc_fp64
R1,4,0.8,"repr=nvfp4, pool=fp64/native, score=fp64/native",fp64,nvfp4,native,1440,0.9827427396799155,0.00893114552276264,0.967463872194182,0.9912962682038835,0.999776244415899,0.00350189208984375,0.69140625,0.896484375,0.9827427396799155,,0.0,0,0,0.0010073140883837023,0.0027769097244707093,0.08527476340532303,0.9969969093799591,0.08500685170292854,2.8539448976516724e-05,0.00020337081514298916,0.0002973463386297226,0.0010457642181164717,0.007060408595512715,0.5861111111111111,0.0009064879268407822,31.762628899621458,31.762628899621458,0.6215277777777778,pool=fp64_values_torch_sum_acc_fp64,score=fp64_values_torch_matmul_acc_fp64
R1,4,0.9,"repr=nvfp4, pool=fp64/native, score=fp64/native",fp64,nvfp4,native,1440,0.978155880823241,0.011745997480990034,0.95620148396419,0.9889573317307693,0.999776244415899,0.0022430419921875,0.5078125,0.57421875,0.978155880823241,,0.0,0,0,0.0016434988917354918,0.002558253081999173,0.15665681660175323,0.9898892045021057,0.15634403377771378,4.444317892193794e-05,0.0003973827697336674,0.0006575033068656922,0.0010174925328730452,0.0075452774344661674,0.5847222222222223,0.000690266489982605,15.531438270764138,15.531438270764138,0.6069444444444444,pool=fp64_values_torch_sum_acc_fp64,score=fp64_values_torch_matmul_acc_fp64
R1,4,0.95,"repr=nvfp4, pool=fp64/native, score=fp64/native",fp64,nvfp4,native,1440,0.9701050762172562,0.013176406277013442,0.9490483162518302,0.9848257211538461,0.999776244415899,0.0015411376953125,0.373046875,0.39453125,0.9701050762172562,,0.0,0,0,0.002550563807124719,0.002384134295126985,0.27774272859096527,0.9679258763790131,0.2777513563632965,9.114481508731842e-05,0.0008059944957494736,0.0013824082911014558,0.0012919314431321708,0.009128936884102393,0.5861111111111111,0.0009511038661003113,10.435084707661497,10.435084707661497,0.6111111111111112,pool=fp64_values_torch_sum_acc_fp64,score=fp64_values_torch_matmul_acc_fp64
R1,5,0.8,"repr=nvfp4, pool=fp64/native, score=fp64/native",fp64,nvfp4,native,1440,0.9786140396953439,0.007715948269484518,0.9648286140089418,0.9891914441747572,0.9997567548450714,0.0043487548828125,0.7734375,1.11328125,0.9786140396953439,,0.0,0,0,0.0010286650046969095,0.0037486668881165884,0.05990363657474518,0.9984025359153748,0.05952277220785618,6.58966600894928e-05,0.00023221317678689957,0.0004513859748840332,0.0019104477321363117,0.014089750160321149,0.6909722222222222,0.007407854311168194,112.4162332523037,112.4162332523037,0.7618055555555555,pool=fp64_values_torch_sum_acc_fp64,score=fp64_values_torch_matmul_acc_fp64
R1,5,0.9,"repr=nvfp4, pool=fp64/native, score=fp64/native",fp64,nvfp4,native,1440,0.9724403615350422,0.010807172370273177,0.9546288818735775,0.9860276442307693,0.9997567548450714,0.002838134765625,0.6015625,0.7265625,0.9724403615350422,,0.0,0,0,0.0016796254034311265,0.003486845445416369,0.11748805642127991,0.9938287138938904,0.11728434637188911,6.174668669700623e-05,0.0004809959791600704,0.0009528156369924545,0.0017033553153817382,0.01906564694798944,0.5854166666666667,0.005001135170459747,80.9943891402715,80.9943891402715,0.7652777777777777,pool=fp64_values_torch_sum_acc_fp64,score=fp64_values_torch_matmul_acc_fp64
R1,5,0.95,"repr=nvfp4, pool=fp64/native, score=fp64/native",fp64,nvfp4,native,1440,0.9677753141167775,0.014531101589581596,0.947038563931104,0.9836237980769231,0.9997567548450714,0.0016632080078125,0.39453125,0.42578125,0.9677753141167775,,0.0,0,0,0.0028796782947025086,0.0030666655167946137,0.22951339185237885,0.9792318046092987,0.2301275059580803,0.00013106316328048706,0.0008962973952293396,0.0015342697501182557,0.0018609812675628354,0.015155534714038122,0.5763888888888888,0.003926193341612816,29.956497640839064,29.956497640839064,0.7694444444444445,pool=fp64_values_torch_sum_acc_fp64,score=fp64_values_torch_matmul_acc_fp64
R1,6,0.8,"repr=nvfp4, pool=fp64/native, score=fp64/native",fp64,nvfp4,native,1440,0.9853179234273237,0.006663348085361731,0.9709234966550809,0.9926046723300971,0.9998652481688712,0.0029754638671875,0.62890625,0.76171875,0.9853179234273237,,0.0,0,0,0.001083377905104283,0.002318641478773688,0.14996238052845,0.9910208880901337,0.15002138167619705,2.6881694793701172e-05,0.00023478269577026367,0.00036796629428863524,0.0007101904125544774,0.004600114020728518,0.5659722222222222,0.00017768889665603638,6.610033259423504,6.610033259423504,0.5368055555555555,pool=fp64_values_torch_sum_acc_fp64,score=fp64_values_torch_matmul_acc_fp64
R1,6,0.9,"repr=nvfp4, pool=fp64/native, score=fp64/native",fp64,nvfp4,native,1440,0.9790381327584925,0.011014314560196747,0.9583670467083486,0.9894080528846154,0.9998652481688712,0.0021514892578125,0.49609375,0.55078125,0.9790381327584925,,0.0,0,0,0.001504692866275636,0.002147198319329343,0.25209254026412964,0.9748978316783905,0.25190621614456177,4.717707633972168e-05,0.0004112645983695984,0.0006559669971466064,0.0007784066973864109,0.004377471392155482,0.5534722222222223,0.00011252611875534058,2.38518635502211,2.38518635502211,0.4951388888888889,pool=fp64_values_torch_sum_acc_fp64,score=fp64_values_torch_matmul_acc_fp64
R1,6,0.95,"repr=nvfp4, pool=fp64/native, score=fp64/native",fp64,nvfp4,native,1440,0.9683572379121692,0.016871110949510437,0.9473233831714385,0.9839242788461539,0.9998652481688712,0.0016326904296875,0.390625,0.41796875,0.9683572379121692,,0.0,0,0,0.002232382565806796,0.002040751747376969,0.3635241240262985,0.9497149884700775,0.36318209767341614,0.00010207295417785645,0.0007493048906326294,0.0012153759598731995,0.0009116874689563267,0.0055796342103995485,0.5805555555555556,7.604062557220459e-05,0.744963503649635,0.744963503649635,0.49583333333333335,pool=fp64_values_torch_sum_acc_fp64,score=fp64_values_torch_matmul_acc_fp64
R1,7,0.8,"repr=nvfp4, pool=fp64/native, score=fp64/native",fp64,nvfp4,native,1440,0.9843467790487658,0.007703801871946858,0.9676143571375271,0.9921116504854369,0.9997293450440254,0.003173828125,0.6484375,0.8125,0.9843467790487658,,0.0,0,0,0.0011245869807741907,0.002683606230654944,0.10449529439210892,0.9954855740070343,0.10421862453222275,5.1468610763549805e-05,0.00018303282558918,0.0003817114047706127,0.0009438616536707161,0.00590815176219725,0.6541666666666667,0.0005530864000320435,10.746091488129705,10.746091488129705,0.6340277777777777,pool=fp64_values_torch_sum_acc_fp64,score=fp64_values_torch_matmul_acc_fp64
R1,7,0.9,"repr=nvfp4, pool=fp64/native, score=fp64/native",fp64,nvfp4,native,1440,0.978743961352657,0.011344536688093654,0.9582158058289645,0.9892578125,0.9997293450440254,0.0021820068359375,0.49609375,0.55859375,0.978743961352657,,0.0,0,0,0.0016995707608920237,0.0024774856714231738,0.17985005676746368,0.986626386642456,0.17978644371032715,6.15045428276062e-05,0.0003566928207874298,0.0007096081972122192,0.000990986756058132,0.00661261187153057,0.6208333333333333,0.0005019009113311768,8.16038764385221,8.16038764385221,0.6159722222222223,pool=fp64_values_torch_sum_acc_fp64,score=fp64_values_torch_matmul_acc_fp64
R1,7,0.95,"repr=nvfp4, pool=fp64/native, score=fp64/native",fp64,nvfp4,native,1440,0.9686483288967761,0.017447737176682132,0.9467680608365019,0.9840745192307693,0.9997293450440254,0.001617431640625,0.38671875,0.4140625,0.9686483288967761,,0.0,0,0,0.0024841008644488783,0.0022917629372558217,0.27994517982006073,0.9688660800457001,0.2800709903240204,0.00010047852993011475,0.0006700716912746429,0.0010859876871109008,0.001169227736996859,0.005896899155895957,0.6083333333333333,0.0005983635783195496,5.955138662316476,5.955138662316476,0.6048611111111111,pool=fp64_values_torch_sum_acc_fp64,score=fp64_values_torch_matmul_acc_fp64
R1,8,0.8,"repr=nvfp4, pool=fp64/native, score=fp64/native",fp64,nvfp4,native,1440,0.9832274077695461,0.0055182971027096794,0.9748315331761521,0.9915427791262136,0.9997801526677843,0.0034027099609375,0.67578125,0.87109375,0.9832274077695461,,0.0,0,0,0.001141075688975835,0.0029039645448937328,0.07918207719922066,0.9973037242889404,0.0791393406689167,4.018377512693405e-05,0.00021487963385879993,0.00032238829880952834,0.0011708439342097811,0.007117739127551577,0.6215277777777778,0.0008257664740085602,20.549748534081164,20.549748534081164,0.6298611111111111,pool=fp64_values_torch_sum_acc_fp64,score=fp64_values_torch_matmul_acc_fp64
R1,8,0.9,"repr=nvfp4, pool=fp64/native, score=fp64/native",fp64,nvfp4,native,1440,0.9765404602821084,0.008214839058040546,0.9657412876550502,0.9881310096153846,0.9997801526677843,0.002410888671875,0.53125,0.6171875,0.9765404602821084,,0.0,0,0,0.0016686409807018686,0.002733945459058696,0.13166674971580505,0.9925320148468018,0.1318766251206398,6.979983299970627e-05,0.00036800093948841095,0.0005486451089382171,0.0011892794008968102,0.006708853713005019,0.6076388888888888,0.0006789788603782654,9.727514109971047,9.727514109971047,0.6208333333333333,pool=fp64_values_torch_sum_acc_fp64,score=fp64_values_torch_matmul_acc_fp64
R1,8,0.95,"repr=nvfp4, pool=fp64/native, score=fp64/native",fp64,nvfp4,native,1440,0.9680662329982259,0.01018222894219023,0.9530516431924883,0.9837740384615384,0.9997801526677843,0.00164794921875,0.390625,0.421875,0.9680662329982259,,0.0,0,0,0.002517139782585726,0.0025009050161779863,0.2183620184659958,0.9801361560821533,0.21833015233278275,0.00016385875642299652,0.0006538070738315582,0.0010029256343841552,0.0013502048692905272,0.006329690245446183,0.6631944444444444,0.0009533874690532684,5.818349228723102,5.818349228723102,0.6263888888888889,pool=fp64_values_torch_sum_acc_fp64,score=fp64_values_torch_matmul_acc_fp64
R1,9,0.8,"repr=nvfp4, pool=fp64/native, score=fp64/native",fp64,nvfp4,native,1440,0.9850937288263194,0.005079266624055334,0.9753530359216391,0.9924908980582524,0.9997909959232614,0.003021240234375,0.6328125,0.7734375,0.9850937288263194,,0.0,0,0,0.0011975225548816729,0.002676222222890331,0.13422609865665436,0.9923752546310425,0.13423114269971848,3.224983811378479e-05,0.0002746470272541046,0.0005915164947509766,0.0010199129079364313,0.006452250835685969,0.5763888888888888,0.00048401951789855957,15.008432482384197,15.008432482384197,0.6305555555555555,pool=fp64_values_torch_sum_acc_fp64,score=fp64_values_torch_matmul_acc_fp64
R1,9,0.9,"repr=nvfp4, pool=fp64/native, score=fp64/native",fp64,nvfp4,native,1440,0.9805103027598007,0.007807754669072908,0.9657412876550502,0.9901592548076923,0.9997909959232614,0.0019989013671875,0.4609375,0.51171875,0.9805103027598007,,0.0,0,0,0.0018730725285764594,0.0024434127961814244,0.21689964085817337,0.981122612953186,0.21634960919618607,3.182142972946167e-05,0.0003413856029510498,0.0005431026220321655,0.0008559050077949805,0.003542411630667864,0.5590277777777778,0.000443972647190094,13.952001873097636,13.952001873097636,0.6395833333333333,pool=fp64_values_torch_sum_acc_fp64,score=fp64_values_torch_matmul_acc_fp64
R1,9,0.95,"repr=nvfp4, pool=fp64/native, score=fp64/native",fp64,nvfp4,native,1440,0.9724403615350422,0.011162783757887373,0.9527508252990116,0.9860276442307693,0.9997909959232614,0.0014190673828125,0.34765625,0.36328125,0.9724403615350422,,0.0,0,0,0.002581033105355567,0.0022766817446602918,0.3051079511642456,0.9631852209568024,0.3046976178884506,3.4555792808532715e-05,0.0005132667720317841,0.0007071703672409058,0.000858539371535221,0.002837361840943882,0.5256944444444445,0.0007107257843017578,20.567485985338507,20.567485985338507,0.6527777777777778,pool=fp64_values_torch_sum_acc_fp64,score=fp64_values_torch_matmul_acc_fp64
R2,0,0.8,"repr=bf16, pool=fp32/native, score=fp32/native",fp32,bf16,native,1440,1.0,0.0,1.0,1.0,0.9999999991268818,0.0,0.0,0.0,1.0,0.9650482542758132,0.0,1,0,0.0011201339456768822,1.2818368350742498e-07,0.07027759402990341,0.9979122579097748,0.07027759402990341,0.0,0.0,0.0,0.0,0.0,0.002777777777777778,0.0,,,0.005555555555555556,pool=fp32_values_torch_sum_acc_fp32,score=fp32_values_torch_matmul_acc_fp32_tf32_disabled
R2,0,0.9,"repr=bf16, pool=fp32/native, score=fp32/native",fp32,bf16,native,1440,1.0,0.0,1.0,1.0,0.9999999991268818,0.0,0.0,0.0,1.0,0.9551312675523207,0.0,1,0,0.0015783810294463913,4.5671632854504415e-08,0.11654090136289597,0.9943367838859558,0.11654090136289597,0.0,0.0,0.0,0.0,0.0,0.0,0.0,,,0.004166666666666667,pool=fp32_values_torch_sum_acc_fp32,score=fp32_values_torch_matmul_acc_fp32_tf32_disabled
R2,0,0.95,"repr=bf16, pool=fp32/native, score=fp32/native",fp32,bf16,native,1440,1.0,0.0,1.0,1.0,0.9999999991268818,0.0,0.0,0.0,1.0,0.9398178609351282,0.0,0,0,0.0021686827562488404,6.621754875990761e-08,0.18720756471157074,0.9844485521316528,0.18720756471157074,0.0,0.0,0.0,0.0,0.0,0.001388888888888889,0.0,,,0.002777777777777778,pool=fp32_values_torch_sum_acc_fp32,score=fp32_values_torch_matmul_acc_fp32_tf32_disabled
R2,1,0.8,"repr=bf16, pool=fp32/native, score=fp32/native",fp32,bf16,native,1440,1.0,0.0,1.0,1.0,0.9999999993888172,0.0,0.0,0.0,1.0,0.9717340910790399,0.0,1,0,0.000985681501717126,3.693552858348662e-08,0.04689733125269413,0.9990608990192413,0.04689733125269413,0.0,0.0,0.0,0.0,0.0,0.002777777777777778,0.0,,,0.005555555555555556,pool=fp32_values_torch_sum_acc_fp32,score=fp32_values_torch_matmul_acc_fp32_tf32_disabled
R2,1,0.9,"repr=bf16, pool=fp32/native, score=fp32/native",fp32,bf16,native,1440,1.0,0.0,1.0,1.0,0.9999999993888172,0.0,0.0,0.0,1.0,0.9629875396298754,0.0,0,0,0.0015111026599233315,5.627919239412168e-08,0.09681206569075584,0.9961541295051575,0.09681206569075584,0.0,0.0,0.0,0.0,0.0,0.001388888888888889,0.0,,,0.0020833333333333333,pool=fp32_values_torch_sum_acc_fp32,score=fp32_values_torch_matmul_acc_fp32_tf32_disabled
R2,1,0.95,"repr=bf16, pool=fp32/native, score=fp32/native",fp32,bf16,native,1440,1.0,0.0,1.0,1.0,0.9999999993888172,0.0,0.0,0.0,1.0,0.9556339062729543,0.0,1,0,0.0023914707145881136,4.982437294474121e-08,0.1912045031785965,0.9846450388431549,0.1912045031785965,0.0,0.0,0.0,0.0,0.0,0.003472222222222222,0.0,,,0.004861111111111111,pool=fp32_values_torch_sum_acc_fp32,score=fp32_values_torch_matmul_acc_fp32_tf32_disabled
R2,10,0.8,"repr=bf16, pool=fp32/native, score=fp32/native",fp32,bf16,native,1440,1.0,0.0,1.0,1.0,0.9999999993015054,0.0,0.0,0.0,1.0,0.9847201836588763,0.0,1,0,0.0011285735961880602,9.968867556169934e-08,0.1598263755440712,0.9892865121364594,0.1598263755440712,0.0,0.0,0.0,0.0,0.0,0.004166666666666667,0.0,,,0.0006944444444444445,pool=fp32_values_torch_sum_acc_fp32,score=fp32_values_torch_matmul_acc_fp32_tf32_disabled
R2,10,0.9,"repr=bf16, pool=fp32/native, score=fp32/native",fp32,bf16,native,1440,1.0,0.0,1.0,1.0,0.9999999993015054,0.0,0.0,0.0,1.0,0.978743961352657,0.0,1,0,0.0016064343841063903,6.674166559341326e-08,0.25124941766262054,0.9743147790431976,0.25124941766262054,0.0,0.0,0.0,0.0,0.0,0.001388888888888889,0.0,,,0.005555555555555556,pool=fp32_values_torch_sum_acc_fp32,score=fp32_values_torch_matmul_acc_fp32_tf32_disabled
R2,10,0.95,"repr=bf16, pool=fp32/native, score=fp32/native",fp32,bf16,native,1440,1.0,0.0,1.0,1.0,0.9999999993015054,0.0,0.0,0.0,1.0,0.9671937342988031,0.0,1,0,0.002247923241021383,1.6252221141877796e-07,0.3524247407913208,0.9488040506839752,0.35242003202438354,0.0,0.0,0.0,0.0,0.0,0.010416666666666666,0.0,,,0.005555555555555556,pool=fp32_values_torch_sum_acc_fp32,score=fp32_values_torch_matmul_acc_fp32_tf32_disabled
R2,11,0.8,"repr=bf16, pool=fp32/native, score=fp32/native",fp32,bf16,native,1440,1.0,0.0,1.0,1.0,0.9999999989522581,0.0,0.0,0.0,1.0,0.9842721149866426,0.0,1,0,0.001144430329551185,2.5980409361663888e-08,0.12106186151504517,0.993710070848465,0.12106186151504517,0.0,0.0,0.0,0.0,0.0,0.002777777777777778,0.0,,,0.00625,pool=fp32_values_torch_sum_acc_fp32,score=fp32_values_torch_matmul_acc_fp32_tf32_disabled
R2,11,0.9,"repr=bf16, pool=fp32/native, score=fp32/native",fp32,bf16,native,1440,1.0,0.0,1.0,1.0,0.9999999989522581,0.0,0.0,0.0,1.0,0.9791852512637526,0.0,1,0,0.001753716815954506,2.2108217601057678e-08,0.1893426701426506,0.9845959544181824,0.1893426701426506,0.0,0.0,0.0,0.0,0.0,0.009027777777777777,0.0,,,0.002777777777777778,pool=fp32_values_torch_sum_acc_fp32,score=fp32_values_torch_matmul_acc_fp32_tf32_disabled
R2,11,0.95,"repr=bf16, pool=fp32/native, score=fp32/native",fp32,bf16,native,1440,1.0,0.0,1.0,1.0,0.9999999989522581,0.0,0.0,0.0,1.0,0.9693764439436876,0.0,1,0,0.002463373914175237,9.045032542264846e-08,0.28312958776950836,0.9648935496807098,0.28312958776950836,0.0,0.0,0.0,0.0,0.0,0.0006944444444444445,0.0,,,0.0020833333333333333,pool=fp32_values_torch_sum_acc_fp32,score=fp32_values_torch_matmul_acc_fp32_tf32_disabled
R2,12,0.8,"repr=bf16, pool=fp32/native, score=fp32/native",fp32,bf16,native,1440,1.0,0.0,1.0,1.0,0.9999999995634409,0.0,0.0,0.0,1.0,0.9835257832775417,0.0,1,0,0.0011228016536718004,5.869569880301281e-08,0.09641782939434052,0.9960258305072784,0.09641782939434052,0.0,0.0,0.0,0.0,0.0,0.008333333333333333,0.0,,,0.010416666666666666,pool=fp32_values_torch_sum_acc_fp32,score=fp32_values_torch_matmul_acc_fp32_tf32_disabled
R2,12,0.9,"repr=bf16, pool=fp32/native, score=fp32/native",fp32,bf16,native,1440,1.0,0.0,1.0,1.0,0.9999999995634409,0.0,0.0,0.0,1.0,0.9770541741880365,0.0,1,0,0.0017683823789727848,5.083099509386422e-08,0.15933052450418472,0.9895420372486115,0.15933052450418472,0.0,0.0,0.0,0.0,0.0,0.006944444444444444,0.0,,,0.003472222222222222,pool=fp32_values_torch_sum_acc_fp32,score=fp32_values_torch_matmul_acc_fp32_tf32_disabled
R2,12,0.95,"repr=bf16, pool=fp32/native, score=fp32/native",fp32,bf16,native,1440,1.0,0.0,1.0,1.0,0.9999999995634409,0.0,0.0,0.0,1.0,0.9677753141167775,0.0,1,0,0.002538124746638532,1.3933114270583793e-07,0.24781609326601028,0.9741986095905304,0.24781609326601028,0.0,0.0,0.0,0.0,0.0,0.003472222222222222,0.0,,,0.003472222222222222,pool=fp32_values_torch_sum_acc_fp32,score=fp32_values_torch_matmul_acc_fp32_tf32_disabled
R2,13,0.8,"repr=bf16, pool=fp32/native, score=fp32/native",fp32,bf16,native,1440,1.0,0.0,1.0,1.0,0.9999999989522581,0.0,0.0,0.0,1.0,0.9863274268330477,0.0,1,0,0.0012897254743969445,7.976120945176635e-08,0.1258113533258438,0.9930568933486938,0.1258113533258438,0.0,0.0,0.0,0.0,0.0,0.002777777777777778,0.0,,,0.0020833333333333333,pool=fp32_values_torch_sum_acc_fp32,score=fp32_values_torch_matmul_acc_fp32_tf32_disabled
R2,13,0.9,"repr=bf16, pool=fp32/native, score=fp32/native",fp32,bf16,native,1440,1.0,0.0,1.0,1.0,0.9999999989522581,0.0,0.0,0.0,1.0,0.978891036123086,0.0,1,0,0.0016950579155340202,4.0775378172621464e-08,0.19571303576231003,0.9830432534217834,0.19571303576231003,0.0,0.0,0.0,0.0,0.0,0.002777777777777778,0.0,,,0.002777777777777778,pool=fp32_values_torch_sum_acc_fp32,score=fp32_values_torch_matmul_acc_fp32_tf32_disabled
R2,13,0.95,"repr=bf16, pool=fp32/native, score=fp32/native",fp32,bf16,native,1440,1.0,0.0,1.0,1.0,0.9999999989522581,0.0,0.0,0.0,1.0,0.9632770551414915,0.0,1,0,0.0020914292711501454,4.852528412395985e-08,0.2993738353252411,0.9607216119766235,0.2993738353252411,0.0,0.0,0.0,0.0,0.0,0.004166666666666667,0.0,,,0.004861111111111111,pool=fp32_values_torch_sum_acc_fp32,score=fp32_values_torch_matmul_acc_fp32_tf32_disabled
R2,14,0.8,"repr=bf16, pool=fp32/native, score=fp32/native",fp32,bf16,native,1440,1.0,0.0,1.0,1.0,0.9999999988649463,0.0,0.0,0.0,1.0,0.9844214487300094,0.0,1,0,0.001185880564503691,6.151715455800814e-08,0.14414198696613312,0.9914045333862305,0.14414198696613312,0.0,0.0,0.0,0.0,0.0,0.0020833333333333333,0.0,,,0.003472222222222222,pool=fp32_values_torch_sum_acc_fp32,score=fp32_values_torch_matmul_acc_fp32_tf32_disabled
R2,14,0.9,"repr=bf16, pool=fp32/native, score=fp32/native",fp32,bf16,native,1440,1.0,0.0,1.0,1.0,0.9999999988649463,0.0,0.0,0.0,1.0,0.9775681497437421,0.0,1,0,0.00164337920655728,9.419690869224833e-08,0.2123768925666809,0.9815564155578613,0.2123768925666809,0.0,0.0,0.0,0.0,0.0,0.0020833333333333333,0.0,,,0.004166666666666667,pool=fp32_values_torch_sum_acc_fp32,score=fp32_values_torch_matmul_acc_fp32_tf32_disabled
R2,14,0.95,"repr=bf16, pool=fp32/native, score=fp32/native",fp32,bf16,native,1440,1.0,0.0,1.0,1.0,0.9999999988649463,0.0,0.0,0.0,1.0,0.9674844812296778,0.0,1,0,0.002248531775982739,6.475553098883116e-08,0.29282447695732117,0.9648266732692719,0.29282447695732117,0.0,0.0,0.0,0.0,0.0,0.001388888888888889,0.0,,,0.003472222222222222,pool=fp32_values_torch_sum_acc_fp32,score=fp32_values_torch_matmul_acc_fp32_tf32_disabled
R2,15,0.8,"repr=bf16, pool=fp32/native, score=fp32/native",fp32,bf16,native,1440,1.0,0.0,1.0,1.0,0.9999999995634409,0.0,0.0,0.0,1.0,0.9809180377131695,0.0,1,0,0.0010437385095944166,4.532006117825865e-08,0.1864970475435257,0.985600471496582,0.1864970475435257,0.0,0.0,0.0,0.0,0.0,0.005555555555555556,0.0,,,0.003472222222222222,pool=fp32_values_torch_sum_acc_fp32,score=fp32_values_torch_matmul_acc_fp32_tf32_disabled
R2,15,0.9,"repr=bf16, pool=fp32/native, score=fp32/native",fp32,bf16,native,1440,1.0,0.0,1.0,1.0,0.9999999995634409,0.0,0.0,0.0,1.0,0.972732661529342,0.0,1,0,0.0015052312295927859,1.1998039349575082e-07,0.26940159499645233,0.9699336588382721,0.26940159499645233,0.0,0.0,0.0,0.0,0.0,0.002777777777777778,0.0,,,0.004861111111111111,pool=fp32_values_torch_sum_acc_fp32,score=fp32_values_torch_matmul_acc_fp32_tf32_disabled
R2,15,0.95,"repr=bf16, pool=fp32/native, score=fp32/native",fp32,bf16,native,1440,1.0,0.0,1.0,1.0,0.9999999995634409,0.0,0.0,0.0,1.0,0.9593759199293495,0.0,1,0,0.0020140303384590568,1.3214456585330634e-07,0.37830474972724915,0.9423111975193024,0.37830474972724915,0.0,0.0,0.0,0.0,0.0,0.00625,0.0,,,0.004861111111111111,pool=fp32_values_torch_sum_acc_fp32,score=fp32_values_torch_matmul_acc_fp32_tf32_disabled
R2,16,0.8,"repr=bf16, pool=fp32/native, score=fp32/native",fp32,bf16,native,1440,1.0,0.0,1.0,1.0,0.9999999995634409,0.0,0.0,0.0,1.0,0.9833765843017789,0.0,1,0,0.0011562776060636297,1.404817387833354e-07,0.12059247121214867,0.994112640619278,0.12059247121214867,0.0,0.0,0.0,0.0,0.0,0.007638888888888889,0.0,,,0.008333333333333333,pool=fp32_values_torch_sum_acc_fp32,score=fp32_values_torch_matmul_acc_fp32_tf32_disabled
R2,16,0.9,"repr=bf16, pool=fp32/native, score=fp32/native",fp32,bf16,native,1440,1.0,0.0,1.0,1.0,0.9999999995634409,0.0,0.0,0.0,1.0,0.9761003488458398,0.0,1,0,0.0016262872822143974,7.31339600293893e-08,0.19393815845251083,0.9845553636550903,0.19393815845251083,0.0,0.0,0.0,0.0,0.0,0.002777777777777778,0.0,,,0.002777777777777778,pool=fp32_values_torch_sum_acc_fp32,score=fp32_values_torch_matmul_acc_fp32_tf32_disabled
R2,16,0.95,"repr=bf16, pool=fp32/native, score=fp32/native",fp32,bf16,native,1440,1.0,0.0,1.0,1.0,0.9999999995634409,0.0,0.0,0.0,1.0,0.9631322813744285,0.0,1,0,0.0023655111122259844,6.822829962839067e-08,0.2846301794052124,0.9664489030838013,0.2846301794052124,0.0,0.0,0.0,0.0,0.0,0.0020833333333333333,0.0,,,0.002777777777777778,pool=fp32_values_torch_sum_acc_fp32,score=fp32_values_torch_matmul_acc_fp32_tf32_disabled
R2,17,0.8,"repr=bf16, pool=fp32/native, score=fp32/native",fp32,bf16,native,1440,1.0,0.0,1.0,1.0,0.9999999993451614,0.0,0.0,0.0,1.0,0.9831528279181708,0.0,1,0,0.0011513774325648941,4.8549867716865644e-08,0.07429240271449089,0.997599184513092,0.07429240271449089,0.0,0.0,0.0,0.0,0.0,0.0020833333333333333,0.0,,,0.002777777777777778,pool=fp32_values_torch_sum_acc_fp32,score=fp32_values_torch_matmul_acc_fp32_tf32_disabled
R2,17,0.9,"repr=bf16, pool=fp32/native, score=fp32/native",fp32,bf16,native,1440,1.0,0.0,1.0,1.0,0.9999999993451614,0.0,0.0,0.0,1.0,0.9786704348974937,0.0,1,0,0.001825078644272526,3.1602901003951554e-08,0.14164262264966965,0.9910650849342346,0.14164262264966965,0.0,0.0,0.0,0.0,0.0,0.004166666666666667,0.0,,,0.005555555555555556,pool=fp32_values_torch_sum_acc_fp32,score=fp32_values_torch_matmul_acc_fp32_tf32_disabled
R2,17,0.95,"repr=bf16, pool=fp32/native, score=fp32/native",fp32,bf16,native,1440,1.0,0.0,1.0,1.0,0.9999999993451614,0.0,0.0,0.0,1.0,0.972732661529342,0.0,1,0,0.002857551615935367,6.814639342685765e-08,0.22790737450122833,0.9777214825153351,0.22790737450122833,0.0,0.0,0.0,0.0,0.0,0.001388888888888889,0.0,,,0.0020833333333333333,pool=fp32_values_torch_sum_acc_fp32,score=fp32_values_torch_matmul_acc_fp32_tf32_disabled
R2,18,0.8,"repr=bf16, pool=fp32/native, score=fp32/native",fp32,bf16,native,1440,1.0,0.0,1.0,1.0,0.9999999990395699,0.0,0.0,0.0,1.0,0.980285763263566,0.0,1,0,0.0010248487727830477,4.290957997388929e-08,0.2202441394329071,0.9806819558143616,0.2202441394329071,0.0,0.0,0.0,0.0,0.0,0.002777777777777778,0.0,,,0.003472222222222222,pool=fp32_values_torch_sum_acc_fp32,score=fp32_values_torch_matmul_acc_fp32_tf32_disabled
R2,18,0.9,"repr=bf16, pool=fp32/native, score=fp32/native",fp32,bf16,native,1440,1.0,0.0,1.0,1.0,0.9999999990395699,0.0,0.0,0.0,1.0,0.9768339768339769,0.0,1,0,0.0018098458916863697,1.2525388853916753e-07,0.3500274121761322,0.9531467258930206,0.3500274121761322,0.0,0.0,0.0,0.0,0.0,0.001388888888888889,0.0,,,0.001388888888888889,pool=fp32_values_torch_sum_acc_fp32,score=fp32_values_torch_matmul_acc_fp32_tf32_disabled
R2,18,0.95,"repr=bf16, pool=fp32/native, score=fp32/native",fp32,bf16,native,1440,1.0,0.0,1.0,1.0,0.9999999990395699,0.0,0.0,0.0,1.0,0.9628428192273666,0.0,1,0,0.0022912665288762893,6.905750498609258e-08,0.5342652797698975,0.8947342038154602,0.5342652797698975,0.0,0.0,0.0,0.0,0.0,0.003472222222222222,0.0,,,0.004861111111111111,pool=fp32_values_torch_sum_acc_fp32,score=fp32_values_torch_matmul_acc_fp32_tf32_disabled
R2,19,0.8,"repr=bf16, pool=fp32/native, score=fp32/native",fp32,bf16,native,1440,1.0,0.0,1.0,1.0,0.9999999984283872,0.0,0.0,0.0,1.0,0.9831528279181708,0.0,1,0,0.0011687916847368434,7.915163912807999e-08,0.10232561081647873,0.9958265125751495,0.10232561081647873,0.0,0.0,0.0,0.0,0.0,0.003472222222222222,0.0,,,0.003472222222222222,pool=fp32_values_torch_sum_acc_fp32,score=fp32_values_torch_matmul_acc_fp32_tf32_disabled
R2,19,0.9,"repr=bf16, pool=fp32/native, score=fp32/native",fp32,bf16,native,1440,1.0,0.0,1.0,1.0,0.9999999984283872,0.0,0.0,0.0,1.0,0.9784498773872334,0.0,1,0,0.0017788212068432685,8.541338408248901e-08,0.16218668222427368,0.9892861843109131,0.16218668222427368,0.0,0.0,0.0,0.0,0.0,0.0,0.0,,,0.002777777777777778,pool=fp32_values_torch_sum_acc_fp32,score=fp32_values_torch_matmul_acc_fp32_tf32_disabled
R2,19,0.95,"repr=bf16, pool=fp32/native, score=fp32/native",fp32,bf16,native,1440,1.0,0.0,1.0,1.0,0.9999999984283872,0.0,0.0,0.0,1.0,0.9667577857196991,0.0,1,0,0.002367991295357783,3.326003918458917e-08,0.24424979090690613,0.9761144518852234,0.24424979090690613,0.0,0.0,0.0,0.0,0.0,0.001388888888888889,0.0,,,0.0020833333333333333,pool=fp32_values_torch_sum_acc_fp32,score=fp32_values_torch_matmul_acc_fp32_tf32_disabled
R2,2,0.8,"repr=bf16, pool=fp32/native, score=fp32/native",fp32,bf16,native,1440,1.0,0.0,1.0,1.0,0.9999999988649463,0.0,0.0,0.0,1.0,0.9733572818440354,0.0,1,0,0.0009751327048517261,4.4609105496743924e-08,0.05215287208557129,0.9987078607082367,0.05215287208557129,0.0,0.0,0.0,0.0,0.0,0.001388888888888889,0.0,,,0.009722222222222222,pool=fp32_values_torch_sum_acc_fp32,score=fp32_values_torch_matmul_acc_fp32_tf32_disabled
R2,2,0.9,"repr=bf16, pool=fp32/native, score=fp32/native",fp32,bf16,native,1440,1.0,0.0,1.0,1.0,0.9999999988649463,0.0,0.0,0.0,1.0,0.9676298869263174,0.0,1,0,0.0015467086815550966,3.9140411063672685e-08,0.10970661789178848,0.9945527613162994,0.10970661789178848,0.0,0.0,0.0,0.0,0.0,0.001388888888888889,0.0,,,0.002777777777777778,pool=fp32_values_torch_sum_acc_fp32,score=fp32_values_torch_matmul_acc_fp32_tf32_disabled
R2,2,0.95,"repr=bf16, pool=fp32/native, score=fp32/native",fp32,bf16,native,1440,1.0,0.0,1.0,1.0,0.9999999988649463,0.0,0.0,0.0,1.0,0.9544853912788137,0.0,1,0,0.0023730480337720325,6.437497678190334e-08,0.24632468074560165,0.9765048325061798,0.24632468074560165,0.0,0.0,0.0,0.0,0.0,0.003472222222222222,0.0,,,0.005555555555555556,pool=fp32_values_torch_sum_acc_fp32,score=fp32_values_torch_matmul_acc_fp32_tf32_disabled
R2,20,0.8,"repr=bf16, pool=fp32/native, score=fp32/native",fp32,bf16,native,1440,1.0,0.0,1.0,1.0,0.999999999476129,0.0,0.0,0.0,1.0,0.9793566790526592,0.0,1,0,0.0011714808078827621,1.8714700416704227e-08,0.043014755472540855,0.9991338551044464,0.043014874681830406,0.0,0.0,0.0,0.0,0.0,0.001388888888888889,0.0,,,0.0020833333333333333,pool=fp32_values_torch_sum_acc_fp32,score=fp32_values_torch_matmul_acc_fp32_tf32_disabled
R2,20,0.9,"repr=bf16, pool=fp32/native, score=fp32/native",fp32,bf16,native,1440,1.0,0.0,1.0,1.0,0.999999999476129,0.0,0.0,0.0,1.0,0.9725865007038601,0.0,1,0,0.0018198550607557494,2.720109685123061e-07,0.08442166447639465,0.996920257806778,0.08442166447639465,0.0,0.0,0.0,0.0,0.0,0.0006944444444444445,0.0,,,0.001388888888888889,pool=fp32_values_torch_sum_acc_fp32,score=fp32_values_torch_matmul_acc_fp32_tf32_disabled
R2,20,0.95,"repr=bf16, pool=fp32/native, score=fp32/native",fp32,bf16,native,1440,1.0,0.0,1.0,1.0,0.999999999476129,0.0,0.0,0.0,1.0,0.9640011802891708,0.0,1,0,0.0026231938438412736,1.4976049198007802e-07,0.15579777210950851,0.9894325733184814,0.15579777210950851,0.0,0.0,0.0,0.0,0.0,0.001388888888888889,0.0,,,0.002777777777777778,pool=fp32_values_torch_sum_acc_fp32,score=fp32_values_torch_matmul_acc_fp32_tf32_disabled
R2,21,0.8,"repr=bf16, pool=fp32/native, score=fp32/native",fp32,bf16,native,1440,1.0,0.0,1.0,1.0,0.9999999989522581,0.0,0.0,0.0,1.0,0.9783171399632367,0.0,1,0,0.001021631844806433,9.509791299874665e-08,0.07172318547964096,0.997870147228241,0.07172318547964096,0.0,0.0,0.0,0.0,0.0,0.002777777777777778,0.0,,,0.011805555555555555,pool=fp32_values_torch_sum_acc_fp32,score=fp32_values_torch_matmul_acc_fp32_tf32_disabled
R2,21,0.9,"repr=bf16, pool=fp32/native, score=fp32/native",fp32,bf16,native,1440,1.0,0.0,1.0,1.0,0.9999999989522581,0.0,0.0,0.0,1.0,0.975220713702797,0.0,1,0,0.0017727054917591818,1.1681321805052706e-07,0.12938550114631653,0.9932194352149963,0.12938550114631653,0.0,0.0,0.0,0.0,0.0,0.003472222222222222,0.0,,,0.004861111111111111,pool=fp32_values_torch_sum_acc_fp32,score=fp32_values_torch_matmul_acc_fp32_tf32_disabled
R2,21,0.95,"repr=bf16, pool=fp32/native, score=fp32/native",fp32,bf16,native,1440,1.0,0.0,1.0,1.0,0.9999999989522581,0.0,0.0,0.0,1.0,0.966903073286052,0.0,1,0,0.002612945264455056,9.397738189424916e-08,0.22706419974565506,0.9790492355823517,0.22706419974565506,0.0,0.0,0.0,0.0,0.0,0.0006944444444444445,0.0,,,0.001388888888888889,pool=fp32_values_torch_sum_acc_fp32,score=fp32_values_torch_matmul_acc_fp32_tf32_disabled
R2,22,0.8,"repr=bf16, pool=fp32/native, score=fp32/native",fp32,bf16,native,1440,1.0,0.0,1.0,1.0,0.9999999983410753,0.0,0.0,0.0,1.0,0.9810668670172802,0.0,1,0,0.0011157038518331771,7.523109907325172e-08,0.22563116997480392,0.9811669588088989,0.22563116997480392,0.0,0.0,0.0,0.0,0.0,0.00625,0.0,,,0.002777777777777778,pool=fp32_values_torch_sum_acc_fp32,score=fp32_values_torch_matmul_acc_fp32_tf32_disabled
R2,22,0.9,"repr=bf16, pool=fp32/native, score=fp32/native",fp32,bf16,native,1440,1.0,0.0,1.0,1.0,0.9999999983410753,0.0,0.0,0.0,1.0,0.9762470308788599,0.0,1,0,0.0018094427251882472,6.30927707823808e-08,0.34548625349998474,0.9602573215961456,0.34548625349998474,0.0,0.0,0.0,0.0,0.0,0.002777777777777778,0.0,,,0.0020833333333333333,pool=fp32_values_torch_sum_acc_fp32,score=fp32_values_torch_matmul_acc_fp32_tf32_disabled
R2,22,0.95,"repr=bf16, pool=fp32/native, score=fp32/native",fp32,bf16,native,1440,1.0,0.0,1.0,1.0,0.9999999983410753,0.0,0.0,0.0,1.0,0.9616858237547893,0.0,1,0,0.002305216938581489,4.4231306453632034e-08,0.4630487412214279,0.9256000816822052,0.4630487412214279,0.0,0.0,0.0,0.0,0.0,0.004861111111111111,0.0,,,0.003472222222222222,pool=fp32_values_torch_sum_acc_fp32,score=fp32_values_torch_matmul_acc_fp32_tf32_disabled
R2,23,0.8,"repr=bf16, pool=fp32/native, score=fp32/native",fp32,bf16,native,1440,1.0,0.0,1.0,1.0,0.9999999984283872,0.0,0.0,0.0,1.0,0.9804344975718942,0.0,1,0,0.0011040615132051996,7.963554320668959e-08,0.17098650336265564,0.9884230494499207,0.17098650336265564,0.0,0.0,0.0,0.0,0.0,0.005555555555555556,0.0,,,0.008333333333333333,pool=fp32_values_torch_sum_acc_fp32,score=fp32_values_torch_matmul_acc_fp32_tf32_disabled
R2,23,0.9,"repr=bf16, pool=fp32/native, score=fp32/native",fp32,bf16,native,1440,1.0,0.0,1.0,1.0,0.9999999984283872,0.0,0.0,0.0,1.0,0.9733175214942188,0.0,1,0,0.0016354864862931611,1.0236986367114648e-07,0.2432529777288437,0.9759466350078583,0.2432529777288437,0.0,0.0,0.0,0.0,0.0,0.004166666666666667,0.0,,,0.003472222222222222,pool=fp32_values_torch_sum_acc_fp32,score=fp32_values_torch_matmul_acc_fp32_tf32_disabled
R2,23,0.95,"repr=bf16, pool=fp32/native, score=fp32/native",fp32,bf16,native,1440,1.0,0.0,1.0,1.0,0.9999999984283872,0.0,0.0,0.0,1.0,0.9585111078416949,0.0,1,0,0.002249836549869146,3.497408221081643e-07,0.34485964477062225,0.9499782025814056,0.34485964477062225,0.0,0.0,0.0,0.0,0.0,0.005555555555555556,0.0,,,0.011805555555555555,pool=fp32_values_torch_sum_acc_fp32,score=fp32_values_torch_matmul_acc_fp32_tf32_disabled
R2,24,0.8,"repr=bf16, pool=fp32/native, score=fp32/native",fp32,bf16,native,1440,1.0,0.0,1.0,1.0,0.9999999993015054,0.0,0.0,0.0,1.0,0.9815507174409285,0.0,1,0,0.0010687708072312089,6.991987866317496e-08,0.1970265880227089,0.9869997203350067,0.1970265880227089,0.0,0.0,0.0,0.0,0.0,0.002777777777777778,0.0,,,0.0020833333333333333,pool=fp32_values_torch_sum_acc_fp32,score=fp32_values_torch_matmul_acc_fp32_tf32_disabled
R2,24,0.9,"repr=bf16, pool=fp32/native, score=fp32/native",fp32,bf16,native,1440,1.0,0.0,1.0,1.0,0.9999999993015054,0.0,0.0,0.0,1.0,0.9805103027598007,0.0,1,0,0.002071762994593901,3.9413080691388323e-07,0.3202587515115738,0.9671459197998047,0.3202587515115738,0.0,0.0,0.0,0.0,0.0,0.011111111111111112,0.0,,,0.005555555555555556,pool=fp32_values_torch_sum_acc_fp32,score=fp32_values_torch_matmul_acc_fp32_tf32_disabled
R2,24,0.95,"repr=bf16, pool=fp32/native, score=fp32/native",fp32,bf16,native,1440,1.0,0.0,1.0,1.0,0.9999999993015054,0.0,0.0,0.0,1.0,0.9701050762172562,0.0,1,0,0.0026755536679833967,6.462254978195882e-08,0.47872452437877655,0.9271005988121033,0.47872452437877655,0.0,0.0,0.0,0.0,0.0,0.0020833333333333333,0.0,,,0.0006944444444444445,pool=fp32_values_torch_sum_acc_fp32,score=fp32_values_torch_matmul_acc_fp32_tf32_disabled
R2,25,0.8,"repr=bf16, pool=fp32/native, score=fp32/native",fp32,bf16,native,1440,1.0,0.0,1.0,1.0,0.9999999982974195,0.0,0.0,0.0,1.0,0.9815134891410536,0.0,1,0,0.0010529925474680435,3.451722789718101e-08,0.09177053347229958,0.9962822496891022,0.09177053347229958,0.0,0.0,0.0,0.0,0.0,0.003472222222222222,0.0,,,0.005555555555555556,pool=fp32_values_torch_sum_acc_fp32,score=fp32_values_torch_matmul_acc_fp32_tf32_disabled
R2,25,0.9,"repr=bf16, pool=fp32/native, score=fp32/native",fp32,bf16,native,1440,1.0,0.0,1.0,1.0,0.9999999982974195,0.0,0.0,0.0,1.0,0.973463790675265,0.0,1,0,0.001484732904992317,9.365260874859489e-08,0.15654364228248596,0.9894230961799622,0.15654364228248596,0.0,0.0,0.0,0.0,0.0,0.00625,0.0,,,0.009722222222222222,pool=fp32_values_torch_sum_acc_fp32,score=fp32_values_torch_matmul_acc_fp32_tf32_disabled
R2,25,0.95,"repr=bf16, pool=fp32/native, score=fp32/native",fp32,bf16,native,1440,1.0,0.0,1.0,1.0,0.9999999982974195,0.0,0.0,0.0,1.0,0.9660316053758676,0.0,1,0,0.0022182376496949815,1.1207998250600088e-07,0.23056398332118988,0.9770712852478027,0.23056398332118988,0.0,0.0,0.0,0.0,0.0,0.0020833333333333333,0.0,,,0.003472222222222222,pool=fp32_values_torch_sum_acc_fp32,score=fp32_values_torch_matmul_acc_fp32_tf32_disabled
R2,26,0.8,"repr=bf16, pool=fp32/native, score=fp32/native",fp32,bf16,native,1440,1.0,0.0,1.0,1.0,0.9999999989522581,0.0,0.0,0.0,1.0,0.9799883616581805,0.0,1,0,0.0010863071566934,1.1463884859499063e-07,0.04000944457948208,0.999260812997818,0.04000944457948208,0.0,0.0,0.0,0.0,0.0,0.004166666666666667,0.0,,,0.00625,pool=fp32_values_torch_sum_acc_fp32,score=fp32_values_torch_matmul_acc_fp32_tf32_disabled
R2,26,0.9,"repr=bf16, pool=fp32/native, score=fp32/native",fp32,bf16,native,1440,1.0,0.0,1.0,1.0,0.9999999989522581,0.0,0.0,0.0,1.0,0.9743418613274009,0.0,1,0,0.0017405946812549151,2.1525760354760455e-07,0.07915513589978218,0.9970587491989136,0.07915513589978218,0.0,0.0,0.0,0.0,0.0,0.003472222222222222,0.0,,,0.002777777777777778,pool=fp32_values_torch_sum_acc_fp32,score=fp32_values_torch_matmul_acc_fp32_tf32_disabled
R2,26,0.95,"repr=bf16, pool=fp32/native, score=fp32/native",fp32,bf16,native,1440,1.0,0.0,1.0,1.0,0.9999999989522581,0.0,0.0,0.0,1.0,0.9624087966864998,0.0,0,0,0.002383445011842065,1.9800368072861383e-07,0.14319847524166107,0.9904747009277344,0.14319847524166107,0.0,0.0,0.0,0.0,0.0,0.002777777777777778,0.0,,,0.004166666666666667,pool=fp32_values_torch_sum_acc_fp32,score=fp32_values_torch_matmul_acc_fp32_tf32_disabled
R2,27,0.8,"repr=bf16, pool=fp32/native, score=fp32/native",fp32,bf16,native,1440,1.0,0.0,1.0,1.0,0.9999999990832258,0.0,0.0,0.0,1.0,0.9706289002653115,0.0,1,0,0.0011012731339839973,5.637901285253176e-08,0.021861422806978226,0.999772846698761,0.021861422806978226,0.0,0.0,0.0,0.0,0.0,0.011111111111111112,0.0,,,0.011805555555555555,pool=fp32_values_torch_sum_acc_fp32,score=fp32_values_torch_matmul_acc_fp32_tf32_disabled
R2,27,0.9,"repr=bf16, pool=fp32/native, score=fp32/native",fp32,bf16,native,1440,1.0,0.0,1.0,1.0,0.9999999990832258,0.0,0.0,0.0,1.0,0.9666124981533462,0.0,1,0,0.0017842289372950698,1.1158225151536416e-07,0.046770647168159485,0.9989818930625916,0.046770647168159485,0.0,0.0,0.0,0.0,0.0,0.004861111111111111,0.0,,,0.002777777777777778,pool=fp32_values_torch_sum_acc_fp32,score=fp32_values_torch_matmul_acc_fp32_tf32_disabled
R2,27,0.95,"repr=bf16, pool=fp32/native, score=fp32/native",fp32,bf16,native,1440,1.0,0.0,1.0,1.0,0.9999999990832258,0.0,0.0,0.0,1.0,0.9527651459586328,0.0,1,0,0.002517764065124597,1.9368841659618693e-07,0.10148809105157852,0.9953454434871674,0.10148809105157852,0.0,0.0,0.0,0.0,0.0,0.001388888888888889,0.0,,,0.004861111111111111,pool=fp32_values_torch_sum_acc_fp32,score=fp32_values_torch_matmul_acc_fp32_tf32_disabled
R2,28,0.8,"repr=bf16, pool=fp32/native, score=fp32/native",fp32,bf16,native,1440,1.0,0.0,1.0,1.0,0.9999999993015054,0.0,0.0,0.0,1.0,0.9638774066212341,0.0,1,0,0.0010356278964648536,4.093224864419936e-08,0.04247305355966091,0.999220073223114,0.04247376136481762,0.0,0.0,0.0,0.0,0.0,0.00625,0.0,,,0.00625,pool=fp32_values_torch_sum_acc_fp32,score=fp32_values_torch_matmul_acc_fp32_tf32_disabled
R2,28,0.9,"repr=bf16, pool=fp32/native, score=fp32/native",fp32,bf16,native,1440,1.0,0.0,1.0,1.0,0.9999999993015054,0.0,0.0,0.0,1.0,0.9510479261321999,0.0,1,0,0.001466299370716065,8.55971381418603e-08,0.0810529850423336,0.997031033039093,0.0810529850423336,0.0,0.0,0.0,0.0,0.0,0.0020833333333333333,0.0,,,0.002777777777777778,pool=fp32_values_torch_sum_acc_fp32,score=fp32_values_torch_matmul_acc_fp32_tf32_disabled
R2,28,0.95,"repr=bf16, pool=fp32/native, score=fp32/native",fp32,bf16,native,1440,1.0,0.0,1.0,1.0,0.9999999993015054,0.0,0.0,0.0,1.0,0.9398178609351282,0.0,1,0,0.0023794839233161006,1.0340944192914107e-07,0.12025351077318192,0.9932014644145966,0.12025351077318192,0.0,0.0,0.0,0.0,0.0,0.001388888888888889,0.0,,,0.006944444444444444,pool=fp32_values_torch_sum_acc_fp32,score=fp32_values_torch_matmul_acc_fp32_tf32_disabled
R2,29,0.8,"repr=bf16, pool=fp32/native, score=fp32/native",fp32,bf16,native,1440,1.0,0.0,1.0,1.0,0.9999999995634409,0.0,0.0,0.0,1.0,0.970849842053016,0.0,1,0,0.0010768680805940995,5.905179216770242e-08,0.04206980764865875,0.999277651309967,0.04206980764865875,0.0,0.0,0.0,0.0,0.0,0.001388888888888889,0.0,,,0.004861111111111111,pool=fp32_values_torch_sum_acc_fp32,score=fp32_values_torch_matmul_acc_fp32_tf32_disabled
R2,29,0.9,"repr=bf16, pool=fp32/native, score=fp32/native",fp32,bf16,native,1440,1.0,0.0,1.0,1.0,0.9999999995634409,0.0,0.0,0.0,1.0,0.9606023812434106,0.0,1,0,0.0016418389556974973,5.648215798909816e-08,0.09212076663970947,0.9964087605476379,0.09212076663970947,0.0,0.0,0.0,0.0,0.0,0.002777777777777778,0.0,,,0.0006944444444444445,pool=fp32_values_torch_sum_acc_fp32,score=fp32_values_torch_matmul_acc_fp32_tf32_disabled
R2,29,0.95,"repr=bf16, pool=fp32/native, score=fp32/native",fp32,bf16,native,1440,1.0,0.0,1.0,1.0,0.9999999995634409,0.0,0.0,0.0,1.0,0.9544853912788137,0.0,0,0,0.002597425568418233,2.20749237701606e-07,0.17651661485433578,0.9856736063957214,0.17651661485433578,0.0,0.0,0.0,0.0,0.0,0.001388888888888889,0.0,,,0.001388888888888889,pool=fp32_values_torch_sum_acc_fp32,score=fp32_values_torch_matmul_acc_fp32_tf32_disabled
R2,3,0.8,"repr=bf16, pool=fp32/native, score=fp32/native",fp32,bf16,native,1440,1.0,0.0,1.0,1.0,0.9999999993015054,0.0,0.0,0.0,1.0,0.980397311202073,0.0,1,0,0.0010217019164659247,6.635888945194322e-08,0.10347070917487144,0.9957538843154907,0.10347070917487144,0.0,0.0,0.0,0.0,0.0,0.002777777777777778,0.0,,,0.002777777777777778,pool=fp32_values_torch_sum_acc_fp32,score=fp32_values_torch_matmul_acc_fp32_tf32_disabled
R2,3,0.9,"repr=bf16, pool=fp32/native, score=fp32/native",fp32,bf16,native,1440,1.0,0.0,1.0,1.0,0.9999999993015054,0.0,0.0,0.0,1.0,0.9740490843034033,0.0,1,0,0.001494230728168438,3.432100494827862e-08,0.1980890929698944,0.9848056137561798,0.1980890929698944,0.0,0.0,0.0,0.0,0.0,0.004861111111111111,0.0,,,0.005555555555555556,pool=fp32_values_torch_sum_acc_fp32,score=fp32_values_torch_matmul_acc_fp32_tf32_disabled
R2,3,0.95,"repr=bf16, pool=fp32/native, score=fp32/native",fp32,bf16,native,1440,1.0,0.0,1.0,1.0,0.9999999993015054,0.0,0.0,0.0,1.0,0.9663220088626292,0.0,1,0,0.002296914723062984,1.971877468150076e-07,0.31914031505584717,0.9583584368228912,0.31914031505584717,0.0,0.0,0.0,0.0,0.0,0.0020833333333333333,0.0,,,0.0020833333333333333,pool=fp32_values_torch_sum_acc_fp32,score=fp32_values_torch_matmul_acc_fp32_tf32_disabled
R2,4,0.8,"repr=bf16, pool=fp32/native, score=fp32/native",fp32,bf16,native,1440,1.0,0.0,1.0,1.0,0.9999999996507527,0.0,0.0,0.0,1.0,0.9827427396799155,0.0,1,0,0.0010073140883837023,5.990460888621723e-08,0.08500685170292854,0.9970015287399292,0.08500685170292854,0.0,0.0,0.0,0.0,0.0,0.004861111111111111,0.0,,,0.007638888888888889,pool=fp32_values_torch_sum_acc_fp32,score=fp32_values_torch_matmul_acc_fp32_tf32_disabled
R2,4,0.9,"repr=bf16, pool=fp32/native, score=fp32/native",fp32,bf16,native,1440,1.0,0.0,1.0,1.0,0.9999999996507527,0.0,0.0,0.0,1.0,0.978155880823241,0.0,1,0,0.0016434988917354918,1.08926514504048e-07,0.15634403377771378,0.9899254143238068,0.15634403377771378,0.0,0.0,0.0,0.0,0.0,0.0020833333333333333,0.0,,,0.002777777777777778,pool=fp32_values_torch_sum_acc_fp32,score=fp32_values_torch_matmul_acc_fp32_tf32_disabled
R2,4,0.95,"repr=bf16, pool=fp32/native, score=fp32/native",fp32,bf16,native,1440,1.0,0.0,1.0,1.0,0.9999999996507527,0.0,0.0,0.0,1.0,0.9701050762172562,0.0,1,0,0.002550563807124719,6.748686713682182e-08,0.2777513563632965,0.967938631772995,0.2777513563632965,0.0,0.0,0.0,0.0,0.0,0.001388888888888889,0.0,,,0.0006944444444444445,pool=fp32_values_torch_sum_acc_fp32,score=fp32_values_torch_matmul_acc_fp32_tf32_disabled
R2,5,0.8,"repr=bf16, pool=fp32/native, score=fp32/native",fp32,bf16,native,1440,1.0,0.0,1.0,1.0,0.9999999995634409,0.0,0.0,0.0,1.0,0.9786140396953439,0.0,1,0,0.0010286650046969095,3.267873345061161e-08,0.05952277220785618,0.9984233975410461,0.05952277220785618,0.0,0.0,0.0,0.0,0.0,0.002777777777777778,0.0,,,0.002777777777777778,pool=fp32_values_torch_sum_acc_fp32,score=fp32_values_torch_matmul_acc_fp32_tf32_disabled
R2,5,0.9,"repr=bf16, pool=fp32/native, score=fp32/native",fp32,bf16,native,1440,1.0,0.0,1.0,1.0,0.9999999995634409,0.0,0.0,0.0,1.0,0.9724403615350422,0.0,1,0,0.0016796254034311265,2.3268988180481794e-08,0.11728434637188911,0.9938437640666962,0.11728434637188911,0.0,0.0,0.0,0.0,0.0,0.0020833333333333333,0.0,,,0.002777777777777778,pool=fp32_values_torch_sum_acc_fp32,score=fp32_values_torch_matmul_acc_fp32_tf32_disabled
R2,5,0.95,"repr=bf16, pool=fp32/native, score=fp32/native",fp32,bf16,native,1440,1.0,0.0,1.0,1.0,0.9999999995634409,0.0,0.0,0.0,1.0,0.9677753141167775,0.0,1,0,0.0028796782947025086,4.607550283837952e-08,0.2301275059580803,0.9791982471942902,0.2301275059580803,0.0,0.0,0.0,0.0,0.0,0.001388888888888889,0.0,,,0.003472222222222222,pool=fp32_values_torch_sum_acc_fp32,score=fp32_values_torch_matmul_acc_fp32_tf32_disabled
R2,6,0.8,"repr=bf16, pool=fp32/native, score=fp32/native",fp32,bf16,native,1440,1.0,0.0,1.0,1.0,0.9999999993015054,0.0,0.0,0.0,1.0,0.9853179234273237,0.0,1,0,0.001083377905104283,4.537461426508978e-08,0.15002138167619705,0.9910469651222229,0.15002138167619705,0.0,0.0,0.0,0.0,0.0,0.003472222222222222,0.0,,,0.007638888888888889,pool=fp32_values_torch_sum_acc_fp32,score=fp32_values_torch_matmul_acc_fp32_tf32_disabled
R2,6,0.9,"repr=bf16, pool=fp32/native, score=fp32/native",fp32,bf16,native,1440,1.0,0.0,1.0,1.0,0.9999999993015054,0.0,0.0,0.0,1.0,0.9790381327584925,0.0,1,0,0.001504692866275636,7.562015347403362e-08,0.25190621614456177,0.9749135673046112,0.25190621614456177,0.0,0.0,0.0,0.0,0.0,0.004861111111111111,0.0,,,0.0020833333333333333,pool=fp32_values_torch_sum_acc_fp32,score=fp32_values_torch_matmul_acc_fp32_tf32_disabled
R2,6,0.95,"repr=bf16, pool=fp32/native, score=fp32/native",fp32,bf16,native,1440,1.0,0.0,1.0,1.0,0.9999999993015054,0.0,0.0,0.0,1.0,0.9683572379121692,0.0,1,0,0.002232382565806796,3.504659081163657e-08,0.36318209767341614,0.9497893452644348,0.36318209767341614,0.0,0.0,0.0,0.0,0.0,0.001388888888888889,0.0,,,0.0020833333333333333,pool=fp32_values_torch_sum_acc_fp32,score=fp32_values_torch_matmul_acc_fp32_tf32_disabled
R2,7,0.8,"repr=bf16, pool=fp32/native, score=fp32/native",fp32,bf16,native,1440,1.0,0.0,1.0,1.0,0.9999999993015054,0.0,0.0,0.0,1.0,0.9843467790487658,0.0,1,0,0.0011245869807741907,4.606975417530843e-08,0.10421862453222275,0.9954910278320312,0.10421862453222275,0.0,0.0,0.0,0.0,0.0,0.004166666666666667,0.0,,,0.005555555555555556,pool=fp32_values_torch_sum_acc_fp32,score=fp32_values_torch_matmul_acc_fp32_tf32_disabled
R2,7,0.9,"repr=bf16, pool=fp32/native, score=fp32/native",fp32,bf16,native,1440,1.0,0.0,1.0,1.0,0.9999999993015054,0.0,0.0,0.0,1.0,0.978743961352657,0.0,1,0,0.0016995707608920237,1.193298631144997e-07,0.17978644371032715,0.9866332411766052,0.17978644371032715,0.0,0.0,0.0,0.0,0.0,0.001388888888888889,0.0,,,0.001388888888888889,pool=fp32_values_torch_sum_acc_fp32,score=fp32_values_torch_matmul_acc_fp32_tf32_disabled
R2,7,0.95,"repr=bf16, pool=fp32/native, score=fp32/native",fp32,bf16,native,1440,1.0,0.0,1.0,1.0,0.9999999993015054,0.0,0.0,0.0,1.0,0.9686483288967761,0.0,1,0,0.0024841008644488783,7.313758392418072e-08,0.2800709903240204,0.9689939618110657,0.2800709903240204,0.0,0.0,0.0,0.0,0.0,0.003472222222222222,0.0,,,0.003472222222222222,pool=fp32_values_torch_sum_acc_fp32,score=fp32_values_torch_matmul_acc_fp32_tf32_disabled
R2,8,0.8,"repr=bf16, pool=fp32/native, score=fp32/native",fp32,bf16,native,1440,1.0,0.0,1.0,1.0,0.9999999993015054,0.0,0.0,0.0,1.0,0.9832274077695461,0.0,1,0,0.001141075688975835,2.2661209379175415e-08,0.0791393406689167,0.9973044991493225,0.0791393406689167,0.0,0.0,0.0,0.0,0.0,0.0020833333333333333,0.0,,,0.0020833333333333333,pool=fp32_values_torch_sum_acc_fp32,score=fp32_values_torch_matmul_acc_fp32_tf32_disabled
R2,8,0.9,"repr=bf16, pool=fp32/native, score=fp32/native",fp32,bf16,native,1440,1.0,0.0,1.0,1.0,0.9999999993015054,0.0,0.0,0.0,1.0,0.9765404602821084,0.0,1,0,0.0016686409807018686,7.112921601190207e-08,0.1318766251206398,0.9926048517227173,0.1318766251206398,0.0,0.0,0.0,0.0,0.0,0.0020833333333333333,0.0,,,0.0020833333333333333,pool=fp32_values_torch_sum_acc_fp32,score=fp32_values_torch_matmul_acc_fp32_tf32_disabled
R2,8,0.95,"repr=bf16, pool=fp32/native, score=fp32/native",fp32,bf16,native,1440,1.0,0.0,1.0,1.0,0.9999999993015054,0.0,0.0,0.0,1.0,0.9680662329982259,0.0,1,0,0.002517139782585726,6.19639259885092e-08,0.21833015233278275,0.9800350069999695,0.21833015233278275,0.0,0.0,0.0,0.0,0.0,0.001388888888888889,0.0,,,0.0006944444444444445,pool=fp32_values_torch_sum_acc_fp32,score=fp32_values_torch_matmul_acc_fp32_tf32_disabled
R2,9,0.8,"repr=bf16, pool=fp32/native, score=fp32/native",fp32,bf16,native,1440,1.0,0.0,1.0,1.0,0.999999999476129,0.0,0.0,0.0,1.0,0.9850937288263194,0.0,1,0,0.0011975225548816729,4.130052892158893e-08,0.13423114269971848,0.9923767149448395,0.13423114269971848,0.0,0.0,0.0,0.0,0.0,0.0020833333333333333,0.0,,,0.002777777777777778,pool=fp32_values_torch_sum_acc_fp32,score=fp32_values_torch_matmul_acc_fp32_tf32_disabled
R2,9,0.9,"repr=bf16, pool=fp32/native, score=fp32/native",fp32,bf16,native,1440,1.0,0.0,1.0,1.0,0.999999999476129,0.0,0.0,0.0,1.0,0.9805103027598007,0.0,1,0,0.0018730725285764594,6.789370322748718e-08,0.21634960919618607,0.9811944961547852,0.21634960919618607,0.0,0.0,0.0,0.0,0.0,0.0020833333333333333,0.0,,,0.004166666666666667,pool=fp32_values_torch_sum_acc_fp32,score=fp32_values_torch_matmul_acc_fp32_tf32_disabled
R2,9,0.95,"repr=bf16, pool=fp32/native, score=fp32/native",fp32,bf16,native,1440,1.0,0.0,1.0,1.0,0.999999999476129,0.0,0.0,0.0,1.0,0.9724403615350422,0.0,1,0,0.002581033105355567,1.4142298027929404e-07,0.3046976178884506,0.9632291793823242,0.3046976178884506,0.0,0.0,0.0,0.0,0.0,0.001388888888888889,0.0,,,0.002777777777777778,pool=fp32_values_torch_sum_acc_fp32,score=fp32_values_torch_matmul_acc_fp32_tf32_disabled
R3,0,0.8,"repr=nvfp4, pool=fp32/native, score=fp32/native",fp32,nvfp4,native,1440,0.9650482542758132,0.013557769017604082,0.9431241523576441,0.9822132888349514,0.9997382708008378,0.0071563720703125,0.90625,1.83203125,0.9650482542758132,1.0,0.0,1,0,0.0011201339456768822,0.0069017538841420435,0.07038234174251556,0.9978959858417511,0.07027759402990341,3.8353726267814636e-05,0.0006336333462968469,0.0009441807866096497,0.0044420605056540285,0.048050980419309816,0.5944444444444444,0.00015313737094402313,3.9927638288572678,3.9927638288572678,0.5402777777777777,pool=fp32_values_torch_sum_acc_fp32,score=fp32_values_torch_matmul_acc_fp32_tf32_disabled
R3,0,0.9,"repr=nvfp4, pool=fp32/native, score=fp32/native",fp32,nvfp4,native,1440,0.9551312675523207,0.021813079943461045,0.9199469250183805,0.97705078125,0.9997382708008378,0.00466156005859375,0.80859375,1.193359375,0.9551312675523207,1.0,0.0,0,0,0.0015783810294463913,0.006291497545852751,0.11681599542498589,0.9943186938762665,0.11654090136289597,-3.3218180760741234e-05,0.0011215584818273783,0.0014314845204353333,0.003779479708205261,0.0441655849184058,0.475,0.00022204965353012085,-6.684582010359499,6.684582010359499,0.5319444444444444,pool=fp32_values_torch_sum_acc_fp32,score=fp32_values_torch_matmul_acc_fp32_tf32_disabled
R3,0,0.95,"repr=nvfp4, pool=fp32/native, score=fp32/native",fp32,nvfp4,native,1440,0.9398178609351282,0.028182116512093014,0.8882135605733706,0.9689753605769231,0.9997382708008378,0.00315093994140625,0.6484375,0.806640625,0.9398178609351282,1.0,0.0,0,0,0.0021686827562488404,0.005609549545324117,0.18613648414611816,0.9846446514129639,0.18720756471157074,2.6106834411621094e-05,0.00165247218683362,0.002278253436088562,0.004047422254442948,0.02286065366962216,0.5083333333333333,0.00035099685192108154,13.444634703196346,13.444634703196346,0.55,pool=fp32_values_torch_sum_acc_fp32,score=fp32_values_torch_matmul_acc_fp32_tf32_disabled
R3,1,0.8,"repr=nvfp4, pool=fp32/native, score=fp32/native",fp32,nvfp4,native,1440,0.9717340910790399,0.017012622589666404,0.9452600516414608,0.9856644417475728,0.9996513661114489,0.005767822265625,0.857421875,1.4765625,0.9717340910790399,1.0,0.0,1,0,0.000985681501717126,0.004686675510091427,0.04747829772531986,0.9990400969982147,0.04689733125269413,5.1312148571014404e-05,0.0005184449255466461,0.0012308945879340172,0.0052816977473031925,0.04358326228889079,0.6381944444444444,0.014816281385719776,288.7480216349644,288.7480216349644,0.8347222222222223,pool=fp32_values_torch_sum_acc_fp32,score=fp32_values_torch_matmul_acc_fp32_tf32_disabled
R3,1,0.9,"repr=nvfp4, pool=fp32/native, score=fp32/native",fp32,nvfp4,native,1440,0.9629875396298754,0.01810758536453061,0.9326294552257938,0.9811448317307693,0.9996513661114489,0.0038299560546875,0.71875,0.98046875,0.9629875396298754,1.0,0.0,1,0,0.0015111026599233315,0.0042164588727623305,0.09688118100166321,0.9961570203304291,0.09681206569075584,4.7884415835142136e-05,0.0009151510894298553,0.0017546314746141433,0.004717593138307752,0.04003801427162304,0.5486111111111112,0.01063531031832099,222.10379165815755,222.10379165815755,0.7888888888888889,pool=fp32_values_torch_sum_acc_fp32,score=fp32_values_torch_matmul_acc_fp32_tf32_disabled
R3,1,0.95,"repr=nvfp4, pool=fp32/native, score=fp32/native",fp32,nvfp4,native,1440,0.9556339062729543,0.024694055076729726,0.9261767378479074,0.9773137019230769,0.9996513661114489,0.0023040771484375,0.51171875,0.58984375,0.9556339062729543,1.0,0.0,1,0,0.0023914707145881136,0.0036182830484377333,0.19355082511901855,0.9841935634613037,0.1912045031785965,0.0002089785411953926,0.0022131288424134254,0.004395345039665699,0.0052869289091876225,0.03006760838230372,0.6006944444444444,0.004109658300876617,19.665455971549406,19.665455971549406,0.7395833333333334,pool=fp32_values_torch_sum_acc_fp32,score=fp32_values_torch_matmul_acc_fp32_tf32_disabled
R3,10,0.8,"repr=nvfp4, pool=fp32/native, score=fp32/native",fp32,nvfp4,native,1440,0.9847201836588763,0.00656724267981279,0.96944771748544,0.9923012742718447,0.9997777780917229,0.0030975341796875,0.63671875,0.79296875,0.9847201836588763,1.0,0.0,1,0,0.0011285735961880602,0.002638760114544814,0.15990875661373138,0.9892908036708832,0.1598263755440712,8.929520845413208e-06,0.00023192353546619415,0.0002608947455883026,0.0007305150596120336,0.002816253963721792,0.5243055555555556,4.0862709283828735e-05,4.5761368377138085,4.5761368377138085,0.5104166666666666,pool=fp32_values_torch_sum_acc_fp32,score=fp32_values_torch_matmul_acc_fp32_tf32_disabled
R3,10,0.9,"repr=nvfp4, pool=fp32/native, score=fp32/native",fp32,nvfp4,native,1440,0.978743961352657,0.013058720251631906,0.9577910140451502,0.9892578125,0.9997777780917229,0.0021820068359375,0.5,0.55859375,0.978743961352657,1.0,0.0,1,0,0.0016064343841063903,0.0024285442127421424,0.2511586844921112,0.9743778109550476,0.25124941766262054,5.438923835754395e-07,0.0004062168300151825,0.0005386166274547576,0.0008390771315298692,0.0029530131373731163,0.5006944444444444,-0.00011885911226272583,-218.53424657534248,218.53424657534248,0.46805555555555556,pool=fp32_values_torch_sum_acc_fp32,score=fp32_values_torch_matmul_acc_fp32_tf32_disabled
R3,10,0.95,"repr=nvfp4, pool=fp32/native, score=fp32/native",fp32,nvfp4,native,1440,0.9671937342988031,0.01691818219875052,0.941656942823804,0.9833233173076923,0.9997777780917229,0.0016937255859375,0.40234375,0.43359375,0.9671937342988031,1.0,0.0,1,0,0.002247923241021383,0.0022717781860977764,0.35282132029533386,0.9489980340003967,0.35242003202438354,3.759562969207764e-05,0.000696871429681778,0.0009405136108398438,0.0010287947318427223,0.003915218542342289,0.5402777777777777,-0.0002632439136505127,-7.0019817677368215,7.0019817677368215,0.4486111111111111,pool=fp32_values_torch_sum_acc_fp32,score=fp32_values_torch_matmul_acc_fp32_tf32_disabled
R3,11,0.8,"repr=nvfp4, pool=fp32/native, score=fp32/native",fp32,nvfp4,native,1440,0.9842721149866426,0.005746117494967562,0.9729844496346132,0.9920737257281553,0.9998063341223793,0.0031890869140625,0.65234375,0.81640625,0.9842721149866426,1.0,0.0,1,0,0.001144430329551185,0.002681988080259404,0.12124541029334068,0.9936495423316956,0.12106186151504517,3.966689109802246e-05,0.0002522021532058716,0.0004251718521118164,0.0009502150202815706,0.0050532833168533,0.5729166666666666,0.0004140622913837433,10.438486100676183,10.438486100676183,0.5979166666666667,pool=fp32_values_torch_sum_acc_fp32,score=fp32_values_torch_matmul_acc_fp32_tf32_disabled
R3,11,0.9,"repr=nvfp4, pool=fp32/native, score=fp32/native",fp32,nvfp4,native,1440,0.9791852512637526,0.010582379257183527,0.9613967879770149,0.9894831730769231,0.9998063341223793,0.00213623046875,0.4921875,0.546875,0.9791852512637526,1.0,0.0,1,0,0.001753716815954506,0.002458920287580506,0.18997076898813248,0.9846042394638062,0.1893426701426506,2.164393663406372e-05,0.00036976300179958344,0.0006075859069824219,0.0009624771936299873,0.0038542452352789717,0.5430555555555555,0.0002762898802757263,12.765232358003443,12.765232358003443,0.5715277777777777,pool=fp32_values_torch_sum_acc_fp32,score=fp32_values_torch_matmul_acc_fp32_tf32_disabled
R3,11,0.95,"repr=nvfp4, pool=fp32/native, score=fp32/native",fp32,nvfp4,native,1440,0.9693764439436876,0.016592480736200454,0.9484634939066543,0.9844501201923077,0.9998063341223793,0.00157928466796875,0.3828125,0.404296875,0.9693764439436876,1.0,0.0,1,0,0.002463373914175237,0.002295810161539206,0.28315816819667816,0.9648123681545258,0.28312958776950836,4.855543375015259e-05,0.0005699582397937775,0.001112036406993866,0.0010105775968367338,0.0040984076179476775,0.55,0.00038476288318634033,7.924198250728863,7.924198250728863,0.56875,pool=fp32_values_torch_sum_acc_fp32,score=fp32_values_torch_matmul_acc_fp32_tf32_disabled
R3,12,0.8,"repr=nvfp4, pool=fp32/native, score=fp32/native",fp32,nvfp4,native,1440,0.9835257832775417,0.007899850063253444,0.9645321776511399,0.9916944781553398,0.9998311871713117,0.0033416748046875,0.671875,0.85546875,0.9835257832775417,1.0,0.0,1,0,0.0011228016536718004,0.002842334008984984,0.09632924199104309,0.9960270822048187,0.09641782939434052,1.4316290616989136e-05,0.00018063466995954514,0.0003036379814147949,0.0009562524100185216,0.004695294119366918,0.5541666666666667,0.0006467849016189575,45.17824616185272,45.17824616185272,0.6166666666666667,pool=fp32_values_torch_sum_acc_fp32,score=fp32_values_torch_matmul_acc_fp32_tf32_disabled
R3,12,0.9,"repr=nvfp4, pool=fp32/native, score=fp32/native",fp32,nvfp4,native,1440,0.9771275805732957,0.013493902722236384,0.9534600515264158,0.9884314903846154,0.9998311871713117,0.002349853515625,0.52734375,0.6015625,0.9770541741880365,1.0,0.0,1,0,0.0017683823789727848,0.0026156393068911795,0.15916410833597183,0.9895353317260742,0.15933052450418472,4.335865378379822e-05,0.00032353028655052185,0.0005287870764732361,0.0010338969578736795,0.004237400626465539,0.5784722222222223,0.0006162486970424652,14.212818970701951,14.212818970701951,0.6013888888888889,pool=fp32_values_torch_sum_acc_fp32,score=fp32_values_torch_matmul_acc_fp32_tf32_disabled
R3,12,0.95,"repr=nvfp4, pool=fp32/native, score=fp32/native",fp32,nvfp4,native,1440,0.9677753141167775,0.020619214322660895,0.9357277882797732,0.9836237980769231,0.9998311871713117,0.0016632080078125,0.3984375,0.42578125,0.9677753141167775,1.0,0.0,1,0,0.002538124746638532,0.0024766108565157027,0.24779874086380005,0.974170446395874,0.24781609326601028,6.373226642608643e-05,0.0005064122378826141,0.0007616788148880005,0.0010611507257940371,0.0046174744780091825,0.575,0.0008132532238960266,12.760462941314005,12.760462941314005,0.6138888888888889,pool=fp32_values_torch_sum_acc_fp32,score=fp32_values_torch_matmul_acc_fp32_tf32_disabled
R3,13,0.8,"repr=nvfp4, pool=fp32/native, score=fp32/native",fp32,nvfp4,native,1440,0.9863274268330477,0.006503129595115453,0.9686353274014211,0.993116656553398,0.9997383054199724,0.00276947021484375,0.595703125,0.708984375,0.9863274268330477,1.0,0.0,1,0,0.0012897254743969445,0.0026351155889431403,0.12594638764858246,0.9930508136749268,0.1258113533258438,1.4146789908409119e-05,0.00017008185386657715,0.00024393200874328613,0.0006951867890150239,0.0032812802032283267,0.5527777777777778,9.859725832939148e-05,6.969585253456221,6.969585253456221,0.53125,pool=fp32_values_torch_sum_acc_fp32,score=fp32_values_torch_matmul_acc_fp32_tf32_disabled
R3,13,0.9,"repr=nvfp4, pool=fp32/native, score=fp32/native",fp32,nvfp4,native,1440,0.978891036123086,0.013360114617614771,0.9592317315475751,0.9893329326923077,0.9997383054199724,0.002166748046875,0.49609375,0.5546875,0.978891036123086,1.0,0.0,1,0,0.0016950579155340202,0.0024485944136949066,0.19568957388401031,0.9830351769924164,0.19571303576231003,1.1101365089416504e-06,0.0003114081919193268,0.00037244707345962524,0.0008162115366061587,0.0028796227720537426,0.5006944444444444,0.00012762844562530518,114.96644295302013,114.96644295302013,0.5215277777777778,pool=fp32_values_torch_sum_acc_fp32,score=fp32_values_torch_matmul_acc_fp32_tf32_disabled
R3,13,0.95,"repr=nvfp4, pool=fp32/native, score=fp32/native",fp32,nvfp4,native,1440,0.9632770551414915,0.015337204328788157,0.941373778620388,0.9812950721153846,0.9997383054199724,0.00189971923828125,0.4453125,0.486328125,0.9632770551414915,1.0,0.0,1,0,0.0020914292711501454,0.0023973548822726148,0.2988239675760269,0.960659921169281,0.2993738353252411,1.0635703802108765e-05,0.0005602575838565826,0.0006639599800109863,0.000980764790246614,0.0034405934992102656,0.5180555555555556,7.145106792449951e-05,6.718038528896672,6.718038528896672,0.4951388888888889,pool=fp32_values_torch_sum_acc_fp32,score=fp32_values_torch_matmul_acc_fp32_tf32_disabled
R3,14,0.8,"repr=nvfp4, pool=fp32/native, score=fp32/native",fp32,nvfp4,native,1440,0.9844214487300094,0.005898917847933949,0.9751310861423221,0.9921495752427184,0.9998190658889815,0.0031585693359375,0.6484375,0.80859375,0.9844214487300094,1.0,0.0,1,0,0.001185880564503691,0.00271171651065499,0.14398837089538574,0.9914080798625946,0.14414198696613312,2.232566475868225e-05,0.00020758993923664093,0.0002443939447402954,0.0008098906629518429,0.0030172473824000476,0.5708333333333333,0.000244922935962677,10.970465543133656,10.970465543133656,0.5819444444444445,pool=fp32_values_torch_sum_acc_fp32,score=fp32_values_torch_matmul_acc_fp32_tf32_disabled
R3,14,0.9,"repr=nvfp4, pool=fp32/native, score=fp32/native",fp32,nvfp4,native,1440,0.9775681497437421,0.008661995016017832,0.9638563103931548,0.9886568509615384,0.9998190658889815,0.0023040771484375,0.51953125,0.58984375,0.9775681497437421,1.0,0.0,1,0,0.00164337920655728,0.0025557442701472943,0.2121894806623459,0.9815961122512817,0.2123768925666809,1.364201307296753e-05,0.00033863168209791183,0.0003983631730079651,0.0008597308248899986,0.002544534142436713,0.5180555555555556,0.00023073703050613403,16.91370835608957,16.91370835608957,0.55625,pool=fp32_values_torch_sum_acc_fp32,score=fp32_values_torch_matmul_acc_fp32_tf32_disabled
R3,14,0.95,"repr=nvfp4, pool=fp32/native, score=fp32/native",fp32,nvfp4,native,1440,0.9674844812296778,0.01598189603228306,0.9467538279949984,0.9834735576923077,0.9998190658889815,0.001678466796875,0.40234375,0.4296875,0.9674844812296778,1.0,0.0,1,0,0.002248531775982739,0.002416371516405149,0.292885884642601,0.9648989737033844,0.29282447695732117,3.110617399215698e-05,0.0005561932921409607,0.0006342008709907532,0.0009087389106704888,0.002952631952765566,0.5277777777777778,0.0004185140132904053,13.45437125748503,13.45437125748503,0.5770833333333333,pool=fp32_values_torch_sum_acc_fp32,score=fp32_values_torch_matmul_acc_fp32_tf32_disabled
R3,15,0.8,"repr=nvfp4, pool=fp32/native, score=fp32/native",fp32,nvfp4,native,1440,0.9809180377131695,0.01116924496522076,0.9632121097712087,0.9903671116504854,0.999796886022576,0.003875732421875,0.71484375,0.9921875,0.9809180377131695,1.0,0.0,1,0,0.0010437385095944166,0.003096208045642982,0.18663041293621063,0.9856217503547668,0.1864970475435257,3.931485116481781e-05,0.0003295987844467163,0.0006423294544219971,0.0008128906848936653,0.0037488101456683706,0.5888888888888889,-0.00027849525213241577,-7.08371630264841,7.08371630264841,0.38333333333333336,pool=fp32_values_torch_sum_acc_fp32,score=fp32_values_torch_matmul_acc_fp32_tf32_disabled
R3,15,0.9,"repr=nvfp4, pool=fp32/native, score=fp32/native",fp32,nvfp4,native,1440,0.972732661529342,0.013736230698745855,0.9540335380746063,0.9861778846153846,0.999796886022576,0.0028076171875,0.59375,0.71875,0.972732661529342,1.0,0.0,1,0,0.0015052312295927859,0.0028927144692379525,0.26965829730033875,0.9697429537773132,0.26940159499645233,5.6371092796325684e-05,0.00046792998909950256,0.0007941186428070069,0.0008155420070131133,0.0030629517623671915,0.5763888888888888,-0.00045502930879592896,-8.072032778218345,8.072032778218345,0.38263888888888886,pool=fp32_values_torch_sum_acc_fp32,score=fp32_values_torch_matmul_acc_fp32_tf32_disabled
R3,15,0.95,"repr=nvfp4, pool=fp32/native, score=fp32/native",fp32,nvfp4,native,1440,0.9593759199293495,0.01585048174068493,0.9331837575000712,0.9792668269230769,0.999796886022576,0.002105712890625,0.48046875,0.5390625,0.9593759199293495,1.0,0.0,1,0,0.0020140303384590568,0.002729815839480408,0.3783365339040756,0.9423680901527405,0.37830474972724915,3.553926944732666e-05,0.0006969869136810303,0.0007952690124511719,0.0009175693126672569,0.0029267413309346764,0.5263888888888889,-0.00047947466373443604,-13.491404612159329,13.491404612159329,0.41944444444444445,pool=fp32_values_torch_sum_acc_fp32,score=fp32_values_torch_matmul_acc_fp32_tf32_disabled
R3,16,0.8,"repr=nvfp4, pool=fp32/native, score=fp32/native",fp32,nvfp4,native,1440,0.9833765843017789,0.00737788075381296,0.9651873856968353,0.9916186286407767,0.9997961956916541,0.0033721923828125,0.671875,0.86328125,0.9833765843017789,1.0,0.0,1,0,0.0011562776060636297,0.0029742707159899203,0.12065433710813522,0.9941191673278809,0.12059247121214867,2.3188069462776184e-05,0.00021532457321882248,0.0002910688519477844,0.0010271566340582673,0.0043525255153622055,0.5763888888888888,0.0003160722553730011,13.630813719977509,13.630813719977509,0.5951388888888889,pool=fp32_values_torch_sum_acc_fp32,score=fp32_values_torch_matmul_acc_fp32_tf32_disabled
R3,16,0.9,"repr=nvfp4, pool=fp32/native, score=fp32/native",fp32,nvfp4,native,1440,0.9761003488458398,0.014773394252136196,0.9534815467018858,0.9879056490384616,0.9997961956916541,0.0024566650390625,0.546875,0.62890625,0.9761003488458398,1.0,0.0,1,0,0.0016262872822143974,0.0027949214101706124,0.19424662739038467,0.9845227301120758,0.19393815845251083,2.648681402206421e-06,0.00031875353306531906,0.00044845789670944214,0.0010226657195474788,0.0032302136980963715,0.50625,0.0004296302795410156,162.2053445850914,162.2053445850914,0.5854166666666667,pool=fp32_values_torch_sum_acc_fp32,score=fp32_values_torch_matmul_acc_fp32_tf32_disabled
R3,16,0.95,"repr=nvfp4, pool=fp32/native, score=fp32/native",fp32,nvfp4,native,1440,0.9631322813744285,0.02486906741170991,0.9343214181923859,0.9812199519230769,0.9997961956916541,0.0019073486328125,0.4453125,0.48828125,0.9631322813744285,1.0,0.0,1,0,0.0023655111122259844,0.002592116536996137,0.28507958352565765,0.9663640856742859,0.2846301794052124,3.113597631454468e-05,0.0005484297871589661,0.0007013559341430664,0.0011634549676831454,0.0035545791808268877,0.5361111111111111,0.0006377473473548889,20.482651351998086,20.482651351998086,0.5895833333333333,pool=fp32_values_torch_sum_acc_fp32,score=fp32_values_torch_matmul_acc_fp32_tf32_disabled
R3,17,0.8,"repr=nvfp4, pool=fp32/native, score=fp32/native",fp32,nvfp4,native,1440,0.9831528279181708,0.005311775736249191,0.970849839300396,0.991504854368932,0.9998177284464657,0.00341796875,0.68359375,0.875,0.9831528279181708,1.0,0.0,1,0,0.0011513774325648941,0.002918100277412233,0.07442671805620193,0.9975983500480652,0.07429240271449089,4.99822199344635e-05,0.00028016604483127594,0.0008908933028578758,0.001692126041777007,0.008840278706558905,0.64375,0.0017665065824985504,35.34269956025937,35.34269956025937,0.7861111111111111,pool=fp32_values_torch_sum_acc_fp32,score=fp32_values_torch_matmul_acc_fp32_tf32_disabled
R3,17,0.9,"repr=nvfp4, pool=fp32/native, score=fp32/native",fp32,nvfp4,native,1440,0.9786704348974937,0.00808794384022371,0.9600899655713547,0.9892202524038461,0.9998177284464657,0.00218963623046875,0.50390625,0.560546875,0.9786704348974937,1.0,0.0,1,0,0.001825078644272526,0.002626226348796671,0.14148329943418503,0.9910794496536255,0.14164262264966965,5.09209930896759e-05,0.0004283236339688301,0.0007746070623397827,0.0015033046862624193,0.006665712272578008,0.5902777777777778,0.0014323145151138306,28.12817323871534,28.12817323871534,0.7701388888888889,pool=fp32_values_torch_sum_acc_fp32,score=fp32_values_torch_matmul_acc_fp32_tf32_disabled
R3,17,0.95,"repr=nvfp4, pool=fp32/native, score=fp32/native",fp32,nvfp4,native,1440,0.972732661529342,0.013138066596119158,0.9490340500513014,0.9861778846153846,0.9998177284464657,0.00140380859375,0.34375,0.359375,0.972732661529342,1.0,0.0,1,0,0.002857551615935367,0.0023759283226051334,0.22791849076747894,0.9776631891727448,0.22790737450122833,5.602836608886719e-05,0.0005991831421852112,0.0008339747786521911,0.0012934644274163883,0.005606177843514129,0.5736111111111111,0.0016235262155532837,28.97686170212766,28.97686170212766,0.79375,pool=fp32_values_torch_sum_acc_fp32,score=fp32_values_torch_matmul_acc_fp32_tf32_disabled
R3,18,0.8,"repr=nvfp4, pool=fp32/native, score=fp32/native",fp32,nvfp4,native,1440,0.980285763263566,0.009513690986626133,0.9662168335498442,0.9900447512135921,0.999495339750079,0.00400543212890625,0.74609375,1.025390625,0.980285763263566,1.0,0.0,1,0,0.0010248487727830477,0.003230894489822597,0.2202853485941887,0.9807094633579254,0.2202441394329071,9.80570912361145e-05,0.0009607337415218353,0.0020535826683044434,0.0020109687702014444,0.009056697270137505,0.5916666666666667,0.0014705806970596313,14.99718866347542,14.99718866347542,0.6861111111111111,pool=fp32_values_torch_sum_acc_fp32,score=fp32_values_torch_matmul_acc_fp32_tf32_disabled
R3,18,0.9,"repr=nvfp4, pool=fp32/native, score=fp32/native",fp32,nvfp4,native,1440,0.9768339768339769,0.015240448964052744,0.9540550458715596,0.98828125,0.999495339750079,0.00238037109375,0.53125,0.609375,0.9768339768339769,1.0,0.0,1,0,0.0018098458916863697,0.0028991828482291034,0.35071954131126404,0.9532056152820587,0.3500274121761322,3.57702374458313e-05,0.0011546425521373749,0.0020771265029907227,0.001659854522485898,0.0062229274798703774,0.5180555555555556,0.001127481460571289,31.520099979171007,31.520099979171007,0.6701388888888888,pool=fp32_values_torch_sum_acc_fp32,score=fp32_values_torch_matmul_acc_fp32_tf32_disabled
R3,18,0.95,"repr=nvfp4, pool=fp32/native, score=fp32/native",fp32,nvfp4,native,1440,0.9628428192273666,0.017053433024767917,0.9396765263004518,0.9810697115384616,0.999495339750079,0.001922607421875,0.453125,0.4921875,0.9628428192273666,1.0,0.0,1,0,0.0022912665288762893,0.0027565937336630564,0.5347961783409119,0.8945751190185547,0.5342652797698975,7.531791925430298e-05,0.0012963712215423584,0.002215498685836792,0.0013797820098818661,0.004649786687982034,0.5236111111111111,0.0019210875034332275,25.506380453061627,25.506380453061627,0.6986111111111111,pool=fp32_values_torch_sum_acc_fp32,score=fp32_values_torch_matmul_acc_fp32_tf32_disabled
R3,19,0.8,"repr=nvfp4, pool=fp32/native, score=fp32/native",fp32,nvfp4,native,1440,0.9831528279181708,0.007322743803631848,0.9701871707699781,0.991504854368932,0.9996760670630541,0.00341796875,0.6796875,0.875,0.9831528279181708,1.0,0.0,0,0,0.0011687916847368434,0.002914649304002425,0.10225832462310791,0.9957626163959503,0.10232561081647873,2.9286369681358337e-05,0.00027237460017204285,0.0003978179767727852,0.0013907932948859594,0.008720251666977152,0.5583333333333333,0.001096535474061966,37.441836799592956,37.441836799592956,0.6902777777777778,pool=fp32_values_torch_sum_acc_fp32,score=fp32_values_torch_matmul_acc_fp32_tf32_disabled
R3,19,0.9,"repr=nvfp4, pool=fp32/native, score=fp32/native",fp32,nvfp4,native,1440,0.9784498773872334,0.012074340138611861,0.958936212201848,0.9891075721153846,0.9996760670630541,0.0022125244140625,0.50390625,0.56640625,0.9784498773872334,1.0,0.0,1,0,0.0017788212068432685,0.002649477927400534,0.16220827400684357,0.9893001317977905,0.16218668222427368,2.7105212211608887e-05,0.00039927568286657333,0.0005622416734695435,0.0011936166070569015,0.006679905001210495,0.5347222222222222,0.0008751004934310913,32.28532160527762,32.28532160527762,0.6972222222222222,pool=fp32_values_torch_sum_acc_fp32,score=fp32_values_torch_matmul_acc_fp32_tf32_disabled
R3,19,0.95,"repr=nvfp4, pool=fp32/native, score=fp32/native",fp32,nvfp4,native,1440,0.9667577857196991,0.016538631968228135,0.9436414075047452,0.9830979567307692,0.9996760670630541,0.00171661376953125,0.41015625,0.439453125,0.9667577857196991,1.0,0.0,1,0,0.002367991295357783,0.002487994165301216,0.24326226115226746,0.9761388301849365,0.24424979090690613,4.527345299720764e-05,0.0007486008107662201,0.0008971631526947021,0.001370279570749164,0.005776512034872806,0.5416666666666666,0.001370161771774292,30.264132313009135,30.264132313009135,0.7340277777777777,pool=fp32_values_torch_sum_acc_fp32,score=fp32_values_torch_matmul_acc_fp32_tf32_disabled
R3,2,0.8,"repr=nvfp4, pool=fp32/native, score=fp32/native",fp32,nvfp4,native,1440,0.9733572818440354,0.013304676725591547,0.9597175771088816,0.986498786407767,0.9998182062604248,0.00543212890625,0.8359375,1.390625,0.9733572818440354,1.0,0.0,1,0,0.0009751327048517261,0.004352165573876591,0.05295528098940849,0.9986661374568939,0.05215287208557129,8.686515502631664e-05,0.0003779390826821327,0.001012035086750984,0.0029296618292106178,0.02237419407065432,0.6722222222222223,0.0073560625314712524,84.68369772945967,84.68369772945967,0.7159722222222222,pool=fp32_values_torch_sum_acc_fp32,score=fp32_values_torch_matmul_acc_fp32_tf32_disabled
R3,2,0.9,"repr=nvfp4, pool=fp32/native, score=fp32/native",fp32,nvfp4,native,1440,0.9676298869263174,0.01849542564775597,0.9406662293170056,0.9835486778846154,0.9998182062604248,0.0033416748046875,0.66796875,0.85546875,0.9676298869263174,1.0,0.0,1,0,0.0015467086815550966,0.003839478638741433,0.11004391312599182,0.9945827722549438,0.10970661789178848,0.00017856620252132416,0.0014290227554738522,0.004185765981674194,0.00435606516783734,0.023357526068164214,0.6673611111111111,0.005906904116272926,33.07963115566358,33.07963115566358,0.6854166666666667,pool=fp32_values_torch_sum_acc_fp32,score=fp32_values_torch_matmul_acc_fp32_tf32_disabled
R3,2,0.95,"repr=nvfp4, pool=fp32/native, score=fp32/native",fp32,nvfp4,native,1440,0.9544853912788137,0.023850080471917723,0.9239635518180231,0.9767127403846154,0.9998182062604248,0.0023651123046875,0.5234375,0.60546875,0.9544853912788137,1.0,0.0,1,0,0.0023730480337720325,0.003350489151580558,0.2468087375164032,0.9762148857116699,0.24632468074560165,0.000439424067735672,0.0023158304393291473,0.010358184576034546,0.004426955292842918,0.030662173186145114,0.68125,0.003911066800355911,8.900438295311004,8.900438295311004,0.6791666666666667,pool=fp32_values_torch_sum_acc_fp32,score=fp32_values_torch_matmul_acc_fp32_tf32_disabled
R3,20,0.8,"repr=nvfp4, pool=fp32/native, score=fp32/native",fp32,nvfp4,native,1440,0.9793566790526592,0.009431219137359337,0.9680512614168337,0.9895706917475728,0.9998046580846407,0.0041961669921875,0.76953125,1.07421875,0.9793566790526592,1.0,0.0,1,0,0.0011714808078827621,0.004064734568340352,0.04285221919417381,0.9991395175457001,0.043014874681830406,2.7433503419160843e-05,0.00018702633678913116,0.00036875084042549134,0.0022461459071912568,0.016619183285239765,0.6097222222222223,0.010402228683233261,379.179739616044,379.179739616044,0.9277777777777778,pool=fp32_values_torch_sum_acc_fp32,score=fp32_values_torch_matmul_acc_fp32_tf32_disabled
R3,20,0.9,"repr=nvfp4, pool=fp32/native, score=fp32/native",fp32,nvfp4,native,1440,0.9725865007038601,0.01700757245852491,0.9497619919443426,0.9861027644230769,0.9998046580846407,0.0028228759765625,0.6015625,0.72265625,0.9725865007038601,1.0,0.0,1,0,0.0018198550607557494,0.003652426521628538,0.08466186374425888,0.9968961477279663,0.08442166447639465,4.523247480392456e-05,0.00033517181873321533,0.0006385728716850281,0.0020111726733525,0.022721638284151347,0.5881944444444445,0.00668909028172493,147.88247405699227,147.88247405699227,0.90625,pool=fp32_values_torch_sum_acc_fp32,score=fp32_values_torch_matmul_acc_fp32_tf32_disabled
R3,20,0.95,"repr=nvfp4, pool=fp32/native, score=fp32/native",fp32,nvfp4,native,1440,0.9640011802891708,0.016269919588649873,0.9399591955698048,0.9816706730769231,0.9998046580846407,0.001861572265625,0.44140625,0.4765625,0.9640011802891708,1.0,0.0,1,0,0.0026231938438412736,0.0031817309226204425,0.15633126348257065,0.9894219040870667,0.15579777210950851,9.187683463096619e-05,0.0006412407383322716,0.0012196153402328491,0.0022939135996383466,0.02032570247353578,0.5909722222222222,0.005704633891582489,62.09001338036735,62.09001338036735,0.9118055555555555,pool=fp32_values_torch_sum_acc_fp32,score=fp32_values_torch_matmul_acc_fp32_tf32_disabled
R3,21,0.8,"repr=nvfp4, pool=fp32/native, score=fp32/native",fp32,nvfp4,native,1440,0.9783171399632367,0.007493652287851593,0.9651910469135856,0.9890397451456311,0.9997160327847341,0.0044097900390625,0.7890625,1.12890625,0.9783171399632367,1.0,0.0,1,0,0.001021631844806433,0.0034774682161193625,0.07175654917955399,0.9978548884391785,0.07172318547964096,6.562517955899239e-05,0.0003290523309260607,0.0007365047931671143,0.0024408555494241976,0.012103300165246324,0.6652777777777777,0.006723163649439812,102.44792767989556,102.44792767989556,0.8465277777777778,pool=fp32_values_torch_sum_acc_fp32,score=fp32_values_torch_matmul_acc_fp32_tf32_disabled
R3,21,0.9,"repr=nvfp4, pool=fp32/native, score=fp32/native",fp32,nvfp4,native,1440,0.975220713702797,0.014840470440244502,0.9500333277522014,0.9874549278846154,0.9997160327847341,0.0025482177734375,0.55859375,0.65234375,0.975220713702797,1.0,0.0,1,0,0.0017727054917591818,0.0030821362070038733,0.12933535873889923,0.9932212233543396,0.12938550114631653,9.497813880443573e-05,0.0005368771962821484,0.0010390661656856537,0.0019923595689500966,0.017674597728683517,0.6340277777777777,0.003895990550518036,41.01986625090702,41.01986625090702,0.8534722222222222,pool=fp32_values_torch_sum_acc_fp32,score=fp32_values_torch_matmul_acc_fp32_tf32_disabled
R3,21,0.95,"repr=nvfp4, pool=fp32/native, score=fp32/native",fp32,nvfp4,native,1440,0.966903073286052,0.017709740160806065,0.938829012525488,0.9831730769230769,0.9997160327847341,0.001708984375,0.40234375,0.4375,0.966903073286052,1.0,0.0,1,0,0.002612945264455056,0.0028134999165484263,0.22687985748052597,0.9790340065956116,0.22706419974565506,0.00015434622764587402,0.0009653158485889435,0.0015272736549377442,0.0019345752524192465,0.016222640206559547,0.6055555555555555,0.0042485930025577545,27.526380575400655,27.526380575400655,0.8423611111111111,pool=fp32_values_torch_sum_acc_fp32,score=fp32_values_torch_matmul_acc_fp32_tf32_disabled
R3,22,0.8,"repr=nvfp4, pool=fp32/native, score=fp32/native",fp32,nvfp4,native,1440,0.9810668670172802,0.007956719993388206,0.9650482542758132,0.9904429611650486,0.9997538657404171,0.00384521484375,0.7265625,0.984375,0.9810668670172802,1.0,0.0,1,0,0.0011157038518331771,0.003331081335666184,0.22572781890630722,0.9812174737453461,0.22563116997480392,3.2767653465270996e-05,0.0005141720175743103,0.0010104849934577942,0.0013781569478587695,0.005882644500886019,0.5534722222222223,0.0006091594696044922,18.590268303774444,18.590268303774444,0.5777777777777777,pool=fp32_values_torch_sum_acc_fp32,score=fp32_values_torch_matmul_acc_fp32_tf32_disabled
R3,22,0.9,"repr=nvfp4, pool=fp32/native, score=fp32/native",fp32,nvfp4,native,1440,0.9762470308788599,0.01551052025676114,0.9483351628247346,0.9879807692307693,0.9997538657404171,0.00244140625,0.5390625,0.625,0.9762470308788599,1.0,0.0,1,0,0.0018094427251882472,0.0030282903274902913,0.34594619274139404,0.9602889716625214,0.34548625349998474,3.0338764190673828e-05,0.0006498433649539948,0.0008786991238594055,0.0011287191227676348,0.0041294717889220805,0.5298611111111111,0.0005988851189613342,19.73993123772102,19.73993123772102,0.5868055555555556,pool=fp32_values_torch_sum_acc_fp32,score=fp32_values_torch_matmul_acc_fp32_tf32_disabled
R3,22,0.95,"repr=nvfp4, pool=fp32/native, score=fp32/native",fp32,nvfp4,native,1440,0.9616858237547893,0.02020623614269057,0.932636469221835,0.98046875,0.9997538657404171,0.001983642578125,0.45703125,0.5078125,0.9616858237547893,1.0,0.0,1,0,0.002305216938581489,0.0028602473684777004,0.46266889572143555,0.9256091713905334,0.4630487412214279,7.191300392150879e-05,0.0010232552886009216,0.0013286322355270386,0.0011482053371402365,0.003505084782062684,0.5548611111111111,0.0012202933430671692,16.96902196435972,16.96902196435972,0.6236111111111111,pool=fp32_values_torch_sum_acc_fp32,score=fp32_values_torch_matmul_acc_fp32_tf32_disabled
R3,23,0.8,"repr=nvfp4, pool=fp32/native, score=fp32/native",fp32,nvfp4,native,1440,0.9804344975718942,0.009675022080506634,0.9621821557913238,0.9901206007281553,0.9997840464258736,0.00397491455078125,0.734375,1.017578125,0.9804344975718942,1.0,0.0,1,0,0.0011040615132051996,0.0033314554239933644,0.17108140885829926,0.9883988797664642,0.17098650336265564,3.37306410074234e-05,0.0006194114685058594,0.0014351129531860352,0.001968405295271023,0.009167484886588377,0.5395833333333333,0.0008743070065975189,25.920260643878734,25.920260643878734,0.5902777777777778,pool=fp32_values_torch_sum_acc_fp32,score=fp32_values_torch_matmul_acc_fp32_tf32_disabled
R3,23,0.9,"repr=nvfp4, pool=fp32/native, score=fp32/native",fp32,nvfp4,native,1440,0.9733175214942188,0.018390765579463175,0.9426486683692084,0.9864783653846154,0.9997840464258736,0.00274658203125,0.5859375,0.703125,0.9733175214942188,1.0,0.0,1,0,0.0016354864862931611,0.003078916091244649,0.24296017736196518,0.9759566187858582,0.2432529777288437,4.073232412338257e-05,0.0008310787379741669,0.0015595227479934693,0.001617861559237738,0.0063524994604788,0.5354166666666667,0.0007373988628387451,18.103530272544358,18.103530272544358,0.5722222222222222,pool=fp32_values_torch_sum_acc_fp32,score=fp32_values_torch_matmul_acc_fp32_tf32_disabled
R3,23,0.95,"repr=nvfp4, pool=fp32/native, score=fp32/native",fp32,nvfp4,native,1440,0.9585111078416949,0.023323288247249274,0.9203554523058847,0.9788161057692307,0.9997840464258736,0.0021514892578125,0.4921875,0.55078125,0.9585111078416949,1.0,0.0,1,0,0.002249836549869146,0.0028730042558125475,0.346301332116127,0.9498317241668701,0.34485964477062225,0.00011231005191802979,0.0011993944644927979,0.001985090970993042,0.0016748863084896804,0.0059454346054871095,0.5708333333333333,0.0014228187501430511,12.66866790500199,12.66866790500199,0.5826388888888889,pool=fp32_values_torch_sum_acc_fp32,score=fp32_values_torch_matmul_acc_fp32_tf32_disabled
R3,24,0.8,"repr=nvfp4, pool=fp32/native, score=fp32/native",fp32,nvfp4,native,1440,0.9815507174409285,0.006848740870638359,0.9705515834361499,0.9906894720873787,0.9997393781330615,0.00374603271484375,0.71875,0.958984375,0.9815507174409285,1.0,0.0,1,0,0.0010687708072312089,0.003117458715629861,0.1971859335899353,0.9870070219039917,0.1970265880227089,7.646530866622925e-05,0.0007372673135250807,0.00155370831489563,0.001944777756268891,0.008950027604108356,0.6229166666666667,0.0025971010327339172,33.96443535028744,33.96443535028744,0.7388888888888889,pool=fp32_values_torch_sum_acc_fp32,score=fp32_values_torch_matmul_acc_fp32_tf32_disabled
R3,24,0.9,"repr=nvfp4, pool=fp32/native, score=fp32/native",fp32,nvfp4,native,1440,0.9805103027598007,0.011486437322558163,0.9590875643855776,0.9901592548076923,0.9997393781330615,0.0019989013671875,0.4609375,0.51171875,0.9805103027598007,1.0,0.0,0,0,0.002071762994593901,0.0027483880825085617,0.32036708295345306,0.96711066365242,0.3202587515115738,0.00012513995170593262,0.0007494091987609863,0.0013630002737045287,0.0013191445053283666,0.0058545831811202724,0.6020833333333333,0.0016859844326972961,13.472791140747796,13.472791140747796,0.7201388888888889,pool=fp32_values_torch_sum_acc_fp32,score=fp32_values_torch_matmul_acc_fp32_tf32_disabled
R3,24,0.95,"repr=nvfp4, pool=fp32/native, score=fp32/native",fp32,nvfp4,native,1440,0.9701050762172562,0.010487102119610014,0.9539116395126964,0.9848257211538461,0.9997393781330615,0.0015411376953125,0.37109375,0.39453125,0.9701050762172562,1.0,0.0,1,0,0.0026755536679833967,0.002496649343281594,0.4790537655353546,0.9270237386226654,0.47872452437877655,0.0001347362995147705,0.0010248571634292603,0.0014375567436218262,0.0011412269235129622,0.0044939394871702535,0.5861111111111111,0.0027326196432113647,20.28124308781243,20.28124308781243,0.76875,pool=fp32_values_torch_sum_acc_fp32,score=fp32_values_torch_matmul_acc_fp32_tf32_disabled
R3,25,0.8,"repr=nvfp4, pool=fp32/native, score=fp32/native",fp32,nvfp4,native,1440,0.9815134891410536,0.010649071983801939,0.9487499848302063,0.9906705097087378,0.9997816363138785,0.003753662109375,0.7109375,0.9609375,0.9815134891410536,1.0,0.0,1,0,0.0010529925474680435,0.0031511920074323266,0.09191996604204178,0.9962802231311798,0.09177053347229958,2.7157366275787354e-05,0.00024754181504249573,0.00047541148960590364,0.001497590776102912,0.007109504071482276,0.5701388888888889,0.0006314925849437714,23.253086419753085,23.253086419753085,0.6444444444444445,pool=fp32_values_torch_sum_acc_fp32,score=fp32_values_torch_matmul_acc_fp32_tf32_disabled
R3,25,0.9,"repr=nvfp4, pool=fp32/native, score=fp32/native",fp32,nvfp4,native,1440,0.973463790675265,0.017840424332858595,0.9026112605314462,0.9865534855769231,0.9997816363138785,0.0027313232421875,0.578125,0.69921875,0.973463790675265,1.0,0.0,1,0,0.001484732904992317,0.0029540610684378977,0.1567680761218071,0.9894095957279205,0.15654364228248596,4.225969314575195e-05,0.00039351917803287506,0.0007548719644546509,0.0013911064156639417,0.00587003930884087,0.5930555555555556,0.0006345659494400024,15.015867418899859,15.015867418899859,0.625,pool=fp32_values_torch_sum_acc_fp32,score=fp32_values_torch_matmul_acc_fp32_tf32_disabled
R3,25,0.95,"repr=nvfp4, pool=fp32/native, score=fp32/native",fp32,nvfp4,native,1440,0.9660316053758676,0.018252654630643406,0.9331697264526687,0.9827223557692307,0.9997816363138785,0.0017547607421875,0.4140625,0.44921875,0.9660316053758676,1.0,0.0,1,0,0.0022182376496949815,0.002577764455474859,0.2307099848985672,0.9771133959293365,0.23056398332118988,2.8751790523529053e-05,0.0005792267620563507,0.000745198130607605,0.0012012529233035862,0.0043281133443266555,0.5277777777777778,0.0006201118230819702,21.56776366934439,21.56776366934439,0.6381944444444444,pool=fp32_values_torch_sum_acc_fp32,score=fp32_values_torch_matmul_acc_fp32_tf32_disabled
R3,26,0.8,"repr=nvfp4, pool=fp32/native, score=fp32/native",fp32,nvfp4,native,1440,0.9799883616581805,0.010336182701473628,0.9619047619047618,0.989893052184466,0.9997833301196603,0.00406646728515625,0.75,1.041015625,0.9799883616581805,1.0,0.0,1,0,0.0010863071566934,0.003562720901176179,0.04002402164041996,0.9992592930793762,0.04000944457948208,3.2473355531692505e-05,0.00017058616504073143,0.00024891681969165804,0.0019237683173946832,0.011351754661551274,0.6493055555555556,0.001326248049736023,40.84111506252151,40.84111506252151,0.7506944444444444,pool=fp32_values_torch_sum_acc_fp32,score=fp32_values_torch_matmul_acc_fp32_tf32_disabled
R3,26,0.9,"repr=nvfp4, pool=fp32/native, score=fp32/native",fp32,nvfp4,native,1440,0.9743418613274009,0.0149119315440005,0.9446280604297177,0.9870042067307693,0.9997833301196603,0.0026397705078125,0.57421875,0.67578125,0.9743418613274009,1.0,0.0,1,0,0.0017405946812549151,0.0032267258336326167,0.07912156358361244,0.9970663785934448,0.07915513589978218,4.8383139073848724e-05,0.0002790745347738266,0.00043497420847415924,0.0018526488444298459,0.008986676885890882,0.59375,0.0008682180196046829,17.94464014167196,17.94464014167196,0.7173611111111111,pool=fp32_values_torch_sum_acc_fp32,score=fp32_values_torch_matmul_acc_fp32_tf32_disabled
R3,26,0.95,"repr=nvfp4, pool=fp32/native, score=fp32/native",fp32,nvfp4,native,1440,0.9624087966864998,0.022502408148801,0.927306160119359,0.9808443509615384,0.9997833301196603,0.00194549560546875,0.45703125,0.498046875,0.9624087966864998,1.0,0.0,1,0,0.002383445011842065,0.0028897892341904563,0.14346188306808472,0.9904397130012512,0.14319847524166107,6.639957427978516e-05,0.0005547329783439636,0.0008471205830574036,0.0019604013741301033,0.010267377901844076,0.5944444444444444,0.0009359791874885559,14.096162477558348,14.096162477558348,0.68125,pool=fp32_values_torch_sum_acc_fp32,score=fp32_values_torch_matmul_acc_fp32_tf32_disabled
R3,27,0.8,"repr=nvfp4, pool=fp32/native, score=fp32/native",fp32,nvfp4,native,1440,0.9706289002653115,0.018558596811779515,0.9494991877736018,0.9850955703883495,0.9997951902086839,0.0059967041015625,0.87890625,1.53515625,0.9706289002653115,1.0,0.0,1,0,0.0011012731339839973,0.005411109799734829,0.022178559564054012,0.9997628927230835,0.021861422806978226,4.077516496181488e-05,0.00021342653781175613,0.00042693899013102055,0.003474094076742427,0.023293530848619112,0.6638888888888889,0.00525682233273983,128.9221597916952,128.9221597916952,0.8131944444444444,pool=fp32_values_torch_sum_acc_fp32,score=fp32_values_torch_matmul_acc_fp32_tf32_disabled
R3,27,0.9,"repr=nvfp4, pool=fp32/native, score=fp32/native",fp32,nvfp4,native,1440,0.9666124981533462,0.021898642713864103,0.9354393162777603,0.9830228365384616,0.9997951902086839,0.003448486328125,0.67578125,0.8828125,0.9666124981533462,1.0,0.0,1,0,0.0017842289372950698,0.00475058734513121,0.04713328927755356,0.9989533424377441,0.046770647168159485,6.568338721990585e-05,0.00044298404827713966,0.000887281447649002,0.003782687794500518,0.03138319269254446,0.5993055555555555,0.003434230573475361,52.2846144029946,52.2846144029946,0.8131944444444444,pool=fp32_values_torch_sum_acc_fp32,score=fp32_values_torch_matmul_acc_fp32_tf32_disabled
R3,27,0.95,"repr=nvfp4, pool=fp32/native, score=fp32/native",fp32,nvfp4,native,1440,0.9527651459586328,0.032272163191091385,0.907696278041018,0.9758112980769231,0.9997951902086839,0.0024566650390625,0.54296875,0.62890625,0.9527651459586328,1.0,0.0,1,0,0.002517764065124597,0.004447709660414405,0.10195024684071541,0.9953396618366241,0.10148809105157852,0.00016416888684034348,0.001088554970920086,0.0025253303349018095,0.005151028795114634,0.034127558720508724,0.5993055555555555,0.0030820416286587715,18.773603744149767,18.773603744149767,0.7833333333333333,pool=fp32_values_torch_sum_acc_fp32,score=fp32_values_torch_matmul_acc_fp32_tf32_disabled
R3,28,0.8,"repr=nvfp4, pool=fp32/native, score=fp32/native",fp32,nvfp4,native,1440,0.9638774066212341,0.02451100934818551,0.9344851619529733,0.9816064927184466,0.9978351128735914,0.0074005126953125,0.921875,1.89453125,0.9638774066212341,1.0,0.0,1,0,0.0010356278964648536,0.0063803439517766715,0.04114867374300957,0.9992451369762421,0.04247376136481762,7.239228580147028e-06,0.0003385035088285804,0.0004810340702533722,0.004203876436976714,0.06495471716055619,0.5729166666666666,0.0064754122868180275,894.4892698341226,894.4892698341226,0.7826388888888889,pool=fp32_values_torch_sum_acc_fp32,score=fp32_values_torch_matmul_acc_fp32_tf32_disabled
R3,28,0.9,"repr=nvfp4, pool=fp32/native, score=fp32/native",fp32,nvfp4,native,1440,0.9510479261321999,0.038357671850601016,0.8695250705696049,0.9749098557692307,0.9978351128735914,0.005096435546875,0.818359375,1.3046875,0.9510479261321999,1.0,0.0,1,0,0.001466299370716065,0.005731844625543074,0.08037713542580605,0.9970836043357849,0.0810529850423336,1.6378704458475113e-05,0.0005691051483154297,0.000955190509557724,0.003911685489967226,0.02957514326363171,0.5506944444444445,0.004262430593371391,260.24223125693004,260.24223125693004,0.7645833333333333,pool=fp32_values_torch_sum_acc_fp32,score=fp32_values_torch_matmul_acc_fp32_tf32_disabled
R3,28,0.95,"repr=nvfp4, pool=fp32/native, score=fp32/native",fp32,nvfp4,native,1440,0.9398178609351282,0.04903811470226127,0.8180824911226441,0.9689753605769231,0.9978351128735914,0.00315093994140625,0.640625,0.806640625,0.9398178609351282,1.0,0.0,1,0,0.0023794839233161006,0.004881771874570853,0.12298066914081573,0.9929825663566589,0.12025351077318192,0.000147208571434021,0.0016499608755111694,0.004380587674677372,0.005683997210558624,0.08969468254663032,0.6111111111111112,0.0027781501412391663,18.872203664338496,18.872203664338496,0.7243055555555555,pool=fp32_values_torch_sum_acc_fp32,score=fp32_values_torch_matmul_acc_fp32_tf32_disabled
R3,29,0.8,"repr=nvfp4, pool=fp32/native, score=fp32/native",fp32,nvfp4,native,1440,0.970849842053016,0.020721177045283534,0.9442524255560908,0.9852093446601942,0.9989341150150817,0.005950927734375,0.87890625,1.5234375,0.970849842053016,1.0,0.0,1,0,0.0010768680805940995,0.005354120890908387,0.041922228410840034,0.9992695748806,0.04206980764865875,1.4845456462353468e-05,0.00021098880097270012,0.00037813279777765274,0.0025685424209864203,0.03130629410757246,0.5763888888888888,0.004733346402645111,318.84141889798974,318.84141889798974,0.6965277777777777,pool=fp32_values_torch_sum_acc_fp32,score=fp32_values_torch_matmul_acc_fp32_tf32_disabled
R3,29,0.9,"repr=nvfp4, pool=fp32/native, score=fp32/native",fp32,nvfp4,native,1440,0.9606023812434106,0.03132775262624832,0.9083731490569786,0.9799053485576923,0.9989341150150817,0.00408172607421875,0.75390625,1.044921875,0.9606023812434106,1.0,0.0,1,0,0.0016418389556974973,0.004975511000217173,0.09338179975748062,0.9961993396282196,0.09212076663970947,5.869939923286438e-05,0.0005392278544604778,0.0013957977294921874,0.002654440539584066,0.04776434714050207,0.5743055555555555,0.002739998511970043,46.67847623278543,46.67847623278543,0.7076388888888889,pool=fp32_values_torch_sum_acc_fp32,score=fp32_values_torch_matmul_acc_fp32_tf32_disabled
R3,29,0.95,"repr=nvfp4, pool=fp32/native, score=fp32/native",fp32,nvfp4,native,1440,0.9544853912788137,0.038836337676244836,0.8773092652658299,0.9767127403846154,0.9989341150150817,0.0023651123046875,0.53125,0.60546875,0.9544853912788137,1.0,0.0,1,0,0.002597425568418233,0.004240921602124614,0.18005479127168655,0.9851901531219482,0.17651661485433578,9.037554264068604e-05,0.0011242488399147987,0.003041064739227295,0.0033514926523366463,0.052831358285620675,0.5465277777777777,0.0027456134557724,30.380049464138498,30.380049464138498,0.7215277777777778,pool=fp32_values_torch_sum_acc_fp32,score=fp32_values_torch_matmul_acc_fp32_tf32_disabled
R3,3,0.8,"repr=nvfp4, pool=fp32/native, score=fp32/native",fp32,nvfp4,native,1440,0.9804344975718942,0.010483479981136856,0.9643126527300134,0.9901206007281553,0.9997129635558577,0.00397491455078125,0.734375,1.017578125,0.9804344975718942,1.0,0.0,1,0,0.0010217019164659247,0.0030451317744764343,0.1035417914390564,0.995758444070816,0.10347070917487144,2.0154286175966263e-05,0.00023950077593326569,0.0003803610801696777,0.001256189735236025,0.01020518098284037,0.55625,0.0010644439607858658,52.81476860516162,52.81476860516162,0.6451388888888889,pool=fp32_values_torch_sum_acc_fp32,score=fp32_values_torch_matmul_acc_fp32_tf32_disabled
R3,3,0.9,"repr=nvfp4, pool=fp32/native, score=fp32/native",fp32,nvfp4,native,1440,0.9740490843034033,0.01388545039238831,0.9506119478489616,0.9868539663461539,0.9997129635558577,0.0026702880859375,0.57421875,0.68359375,0.9740490843034033,1.0,0.0,1,0,0.001494230728168438,0.0027943951181863902,0.19806450605392456,0.9848020672798157,0.1980890929698944,2.238154411315918e-05,0.0005266442894935608,0.0007401173934340477,0.0014065843202024644,0.012302815287787452,0.5368055555555555,0.0009169876575469971,40.97070572569907,40.97070572569907,0.6347222222222222,pool=fp32_values_torch_sum_acc_fp32,score=fp32_values_torch_matmul_acc_fp32_tf32_disabled
R3,3,0.95,"repr=nvfp4, pool=fp32/native, score=fp32/native",fp32,nvfp4,native,1440,0.9663220088626292,0.014509654762645874,0.9450613676212741,0.9828725961538461,0.9997129635558577,0.001739501953125,0.41015625,0.4453125,0.9663220088626292,1.0,0.0,1,0,0.002296914723062984,0.002472828878043196,0.31935200095176697,0.9584537446498871,0.31914031505584717,2.925097942352295e-05,0.0010108277201652527,0.001288604736328125,0.0016718836364928292,0.010887649771148616,0.5256944444444445,0.0009755790233612061,33.352012226184414,33.352012226184414,0.6486111111111111,pool=fp32_values_torch_sum_acc_fp32,score=fp32_values_torch_matmul_acc_fp32_tf32_disabled
R3,4,0.8,"repr=nvfp4, pool=fp32/native, score=fp32/native",fp32,nvfp4,native,1440,0.9827427396799155,0.00893114552276264,0.967463872194182,0.9912962682038835,0.9997762455945991,0.00350189208984375,0.69140625,0.896484375,0.9827427396799155,1.0,0.0,1,0,0.0010073140883837023,0.0027769097244707093,0.08527476340532303,0.9969969093799591,0.08500685170292854,2.8539448976516724e-05,0.00020337081514298916,0.0002973463386297226,0.0010457642181164717,0.007060408595512715,0.5861111111111111,0.0008730106055736542,30.58960971152591,30.58960971152591,0.6215277777777778,pool=fp32_values_torch_sum_acc_fp32,score=fp32_values_torch_matmul_acc_fp32_tf32_disabled
R3,4,0.9,"repr=nvfp4, pool=fp32/native, score=fp32/native",fp32,nvfp4,native,1440,0.978155880823241,0.011745997480990034,0.95620148396419,0.9889573317307693,0.9997762455945991,0.0022430419921875,0.5078125,0.57421875,0.978155880823241,1.0,0.0,1,0,0.0016434988917354918,0.002558253081999173,0.15665681660175323,0.9898892045021057,0.15634403377771378,4.444317892193794e-05,0.0003973827697336674,0.0006575033068656922,0.0010174925328730452,0.0075452774344661674,0.5840277777777778,0.0007362179458141327,16.56537546756635,16.56537546756635,0.6194444444444445,pool=fp32_values_torch_sum_acc_fp32,score=fp32_values_torch_matmul_acc_fp32_tf32_disabled
R3,4,0.95,"repr=nvfp4, pool=fp32/native, score=fp32/native",fp32,nvfp4,native,1440,0.9701050762172562,0.013176406277013442,0.9490483162518302,0.9848257211538461,0.9997762455945991,0.0015411376953125,0.373046875,0.39453125,0.9701050762172562,1.0,0.0,1,0,0.002550563807124719,0.002384134295126985,0.27774272859096527,0.9679258763790131,0.2777513563632965,9.114481508731842e-05,0.0008059944957494736,0.0013824082911014558,0.0012919314431321708,0.009128936884102393,0.5861111111111111,0.0009557604789733887,10.486174973943964,10.486174973943964,0.6069444444444444,pool=fp32_values_torch_sum_acc_fp32,score=fp32_values_torch_matmul_acc_fp32_tf32_disabled
R3,5,0.8,"repr=nvfp4, pool=fp32/native, score=fp32/native",fp32,nvfp4,native,1440,0.9786140396953439,0.007715948269484518,0.9648286140089418,0.9891914441747572,0.9997567565913079,0.0043487548828125,0.7734375,1.11328125,0.9786140396953439,1.0,0.0,1,0,0.0010286650046969095,0.0037486668881165884,0.05990363657474518,0.9984025359153748,0.05952277220785618,6.58966600894928e-05,0.00023221317678689957,0.0004513859748840332,0.0019104477321363117,0.014089750160321149,0.6909722222222222,0.0073735592886805534,111.89579682288428,111.89579682288428,0.7680555555555556,pool=fp32_values_torch_sum_acc_fp32,score=fp32_values_torch_matmul_acc_fp32_tf32_disabled
R3,5,0.9,"repr=nvfp4, pool=fp32/native, score=fp32/native",fp32,nvfp4,native,1440,0.9724403615350422,0.010807172370273177,0.9546288818735775,0.9860276442307693,0.9997567565913079,0.002838134765625,0.6015625,0.7265625,0.9724403615350422,1.0,0.0,1,0,0.0016796254034311265,0.003486845445416369,0.11748805642127991,0.9938287138938904,0.11728434637188911,6.174668669700623e-05,0.0004809959791600704,0.0009528156369924545,0.0017033553153817382,0.01906564694798944,0.5854166666666667,0.0051422324031591415,83.27948717948718,83.27948717948718,0.7729166666666667,pool=fp32_values_torch_sum_acc_fp32,score=fp32_values_torch_matmul_acc_fp32_tf32_disabled
R3,5,0.95,"repr=nvfp4, pool=fp32/native, score=fp32/native",fp32,nvfp4,native,1440,0.9677753141167775,0.014531101589581596,0.947038563931104,0.9836237980769231,0.9997567565913079,0.0016632080078125,0.39453125,0.42578125,0.9677753141167775,1.0,0.0,1,0,0.0028796782947025086,0.0030666655167946137,0.22951339185237885,0.9792318046092987,0.2301275059580803,0.00013106316328048706,0.0008962973952293396,0.0015342697501182557,0.0018609812675628354,0.015155534714038122,0.5763888888888888,0.003874644637107849,29.563185719970438,29.563185719970438,0.7638888888888888,pool=fp32_values_torch_sum_acc_fp32,score=fp32_values_torch_matmul_acc_fp32_tf32_disabled
R3,6,0.8,"repr=nvfp4, pool=fp32/native, score=fp32/native",fp32,nvfp4,native,1440,0.9853179234273237,0.006663348085361731,0.9709234966550809,0.9926046723300971,0.999865249871419,0.0029754638671875,0.62890625,0.76171875,0.9853179234273237,1.0,0.0,1,0,0.001083377905104283,0.002318641478773688,0.14996238052845,0.991020917892456,0.15002138167619705,2.699345350265503e-05,0.00023478269577026367,0.00036796629428863524,0.0007101904125544774,0.004600114020728518,0.5659722222222222,0.00019449740648269653,7.205354678443279,7.205354678443279,0.5416666666666666,pool=fp32_values_torch_sum_acc_fp32,score=fp32_values_torch_matmul_acc_fp32_tf32_disabled
R3,6,0.9,"repr=nvfp4, pool=fp32/native, score=fp32/native",fp32,nvfp4,native,1440,0.9790381327584925,0.011014314560196747,0.9583670467083486,0.9894080528846154,0.999865249871419,0.0021514892578125,0.49609375,0.55078125,0.9790381327584925,1.0,0.0,0,0,0.001504692866275636,0.002147198319329343,0.25209254026412964,0.9748978316783905,0.25190621614456177,4.717707633972168e-05,0.0004112645983695984,0.0006559669971466064,0.0007784066973864109,0.004377471392155482,0.5534722222222223,3.6403536796569824e-05,0.7716361339229312,0.7716361339229312,0.4930555555555556,pool=fp32_values_torch_sum_acc_fp32,score=fp32_values_torch_matmul_acc_fp32_tf32_disabled
R3,6,0.95,"repr=nvfp4, pool=fp32/native, score=fp32/native",fp32,nvfp4,native,1440,0.9683572379121692,0.016871110949510437,0.9473233831714385,0.9839242788461539,0.999865249871419,0.0016326904296875,0.390625,0.41796875,0.9683572379121692,1.0,0.0,1,0,0.002232382565806796,0.002040751747376969,0.3635241240262985,0.9497149884700775,0.36318209767341614,0.00010207295417785645,0.0007510259747505188,0.0012153759598731995,0.0009116874689563267,0.0055796342103995485,0.5805555555555556,0.00012683868408203125,1.2426277372262773,1.2426277372262773,0.49722222222222223,pool=fp32_values_torch_sum_acc_fp32,score=fp32_values_torch_matmul_acc_fp32_tf32_disabled
R3,7,0.8,"repr=nvfp4, pool=fp32/native, score=fp32/native",fp32,nvfp4,native,1440,0.9843467790487658,0.007703801871946858,0.9676143571375271,0.9921116504854369,0.9997293417698244,0.003173828125,0.6484375,0.8125,0.9843467790487658,1.0,0.0,1,0,0.0011245869807741907,0.002683606230654944,0.10449529439210892,0.9954855740070343,0.10421862453222275,5.1468610763549805e-05,0.00018303282558918,0.0003817114047706127,0.0009438616536707161,0.00590815176219725,0.6541666666666667,0.0005306042730808258,10.309279096699479,10.309279096699479,0.6416666666666667,pool=fp32_values_torch_sum_acc_fp32,score=fp32_values_torch_matmul_acc_fp32_tf32_disabled
R3,7,0.9,"repr=nvfp4, pool=fp32/native, score=fp32/native",fp32,nvfp4,native,1440,0.978743961352657,0.011344536688093654,0.9582158058289645,0.9892578125,0.9997293417698244,0.0021820068359375,0.49609375,0.55859375,0.978743961352657,1.0,0.0,1,0,0.0016995707608920237,0.0024774856714231738,0.17985005676746368,0.986626386642456,0.17978644371032715,6.15045428276062e-05,0.0003578606992959976,0.0007096081972122192,0.000990986756058132,0.00661261187153057,0.6208333333333333,0.00042889267206192017,6.973349485160509,6.973349485160509,0.5923611111111111,pool=fp32_values_torch_sum_acc_fp32,score=fp32_values_torch_matmul_acc_fp32_tf32_disabled
R3,7,0.95,"repr=nvfp4, pool=fp32/native, score=fp32/native",fp32,nvfp4,native,1440,0.9686483288967761,0.017447737176682132,0.9467680608365019,0.9840745192307693,0.9997293417698244,0.001617431640625,0.38671875,0.4140625,0.9686483288967761,1.0,0.0,1,0,0.0024841008644488783,0.0022917629372558217,0.27994517982006073,0.9688660800457001,0.2800709903240204,0.00010047852993011475,0.0006695203483104706,0.0010859876871109008,0.001169227736996859,0.005896899155895957,0.6083333333333333,0.0006046667695045471,6.017870384102031,6.017870384102031,0.6152777777777778,pool=fp32_values_torch_sum_acc_fp32,score=fp32_values_torch_matmul_acc_fp32_tf32_disabled
R3,8,0.8,"repr=nvfp4, pool=fp32/native, score=fp32/native",fp32,nvfp4,native,1440,0.9832274077695461,0.0055182971027096794,0.9748315331761521,0.9915427791262136,0.999780152842408,0.0034027099609375,0.67578125,0.87109375,0.9832274077695461,1.0,0.0,1,0,0.001141075688975835,0.0029039645448937328,0.07918207719922066,0.9973037242889404,0.0791393406689167,4.018377512693405e-05,0.00021487963385879993,0.00032238829880952834,0.0011708439342097811,0.007117739127551577,0.6215277777777778,0.0007796715945005417,19.402646765707928,19.402646765707928,0.6305555555555555,pool=fp32_values_torch_sum_acc_fp32,score=fp32_values_torch_matmul_acc_fp32_tf32_disabled
R3,8,0.9,"repr=nvfp4, pool=fp32/native, score=fp32/native",fp32,nvfp4,native,1440,0.9765404602821084,0.008214839058040546,0.9657412876550502,0.9881310096153846,0.999780152842408,0.002410888671875,0.53125,0.6171875,0.9765404602821084,1.0,0.0,1,0,0.0016686409807018686,0.002733945459058696,0.13166674971580505,0.9925320148468018,0.1318766251206398,6.979983299970627e-05,0.00036868825554847717,0.0005483463406562805,0.0011892794008968102,0.006685213367628097,0.6076388888888888,0.0007058754563331604,10.112853082845211,10.112853082845211,0.6236111111111111,pool=fp32_values_torch_sum_acc_fp32,score=fp32_values_torch_matmul_acc_fp32_tf32_disabled
R3,8,0.95,"repr=nvfp4, pool=fp32/native, score=fp32/native",fp32,nvfp4,native,1440,0.9680662329982259,0.01018222894219023,0.9530516431924883,0.9837740384615384,0.999780152842408,0.00164794921875,0.390625,0.421875,0.9680662329982259,1.0,0.0,1,0,0.002517139782585726,0.0025009050161779863,0.2183620184659958,0.9801361560821533,0.21833015233278275,0.00016385875642299652,0.0006538070738315582,0.0010029256343841552,0.0013502048692905272,0.006329690245446183,0.6631944444444444,0.0009185224771499634,5.605574564345068,5.605574564345068,0.6263888888888889,pool=fp32_values_torch_sum_acc_fp32,score=fp32_values_torch_matmul_acc_fp32_tf32_disabled
R3,9,0.8,"repr=nvfp4, pool=fp32/native, score=fp32/native",fp32,nvfp4,native,1440,0.9850937288263194,0.005079266624055334,0.9753530359216391,0.9924908980582524,0.9997909976258355,0.003021240234375,0.6328125,0.7734375,0.9850937288263194,1.0,0.0,1,0,0.0011975225548816729,0.002676222222890331,0.13422609865665436,0.9923752546310425,0.13423114269971848,3.224983811378479e-05,0.0002746470272541046,0.0005915164947509766,0.0010199129079364313,0.006452250835685969,0.5763888888888888,0.0005300901830196381,16.43698740903315,16.43698740903315,0.6354166666666666,pool=fp32_values_torch_sum_acc_fp32,score=fp32_values_torch_matmul_acc_fp32_tf32_disabled
R3,9,0.9,"repr=nvfp4, pool=fp32/native, score=fp32/native",fp32,nvfp4,native,1440,0.9805103027598007,0.007807754669072908,0.9657412876550502,0.9901592548076923,0.9997909976258355,0.0019989013671875,0.4609375,0.51171875,0.9805103027598007,1.0,0.0,1,0,0.0018730725285764594,0.0024434127961814244,0.21689964085817337,0.981122612953186,0.21634960919618607,3.182142972946167e-05,0.00033932924270629883,0.0005431026220321655,0.0008559050077949805,0.003542411630667864,0.5590277777777778,0.0004804357886314392,15.097869351439943,15.097869351439943,0.6409722222222223,pool=fp32_values_torch_sum_acc_fp32,score=fp32_values_torch_matmul_acc_fp32_tf32_disabled
R3,9,0.95,"repr=nvfp4, pool=fp32/native, score=fp32/native",fp32,nvfp4,native,1440,0.9724403615350422,0.011162783757887373,0.9527508252990116,0.9860276442307693,0.9997909976258355,0.0014190673828125,0.34765625,0.36328125,0.9724403615350422,1.0,0.0,1,0,0.002581033105355567,0.0022766817446602918,0.3051079511642456,0.9631852209568024,0.3046976178884506,3.4555792808532715e-05,0.0005132667720317841,0.0007071703672409058,0.000858539371535221,0.002837361840943882,0.5256944444444445,0.0007125586271286011,20.620526088831394,20.620526088831394,0.6479166666666667,pool=fp32_values_torch_sum_acc_fp32,score=fp32_values_torch_matmul_acc_fp32_tf32_disabled
R4,0,0.8,"repr=bf16, pool=bf16/native, score=bf16/native",bf16_acc_fp32,bf16,native,1440,0.994402843960366,0.0072261135053894865,0.9827017395463458,0.9971935679611651,0.9999889469607759,0.001129150390625,0.28515625,0.2890625,0.9972731404332676,0.9641334109867357,105.5,222,0,0.0011201339456768822,0.0008109683646560045,0.07025795057415962,0.9979144334793091,0.07027759402990341,1.1676456779241562e-07,8.848309516906738e-05,0.0003108978271484375,0.000575715077099572,0.002588351186131834,0.5236111111111111,0.00013157702051103115,1126.8574277168495,1126.8574277168495,0.5652777777777778,pool=bf16_values_torch_sum_acc_fp32,score=bf16_values_torch_matmul_acc_fp32
R4,0,0.9,"repr=bf16, pool=bf16/native, score=bf16/native",bf16_acc_fp32,bf16,native,1440,0.9898355754857997,0.011709343229689195,0.9728788440163024,0.9948918269230769,0.9999889469607759,0.00103759765625,0.26171875,0.265625,0.9961013645224172,0.9528367650133515,102.0,215,0,0.0015783810294463913,0.0010110872665787885,0.11661060899496078,0.9943442344665527,0.11654090136289597,4.486646503210068e-07,0.0003650379367172718,0.0007365912199020386,0.0011028743118004563,0.006260026315116218,0.5041666666666667,0.0001039355993270874,231.6554229372081,231.6554229372081,0.5402777777777777,pool=bf16_values_torch_sum_acc_fp32,score=bf16_values_torch_matmul_acc_fp32
R4,0,0.95,"repr=bf16, pool=bf16/native, score=bf16/native",bf16_acc_fp32,bf16,native,1440,0.9819846756157183,0.01949439119350327,0.9608189718662542,0.9909104567307692,0.9999889469607759,0.00092315673828125,0.23046875,0.236328125,0.994008388256441,0.9362909090909091,96.0,191,0,0.0021686827562488404,0.0011079779235569662,0.18716587126255035,0.9844934046268463,0.18720756471157074,-2.6496127247810364e-07,0.0005648434162139893,0.00100630521774292,0.0013304082161749839,0.006882094377385151,0.49583333333333335,0.00025776028633117676,-972.8224956063269,972.8224956063269,0.5569444444444445,pool=bf16_values_torch_sum_acc_fp32,score=bf16_values_torch_matmul_acc_fp32
R4,1,0.8,"repr=bf16, pool=bf16/native, score=bf16/native",bf16_acc_fp32,bf16,native,1440,0.9950064311114474,0.004071137078379916,0.9835145937751915,0.9974969660194175,0.9999908784211244,0.001007080078125,0.25,0.2578125,0.9971975004733952,0.9700767700244395,88.0,229,0,0.000985681501717126,0.0005821409466343142,0.046842409297823906,0.9990640580654144,0.04689733125269413,1.087784767150879e-06,6.366870366036892e-05,0.00021102447062730788,0.0007346029213031434,0.005133878652735453,0.5291666666666667,0.002873543999157846,2641.6475813356165,2641.6475813356165,0.8104166666666667,pool=bf16_values_torch_sum_acc_fp32,score=bf16_values_torch_matmul_acc_fp32
R4,1,0.9,"repr=bf16, pool=bf16/native, score=bf16/native",bf16_acc_fp32,bf16,native,1440,0.9911749308204323,0.005954038375056592,0.974634725209523,0.9955679086538461,0.9999908784211244,0.0009002685546875,0.22265625,0.23046875,0.9962510309664843,0.960963393975105,87.0,233,0,0.0015111026599233315,0.0006946086003583435,0.09683482348918915,0.9961455166339874,0.09681206569075584,1.55474990606308e-05,0.00026772450655698776,0.0007015027105808258,0.0011982151873326974,0.006070268738322271,0.5611111111111111,0.0021841153502464294,140.480172517072,140.480172517072,0.7763888888888889,pool=bf16_values_torch_sum_acc_fp32,score=bf16_values_torch_matmul_acc_fp32
R4,1,0.95,"repr=bf16, pool=bf16/native, score=bf16/native",bf16_acc_fp32,bf16,native,1440,0.9870139673330616,0.007410385218454718,0.9657412876550502,0.9934645432692308,0.9999908784211244,0.00066375732421875,0.1640625,0.169921875,0.995502923099985,0.9530516431924883,70.0,218,0,0.0023914707145881136,0.0007884896507637179,0.19159071147441864,0.9846008718013763,0.1912045031785965,3.6189332604408264e-05,0.000706404447555542,0.0013937175273895264,0.0013789730433404542,0.007425114206126492,0.5756944444444444,0.0016971081495285034,46.89525966338978,46.89525966338978,0.7125,pool=bf16_values_torch_sum_acc_fp32,score=bf16_values_torch_matmul_acc_fp32
R4,10,0.8,"repr=bf16, pool=bf16/native, score=bf16/native",bf16_acc_fp32,bf16,native,1440,0.9938750047260766,0.005952553359953039,0.976822862699924,0.9969280946601942,0.9999892202198011,0.0012359619140625,0.30078125,0.31640625,0.9978027806190097,0.9837496238338851,111.0,240,0,0.0011285735961880602,0.0008046981223975868,0.15957552194595337,0.9892982244491577,0.1598263755440712,-1.5962868928909302e-05,0.00011979043483734131,0.00013956762850284577,0.0003990431329622514,0.0015588880829799667,0.40069444444444446,-7.450580596923828e-08,0.004667444574095682,0.004667444574095682,0.5145833333333333,pool=bf16_values_torch_sum_acc_fp32,score=bf16_values_torch_matmul_acc_fp32
R4,10,0.9,"repr=bf16, pool=bf16/native, score=bf16/native",bf16_acc_fp32,bf16,native,1440,0.9891665760509765,0.011134725686318903,0.9638418266088757,0.9945537860576923,0.9999892202198011,0.00110626220703125,0.26953125,0.283203125,0.996999699969997,0.9761003488458398,106.0,227,0,0.0016064343841063903,0.001031706484804851,0.2511115223169327,0.9743334650993347,0.25124941766262054,-4.3138861656188965e-06,0.00026067718863487244,0.0004109054803848267,0.0005210266793486493,0.0019925133128049473,0.4909722222222222,-6.588548421859741e-05,15.272884283246977,15.272884283246977,0.4673611111111111,pool=bf16_values_torch_sum_acc_fp32,score=bf16_values_torch_matmul_acc_fp32
R4,10,0.95,"repr=bf16, pool=bf16/native, score=bf16/native",bf16_acc_fp32,bf16,native,1440,0.981837129670984,0.0177406700795395,0.9453171887007212,0.9908353365384616,0.9999892202198011,0.0009307861328125,0.23046875,0.23828125,0.995502923099985,0.9631322813744285,94.0,221,0,0.002247923241021383,0.0011401088159986692,0.35258543491363525,0.9485986530780792,0.35242003202438354,4.7594308853149414e-05,0.00048810988664627075,0.0014169752597808839,0.0006648994450598145,0.00344936710934718,0.5847222222222223,-0.00011348724365234375,-2.3844708829054477,2.3844708829054477,0.4354166666666667,pool=bf16_values_torch_sum_acc_fp32,score=bf16_values_torch_matmul_acc_fp32
R4,11,0.8,"repr=bf16, pool=bf16/native, score=bf16/native",bf16_acc_fp32,bf16,native,1440,0.9941388901269177,0.004523144700971926,0.9844923902659579,0.9970608313106797,0.9999825968043796,0.00118255615234375,0.2890625,0.302734375,0.9978027806190097,0.9836003911833295,110.0,228,0,0.001144430329551185,0.0008020832476710997,0.12097488716244698,0.9937069714069366,0.12106186151504517,-1.966021955013275e-05,0.00011766795068979263,0.00010083876550197602,0.00042927809155536654,0.0019154068544419765,0.3638888888888889,0.00012300536036491394,-6.256560871624822,6.256560871624822,0.6215277777777778,pool=bf16_values_torch_sum_acc_fp32,score=bf16_values_torch_matmul_acc_fp32
R4,11,0.9,"repr=bf16, pool=bf16/native, score=bf16/native",bf16_acc_fp32,bf16,native,1440,0.9903562245130451,0.00777297203895555,0.973602766998552,0.9951547475961539,0.9999825968043796,0.00098419189453125,0.2421875,0.251953125,0.9971495011627035,0.9774212715389186,97.0,221,0,0.001753716815954506,0.0009634993523256623,0.189394973218441,0.9846291244029999,0.1893426701426506,-1.3072043657302856e-05,0.0001920945942401886,0.0003379002213478088,0.0005236315569829993,0.002250198368067314,0.4597222222222222,0.00015032291412353516,-11.499572527785693,11.499572527785693,0.5916666666666667,pool=bf16_values_torch_sum_acc_fp32,score=bf16_values_torch_matmul_acc_fp32
R4,11,0.95,"repr=bf16, pool=bf16/native, score=bf16/native",bf16_acc_fp32,bf16,native,1440,0.9837568100596015,0.01299385375951434,0.9579205938589584,0.9918118990384616,0.9999825968043796,0.00083160400390625,0.20703125,0.212890625,0.9958020989505247,0.965160909359315,85.0,213,0,0.002463373914175237,0.0011002408445704142,0.28360944986343384,0.9649075865745544,0.28312958776950836,1.979619264602661e-05,0.0003852918744087219,0.0011623620986938477,0.0006406931706068888,0.003312875328384211,0.5423611111111111,0.00022635608911514282,11.43432442604441,11.43432442604441,0.5541666666666667,pool=bf16_values_torch_sum_acc_fp32,score=bf16_values_torch_matmul_acc_fp32
R4,12,0.8,"repr=bf16, pool=bf16/native, score=bf16/native",bf16_acc_fp32,bf16,native,1440,0.9931590989221944,0.00506418729564917,0.9713581876633354,0.9965678094660194,0.999991047980039,0.00138092041015625,0.33203125,0.353515625,0.997651426190386,0.9823328196068113,121.0,243,0,0.0011228016536718004,0.0009327318374794283,0.09640579670667648,0.9960275292396545,0.09641782939434052,-9.961891919374466e-06,9.82796773314476e-05,0.00010734647512435913,0.000503698889397295,0.002432904464046821,0.42430555555555555,0.00024489499628543854,-24.583181414481373,24.583181414481373,0.6423611111111112,pool=bf16_values_torch_sum_acc_fp32,score=bf16_values_torch_matmul_acc_fp32
R4,12,0.9,"repr=bf16, pool=bf16/native, score=bf16/native",bf16_acc_fp32,bf16,native,1440,0.9902818270165209,0.008169095638178692,0.9599456720825514,0.9951171875,0.999991047980039,0.0009918212890625,0.24609375,0.25390625,0.9968499212480312,0.9750741839762611,96.0,239,0,0.0017683823789727848,0.0009712038389728482,0.15925931185483932,0.9895526766777039,0.15933052450418472,1.1939555406570435e-06,0.00017295125871896744,0.00026505589485168455,0.0005851468284817142,0.0023466823131099417,0.5041666666666667,0.00027471035718917847,230.0842433697348,230.0842433697348,0.6159722222222223,pool=bf16_values_torch_sum_acc_fp32,score=bf16_values_torch_matmul_acc_fp32
R4,12,0.95,"repr=bf16, pool=bf16/native, score=bf16/native",bf16_acc_fp32,bf16,native,1440,0.9850879809126155,0.017671645246500667,0.942166878007091,0.9924879807692307,0.999991047980039,0.000762939453125,0.19140625,0.1953125,0.995502923099985,0.964870848708487,80.0,220,0,0.002538124746638532,0.00108492928939597,0.2477262318134308,0.9741941392421722,0.24781609326601028,1.2326985597610474e-05,0.00033416226506233215,0.0005523353815078735,0.0006754922667628451,0.00296566218996791,0.5236111111111111,0.0004683658480644226,37.99516470232699,37.99516470232699,0.6111111111111112,pool=bf16_values_torch_sum_acc_fp32,score=bf16_values_torch_matmul_acc_fp32
R4,13,0.8,"repr=bf16, pool=bf16/native, score=bf16/native",bf16_acc_fp32,bf16,native,1440,0.9941011873251153,0.005067153707352556,0.982317918770042,0.9970418689320388,0.9999680996486313,0.001190185546875,0.2890625,0.3046875,0.9981055582919713,0.9852431862671285,110.0,240,0,0.0012897254743969445,0.0009570313469072836,0.12581218779087067,0.9930641055107117,0.1258113533258438,-1.6845762729644775e-05,0.00010431557893753052,8.243322372436523e-05,0.00041450825347685697,0.0016821460329051313,0.3798611111111111,4.4405460357666016e-05,-2.636001769128704,2.636001769128704,0.5729166666666666,pool=bf16_values_torch_sum_acc_fp32,score=bf16_values_torch_matmul_acc_fp32
R4,13,0.9,"repr=bf16, pool=bf16/native, score=bf16/native",bf16_acc_fp32,bf16,native,1440,0.9889436724936501,0.008908420622915636,0.9727107406537787,0.9944411057692307,0.9999680996486313,0.001129150390625,0.27734375,0.2890625,0.9971495011627035,0.9762470308788599,108.0,225,0,0.0016950579155340202,0.0011836058035535192,0.1957678273320198,0.9830411672592163,0.19571303576231003,-1.8171966075897217e-05,0.00021202489733695984,0.0002467215061187744,0.0005246578288614716,0.0020409453555474406,0.44027777777777777,7.220916450023651e-05,-3.973657236572366,3.973657236572366,0.5430555555555555,pool=bf16_values_torch_sum_acc_fp32,score=bf16_values_torch_matmul_acc_fp32
R4,13,0.95,"repr=bf16, pool=bf16/native, score=bf16/native",bf16_acc_fp32,bf16,native,1440,0.9777150497697222,0.01439532392082965,0.9547580434259084,0.9887319711538461,0.9999680996486313,0.0011444091796875,0.27734375,0.29296875,0.9952038369304557,0.9579349904397706,110.0,210,0,0.0020914292711501454,0.0013394894341834103,0.29933804273605347,0.9606957137584686,0.2993738353252411,2.1167099475860596e-05,0.00042064860463142395,0.0006188139319419861,0.0007095492907407033,0.0026963204547343577,0.5333333333333333,6.562471389770508e-05,3.1003167898627244,3.1003167898627244,0.4979166666666667,pool=bf16_values_torch_sum_acc_fp32,score=bf16_values_torch_matmul_acc_fp32
R4,14,0.8,"repr=bf16, pool=bf16/native, score=bf16/native",bf16_acc_fp32,bf16,native,1440,0.9937242448300632,0.0034669559016976548,0.9867389993972273,0.9968522451456311,0.9999825742050816,0.0012664794921875,0.3046875,0.32421875,0.9978784664343082,0.9836003911833295,116.0,224,0,0.001185880564503691,0.0009265743218834381,0.14408773183822632,0.99140864610672,0.14414198696613312,-2.9902905225753784e-05,0.00012837350368499756,7.712841033935547e-05,0.00045948813025952233,0.00186695462988395,0.33125,9.952858090400696e-05,-3.3283916780864584,3.3283916780864584,0.6277777777777778,pool=bf16_values_torch_sum_acc_fp32,score=bf16_values_torch_matmul_acc_fp32
R4,14,0.9,"repr=bf16, pool=bf16/native, score=bf16/native",bf16_acc_fp32,bf16,native,1440,0.9887950997236125,0.006386737023690747,0.9753672651728744,0.9943659855769231,0.9999825742050816,0.0011444091796875,0.28125,0.29296875,0.996999699969997,0.9758070500927644,107.0,201,0,0.00164337920655728,0.001072850018359833,0.2122170701622963,0.9815954566001892,0.2123768925666809,-3.521144390106201e-05,0.00021330639719963074,0.00018868893384933473,0.00053027168085658,0.0015563520900194311,0.3972222222222222,0.0001227855682373047,-3.487092678798138,3.487092678798138,0.60625,pool=bf16_values_torch_sum_acc_fp32,score=bf16_values_torch_matmul_acc_fp32
R4,14,0.95,"repr=bf16, pool=bf16/native, score=bf16/native",bf16_acc_fp32,bf16,native,1440,0.9821322215604527,0.013560249552065806,0.9599384594790903,0.9909855769230769,0.9999825742050816,0.00091552734375,0.23046875,0.234375,0.995502923099985,0.9634218289085545,95.0,195,0,0.002248531775982739,0.0011654343535924473,0.292714461684227,0.9648046493530273,0.29282447695732117,6.213784217834473e-06,0.0003673732280731201,0.0005242019891738891,0.0006127205043183917,0.002022411027321964,0.5111111111111111,0.0002078711986541748,33.45323741007194,33.45323741007194,0.5833333333333334,pool=bf16_values_torch_sum_acc_fp32,score=bf16_values_torch_matmul_acc_fp32
R4,15,0.8,"repr=bf16, pool=bf16/native, score=bf16/native",bf16_acc_fp32,bf16,native,1440,0.992744860943168,0.007147870168761172,0.9739481958377002,0.9963592233009708,0.9999886582168418,0.00146484375,0.34765625,0.375,0.9975757575757576,0.979653890911821,124.0,243,0,0.0010437385095944166,0.0009141923904990497,0.18654217571020126,0.9856126308441162,0.1864970475435257,-3.966689109802246e-05,0.00013100169599056244,0.00011592209339141845,0.00039567639989257665,0.001414715845337947,0.3229166666666667,-8.982419967651367e-05,2.2644628099173554,2.2644628099173554,0.46111111111111114,pool=bf16_values_torch_sum_acc_fp32,score=bf16_values_torch_matmul_acc_fp32
R4,15,0.9,"repr=bf16, pool=bf16/native, score=bf16/native",bf16_acc_fp32,bf16,native,1440,0.987310591923565,0.013036536502282203,0.9615124001562814,0.9936147836538461,0.9999886582168418,0.0012969970703125,0.31640625,0.33203125,0.9964007198560288,0.969522118656606,118.0,235,0,0.0015052312295927859,0.0011723514886097703,0.26938697695732117,0.9698870182037354,0.26940159499645233,-2.0295381546020508e-05,0.00027923285961151123,0.00036897212266921996,0.0005362666320974552,0.001835351556955805,0.4583333333333333,-0.00019712746143341064,9.712922173274595,9.712922173274595,0.43472222222222223,pool=bf16_values_torch_sum_acc_fp32,score=bf16_values_torch_matmul_acc_fp32
R4,15,0.95,"repr=bf16, pool=bf16/native, score=bf16/native",bf16_acc_fp32,bf16,native,1440,0.9780089153046062,0.022345677707277245,0.9456157165623453,0.9888822115384616,0.9999886582168418,0.001129150390625,0.27734375,0.2890625,0.9949048404016184,0.9544853912788137,110.0,226,0,0.0020140303384590568,0.0012668188143748487,0.3784732073545456,0.9423944354057312,0.37830474972724915,4.1015446186065674e-05,0.0005645826458930969,0.0008117556571960449,0.0007262529794193972,0.0023246481517537336,0.5534722222222223,-0.0002685636281967163,-6.547865576748411,6.547865576748411,0.4340277777777778,pool=bf16_values_torch_sum_acc_fp32,score=bf16_values_torch_matmul_acc_fp32
R4,16,0.8,"repr=bf16, pool=bf16/native, score=bf16/native",bf16_acc_fp32,bf16,native,1440,0.9931967646836496,0.007620358174923125,0.9772786922125155,0.9965867718446602,0.9999900397784146,0.001373291015625,0.328125,0.3515625,0.9977271005379196,0.982481861584151,122.5,232,0,0.0011562776060636297,0.0010500996350658446,0.1205182857811451,0.9941065013408661,0.12059247121214867,-1.2258067727088928e-05,0.00011193379759788513,0.00015707910060882568,0.000533928367697735,0.0019414067386173462,0.3951388888888889,0.00012267380952835083,-10.007597629539584,10.007597629539584,0.6513888888888889,pool=bf16_values_torch_sum_acc_fp32,score=bf16_values_torch_matmul_acc_fp32
R4,16,0.9,"repr=bf16, pool=bf16/native, score=bf16/native",bf16_acc_fp32,bf16,native,1440,0.9868656716417911,0.014970255497948504,0.9664599810842424,0.9933894230769231,0.9999900397784146,0.0013427734375,0.3203125,0.34375,0.9967001649917504,0.9737563940988954,122.0,227,0,0.0016262872822143974,0.001304338176317091,0.19378859549760818,0.9845705628395081,0.19393815845251083,-1.477077603340149e-05,0.0002271737903356552,0.00039036273956298827,0.0006675472255559865,0.0024051125425232356,0.4375,0.00015022233128547668,-10.170239596469104,10.170239596469104,0.6270833333333333,pool=bf16_values_torch_sum_acc_fp32,score=bf16_values_torch_matmul_acc_fp32
R4,16,0.95,"repr=bf16, pool=bf16/native, score=bf16/native",bf16_acc_fp32,bf16,native,1440,0.9785969084423306,0.022925687469131817,0.9479075212174422,0.9891826923076923,0.9999900397784146,0.0010986328125,0.267578125,0.28125,0.9952038369304557,0.9585111078416949,107.0,212,0,0.0023655111122259844,0.001372323820832863,0.28462186455726624,0.9664048850536346,0.2846301794052124,1.455657184123993e-05,0.00040088221430778503,0.0011539459228515625,0.0007660605174866296,0.0031586718208518024,0.5340277777777778,0.00026807934045791626,18.416378758797183,18.416378758797183,0.5965277777777778,pool=bf16_values_torch_sum_acc_fp32,score=bf16_values_torch_matmul_acc_fp32
R4,17,0.8,"repr=bf16, pool=bf16/native, score=bf16/native",bf16_acc_fp32,bf16,native,1440,0.9958369602240472,0.0027179935764363172,0.9866304880065915,0.9979141383495146,0.9999897471582355,0.0008392333984375,0.2109375,0.21484375,0.997651426190386,0.9826309259746607,77.0,227,0,0.0011513774325648941,0.0005186096202204648,0.07426847890019417,0.9976060390472412,0.07429240271449089,-9.894371032714844e-06,0.00011136336252093315,6.622560322284698e-05,0.000537822935537918,0.002710468922407857,0.38819444444444445,0.0004121009260416031,-41.65003765060241,41.65003765060241,0.8638888888888889,pool=bf16_values_torch_sum_acc_fp32,score=bf16_values_torch_matmul_acc_fp32
R4,17,0.9,"repr=bf16, pool=bf16/native, score=bf16/native",bf16_acc_fp32,bf16,native,1440,0.9931127414283576,0.00525592848868317,0.9771275805732957,0.9965444711538461,0.9999897471582355,0.000701904296875,0.17578125,0.1796875,0.9971495011627035,0.9775681497437421,72.0,199,0,0.001825078644272526,0.000683112195826323,0.14177021384239197,0.9910823106765747,0.14164262264966965,-1.748930662870407e-05,0.0001947414129972458,0.0001660160720348358,0.0006671344073444208,0.002530634712046087,0.41597222222222224,0.00045240670442581177,-25.867618084030035,25.867618084030035,0.8465277777777778,pool=bf16_values_torch_sum_acc_fp32,score=bf16_values_torch_matmul_acc_fp32
R4,17,0.95,"repr=bf16, pool=bf16/native, score=bf16/native",bf16_acc_fp32,bf16,native,1440,0.989538185622478,0.013330839141875384,0.967469943883134,0.9947415865384616,0.9999897471582355,0.0005340576171875,0.13671875,0.13671875,0.9964007198560288,0.9709801599052413,60.0,173,0,0.002857551615935367,0.0008474136422009747,0.22797567397356033,0.977667897939682,0.22790737450122833,-2.0503997802734375e-05,0.0003196224570274353,0.00037675052881240844,0.0007861405132029572,0.003018307704822058,0.4479166666666667,0.0006344318389892578,-30.941860465116278,30.941860465116278,0.8395833333333333,pool=bf16_values_torch_sum_acc_fp32,score=bf16_values_torch_matmul_acc_fp32
R4,18,0.8,"repr=bf16, pool=bf16/native, score=bf16/native",bf16_acc_fp32,bf16,native,1440,0.9944782723800158,0.004014706706050308,0.9862900188323918,0.9972314927184466,0.9999840861710086,0.0011138916015625,0.27734375,0.28515625,0.9975000946933829,0.9788367729831144,102.0,227,0,0.0010248487727830477,0.0006588957852592836,0.22001581639051437,0.980745255947113,0.2202441394329071,-0.00014069676399230957,0.00041021592915058136,0.00012073516845703124,0.0009513879851342341,0.003472336371689558,0.2673611111111111,0.0003156810998916626,-2.243698368989621,2.243698368989621,0.7777777777777778,pool=bf16_values_torch_sum_acc_fp32,score=bf16_values_torch_matmul_acc_fp32
R4,18,0.9,"repr=bf16, pool=bf16/native, score=bf16/native",bf16_acc_fp32,bf16,native,1440,0.9920688365132809,0.008780260021163389,0.9752133872164702,0.9960186298076923,0.9999840861710086,0.0008087158203125,0.203125,0.20703125,0.9971495011627035,0.9755138383913334,81.0,217,0,0.0018098458916863697,0.0008511714493258254,0.3487868309020996,0.9532306492328644,0.3500274121761322,-0.00017344951629638672,0.0006894879043102264,0.00042703747749328613,0.0010295343601224283,0.003320545984590585,0.32569444444444445,0.00035668909549713135,-2.056443298969072,2.056443298969072,0.7527777777777778,pool=bf16_values_torch_sum_acc_fp32,score=bf16_values_torch_matmul_acc_fp32
R4,18,0.95,"repr=bf16, pool=bf16/native, score=bf16/native",bf16_acc_fp32,bf16,native,1440,0.9844961240310077,0.01211330406507849,0.9587992937021778,0.9921875,0.9999840861710086,0.00079345703125,0.19921875,0.203125,0.995502923099985,0.9602414960977764,81.0,205,0,0.0022912665288762893,0.0009972969451541539,0.5353687405586243,0.894710123538971,0.5342652797698975,-6.467103958129883e-05,0.0008660182356834412,0.0009701281785964965,0.0008810986530410631,0.003436499512043128,0.44583333333333336,0.0007709860801696777,-11.921658986175116,11.921658986175116,0.7291666666666666,pool=bf16_values_torch_sum_acc_fp32,score=bf16_values_torch_matmul_acc_fp32
R4,19,0.8,"repr=bf16, pool=bf16/native, score=bf16/native",bf16_acc_fp32,bf16,native,1440,0.994553706505295,0.005276605592235306,0.9853926662148934,0.9972694174757282,0.999958521926674,0.0010986328125,0.2734375,0.28125,0.9977271005379196,0.9822955633141559,101.0,221,0,0.0011687916847368434,0.0007541277498793431,0.10233455896377563,0.9958389103412628,0.10232561081647873,-3.880448639392853e-05,0.00017856410704553127,5.701184272766113e-05,0.0007085034004082353,0.0042497414506851554,0.2902777777777778,0.0003021657466888428,-7.78687659002544,7.78687659002544,0.7652777777777777,pool=bf16_values_torch_sum_acc_fp32,score=bf16_values_torch_matmul_acc_fp32
R4,19,0.9,"repr=bf16, pool=bf16/native, score=bf16/native",bf16_acc_fp32,bf16,native,1440,0.9904306220095693,0.00952364599966804,0.9773845683450746,0.9951923076923077,0.999958521926674,0.0009765625,0.2421875,0.25,0.996999699969997,0.9768339768339769,95.0,210,0,0.0017788212068432685,0.0009544782698339646,0.16207967698574066,0.9892946779727936,0.16218668222427368,-3.84598970413208e-05,0.0002526436001062393,0.0001501772552728653,0.0007333342866323077,0.0030253085458963576,0.3590277777777778,0.00032756105065345764,-8.516950794265789,8.516950794265789,0.7493055555555556,pool=bf16_values_torch_sum_acc_fp32,score=bf16_values_torch_matmul_acc_fp32
R4,19,0.95,"repr=bf16, pool=bf16/native, score=bf16/native",bf16_acc_fp32,bf16,native,1440,0.9830180247281395,0.015054385751338883,0.9631178082670754,0.9914362980769231,0.999958521926674,0.0008697509765625,0.216796875,0.22265625,0.995502923099985,0.9628428192273666,88.0,197,0,0.002367991295357783,0.0010822577800968557,0.24389630556106567,0.9761028587818146,0.24424979090690613,-5.649775266647339e-05,0.00039112940430641174,0.0004130423069000244,0.0008738421726603466,0.0031943600065156646,0.39166666666666666,0.0005941987037658691,-10.517209547672426,10.517209547672426,0.7527777777777778,pool=bf16_values_torch_sum_acc_fp32,score=bf16_values_torch_matmul_acc_fp32
R4,2,0.8,"repr=bf16, pool=bf16/native, score=bf16/native",bf16_acc_fp32,bf16,native,1440,0.9950064311114474,0.0018111728001427574,0.991014459923736,0.9974969660194175,0.9999756721457995,0.001007080078125,0.24609375,0.2578125,0.9972731404332676,0.9723240332111601,87.0,200,0,0.0009751327048517261,0.0005376056432951221,0.05203483998775482,0.9987055659294128,0.05215287208557129,1.8086284399032593e-06,6.365543231368065e-05,0.0001785069704055786,0.0004751637662600746,0.0023404663060724224,0.5326388888888889,0.0007448829710483551,411.8496395468589,411.8496395468589,0.7430555555555556,pool=bf16_values_torch_sum_acc_fp32,score=bf16_values_torch_matmul_acc_fp32
R4,2,0.9,"repr=bf16, pool=bf16/native, score=bf16/native",bf16_acc_fp32,bf16,native,1440,0.9917707787835714,0.0049139150971097,0.9809450118861619,0.9958683894230769,0.9999756721457995,0.0008392333984375,0.2109375,0.21484375,0.9965504311961005,0.966903073286052,81.0,183,0,0.0015467086815550966,0.0006843387883848598,0.10989761352539062,0.9945650696754456,0.10970661789178848,6.467103958129883e-06,0.00023563019931316376,0.0007204778492450714,0.0009236532924691398,0.004146428515181366,0.5347222222222222,0.0010693119838833809,165.34634216589862,165.34634216589862,0.6993055555555555,pool=bf16_values_torch_sum_acc_fp32,score=bf16_values_torch_matmul_acc_fp32
R4,2,0.95,"repr=bf16, pool=bf16/native, score=bf16/native",bf16_acc_fp32,bf16,native,1440,0.987162263024332,0.010656677928665093,0.9671937342988031,0.9935396634615384,0.9999756721457995,0.0006561279296875,0.1640625,0.16796875,0.995502923099985,0.9519061583577713,67.5,182,0,0.0023730480337720325,0.0007958323923716367,0.24655434489250183,0.9762068688869476,0.24632468074560165,3.9480626583099365e-05,0.0007707998156547546,0.0020809531211853026,0.0014832603182257868,0.006289943474494622,0.5701388888888889,0.0014213323593139648,36.00075485940744,36.00075485940744,0.6666666666666666,pool=bf16_values_torch_sum_acc_fp32,score=bf16_values_torch_matmul_acc_fp32
R4,20,0.8,"repr=bf16, pool=bf16/native, score=bf16/native",bf16_acc_fp32,bf16,native,1440,0.9955348696408975,0.0031693139610012855,0.9868887046944466,0.9977624393203883,0.9999889533898605,0.0009002685546875,0.2265625,0.23046875,0.9977271005379196,0.9783171399632367,83.0,212,0,0.0011714808078827621,0.0005598180714948481,0.04282677359879017,0.9991354048252106,0.043014874681830406,-8.62637534737587e-07,4.871550481766462e-05,4.735197871923447e-05,0.0005051356057432612,0.0031943641423230417,0.4666666666666667,0.0016091717407107353,-1865.408906882591,1865.408906882591,0.9381944444444444,pool=bf16_values_torch_sum_acc_fp32,score=bf16_values_torch_matmul_acc_fp32
R4,20,0.9,"repr=bf16, pool=bf16/native, score=bf16/native",bf16_acc_fp32,bf16,native,1440,0.9925160904056279,0.0037271189836146634,0.9766872076620388,0.9962439903846154,0.9999889533898605,0.000762939453125,0.19140625,0.1953125,0.9971495011627035,0.9709801599052413,77.0,213,0,0.0018198550607557494,0.0007369994907915713,0.08459212258458138,0.9968973100185394,0.08442166447639465,4.167668521404266e-06,0.00012806430459022522,0.00021425411105155945,0.0006970477373805962,0.0039034380287450627,0.5479166666666667,0.0016224738210439682,389.3001117318436,389.3001117318436,0.9180555555555555,pool=bf16_values_torch_sum_acc_fp32,score=bf16_values_torch_matmul_acc_fp32
R4,20,0.95,"repr=bf16, pool=bf16/native, score=bf16/native",bf16_acc_fp32,bf16,native,1440,0.98805256869773,0.009259882173801137,0.9570714495736548,0.9939903846153846,0.9999889533898605,0.0006103515625,0.15625,0.15625,0.9961013645224172,0.9599528857479388,67.0,203,0,0.0026231938438412736,0.0008781678759158913,0.15529683232307434,0.989443451166153,0.15579777210950851,8.895061910152435e-06,0.0002593575045466423,0.00042863935232162476,0.0008870087654175194,0.005439549588801612,0.5354166666666667,0.002112969756126404,237.54413150455449,237.54413150455449,0.8986111111111111,pool=bf16_values_torch_sum_acc_fp32,score=bf16_values_torch_matmul_acc_fp32
R4,21,0.8,"repr=bf16, pool=bf16/native, score=bf16/native",bf16_acc_fp32,bf16,native,1440,0.9944782723800158,0.004449609145737998,0.9880871597677752,0.9972314927184466,0.9999889708563248,0.0011138916015625,0.2734375,0.28515625,0.9973487861227891,0.9775382026263745,102.0,213,0,0.001021631844806433,0.0006403740007376059,0.0717473067343235,0.9979059994220734,0.07172318547964096,-3.375113010406494e-06,8.808355778455734e-05,9.341482073068618e-05,0.000631016448366093,0.0033070586794638557,0.42986111111111114,0.0013057170435786247,-386.8661699779249,386.8661699779249,0.8694444444444445,pool=bf16_values_torch_sum_acc_fp32,score=bf16_values_torch_matmul_acc_fp32
R4,21,0.9,"repr=bf16, pool=bf16/native, score=bf16/native",bf16_acc_fp32,bf16,native,1440,0.9929635451755371,0.006261101344035902,0.9816822421208574,0.9964693509615384,0.9999889708563248,0.0007171630859375,0.18359375,0.18359375,0.9971495011627035,0.9740490843034033,75.0,223,0,0.0017727054917591818,0.0007977549980484221,0.12920309603214264,0.9932244122028351,0.12938550114631653,-9.238719940185547e-07,0.0001753140240907669,0.00022846832871437073,0.000701886527577528,0.0032116377977704654,0.4888888888888889,0.001138569787144661,-1232.3891129032259,1232.3891129032259,0.85625,pool=bf16_values_torch_sum_acc_fp32,score=bf16_values_torch_matmul_acc_fp32
R4,21,0.95,"repr=bf16, pool=bf16/native, score=bf16/native",bf16_acc_fp32,bf16,native,1440,0.98805256869773,0.01045219644947637,0.9654365483470444,0.9939903846153846,0.9999889708563248,0.0006103515625,0.15625,0.15625,0.9958020989505247,0.9642909842113029,66.0,200,0,0.002612945264455056,0.0008928676492485623,0.2271546721458435,0.9790244996547699,0.22706419974565506,1.8563121557235718e-05,0.0003680512309074402,0.0008377008140087128,0.0008272786177252766,0.0037669069955959525,0.55,0.0016723275184631348,90.08870158539033,90.08870158539033,0.8319444444444445,pool=bf16_values_torch_sum_acc_fp32,score=bf16_values_torch_matmul_acc_fp32
R4,22,0.8,"repr=bf16, pool=bf16/native, score=bf16/native",bf16_acc_fp32,bf16,native,1440,0.9928201640025697,0.005945809006750125,0.9787625229822521,0.9963971480582524,0.9999701829626089,0.0014495849609375,0.34765625,0.37109375,0.9975000946933829,0.9798025303149754,125.5,231,0,0.0011157038518331771,0.0009677139991016393,0.22544747591018677,0.9812033176422119,0.22563116997480392,-7.758289575576782e-05,0.0004323660396039486,0.00016686096787452698,0.0008186426498714306,0.0036805263725686265,0.32083333333333336,0.00020928308367729187,-2.697541534620186,2.697541534620186,0.66875,pool=bf16_values_torch_sum_acc_fp32,score=bf16_values_torch_matmul_acc_fp32
R4,22,0.9,"repr=bf16, pool=bf16/native, score=bf16/native",bf16_acc_fp32,bf16,native,1440,0.9887950997236125,0.012617499431999524,0.9645591335662091,0.9943659855769231,0.9999701829626089,0.0011444091796875,0.28125,0.29296875,0.996999699969997,0.9740490843034033,108.0,234,0,0.0018094427251882472,0.001188598658526096,0.34574970602989197,0.9603214263916016,0.34548625349998474,-4.947558045387268e-05,0.00048760324716567993,0.00047460198402404785,0.0007798107392271846,0.002962785503926108,0.41180555555555554,0.00022602081298828125,-4.568330697989609,4.568330697989609,0.6430555555555556,pool=bf16_values_torch_sum_acc_fp32,score=bf16_values_torch_matmul_acc_fp32
R4,22,0.95,"repr=bf16, pool=bf16/native, score=bf16/native",bf16_acc_fp32,bf16,native,1440,0.9803629872061886,0.0214655705215967,0.9447772096420743,0.9900841346153846,0.9999701829626089,0.001007080078125,0.25,0.2578125,0.9949048404016184,0.9582230067666961,101.0,209,0,0.002305216938581489,0.001253638166903567,0.46211932599544525,0.9256494641304016,0.4630487412214279,-1.4990568161010742e-05,0.000690758228302002,0.0010880589485168456,0.0007979195821987334,0.003036388342651543,0.4756944444444444,0.00046384334564208984,-30.94234592445328,30.94234592445328,0.6486111111111111,pool=bf16_values_torch_sum_acc_fp32,score=bf16_values_torch_matmul_acc_fp32
R4,23,0.8,"repr=bf16, pool=bf16/native, score=bf16/native",bf16_acc_fp32,bf16,native,1440,0.9910896322585517,0.008363511183678063,0.9630586451682295,0.9955248786407767,0.9999688993614799,0.001800537109375,0.41796875,0.4609375,0.9973109632780284,0.978985289702792,143.0,252,0,0.0011040615132051996,0.001293586465093257,0.17111317068338394,0.9884174466133118,0.17098650336265564,-0.00010713934898376465,0.000516645610332489,0.00022684037685394287,0.0013366932882530795,0.005062647374595722,0.32430555555555557,0.0002959147095680237,-2.761961057023644,2.761961057023644,0.6958333333333333,pool=bf16_values_torch_sum_acc_fp32,score=bf16_values_torch_matmul_acc_fp32
R4,23,0.9,"repr=bf16, pool=bf16/native, score=bf16/native",bf16_acc_fp32,bf16,native,1440,0.986124580380455,0.016574752358924028,0.945765016334383,0.9930138221153846,0.9999688993614799,0.0014190673828125,0.33984375,0.36328125,0.9962510309664843,0.9692307692307692,123.0,247,0,0.0016354864862931611,0.0013855869953025967,0.24271868914365768,0.975965291261673,0.2432529777288437,-8.910894393920898e-05,0.0006775315850973129,0.0007373332977294922,0.0013354144641118787,0.005407404800945293,0.3840277777777778,0.0002618618309497833,-2.938670568561873,2.938670568561873,0.6618055555555555,pool=bf16_values_torch_sum_acc_fp32,score=bf16_values_torch_matmul_acc_fp32
R4,23,0.95,"repr=bf16, pool=bf16/native, score=bf16/native",bf16_acc_fp32,bf16,native,1440,0.9772744260561071,0.02729769389465353,0.9209096634460939,0.9885066105769231,0.9999688993614799,0.00116729736328125,0.2890625,0.298828125,0.994008388256441,0.9524787327662071,111.0,246,0,0.002249836549869146,0.001398391244287019,0.34369122982025146,0.9497982859611511,0.34485964477062225,-4.8376619815826416e-05,0.0011016204953193665,0.0013760298490524292,0.0013822775190580128,0.005923343846801973,0.44722222222222224,0.0006444156169891357,-13.32080702294779,13.32080702294779,0.6694444444444444,pool=bf16_values_torch_sum_acc_fp32,score=bf16_values_torch_matmul_acc_fp32
R4,24,0.8,"repr=bf16, pool=bf16/native, score=bf16/native",bf16_acc_fp32,bf16,native,1440,0.9950819051942648,0.0037721376182009436,0.9857664645856083,0.997534890776699,0.9999889417795389,0.0009918212890625,0.24609375,0.25390625,0.9975757575757576,0.9809924495698884,87.0,225,0,0.0010687708072312089,0.0005855199076608471,0.19693837314844131,0.9870095551013947,0.1970265880227089,-8.946657180786133e-05,0.00036884297151118517,0.0001202508807182312,0.000836473613532816,0.003304618370607624,0.2861111111111111,0.0005460381507873535,-6.1032644903397735,6.1032644903397735,0.8263888888888888,pool=bf16_values_torch_sum_acc_fp32,score=bf16_values_torch_matmul_acc_fp32
R4,24,0.9,"repr=bf16, pool=bf16/native, score=bf16/native",bf16_acc_fp32,bf16,native,1440,0.9934112009583708,0.007194031796076472,0.9793323916437441,0.9966947115384616,0.9999889417795389,0.00067138671875,0.16796875,0.171875,0.9975990396158463,0.979332391643744,66.0,201,0,0.002071762994593901,0.0007622191126868785,0.31998054683208466,0.967168927192688,0.3202587515115738,-0.00010042637586593628,0.0005229637026786804,0.0003350406885147095,0.0008716714225393287,0.0031267561607120744,0.34930555555555554,0.00044436752796173096,-4.424808962089176,4.424808962089176,0.8229166666666666,pool=bf16_values_torch_sum_acc_fp32,score=bf16_values_torch_matmul_acc_fp32
R4,24,0.95,"repr=bf16, pool=bf16/native, score=bf16/native",bf16_acc_fp32,bf16,native,1440,0.9862727544016712,0.012443954751780617,0.9645808736717827,0.9930889423076923,0.9999889417795389,0.000701904296875,0.177734375,0.1796875,0.9961013645224172,0.9674844812296778,75.0,191,0,0.0026755536679833967,0.0009827894339331036,0.4788344204425812,0.9271909594535828,0.47872452437877655,-0.00010829418897628784,0.0007810890674591064,0.00074118971824646,0.0008716277888414798,0.0027912881988153477,0.39791666666666664,0.0008567273616790771,-7.911111111111111,7.911111111111111,0.8368055555555556,pool=bf16_values_torch_sum_acc_fp32,score=bf16_values_torch_matmul_acc_fp32
R4,25,0.8,"repr=bf16, pool=bf16/native, score=bf16/native",bf16_acc_fp32,bf16,native,1440,0.9932721019011982,0.006996859167993752,0.9719479048430821,0.9966246966019418,0.9999637560378346,0.0013580322265625,0.328125,0.34765625,0.9973487861227891,0.9795795795795795,109.0,239,0,0.0010529925474680435,0.0007827060357255456,0.09195498004555702,0.9962828755378723,0.09177053347229958,-8.95373523235321e-06,0.00012164656072854996,0.00014209561049938202,0.0006328129222714048,0.0024654040241478764,0.4263888888888889,0.00021076947450637817,-23.539837736634077,23.539837736634077,0.6833333333333333,pool=bf16_values_torch_sum_acc_fp32,score=bf16_values_torch_matmul_acc_fp32
R4,25,0.9,"repr=bf16, pool=bf16/native, score=bf16/native",bf16_acc_fp32,bf16,native,1440,0.9887950997236125,0.014665051578632182,0.9566327754237571,0.9943659855769231,0.9999637560378346,0.0011444091796875,0.27734375,0.29296875,0.9962510309664843,0.9702508695330423,98.5,234,0,0.001484732904992317,0.001022712342063646,0.15677452832460403,0.9894549250602722,0.15654364228248596,-2.034008502960205e-06,0.00021115131676197052,0.00031577646732330324,0.0006859764732770579,0.00295878588110672,0.4895833333333333,0.00023065507411956787,-113.3992673992674,113.3992673992674,0.6506944444444445,pool=bf16_values_torch_sum_acc_fp32,score=bf16_values_torch_matmul_acc_fp32
R4,25,0.95,"repr=bf16, pool=bf16/native, score=bf16/native",bf16_acc_fp32,bf16,native,1440,0.9815421256326288,0.02675093465476852,0.9407652727978808,0.9906850961538461,0.9999637560378346,0.000946044921875,0.234375,0.2421875,0.9952038369304557,0.9618303842429068,94.0,214,0,0.0022182376496949815,0.001137189496183473,0.23091132938861847,0.9770091772079468,0.23056398332118988,1.2189149856567383e-05,0.0004174746572971344,0.0007015004754066468,0.0008222101464632575,0.0038890872327582695,0.5375,0.00022929534316062927,18.811430317848412,18.811430317848412,0.6361111111111111,pool=bf16_values_torch_sum_acc_fp32,score=bf16_values_torch_matmul_acc_fp32
R4,26,0.8,"repr=bf16, pool=bf16/native, score=bf16/native",bf16_acc_fp32,bf16,native,1440,0.991992143234872,0.007967396934942528,0.9728811256033664,0.9959799757281553,0.9999811355449117,0.001617431640625,0.384765625,0.4140625,0.9972731404332676,0.978391356542617,134.0,244,0,0.0010863071566934,0.001149165994071558,0.03993775509297848,0.9992612898349762,0.04000944457948208,-2.635642886161804e-06,6.786081939935684e-05,0.00013269484043121338,0.0008572344217292146,0.003644400647381773,0.4618055555555556,0.00044961459934711456,-170.59010600706713,170.59010600706713,0.7583333333333333,pool=bf16_values_torch_sum_acc_fp32,score=bf16_values_torch_matmul_acc_fp32
R4,26,0.9,"repr=bf16, pool=bf16/native, score=bf16/native",bf16_acc_fp32,bf16,native,1440,0.9889436724936501,0.012305904943428758,0.9572153201499669,0.9944411057692307,0.9999811355449117,0.001129150390625,0.27734375,0.2890625,0.9967001649917504,0.9715639810426541,108.0,243,0,0.0017405946812549151,0.0013671924007506138,0.07928863540291786,0.9970526993274689,0.07915513589978218,4.172325134277344e-06,0.00013881735503673553,0.00030607469379901887,0.000965909230253201,0.0046716914920415815,0.5138888888888888,0.0003727823495864868,89.34642857142858,89.34642857142858,0.7180555555555556,pool=bf16_values_torch_sum_acc_fp32,score=bf16_values_torch_matmul_acc_fp32
R4,26,0.95,"repr=bf16, pool=bf16/native, score=bf16/native",bf16_acc_fp32,bf16,native,1440,0.9794795539033457,0.022667317316009572,0.9306744017403915,0.9896334134615384,0.9999811355449117,0.0010528564453125,0.26171875,0.26953125,0.9949048404016184,0.9570714495736548,103.0,236,0,0.002383445011842065,0.0014168319586818625,0.1431996002793312,0.9904803037643433,0.14319847524166107,2.5346875190734863e-05,0.0003521963953971863,0.0006994903087615967,0.0012918152218054754,0.00607762948520309,0.55625,0.000537920743227005,21.222369194591415,21.222369194591415,0.675,pool=bf16_values_torch_sum_acc_fp32,score=bf16_values_torch_matmul_acc_fp32
R4,27,0.8,"repr=bf16, pool=bf16/native, score=bf16/native",bf16_acc_fp32,bf16,native,1440,0.9936488734311205,0.006247808154665968,0.9715608690447974,0.9968143203883495,0.9999882111792244,0.00128173828125,0.3125,0.328125,0.9971218662425206,0.9678713367672831,114.0,241,0,0.0011012731339839973,0.0008863450172068763,0.021906261332333088,0.9997716248035431,0.021861422806978226,2.52528116106987e-06,7.240951526910067e-05,0.00019992366433143615,0.0010680299767508615,0.005386709487991784,0.5409722222222222,0.0009971531108021736,394.868154158215,394.868154158215,0.80625,pool=bf16_values_torch_sum_acc_fp32,score=bf16_values_torch_matmul_acc_fp32
R4,27,0.9,"repr=bf16, pool=bf16/native, score=bf16/native",bf16_acc_fp32,bf16,native,1440,0.9905050306309529,0.01009622445299263,0.966903073286052,0.9952298677884616,0.9999882111792244,0.00096893310546875,0.2421875,0.248046875,0.9965504311961005,0.9640011802891708,96.0,233,0,0.0017842289372950698,0.0009510647391163573,0.046697285026311874,0.9989945888519287,0.046770647168159485,1.1967495083808899e-05,0.0002999028656631708,0.0007691830396652222,0.001755633516601584,0.008456745754560563,0.55,0.0008415449410676956,70.31922178988327,70.31922178988327,0.75,pool=bf16_values_torch_sum_acc_fp32,score=bf16_values_torch_matmul_acc_fp32
R4,27,0.95,"repr=bf16, pool=bf16/native, score=bf16/native",bf16_acc_fp32,bf16,native,1440,0.9836090001490091,0.020010115407605,0.9399450621063371,0.9917367788461539,0.9999882111792244,0.0008392333984375,0.2109375,0.21484375,0.9949048404016184,0.9471952126389017,85.0,223,0,0.002517764065124597,0.001158477357653354,0.10162767022848129,0.9952492415904999,0.10148809105157852,6.307289004325867e-05,0.000799085944890976,0.0023200273513793944,0.002379854516097162,0.012716084265560614,0.5944444444444444,0.001129351556301117,17.905498789203236,17.905498789203236,0.7159722222222222,pool=bf16_values_torch_sum_acc_fp32,score=bf16_values_torch_matmul_acc_fp32
R4,28,0.8,"repr=bf16, pool=bf16/native, score=bf16/native",bf16_acc_fp32,bf16,native,1440,0.9936488734311205,0.0038436542923062644,0.9861329241081229,0.9968143203883495,0.9999891667542611,0.00128173828125,0.3125,0.328125,0.9971218662425206,0.9635849126857058,111.0,234,0,0.0010356278964648536,0.0007535021167569139,0.04227223992347717,0.9992181956768036,0.04247376136481762,-1.0943040251731873e-08,5.075894296169281e-05,0.00013256147503852843,0.00049661879788624,0.003822730771747698,0.4888888888888889,0.0007782327011227608,-71116.68085106384,71116.68085106384,0.7743055555555556,pool=bf16_values_torch_sum_acc_fp32,score=bf16_values_torch_matmul_acc_fp32
R4,28,0.9,"repr=bf16, pool=bf16/native, score=bf16/native",bf16_acc_fp32,bf16,native,1440,0.9901330542682015,0.00742699986379558,0.9727253534880678,0.9950420673076923,0.9999891667542611,0.001007080078125,0.25390625,0.2578125,0.9961013645224172,0.9479787843886289,98.0,235,0,0.001466299370716065,0.0008614346548862296,0.08082535862922668,0.9970368444919586,0.0810529850423336,1.9185245037078857e-07,0.00016243173740804195,0.0004092548042535782,0.0009110028495636598,0.006584915552803261,0.5180555555555556,0.00097674410790205,5091.121359223301,5091.121359223301,0.7319444444444444,pool=bf16_values_torch_sum_acc_fp32,score=bf16_values_torch_matmul_acc_fp32
R4,28,0.95,"repr=bf16, pool=bf16/native, score=bf16/native",bf16_acc_fp32,bf16,native,1440,0.9853840417598807,0.008354712166263156,0.9585111078416949,0.9926382211538461,0.9999891667542611,0.0007476806640625,0.1875,0.19140625,0.9949048404016184,0.9378411923026961,77.0,215,0,0.0023794839233161006,0.0009478022257679964,0.11976249143481255,0.9932156205177307,0.12025351077318192,1.000240445137024e-05,0.0005017528310418129,0.0011052601039409637,0.0014803920334121156,0.008451987117124577,0.5805555555555556,0.000923842191696167,92.36201117318436,92.36201117318436,0.6888888888888889,pool=bf16_values_torch_sum_acc_fp32,score=bf16_values_torch_matmul_acc_fp32
R4,29,0.8,"repr=bf16, pool=bf16/native, score=bf16/native",bf16_acc_fp32,bf16,native,1440,0.9950064311114474,0.003846271102306509,0.9824781353946509,0.9974969660194175,0.9999908620934432,0.001007080078125,0.25390625,0.2578125,0.9975757575757576,0.969745639263437,96.0,232,0,0.0010768680805940995,0.0006447318829045134,0.042076852172613144,0.9992769062519073,0.04206980764865875,0.0,4.575308412313461e-05,8.959397673606873e-05,0.00045144113576599677,0.003252259466952927,0.47152777777777777,0.0004620053805410862,,,0.7069444444444445,pool=bf16_values_torch_sum_acc_fp32,score=bf16_values_torch_matmul_acc_fp32
R4,29,0.9,"repr=bf16, pool=bf16/native, score=bf16/native",bf16_acc_fp32,bf16,native,1440,0.9914728102326277,0.007436995486002962,0.9715493833528788,0.9957181490384616,0.9999908620934432,0.0008697509765625,0.21875,0.22265625,0.9968499212480312,0.9593759199293495,89.0,223,0,0.0016418389556974973,0.0008690335908184124,0.09210623800754547,0.9964237213134766,0.09212076663970947,9.238719940185547e-07,0.0001550614833831787,0.00029561519622802737,0.0007776721522003505,0.005584198117897581,0.5138888888888888,0.0005728788673877716,620.0846774193549,620.0846774193549,0.7,pool=bf16_values_torch_sum_acc_fp32,score=bf16_values_torch_matmul_acc_fp32
R4,29,0.95,"repr=bf16, pool=bf16/native, score=bf16/native",bf16_acc_fp32,bf16,native,1440,0.9859764284648664,0.012120525716077468,0.9553035880128242,0.9929387019230769,0.9999908620934432,0.0007171630859375,0.1796875,0.18359375,0.9958020989505247,0.9507620164126612,76.0,220,0,0.002597425568418233,0.0009633362217724168,0.1770414635539055,0.9856694042682648,0.17651661485433578,1.134537160396576e-05,0.0004072654992341995,0.0009679943323135376,0.0011470943164174176,0.013446024531153322,0.5513888888888889,0.0007802248001098633,68.77031686094237,68.77031686094237,0.6916666666666667,pool=bf16_values_torch_sum_acc_fp32,score=bf16_values_torch_matmul_acc_fp32
R4,3,0.8,"repr=bf16, pool=bf16/native, score=bf16/native",bf16_acc_fp32,bf16,native,1440,0.9944782723800158,0.005876537845847407,0.9830670692217994,0.9972314927184466,0.9999899323937562,0.0011138916015625,0.2734375,0.28515625,0.9973487861227891,0.9790595564228619,98.5,232,0,0.0010217019164659247,0.0006330348034912193,0.10350081697106361,0.995777040719986,0.10347070917487144,3.874767571687698e-06,9.805918671190739e-05,0.00024026334285736083,0.0004909695735322947,0.0027857350948126986,0.5465277777777777,0.000283658504486084,73.20658574690542,73.20658574690542,0.6451388888888889,pool=bf16_values_torch_sum_acc_fp32,score=bf16_values_torch_matmul_acc_fp32
R4,3,0.9,"repr=bf16, pool=bf16/native, score=bf16/native",bf16_acc_fp32,bf16,native,1440,0.9907282787498131,0.010248526614188291,0.9708342586423866,0.9953425480769231,0.9999899323937562,0.000946044921875,0.234375,0.2421875,0.9964007198560288,0.9713450102914756,90.0,228,0,0.001494230728168438,0.00079663912728639,0.19826871901750565,0.9848142862319946,0.1980890929698944,2.818182110786438e-05,0.00035972055047750473,0.0008480072021484375,0.0008507032541090874,0.0042307832546602,0.6076388888888888,0.0003684423863887787,13.073760740251156,13.073760740251156,0.6208333333333333,pool=bf16_values_torch_sum_acc_fp32,score=bf16_values_torch_matmul_acc_fp32
R4,3,0.95,"repr=bf16, pool=bf16/native, score=bf16/native",bf16_acc_fp32,bf16,native,1440,0.9859764284648664,0.014183591130709439,0.9521924035782373,0.9929387019230769,0.9999899323937562,0.0007171630859375,0.1796875,0.18359375,0.9952038369304557,0.9622641509433962,74.0,217,0,0.002296914723062984,0.0008738870471291777,0.31954923272132874,0.9582493007183075,0.31914031505584717,0.0001405365765094757,0.0010005608201026917,0.0020869314670562745,0.0013330424254307221,0.006731266634844418,0.6402777777777777,0.00048266351222991943,3.4344333996023857,3.4344333996023857,0.5694444444444444,pool=bf16_values_torch_sum_acc_fp32,score=bf16_values_torch_matmul_acc_fp32
R4,4,0.8,"repr=bf16, pool=bf16/native, score=bf16/native",bf16_acc_fp32,bf16,native,1440,0.9950819051942648,0.004298449469892884,0.9839697831178681,0.997534890776699,0.9999905258543165,0.0009918212890625,0.24609375,0.25390625,0.9975000946933829,0.9816624079362694,91.0,230,0,0.0010073140883837023,0.0006097897109506212,0.08510051667690277,0.9970025420188904,0.08500685170292854,9.996816515922546e-06,8.538225665688515e-05,0.00020693838596343994,0.00040001256601825754,0.0017740975689713972,0.625,0.00028496235609054565,28.505310229178313,28.505310229178313,0.61875,pool=bf16_values_torch_sum_acc_fp32,score=bf16_values_torch_matmul_acc_fp32
R4,4,0.9,"repr=bf16, pool=bf16/native, score=bf16/native",bf16_acc_fp32,bf16,native,1440,0.9919197964985785,0.006554345196964628,0.9771202399347698,0.9959435096153846,0.9999905258543165,0.000823974609375,0.203125,0.2109375,0.996999699969997,0.9762470308788599,82.0,224,0,0.0016434988917354918,0.0007493759857943984,0.15637677162885666,0.9898971915245056,0.15634403377771378,4.470348358154297e-05,0.0002979785203933716,0.0006123051047325134,0.0006789163876249425,0.0026558044598238564,0.6215277777777778,0.0003353692591190338,7.502083333333333,7.502083333333333,0.6,pool=bf16_values_torch_sum_acc_fp32,score=bf16_values_torch_matmul_acc_fp32
R4,4,0.95,"repr=bf16, pool=bf16/native, score=bf16/native",bf16_acc_fp32,bf16,native,1440,0.9868656716417911,0.008298400449116672,0.9651319075749383,0.9933894230769231,0.9999905258543165,0.00067138671875,0.171875,0.171875,0.9961013645224172,0.9666124981533462,73.0,210,0,0.002550563807124719,0.0008976337004036759,0.27811405062675476,0.9679494202136993,0.2777513563632965,0.00013350322842597961,0.0007165875285863876,0.0014923810958862305,0.000982842845989075,0.0033518141673933516,0.6715277777777777,0.0004944950342178345,3.703993079777883,3.703993079777883,0.5798611111111112,pool=bf16_values_torch_sum_acc_fp32,score=bf16_values_torch_matmul_acc_fp32
R4,5,0.8,"repr=bf16, pool=bf16/native, score=bf16/native",bf16_acc_fp32,bf16,native,1440,0.995685903500473,0.001661247010192879,0.9907138273375864,0.9978382888349514,0.9999904068878945,0.0008697509765625,0.21875,0.22265625,0.9975000946933829,0.9783171399632367,77.0,211,0,0.0010286650046969095,0.0005095568584924316,0.05951785854995251,0.9984249174594879,0.05952277220785618,-1.1438969522714615e-06,5.4687727242708206e-05,9.188055992126465e-05,0.00042844687859429733,0.0019423752708576936,0.47708333333333336,0.0011307485401630402,-988.5055973946672,988.5055973946672,0.7666666666666667,pool=bf16_values_torch_sum_acc_fp32,score=bf16_values_torch_matmul_acc_fp32
R4,5,0.9,"repr=bf16, pool=bf16/native, score=bf16/native",bf16_acc_fp32,bf16,native,1440,0.9929635451755371,0.0038776547233664305,0.9850879809126155,0.9964693509615384,0.9999904068878945,0.0007171630859375,0.18359375,0.18359375,0.996999699969997,0.9718560213301733,72.5,185,0,0.0016796254034311265,0.0006452014934794501,0.11743034422397614,0.9938264191150665,0.11728434637188911,7.158145308494568e-06,0.00016430020332336426,0.0002406686544418335,0.0005747706248442417,0.002807978734680792,0.5465277777777777,0.001084769144654274,151.54332552693208,151.54332552693208,0.7527777777777778,pool=bf16_values_torch_sum_acc_fp32,score=bf16_values_torch_matmul_acc_fp32
R4,5,0.95,"repr=bf16, pool=bf16/native, score=bf16/native",bf16_acc_fp32,bf16,native,1440,0.9892408846383742,0.00512671817725352,0.9791852512637526,0.9945913461538461,0.9999904068878945,0.00054931640625,0.140625,0.140625,0.9964007198560288,0.9655961716586192,60.0,137,0,0.0028796782947025086,0.0008109266317328578,0.23004935681819916,0.979295939207077,0.2301275059580803,2.178177237510681e-05,0.000387788750231266,0.000677480548620224,0.0008031433445315457,0.003416462853717603,0.5416666666666666,0.001193031668663025,54.77201983923379,54.77201983923379,0.7284722222222222,pool=bf16_values_torch_sum_acc_fp32,score=bf16_values_torch_matmul_acc_fp32
R4,6,0.8,"repr=bf16, pool=bf16/native, score=bf16/native",bf16_acc_fp32,bf16,native,1440,0.9938750047260766,0.005573911577030577,0.9840481565086531,0.9969280946601942,0.9999913772767615,0.0012359619140625,0.30078125,0.31640625,0.9979541579844667,0.9840481565086531,111.0,227,0,0.001083377905104283,0.0007980668189275822,0.14998336881399155,0.9910481572151184,0.15002138167619705,-4.854053258895874e-06,0.00010934658348560333,0.00013749003410339354,0.00036347740130600407,0.0022654394435839284,0.46041666666666664,7.087364792823792e-05,-14.60092095165004,14.60092095165004,0.5597222222222222,pool=bf16_values_torch_sum_acc_fp32,score=bf16_values_torch_matmul_acc_fp32
R4,6,0.9,"repr=bf16, pool=bf16/native, score=bf16/native",bf16_acc_fp32,bf16,native,1440,0.9892408846383742,0.007462878780037596,0.9725791937454191,0.9945913461538461,0.9999913772767615,0.0010986328125,0.26953125,0.28125,0.9971495011627035,0.9766872076620388,105.0,210,0,0.001504692866275636,0.0009866005342129172,0.25191210210323334,0.9749612212181091,0.25190621614456177,1.665949821472168e-05,0.00024065375328063965,0.0004647761583328247,0.000532553128246695,0.0026646140741935355,0.5409722222222222,6.815791130065918e-05,4.0912343470483,4.0912343470483,0.5208333333333334,pool=bf16_values_torch_sum_acc_fp32,score=bf16_values_torch_matmul_acc_fp32
R4,6,0.95,"repr=bf16, pool=bf16/native, score=bf16/native",bf16_acc_fp32,bf16,native,1440,0.9821322215604527,0.012677753233589328,0.9587992937021778,0.9909855769230769,0.9999913772767615,0.00091552734375,0.2265625,0.234375,0.9958020989505247,0.9628428192273666,92.0,206,0,0.002232382565806796,0.0010605970753348511,0.363553062081337,0.9497055411338806,0.36318209767341614,9.354948997497559e-05,0.0005821920931339264,0.0012037187814712524,0.0007445410112411061,0.003347103927139006,0.63125,9.331107139587402e-05,0.9974514176489327,0.9974514176489327,0.48125,pool=bf16_values_torch_sum_acc_fp32,score=bf16_values_torch_matmul_acc_fp32
R4,7,0.8,"repr=bf16, pool=bf16/native, score=bf16/native",bf16_acc_fp32,bf16,native,1440,0.994704591875331,0.005972688179751717,0.9838914161852989,0.9973452669902912,0.9999889659256145,0.001068115234375,0.265625,0.2734375,0.9978027806190097,0.9832274077695461,101.0,223,0,0.0011245869807741907,0.0007372068169516813,0.10404900088906288,0.9955094754695892,0.10421862453222275,-5.956739187240601e-06,8.573196828365326e-05,0.00010004043579101563,0.0004237961845089796,0.0018217007779096014,0.4479166666666667,0.00018672272562980652,-31.346466541588494,31.346466541588494,0.6618055555555555,pool=bf16_values_torch_sum_acc_fp32,score=bf16_values_torch_matmul_acc_fp32
R4,7,0.9,"repr=bf16, pool=bf16/native, score=bf16/native",bf16_acc_fp32,bf16,native,1440,0.9910260245288662,0.009367132506866938,0.9744809613547117,0.9954927884615384,0.9999889659256145,0.00091552734375,0.23046875,0.234375,0.996999699969997,0.9769807678027772,89.0,211,0,0.0016995707608920237,0.0009300672373672501,0.17976056784391403,0.9866282641887665,0.17978644371032715,1.1622905731201172e-06,0.0001851264387369156,0.0002605617046356201,0.0005270142312583322,0.0022173981607955195,0.5104166666666666,0.00020223110914230347,173.99358974358975,173.99358974358975,0.6215277777777778,pool=bf16_values_torch_sum_acc_fp32,score=bf16_values_torch_matmul_acc_fp32
R4,7,0.95,"repr=bf16, pool=bf16/native, score=bf16/native",bf16_acc_fp32,bf16,native,1440,0.9850879809126155,0.013369484899291795,0.9625389778552931,0.9924879807692307,0.9999889659256145,0.000762939453125,0.19140625,0.1953125,0.9958020989505247,0.9654510556621881,79.0,189,0,0.0024841008644488783,0.0010269122894051748,0.2801664173603058,0.968876451253891,0.2800709903240204,3.134831786155701e-05,0.00041345879435539246,0.0007192820310592651,0.0007137039899416443,0.002748545760209262,0.5527777777777778,0.00031060725450515747,9.908259061200237,9.908259061200237,0.60625,pool=bf16_values_torch_sum_acc_fp32,score=bf16_values_torch_matmul_acc_fp32
R4,8,0.8,"repr=bf16, pool=bf16/native, score=bf16/native",bf16_acc_fp32,bf16,native,1440,0.9957614290039358,0.0030202217407215848,0.991014459923736,0.997876213592233,0.9999901116870729,0.0008544921875,0.21484375,0.21875,0.9977271005379196,0.9827054665764343,82.5,195,0,0.001141075688975835,0.0005809169933447815,0.07907906919717789,0.997301459312439,0.0791393406689167,-8.273869752883911e-06,6.719771772623062e-05,7.370859384536743e-05,0.0003775075024743936,0.0014940655722883883,0.38819444444444445,0.0002024322748184204,-24.466456551103107,24.466456551103107,0.6736111111111112,pool=bf16_values_torch_sum_acc_fp32,score=bf16_values_torch_matmul_acc_fp32
R4,8,0.9,"repr=bf16, pool=bf16/native, score=bf16/native",bf16_acc_fp32,bf16,native,1440,0.9917707787835714,0.005215628958149865,0.9847920083494858,0.9958683894230769,0.9999901116870729,0.0008392333984375,0.20703125,0.21484375,0.9968499212480312,0.975220713702797,86.0,182,0,0.0016686409807018686,0.000792939235235899,0.13167597353458405,0.9925915002822876,0.1318766251206398,-1.0912306606769562e-05,0.0001552840694785118,0.00017579346895217894,0.0005246635085707602,0.002043479295646739,0.46041666666666664,0.00030956044793128967,-28.36801228983528,28.36801228983528,0.6604166666666667,pool=bf16_values_torch_sum_acc_fp32,score=bf16_values_torch_matmul_acc_fp32
R4,8,0.95,"repr=bf16, pool=bf16/native, score=bf16/native",bf16_acc_fp32,bf16,native,1440,0.987162263024332,0.009191637826234,0.9744882824087808,0.9935396634615384,0.9999901116870729,0.0006561279296875,0.16796875,0.16796875,0.9958020989505247,0.9660316053758676,71.0,163,0,0.002517139782585726,0.0008940057394473453,0.21820903569459915,0.9800713658332825,0.21833015233278275,8.646398782730103e-06,0.00031541846692562103,0.0004126831889152527,0.000681814239254983,0.002419129393976745,0.5138888888888888,0.00044251978397369385,51.17966393795778,51.17966393795778,0.6527777777777778,pool=bf16_values_torch_sum_acc_fp32,score=bf16_values_torch_matmul_acc_fp32
R4,9,0.8,"repr=bf16, pool=bf16/native, score=bf16/native",bf16_acc_fp32,bf16,native,1440,0.9956103837130099,0.0027929650555158503,0.9898087202629927,0.9978003640776699,0.999989888559266,0.000885009765625,0.21875,0.2265625,0.9978784664343082,0.9842721149866426,81.0,217,0,0.0011975225548816729,0.0005910451635539416,0.13414176553487778,0.9923868179321289,0.13423114269971848,-1.8975697457790375e-05,0.00010195933282375336,9.227916598320007e-05,0.0003979547515081987,0.0015799916092481725,0.36944444444444446,0.0001592002809047699,-8.389693251533743,8.389693251533743,0.6923611111111111,pool=bf16_values_torch_sum_acc_fp32,score=bf16_values_torch_matmul_acc_fp32
R4,9,0.9,"repr=bf16, pool=bf16/native, score=bf16/native",bf16_acc_fp32,bf16,native,1440,0.9917707787835714,0.00640681963830525,0.9794795539033456,0.9958683894230769,0.999989888559266,0.0008392333984375,0.2109375,0.21484375,0.9972993248312078,0.978891036123086,86.0,193,0,0.0018730725285764594,0.0008414963478055147,0.21637386083602905,0.9811747968196869,0.21634960919618607,-1.1064112186431885e-05,0.00017912313342094421,0.00026712715625762937,0.0004538813710144829,0.001362002456807241,0.4513888888888889,0.00019969791173934937,-18.04915824915825,18.04915824915825,0.6625,pool=bf16_values_torch_sum_acc_fp32,score=bf16_values_torch_matmul_acc_fp32
R4,9,0.95,"repr=bf16, pool=bf16/native, score=bf16/native",bf16_acc_fp32,bf16,native,1440,0.9865691687807789,0.010947803004448975,0.9660316053758675,0.9932391826923077,0.999989888559266,0.0006866455078125,0.171875,0.17578125,0.9961013645224172,0.969522118656606,75.0,194,0,0.002581033105355567,0.0009972077487044608,0.3045942187309265,0.9632048308849335,0.3046976178884506,5.662441253662109e-07,0.00034780800342559814,0.0005069255828857421,0.0005552202526972957,0.0019655045698718726,0.5006944444444444,0.00037892162799835205,669.1842105263158,669.1842105263158,0.6666666666666666,pool=bf16_values_torch_sum_acc_fp32,score=bf16_values_torch_matmul_acc_fp32
R4L,0,0.8,"repr=bf16, pool=bf16/low, score=bf16/low",bf16_acc_bf16,bf16,native,1440,0.9655609392471114,0.015831836726428627,0.9409500134075094,0.9824787621359223,0.9997065099935704,0.007049560546875,0.89453125,1.8046875,0.972766721532246,0.9515949966693805,102.0,216,0,0.0011201339456768822,0.006899432862122631,0.07012585550546646,0.9979130625724792,0.07027759402990341,3.72505746781826e-06,0.0005625244230031967,0.001110866665840149,0.004123307502020508,0.029575862861721824,0.5152777777777777,0.00014051049947738647,37.72035752234515,37.72035752234515,0.5527777777777778,pool=bf16_values_sequential_acc_bf16,score=bf16_values_sequential_rank1_acc_bf16
R4L,0,0.9,"repr=bf16, pool=bf16/low, score=bf16/low",bf16_acc_bf16,bf16,native,1440,0.9503333089150978,0.026861823582974842,0.9098379555036162,0.9745342548076923,0.9997065099935704,0.0051727294921875,0.830078125,1.32421875,0.9634942318080644,0.9336189992011039,100.0,211,0,0.0015783810294463913,0.006474990976861673,0.11694368347525597,0.9943037927150726,0.11654090136289597,4.2319297790527344e-05,0.0010148733854293823,0.0023803114891052246,0.004576360467591536,0.029323005951607795,0.5513888888888889,8.514150977134705e-05,2.0118838028169015,2.0118838028169015,0.5694444444444444,pool=bf16_values_sequential_acc_bf16,score=bf16_values_sequential_rank1_acc_bf16
R4L,0,0.95,"repr=bf16, pool=bf16/low, score=bf16/low",bf16_acc_bf16,bf16,native,1440,0.9262046013601505,0.03595149406851006,0.8628082334681831,0.9616887019230769,0.9997065099935704,0.0038909912109375,0.71875,0.99609375,0.9546288924088635,0.9092147821377086,94.0,204,0,0.0021686827562488404,0.00590873306248381,0.18763649463653564,0.9844429194927216,0.18720756471157074,-0.00013747625052928925,0.0017507774755358696,0.0022461246699094772,0.004138382314351789,0.03196309464288676,0.45416666666666666,0.0008444301784038544,-6.142371319793516,6.142371319793516,0.5777777777777777,pool=bf16_values_sequential_acc_bf16,score=bf16_values_sequential_rank1_acc_bf16
R4L,1,0.8,"repr=bf16, pool=bf16/low, score=bf16/low",bf16_acc_bf16,bf16,native,1440,0.9630732578916021,0.01949177639187183,0.9194875154691708,0.9811893203883495,0.9996367122127765,0.007568359375,0.92578125,1.9375,0.9724715739078397,0.9517394522575869,88.0,228,0,0.000985681501717126,0.006430395615588036,0.04714624211192131,0.9990302920341492,0.04689733125269413,2.41878442466259e-05,0.0005487627349793911,0.0008658148348331451,0.004941438090378312,0.039774344319832435,0.56875,0.017071601236239076,705.792589954373,705.792589954373,0.7923611111111111,pool=bf16_values_sequential_acc_bf16,score=bf16_values_sequential_rank1_acc_bf16
R4L,1,0.9,"repr=bf16, pool=bf16/low, score=bf16/low",bf16_acc_bf16,bf16,native,1440,0.9510479261321999,0.023714528365237353,0.8950747564003871,0.9749098557692307,0.9996367122127765,0.005096435546875,0.83203125,1.3046875,0.9647983495996129,0.9378411820365383,86.0,225,0,0.0015111026599233315,0.006396358504031615,0.09691629186272621,0.9961100518703461,0.09681206569075584,0.00011180341243743896,0.001229441026225686,0.002106095105409622,0.006340224070513923,0.04594392741743763,0.5826388888888889,0.014300341717898846,127.90612921498068,127.90612921498068,0.7548611111111111,pool=bf16_values_sequential_acc_bf16,score=bf16_values_sequential_rank1_acc_bf16
R4L,1,0.95,"repr=bf16, pool=bf16/low, score=bf16/low",bf16_acc_bf16,bf16,native,1440,0.9388290125254879,0.024243340599991114,0.8703722547924484,0.9684495192307693,0.9996367122127765,0.003204345703125,0.6640625,0.8203125,0.9599528857479388,0.92536881689326,69.0,227,0,0.0023914707145881136,0.005671809019869816,0.1910538673400879,0.9843074083328247,0.1912045031785965,0.00022450555115938187,0.0028119273483753204,0.004449501633644104,0.006579966157162643,0.035123368465612606,0.5756944444444444,0.00804273784160614,35.824227062859606,35.824227062859606,0.7333333333333333,pool=bf16_values_sequential_acc_bf16,score=bf16_values_sequential_rank1_acc_bf16
R4L,10,0.8,"repr=bf16, pool=bf16/low, score=bf16/low",bf16_acc_bf16,bf16,native,1440,0.9742068326991645,0.017798291393026244,0.924945521930099,0.9869349211165048,0.9997615320812735,0.00525665283203125,0.8359375,1.345703125,0.9893245824614001,0.9701135684399282,112.0,239,0,0.0011285735961880602,0.005081420982141023,0.15985829383134842,0.9892895519733429,0.1598263755440712,-2.903863787651062e-05,0.0003082025796175003,0.00030967146158218385,0.0009842449555030705,0.004342167380754818,0.43125,1.5944242477416992e-05,-0.5490699166132136,0.5490699166132136,0.5069444444444444,pool=bf16_values_sequential_acc_bf16,score=bf16_values_sequential_rank1_acc_bf16
R4L,10,0.9,"repr=bf16, pool=bf16/low, score=bf16/low",bf16_acc_bf16,bf16,native,1440,0.9547723935389134,0.032528657397066785,0.880856937018921,0.9768629807692307,0.9997615320812735,0.00469970703125,0.796875,1.203125,0.9855321053024089,0.9504761904761905,105.0,230,0,0.0016064343841063903,0.006171020443568535,0.2512533366680145,0.9742815494537354,0.25124941766262054,-8.237361907958984e-05,0.0006676092743873596,0.0006551414728164673,0.0013463380263638598,0.005936991902777501,0.42430555555555555,-0.0002870038151741028,3.484171490593343,3.484171490593343,0.46805555555555556,pool=bf16_values_sequential_acc_bf16,score=bf16_values_sequential_rank1_acc_bf16
R4L,10,0.95,"repr=bf16, pool=bf16/low, score=bf16/low",bf16_acc_bf16,bf16,native,1440,0.9273201100332995,0.04964669839229863,0.838420107719928,0.9622896634615384,0.9997615320812735,0.0038299560546875,0.7265625,0.98046875,0.9791852512637526,0.9209235209235209,93.0,214,0,0.002247923241021383,0.006734709082002812,0.3521702140569687,0.9486633539199829,0.35242003202438354,-3.503262996673584e-05,0.0011638887226581573,0.0018465816974639893,0.0016287534207913212,0.007585155829595798,0.4826388888888889,-0.0007760971784591675,22.15355168013611,22.15355168013611,0.46319444444444446,pool=bf16_values_sequential_acc_bf16,score=bf16_values_sequential_rank1_acc_bf16
R4L,11,0.8,"repr=bf16, pool=bf16/low, score=bf16/low",bf16_acc_bf16,bf16,native,1440,0.975760074124928,0.010875621576463157,0.9482064354058147,0.9877313410194175,0.9996988934534519,0.00493621826171875,0.81640625,1.263671875,0.9889869502904126,0.9717709528119073,110.0,218,0,0.001144430329551185,0.004860867496561755,0.12105023860931396,0.9937052726745605,0.12106186151504517,-2.8718262910842896e-05,0.0002729427069425583,0.00023039132356643676,0.0010729535245381984,0.004200314052449705,0.43819444444444444,0.0007040239870548248,-24.514852769490208,24.514852769490208,0.5951388888888889,pool=bf16_values_sequential_acc_bf16,score=bf16_values_sequential_rank1_acc_bf16
R4L,11,0.9,"repr=bf16, pool=bf16/low, score=bf16/low",bf16_acc_bf16,bf16,native,1440,0.9608911829206797,0.021078474187702145,0.9126436781609195,0.9800555889423077,0.9996988934534519,0.00405120849609375,0.75,1.037109375,0.9859764284648664,0.9561368087822385,97.0,214,0,0.001753716815954506,0.005550939813357713,0.18943019211292267,0.9846356213092804,0.1893426701426506,-3.2803043723106384e-05,0.0004515424370765686,0.0004958510398864746,0.0012040817097829753,0.004310209286159869,0.45208333333333334,0.0006089359521865845,-18.563397876327297,18.563397876327297,0.5902777777777778,pool=bf16_values_sequential_acc_bf16,score=bf16_values_sequential_rank1_acc_bf16
R4L,11,0.95,"repr=bf16, pool=bf16/low, score=bf16/low",bf16_acc_bf16,bf16,native,1440,0.9374181341871635,0.04107375779389644,0.8602311383823812,0.9676983173076923,0.9996988934534519,0.0032806396484375,0.671875,0.83984375,0.9794795539033457,0.9315147997678468,85.0,204,0,0.002463373914175237,0.00612161036940885,0.28383590281009674,0.9648647308349609,0.28312958776950836,5.25452196598053e-05,0.0008924640715122223,0.0016184180974960327,0.001673346443765514,0.006937913415251126,0.5409722222222222,0.0007924735546112061,15.081744062389223,15.081744062389223,0.5493055555555556,pool=bf16_values_sequential_acc_bf16,score=bf16_values_sequential_rank1_acc_bf16
R4L,12,0.8,"repr=bf16, pool=bf16/low, score=bf16/low",bf16_acc_bf16,bf16,native,1440,0.9738373731999446,0.015030250552012792,0.9117879166898921,0.9867452973300971,0.9998140643151547,0.00533294677734375,0.84765625,1.365234375,0.9884619735304099,0.9694513948537924,120.0,238,0,0.0011228016536718004,0.0052811144944249384,0.09623683989048004,0.9960274994373322,0.09641782939434052,-2.1062791347503662e-05,0.00026210397481918335,0.00023386925458908082,0.0013299510057351853,0.005611650905908443,0.4361111111111111,0.0011765360832214355,-55.85850725150336,55.85850725150336,0.6201388888888889,pool=bf16_values_sequential_acc_bf16,score=bf16_values_sequential_rank1_acc_bf16
R4L,12,0.9,"repr=bf16, pool=bf16/low, score=bf16/low",bf16_acc_bf16,bf16,native,1440,0.9604580123036396,0.027689769305712875,0.8733135257594377,0.9798302283653846,0.9998140643151547,0.00409698486328125,0.76171875,1.048828125,0.984939983598002,0.9554902680866691,95.0,230,0,0.0017683823789727848,0.005749471308892792,0.1589295119047165,0.9895543456077576,0.15933052450418472,-3.5569071769714355e-05,0.0005393447354435921,0.00048571228981018064,0.0016001441498200678,0.006009140599854876,0.44583333333333336,0.001326538622379303,-37.294721407624635,37.294721407624635,0.6173611111111111,pool=bf16_values_sequential_acc_bf16,score=bf16_values_sequential_rank1_acc_bf16
R4L,12,0.95,"repr=bf16, pool=bf16/low, score=bf16/low",bf16_acc_bf16,bf16,native,1440,0.9385466724916266,0.056387300454568745,0.821552946659924,0.9682992788461539,0.9998140643151547,0.0032196044921875,0.66015625,0.82421875,0.9783028681824937,0.9317950950515165,79.0,206,0,0.002538124746638532,0.0062834320911739055,0.24780312180519104,0.9742847979068756,0.24781609326601028,-3.680028021335602e-05,0.0009497180581092834,0.0008851915597915649,0.0019756595790518614,0.007518647595083941,0.46458333333333335,0.0020111724734306335,-54.651009768689576,54.651009768689576,0.6236111111111111,pool=bf16_values_sequential_acc_bf16,score=bf16_values_sequential_rank1_acc_bf16
R4L,13,0.8,"repr=bf16, pool=bf16/low, score=bf16/low",bf16_acc_bf16,bf16,native,1440,0.9764264974615573,0.01797541862555596,0.9408214338289416,0.9880726638349515,0.9994151079194451,0.00479888916015625,0.80078125,1.228515625,0.9910144599237362,0.9735788331275027,111.0,238,0,0.0012897254743969445,0.005356299576119387,0.12587552517652512,0.9930712282657623,0.1258113533258438,-3.197416663169861e-05,0.00024969130754470825,0.00018705055117607117,0.000998697649170434,0.004296215575927982,0.4166666666666667,0.0001934245228767395,-6.049399976698124,6.049399976698124,0.5569444444444445,pool=bf16_values_sequential_acc_bf16,score=bf16_values_sequential_rank1_acc_bf16
R4L,13,0.9,"repr=bf16, pool=bf16/low, score=bf16/low",bf16_acc_bf16,bf16,native,1440,0.9570714495736548,0.030714873188741998,0.9014358616381131,0.9780649038461539,0.9994151079194451,0.00445556640625,0.77734375,1.140625,0.9868656716417911,0.9525503308128799,109.0,230,0,0.0016950579155340202,0.00660945028413406,0.19564157724380493,0.9830107986927032,0.19571303576231003,-4.462897777557373e-05,0.0005029970780014992,0.0005241483449935913,0.001304209095007162,0.005294565633870927,0.45069444444444445,0.00023321807384490967,-5.225709515859767,5.225709515859767,0.5333333333333333,pool=bf16_values_sequential_acc_bf16,score=bf16_values_sequential_rank1_acc_bf16
R4L,13,0.95,"repr=bf16, pool=bf16/low, score=bf16/low",bf16_acc_bf16,bf16,native,1440,0.9162228299985605,0.041414710695368284,0.8517179023508138,0.9562800480769231,0.9994151079194451,0.0044403076171875,0.787109375,1.13671875,0.9783028681824937,0.9104477611940298,111.0,205,0,0.0020914292711501454,0.0072101936873951574,0.29953156411647797,0.9608227908611298,0.2993738353252411,-0.00012060999870300293,0.000984039157629013,0.0009660094976425171,0.0016831044998425555,0.006930714491247787,0.41458333333333336,0.00031250715255737305,-2.591055102545095,2.591055102545095,0.5201388888888889,pool=bf16_values_sequential_acc_bf16,score=bf16_values_sequential_rank1_acc_bf16
R4L,14,0.8,"repr=bf16, pool=bf16/low, score=bf16/low",bf16_acc_bf16,bf16,native,1440,0.9736526946107784,0.01117069765830181,0.9514433418215305,0.9866504854368932,0.999555250114553,0.00537109375,0.84765625,1.375,0.9895122043233863,0.969524947714371,116.0,216,0,0.001185880564503691,0.005559269986015871,0.1442302092909813,0.9914246797561646,0.14414198696613312,-4.8644840717315674e-05,0.0002787485718727112,0.00019112825393676757,0.0010323613838492632,0.003733945213209987,0.3958333333333333,0.00042656436562538147,-8.768953897993567,8.768953897993567,0.6090277777777777,pool=bf16_values_sequential_acc_bf16,score=bf16_values_sequential_rank1_acc_bf16
R4L,14,0.9,"repr=bf16, pool=bf16/low, score=bf16/low",bf16_acc_bf16,bf16,native,1440,0.9546288818735775,0.02176807880355569,0.9124994168202265,0.9767878605769231,0.999555250114553,0.0047149658203125,0.80859375,1.20703125,0.9853840417598807,0.9504761904761905,107.0,211,0,0.00164337920655728,0.006432006856069732,0.21215026080608368,0.9815812706947327,0.2123768925666809,-7.073953747749329e-05,0.0004954934120178223,0.0004148028790950775,0.0012041325379812968,0.003611887977383102,0.42083333333333334,0.0005297064781188965,-7.4881247037758705,7.4881247037758705,0.5958333333333333,pool=bf16_values_sequential_acc_bf16,score=bf16_values_sequential_rank1_acc_bf16
R4L,14,0.95,"repr=bf16, pool=bf16/low, score=bf16/low",bf16_acc_bf16,bf16,native,1440,0.9264833574529667,0.046099868765727914,0.8573760725016706,0.9618389423076923,0.999555250114553,0.003875732421875,0.734375,0.9921875,0.978891036123086,0.9213394052576163,94.0,205,0,0.002248531775982739,0.007041773815454615,0.29274486005306244,0.9648796021938324,0.29282447695732117,-5.0187110900878906e-05,0.0008522197604179382,0.0009022057056427002,0.0014769760652657146,0.005010047591447317,0.4673611111111111,0.0010081008076667786,-20.086846793349167,20.086846793349167,0.6034722222222222,pool=bf16_values_sequential_acc_bf16,score=bf16_values_sequential_rank1_acc_bf16
R4L,15,0.8,"repr=bf16, pool=bf16/low, score=bf16/low",bf16_acc_bf16,bf16,native,1440,0.9708866679777386,0.02152750669054404,0.9120408977194444,0.985228307038835,0.999797442345268,0.00594329833984375,0.857421875,1.521484375,0.9883869994721364,0.9653411843625387,126.0,241,0,0.0010437385095944166,0.005212693741745893,0.1866057887673378,0.9856215119361877,0.1864970475435257,-7.520616054534912e-05,0.0003298856317996979,0.00026735961437225343,0.0009482458387356522,0.00330306619882821,0.3645833333333333,-0.00045587867498397827,6.061719833564494,6.061719833564494,0.43333333333333335,pool=bf16_values_sequential_acc_bf16,score=bf16_values_sequential_rank1_acc_bf16
R4L,15,0.9,"repr=bf16, pool=bf16/low, score=bf16/low",bf16_acc_bf16,bf16,native,1440,0.951977714416073,0.03668905989842053,0.8766476351589484,0.9753981370192307,0.999797442345268,0.00499725341796875,0.81640625,1.279296875,0.9834612232734858,0.9459143400087706,119.0,237,0,0.0015052312295927859,0.00615897073937983,0.2694106251001358,0.9698750376701355,0.26940159499645233,-9.8399817943573e-05,0.000613085925579071,0.00053168386220932,0.001173698679868079,0.003891702526182142,0.40208333333333335,-0.0008935332298278809,9.080639055046566,9.080639055046566,0.4284722222222222,pool=bf16_values_sequential_acc_bf16,score=bf16_values_sequential_rank1_acc_bf16
R4L,15,0.95,"repr=bf16, pool=bf16/low, score=bf16/low",bf16_acc_bf16,bf16,native,1440,0.9173268039752268,0.057693507128515065,0.8341140810140535,0.9568810096153846,0.999797442345268,0.0043792724609375,0.7734375,1.12109375,0.9759536885854238,0.9109962675854149,109.0,221,0,0.0020140303384590568,0.00677927881071733,0.37782980501651764,0.9424066543579102,0.37830474972724915,-0.00010855495929718018,0.0010259151458740234,0.0009729951620101928,0.001402511150754095,0.004280357968285681,0.44027777777777777,-0.0010522305965423584,9.693067947838024,9.693067947838024,0.4534722222222222,pool=bf16_values_sequential_acc_bf16,score=bf16_values_sequential_rank1_acc_bf16
R4L,16,0.8,"repr=bf16, pool=bf16/low, score=bf16/low",bf16_acc_bf16,bf16,native,1440,0.9713655564277971,0.024124132511713636,0.915113466292326,0.9854748179611651,0.9998145499922083,0.0058441162109375,0.85546875,1.49609375,0.9883869994721364,0.9683487608241266,123.5,237,0,0.0011562776060636297,0.006108992007369022,0.1206485852599144,0.9941298067569733,0.12059247121214867,-4.558637738227844e-05,0.00029889983125030994,0.00015437155961990358,0.0013109546671158769,0.004829979598767053,0.37916666666666665,0.0005728770047426224,-12.566846449293127,12.566846449293127,0.6277777777777778,pool=bf16_values_sequential_acc_bf16,score=bf16_values_sequential_rank1_acc_bf16
R4L,16,0.9,"repr=bf16, pool=bf16/low, score=bf16/low",bf16_acc_bf16,bf16,native,1440,0.9493337238248646,0.04572235216464193,0.8749097760540572,0.9740084134615384,0.9998145499922083,0.005279541015625,0.83984375,1.3515625,0.9840524629257024,0.9459143400087706,124.0,227,0,0.0016262872822143974,0.007446399408055089,0.1940804198384285,0.9848011136054993,0.19393815845251083,-6.201490759849548e-05,0.0005843434482812881,0.0003689512610435486,0.001577270463937822,0.005411389358127442,0.4305555555555556,0.0009900890290737152,-15.965339100138163,15.965339100138163,0.6138888888888889,pool=bf16_values_sequential_acc_bf16,score=bf16_values_sequential_rank1_acc_bf16
R4L,16,0.95,"repr=bf16, pool=bf16/low, score=bf16/low",bf16_acc_bf16,bf16,native,1440,0.91608493255829,0.06739025426702805,0.8260255422782656,0.9562049278846154,0.9998145499922083,0.00444793701171875,0.78125,1.138671875,0.9771275805732957,0.9105848681095741,108.0,221,0,0.0023655111122259844,0.007896474738876866,0.2847411781549454,0.966503232717514,0.2846301794052124,-7.51391053199768e-05,0.0010853037238121033,0.0009217560291290283,0.001962969840199975,0.006414348676735957,0.4444444444444444,0.0016832128167152405,-22.401289043133367,22.401289043133367,0.61875,pool=bf16_values_sequential_acc_bf16,score=bf16_values_sequential_rank1_acc_bf16
R4L,17,0.8,"repr=bf16, pool=bf16/low, score=bf16/low",bf16_acc_bf16,bf16,native,1440,0.9768339768339769,0.007479057586756266,0.9479042024834292,0.98828125,0.9997474250679081,0.0047149658203125,0.80859375,1.20703125,0.9868887046944466,0.9717340910790399,79.0,224,0,0.0011513774325648941,0.004569198151005146,0.07398493587970734,0.9976266622543335,0.07429240271449089,-9.492039680480957e-06,0.00028628017753362656,0.00029726997017860414,0.0019623078035409507,0.00769681384114318,0.48125,0.0023064613342285156,-242.98901098901098,242.98901098901098,0.8375,pool=bf16_values_sequential_acc_bf16,score=bf16_values_sequential_rank1_acc_bf16
R4L,17,0.9,"repr=bf16, pool=bf16/low, score=bf16/low",bf16_acc_bf16,bf16,native,1440,0.9644359182468826,0.016516678455745226,0.9211938192303156,0.9818960336538461,0.9997474250679081,0.0036773681640625,0.71875,0.94140625,0.9843482149511813,0.9595201295355855,73.0,200,0,0.001825078644272526,0.005060570909475827,0.14176370948553085,0.9910875856876373,0.14164262264966965,-1.8134713172912598e-05,0.0005460064858198166,0.0004812857136130333,0.0018333174082899072,0.006911119348641456,0.48125,0.0022486448287963867,-123.99671322925226,123.99671322925226,0.8229166666666666,pool=bf16_values_sequential_acc_bf16,score=bf16_values_sequential_rank1_acc_bf16
R4L,17,0.95,"repr=bf16, pool=bf16/low, score=bf16/low",bf16_acc_bf16,bf16,native,1440,0.9496192149970709,0.035975432358720694,0.8852720222460814,0.9741586538461539,0.9997474250679081,0.00262451171875,0.58203125,0.671875,0.9797739440809042,0.9437833205748025,60.0,172,0,0.002857551615935367,0.005381447892399038,0.22782524675130844,0.9775631129741669,0.22790737450122833,2.9481947422027588e-05,0.0008918466046452522,0.000869983434677124,0.002053764046245809,0.00772264735725757,0.5277777777777778,0.003127254545688629,106.07354056103108,106.07354056103108,0.8395833333333333,pool=bf16_values_sequential_acc_bf16,score=bf16_values_sequential_rank1_acc_bf16
R4L,18,0.8,"repr=bf16, pool=bf16/low, score=bf16/low",bf16_acc_bf16,bf16,native,1440,0.9740590323035679,0.01248458436688471,0.9532864850273851,0.9868590716019418,0.9996401862112003,0.00528717041015625,0.84375,1.353515625,0.9868138492257845,0.9672473607639795,102.0,217,0,0.0010248487727830477,0.004529871301065827,0.22001919895410538,0.9807268381118774,0.2202441394329071,-0.00019987672567367554,0.0007317028939723969,0.0005414426326751709,0.0018166468825571657,0.006564734592472669,0.3472222222222222,0.001795504242181778,-8.983058113095016,8.983058113095016,0.7125,pool=bf16_values_sequential_acc_bf16,score=bf16_values_sequential_rank1_acc_bf16
R4L,18,0.9,"repr=bf16, pool=bf16/low, score=bf16/low",bf16_acc_bf16,bf16,native,1440,0.964870848708487,0.029457263579550697,0.910173626058258,0.9821213942307693,0.9996401862112003,0.003631591796875,0.705078125,0.9296875,0.9844961240310077,0.9572153201499669,82.0,219,0,0.0018098458916863697,0.0051624221130145065,0.3497931659221649,0.9532192647457123,0.3500274121761322,-0.00016262009739875793,0.0011718235909938812,0.0010398328304290771,0.0018191778831190624,0.006063934987169747,0.40625,0.0018245428800582886,-11.219664169701968,11.219664169701968,0.7090277777777778,pool=bf16_values_sequential_acc_bf16,score=bf16_values_sequential_rank1_acc_bf16
R4L,18,0.95,"repr=bf16, pool=bf16/low, score=bf16/low",bf16_acc_bf16,bf16,native,1440,0.9360093077370564,0.040394504564853606,0.863642727145457,0.9669471153846154,0.9996401862112003,0.00335693359375,0.68359375,0.859375,0.9765404602821084,0.927599189110918,81.0,197,0,0.0022912665288762893,0.006034455848294465,0.5332649946212769,0.8951080143451691,0.5342652797698975,-9.21785831451416e-05,0.001918017864227295,0.0018901228904724121,0.001917090346426968,0.006156683128058872,0.4673611111111111,0.0038672760128974915,-41.954170708050434,41.954170708050434,0.7409722222222223,pool=bf16_values_sequential_acc_bf16,score=bf16_values_sequential_rank1_acc_bf16
R4L,19,0.8,"repr=bf16, pool=bf16/low, score=bf16/low",bf16_acc_bf16,bf16,native,1440,0.9740220849709901,0.014705957504057898,0.9452492896819672,0.986840109223301,0.9990991995474241,0.0052947998046875,0.83984375,1.35546875,0.9876375697271219,0.9701135684399282,103.0,219,0,0.0011687916847368434,0.005305797118810078,0.10219771414995193,0.995856523513794,0.10232561081647873,-6.113201379776001e-05,0.00036208704113960266,0.00022049248218536377,0.0015983594911770556,0.00961163972963177,0.3763888888888889,0.001684620976448059,-27.557099329677026,27.557099329677026,0.71875,pool=bf16_values_sequential_acc_bf16,score=bf16_values_sequential_rank1_acc_bf16
R4L,19,0.9,"repr=bf16, pool=bf16/low, score=bf16/low",bf16_acc_bf16,bf16,native,1440,0.9592317315475752,0.027780670828738585,0.9142595339736118,0.9791917067307693,0.9990991995474241,0.0042266845703125,0.765625,1.08203125,0.9846440551621319,0.9548441599091879,95.0,217,0,0.0017788212068432685,0.006203969013153535,0.16179833561182022,0.9892995059490204,0.16218668222427368,-8.159130811691284e-05,0.0005385950207710266,0.0004548743367195129,0.0017740296756940973,0.007608125397220751,0.41597222222222224,0.0018099993467330933,-22.18372751346909,22.18372751346909,0.7166666666666667,pool=bf16_values_sequential_acc_bf16,score=bf16_values_sequential_rank1_acc_bf16
R4L,19,0.95,"repr=bf16, pool=bf16/low, score=bf16/low",bf16_acc_bf16,bf16,native,1440,0.9294151851455053,0.04473654744646194,0.8717660292463443,0.9634164663461539,0.9990991995474241,0.00371551513671875,0.72265625,0.951171875,0.9771275805732957,0.9225880993645291,88.0,196,0,0.002367991295357783,0.006656184254364181,0.243482768535614,0.9761143624782562,0.24424979090690613,-7.684528827667236e-05,0.0010668132454156876,0.0009140759706497192,0.002077729655596955,0.007280207245662448,0.4465277777777778,0.002987191081047058,-38.872794260228815,38.872794260228815,0.7541666666666667,pool=bf16_values_sequential_acc_bf16,score=bf16_values_sequential_rank1_acc_bf16
R4L,2,0.8,"repr=bf16, pool=bf16/low, score=bf16/low",bf16_acc_bf16,bf16,native,1440,0.965158093507013,0.011087763794006888,0.9513783533765032,0.9822701759708738,0.9995021365429122,0.00713348388671875,0.91796875,1.826171875,0.9712918660287081,0.9570993839530914,86.0,198,0,0.0009751327048517261,0.005998885081296561,0.05220423825085163,0.9986945390701294,0.05215287208557129,4.6841101720929146e-05,0.0003553705755621195,0.0007859669625759125,0.0034708084736149044,0.01850535716350456,0.6076388888888888,0.010347027331590652,220.89632718795514,220.89632718795514,0.7381944444444445,pool=bf16_values_sequential_acc_bf16,score=bf16_values_sequential_rank1_acc_bf16
R4L,2,0.9,"repr=bf16, pool=bf16/low, score=bf16/low",bf16_acc_bf16,bf16,native,1440,0.9534815467018857,0.019760117655705067,0.912059907213191,0.9761868990384616,0.9995021365429122,0.0048370361328125,0.80859375,1.23828125,0.9673390970220941,0.9442091426902293,81.0,195,0,0.0015467086815550966,0.006125123333178415,0.11154478415846825,0.9945367872714996,0.10970661789178848,0.0001699822023510933,0.0012609995901584625,0.003986614942550659,0.00535277399626558,0.041513806512484104,0.6368055555555555,0.00801163911819458,47.13222329974742,47.13222329974742,0.7111111111111111,pool=bf16_values_sequential_acc_bf16,score=bf16_values_sequential_rank1_acc_bf16
R4L,2,0.95,"repr=bf16, pool=bf16/low, score=bf16/low",bf16_acc_bf16,bf16,native,1440,0.936572592377073,0.03499914836807849,0.8481188393724836,0.9672475961538461,0.9995021365429122,0.003326416015625,0.6875,0.8515625,0.9567837718653536,0.9225880993645291,70.0,182,0,0.0023730480337720325,0.00600212080809687,0.24727904796600342,0.975852906703949,0.24632468074560165,0.00034940987825393677,0.002743024379014969,0.004453687369823456,0.006722383351047393,0.04488491496606872,0.6104166666666667,0.00696287676692009,19.92753267799646,19.92753267799646,0.7222222222222222,pool=bf16_values_sequential_acc_bf16,score=bf16_values_sequential_rank1_acc_bf16
R4L,20,0.8,"repr=bf16, pool=bf16/low, score=bf16/low",bf16_acc_bf16,bf16,native,1440,0.972692926345715,0.009974051944931506,0.9572119779544103,0.986157463592233,0.999690189190602,0.0055694580078125,0.8671875,1.42578125,0.9841228037172204,0.9663304691858274,83.0,220,0,0.0011714808078827621,0.005416074077874788,0.04316932521760464,0.999132364988327,0.043014874681830406,1.704879105091095e-05,0.000203622505068779,0.0002853762358427048,0.002257742383008171,0.017176073156911588,0.5694444444444444,0.011752582155168056,689.3498852835136,689.3498852835136,0.9354166666666667,pool=bf16_values_sequential_acc_bf16,score=bf16_values_sequential_rank1_acc_bf16
R4L,20,0.9,"repr=bf16, pool=bf16/low, score=bf16/low",bf16_acc_bf16,bf16,native,1440,0.9615412952184484,0.014725839469312163,0.9270341383119467,0.9803936298076923,0.999690189190602,0.0039825439453125,0.75,1.01953125,0.9803629872061886,0.9529800136302792,77.0,211,0,0.0018198550607557494,0.0058827024850540924,0.08489739894866943,0.9968664944171906,0.08442166447639465,9.673461318016052e-05,0.0005153552629053593,0.0010844558477401734,0.0032805253605739867,0.02612875695316482,0.6319444444444444,0.009308069944381714,96.22274425232025,96.22274425232025,0.9215277777777777,pool=bf16_values_sequential_acc_bf16,score=bf16_values_sequential_rank1_acc_bf16
R4L,20,0.95,"repr=bf16, pool=bf16/low, score=bf16/low",bf16_acc_bf16,bf16,native,1440,0.9427904261529481,0.022870338252665934,0.8698992920302693,0.9705528846153846,0.999690189190602,0.00299072265625,0.640625,0.765625,0.9733175214942188,0.9315147997678468,67.0,201,0,0.0026231938438412736,0.005959876586426965,0.1559484302997589,0.989458292722702,0.15579777210950851,0.00020789355039596558,0.0010381825268268585,0.0017392512410879136,0.003881586158264915,0.026224499774860282,0.6097222222222223,0.010144531726837158,48.79676020499588,48.79676020499588,0.9034722222222222,pool=bf16_values_sequential_acc_bf16,score=bf16_values_sequential_rank1_acc_bf16
R4L,21,0.8,"repr=bf16, pool=bf16/low, score=bf16/low",bf16_acc_bf16,bf16,native,1440,0.97066572068572,0.011358662951205578,0.9490452748558071,0.9851145327669903,0.9995841792883886,0.00598907470703125,0.8828125,1.533203125,0.9827054665764343,0.9641699877090394,101.0,214,0,0.001021631844806433,0.005230079573694261,0.07181362062692642,0.9978709518909454,0.07172318547964096,-1.5534460544586182e-06,0.000261716078966856,0.00037885885685682295,0.0021849036763439723,0.010231754592411386,0.48819444444444443,0.008402634412050247,-5409.028776978417,5409.028776978417,0.8423611111111111,pool=bf16_values_sequential_acc_bf16,score=bf16_values_sequential_rank1_acc_bf16
R4L,21,0.9,"repr=bf16, pool=bf16/low, score=bf16/low",bf16_acc_bf16,bf16,native,1440,0.9638563103931548,0.01940450089057766,0.9226853059686313,0.9815955528846154,0.9995841792883886,0.0037384033203125,0.7265625,0.95703125,0.9809523809523809,0.9559212459594475,75.0,213,0,0.0017727054917591818,0.005667779855856579,0.1291694939136505,0.9931826889514923,0.12938550114631653,3.001932054758072e-05,0.0006537251174449921,0.000953424721956253,0.0024318099474567815,0.01756100498792388,0.5319444444444444,0.006383687257766724,212.65262308813948,212.65262308813948,0.8458333333333333,pool=bf16_values_sequential_acc_bf16,score=bf16_values_sequential_rank1_acc_bf16
R4L,21,0.95,"repr=bf16, pool=bf16/low, score=bf16/low",bf16_acc_bf16,bf16,native,1440,0.9433576642335766,0.02602570082157396,0.8673025669799411,0.9708533653846154,0.9995841792883886,0.002960205078125,0.63671875,0.7578125,0.9762470308788599,0.9340403893651025,65.0,201,0,0.002612945264455056,0.005948167991170289,0.22730115056037903,0.9788333177566528,0.22706419974565506,0.00013436377048492432,0.00122864730656147,0.0020919442176818848,0.0028503277390234303,0.01661694002305592,0.5715277777777777,0.008474186062812805,63.06898081401797,63.06898081401797,0.8388888888888889,pool=bf16_values_sequential_acc_bf16,score=bf16_values_sequential_rank1_acc_bf16
R4L,22,0.8,"repr=bf16, pool=bf16/low, score=bf16/low",bf16_acc_bf16,bf16,native,1440,0.9707761874509511,0.017368605126596215,0.9219254251658857,0.9851714199029126,0.9992873927053367,0.0059661865234375,0.8671875,1.52734375,0.9870384325546345,0.9658540222172519,126.0,232,0,0.0011157038518331771,0.005684657471623214,0.22544130682945251,0.9811145067214966,0.22563116997480392,-0.00013596564531326294,0.0007216036319732666,0.00038762167096138,0.0017694718773015828,0.0065604358191517125,0.3715277777777778,0.0009365007281303406,-6.887774672584799,6.887774672584799,0.6041666666666666,pool=bf16_values_sequential_acc_bf16,score=bf16_values_sequential_rank1_acc_bf16
R4L,22,0.9,"repr=bf16, pool=bf16/low, score=bf16/low",bf16_acc_bf16,bf16,native,1440,0.9558494057608888,0.03887445691094438,0.8701619884388684,0.9774263822115384,0.9992873927053367,0.00458526611328125,0.78515625,1.173828125,0.9843482149511813,0.9500476085841939,108.5,225,0,0.0018094427251882472,0.006631939958909549,0.34520627558231354,0.9602800905704498,0.34548625349998474,-0.00013528764247894287,0.001038762740790844,0.0007570236921310425,0.001599089819648234,0.005956361933704985,0.41041666666666665,0.0012764781713485718,-9.435290230201565,9.435290230201565,0.6173611111111111,pool=bf16_values_sequential_acc_bf16,score=bf16_values_sequential_rank1_acc_bf16
R4L,22,0.95,"repr=bf16, pool=bf16/low, score=bf16/low",bf16_acc_bf16,bf16,native,1440,0.9225880993645291,0.06114522155641833,0.8091258508184126,0.9597355769230769,0.9992873927053367,0.00408935546875,0.75,1.046875,0.9756604333630158,0.9159470351180196,101.0,211,0,0.002305216938581489,0.007463447128497103,0.46124376356601715,0.9258159399032593,0.4630487412214279,-0.00010772794485092163,0.0014032423496246338,0.0014567464590072633,0.0016194665512737172,0.005434306871262055,0.46111111111111114,0.002740994095802307,-25.443668303478802,25.443668303478802,0.6472222222222223,pool=bf16_values_sequential_acc_bf16,score=bf16_values_sequential_rank1_acc_bf16
R4L,23,0.8,"repr=bf16, pool=bf16/low, score=bf16/low",bf16_acc_bf16,bf16,native,1440,0.9637311487618693,0.02875601242071668,0.8956793996644995,0.9815306432038835,0.9993985740748297,0.0074310302734375,0.91015625,1.90234375,0.9860656046397771,0.960227483923726,144.0,249,0,0.0011040615132051996,0.007972657430115607,0.17073475569486618,0.9884822368621826,0.17098650336265564,-6.737932562828064e-05,0.0010082684457302094,0.000964982807636261,0.0030506833306052777,0.011774825489072702,0.4527777777777778,0.0015324465930461884,-22.743572731796316,22.743572731796316,0.6263888888888889,pool=bf16_values_sequential_acc_bf16,score=bf16_values_sequential_rank1_acc_bf16
R4L,23,0.9,"repr=bf16, pool=bf16/low, score=bf16/low",bf16_acc_bf16,bf16,native,1440,0.9442801355019831,0.04873087607867321,0.8349231449772201,0.9713416466346154,0.9993985740748297,0.00582122802734375,0.87109375,1.490234375,0.9813946565453598,0.9381938656334963,124.0,249,0,0.0016354864862931611,0.008151540256183393,0.2432132065296173,0.9760386347770691,0.2432529777288437,1.2639909982681274e-05,0.001568775624036789,0.0017710626125335693,0.0028570463810777625,0.012320525205207001,0.5027777777777778,0.001640036702156067,129.75066312997347,129.75066312997347,0.6173611111111111,pool=bf16_values_sequential_acc_bf16,score=bf16_values_sequential_rank1_acc_bf16
R4L,23,0.95,"repr=bf16, pool=bf16/low, score=bf16/low",bf16_acc_bf16,bf16,native,1440,0.9152579050268632,0.07329806447112186,0.7792034215450414,0.9557542067307692,0.9993985740748297,0.00449371337890625,0.8046875,1.150390625,0.9715639810426541,0.9052526119937025,111.0,238,0,0.002249836549869146,0.007686203533626703,0.34367527067661285,0.9498631656169891,0.34485964477062225,3.6776065826416016e-05,0.0021127015352249146,0.0022836834192276,0.0027700942453257648,0.010697204551047234,0.5131944444444444,0.0033662915229797363,91.53484602917342,91.53484602917342,0.6368055555555555,pool=bf16_values_sequential_acc_bf16,score=bf16_values_sequential_rank1_acc_bf16
R4L,24,0.8,"repr=bf16, pool=bf16/low, score=bf16/low",bf16_acc_bf16,bf16,native,1440,0.9755380328719908,0.012865030785288,0.9431813994620288,0.9876175667475728,0.9996872919459063,0.00498199462890625,0.82421875,1.275390625,0.986140403736065,0.9704816350932257,86.0,225,0,0.0010687708072312089,0.004530524270512702,0.19693045318126678,0.9870089888572693,0.1970265880227089,-0.0001025572419166565,0.0006710626184940338,0.00037442147731781006,0.0018077327483322352,0.006267173224460053,0.3861111111111111,0.0032895728945732117,-32.075481293134764,32.075481293134764,0.8013888888888889,pool=bf16_values_sequential_acc_bf16,score=bf16_values_sequential_rank1_acc_bf16
R4L,24,0.9,"repr=bf16, pool=bf16/low, score=bf16/low",bf16_acc_bf16,bf16,native,1440,0.9677026005215474,0.02812071796614013,0.9182800056384905,0.9835862379807693,0.9996872919459063,0.00333404541015625,0.6640625,0.853515625,0.9862727544016712,0.9634942318080644,66.0,205,0,0.002071762994593901,0.005192393430301143,0.32000815868377686,0.9671365916728973,0.3202587515115738,-0.0001534298062324524,0.0010750782676041126,0.000709959864616394,0.0017554467148494114,0.005874818611833798,0.4131944444444444,0.00269395112991333,-17.558199388141603,17.558199388141603,0.8013888888888889,pool=bf16_values_sequential_acc_bf16,score=bf16_values_sequential_rank1_acc_bf16
R4L,24,0.95,"repr=bf16, pool=bf16/low, score=bf16/low",bf16_acc_bf16,bf16,native,1440,0.9412322378082985,0.036749983829897026,0.8807439920062528,0.9697265625,0.9996872919459063,0.00307464599609375,0.6484375,0.787109375,0.9785969084423306,0.9355870694815557,77.0,186,0,0.0026755536679833967,0.0060697986275848916,0.4783736914396286,0.9270723462104797,0.47872452437877655,-0.00022250041365623474,0.0014934781938791275,0.001366102695465088,0.0017160553023606963,0.006291200600333972,0.40555555555555556,0.005463093519210815,-24.553183652284563,24.553183652284563,0.8430555555555556,pool=bf16_values_sequential_acc_bf16,score=bf16_values_sequential_rank1_acc_bf16
R4L,25,0.8,"repr=bf16, pool=bf16/low, score=bf16/low",bf16_acc_bf16,bf16,native,1440,0.9660372441450158,0.024543938745718252,0.9029885773118769,0.9827252730582524,0.9992884934309298,0.00695037841796875,0.8984375,1.779296875,0.9862152084667244,0.9610293023947643,110.0,237,0,0.0010529925474680435,0.005717725591509423,0.09204163029789925,0.9962918162345886,0.09177053347229958,-2.6941299438476562e-05,0.0003791060298681259,0.00032998919486999513,0.001932640658582291,0.008358007283385992,0.4423611111111111,0.0011233724653720856,-41.69704092920354,41.69704092920354,0.6826388888888889,pool=bf16_values_sequential_acc_bf16,score=bf16_values_sequential_rank1_acc_bf16
R4L,25,0.9,"repr=bf16, pool=bf16/low, score=bf16/low",bf16_acc_bf16,bf16,native,1440,0.9457010293819788,0.05305657881136794,0.853780810472079,0.9720928485576923,0.9992884934309298,0.00566864013671875,0.8359375,1.451171875,0.9806576402321083,0.9402419472380119,99.0,231,0,0.001484732904992317,0.006395445132238473,0.1561635062098503,0.9894221723079681,0.15654364228248596,3.3797696232795715e-05,0.0005952818319201469,0.0008895725011825561,0.0020106998922487253,0.007298734656802283,0.5368055555555555,0.0011712610721588135,34.655056489391015,34.655056489391015,0.6555555555555556,pool=bf16_values_sequential_acc_bf16,score=bf16_values_sequential_rank1_acc_bf16
R4L,25,0.95,"repr=bf16, pool=bf16/low, score=bf16/low",bf16_acc_bf16,bf16,native,1440,0.9291355800146586,0.07431073180204861,0.7943119018735678,0.9632662259615384,0.9992884934309298,0.00373077392578125,0.72265625,0.955078125,0.9759536885854238,0.922726954492318,94.0,217,0,0.0022182376496949815,0.006497595842212409,0.2307843193411827,0.9769166111946106,0.23056398332118988,1.2740492820739746e-05,0.0011988282203674316,0.001429477334022522,0.002505940473690609,0.009059135954511613,0.5076388888888889,0.0013469010591506958,105.71812865497076,105.71812865497076,0.6625,pool=bf16_values_sequential_acc_bf16,score=bf16_values_sequential_rank1_acc_bf16
R4L,26,0.8,"repr=bf16, pool=bf16/low, score=bf16/low",bf16_acc_bf16,bf16,native,1440,0.9650848664433173,0.024063509718909692,0.908688021864849,0.9822322512135921,0.9996262433082028,0.00714874267578125,0.92578125,1.830078125,0.9826681962755475,0.9594991268160369,134.0,249,0,0.0010863071566934,0.007016396233493401,0.04004253074526787,0.9992496371269226,0.04000944457948208,3.28761525452137e-05,0.00021888921037316322,0.00036168191581964493,0.0027037187839113112,0.016177284477941138,0.5861111111111111,0.002522250171750784,76.71974901205365,76.71974901205365,0.7368055555555556,pool=bf16_values_sequential_acc_bf16,score=bf16_values_sequential_rank1_acc_bf16
R4L,26,0.9,"repr=bf16, pool=bf16/low, score=bf16/low",bf16_acc_bf16,bf16,native,1440,0.9514769478853624,0.036975739869820834,0.8599907088610028,0.9751352163461539,0.9996262433082028,0.0050506591796875,0.83203125,1.29296875,0.9790381327584925,0.9457721259957612,107.0,239,0,0.0017405946812549151,0.0077547445191244735,0.07920616865158081,0.9970718324184418,0.07915513589978218,6.733834743499756e-05,0.000490172766149044,0.0006691943854093552,0.0034374912918565346,0.015053705682988245,0.5951388888888889,0.0018019042909145355,26.75896215976986,26.75896215976986,0.7166666666666667,pool=bf16_values_sequential_acc_bf16,score=bf16_values_sequential_rank1_acc_bf16
R4L,26,0.95,"repr=bf16, pool=bf16/low, score=bf16/low",bf16_acc_bf16,bf16,native,1440,0.9184320507277706,0.056179611603977,0.8028046954714065,0.9574819711538461,0.9996262433082028,0.0043182373046875,0.78515625,1.10546875,0.9706883789785344,0.9094886421107098,102.0,236,0,0.002383445011842065,0.00834665590961978,0.14403080940246582,0.9904847145080566,0.14319847524166107,0.00013586506247520447,0.0011822301894426346,0.001536472886800766,0.004316661476644102,0.01948824004621868,0.5791666666666667,0.00246347114443779,18.131748512516793,18.131748512516793,0.7,pool=bf16_values_sequential_acc_bf16,score=bf16_values_sequential_rank1_acc_bf16
R4L,27,0.8,"repr=bf16, pool=bf16/low, score=bf16/low",bf16_acc_bf16,bf16,native,1440,0.9613939822218917,0.018264400107817935,0.9046483953643323,0.9803170509708737,0.9996190650990286,0.0079193115234375,0.94140625,2.02734375,0.9721765145848915,0.9498631960363825,113.0,238,0,0.0011012731339839973,0.007842979778199706,0.022099941037595272,0.9997662901878357,0.021861422806978226,6.542331539094448e-05,0.00029904849361628294,0.0006074251607060433,0.004292933709200655,0.029504458823142055,0.6819444444444445,0.006978332065045834,106.664298856547,106.664298856547,0.8034722222222223,pool=bf16_values_sequential_acc_bf16,score=bf16_values_sequential_rank1_acc_bf16
R4L,27,0.9,"repr=bf16, pool=bf16/low, score=bf16/low",bf16_acc_bf16,bf16,native,1440,0.9516199970678786,0.020014365232381426,0.8925153099675909,0.9752103365384616,0.9996190650990286,0.005035400390625,0.8359375,1.2890625,0.9699593044765076,0.9405247813411078,96.0,237,0,0.0017842289372950698,0.007263141319815785,0.046907056123018265,0.9989495873451233,0.046770647168159485,0.00014018546789884567,0.0007164841517806053,0.001200682669878006,0.005367881939120713,0.038400287448463875,0.6236111111111111,0.004950689151883125,35.315280721218684,35.315280721218684,0.7923611111111111,pool=bf16_values_sequential_acc_bf16,score=bf16_values_sequential_rank1_acc_bf16
R4L,27,0.95,"repr=bf16, pool=bf16/low, score=bf16/low",bf16_acc_bf16,bf16,native,1440,0.9259259259259259,0.04441113329810553,0.831540160069942,0.9615384615384616,0.9996190650990286,0.00390625,0.7421875,1.0,0.9602414960977764,0.9098995695839311,88.0,218,0,0.002517764065124597,0.007142444203408639,0.10102668404579163,0.9953055679798126,0.10148809105157852,0.0004027262330055237,0.001628340221941471,0.0035163219086825847,0.0065787989892968,0.047293568603344494,0.6541666666666667,0.005260966718196869,13.0633822359536,13.0633822359536,0.7722222222222223,pool=bf16_values_sequential_acc_bf16,score=bf16_values_sequential_rank1_acc_bf16
R4L,28,0.8,"repr=bf16, pool=bf16/low, score=bf16/low",bf16_acc_bf16,bf16,native,1440,0.9605554219834486,0.017264322448493075,0.9244397616368749,0.9798809162621359,0.9985755605239097,0.00809478759765625,0.9453125,2.072265625,0.9691204756410712,0.9484583701759665,115.0,240,0,0.0010356278964648536,0.007642299365509049,0.042254216969013214,0.9992140233516693,0.04247376136481762,1.721782609820366e-07,0.0003355426306370646,0.0008541792631149292,0.004107184867650451,0.0454313620800332,0.5118055555555555,0.008054070174694061,46777.509127789046,46777.509127789046,0.7527777777777778,pool=bf16_values_sequential_acc_bf16,score=bf16_values_sequential_rank1_acc_bf16
R4L,28,0.9,"repr=bf16, pool=bf16/low, score=bf16/low",bf16_acc_bf16,bf16,native,1440,0.9450613676212741,0.030884864584131533,0.8620786123933417,0.9717548076923077,0.9985755605239097,0.0057373046875,0.87890625,1.46875,0.9572153201499669,0.9261349274615265,99.0,231,0,0.001466299370716065,0.0073363622867446045,0.08172211423516273,0.9970154464244843,0.0810529850423336,9.03161708265543e-06,0.0008394420146942139,0.0019827395677566527,0.005793448527295037,0.03730374975411592,0.5340277777777778,0.0063457973301410675,702.6202807388407,702.6202807388407,0.7416666666666667,pool=bf16_values_sequential_acc_bf16,score=bf16_values_sequential_rank1_acc_bf16
R4L,28,0.95,"repr=bf16, pool=bf16/low, score=bf16/low",bf16_acc_bf16,bf16,native,1440,0.9334785766158316,0.027195897552968584,0.7933450087565674,0.9655949519230769,0.9985755605239097,0.0034942626953125,0.703125,0.89453125,0.9524787327662071,0.9109962675854149,76.0,208,0,0.0023794839233161006,0.00676982858498828,0.12375204265117645,0.9928704798221588,0.12025351077318192,0.00010233372449874878,0.0019995979964733124,0.004158681631088257,0.007810409097010312,0.06340078597721613,0.5604166666666667,0.004455786198377609,43.541718238077905,43.541718238077905,0.7173611111111111,pool=bf16_values_sequential_acc_bf16,score=bf16_values_sequential_rank1_acc_bf16
R4L,29,0.8,"repr=bf16, pool=bf16/low, score=bf16/low",bf16_acc_bf16,bf16,native,1440,0.9654876821586971,0.017738090064406187,0.9304417222803021,0.9824408373786407,0.9991463291548226,0.0070648193359375,0.921875,1.80859375,0.9729881402222306,0.9543433172408096,96.0,231,0,0.0010768680805940995,0.007221620838515004,0.04172934778034687,0.9992672204971313,0.04206980764865875,1.974310725927353e-05,0.00022926926612854004,0.0003988245502114296,0.002494871593683225,0.02388114464969967,0.6020833333333333,0.005031852051615715,254.86626727675835,254.86626727675835,0.6902777777777778,pool=bf16_values_sequential_acc_bf16,score=bf16_values_sequential_rank1_acc_bf16
R4L,29,0.9,"repr=bf16, pool=bf16/low, score=bf16/low",bf16_acc_bf16,bf16,native,1440,0.9511909124221326,0.022262516559021894,0.8919706387491504,0.9749849759615384,0.9991463291548226,0.0050811767578125,0.84375,1.30078125,0.9653785137320315,0.9377001455604076,89.0,224,0,0.0016418389556974973,0.007211483628482876,0.09421992674469948,0.9961523115634918,0.09212076663970947,3.111502155661583e-05,0.000566807109862566,0.0013059429824352265,0.0028771543377106366,0.04089968824430502,0.5458333333333333,0.003530498594045639,113.4660500755773,113.4660500755773,0.7083333333333334,pool=bf16_values_sequential_acc_bf16,score=bf16_values_sequential_rank1_acc_bf16
R4L,29,0.95,"repr=bf16, pool=bf16/low, score=bf16/low",bf16_acc_bf16,bf16,native,1440,0.9334785766158316,0.03969601630917163,0.846286153468089,0.9655949519230769,0.9991463291548226,0.0034942626953125,0.701171875,0.89453125,0.9611078373600471,0.918985152083033,77.0,217,0,0.002597425568418233,0.006998470046699713,0.18206418305635452,0.9850372672080994,0.17651661485433578,0.00016745179891586304,0.0017045959830284119,0.004331956803798676,0.004183011911243286,0.06089838606693086,0.5868055555555556,0.0044476911425590515,26.561023359288097,26.561023359288097,0.6861111111111111,pool=bf16_values_sequential_acc_bf16,score=bf16_values_sequential_rank1_acc_bf16
R4L,3,0.8,"repr=bf16, pool=bf16/low, score=bf16/low",bf16_acc_bf16,bf16,native,1440,0.9697088545910073,0.016660690787972943,0.9349607262479689,0.9846215109223301,0.9995946910332956,0.00618743896484375,0.8828125,1.583984375,0.9841974565430055,0.9639505437211381,98.0,239,0,0.0010217019164659247,0.005551208300975314,0.10337276384234428,0.9957457184791565,0.10347070917487144,2.6203691959381104e-05,0.0002858731895685196,0.0005141839385032654,0.0014904347883378465,0.014492298340720897,0.5576388888888889,0.002132400870323181,81.37787887404038,81.37787887404038,0.6361111111111111,pool=bf16_values_sequential_acc_bf16,score=bf16_values_sequential_rank1_acc_bf16
R4L,3,0.9,"repr=bf16, pool=bf16/low, score=bf16/low",bf16_acc_bf16,bf16,native,1440,0.9521924035782373,0.027689985214566004,0.8922328516385093,0.9755108173076923,0.9995946910332956,0.004974365234375,0.82421875,1.2734375,0.9797739440809042,0.9454877603215199,93.5,226,0,0.001494230728168438,0.006109883525167052,0.1979510337114334,0.9847832024097443,0.1980890929698944,0.000122755765914917,0.0007024700753390789,0.0011495828628540039,0.0018477398471136621,0.016514588243345056,0.6229166666666667,0.0020129457116127014,16.397972808934206,16.397972808934206,0.6104166666666667,pool=bf16_values_sequential_acc_bf16,score=bf16_values_sequential_rank1_acc_bf16
R4L,3,0.95,"repr=bf16, pool=bf16/low, score=bf16/low",bf16_acc_bf16,bf16,native,1440,0.9327767796958601,0.032720893616129065,0.8483113338966979,0.9652193509615384,0.9995946910332956,0.00353240966796875,0.6953125,0.904296875,0.9736100815418829,0.9249512066500307,71.0,224,0,0.002296914723062984,0.006102624464268231,0.3201204538345337,0.958554744720459,0.31914031505584717,0.00036929547786712646,0.0016568824648857117,0.0027126558125019073,0.002875710818718891,0.017057212309412994,0.6298611111111111,0.002442590892314911,6.614191179437517,6.614191179437517,0.60625,pool=bf16_values_sequential_acc_bf16,score=bf16_values_sequential_rank1_acc_bf16
R4L,4,0.8,"repr=bf16, pool=bf16/low, score=bf16/low",bf16_acc_bf16,bf16,native,1440,0.9730619574977551,0.012463117745984742,0.9344142029198151,0.9863470873786407,0.9997539681388747,0.0054931640625,0.85546875,1.40625,0.9859908111772238,0.9679080528397641,93.0,223,0,0.0010073140883837023,0.004739920154079173,0.08497687056660652,0.9969976544380188,0.08500685170292854,2.2368505597114563e-05,0.00023848237469792366,0.0003839237615466118,0.0011948482555782514,0.005883710578972143,0.5847222222222223,0.001619528979063034,72.40219835123658,72.40219835123658,0.6180555555555556,pool=bf16_values_sequential_acc_bf16,score=bf16_values_sequential_rank1_acc_bf16
R4L,4,0.9,"repr=bf16, pool=bf16/low, score=bf16/low",bf16_acc_bf16,bf16,native,1440,0.9614690415977316,0.018466033865886522,0.908920464646885,0.9803560697115384,0.9997539681388747,0.00399017333984375,0.74609375,1.021484375,0.9834612232734858,0.9556339062729543,81.0,225,0,0.0016434988917354918,0.005327891262917909,0.1569211333990097,0.9898387491703033,0.15634403377771378,8.820067159831524e-05,0.0006039859727025032,0.0010647758841514587,0.0015593614812549578,0.008410321999151413,0.6097222222222223,0.0017489567399024963,19.829290505492068,19.829290505492068,0.6055555555555555,pool=bf16_values_sequential_acc_bf16,score=bf16_values_sequential_rank1_acc_bf16
R4L,4,0.95,"repr=bf16, pool=bf16/low, score=bf16/low",bf16_acc_bf16,bf16,native,1440,0.9393939393939394,0.018653884697305778,0.8815148956054545,0.96875,0.9997539681388747,0.003173828125,0.6484375,0.8125,0.9774212715389186,0.9329170901698853,73.0,205,0,0.002550563807124719,0.005729929388889058,0.2780241221189499,0.9680783748626709,0.2777513563632965,0.0002382919192314148,0.001391371712088585,0.0023948311805725097,0.002309026467728588,0.010485892835488297,0.6375,0.002521790564060211,10.582778350998968,10.582778350998968,0.6034722222222222,pool=bf16_values_sequential_acc_bf16,score=bf16_values_sequential_rank1_acc_bf16
R4L,5,0.8,"repr=bf16, pool=bf16/low, score=bf16/low",bf16_acc_bf16,bf16,native,1440,0.9745394638310618,0.010355558676995225,0.955640601116895,0.9871055825242718,0.9997531885609477,0.00518798828125,0.83984375,1.328125,0.9844961240310077,0.9673941428837903,77.5,203,0,0.0010286650046969095,0.00475062978313745,0.059230007231235504,0.9984099566936493,0.05952277220785618,1.5457626432180405e-05,0.00020112283527851105,0.00029426999390125275,0.0015284777062453043,0.012787358647752826,0.5576388888888889,0.007470322772860527,483.27748154842595,483.27748154842595,0.7694444444444445,pool=bf16_values_sequential_acc_bf16,score=bf16_values_sequential_rank1_acc_bf16
R4L,5,0.9,"repr=bf16, pool=bf16/low, score=bf16/low",bf16_acc_bf16,bf16,native,1440,0.9624087860249134,0.013435371527010798,0.9344619632347598,0.9808443509615384,0.9997531885609477,0.0038909912109375,0.74609375,0.99609375,0.9808049996280038,0.9546288818735775,73.0,176,0,0.0016796254034311265,0.005137207774163626,0.11748441308736801,0.993825227022171,0.11728434637188911,3.3099204301834106e-05,0.0004778709262609482,0.000718652456998825,0.0018565960142766875,0.015915993369010204,0.5451388888888888,0.006449244916439056,194.84592009003939,194.84592009003939,0.7638888888888888,pool=bf16_values_sequential_acc_bf16,score=bf16_values_sequential_rank1_acc_bf16
R4L,5,0.95,"repr=bf16, pool=bf16/low, score=bf16/low",bf16_acc_bf16,bf16,native,1440,0.9484777517564403,0.01796527248666635,0.9203554523058847,0.9735576923076923,0.9997531885609477,0.002685546875,0.58203125,0.6875,0.9774212715389186,0.9396765263004517,59.0,131,0,0.0028796782947025086,0.005374808812751664,0.23070618510246277,0.9791277945041656,0.2301275059580803,0.00016359984874725342,0.0011804774403572083,0.0016146585345268249,0.0024604521032775117,0.018795521294271693,0.5784722222222223,0.005515769124031067,33.71500136624465,33.71500136624465,0.7590277777777777,pool=bf16_values_sequential_acc_bf16,score=bf16_values_sequential_rank1_acc_bf16
R4L,6,0.8,"repr=bf16, pool=bf16/low, score=bf16/low",bf16_acc_bf16,bf16,native,1440,0.9757230630900644,0.018374426467179128,0.9426803212259633,0.9877123786407767,0.9998326342449901,0.00494384765625,0.8203125,1.265625,0.9899626429191352,0.9722133928622128,112.0,226,0,0.001083377905104283,0.004772992620614684,0.15004033595323563,0.9910527169704437,0.15002138167619705,1.0192394256591797e-05,0.00027502188459038734,0.0003815479576587677,0.0008904230085932353,0.0060241784685202155,0.525,0.0003138035535812378,30.788011695906434,30.788011695906434,0.5604166666666667,pool=bf16_values_sequential_acc_bf16,score=bf16_values_sequential_rank1_acc_bf16
R4L,6,0.9,"repr=bf16, pool=bf16/low, score=bf16/low",bf16_acc_bf16,bf16,native,1440,0.95656807172122,0.024374662552063664,0.9059345694036797,0.9778019831730769,0.9998326342449901,0.00450897216796875,0.7890625,1.154296875,0.9859764284648664,0.9529083840680701,107.0,212,0,0.001504692866275636,0.005815699852094866,0.25205570459365845,0.9749239087104797,0.25190621614456177,2.5130808353424072e-05,0.0005345866084098816,0.000815919041633606,0.0010592229532420047,0.006042973352103572,0.5222222222222223,0.0002995133399963379,11.918173732582272,11.918173732582272,0.5291666666666667,pool=bf16_values_sequential_acc_bf16,score=bf16_values_sequential_rank1_acc_bf16
R4L,6,0.95,"repr=bf16, pool=bf16/low, score=bf16/low",bf16_acc_bf16,bf16,native,1440,0.9270411117544876,0.03879685270654132,0.8550595400363076,0.9621394230769231,0.9998326342449901,0.00384521484375,0.73046875,0.984375,0.9797739440809042,0.9202308069595981,92.0,199,0,0.002232382565806796,0.0063343565361509944,0.3634176403284073,0.9495206475257874,0.36318209767341614,0.00016915053129196167,0.0011714696884155273,0.002007654309272766,0.0016147963813799245,0.00782377543113531,0.5895833333333333,0.00038142502307891846,2.254944280491565,2.254944280491565,0.5090277777777777,pool=bf16_values_sequential_acc_bf16,score=bf16_values_sequential_rank1_acc_bf16
R4L,7,0.8,"repr=bf16, pool=bf16/low, score=bf16/low",bf16_acc_bf16,bf16,native,1440,0.9762413340828181,0.01756425947213547,0.9400217801521826,0.9879778519417476,0.9997471586315754,0.0048370361328125,0.810546875,1.23828125,0.9884619735304099,0.9721396390657526,99.0,218,0,0.0011245869807741907,0.004771049147373942,0.10381732881069183,0.995506227016449,0.10421862453222275,5.558133125305176e-06,0.00020066648721694946,0.00023465603590011597,0.0009581849297010522,0.005555060456455591,0.5215277777777778,0.0008490700274705887,152.7617292225201,152.7617292225201,0.6465277777777778,pool=bf16_values_sequential_acc_bf16,score=bf16_values_sequential_rank1_acc_bf16
R4L,7,0.9,"repr=bf16, pool=bf16/low, score=bf16/low",bf16_acc_bf16,bf16,native,1440,0.960963393975105,0.027569776442297744,0.9068901303538176,0.9800931490384616,0.9997471586315754,0.0040435791015625,0.7578125,1.03515625,0.984939983598002,0.9569276001470047,89.0,204,0,0.0016995707608920237,0.00601101290303452,0.17970234900712967,0.9866175353527069,0.17978644371032715,-2.9742717742919922e-05,0.0004973122850060463,0.0005158603191375733,0.0013810950168409643,0.00746541386745673,0.4652777777777778,0.001040291041135788,-34.97632765531062,34.97632765531062,0.6298611111111111,pool=bf16_values_sequential_acc_bf16,score=bf16_values_sequential_rank1_acc_bf16
R4L,7,0.95,"repr=bf16, pool=bf16/low, score=bf16/low",bf16_acc_bf16,bf16,native,1440,0.9333381846192721,0.03944558893881289,0.8662554324968458,0.9655198317307692,0.9997471586315754,0.00350189208984375,0.6953125,0.896484375,0.9785969084423306,0.9281575898030128,78.5,192,0,0.0024841008644488783,0.006604539140086333,0.2798914909362793,0.968898594379425,0.2800709903240204,-7.940828800201416e-05,0.0009924322366714478,0.0011118486523628234,0.0018374475663432786,0.008079540371154492,0.45902777777777776,0.0014563053846359253,-18.339463313942577,18.339463313942577,0.625,pool=bf16_values_sequential_acc_bf16,score=bf16_values_sequential_rank1_acc_bf16
R4L,8,0.8,"repr=bf16, pool=bf16/low, score=bf16/low",bf16_acc_bf16,bf16,native,1440,0.9770192512897753,0.009703492224883425,0.9632925058635197,0.9883760618932038,0.9997538404816759,0.00467681884765625,0.80078125,1.197265625,0.9876375697271219,0.9712918660287081,81.0,197,0,0.001141075688975835,0.004446915418447337,0.07929687201976776,0.9973006844520569,0.0791393406689167,-8.502975106239319e-06,0.00019311904907226562,0.0002303279936313629,0.001066417468764248,0.005716386024944963,0.4756944444444444,0.0013353042304515839,-157.03964950711938,157.03964950711938,0.6395833333333333,pool=bf16_values_sequential_acc_bf16,score=bf16_values_sequential_rank1_acc_bf16
R4L,8,0.9,"repr=bf16, pool=bf16/low, score=bf16/low",bf16_acc_bf16,bf16,native,1440,0.9602414960977764,0.014135846127519835,0.938829012525488,0.9797175480769231,0.9997538404816759,0.004119873046875,0.76171875,1.0546875,0.9833134684147795,0.9542701975162122,86.0,168,0,0.0016686409807018686,0.00558148044775187,0.1315578669309616,0.992526650428772,0.1318766251206398,-1.1729076504707336e-05,0.0004551718011498451,0.0004811137914657593,0.0013956661232597247,0.007229341677413395,0.4722222222222222,0.0015979520976543427,-136.23852628235667,136.23852628235667,0.6340277777777777,pool=bf16_values_sequential_acc_bf16,score=bf16_values_sequential_rank1_acc_bf16
R4L,8,0.95,"repr=bf16, pool=bf16/low, score=bf16/low",bf16_acc_bf16,bf16,native,1440,0.9402419472380119,0.028492981612919355,0.897093509785481,0.9692007211538461,0.9997538404816759,0.0031280517578125,0.65234375,0.80078125,0.9780089153046062,0.9338999157749394,70.5,162,0,0.002517139782585726,0.006017971275545037,0.21836752444505692,0.9801491796970367,0.21833015233278275,-2.393871545791626e-05,0.0008986275643110275,0.0008892357349395752,0.0018845929926469464,0.007630922939784922,0.4847222222222222,0.0020916182547807693,-87.37387177093059,87.37387177093059,0.6527777777777778,pool=bf16_values_sequential_acc_bf16,score=bf16_values_sequential_rank1_acc_bf16
R4L,9,0.8,"repr=bf16, pool=bf16/low, score=bf16/low",bf16_acc_bf16,bf16,native,1440,0.9777977797779778,0.009712954487369196,0.9591169591787022,0.9887742718446602,0.9997771505264128,0.0045166015625,0.7890625,1.15625,0.9887244279720626,0.9733572818440354,81.0,218,0,0.0011975225548816729,0.004416032322486956,0.134153313934803,0.9923824369907379,0.13423114269971848,-2.4590641260147095e-05,0.0002563539892435074,0.0002821147441864014,0.0010231044621242431,0.004522858862530958,0.4326388888888889,0.0008088573813438416,-32.89289501590668,32.89289501590668,0.6569444444444444,pool=bf16_values_sequential_acc_bf16,score=bf16_values_sequential_rank1_acc_bf16
R4L,9,0.9,"repr=bf16, pool=bf16/low, score=bf16/low",bf16_acc_bf16,bf16,native,1440,0.9621195371803375,0.021071457307691888,0.9285696181205669,0.9806941105769231,0.9997771505264128,0.0039215087890625,0.740234375,1.00390625,0.986124580380455,0.9585111078416949,86.0,198,0,0.0018730725285764594,0.005708177705879105,0.21717388927936554,0.9811645448207855,0.21634960919618607,-1.5523284673690796e-05,0.00046259723603725433,0.0005632489919662476,0.001132874043882193,0.0040159761892683225,0.47638888888888886,0.0009883753955364227,-63.67050635949124,63.67050635949124,0.6611111111111111,pool=bf16_values_sequential_acc_bf16,score=bf16_values_sequential_rank1_acc_bf16
R4L,9,0.95,"repr=bf16, pool=bf16/low, score=bf16/low",bf16_acc_bf16,bf16,native,1440,0.940807697915148,0.03499563506414316,0.8839246615026468,0.9695012019230769,0.9997771505264128,0.0030975341796875,0.640625,0.79296875,0.9800684218354901,0.9361501084139827,76.0,184,0,0.002581033105355567,0.006188790776693327,0.3044358491897583,0.9632861912250519,0.3046976178884506,7.651746273040771e-06,0.0009155198931694031,0.001109197735786438,0.0014874929697264714,0.004784549649141208,0.5076388888888889,0.0016769319772720337,219.15676728334955,219.15676728334955,0.6826388888888889,pool=bf16_values_sequential_acc_bf16,score=bf16_values_sequential_rank1_acc_bf16
R5,0,0.8,"repr=nvfp4, pool=bf16/native, score=bf16/native",bf16_acc_fp32,nvfp4,native,1440,0.9646456186382751,0.01449274585206406,0.9416289221276554,0.9820047026699029,0.9997384809151066,0.00724029541015625,0.9140625,1.853515625,0.9646822144400566,0.9944782723800158,102.0,220,0,0.0011201339456768822,0.007155185757663924,0.07038362696766853,0.9978975057601929,0.07027759402990341,2.0093051716685295e-05,0.0006541210459545255,0.0009645700454711914,0.004302780889920862,0.05034952461429541,0.5569444444444445,7.993169128894806e-05,3.978076223362959,3.978076223362959,0.5388888888888889,pool=bf16_values_torch_sum_acc_fp32,score=bf16_values_torch_matmul_acc_fp32
R5,0,0.9,"repr=nvfp4, pool=bf16/native, score=bf16/native",bf16_acc_fp32,nvfp4,native,1440,0.9530516431924883,0.0235307210231942,0.9177273106324989,0.9759615384615384,0.9997384809151066,0.0048828125,0.810546875,1.25,0.9540550458715596,0.9902818270165209,99.0,226,0,0.0015783810294463913,0.006611852212393327,0.11684652417898178,0.9943380057811737,0.11654090136289597,1.2174248695373535e-05,0.0013149026781320572,0.00160437049344182,0.004458340731308222,0.04534639463052621,0.5111111111111111,9.130686521530151e-05,7.5,7.5,0.5527777777777778,pool=bf16_values_torch_sum_acc_fp32,score=bf16_values_torch_matmul_acc_fp32
R5,0,0.95,"repr=nvfp4, pool=bf16/native, score=bf16/native",bf16_acc_fp32,nvfp4,native,1440,0.9351649949120512,0.030732244595150893,0.8852586779277438,0.9664963942307693,0.9997384809151066,0.0034027099609375,0.66796875,0.87109375,0.9391114348142753,0.9815421256326288,94.0,197,0,0.0021686827562488404,0.005983852292385763,0.18619923293590546,0.9846321940422058,0.18720756471157074,4.289532080292702e-05,0.0018169283866882324,0.0023329541087150573,0.004470744143053741,0.025357904892823635,0.5111111111111111,0.0005185678601264954,12.089147497204642,12.089147497204642,0.5527777777777778,pool=bf16_values_torch_sum_acc_fp32,score=bf16_values_torch_matmul_acc_fp32
R5,1,0.8,"repr=nvfp4, pool=bf16/native, score=bf16/native",bf16_acc_fp32,nvfp4,native,1440,0.9700767700244395,0.01633816704714741,0.9446826008288278,0.9848111347087378,0.9996505764998939,0.00611114501953125,0.87109375,1.564453125,0.9716603731259581,0.9950819051942648,89.0,229,0,0.000985681501717126,0.004942864314767039,0.04766901955008507,0.9990378022193909,0.04689733125269413,5.685444921255112e-05,0.0005283267237246037,0.001205354742705822,0.0056849503015690955,0.04427165647752481,0.6430555555555556,0.015364523977041245,270.2431241502449,270.2431241502449,0.8361111111111111,pool=bf16_values_torch_sum_acc_fp32,score=bf16_values_torch_matmul_acc_fp32
R5,1,0.9,"repr=nvfp4, pool=bf16/native, score=bf16/native",bf16_acc_fp32,nvfp4,native,1440,0.960963393975105,0.018369657841698084,0.9312275819871271,0.9800931490384616,0.9996505764998939,0.0040435791015625,0.74609375,1.03515625,0.962698120162182,0.9913238593866867,86.0,225,0,0.0015111026599233315,0.004488740010354924,0.09689424559473991,0.9961548149585724,0.09681206569075584,6.301328539848328e-05,0.001053711399435997,0.0018256429582834243,0.005175418084403301,0.0404647815539147,0.5631944444444444,0.010876481421291828,172.60616316878512,172.60616316878512,0.78125,pool=bf16_values_torch_sum_acc_fp32,score=bf16_values_torch_matmul_acc_fp32
R5,1,0.95,"repr=nvfp4, pool=bf16/native, score=bf16/native",bf16_acc_fp32,nvfp4,native,1440,0.9527651459586328,0.02404903697329097,0.9212007504690432,0.9758112980769231,0.9996505764998939,0.0024566650390625,0.54296875,0.62890625,0.9556339062729543,0.987162263024332,69.0,221,0,0.0023914707145881136,0.003868452684285477,0.19386126101016998,0.9841032028198242,0.1912045031785965,0.0003127260133624077,0.002307223156094551,0.004545789957046509,0.005903481353058192,0.030509684537714032,0.6340277777777777,0.0044533126056194305,14.240301143284285,14.240301143284285,0.7263888888888889,pool=bf16_values_torch_sum_acc_fp32,score=bf16_values_torch_matmul_acc_fp32
R5,10,0.8,"repr=nvfp4, pool=bf16/native, score=bf16/native",bf16_acc_fp32,nvfp4,native,1440,0.9836750047018996,0.007992633317635112,0.9641699877090394,0.9917703276699029,0.9997766741352571,0.0033111572265625,0.6640625,0.84765625,0.9846454914948065,0.9940257874239045,111.0,240,0,0.0011285735961880602,0.0028223618004932748,0.15987108647823334,0.9893039166927338,0.1598263755440712,-2.1535903215408325e-05,0.00025627389550209045,0.00027428716421127317,0.0008676249427279539,0.0032040950291642133,0.45,2.9064714908599854e-05,-1.3495934959349594,1.3495934959349594,0.5215277777777778,pool=bf16_values_torch_sum_acc_fp32,score=bf16_values_torch_matmul_acc_fp32
R5,10,0.9,"repr=nvfp4, pool=bf16/native, score=bf16/native",bf16_acc_fp32,nvfp4,native,1440,0.9762470308788599,0.01500503914375717,0.946341106806053,0.9879807692307693,0.9997766741352571,0.00244140625,0.5390625,0.625,0.9784498773872334,0.9892408846383742,106.0,235,0,0.0016064343841063903,0.0027277131220781814,0.2509135901927948,0.9743999242782593,0.25124941766262054,-9.581446647644043e-06,0.0004983115941286087,0.000738999992609024,0.0010179830641006147,0.003645409856509075,0.4847222222222222,-7.090717554092407e-05,7.400466562986003,7.400466562986003,0.4798611111111111,pool=bf16_values_torch_sum_acc_fp32,score=bf16_values_torch_matmul_acc_fp32
R5,10,0.95,"repr=nvfp4, pool=bf16/native, score=bf16/native",bf16_acc_fp32,nvfp4,native,1440,0.9628428192273666,0.02225647105315154,0.9275991891109181,0.9810697115384616,0.9997766741352571,0.001922607421875,0.4453125,0.4921875,0.9671937342988031,0.9821322215604527,92.5,218,0,0.002247923241021383,0.0026539686494660895,0.35285383462905884,0.9486919045448303,0.35242003202438354,9.803473949432373e-05,0.0008172579109668732,0.0019425153732299805,0.0012414544612988929,0.00537931326568525,0.5847222222222223,-0.0002746507525444031,-2.8015655874753,2.8015655874753,0.4423611111111111,pool=bf16_values_torch_sum_acc_fp32,score=bf16_values_torch_matmul_acc_fp32
R5,11,0.8,"repr=nvfp4, pool=bf16/native, score=bf16/native",bf16_acc_fp32,nvfp4,native,1440,0.9834511809839025,0.006057746978666012,0.9707761874509512,0.9916565533980582,0.9998038368559684,0.00335693359375,0.67578125,0.859375,0.9841228037172204,0.9941011873251153,110.0,224,0,0.001144430329551185,0.002865486993498682,0.12107248231768608,0.9936570227146149,0.12106186151504517,5.111098289489746e-06,0.0002703126519918442,0.0004346862435340881,0.0009953576375588535,0.005456991277605081,0.5076388888888889,0.00044064223766326904,86.21282798833819,86.21282798833819,0.6034722222222222,pool=bf16_values_torch_sum_acc_fp32,score=bf16_values_torch_matmul_acc_fp32
R5,11,0.9,"repr=nvfp4, pool=bf16/native, score=bf16/native",bf16_acc_fp32,nvfp4,native,1440,0.9775681497437421,0.012796002400404682,0.9573448237652581,0.9886568509615384,0.9998038368559684,0.0023040771484375,0.51953125,0.58984375,0.978891036123086,0.9905050306309529,97.0,219,0,0.001753716815954506,0.002687691711378218,0.19016814231872559,0.984625369310379,0.1893426701426506,2.4139881134033203e-05,0.00041757896542549133,0.0008280836045742035,0.0011094731052242878,0.004340594795806361,0.5291666666666667,0.00029333680868148804,12.151543209876543,12.151543209876543,0.5819444444444445,pool=bf16_values_torch_sum_acc_fp32,score=bf16_values_torch_matmul_acc_fp32
R5,11,0.95,"repr=nvfp4, pool=bf16/native, score=bf16/native",bf16_acc_fp32,nvfp4,native,1440,0.965160909359315,0.020002891129967115,0.9382644146767618,0.9822716346153846,0.9998038368559684,0.001800537109375,0.42578125,0.4609375,0.9689395059902381,0.9839046199701937,85.0,199,0,0.002463373914175237,0.00262828811027164,0.28318077325820923,0.9648692607879639,0.28312958776950836,8.5487961769104e-05,0.0006746277213096619,0.0017688289284706117,0.0012386668126077192,0.005898901982804396,0.5944444444444444,0.00035190582275390625,4.116437162279937,4.116437162279937,0.5555555555555556,pool=bf16_values_torch_sum_acc_fp32,score=bf16_values_torch_matmul_acc_fp32
R5,12,0.8,"repr=nvfp4, pool=bf16/native, score=bf16/native",bf16_acc_fp32,nvfp4,native,1440,0.9822583070215005,0.008948995301488849,0.9576805998960577,0.9910497572815534,0.9998307034807852,0.00360107421875,0.69921875,0.921875,0.9833392887661583,0.9932721019011982,119.0,240,0,0.0011228016536718004,0.0030839409669611477,0.09640348330140114,0.9960252940654755,0.09641782939434052,1.5702098608016968e-05,0.00020227115601301193,0.0003165826201438904,0.001055892005117467,0.00536550466226802,0.5583333333333333,0.0007099416106939316,45.21316725978647,45.21316725978647,0.61875,pool=bf16_values_torch_sum_acc_fp32,score=bf16_values_torch_matmul_acc_fp32
R5,12,0.9,"repr=nvfp4, pool=bf16/native, score=bf16/native",bf16_acc_fp32,nvfp4,native,1440,0.9750741839762611,0.014961503660157138,0.9407935520864459,0.9873798076923077,0.9998307034807852,0.0025634765625,0.5625,0.65625,0.9766872076620388,0.9903562245130451,96.0,230,0,0.0017683823789727848,0.0029235083019234238,0.15907658636569977,0.9895497262477875,0.15933052450418472,5.1937997341156006e-05,0.0003780825063586235,0.000633116066455841,0.0011898469078289431,0.004892562520786421,0.5958333333333333,0.000658772885799408,12.683833022521876,12.683833022521876,0.6041666666666666,pool=bf16_values_torch_sum_acc_fp32,score=bf16_values_torch_matmul_acc_fp32
R5,12,0.95,"repr=nvfp4, pool=bf16/native, score=bf16/native",bf16_acc_fp32,nvfp4,native,1440,0.964870848708487,0.026565104009406593,0.918971322556137,0.9821213942307693,0.9998307034807852,0.0018157958984375,0.42578125,0.46484375,0.9674844812296778,0.9850879809126155,80.0,222,0,0.002538124746638532,0.002805949771078851,0.24782586097717285,0.9741728901863098,0.24781609326601028,9.935349225997925e-05,0.0005693044513463974,0.0010289102792739868,0.0011997737721787076,0.005605025603926596,0.6,0.0008870512247085571,8.928233970753656,8.928233970753656,0.6006944444444444,pool=bf16_values_torch_sum_acc_fp32,score=bf16_values_torch_matmul_acc_fp32
R5,13,0.8,"repr=nvfp4, pool=bf16/native, score=bf16/native",bf16_acc_fp32,nvfp4,native,1440,0.9852431862671285,0.008450575041684227,0.9658540222172519,0.9925667475728155,0.9997243143769677,0.00299072265625,0.62109375,0.765625,0.9861778061013947,0.9941011873251153,111.0,234,0,0.0012897254743969445,0.0028597724191709076,0.1258934736251831,0.9930553138256073,0.1258113533258438,-1.0788440704345703e-05,0.00019321171566843987,0.00024157855659723282,0.0008479465982358837,0.003227714763146668,0.4666666666666667,0.00010203570127487183,-9.457872928176796,9.457872928176796,0.5472222222222223,pool=bf16_values_torch_sum_acc_fp32,score=bf16_values_torch_matmul_acc_fp32
R5,13,0.9,"repr=nvfp4, pool=bf16/native, score=bf16/native",bf16_acc_fp32,nvfp4,native,1440,0.9763937346893327,0.015374446573380163,0.9541984732824428,0.9880558894230769,0.9997243143769677,0.0024261474609375,0.53515625,0.62109375,0.978891036123086,0.9887950997236125,109.0,229,0,0.0016950579155340202,0.0028058915962474113,0.195780947804451,0.9829975068569183,0.19571303576231003,-2.48737633228302e-05,0.0003501512110233307,0.0004554077982902527,0.0009413014423959922,0.003018587590352675,0.46111111111111114,0.00011476129293441772,-4.613748689531227,4.613748689531227,0.5305555555555556,pool=bf16_values_torch_sum_acc_fp32,score=bf16_values_torch_matmul_acc_fp32
R5,13,0.95,"repr=nvfp4, pool=bf16/native, score=bf16/native",bf16_acc_fp32,nvfp4,native,1440,0.9582230067666961,0.018207390180082217,0.9320474381015998,0.9786658653846154,0.9997243143769677,0.002166748046875,0.4921875,0.5546875,0.9631322813744285,0.9780089153046062,110.0,215,0,0.0020914292711501454,0.0028565132895168096,0.298960417509079,0.9606646597385406,0.2993738353252411,1.849234104156494e-05,0.0006662420928478241,0.0008769869804382324,0.0010863047276634809,0.003959279515240006,0.5284722222222222,0.00012986361980438232,7.022562449637389,7.022562449637389,0.49583333333333335,pool=bf16_values_torch_sum_acc_fp32,score=bf16_values_torch_matmul_acc_fp32
R5,14,0.8,"repr=nvfp4, pool=bf16/native, score=bf16/native",bf16_acc_fp32,nvfp4,native,1440,0.9834511809839025,0.006115792337949011,0.9732834424695976,0.9916565533980582,0.9998146978747398,0.00335693359375,0.671875,0.859375,0.9843467790487658,0.9937242448300632,116.0,218,0,0.001185880564503691,0.0029189128983413476,0.14371329545974731,0.9914446771144867,0.14414198696613312,-1.7276965081691742e-05,0.00024829618632793427,0.000210639089345932,0.0008940792607124621,0.0038533096085676746,0.44722222222222224,0.0002467706799507141,-14.283219233464504,14.283219233464504,0.6090277777777777,pool=bf16_values_torch_sum_acc_fp32,score=bf16_values_torch_matmul_acc_fp32
R5,14,0.9,"repr=nvfp4, pool=bf16/native, score=bf16/native",bf16_acc_fp32,nvfp4,native,1440,0.9756604333630158,0.00926513269924989,0.9593759199293495,0.9876802884615384,0.9998146978747398,0.00250244140625,0.55078125,0.640625,0.9774212715389186,0.9889436724936501,106.0,206,0,0.00164337920655728,0.002841400104347313,0.21225539594888687,0.9816107749938965,0.2123768925666809,-1.0836869478225708e-05,0.00040088407695293427,0.0004212997853755951,0.0009945362728510758,0.0028540575002888855,0.47638888888888886,0.000302925705909729,-27.953248539016844,27.953248539016844,0.5715277777777777,pool=bf16_values_torch_sum_acc_fp32,score=bf16_values_torch_matmul_acc_fp32
R5,14,0.95,"repr=nvfp4, pool=bf16/native, score=bf16/native",bf16_acc_fp32,nvfp4,native,1440,0.9637114618675321,0.019096504955659843,0.936840269368599,0.9815204326923077,0.9998146978747398,0.0018768310546875,0.4375,0.48046875,0.9666124981533462,0.981837129670984,95.0,201,0,0.002248531775982739,0.002721391350776862,0.2927860766649246,0.9648620188236237,0.29282447695732117,3.844499588012695e-06,0.0006145648658275604,0.0008455783128738404,0.0010148010688012363,0.0034528781904383113,0.5020833333333333,0.0005006492137908936,130.2248062015504,130.2248062015504,0.5791666666666667,pool=bf16_values_torch_sum_acc_fp32,score=bf16_values_torch_matmul_acc_fp32
R5,15,0.8,"repr=nvfp4, pool=bf16/native, score=bf16/native",bf16_acc_fp32,nvfp4,native,1440,0.9797653690691928,0.0121149470478924,0.9577460088059955,0.9897792779126213,0.9997971103008707,0.00411224365234375,0.7421875,1.052734375,0.9808436314464937,0.9928201640025697,124.5,241,0,0.0010437385095944166,0.0034012231391259058,0.18657968193292618,0.9856319427490234,0.1864970475435257,4.559755325317383e-06,0.00038013607263565063,0.0006327226758003235,0.000941482307611451,0.004187512207860707,0.5180555555555556,-0.0002859048545360565,-62.701797385620914,62.701797385620914,0.4125,pool=bf16_values_torch_sum_acc_fp32,score=bf16_values_torch_matmul_acc_fp32
R5,15,0.9,"repr=nvfp4, pool=bf16/native, score=bf16/native",bf16_acc_fp32,nvfp4,native,1440,0.9693764331681337,0.014867829109315167,0.9420818440440586,0.9844501201923077,0.9997971103008707,0.0031585693359375,0.63671875,0.80859375,0.9725134311194512,0.987162263024332,118.0,236,0,0.0015052312295927859,0.0032661023462580174,0.2695615440607071,0.9698151648044586,0.26940159499645233,2.504885196685791e-05,0.0005528926849365234,0.0008740901947021484,0.001017941738180227,0.0035884871691634563,0.5229166666666667,-0.0005097389221191406,-20.349791790600833,20.349791790600833,0.40625,pool=bf16_values_torch_sum_acc_fp32,score=bf16_values_torch_matmul_acc_fp32
R5,15,0.95,"repr=nvfp4, pool=bf16/native, score=bf16/native",bf16_acc_fp32,nvfp4,native,1440,0.9541984732824428,0.023483286296154926,0.9195385724585435,0.9765625,0.9997971103008707,0.00238037109375,0.52734375,0.609375,0.9590875643855776,0.9777150497697222,109.0,221,0,0.0020140303384590568,0.0032006729957628037,0.37834887206554413,0.9423598945140839,0.37830474972724915,6.537139415740967e-05,0.0007831640541553497,0.0012474715709686278,0.0010999304862152925,0.0036260174177134607,0.5555555555555556,-0.000554397702217102,-8.480738545703215,8.480738545703215,0.42569444444444443,pool=bf16_values_torch_sum_acc_fp32,score=bf16_values_torch_matmul_acc_fp32
R5,16,0.8,"repr=nvfp4, pool=bf16/native, score=bf16/native",bf16_acc_fp32,nvfp4,native,1440,0.982370078700481,0.008502471538777812,0.9605116904969689,0.9911066444174756,0.9997955410538152,0.00357818603515625,0.6953125,0.916015625,0.9833765843017789,0.9930837702462805,124.0,234,0,0.0011562776060636297,0.0032561785728368936,0.12060332298278809,0.9941272437572479,0.12059247121214867,-1.5837140381336212e-06,0.00022774748504161835,0.0003183625638484955,0.0011934073300643123,0.004313683962450124,0.49583333333333335,0.0003475211560726166,-219.4342840341076,219.4342840341076,0.6270833333333333,pool=bf16_values_torch_sum_acc_fp32,score=bf16_values_torch_matmul_acc_fp32
R5,16,0.9,"repr=nvfp4, pool=bf16/native, score=bf16/native",bf16_acc_fp32,nvfp4,native,1440,0.9740490843034033,0.01855226545545341,0.945196372246045,0.9868539663461539,0.9997955410538152,0.0026702880859375,0.578125,0.68359375,0.9758070500927644,0.9870139562653929,123.0,231,0,0.0016262872822143974,0.003128567567167481,0.19422190636396408,0.9845137894153595,0.19393815845251083,-1.5540048480033875e-05,0.00036031194031238556,0.0005636855959892273,0.0011481145223459532,0.0036699746555646276,0.47638888888888886,0.0004947781562805176,-31.83890686803308,31.83890686803308,0.6,pool=bf16_values_torch_sum_acc_fp32,score=bf16_values_torch_matmul_acc_fp32
R5,16,0.95,"repr=nvfp4, pool=bf16/native, score=bf16/native",bf16_acc_fp32,nvfp4,native,1440,0.9583670573041956,0.030500171892445582,0.9217415802074488,0.9787409855769231,0.9997955410538152,0.00215911865234375,0.4921875,0.552734375,0.9625534424296034,0.9783028681824937,108.0,214,0,0.0023655111122259844,0.003044395570310253,0.2850586920976639,0.9664107859134674,0.2846301794052124,7.918477058410645e-05,0.0006485581398010254,0.0012215971946716309,0.0013421205065740956,0.004759100584839368,0.5736111111111111,0.0007902160286903381,9.979394053443734,9.979394053443734,0.5930555555555556,pool=bf16_values_torch_sum_acc_fp32,score=bf16_values_torch_matmul_acc_fp32
R5,17,0.8,"repr=nvfp4, pool=bf16/native, score=bf16/native",bf16_acc_fp32,nvfp4,native,1440,0.9827054665764343,0.005234665291870444,0.9700362920423246,0.9912773058252428,0.9998161392512764,0.003509521484375,0.69921875,0.8984375,0.9831155407969752,0.9957614290039358,79.0,221,0,0.0011513774325648941,0.003023722116954252,0.07440390810370445,0.9976025819778442,0.07429240271449089,2.9005110263824463e-05,0.0002686409279704094,0.0006958216428756714,0.0018222351775383056,0.008805679664067742,0.5930555555555556,0.0019248947501182556,66.36398664269201,66.36398664269201,0.81875,pool=bf16_values_torch_sum_acc_fp32,score=bf16_values_torch_matmul_acc_fp32
R5,17,0.9,"repr=nvfp4, pool=bf16/native, score=bf16/native",bf16_acc_fp32,nvfp4,native,1440,0.9777150497697222,0.008958285654681708,0.9566255871800262,0.9887319711538461,0.9998161392512764,0.002288818359375,0.51953125,0.5859375,0.9785969084423306,0.9931127414283576,73.0,209,0,0.001825078644272526,0.0028344090814385967,0.14179477840662003,0.9910970628261566,0.14164262264966965,1.4629215002059937e-05,0.0004583299160003662,0.0006686367094516754,0.001636719277545203,0.007184925284350346,0.5270833333333333,0.0014368146657943726,98.21543162719634,98.21543162719634,0.8048611111111111,pool=bf16_values_torch_sum_acc_fp32,score=bf16_values_torch_matmul_acc_fp32
R5,17,0.95,"repr=nvfp4, pool=bf16/native, score=bf16/native",bf16_acc_fp32,nvfp4,native,1440,0.9709801599052413,0.016298964184331965,0.9430740037950663,0.9852764423076923,0.9998161392512764,0.001495361328125,0.36328125,0.3828125,0.972732661529342,0.9892408846383742,61.0,185,0,0.002857551615935367,0.0026587708659116874,0.22805609554052353,0.9776864051818848,0.22790737450122833,3.0547380447387695e-05,0.0006932597607374191,0.0007832005620002746,0.0015651420911730904,0.005905195783514479,0.5340277777777778,0.0017195716500282288,56.29195121951219,56.29195121951219,0.8340277777777778,pool=bf16_values_torch_sum_acc_fp32,score=bf16_values_torch_matmul_acc_fp32
R5,18,0.8,"repr=nvfp4, pool=bf16/native, score=bf16/native",bf16_acc_fp32,nvfp4,native,1440,0.978985289702792,0.009079409319617926,0.96438948074201,0.9893810679611651,0.9994883762883453,0.0042724609375,0.76953125,1.09375,0.9800255312758128,0.9943274212456983,102.0,224,0,0.0010248487727830477,0.0034415961466862308,0.2200702503323555,0.9807634949684143,0.2202441394329071,7.845461368560791e-06,0.00103093683719635,0.00169895738363266,0.0023513875801215063,0.008652704424536856,0.5034722222222222,0.0014328844845294952,182.63865147198482,182.63865147198482,0.7277777777777777,pool=bf16_values_torch_sum_acc_fp32,score=bf16_values_torch_matmul_acc_fp32
R5,18,0.9,"repr=nvfp4, pool=bf16/native, score=bf16/native",bf16_acc_fp32,nvfp4,native,1440,0.9755138383913334,0.01696628096249697,0.9493337238248646,0.9876051682692307,0.9994883762883453,0.0025177001953125,0.5546875,0.64453125,0.9766872076620388,0.9919197964985785,81.0,215,0,0.0018098458916863697,0.0032194579386898015,0.3491537570953369,0.9533164799213409,0.3500274121761322,-9.062513709068298e-05,0.001397557556629181,0.0019339382648468017,0.0020247889985980532,0.006893422545345744,0.45902777777777776,0.001179516315460205,-13.015332757841081,13.015332757841081,0.7013888888888888,pool=bf16_values_torch_sum_acc_fp32,score=bf16_values_torch_matmul_acc_fp32
R5,18,0.95,"repr=nvfp4, pool=bf16/native, score=bf16/native",bf16_acc_fp32,nvfp4,native,1440,0.9599528857479388,0.02044971669472706,0.9301005521622828,0.9795673076923077,0.9994883762883453,0.0020751953125,0.48046875,0.53125,0.9628428192273666,0.9850879809126155,81.5,193,0,0.0022912665288762893,0.003084473098416241,0.5329835116863251,0.8946714699268341,0.5342652797698975,-3.167986869812012e-05,0.00155629962682724,0.0024353146553039553,0.0016395725976421124,0.00599884639296106,0.48819444444444443,0.0021181851625442505,-66.86218250235183,66.86218250235183,0.7041666666666667,pool=bf16_values_torch_sum_acc_fp32,score=bf16_values_torch_matmul_acc_fp32
R5,19,0.8,"repr=nvfp4, pool=bf16/native, score=bf16/native",bf16_acc_fp32,nvfp4,native,1440,0.9821838000375869,0.008282166380560008,0.9678346206948021,0.9910118325242718,0.9996610207969568,0.0036163330078125,0.69921875,0.92578125,0.9830782536757794,0.994553706505295,104.0,218,0,0.0011687916847368434,0.0031125391344060905,0.10227090120315552,0.9958021342754364,0.10232561081647873,-2.1656975150108337e-05,0.000326384324580431,0.00026217103004455566,0.001533731671826585,0.009448699686635231,0.45069444444444445,0.0011857729405164719,-54.75247269287004,54.75247269287004,0.7236111111111111,pool=bf16_values_torch_sum_acc_fp32,score=bf16_values_torch_matmul_acc_fp32
R5,19,0.9,"repr=nvfp4, pool=bf16/native, score=bf16/native",bf16_acc_fp32,nvfp4,native,1440,0.9769807678027772,0.013475892634402853,0.9557775655623301,0.9883563701923077,0.9996610207969568,0.0023651123046875,0.533203125,0.60546875,0.9782293745028674,0.9905794392523365,93.0,210,0,0.0017788212068432685,0.002924445760607643,0.16224322468042374,0.9893113970756531,0.16218668222427368,-3.734603524208069e-05,0.0005139801651239395,0.0005235135555267334,0.001495107057879536,0.007192223281050123,0.4534722222222222,0.0009799078106880188,-26.23860349127182,26.23860349127182,0.7284722222222222,pool=bf16_values_torch_sum_acc_fp32,score=bf16_values_torch_matmul_acc_fp32
R5,19,0.95,"repr=nvfp4, pool=bf16/native, score=bf16/native",bf16_acc_fp32,nvfp4,native,1440,0.9625534424296034,0.02167195767195762,0.9371221125265017,0.9809194711538461,0.9996610207969568,0.0019378662109375,0.453125,0.49609375,0.9666124981533462,0.9833134684147795,87.5,197,0,0.002367991295357783,0.0028020703084313788,0.24336153268814087,0.9761756956577301,0.24424979090690613,-7.5623393058776855e-06,0.0008367598056793213,0.0008567482233047486,0.001644898102513171,0.00660436807016309,0.49236111111111114,0.0015494823455810547,-204.89458128078817,204.89458128078817,0.7423611111111111,pool=bf16_values_torch_sum_acc_fp32,score=bf16_values_torch_matmul_acc_fp32
R5,2,0.8,"repr=nvfp4, pool=bf16/native, score=bf16/native",bf16_acc_fp32,nvfp4,native,1440,0.9730250488599929,0.012671168290938395,0.9597867633178916,0.986328125,0.9998113155852745,0.00550079345703125,0.845703125,1.408203125,0.9731357802970778,0.9950064311114474,87.0,199,0,0.0009751327048517261,0.00443711017727048,0.05319578945636749,0.9986618459224701,0.05215287208557129,8.885841816663742e-05,0.00036098796408623457,0.0010139122605323792,0.002801792367815341,0.02342481490051878,0.6805555555555556,0.008291292004287243,93.30902097242456,93.30902097242456,0.7138888888888889,pool=bf16_values_torch_sum_acc_fp32,score=bf16_values_torch_matmul_acc_fp32
R5,2,0.9,"repr=nvfp4, pool=bf16/native, score=bf16/native",bf16_acc_fp32,nvfp4,native,1440,0.9661767963961303,0.017270411753746107,0.9395352225540906,0.9827974759615384,0.9998113155852745,0.0034942626953125,0.6875,0.89453125,0.9673390970220941,0.9916217833632556,81.0,190,0,0.0015467086815550966,0.004077178024783635,0.11014333739876747,0.9945510029792786,0.10970661789178848,0.0002117753028869629,0.001381371170282364,0.004340904951095581,0.004645689015959956,0.023261155147686844,0.675,0.0056421756744384766,26.642274134534198,26.642274134534198,0.6805555555555556,pool=bf16_values_torch_sum_acc_fp32,score=bf16_values_torch_matmul_acc_fp32
R5,2,0.95,"repr=nvfp4, pool=bf16/native, score=bf16/native",bf16_acc_fp32,nvfp4,native,1440,0.951763077712825,0.022060990646574186,0.9198154023651572,0.9752854567307692,0.9998113155852745,0.00251007080078125,0.55078125,0.642578125,0.9541984732824428,0.9874589429680501,67.0,178,0,0.0023730480337720325,0.003599773518235934,0.24657247215509415,0.9761385023593903,0.24632468074560165,0.0004923753440380096,0.0026885410770773888,0.011369899660348893,0.005195614383591545,0.03228985767907375,0.7048611111111112,0.0042535290122032166,8.638793683939745,8.638793683939745,0.6652777777777777,pool=bf16_values_torch_sum_acc_fp32,score=bf16_values_torch_matmul_acc_fp32
R5,20,0.8,"repr=nvfp4, pool=bf16/native, score=bf16/native",bf16_acc_fp32,nvfp4,native,1440,0.9782429289519093,0.00875464318337238,0.9679080528397641,0.9890018203883495,0.9998039983882143,0.004425048828125,0.78515625,1.1328125,0.9792081065866016,0.9954593612834872,82.0,217,0,0.0011714808078827621,0.0042356553270884445,0.042920272797346115,0.9991374909877777,0.043014874681830406,1.9919127225875854e-05,0.00020410912111401558,0.000361360190436244,0.002501624943998499,0.016250835522896967,0.5840277777777778,0.009893650189042091,496.6909481952497,496.6909481952497,0.9416666666666667,pool=bf16_values_torch_sum_acc_fp32,score=bf16_values_torch_matmul_acc_fp32
R5,20,0.9,"repr=nvfp4, pool=bf16/native, score=bf16/native",bf16_acc_fp32,nvfp4,native,1440,0.9707613188104605,0.015471498050918187,0.9491910095907459,0.9851637620192307,0.9998039983882143,0.00301361083984375,0.62890625,0.771484375,0.9725865007038601,0.9926652196691864,78.0,214,0,0.0018198550607557494,0.003935934120981979,0.0848824791610241,0.996892124414444,0.08442166447639465,4.2382627725601196e-05,0.00038082804530858994,0.0006495866924524307,0.002327795329041456,0.024309221972873808,0.5819444444444445,0.006375452503561974,150.42607893117693,150.42607893117693,0.9145833333333333,pool=bf16_values_torch_sum_acc_fp32,score=bf16_values_torch_matmul_acc_fp32
R5,20,0.95,"repr=nvfp4, pool=bf16/native, score=bf16/native",bf16_acc_fp32,nvfp4,native,1440,0.9599528857479388,0.017003286012837626,0.9340403893651024,0.9795673076923077,0.9998039983882143,0.0020751953125,0.48046875,0.53125,0.9640011802891708,0.98805256869773,66.0,205,0,0.0026231938438412736,0.003635659139910472,0.15619804710149765,0.989406406879425,0.15579777210950851,0.00012816302478313446,0.0007277904078364372,0.00125063955783844,0.0026646780503523336,0.019127434343446565,0.6104166666666667,0.005915403366088867,46.15530396616623,46.15530396616623,0.9145833333333333,pool=bf16_values_torch_sum_acc_fp32,score=bf16_values_torch_matmul_acc_fp32
R5,21,0.8,"repr=nvfp4, pool=bf16/native, score=bf16/native",bf16_acc_fp32,nvfp4,native,1440,0.9776123607725136,0.006987264740351606,0.9635702923445966,0.9886794599514563,0.9997149476902445,0.00455474853515625,0.80078125,1.166015625,0.9781687235080085,0.9943274212456983,102.0,218,0,0.001021631844806433,0.0036800479120746906,0.07178689539432526,0.9978519678115845,0.07172318547964096,4.075048491358757e-05,0.0002650432288646698,0.0005326204001903534,0.0023441412142615795,0.011543360367592303,0.6201388888888889,0.0066754743456840515,163.8133720332301,163.8133720332301,0.8597222222222223,pool=bf16_values_torch_sum_acc_fp32,score=bf16_values_torch_matmul_acc_fp32
R5,21,0.9,"repr=nvfp4, pool=bf16/native, score=bf16/native",bf16_acc_fp32,nvfp4,native,1440,0.9738295612250112,0.013901926341951865,0.946903302493379,0.9867412860576923,0.9997149476902445,0.00269317626953125,0.580078125,0.689453125,0.9750741839762611,0.9928143712574851,75.0,221,0,0.0017727054917591818,0.0033731546970293324,0.12920817732810974,0.9932122528553009,0.12938550114631653,9.197741746902466e-05,0.0005867481231689453,0.0011023998260498047,0.0022491407446632345,0.018406111485477283,0.6180555555555556,0.0039902254939079285,43.382665046577564,43.382665046577564,0.8486111111111111,pool=bf16_values_torch_sum_acc_fp32,score=bf16_values_torch_matmul_acc_fp32
R5,21,0.95,"repr=nvfp4, pool=bf16/native, score=bf16/native",bf16_acc_fp32,nvfp4,native,1440,0.9640011802891708,0.015714570004829898,0.9334645374161756,0.9816706730769231,0.9997149476902445,0.001861572265625,0.4375,0.4765625,0.966903073286052,0.9883495145631068,65.0,202,0,0.002612945264455056,0.0031642196447958836,0.2270728200674057,0.9789997041225433,0.22706419974565506,0.00017677247524261475,0.0010832948610186577,0.001922948658466339,0.002248806240854019,0.016475800619372448,0.6270833333333333,0.004692200571298599,26.54372839922448,26.54372839922448,0.8576388888888888,pool=bf16_values_torch_sum_acc_fp32,score=bf16_values_torch_matmul_acc_fp32
R5,22,0.8,"repr=nvfp4, pool=bf16/native, score=bf16/native",bf16_acc_fp32,nvfp4,native,1440,0.9798025303149754,0.008169680588382744,0.9618901665710176,0.9897982402912622,0.9997472293442601,0.0041046142578125,0.75,1.05078125,0.9810296582935842,0.9926695635745324,126.0,232,0,0.0011157038518331771,0.003575917682807601,0.2253975197672844,0.9812290072441101,0.22563116997480392,-3.857910633087158e-05,0.0006050821393728256,0.0007239490747451782,0.0016870210489268226,0.006442864387854725,0.44722222222222224,0.0006006956100463867,-15.57049053688683,15.57049053688683,0.5958333333333333,pool=bf16_values_torch_sum_acc_fp32,score=bf16_values_torch_matmul_acc_fp32
R5,22,0.9,"repr=nvfp4, pool=bf16/native, score=bf16/native",bf16_acc_fp32,nvfp4,native,1440,0.9737563940988954,0.017846373664988202,0.941373778620388,0.9867037259615384,0.9997472293442601,0.0027008056640625,0.578125,0.69140625,0.9759536885854238,0.9890922674635786,106.0,227,0,0.0018094427251882472,0.003367230921582332,0.34584666788578033,0.9603053033351898,0.34548625349998474,-4.9151480197906494e-05,0.0008088015019893646,0.0008877187967300415,0.0012998085501428954,0.004795302304455477,0.4513888888888889,0.0007070600986480713,-14.385326663634986,14.385326663634986,0.6243055555555556,pool=bf16_values_torch_sum_acc_fp32,score=bf16_values_torch_matmul_acc_fp32
R5,22,0.95,"repr=nvfp4, pool=bf16/native, score=bf16/native",bf16_acc_fp32,nvfp4,native,1440,0.9580789986032334,0.026417048269572585,0.9189851520830329,0.9785907451923077,0.9997472293442601,0.00217437744140625,0.498046875,0.556640625,0.9613967879770149,0.9803629872061886,101.0,212,0,0.002305216938581489,0.003214299215659619,0.46278949081897736,0.9257140457630157,0.4630487412214279,2.804398536682129e-05,0.001173233613371849,0.0018712535500526428,0.0013522785516076733,0.004786227833936103,0.5152777777777777,0.0014093965291976929,50.25664187035069,50.25664187035069,0.6430555555555556,pool=bf16_values_torch_sum_acc_fp32,score=bf16_values_torch_matmul_acc_fp32
R5,23,0.8,"repr=nvfp4, pool=bf16/native, score=bf16/native",bf16_acc_fp32,nvfp4,native,1440,0.9789110285564186,0.011713575581722258,0.9506565563158869,0.9893431432038835,0.9997713387548909,0.0042877197265625,0.765625,1.09765625,0.9802485824790658,0.9910144599237362,142.0,250,0,0.0011040615132051996,0.003771012493036372,0.17086410522460938,0.9883891642093658,0.17098650336265564,-2.294778823852539e-05,0.0008615683764219284,0.0010918736457824706,0.0026361767809218945,0.0106914099903112,0.4736111111111111,0.000898389145731926,-39.14926948051948,39.14926948051948,0.6291666666666667,pool=bf16_values_torch_sum_acc_fp32,score=bf16_values_torch_matmul_acc_fp32
R5,23,0.9,"repr=nvfp4, pool=bf16/native, score=bf16/native",bf16_acc_fp32,nvfp4,native,1440,0.9689395059902381,0.021384749472051157,0.9228658096201068,0.9842247596153846,0.9997713387548909,0.003204345703125,0.64453125,0.8203125,0.9728788440163023,0.986124580380455,123.0,246,0,0.0016354864862931611,0.003692782370030032,0.24260012060403824,0.975995808839798,0.2432529777288437,3.606081008911133e-06,0.0010984260588884354,0.0015775904059410096,0.002100885416847802,0.007838254172273764,0.5034722222222222,0.0009224675595760345,255.80888429752065,255.80888429752065,0.6152777777777778,pool=bf16_values_torch_sum_acc_fp32,score=bf16_values_torch_matmul_acc_fp32
R5,23,0.95,"repr=nvfp4, pool=bf16/native, score=bf16/native",bf16_acc_fp32,nvfp4,native,1440,0.9519061583577713,0.03174738361546492,0.8960262070930067,0.9753605769230769,0.9997713387548909,0.00250244140625,0.5546875,0.640625,0.9585111078416949,0.9769807787036363,112.0,239,0,0.002249836549869146,0.0035258115102323904,0.34582315385341644,0.9498528242111206,0.34485964477062225,7.290393114089966e-05,0.001591946929693222,0.0023879766464233398,0.002115648342243604,0.008561284475753373,0.5395833333333333,0.0017337799072265625,23.781706693919265,23.781706693919265,0.6368055555555555,pool=bf16_values_torch_sum_acc_fp32,score=bf16_values_torch_matmul_acc_fp32
R5,24,0.8,"repr=nvfp4, pool=bf16/native, score=bf16/native",bf16_acc_fp32,nvfp4,native,1440,0.9809924495698884,0.00686316031777312,0.9676694216563833,0.990405036407767,0.9997389983781513,0.0038604736328125,0.734375,0.98828125,0.9815134891410536,0.9950819051942648,86.0,229,0,0.0010687708072312089,0.0032567242275645444,0.19696730375289917,0.9870193302631378,0.1970265880227089,4.45069745182991e-05,0.0006848685443401337,0.0011677235364913941,0.0019387220953055806,0.008760161680153165,0.5763888888888888,0.0026463791728019714,59.459875703613804,59.459875703613804,0.7722222222222223,pool=bf16_values_torch_sum_acc_fp32,score=bf16_values_torch_matmul_acc_fp32
R5,24,0.9,"repr=nvfp4, pool=bf16/native, score=bf16/native",bf16_acc_fp32,nvfp4,native,1440,0.979332391643744,0.012684624223985086,0.9537467527163956,0.9895582932692307,0.9997389983781513,0.0021209716796875,0.484375,0.54296875,0.9803629872061886,0.9934112009583708,66.0,205,0,0.002071762994593901,0.002977329793785376,0.32015521824359894,0.9671013951301575,0.3202587515115738,1.0371208190917969e-05,0.0008719898760318756,0.0012336462736129762,0.0016002078927173523,0.005686661205316869,0.5125,0.001761108636856079,169.80747126436782,169.80747126436782,0.7916666666666666,pool=bf16_values_torch_sum_acc_fp32,score=bf16_values_torch_matmul_acc_fp32
R5,24,0.95,"repr=nvfp4, pool=bf16/native, score=bf16/native",bf16_acc_fp32,nvfp4,native,1440,0.9674844812296778,0.012274643911378003,0.9467680608365019,0.9834735576923077,0.9997389983781513,0.001678466796875,0.40234375,0.4296875,0.9701050762172562,0.9862727544016712,76.0,185,0,0.0026755536679833967,0.002786523130207802,0.47897113859653473,0.927137941122055,0.47872452437877655,7.530674338340759e-05,0.001221921294927597,0.001553356647491455,0.001361614930615145,0.005201211352903,0.55,0.002992600202560425,39.738807815978234,39.738807815978234,0.8152777777777778,pool=bf16_values_torch_sum_acc_fp32,score=bf16_values_torch_matmul_acc_fp32
R5,25,0.8,"repr=nvfp4, pool=bf16/native, score=bf16/native",bf16_acc_fp32,nvfp4,native,1440,0.9797282078234102,0.011522330243783352,0.9404643632483352,0.9897603155339806,0.9997712302736581,0.004119873046875,0.74609375,1.0546875,0.9814390381363892,0.9931967646836496,108.0,238,0,0.0010529925474680435,0.0034464271231714797,0.09222977235913277,0.9962857961654663,0.09177053347229958,2.203136682510376e-05,0.00028588902205228806,0.0004068933427333832,0.0014917824721245748,0.007046377731883787,0.5465277777777777,0.0007162615656852722,32.510990869124115,32.510990869124115,0.6541666666666667,pool=bf16_values_torch_sum_acc_fp32,score=bf16_values_torch_matmul_acc_fp32
R5,25,0.9,"repr=nvfp4, pool=bf16/native, score=bf16/native",bf16_acc_fp32,nvfp4,native,1440,0.9699593044765076,0.021983141384362748,0.9023733263379992,0.9847506009615384,0.9997712302736581,0.0030975341796875,0.62109375,0.79296875,0.9733175214942188,0.9887950997236125,99.0,231,0,0.001484732904992317,0.003367634750258698,0.15666205435991287,0.9894186556339264,0.15654364228248596,6.172060966491699e-05,0.00047045573592185974,0.0007897287607192994,0.001701601900812782,0.00609278804080818,0.5965277777777778,0.0006631910800933838,10.745050700144857,10.745050700144857,0.6298611111111111,pool=bf16_values_torch_sum_acc_fp32,score=bf16_values_torch_matmul_acc_fp32
R5,25,0.95,"repr=nvfp4, pool=bf16/native, score=bf16/native",bf16_acc_fp32,nvfp4,native,1440,0.9622641509433962,0.025350227137044934,0.9156713196143331,0.9807692307692307,0.9997712302736581,0.001953125,0.458984375,0.5,0.9657412876550502,0.981837129670984,94.0,211,0,0.0022182376496949815,0.002962960384399491,0.23092011362314224,0.9769671559333801,0.23056398332118988,8.452311158180237e-05,0.0007076878100633621,0.0010145306587219238,0.001585595382527661,0.005480729941506312,0.5770833333333333,0.0006914734840393066,8.180880602935343,8.180880602935343,0.6381944444444444,pool=bf16_values_torch_sum_acc_fp32,score=bf16_values_torch_matmul_acc_fp32
R5,26,0.8,"repr=nvfp4, pool=bf16/native, score=bf16/native",bf16_acc_fp32,nvfp4,native,1440,0.9781687235080085,0.011703919341499835,0.9538364640065208,0.988963895631068,0.9997742748161024,0.0044403076171875,0.779296875,1.13671875,0.9797653690691928,0.992067389415631,134.0,244,0,0.0010863071566934,0.003978182071397651,0.04012998379766941,0.9992597103118896,0.04000944457948208,3.700144588947296e-05,0.00017006462439894676,0.000305867288261652,0.00212683868390037,0.011890124427823084,0.6423611111111112,0.0015423940494656563,41.684696702743516,41.684696702743516,0.7451388888888889,pool=bf16_values_torch_sum_acc_fp32,score=bf16_values_torch_matmul_acc_fp32
R5,26,0.9,"repr=nvfp4, pool=bf16/native, score=bf16/native",bf16_acc_fp32,nvfp4,native,1440,0.9715639810426541,0.017184858311695694,0.933590920801348,0.9855769230769231,0.9997742748161024,0.0029296875,0.61328125,0.75,0.9742686616439763,0.9884980207633132,109.0,240,0,0.0017405946812549151,0.0036909112204224367,0.07929356023669243,0.9970422387123108,0.07915513589978218,7.356982678174973e-05,0.0003139469772577286,0.0006240889430046082,0.0020045164970804675,0.011643101426912572,0.6361111111111111,0.0010165497660636902,13.817482119121463,13.817482119121463,0.7145833333333333,pool=bf16_values_torch_sum_acc_fp32,score=bf16_values_torch_matmul_acc_fp32
R5,26,0.95,"repr=nvfp4, pool=bf16/native, score=bf16/native",bf16_acc_fp32,nvfp4,native,1440,0.9567837718653536,0.02789497367726579,0.9066170151818964,0.9779146634615384,0.9997742748161024,0.0022430419921875,0.5078125,0.57421875,0.9618303842429068,0.9800684218354901,102.0,230,0,0.002383445011842065,0.0034181077789712582,0.14338980615139008,0.9904504418373108,0.14319847524166107,0.00013301707804203033,0.00066739646717906,0.0011740490794181825,0.0024107761899608404,0.012464158337894922,0.6395833333333333,0.001152239739894867,8.662344391077255,8.662344391077255,0.6611111111111111,pool=bf16_values_torch_sum_acc_fp32,score=bf16_values_torch_matmul_acc_fp32
R5,27,0.8,"repr=nvfp4, pool=bf16/native, score=bf16/native",bf16_acc_fp32,nvfp4,native,1440,0.9681651091964216,0.01984865625432719,0.9469046156161227,0.9838250910194175,0.9997944441173955,0.00650787353515625,0.890625,1.666015625,0.9705184500105543,0.9937996219281664,113.5,243,0,0.0011012731339839973,0.005911669286479558,0.022096725180745125,0.9997631907463074,0.021861422806978226,5.7181110605597496e-05,0.00025673280470073223,0.0005520835518836975,0.003941066112290275,0.023221018467778368,0.6694444444444444,0.005368353333324194,93.88333448701296,93.88333448701296,0.8215277777777777,pool=bf16_values_torch_sum_acc_fp32,score=bf16_values_torch_matmul_acc_fp32
R5,27,0.9,"repr=nvfp4, pool=bf16/native, score=bf16/native",bf16_acc_fp32,nvfp4,native,1440,0.9638563103931548,0.022568808679476304,0.9331977926227127,0.9815955528846154,0.9997944441173955,0.0037384033203125,0.71484375,0.95703125,0.9664672427801168,0.9905794392523365,97.0,237,0,0.0017842289372950698,0.005258950699728114,0.04690861329436302,0.9989759624004364,0.046770647168159485,0.00010503549128770828,0.0005713058635592461,0.0012116216123104096,0.0044442939190676226,0.028693512990130267,0.6381944444444444,0.0035951659083366394,34.22810579796242,34.22810579796242,0.7854166666666667,pool=bf16_values_torch_sum_acc_fp32,score=bf16_values_torch_matmul_acc_fp32
R5,27,0.95,"repr=nvfp4, pool=bf16/native, score=bf16/native",bf16_acc_fp32,nvfp4,native,1440,0.9467680608365019,0.03439585262659062,0.8995433789954339,0.97265625,0.9997944441173955,0.002777099609375,0.59375,0.7109375,0.9524787327662071,0.9839046199701937,86.0,223,0,0.002517764065124597,0.005024428635125873,0.10251834988594055,0.9952929615974426,0.10148809105157852,0.0003157900646328926,0.0014574448578059673,0.0037119023501873015,0.006416690378438208,0.03512042626511688,0.6520833333333333,0.0034396015107631683,10.892051068046491,10.892051068046491,0.7541666666666667,pool=bf16_values_torch_sum_acc_fp32,score=bf16_values_torch_matmul_acc_fp32
R5,28,0.8,"repr=nvfp4, pool=bf16/native, score=bf16/native",bf16_acc_fp32,nvfp4,native,1440,0.9632925085845955,0.025290006062736348,0.9320046893317702,0.9813030946601942,0.9978370512174787,0.0075225830078125,0.92578125,1.92578125,0.963913975171186,0.9934981477281318,113.0,240,0,0.0010356278964648536,0.006448602558128651,0.041261931881308556,0.9992425739765167,0.04247376136481762,7.029855623841286e-06,0.0003465358167886734,0.0005087287165224553,0.004296808086281622,0.06379355434600345,0.5736111111111111,0.006549999117851257,931.7402046832048,931.7402046832048,0.7819444444444444,pool=bf16_values_torch_sum_acc_fp32,score=bf16_values_torch_matmul_acc_fp32
R5,28,0.9,"repr=nvfp4, pool=bf16/native, score=bf16/native",bf16_acc_fp32,nvfp4,native,1440,0.949191009590746,0.03732097396108203,0.8683443220358804,0.9739332932692307,0.9978370512174787,0.0052947998046875,0.83203125,1.35546875,0.9506190929738443,0.9899843037596233,98.0,239,0,0.001466299370716065,0.005813834166782344,0.08050829917192459,0.9970536828041077,0.0810529850423336,2.337247133255005e-05,0.000563587062060833,0.001048010028898716,0.00394179600569553,0.030057710477241196,0.5805555555555556,0.004505558870732784,192.77203538412496,192.77203538412496,0.7548611111111111,pool=bf16_values_torch_sum_acc_fp32,score=bf16_values_torch_matmul_acc_fp32
R5,28,0.95,"repr=nvfp4, pool=bf16/native, score=bf16/native",bf16_acc_fp32,nvfp4,native,1440,0.9382644146767618,0.04812659615168424,0.8146005018706072,0.9681490384615384,0.9978370512174787,0.00323486328125,0.650390625,0.828125,0.9396765263004517,0.9856801909307876,77.0,218,0,0.0023794839233161006,0.005108263569316632,0.1230933852493763,0.9929408431053162,0.12025351077318192,0.00018624262884259224,0.0017427420243620872,0.004712553787976503,0.00559182153606556,0.0858247192259416,0.6291666666666667,0.0026212409138679504,14.07433373421377,14.07433373421377,0.7180555555555556,pool=bf16_values_torch_sum_acc_fp32,score=bf16_values_torch_matmul_acc_fp32
R5,29,0.8,"repr=nvfp4, pool=bf16/native, score=bf16/native",bf16_acc_fp32,nvfp4,native,1440,0.9698560042730173,0.02030492021829866,0.9436075193685352,0.9846973604368932,0.9989357518949676,0.00615692138671875,0.88671875,1.576171875,0.9708866679777386,0.9949309627387932,95.0,232,0,0.0010768680805940995,0.005609429934145394,0.0419516135007143,0.9992695152759552,0.04206980764865875,1.6529113054275513e-05,0.00021107378415763378,0.00038644596934318544,0.0025820570488289535,0.031963477164266216,0.5888888888888889,0.004542097449302673,274.79377958079783,274.79377958079783,0.6888888888888889,pool=bf16_values_torch_sum_acc_fp32,score=bf16_values_torch_matmul_acc_fp32
R5,29,0.9,"repr=nvfp4, pool=bf16/native, score=bf16/native",bf16_acc_fp32,nvfp4,native,1440,0.9591596479665765,0.030895984225625006,0.9062074890814061,0.9791541466346154,0.9989357518949676,0.00423431396484375,0.765625,1.083984375,0.9605301914580265,0.9914728102326277,88.0,228,0,0.0016418389556974973,0.005195156635140502,0.09348147362470627,0.9961887896060944,0.09212076663970947,8.928682655096054e-05,0.0005906145088374615,0.0016736870631575585,0.002822190581359991,0.05134054966239628,0.6111111111111112,0.002965860068798065,33.217218971326055,33.217218971326055,0.7083333333333334,pool=bf16_values_torch_sum_acc_fp32,score=bf16_values_torch_matmul_acc_fp32
R5,29,0.95,"repr=nvfp4, pool=bf16/native, score=bf16/native",bf16_acc_fp32,nvfp4,native,1440,0.9510479261321999,0.03800530804068947,0.8733464677737123,0.9749098557692307,0.9989357518949676,0.0025482177734375,0.5625,0.65234375,0.9540550563975696,0.9859764284648664,76.0,216,0,0.002597425568418233,0.004557349857863591,0.1800675168633461,0.9851964712142944,0.17651661485433578,0.0001631658524274826,0.0012631826102733612,0.0032124586403369905,0.003484880832211287,0.05595085811691662,0.5986111111111111,0.0030321404337882996,18.583180173289648,18.583180173289648,0.7013888888888888,pool=bf16_values_torch_sum_acc_fp32,score=bf16_values_torch_matmul_acc_fp32
R5,3,0.8,"repr=nvfp4, pool=bf16/native, score=bf16/native",bf16_acc_fp32,nvfp4,native,1440,0.9789481591296053,0.010714158002128604,0.9614669344640333,0.9893621055825244,0.9997124132178508,0.00428009033203125,0.76171875,1.095703125,0.9803229440480661,0.9943274212456983,101.0,236,0,0.0010217019164659247,0.0032902162205100897,0.10363596677780151,0.9957620203495026,0.10347070917487144,2.672639675438404e-05,0.0002726614475250244,0.0004940193146467208,0.001397632667324348,0.009814327217373704,0.5708333333333333,0.0012117959558963776,45.340790493862656,45.340790493862656,0.6486111111111111,pool=bf16_values_torch_sum_acc_fp32,score=bf16_values_torch_matmul_acc_fp32
R5,3,0.9,"repr=nvfp4, pool=bf16/native, score=bf16/native",bf16_acc_fp32,nvfp4,native,1440,0.9714179933358016,0.015197771441291308,0.9440671778021177,0.9855018028846154,0.9997124132178508,0.0029449462890625,0.6171875,0.75390625,0.9737563940988954,0.9905794392523365,91.5,229,0,0.001494230728168438,0.0031277313612699913,0.19827449321746826,0.9847870171070099,0.1980890929698944,9.47117805480957e-05,0.0006237286143004894,0.0012397646903991699,0.0017902328715904536,0.01225962964713433,0.6041666666666666,0.001057356595993042,11.16393958464443,11.16393958464443,0.6145833333333334,pool=bf16_values_torch_sum_acc_fp32,score=bf16_values_torch_matmul_acc_fp32
R5,3,0.95,"repr=nvfp4, pool=bf16/native, score=bf16/native",bf16_acc_fp32,nvfp4,native,1440,0.9622641509433962,0.016761911113519434,0.9331837575000712,0.9807692307692307,0.9997124132178508,0.001953125,0.453125,0.5,0.9660316053758676,0.9859764284648664,72.0,219,0,0.002296914723062984,0.0027869760499222825,0.319672554731369,0.9582749903202057,0.31914031505584717,0.00027405843138694763,0.0013873036950826645,0.0025823861360549927,0.0022769000365349488,0.012454870040133598,0.6486111111111111,0.0010682940483093262,3.8980521157584245,3.8980521157584245,0.6006944444444444,pool=bf16_values_torch_sum_acc_fp32,score=bf16_values_torch_matmul_acc_fp32
R5,4,0.8,"repr=nvfp4, pool=bf16/native, score=bf16/native",bf16_acc_fp32,nvfp4,native,1440,0.9817368757280823,0.009980386237660843,0.9658540222172519,0.9907842839805825,0.9997751566396755,0.0037078857421875,0.71484375,0.94921875,0.9827054665764343,0.9951573849878934,92.0,225,0,0.0010073140883837023,0.0029795121032904293,0.08527025580406189,0.9969961047172546,0.08500685170292854,5.43924979865551e-05,0.00024467124603688717,0.0003804432228207588,0.0010870345488496365,0.007018031537192118,0.6493055555555556,0.0010014064610004425,18.41074593132261,18.41074593132261,0.6145833333333334,pool=bf16_values_torch_sum_acc_fp32,score=bf16_values_torch_matmul_acc_fp32
R5,4,0.9,"repr=nvfp4, pool=bf16/native, score=bf16/native",bf16_acc_fp32,nvfp4,native,1440,0.9762470308788599,0.011907192222369023,0.9518918502932767,0.9879807692307693,0.9997751566396755,0.00244140625,0.54296875,0.625,0.978155880823241,0.9919197964985785,82.0,220,0,0.0016434988917354918,0.0027824941842400095,0.1567017361521721,0.9899111688137054,0.15634403377771378,0.00010909140110015869,0.0005230261012911797,0.0009155601263046264,0.0011821304776558495,0.007739838288428415,0.6673611111111111,0.0007858052849769592,7.203182625324409,7.203182625324409,0.5993055555555555,pool=bf16_values_torch_sum_acc_fp32,score=bf16_values_torch_matmul_acc_fp32
R5,4,0.95,"repr=nvfp4, pool=bf16/native, score=bf16/native",bf16_acc_fp32,nvfp4,native,1440,0.966903073286052,0.012268315746932767,0.9450329559740697,0.9831730769230769,0.9997751566396755,0.001708984375,0.40234375,0.4375,0.9701050762172562,0.9865691687807789,73.0,203,0,0.002550563807124719,0.0026796761967687512,0.27804329991340637,0.9678829610347748,0.2777513563632965,0.0003157965838909149,0.0011337120085954666,0.0021874289959669113,0.0017222163386428886,0.009541852838104948,0.7111111111111111,0.001009143888950348,3.1955503651012727,3.1955503651012727,0.5868055555555556,pool=bf16_values_torch_sum_acc_fp32,score=bf16_values_torch_matmul_acc_fp32
R5,5,0.8,"repr=nvfp4, pool=bf16/native, score=bf16/native",bf16_acc_fp32,nvfp4,native,1440,0.9779461405746006,0.00730515017622313,0.9644626559880797,0.9888501213592233,0.999756430392827,0.004486083984375,0.78515625,1.1484375,0.9785398064080438,0.995685903500473,76.0,208,0,0.0010286650046969095,0.0038322923234146416,0.059961508959531784,0.9984011352062225,0.05952277220785618,5.453033372759819e-05,0.00022242264822125435,0.00048536062240600586,0.0019236854178962936,0.01425221485600528,0.6930555555555555,0.007462238892912865,136.84564870242437,136.84564870242437,0.7652777777777777,pool=bf16_values_torch_sum_acc_fp32,score=bf16_values_torch_matmul_acc_fp32
R5,5,0.9,"repr=nvfp4, pool=bf16/native, score=bf16/native",bf16_acc_fp32,nvfp4,native,1440,0.9712720272471494,0.010650869933861773,0.9540550458715596,0.9854266826923077,0.999756430392827,0.002960205078125,0.6171875,0.7578125,0.9722211960831117,0.9929635451755371,72.0,180,0,0.0016796254034311265,0.0035988507648832464,0.1172945387661457,0.9938147068023682,0.11728434637188911,7.957220077514648e-05,0.0004991469904780388,0.0009901005774736404,0.001840777866090643,0.018373448055373318,0.5993055555555555,0.005256488919258118,66.05936329588015,66.05936329588015,0.7701388888888889,pool=bf16_values_torch_sum_acc_fp32,score=bf16_values_torch_matmul_acc_fp32
R5,5,0.95,"repr=nvfp4, pool=bf16/native, score=bf16/native",bf16_acc_fp32,nvfp4,native,1440,0.9654510556621881,0.014505371095271613,0.9459143400087706,0.982421875,0.999756430392827,0.0017852783203125,0.41796875,0.45703125,0.9677753141167775,0.9892408846383742,60.0,139,0,0.0028796782947025086,0.003248748046595369,0.23084933310747147,0.9791626334190369,0.2301275059580803,0.00020663440227508545,0.0010153194889426231,0.0017313763499259948,0.002133099787827486,0.014331862892396772,0.6152777777777778,0.004163013771176338,20.146760294223697,20.146760294223697,0.7506944444444444,pool=bf16_values_torch_sum_acc_fp32,score=bf16_values_torch_matmul_acc_fp32
R5,6,0.8,"repr=nvfp4, pool=bf16/native, score=bf16/native",bf16_acc_fp32,nvfp4,native,1440,0.9841228037172204,0.00769743079193852,0.9682018362319921,0.9919978762135923,0.9998651658798773,0.0032196044921875,0.65625,0.82421875,0.9851684547336721,0.9939503932244405,111.0,222,0,0.001083377905104283,0.0025342212298751663,0.149992935359478,0.9910304844379425,0.15002138167619705,1.9572675228118896e-05,0.00026825908571481705,0.0004330188035964966,0.0007945906982091896,0.004760503723033541,0.5402777777777777,0.0001874864101409912,9.578987438142368,9.578987438142368,0.5513888888888889,pool=bf16_values_torch_sum_acc_fp32,score=bf16_values_torch_matmul_acc_fp32
R5,6,0.9,"repr=nvfp4, pool=bf16/native, score=bf16/native",bf16_acc_fp32,nvfp4,native,1440,0.9767605922480078,0.013033551211908745,0.9544853912788136,0.9882436899038461,0.9998651658798773,0.00238800048828125,0.537109375,0.611328125,0.978891036123086,0.9888693861086313,106.0,213,0,0.001504692866275636,0.002490183992325143,0.2523406744003296,0.9748419523239136,0.25190621614456177,6.464030593633652e-05,0.0005009006708860397,0.000794939510524273,0.0008840895196254691,0.004981925473376081,0.5736111111111111,7.978081703186035e-05,1.2342270952497587,1.2342270952497587,0.4979166666666667,pool=bf16_values_torch_sum_acc_fp32,score=bf16_values_torch_matmul_acc_fp32
R5,6,0.95,"repr=nvfp4, pool=bf16/native, score=bf16/native",bf16_acc_fp32,nvfp4,native,1440,0.962698130828485,0.01997929698944989,0.9371221125265017,0.9809945913461539,0.9998651658798773,0.00193023681640625,0.44921875,0.494140625,0.9677753141167775,0.9821322215604527,91.0,197,0,0.002232382565806796,0.002429481352959468,0.3638659864664078,0.9495028257369995,0.36318209767341614,0.00023023784160614014,0.00106048583984375,0.0018336743116378785,0.0012440872292734766,0.006665099431653847,0.6548611111111111,9.243190288543701e-05,0.40146268849912625,0.40146268849912625,0.4666666666666667,pool=bf16_values_torch_sum_acc_fp32,score=bf16_values_torch_matmul_acc_fp32
R5,7,0.8,"repr=nvfp4, pool=bf16/native, score=bf16/native",bf16_acc_fp32,nvfp4,native,1440,0.9833019932305378,0.00784609327229513,0.9657074698076636,0.9915807038834952,0.9997293969871637,0.003387451171875,0.671875,0.8671875,0.9843467790487658,0.9946291463368508,101.0,217,0,0.0011245869807741907,0.0028837441772619175,0.10416753962635994,0.995490550994873,0.10421862453222275,3.995094448328018e-05,0.00020706653594970703,0.0003719419240951538,0.0010448106286374292,0.005827426098316805,0.6118055555555556,0.0005609914660453796,14.042007599599039,14.042007599599039,0.6451388888888889,pool=bf16_values_torch_sum_acc_fp32,score=bf16_values_torch_matmul_acc_fp32
R5,7,0.9,"repr=nvfp4, pool=bf16/native, score=bf16/native",bf16_acc_fp32,nvfp4,native,1440,0.9769807678027772,0.01318488772045956,0.9541913019118986,0.9883563701923077,0.9997293969871637,0.0023651123046875,0.52734375,0.60546875,0.9785969084423306,0.9910260245288662,89.0,205,0,0.0016995707608920237,0.0027440035189090772,0.18001949787139893,0.9866272509098053,0.17978644371032715,7.621943950653076e-05,0.0003952011466026306,0.0007092736661434174,0.001141486360029005,0.006423154492204329,0.6263888888888889,0.0005155690014362335,6.764271749755621,6.764271749755621,0.6055555555555555,pool=bf16_values_torch_sum_acc_fp32,score=bf16_values_torch_matmul_acc_fp32
R5,7,0.95,"repr=nvfp4, pool=bf16/native, score=bf16/native",bf16_acc_fp32,nvfp4,native,1440,0.9657412876550502,0.020002891129967115,0.9385325596008833,0.9825721153846154,0.9997293969871637,0.00177001953125,0.41796875,0.453125,0.9683572379121692,0.9850879809126155,79.0,187,0,0.0024841008644488783,0.0026215137944203427,0.2800421118736267,0.9688346982002258,0.2800709903240204,0.0001339241862297058,0.0007735230028629303,0.0012745708227157593,0.001358446428625011,0.006344550729991833,0.6236111111111111,0.0006711035966873169,5.011070931849791,5.011070931849791,0.6027777777777777,pool=bf16_values_torch_sum_acc_fp32,score=bf16_values_torch_matmul_acc_fp32
R5,8,0.8,"repr=nvfp4, pool=bf16/native, score=bf16/native",bf16_acc_fp32,nvfp4,native,1440,0.9827054665764343,0.005142536785771257,0.9742363952681206,0.9912773058252428,0.9997789417816454,0.003509521484375,0.6953125,0.8984375,0.9830782536757794,0.9956103837130099,82.0,194,0,0.001141075688975835,0.003058675991929635,0.07915813848376274,0.9973025321960449,0.0791393406689167,1.938489731401205e-05,0.0002221614122390747,0.0003271043300628662,0.0011817551610066401,0.007410382139950579,0.5555555555555556,0.0007965918630361557,41.093427018586915,41.093427018586915,0.6388888888888888,pool=bf16_values_torch_sum_acc_fp32,score=bf16_values_torch_matmul_acc_fp32
R5,8,0.9,"repr=nvfp4, pool=bf16/native, score=bf16/native",bf16_acc_fp32,nvfp4,native,1440,0.9753672651728743,0.00794647140287763,0.9638563103931548,0.9875300480769231,0.9997789417816454,0.002532958984375,0.55859375,0.6484375,0.9764670974857206,0.9917707787835714,85.0,180,0,0.0016686409807018686,0.0029103270005015293,0.13153761625289917,0.9925276041030884,0.1318766251206398,6.217509508132935e-05,0.0004163086414337158,0.0005664929747581481,0.00130586099044321,0.0067901062995565226,0.5840277777777778,0.0007857009768486023,12.636908328340324,12.636908328340324,0.6270833333333333,pool=bf16_values_torch_sum_acc_fp32,score=bf16_values_torch_matmul_acc_fp32
R5,8,0.95,"repr=nvfp4, pool=bf16/native, score=bf16/native",bf16_acc_fp32,nvfp4,native,1440,0.9660316053758676,0.011027274157302536,0.9496049404384606,0.9827223557692307,0.9997789417816454,0.0017547607421875,0.41015625,0.44921875,0.9680662329982259,0.9868656716417911,72.0,160,0,0.002517139782585726,0.002729582998454465,0.21815581619739532,0.9801138341426849,0.21833015233278275,0.00017680414021015167,0.000692710280418396,0.0010021522641181946,0.0015233026906624958,0.006973649458725503,0.6451388888888889,0.001012176275253296,5.724844870997988,5.724844870997988,0.6388888888888888,pool=bf16_values_torch_sum_acc_fp32,score=bf16_values_torch_matmul_acc_fp32
R5,9,0.8,"repr=nvfp4, pool=bf16/native, score=bf16/native",bf16_acc_fp32,nvfp4,native,1440,0.9843467790487658,0.005467455043230651,0.9741661848239067,0.9921116504854369,0.999790425725308,0.003173828125,0.65234375,0.8125,0.9849816512159091,0.9956103837130099,81.0,226,0,0.0011975225548816729,0.00282022573252364,0.13391469419002533,0.9923797249794006,0.13423114269971848,1.5057623386383057e-05,0.00028439052402973175,0.0005797445774078369,0.0010949897798289163,0.006829982146367637,0.5291666666666667,0.0005562566220760345,36.94186046511628,36.94186046511628,0.6458333333333334,pool=bf16_values_torch_sum_acc_fp32,score=bf16_values_torch_matmul_acc_fp32
R5,9,0.9,"repr=nvfp4, pool=bf16/native, score=bf16/native",bf16_acc_fp32,nvfp4,native,1440,0.9790381327584925,0.008860474082281522,0.9625462096093689,0.9894080528846154,0.999790425725308,0.0021514892578125,0.48828125,0.55078125,0.9803629872061886,0.9919197964985785,85.0,193,0,0.0018730725285764594,0.0026690735341348055,0.21677225828170776,0.9811146557331085,0.21634960919618607,1.6238540410995483e-05,0.0003894716501235962,0.0006183460354804993,0.0009312625717187162,0.003614763730761139,0.5194444444444445,0.0005398541688919067,33.24523973388392,33.24523973388392,0.6458333333333334,pool=bf16_values_torch_sum_acc_fp32,score=bf16_values_torch_matmul_acc_fp32
R5,9,0.95,"repr=nvfp4, pool=bf16/native, score=bf16/native",bf16_acc_fp32,nvfp4,native,1440,0.969522118656606,0.013962217868206617,0.9444931346771839,0.9845252403846154,0.999790425725308,0.0015716552734375,0.3828125,0.40234375,0.9724403615350422,0.9865691687807789,74.0,186,0,0.002581033105355567,0.002583893503451344,0.3048603683710098,0.9631797075271606,0.3046976178884506,3.557652235031128e-05,0.0005884580314159393,0.0009184718132019043,0.000996717990640963,0.0030495117960253294,0.5381944444444444,0.0008093491196632385,22.749528795811518,22.749528795811518,0.6569444444444444,pool=bf16_values_torch_sum_acc_fp32,score=bf16_values_torch_matmul_acc_fp32
R5L,0,0.8,"repr=nvfp4, pool=bf16/low, score=bf16/low",bf16_acc_bf16,nvfp4,native,1440,0.947558903907231,0.021855771164284388,0.9191906356091148,0.9730734223300971,0.9993309841262779,0.010833740234375,0.9609375,2.7734375,0.9532575280565947,0.9624888359630842,103.0,222,0,0.0011201339456768822,0.010477760879335765,0.07032905146479607,0.9978917241096497,0.07027759402990341,2.1084444597363472e-05,0.0008174701360985637,0.0009775314480066299,0.006232756656279344,0.05763131730821765,0.55,0.00011450797319412231,5.4309219607540005,5.4309219607540005,0.5388888888888889,pool=bf16_values_sequential_acc_bf16,score=bf16_values_sequential_rank1_acc_bf16
R5L,0,0.9,"repr=nvfp4, pool=bf16/low, score=bf16/low",bf16_acc_bf16,nvfp4,native,1440,0.9280179593019046,0.029622715915960218,0.8794562687385937,0.9626652644230769,0.9993309841262779,0.0075836181640625,0.921875,1.94140625,0.9375591296121097,0.9432867439480415,101.0,213,0,0.0015783810294463913,0.01028436623790458,0.11710572242736816,0.9943070113658905,0.11654090136289597,-1.089833676815033e-05,0.002820409834384918,0.0024838224053382874,0.007621841120349684,0.08831486308512239,0.4930555555555556,0.0002354457974433899,-21.603828405400787,21.603828405400787,0.5819444444444445,pool=bf16_values_sequential_acc_bf16,score=bf16_values_sequential_rank1_acc_bf16
R5L,0,0.95,"repr=nvfp4, pool=bf16/low, score=bf16/low",bf16_acc_bf16,nvfp4,native,1440,0.90144265104985,0.03911394147710201,0.8297653411880216,0.9481670673076923,0.9993309841262779,0.0052642822265625,0.84765625,1.34765625,0.9181556195965418,0.9200923121303909,89.0,195,0,0.0021686827562488404,0.009930875048866843,0.18692471086978912,0.9845105707645416,0.18720756471157074,-0.0002869516611099243,0.0035077016800642014,0.0024703122675418855,0.008220824280994066,0.040456680864044095,0.4097222222222222,0.0007619559764862061,-2.6553461079088123,2.6553461079088123,0.5930555555555556,pool=bf16_values_sequential_acc_bf16,score=bf16_values_sequential_rank1_acc_bf16
R5L,1,0.8,"repr=nvfp4, pool=bf16/low, score=bf16/low",bf16_acc_bf16,nvfp4,native,1440,0.9508008730070654,0.027372339842691384,0.8996776111720504,0.974780036407767,0.9992857006244422,0.0101470947265625,0.97265625,2.59765625,0.9602639166700632,0.9603367848713911,88.0,229,0,0.000985681501717126,0.009198010964098292,0.04833037406206131,0.9989861845970154,0.04689733125269413,8.215801790356636e-05,0.0007417988963425159,0.0012252751737833023,0.009049426747335632,0.060558257203022034,0.6118055555555556,0.022272187983617187,271.08964592791597,271.08964592791597,0.8534722222222222,pool=bf16_values_sequential_acc_bf16,score=bf16_values_sequential_rank1_acc_bf16
R5L,1,0.9,"repr=nvfp4, pool=bf16/low, score=bf16/low",bf16_acc_bf16,nvfp4,native,1440,0.9359389227553165,0.03273154433282466,0.864556341480496,0.9669095552884616,0.9992857006244422,0.00672149658203125,0.91015625,1.720703125,0.9469104204753199,0.9464834040064337,87.0,226,0,0.0015111026599233315,0.008901003178940266,0.09703236818313599,0.9961245059967041,0.09681206569075584,0.00023712590336799622,0.001774556003510952,0.0027512013912200928,0.009449330257592954,0.05924861766111481,0.5965277777777778,0.018869075924158096,79.57408134730493,79.57408134730493,0.7902777777777777,pool=bf16_values_sequential_acc_bf16,score=bf16_values_sequential_rank1_acc_bf16
R5L,1,0.95,"repr=nvfp4, pool=bf16/low, score=bf16/low",bf16_acc_bf16,nvfp4,native,1440,0.9231436001155735,0.031856002080894785,0.8432056982451213,0.9600360576923077,0.9992857006244422,0.004058837890625,0.7578125,1.0390625,0.9377001455604076,0.9337594421847762,69.0,219,0,0.0023914707145881136,0.007760710494294286,0.19562779366970062,0.983886331319809,0.1912045031785965,0.00034007802605628967,0.0035393722355365753,0.006105855107307434,0.009094995185896458,0.051417935668211734,0.5826388888888889,0.009413285180926323,27.679780696469454,27.679780696469454,0.7381944444444445,pool=bf16_values_sequential_acc_bf16,score=bf16_values_sequential_rank1_acc_bf16
R5L,10,0.8,"repr=nvfp4, pool=bf16/low, score=bf16/low",bf16_acc_bf16,nvfp4,native,1440,0.9698192141042881,0.01706814890539532,0.9212812487045255,0.9846783980582524,0.9995718433886679,0.00616455078125,0.8828125,1.578125,0.9815879457408033,0.9738004341642339,111.0,240,0,0.0011285735961880602,0.0059912980723946276,0.16000133007764816,0.9893171787261963,0.1598263755440712,-1.938268542289734e-05,0.00038765743374824524,0.00042391866445541383,0.0012766598652184146,0.004899031595729266,0.46944444444444444,4.057958722114563e-05,-2.0935998462425522,2.0935998462425522,0.5111111111111111,pool=bf16_values_sequential_acc_bf16,score=bf16_values_sequential_rank1_acc_bf16
R5L,10,0.9,"repr=nvfp4, pool=bf16/low, score=bf16/low",bf16_acc_bf16,nvfp4,native,1440,0.9503333089150978,0.03364665879893569,0.8744015770205575,0.9745342548076923,0.9995718433886679,0.0051727294921875,0.828125,1.32421875,0.9741954619605517,0.9544136565143977,104.0,233,0,0.0016064343841063903,0.0068450550387899965,0.2509918212890625,0.974249005317688,0.25124941766262054,-3.1322240829467773e-05,0.0006556510925292969,0.000870022177696228,0.0014238369249101404,0.006405242464080654,0.46458333333333335,-0.00020872056484222412,6.663653663177926,6.663653663177926,0.46944444444444444,pool=bf16_values_sequential_acc_bf16,score=bf16_values_sequential_rank1_acc_bf16
R5L,10,0.95,"repr=nvfp4, pool=bf16/low, score=bf16/low",bf16_acc_bf16,nvfp4,native,1440,0.9207849461492514,0.04883767638497927,0.8315653400294785,0.9587590144230769,0.9995718433886679,0.00418853759765625,0.7578125,1.072265625,0.9611078373600471,0.925786628520608,96.0,214,0,0.002247923241021383,0.0073980720239751555,0.3524559438228607,0.9487892091274261,0.35242003202438354,-3.626197576522827e-05,0.0012340173125267029,0.0016493797302246094,0.001784335469708273,0.007748379092546438,0.4826388888888889,-0.0007044970989227295,19.42798438463119,19.42798438463119,0.4618055555555556,pool=bf16_values_sequential_acc_bf16,score=bf16_values_sequential_rank1_acc_bf16
R5L,11,0.8,"repr=nvfp4, pool=bf16/low, score=bf16/low",bf16_acc_bf16,nvfp4,native,1440,0.9715866606849111,0.01223433474421276,0.9443097742752407,0.9855885922330098,0.9995540716596222,0.00579833984375,0.87109375,1.484375,0.9809924495698884,0.9755010301554599,111.0,217,0,0.001144430329551185,0.005863745615681783,0.12118449434638023,0.9936578869819641,0.12106186151504517,2.9727816581726074e-06,0.0003993930295109749,0.0005659818649291992,0.0015870109730001156,0.00680184583151634,0.50625,0.000837273895740509,281.6466165413534,281.6466165413534,0.6034722222222222,pool=bf16_values_sequential_acc_bf16,score=bf16_values_sequential_rank1_acc_bf16
R5L,11,0.9,"repr=nvfp4, pool=bf16/low, score=bf16/low",bf16_acc_bf16,nvfp4,native,1440,0.9556339062729543,0.023141640166982835,0.9052526119937025,0.9773137019230769,0.9995540716596222,0.004608154296875,0.80078125,1.1796875,0.9744882824087808,0.9602414960977764,97.0,220,0,0.001753716815954506,0.0065346359177088755,0.1897425353527069,0.9846813976764679,0.1893426701426506,4.4345855712890625e-05,0.0006203129887580872,0.0010364338755607604,0.0016717199028379072,0.005607910499076404,0.5472222222222223,0.0006645917892456055,14.986559139784946,14.986559139784946,0.5791666666666667,pool=bf16_values_sequential_acc_bf16,score=bf16_values_sequential_rank1_acc_bf16
R5L,11,0.95,"repr=nvfp4, pool=bf16/low, score=bf16/low",bf16_acc_bf16,nvfp4,native,1440,0.9301145425547339,0.037974929144888536,0.8563659182819692,0.9637920673076923,0.9995540716596222,0.0036773681640625,0.71484375,0.94140625,0.9628428192273666,0.936854357631311,85.0,197,0,0.002463373914175237,0.0069962252181430575,0.28346602618694305,0.9648751318454742,0.28312958776950836,6.474554538726807e-05,0.0011191591620445251,0.0018606454133987427,0.0020093628221402723,0.007781783597687256,0.5333333333333333,0.0009494051337242126,14.663636363636364,14.663636363636364,0.5666666666666667,pool=bf16_values_sequential_acc_bf16,score=bf16_values_sequential_rank1_acc_bf16
R5L,12,0.8,"repr=nvfp4, pool=bf16/low, score=bf16/low",bf16_acc_bf16,nvfp4,native,1440,0.9690837129415278,0.0157660911007651,0.9064971892895024,0.9842991504854369,0.999668478612023,0.006317138671875,0.8984375,1.6171875,0.9798025303149754,0.9729881402222306,120.0,246,0,0.0011228016536718004,0.00647972928008878,0.09642811864614487,0.996027022600174,0.09641782939434052,-1.4230608940124512e-06,0.00031759124249219894,0.0003675520420074463,0.0015967968146002704,0.0070103672681243,0.49444444444444446,0.0013012513518333435,-914.4031413612565,914.4031413612565,0.6229166666666667,pool=bf16_values_sequential_acc_bf16,score=bf16_values_sequential_rank1_acc_bf16
R5L,12,0.9,"repr=nvfp4, pool=bf16/low, score=bf16/low",bf16_acc_bf16,nvfp4,native,1440,0.9540550458715596,0.02677476756962993,0.8684754426595648,0.9764873798076923,0.999668478612023,0.0047760009765625,0.8203125,1.22265625,0.9717099903725098,0.9593759199293495,97.0,236,0,0.0017683823789727848,0.007014337279951804,0.1590145379304886,0.9895436465740204,0.15933052450418472,5.256384611129761e-06,0.0006307493895292282,0.0006142314523458481,0.001962213442145553,0.007606461589022634,0.50625,0.0015765801072120667,299.93621545003543,299.93621545003543,0.6194444444444445,pool=bf16_values_sequential_acc_bf16,score=bf16_values_sequential_rank1_acc_bf16
R5L,12,0.95,"repr=nvfp4, pool=bf16/low, score=bf16/low",bf16_acc_bf16,nvfp4,native,1440,0.9315147997678468,0.05629859804125148,0.8136116254977921,0.9645432692307693,0.999668478612023,0.00360107421875,0.71484375,0.921875,0.9599528857479388,0.9375591398737855,79.0,218,0,0.002538124746638532,0.007074524998158107,0.24767233431339264,0.9741575121879578,0.24781609326601028,-6.32554292678833e-06,0.0012225210666656494,0.0011193931102752685,0.0024643557661330477,0.008846329471902165,0.4965277777777778,0.0020984113216400146,-331.736160188457,331.736160188457,0.6180555555555556,pool=bf16_values_sequential_acc_bf16,score=bf16_values_sequential_rank1_acc_bf16
R5L,13,0.8,"repr=nvfp4, pool=bf16/low, score=bf16/low",bf16_acc_bf16,nvfp4,native,1440,0.9733572818440354,0.018965235581021367,0.9334922089825849,0.986498786407767,0.9991707926325335,0.00543212890625,0.84375,1.390625,0.9834511809839025,0.9761672787229259,112.0,236,0,0.0012897254743969445,0.0061899984104407625,0.12590787559747696,0.9930552542209625,0.1258113533258438,-2.2463500499725342e-05,0.00029559899121522903,0.0003248799592256546,0.001289402326126667,0.005320875583384413,0.4548611111111111,0.0002245865762233734,-9.997844112769485,9.997844112769485,0.5395833333333333,pool=bf16_values_sequential_acc_bf16,score=bf16_values_sequential_rank1_acc_bf16
R5L,13,0.9,"repr=nvfp4, pool=bf16/low, score=bf16/low",bf16_acc_bf16,nvfp4,native,1440,0.9521924035782373,0.030961874470678885,0.896539449690738,0.9755108173076923,0.9991707926325335,0.004974365234375,0.81640625,1.2734375,0.9749276759884281,0.956496178718401,109.0,226,0,0.0016950579155340202,0.007280685459448799,0.1957157850265503,0.9829911887645721,0.19571303576231003,-3.5256147384643555e-05,0.0005988702178001404,0.0006369829177856445,0.0014894499017624107,0.005278889762787604,0.4625,0.0003463625907897949,-9.824175824175825,9.824175824175825,0.5395833333333333,pool=bf16_values_sequential_acc_bf16,score=bf16_values_sequential_rank1_acc_bf16
R5L,13,0.95,"repr=nvfp4, pool=bf16/low, score=bf16/low",bf16_acc_bf16,nvfp4,native,1440,0.910173626058258,0.04249307975079608,0.8457869481308377,0.9529747596153846,0.9991707926325335,0.0047760009765625,0.81640625,1.22265625,0.9573592118806058,0.9151201266004891,111.0,211,0,0.0020914292711501454,0.007903264110472747,0.29977506399154663,0.9607216715812683,0.2993738353252411,-9.388476610183716e-05,0.0010951273143291473,0.0012329399585723877,0.0019393494039883037,0.00809849065069351,0.4618055555555556,0.00035500526428222656,-3.7812871994286166,3.7812871994286166,0.5173611111111112,pool=bf16_values_sequential_acc_bf16,score=bf16_values_sequential_rank1_acc_bf16
R5L,14,0.8,"repr=nvfp4, pool=bf16/low, score=bf16/low",bf16_acc_bf16,nvfp4,native,1440,0.9695985060690943,0.011619283327518382,0.9476991659941818,0.9845646237864077,0.9994031982831186,0.0062103271484375,0.88671875,1.58984375,0.9813645927261797,0.972914328469884,116.5,216,0,0.001185880564503691,0.006522982602469387,0.14404203742742538,0.9914226830005646,0.14414198696613312,-2.6129186153411865e-05,0.00035904906690120697,0.000308585911989212,0.0012868144424728043,0.00449015125716442,0.4583333333333333,0.0005168803036212921,-19.781722269746222,19.781722269746222,0.5958333333333333,pool=bf16_values_sequential_acc_bf16,score=bf16_values_sequential_rank1_acc_bf16
R5L,14,0.9,"repr=nvfp4, pool=bf16/low, score=bf16/low",bf16_acc_bf16,nvfp4,native,1440,0.949833390874764,0.022137239074940807,0.9061802010205791,0.9742713341346154,0.9994031982831186,0.00522613525390625,0.83984375,1.337890625,0.9728788440163023,0.9540550458715596,106.5,206,0,0.00164337920655728,0.007258613873776973,0.21210845559835434,0.98158860206604,0.2123768925666809,-3.119558095932007e-05,0.0006464645266532898,0.0005718886852264405,0.0015170056570052214,0.004517337588452063,0.46597222222222223,0.0006038248538970947,-19.356102221160736,19.356102221160736,0.5944444444444444,pool=bf16_values_sequential_acc_bf16,score=bf16_values_sequential_rank1_acc_bf16
R5L,14,0.95,"repr=nvfp4, pool=bf16/low, score=bf16/low",bf16_acc_bf16,nvfp4,native,1440,0.9195385724585436,0.04666996313996297,0.8547881524696128,0.9580829326923077,0.9994031982831186,0.0042572021484375,0.76953125,1.08984375,0.9605301914580265,0.9250903832248735,95.0,198,0,0.002248531775982739,0.007631518012794908,0.29287947714328766,0.9648079574108124,0.29282447695732117,-2.810731530189514e-05,0.0009567402303218842,0.0009861737489700317,0.0016348290394530372,0.00553670366715843,0.47708333333333336,0.0011012405157089233,-39.179854208084826,39.179854208084826,0.5986111111111111,pool=bf16_values_sequential_acc_bf16,score=bf16_values_sequential_rank1_acc_bf16
R5L,15,0.8,"repr=nvfp4, pool=bf16/low, score=bf16/low",bf16_acc_bf16,nvfp4,native,1440,0.9653778074466242,0.02264204620401411,0.9068349749560622,0.9823839502427185,0.9996374148981151,0.00708770751953125,0.90234375,1.814453125,0.9779090489843711,0.9707393642785398,126.0,239,0,0.0010437385095944166,0.006473647495675382,0.18648792803287506,0.9856277108192444,0.1864970475435257,-3.254413604736328e-05,0.00046134740114212036,0.0005928739905357361,0.0012453373739766925,0.005267950719844454,0.4527777777777778,-0.0005690231919288635,17.48466117216117,17.48466117216117,0.4041666666666667,pool=bf16_values_sequential_acc_bf16,score=bf16_values_sequential_rank1_acc_bf16
R5L,15,0.9,"repr=nvfp4, pool=bf16/low, score=bf16/low",bf16_acc_bf16,nvfp4,native,1440,0.9457010293819788,0.036534171283222006,0.8712398088276638,0.9720928485576923,0.9996374148981151,0.00566864013671875,0.859375,1.451171875,0.9680662329982259,0.9518346127907908,117.0,236,0,0.0015052312295927859,0.007138974336925401,0.2692175954580307,0.9697568714618683,0.26940159499645233,-3.470480442047119e-05,0.0007672794163227081,0.0007851719856262207,0.0012961183458237006,0.0048280725891896225,0.47152777777777777,-0.000970594584941864,27.967153284671532,27.967153284671532,0.4166666666666667,pool=bf16_values_sequential_acc_bf16,score=bf16_values_sequential_rank1_acc_bf16
R5L,15,0.95,"repr=nvfp4, pool=bf16/low, score=bf16/low",bf16_acc_bf16,nvfp4,native,1440,0.9096255917371969,0.05724464031542664,0.8255497441583725,0.9526742788461539,0.9996374148981151,0.0048065185546875,0.8046875,1.23046875,0.9530516431924883,0.9167746580273578,111.0,221,0,0.0020140303384590568,0.007702862923004417,0.3778377175331116,0.942275881767273,0.37830474972724915,-0.00011618435382843018,0.001229412853717804,0.0011654704809188842,0.001648256272788155,0.005061784623777555,0.4354166666666667,-0.001071631908416748,9.223547518276261,9.223547518276261,0.4513888888888889,pool=bf16_values_sequential_acc_bf16,score=bf16_values_sequential_rank1_acc_bf16
R5L,16,0.8,"repr=nvfp4, pool=bf16/low, score=bf16/low",bf16_acc_bf16,nvfp4,native,1440,0.968128382160851,0.02355011572943655,0.9089160099954781,0.9838061286407767,0.9996419189139522,0.0065155029296875,0.890625,1.66796875,0.9798025303149754,0.971218181138564,123.0,234,0,0.0011562776060636297,0.007101115998676832,0.12066957727074623,0.994126170873642,0.12059247121214867,-2.4038366973400116e-05,0.00035171210765838623,0.0002510387450456619,0.0016711532548411932,0.005834222099689446,0.4479166666666667,0.0006265491247177124,-26.06454612374569,26.06454612374569,0.6152777777777778,pool=bf16_values_sequential_acc_bf16,score=bf16_values_sequential_rank1_acc_bf16
R5L,16,0.9,"repr=nvfp4, pool=bf16/low, score=bf16/low",bf16_acc_bf16,nvfp4,native,1440,0.9453456086511763,0.045234783404012435,0.8689935504085851,0.9719050480769231,0.9996419189139522,0.005706787109375,0.8671875,1.4609375,0.9706883789785344,0.9489769800276793,125.0,229,0,0.0016262872822143974,0.008273715469554533,0.19416075199842453,0.9846198558807373,0.19393815845251083,-3.574788570404053e-05,0.0006710737943649292,0.0004982590675354004,0.001832747339332167,0.00599551596124474,0.4638888888888889,0.0010330155491828918,-28.89724885368904,28.89724885368904,0.6055555555555555,pool=bf16_values_sequential_acc_bf16,score=bf16_values_sequential_rank1_acc_bf16
R5L,16,0.95,"repr=nvfp4, pool=bf16/low, score=bf16/low",bf16_acc_bf16,nvfp4,native,1440,0.9098995695839311,0.06958781494925259,0.8175612084951244,0.9528245192307693,0.9996419189139522,0.004791259765625,0.8046875,1.2265625,0.956496178718401,0.9151201266004891,108.5,211,0,0.0023655111122259844,0.008578637249530978,0.2853955328464508,0.9664922654628754,0.2846301794052124,-2.4981796741485596e-05,0.0011271052062511444,0.001076914370059967,0.002211549148044838,0.006667618698252003,0.4875,0.0017893388867378235,-71.62570832090665,71.62570832090665,0.6111111111111112,pool=bf16_values_sequential_acc_bf16,score=bf16_values_sequential_rank1_acc_bf16
R5L,17,0.8,"repr=nvfp4, pool=bf16/low, score=bf16/low",bf16_acc_bf16,nvfp4,native,1440,0.9712918660287081,0.008174168487214972,0.9403072958088823,0.9854368932038835,0.9995783568294154,0.005859375,0.87890625,1.5,0.9782429289519093,0.9760932289129539,77.0,229,0,0.0011513774325648941,0.00589395109886061,0.07436955720186234,0.9975987076759338,0.07429240271449089,3.3046118915081024e-05,0.00039522210136055946,0.0006159234791994095,0.0027946086072648912,0.011471132466413504,0.5729166666666666,0.003195621073246002,96.70185722740467,96.70185722740467,0.8333333333333334,pool=bf16_values_sequential_acc_bf16,score=bf16_values_sequential_rank1_acc_bf16
R5L,17,0.9,"repr=nvfp4, pool=bf16/low, score=bf16/low",bf16_acc_bf16,nvfp4,native,1440,0.9585111078416949,0.018702227051094922,0.9150994672679478,0.9788161057692307,0.9995783568294154,0.004302978515625,0.783203125,1.1015625,0.972732661529342,0.9635666347075743,73.0,209,0,0.001825078644272526,0.006222658105647397,0.14167441427707672,0.9910433888435364,0.14164262264966965,3.486126661300659e-05,0.0007310528308153152,0.0007717609405517578,0.002533686486724156,0.010767257876060869,0.5305555555555556,0.00262315571308136,75.24556529172901,75.24556529172901,0.8305555555555556,pool=bf16_values_sequential_acc_bf16,score=bf16_values_sequential_rank1_acc_bf16
R5L,17,0.95,"repr=nvfp4, pool=bf16/low, score=bf16/low",bf16_acc_bf16,nvfp4,native,1440,0.9425069312709762,0.03497528155980556,0.8780905908655099,0.9704026442307693,0.9995783568294154,0.0030059814453125,0.640625,0.76953125,0.964870848708487,0.9473376243417203,59.0,170,0,0.002857551615935367,0.006355327290551897,0.22782345861196518,0.9776391983032227,0.22790737450122833,5.59389591217041e-05,0.001148667186498642,0.0011940136551856994,0.0026105528366066376,0.009529326035896584,0.5458333333333333,0.0036194100975990295,64.70285029302077,64.70285029302077,0.8527777777777777,pool=bf16_values_sequential_acc_bf16,score=bf16_values_sequential_rank1_acc_bf16
R5L,18,0.8,"repr=nvfp4, pool=bf16/low, score=bf16/low",bf16_acc_bf16,nvfp4,native,1440,0.9669538622207303,0.01386022223944039,0.9418684137586235,0.9831993325242718,0.9991919608764558,0.0067596435546875,0.91015625,1.73046875,0.9766116941529236,0.9735049771723674,101.5,225,0,0.0010248487727830477,0.006192771840006712,0.22020959109067917,0.9807412326335907,0.2202441394329071,-4.650279879570007e-05,0.0011072754859924316,0.0016144007444381715,0.0026861956072182377,0.010170068346563614,0.4625,0.0023086294531822205,-49.64495714171273,49.64495714171273,0.7131944444444445,pool=bf16_values_sequential_acc_bf16,score=bf16_values_sequential_rank1_acc_bf16
R5L,18,0.9,"repr=nvfp4, pool=bf16/low, score=bf16/low",bf16_acc_bf16,nvfp4,native,1440,0.9572153201499669,0.034408688160513456,0.9053753301633215,0.9781400240384616,0.9991919608764558,0.0044403076171875,0.78515625,1.13671875,0.9720751110342992,0.9645808736717828,80.0,213,0,0.0018098458916863697,0.006555957076222638,0.34940139949321747,0.9530415236949921,0.3500274121761322,-0.00015021860599517822,0.0014940276741981506,0.0018364325165748595,0.002353190883798875,0.008570230283349764,0.42916666666666664,0.0022686272859573364,-15.102172403531396,15.102172403531396,0.7034722222222223,pool=bf16_values_sequential_acc_bf16,score=bf16_values_sequential_rank1_acc_bf16
R5L,18,0.95,"repr=nvfp4, pool=bf16/low, score=bf16/low",bf16_acc_bf16,nvfp4,native,1440,0.9270411117544876,0.04083992803702863,0.8558483200892235,0.9621394230769231,0.9991919608764558,0.00384521484375,0.734375,0.984375,0.956208670095518,0.9360093077370564,82.0,201,0,0.0022912665288762893,0.0070919937223393546,0.5333864688873291,0.8951412737369537,0.5342652797698975,-0.00013557076454162598,0.0022039413452148438,0.002754402160644531,0.0023684643074004786,0.007416082105354066,0.46597222222222223,0.004349619150161743,-32.083754671356346,32.083754671356346,0.7361111111111112,pool=bf16_values_sequential_acc_bf16,score=bf16_values_sequential_rank1_acc_bf16
R5L,19,0.8,"repr=nvfp4, pool=bf16/low, score=bf16/low",bf16_acc_bf16,nvfp4,native,1440,0.9694513948537924,0.015216625738852074,0.9401752325017034,0.9844887742718447,0.9988018783387769,0.0062408447265625,0.890625,1.59765625,0.9788739007697665,0.9738004341642339,104.0,218,0,0.0011687916847368434,0.00645339284394101,0.10220460593700409,0.9957909882068634,0.10232561081647873,-2.1435320377349854e-05,0.00044996291399002075,0.000377538800239563,0.0021336437445885364,0.013577656963800259,0.46805555555555556,0.0021164342761039734,-98.73583594021551,98.73583594021551,0.7104166666666667,pool=bf16_values_sequential_acc_bf16,score=bf16_values_sequential_rank1_acc_bf16
R5L,19,0.9,"repr=nvfp4, pool=bf16/low, score=bf16/low",bf16_acc_bf16,nvfp4,native,1440,0.9539116395126963,0.02890811316800701,0.9061938430975198,0.9764122596153846,0.9988018783387769,0.004791259765625,0.8125,1.2265625,0.9724403615350422,0.9586551901714118,96.0,213,0,0.0017788212068432685,0.007110907050178699,0.16186390072107315,0.9893150627613068,0.16218668222427368,-2.1364539861679077e-05,0.0007353527471423149,0.0006849035620689392,0.0022145383788075832,0.009877806364367907,0.4736111111111111,0.001966584473848343,-92.04899738448125,92.04899738448125,0.71875,pool=bf16_values_sequential_acc_bf16,score=bf16_values_sequential_rank1_acc_bf16
R5L,19,0.95,"repr=nvfp4, pool=bf16/low, score=bf16/low",bf16_acc_bf16,nvfp4,native,1440,0.9221716943740481,0.04603335144843301,0.866504022325908,0.9595102163461539,0.9988018783387769,0.00411224365234375,0.765625,1.052734375,0.9586552007719363,0.9287163141118516,87.5,193,0,0.002367991295357783,0.007546571046521617,0.2424602210521698,0.9761878550052643,0.24424979090690613,-3.0174851417541504e-05,0.0013060737401247025,0.0012917913496494292,0.002578553650209412,0.010242891694226128,0.48055555555555557,0.0034184157848358154,-113.28691358024692,113.28691358024692,0.75625,pool=bf16_values_sequential_acc_bf16,score=bf16_values_sequential_rank1_acc_bf16
R5L,2,0.8,"repr=nvfp4, pool=bf16/low, score=bf16/low",bf16_acc_bf16,nvfp4,native,1440,0.9548504281424918,0.014213587986960818,0.9371819103068896,0.976903822815534,0.9993164800044957,0.0092926025390625,0.9609375,2.37890625,0.960227483923726,0.9630732578916021,88.0,205,0,0.0009751327048517261,0.008389545576017914,0.05360783822834492,0.9986507296562195,0.05215287208557129,8.557550609111786e-05,0.0005519706755876541,0.0013140767812728881,0.004673189002825873,0.03113327135043419,0.6506944444444445,0.012515850365161896,146.25505517706725,146.25505517706725,0.7270833333333333,pool=bf16_values_sequential_acc_bf16,score=bf16_values_sequential_rank1_acc_bf16
R5L,2,0.9,"repr=nvfp4, pool=bf16/low, score=bf16/low",bf16_acc_bf16,nvfp4,native,1440,0.940807697915148,0.025298131969971105,0.8968164388212123,0.9695012019230769,0.9993164800044957,0.006195068359375,0.88671875,1.5859375,0.951977714416073,0.9487629922412532,81.0,190,0,0.0015467086815550966,0.008049503115545038,0.1119733564555645,0.9945473968982697,0.10970661789178848,0.0002644839696586132,0.00163302943110466,0.006870770454406738,0.007621658180893637,0.052007084302260996,0.6486111111111111,0.010987438261508942,41.54292706545183,41.54292706545183,0.7041666666666667,pool=bf16_values_sequential_acc_bf16,score=bf16_values_sequential_rank1_acc_bf16
R5L,2,0.95,"repr=nvfp4, pool=bf16/low, score=bf16/low",bf16_acc_bf16,nvfp4,native,1440,0.9164987042902389,0.036933363570603395,0.8290487967652023,0.9564302884615384,0.9993164800044957,0.004425048828125,0.7890625,1.1328125,0.9337594421847762,0.9298347347057118,68.0,180,0,0.0023730480337720325,0.007881614937151874,0.24692724645137787,0.9760115146636963,0.24632468074560165,0.000756382942199707,0.004184059798717499,0.009438424557447433,0.009419765009278767,0.05332299414073817,0.6423611111111112,0.008778110146522522,11.605378250591016,11.605378250591016,0.7006944444444444,pool=bf16_values_sequential_acc_bf16,score=bf16_values_sequential_rank1_acc_bf16
R5L,20,0.8,"repr=nvfp4, pool=bf16/low, score=bf16/low",bf16_acc_bf16,nvfp4,native,1440,0.9649018219754835,0.01010163699540656,0.9455471113406626,0.9821374393203883,0.9995202846210642,0.0071868896484375,0.9296875,1.83984375,0.9726191366798833,0.9713655564277971,83.0,226,0,0.0011714808078827621,0.0077193883172509675,0.043103745207190514,0.9991294145584106,0.043014874681830406,3.65646556019783e-05,0.0002618832513689995,0.0005136349238455296,0.003481902425798284,0.028020618624886924,0.6138888888888889,0.014980295673012733,409.69333435215606,409.69333435215606,0.9388888888888889,pool=bf16_values_sequential_acc_bf16,score=bf16_values_sequential_rank1_acc_bf16
R5L,20,0.9,"repr=nvfp4, pool=bf16/low, score=bf16/low",bf16_acc_bf16,nvfp4,native,1440,0.9501904482859654,0.017612767295384524,0.9104409073238957,0.9744591346153846,0.9995202846210642,0.00518798828125,0.84375,1.328125,0.9638563103931548,0.9583670467083486,77.0,214,0,0.0018198550607557494,0.00799956180877305,0.08519772067666054,0.9968427121639252,0.08442166447639465,0.00010035838931798935,0.0005888072773814201,0.0010969117283821106,0.003954959554049861,0.03279402074161447,0.6118055555555556,0.011311884969472885,112.7148915635817,112.7148915635817,0.9201388888888888,pool=bf16_values_sequential_acc_bf16,score=bf16_values_sequential_rank1_acc_bf16
R5L,20,0.95,"repr=nvfp4, pool=bf16/low, score=bf16/low",bf16_acc_bf16,nvfp4,native,1440,0.9273201100332995,0.029211865230344136,0.866504022325908,0.9622896634615384,0.9995202846210642,0.0038299560546875,0.7421875,0.98046875,0.9507620164126612,0.9377001455604076,68.0,216,0,0.0026231938438412736,0.007983258307213992,0.15646220743656158,0.9894255101680756,0.15579777210950851,0.0003245212137699127,0.001388154923915863,0.002363724261522293,0.005246979330197833,0.03406114747351949,0.6576388888888889,0.011707557365298271,36.07640076682011,36.07640076682011,0.9104166666666667,pool=bf16_values_sequential_acc_bf16,score=bf16_values_sequential_rank1_acc_bf16
R5L,21,0.8,"repr=nvfp4, pool=bf16/low, score=bf16/low",bf16_acc_bf16,nvfp4,native,1440,0.9639505437211381,0.010592330105339998,0.9396043629103786,0.9816444174757282,0.9992914801164763,0.00738525390625,0.9375,1.890625,0.9719184107702292,0.9696352879938359,102.0,224,0,0.001021631844806433,0.007049028558582878,0.07186480239033699,0.9978464245796204,0.07172318547964096,6.484892219305038e-05,0.00036460254341363907,0.0007462009787559509,0.0033938834168701047,0.01747600023382024,0.6347222222222222,0.010344584472477436,159.5182174606138,159.5182174606138,0.8430555555555556,pool=bf16_values_sequential_acc_bf16,score=bf16_values_sequential_rank1_acc_bf16
R5L,21,0.9,"repr=nvfp4, pool=bf16/low, score=bf16/low",bf16_acc_bf16,nvfp4,native,1440,0.9544853912788137,0.020820811593524446,0.9114009933568852,0.9767127403846154,0.9992914801164763,0.004730224609375,0.8125,1.2109375,0.9670483930550425,0.9620472409556808,76.0,208,0,0.0017727054917591818,0.00727243744056027,0.12957881391048431,0.9931760728359222,0.12938550114631653,0.00016722176223993301,0.0008911255281418562,0.0016043860465288161,0.0036551263412889987,0.028889222817487615,0.6229166666666667,0.007401570677757263,44.26200620429623,44.26200620429623,0.8527777777777777,pool=bf16_values_sequential_acc_bf16,score=bf16_values_sequential_rank1_acc_bf16
R5L,21,0.95,"repr=nvfp4, pool=bf16/low, score=bf16/low",bf16_acc_bf16,nvfp4,native,1440,0.9313746927897699,0.02518742989826639,0.8573631235211596,0.9644681490384616,0.9992914801164763,0.00360870361328125,0.71875,0.923828125,0.9570714495736548,0.9391114348142753,65.0,199,0,0.002612945264455056,0.007352445842955737,0.22686705738306046,0.9789208173751831,0.22706419974565506,0.0003240257501602173,0.0016627833247184753,0.0026684366166591644,0.0035555538065256175,0.02360168885842607,0.6076388888888888,0.009931277483701706,30.649655093124856,30.649655093124856,0.85,pool=bf16_values_sequential_acc_bf16,score=bf16_values_sequential_rank1_acc_bf16
R5L,22,0.8,"repr=nvfp4, pool=bf16/low, score=bf16/low",bf16_acc_bf16,nvfp4,native,1440,0.9654876821586971,0.016693066990186245,0.9159866609346476,0.9824408373786407,0.9990709935648485,0.0070648193359375,0.9140625,1.80859375,0.9775752803089961,0.9704448229269745,125.5,237,0,0.0011157038518331771,0.0068770898833578845,0.22558225691318512,0.9812561869621277,0.22563116997480392,-5.2813440561294556e-05,0.0008319923654198647,0.0007168386131525039,0.0021392571428935675,0.007664820009964343,0.45694444444444443,0.001136908307671547,-21.526874515059603,21.526874515059603,0.6083333333333333,pool=bf16_values_sequential_acc_bf16,score=bf16_values_sequential_rank1_acc_bf16
R5L,22,0.9,"repr=nvfp4, pool=bf16/low, score=bf16/low",bf16_acc_bf16,nvfp4,native,1440,0.9495478369779233,0.03992001311055615,0.8623391158365976,0.97412109375,0.9990709935648485,0.00525665283203125,0.83203125,1.345703125,0.9714909871892279,0.9549159262794625,107.0,224,0,0.0018094427251882472,0.0076610730476250125,0.34518666565418243,0.9602929949760437,0.34548625349998474,-9.64626669883728e-05,0.0012304410338401794,0.001086975634098053,0.002012907906102829,0.006826177839129678,0.42986111111111114,0.0014864876866340637,-15.40997914574805,15.40997914574805,0.6159722222222223,pool=bf16_values_sequential_acc_bf16,score=bf16_values_sequential_rank1_acc_bf16
R5L,22,0.95,"repr=nvfp4, pool=bf16/low, score=bf16/low",bf16_acc_bf16,nvfp4,native,1440,0.9159470351180196,0.06308879703375114,0.8013166314842314,0.9561298076923077,0.9990709935648485,0.00445556640625,0.78125,1.140625,0.9544853912788137,0.9228658096201069,99.0,212,0,0.002305216938581489,0.008293281122510609,0.46330705285072327,0.9254887402057648,0.4630487412214279,-3.87728214263916e-05,0.0017139911651611328,0.0019355416297912598,0.0019749793134456756,0.005939969662478705,0.4909722222222222,0.0030003488063812256,-77.38278247501921,77.38278247501921,0.6506944444444445,pool=bf16_values_sequential_acc_bf16,score=bf16_values_sequential_rank1_acc_bf16
R5L,23,0.8,"repr=nvfp4, pool=bf16/low, score=bf16/low",bf16_acc_bf16,nvfp4,native,1440,0.9595355324924417,0.030697130431629915,0.8915215834734059,0.9793499696601942,0.9992174082359881,0.00830841064453125,0.93359375,2.126953125,0.9763153949932544,0.962744478413849,144.0,249,0,0.0011040615132051996,0.00907008934996637,0.17128124833106995,0.9884479939937592,0.17098650336265564,2.244114875793457e-05,0.001070341095328331,0.0014110982418060302,0.003598639414355213,0.014058008755411003,0.5215277777777778,0.001807626336812973,80.5496347941567,80.5496347941567,0.6173611111111111,pool=bf16_values_sequential_acc_bf16,score=bf16_values_sequential_rank1_acc_bf16
R5L,23,0.9,"repr=nvfp4, pool=bf16/low, score=bf16/low",bf16_acc_bf16,nvfp4,native,1440,0.9365021664336453,0.050697231921875474,0.8293009252988799,0.9672100360576923,0.9992174082359881,0.00666046142578125,0.90234375,1.705078125,0.966903073286052,0.9422235191129268,125.0,247,0,0.0016354864862931611,0.009482188509804833,0.2429443597793579,0.9760188162326813,0.2432529777288437,1.6806647181510925e-05,0.0017180219292640686,0.002033832669258118,0.003102858713413016,0.012512239175055798,0.5138888888888888,0.0017810836434364319,105.97495289814917,105.97495289814917,0.6041666666666666,pool=bf16_values_sequential_acc_bf16,score=bf16_values_sequential_rank1_acc_bf16
R5L,23,0.95,"repr=nvfp4, pool=bf16/low, score=bf16/low",bf16_acc_bf16,nvfp4,native,1440,0.9028016009148084,0.07323502596779674,0.76945982808736,0.9489182692307693,0.9992174082359881,0.00518798828125,0.84375,1.328125,0.9487629922412532,0.9120942257971847,111.0,239,0,0.002249836549869146,0.009046717459694887,0.3448946177959442,0.9500830173492432,0.34485964477062225,3.217160701751709e-05,0.0023809224367141724,0.0026709139347076416,0.0030711134366918753,0.012768409699856296,0.5125,0.0038395076990127563,119.34460398332561,119.34460398332561,0.6229166666666667,pool=bf16_values_sequential_acc_bf16,score=bf16_values_sequential_rank1_acc_bf16
R5L,24,0.8,"repr=nvfp4, pool=bf16/low, score=bf16/low",bf16_acc_bf16,nvfp4,native,1440,0.970334391929759,0.013099565206460828,0.9376125215857736,0.9849438713592233,0.999477578377651,0.0060577392578125,0.88671875,1.55078125,0.9770563095148834,0.9750571139657691,86.0,221,0,0.0010687708072312089,0.005966605949542499,0.1972593292593956,0.9869452714920044,0.1970265880227089,2.245442010462284e-05,0.0008486248552799225,0.0010987207293510436,0.002497249522520906,0.009301217504997922,0.5305555555555556,0.004008680582046509,178.5252330440373,178.5252330440373,0.7868055555555555,pool=bf16_values_sequential_acc_bf16,score=bf16_values_sequential_rank1_acc_bf16
R5L,24,0.9,"repr=nvfp4, pool=bf16/low, score=bf16/low",bf16_acc_bf16,nvfp4,native,1440,0.9628428192273666,0.030691420069826725,0.9052526119937025,0.9810697115384616,0.999477578377651,0.00384521484375,0.724609375,0.984375,0.9759536885854238,0.9674844812296778,66.0,208,0,0.002071762994593901,0.006327391148494126,0.3200314939022064,0.9671136438846588,0.3202587515115738,-2.0205974578857422e-05,0.0011773183941841125,0.0012088358402252198,0.002030664461501448,0.007712672980635553,0.48819444444444443,0.0032043009996414185,-158.58185840707964,158.58185840707964,0.78125,pool=bf16_values_sequential_acc_bf16,score=bf16_values_sequential_rank1_acc_bf16
R5L,24,0.95,"repr=nvfp4, pool=bf16/low, score=bf16/low",bf16_acc_bf16,nvfp4,native,1440,0.9353056727976947,0.036230029470547764,0.8749031774425771,0.9665715144230769,0.999477578377651,0.00339508056640625,0.6875,0.869140625,0.9625534424296034,0.9402419472380119,76.0,181,0,0.0026755536679833967,0.0069275257952193855,0.4786580204963684,0.9270075261592865,0.47872452437877655,-5.316734313964844e-05,0.0017151013016700745,0.0017553389072418213,0.0019048777684140018,0.0073934943580006,0.48055555555555557,0.006021566689014435,-113.25686659192826,113.25686659192826,0.8368055555555556,pool=bf16_values_sequential_acc_bf16,score=bf16_values_sequential_rank1_acc_bf16
R5L,25,0.8,"repr=nvfp4, pool=bf16/low, score=bf16/low",bf16_acc_bf16,nvfp4,native,1440,0.9603003494164003,0.027695739008064657,0.8868484871742531,0.9797481796116505,0.9990462094800163,0.008148193359375,0.92578125,2.0859375,0.9772416256503489,0.9654876821586971,111.0,243,0,0.0010529925474680435,0.0071652622659171454,0.0919426754117012,0.9962860941886902,0.09177053347229958,-9.424984455108643e-06,0.0004929718561470509,0.00043812841176986693,0.0026007465869007512,0.011269144116945174,0.4847222222222222,0.0013319775462150574,-141.32411067193675,141.32411067193675,0.6784722222222223,pool=bf16_values_sequential_acc_bf16,score=bf16_values_sequential_rank1_acc_bf16
R5L,25,0.9,"repr=nvfp4, pool=bf16/low, score=bf16/low",bf16_acc_bf16,nvfp4,native,1440,0.9381938656334963,0.05771536447340486,0.8323090518127904,0.9681114783653846,0.9990462094800163,0.00647735595703125,0.87109375,1.658203125,0.9671937342988031,0.9444931346771838,99.0,234,0,0.001484732904992317,0.007918064395029074,0.15643348544836044,0.9894185364246368,0.15654364228248596,4.808977246284485e-05,0.0007245475426316261,0.0010992065072059631,0.002568888667974057,0.009486862504869954,0.5458333333333333,0.0013974010944366455,29.05817646603145,29.05817646603145,0.6451388888888889,pool=bf16_values_sequential_acc_bf16,score=bf16_values_sequential_rank1_acc_bf16
R5L,25,0.95,"repr=nvfp4, pool=bf16/low, score=bf16/low",bf16_acc_bf16,nvfp4,native,1440,0.9228658096201069,0.07149663980236287,0.7894878343863423,0.9598858173076923,0.9990462094800163,0.0040740966796875,0.76171875,1.04296875,0.95779102463165,0.927599189110918,93.0,210,0,0.0022182376496949815,0.007423901964148607,0.23070187866687775,0.9769349992275238,0.23056398332118988,-5.632638931274414e-06,0.0013296008110046387,0.0015643343329429626,0.0027720209160018747,0.00979974781811536,0.4986111111111111,0.0015117451548576355,-268.39021164021165,268.39021164021165,0.6659722222222222,pool=bf16_values_sequential_acc_bf16,score=bf16_values_sequential_rank1_acc_bf16
R5L,26,0.8,"repr=nvfp4, pool=bf16/low, score=bf16/low",bf16_acc_bf16,nvfp4,native,1440,0.959098761751016,0.026880845267764686,0.9016984602069884,0.9791224211165048,0.9994038244699239,0.00839996337890625,0.953125,2.150390625,0.9736526946107784,0.963402148896098,137.0,242,0,0.0010863071566934,0.008594222210763827,0.040160272270441055,0.9992481172084808,0.04000944457948208,5.5717071518301964e-05,0.00028348667547106743,0.0005210446193814278,0.0036007034997809525,0.019965714298982522,0.6395833333333333,0.0027541546151041985,49.43107274041696,49.43107274041696,0.7375,pool=bf16_values_sequential_acc_bf16,score=bf16_values_sequential_rank1_acc_bf16
R5L,26,0.9,"repr=nvfp4, pool=bf16/low, score=bf16/low",bf16_acc_bf16,nvfp4,native,1440,0.9440671778021176,0.039301722599540234,0.8546718604917297,0.9712289663461539,0.9994038244699239,0.0058441162109375,0.87109375,1.49609375,0.9661767963961303,0.9496906034707069,110.0,240,0,0.0017405946812549151,0.009081870044146352,0.07905685529112816,0.9970710575580597,0.07915513589978218,0.00010824203491210938,0.0005487180314958096,0.0009046405553817749,0.0037830691608745654,0.017180722940411515,0.63125,0.0020689740777015686,19.114330947136565,19.114330947136565,0.7236111111111111,pool=bf16_values_sequential_acc_bf16,score=bf16_values_sequential_rank1_acc_bf16
R5L,26,0.95,"repr=nvfp4, pool=bf16/low, score=bf16/low",bf16_acc_bf16,nvfp4,native,1440,0.907436595500788,0.05671944728156386,0.7959822514572932,0.9514723557692307,0.9994038244699239,0.0049285888671875,0.828125,1.26171875,0.9504761904761905,0.914156311569486,102.0,231,0,0.002383445011842065,0.009468276738691803,0.14380346983671188,0.9905425906181335,0.14319847524166107,0.00019964948296546936,0.001253519207239151,0.001822371780872345,0.004777609308555825,0.021838916004104668,0.5888888888888889,0.002585906535387039,12.952232567686078,12.952232567686078,0.6895833333333333,pool=bf16_values_sequential_acc_bf16,score=bf16_values_sequential_rank1_acc_bf16
R5L,27,0.8,"repr=nvfp4, pool=bf16/low, score=bf16/low",bf16_acc_bf16,nvfp4,native,1440,0.9468399291199054,0.027927744704688506,0.8956112589027146,0.9726941747572816,0.9994115000796421,0.010986328125,0.98046875,2.8125,0.9569178254134455,0.9576079290248339,116.5,247,0,0.0011012731339839973,0.011423479623439843,0.02224702388048172,0.9997631907463074,0.021861422806978226,0.00010509975254535675,0.00039322604425251484,0.0009165827184915542,0.0062556037840217,0.0360904312179226,0.7208333333333333,0.00915199052542448,87.07908728400531,87.07908728400531,0.7986111111111112,pool=bf16_values_sequential_acc_bf16,score=bf16_values_sequential_rank1_acc_bf16
R5L,27,0.9,"repr=nvfp4, pool=bf16/low, score=bf16/low",bf16_acc_bf16,nvfp4,native,1440,0.9343916907135729,0.03272555811671807,0.8795490342607997,0.9660832331730769,0.9994115000796421,0.00688934326171875,0.91796875,1.763671875,0.9509049607972448,0.9458432330022659,96.0,234,0,0.0017842289372950698,0.010860777357584311,0.047069914638996124,0.9989418387413025,0.046770647168159485,0.0001996764913201332,0.000930683221668005,0.0019124850630760192,0.0074903430365727604,0.05306896222383404,0.6451388888888889,0.0065955715253949165,33.03128716750388,33.03128716750388,0.7951388888888888,pool=bf16_values_sequential_acc_bf16,score=bf16_values_sequential_rank1_acc_bf16
R5L,27,0.95,"repr=nvfp4, pool=bf16/low, score=bf16/low",bf16_acc_bf16,nvfp4,native,1440,0.9051162888245559,0.05189187777103821,0.8121303301387695,0.9501953125,0.9994115000796421,0.00505828857421875,0.83203125,1.294921875,0.9303944315545244,0.9176029962546817,86.0,216,0,0.002517764065124597,0.010341033582499961,0.10219006985425949,0.9951968491077423,0.10148809105157852,0.0006083101034164429,0.002408705186098814,0.005547252297401428,0.010105864714067051,0.06418018202720284,0.6986111111111111,0.006809908896684647,11.19479827548196,11.19479827548196,0.7763888888888889,pool=bf16_values_sequential_acc_bf16,score=bf16_values_sequential_rank1_acc_bf16
R5L,28,0.8,"repr=nvfp4, pool=bf16/low, score=bf16/low",bf16_acc_bf16,nvfp4,native,1440,0.9441126594411265,0.035158100211338805,0.8976405478437954,0.9712530339805825,0.9964036612460522,0.011566162109375,0.984375,2.9609375,0.9492866119612626,0.9569178254134455,114.0,242,0,0.0010356278964648536,0.011000020045661547,0.04145617596805096,0.9992290735244751,0.04247376136481762,1.1874129995703697e-05,0.0004648873582482338,0.00106009840965271,0.0065838862795213025,0.05723090974616366,0.5743055555555555,0.010720521677285433,902.8469185670307,902.8469185670307,0.7680555555555556,pool=bf16_values_sequential_acc_bf16,score=bf16_values_sequential_rank1_acc_bf16
R5L,28,0.9,"repr=nvfp4, pool=bf16/low, score=bf16/low",bf16_acc_bf16,nvfp4,native,1440,0.9218941745470295,0.04695337757075935,0.7784546871520821,0.9593599759615384,0.9964036612460522,0.0082550048828125,0.94921875,2.11328125,0.9306744017403916,0.9379822390449847,99.0,233,0,0.001466299370716065,0.010711805743557599,0.08191555738449097,0.9969889223575592,0.0810529850423336,6.261281669139862e-05,0.0011092014610767365,0.002971244603395462,0.008405607860641215,0.0524900206900627,0.5847222222222223,0.007986165583133698,127.54841588576528,127.54841588576528,0.7493055555555556,pool=bf16_values_sequential_acc_bf16,score=bf16_values_sequential_rank1_acc_bf16
R5L,28,0.95,"repr=nvfp4, pool=bf16/low, score=bf16/low",bf16_acc_bf16,nvfp4,native,1440,0.9047073973386751,0.05338040519279863,0.6644057001248687,0.9499699519230769,0.9964036612460522,0.0050811767578125,0.84375,1.30078125,0.9192618223760092,0.9241165092907351,76.0,208,0,0.0023794839233161006,0.010206772731961883,0.13252541422843933,0.9920524656772614,0.12025351077318192,0.0004392378032207489,0.0032205693423748016,0.012769033014774323,0.012019425989233772,0.21365185336385598,0.6416666666666667,0.005481336265802383,12.479199708244634,12.479199708244634,0.7256944444444444,pool=bf16_values_sequential_acc_bf16,score=bf16_values_sequential_rank1_acc_bf16
R5L,29,0.8,"repr=nvfp4, pool=bf16/low, score=bf16/low",bf16_acc_bf16,nvfp4,native,1440,0.952100687479544,0.026124424811753255,0.9157848089054943,0.975462682038835,0.9981385194761837,0.0098724365234375,0.9765625,2.52734375,0.9576442644604457,0.9627810034241476,95.0,232,0,0.0010768680805940995,0.010458286125960056,0.042107364162802696,0.999278336763382,0.04206980764865875,4.729628562927246e-05,0.00034222827525809407,0.0006715089082717895,0.0039867556229577165,0.05316336806260184,0.6243055555555556,0.007005947642028332,148.12891855702583,148.12891855702583,0.6923611111111111,pool=bf16_values_sequential_acc_bf16,score=bf16_values_sequential_rank1_acc_bf16
R5L,29,0.9,"repr=nvfp4, pool=bf16/low, score=bf16/low",bf16_acc_bf16,nvfp4,native,1440,0.9337594421847762,0.037733417120555,0.8524845102906076,0.9657451923076923,0.9981385194761837,0.0069580078125,0.92578125,1.78125,0.9432158236625063,0.9459143400087706,88.0,229,0,0.0016418389556974973,0.010281275360343057,0.09550143778324127,0.9961962401866913,0.09212076663970947,0.00010838359594345093,0.0009198333136737347,0.002496255002915859,0.00452628459864953,0.07859020547645026,0.5930555555555556,0.004741095006465912,43.74365848628583,43.74365848628583,0.7020833333333333,pool=bf16_values_sequential_acc_bf16,score=bf16_values_sequential_rank1_acc_bf16
R5L,29,0.95,"repr=nvfp4, pool=bf16/low, score=bf16/low",bf16_acc_bf16,nvfp4,native,1440,0.9151201266004891,0.04929898553648271,0.7977042538825119,0.9556790865384616,0.9981385194761837,0.0045013427734375,0.8046875,1.15234375,0.9357277882797732,0.928436911487759,76.0,215,0,0.002597425568418233,0.009923434541375668,0.1836777627468109,0.9848498404026031,0.17651661485433578,0.00030710548162460327,0.002235637977719307,0.005877450108528137,0.006052743342492135,0.09130666920964982,0.6118055555555556,0.005303222686052322,17.26840777311434,17.26840777311434,0.6972222222222222,pool=bf16_values_sequential_acc_bf16,score=bf16_values_sequential_rank1_acc_bf16
R5L,3,0.8,"repr=nvfp4, pool=bf16/low, score=bf16/low",bf16_acc_bf16,nvfp4,native,1440,0.9634752506013406,0.019556778014080622,0.9206759660560149,0.981397906553398,0.9993045974208719,0.00748443603515625,0.9296875,1.916015625,0.9752790471196344,0.9685691888461682,98.0,238,0,0.0010217019164659247,0.006830865511446575,0.10389832407236099,0.995760440826416,0.10347070917487144,2.0712614059448242e-05,0.00042860163375735283,0.0005960935726761818,0.001988108438574986,0.02235227970107356,0.5388888888888889,0.00267641618847847,129.21672661870502,129.21672661870502,0.6402777777777777,pool=bf16_values_sequential_acc_bf16,score=bf16_values_sequential_rank1_acc_bf16
R5L,3,0.9,"repr=nvfp4, pool=bf16/low, score=bf16/low",bf16_acc_bf16,nvfp4,native,1440,0.9449192782526116,0.029467960676940352,0.8751211045149331,0.9716796875,0.9993045974208719,0.0057525634765625,0.8671875,1.47265625,0.9673390970220941,0.9509764434647223,92.0,224,0,0.001494230728168438,0.007250062443904227,0.19857026636600494,0.9847661554813385,0.1980890929698944,9.789317846298218e-05,0.0009447243064641953,0.0015197262167930604,0.0024460195912532246,0.021398440818513977,0.5694444444444444,0.0022530853748321533,23.015754623639545,23.015754623639545,0.6145833333333334,pool=bf16_values_sequential_acc_bf16,score=bf16_values_sequential_rank1_acc_bf16
R5L,3,0.95,"repr=nvfp4, pool=bf16/low, score=bf16/low",bf16_acc_bf16,nvfp4,native,1440,0.9231436001155735,0.03334538561425393,0.848927896797689,0.9600360576923077,0.9993045974208719,0.004058837890625,0.75390625,1.0390625,0.9553466509988249,0.9295550079721698,71.0,216,0,0.002296914723062984,0.007178987140913463,0.3197421580553055,0.9583693742752075,0.31914031505584717,0.00029139965772628784,0.0019652433693408966,0.00264921709895134,0.00319595227278968,0.02375624997069718,0.5902777777777778,0.002482585608959198,8.519521362276597,8.519521362276597,0.6027777777777777,pool=bf16_values_sequential_acc_bf16,score=bf16_values_sequential_rank1_acc_bf16
R5L,4,0.8,"repr=nvfp4, pool=bf16/low, score=bf16/low",bf16_acc_bf16,nvfp4,native,1440,0.9677611940298507,0.014667470618499712,0.9312228894501313,0.9836165048543689,0.9995657780545908,0.006591796875,0.90234375,1.6875,0.9777977797779778,0.972250271139534,91.5,230,0,0.0010073140883837023,0.005907568562628351,0.08497073501348495,0.9969894886016846,0.08500685170292854,5.555199459195137e-05,0.0003271494060754776,0.000520484521985054,0.001527883745257993,0.00999781809977011,0.6256944444444444,0.0019114986062049866,34.409180448795865,34.409180448795865,0.6166666666666667,pool=bf16_values_sequential_acc_bf16,score=bf16_values_sequential_rank1_acc_bf16
R5L,4,0.9,"repr=nvfp4, pool=bf16/low, score=bf16/low",bf16_acc_bf16,nvfp4,native,1440,0.9553466509988249,0.018931472922460002,0.90209471203174,0.9771634615384616,0.9995657780545908,0.004638671875,0.8046875,1.1875,0.9724403615350422,0.9603858331492526,82.0,212,0,0.0016434988917354918,0.0063643786595162215,0.15704984962940216,0.9898311495780945,0.15634403377771378,0.00014632195234298706,0.0008077546954154968,0.001343284547328949,0.0019701063056600746,0.01329267483449395,0.6395833333333333,0.001897074282169342,12.965069504557258,12.965069504557258,0.6118055555555556,pool=bf16_values_sequential_acc_bf16,score=bf16_values_sequential_rank1_acc_bf16
R5L,4,0.95,"repr=nvfp4, pool=bf16/low, score=bf16/low",bf16_acc_bf16,nvfp4,native,1440,0.9323559297430687,0.02026145271842239,0.8738475035688656,0.9649939903846154,0.9995657780545908,0.0035552978515625,0.697265625,0.91015625,0.9619749447310243,0.9382644146767618,73.0,201,0,0.002550563807124719,0.006770168442473535,0.27820464968681335,0.9680877327919006,0.2777513563632965,0.00033060088753700256,0.001635175198316574,0.002965483069419861,0.002601824503916137,0.017900102295834545,0.6277777777777778,0.0026602409780025482,8.046684320243394,8.046684320243394,0.5979166666666667,pool=bf16_values_sequential_acc_bf16,score=bf16_values_sequential_rank1_acc_bf16
R5L,5,0.8,"repr=nvfp4, pool=bf16/low, score=bf16/low",bf16_acc_bf16,nvfp4,native,1440,0.9657807432810228,0.01210393077528582,0.9416717911046784,0.982592536407767,0.9995254915164045,0.0070037841796875,0.91796875,1.79296875,0.972692926345715,0.9726191366798833,78.0,207,0,0.0010286650046969095,0.006575284107894431,0.06001754105091095,0.9984150230884552,0.05952277220785618,7.245689630508423e-05,0.00031361402943730354,0.0006224088370800019,0.0024175113907147685,0.021886465489497624,0.675,0.010510154068470001,145.05388174807197,145.05388174807197,0.7638888888888888,pool=bf16_values_sequential_acc_bf16,score=bf16_values_sequential_rank1_acc_bf16
R5L,5,0.9,"repr=nvfp4, pool=bf16/low, score=bf16/low",bf16_acc_bf16,nvfp4,native,1440,0.9521208370263061,0.017149887503516537,0.9213255317736472,0.9754732572115384,0.9995254915164045,0.00498199462890625,0.82421875,1.275390625,0.9640011802891708,0.9592317315475752,72.0,183,0,0.0016796254034311265,0.007070717831486519,0.1174374669790268,0.9938335716724396,0.11728434637188911,9.881425648927689e-05,0.0006849262863397598,0.0011349663138389588,0.002566614719394584,0.029665811338679064,0.5875,0.008164463564753532,82.62434849812914,82.62434849812914,0.7638888888888888,pool=bf16_values_sequential_acc_bf16,score=bf16_values_sequential_rank1_acc_bf16
R5L,5,0.95,"repr=nvfp4, pool=bf16/low, score=bf16/low",bf16_acc_bf16,nvfp4,native,1440,0.9374181341871635,0.02177418824311106,0.9041624946359607,0.9676983173076923,0.9995254915164045,0.0032806396484375,0.6640625,0.83984375,0.9570714495736548,0.9450613676212741,60.0,134,0,0.0028796782947025086,0.006931810660300455,0.23079676926136017,0.9791546761989594,0.2301275059580803,0.0002483874559402466,0.001566937193274498,0.002341117709875107,0.0032216514388492845,0.02165839806100007,0.59375,0.00708717480301857,28.532740416341714,28.532740416341714,0.7583333333333333,pool=bf16_values_sequential_acc_bf16,score=bf16_values_sequential_rank1_acc_bf16
R5L,6,0.8,"repr=nvfp4, pool=bf16/low, score=bf16/low",bf16_acc_bf16,nvfp4,native,1440,0.9719184107702292,0.016614783340911154,0.9363852532901994,0.9857592536407767,0.9997284681833107,0.00572967529296875,0.8671875,1.466796875,0.9822583070215005,0.9755010301554599,112.0,223,0,0.001083377905104283,0.0055461207188887765,0.1499864161014557,0.9910363554954529,0.15002138167619705,2.1517276763916016e-05,0.0003445926122367382,0.0005275622010231018,0.0011463951041384224,0.0075716649067624625,0.54375,0.0003742501139640808,17.393005540166204,17.393005540166204,0.5576388888888889,pool=bf16_values_sequential_acc_bf16,score=bf16_values_sequential_rank1_acc_bf16
R5L,6,0.9,"repr=nvfp4, pool=bf16/low, score=bf16/low",bf16_acc_bf16,nvfp4,native,1440,0.9527651459586328,0.026974281453789883,0.8987237961946759,0.9758112980769231,0.9997284681833107,0.004913330078125,0.8203125,1.2578125,0.9747811897344608,0.956280541969649,107.5,208,0,0.001504692866275636,0.006451527327181683,0.2521987557411194,0.9750568270683289,0.25190621614456177,1.5348196029663086e-05,0.0006893966346979141,0.0009893625974655151,0.001286310472557528,0.006526802620775174,0.5229166666666667,0.00027965009212493896,18.220388349514565,18.220388349514565,0.5173611111111112,pool=bf16_values_sequential_acc_bf16,score=bf16_values_sequential_rank1_acc_bf16
R5L,6,0.95,"repr=nvfp4, pool=bf16/low, score=bf16/low",bf16_acc_bf16,nvfp4,native,1440,0.9196769874118504,0.041252417237812034,0.8503923479375789,0.9581580528846154,0.9997284681833107,0.00424957275390625,0.765625,1.087890625,0.9619749447310243,0.9264833574529667,91.5,189,0,0.002232382565806796,0.006997475876024147,0.36376407742500305,0.9496066570281982,0.36318209767341614,0.00017539411783218384,0.00135890394449234,0.0024418987333774565,0.0017271273640336862,0.010173393081142252,0.5868055555555556,0.0001932680606842041,1.1019073106495052,1.1019073106495052,0.49722222222222223,pool=bf16_values_sequential_acc_bf16,score=bf16_values_sequential_rank1_acc_bf16
R5L,7,0.8,"repr=nvfp4, pool=bf16/low, score=bf16/low",bf16_acc_bf16,nvfp4,native,1440,0.9720290180240819,0.017444054873755777,0.9353228738447525,0.985816140776699,0.9995173415740013,0.005706787109375,0.87109375,1.4609375,0.9804716839417155,0.9757230630900644,98.0,218,0,0.0011245869807741907,0.00589838702307206,0.104132279753685,0.9954883456230164,0.10421862453222275,4.244595766067505e-05,0.0002694055438041687,0.00043298080563545225,0.0013690458221860095,0.008722253471125133,0.6020833333333333,0.0011055506765842438,26.046076882569775,26.046076882569775,0.6409722222222223,pool=bf16_values_sequential_acc_bf16,score=bf16_values_sequential_rank1_acc_bf16
R5L,7,0.9,"repr=nvfp4, pool=bf16/low, score=bf16/low",bf16_acc_bf16,nvfp4,native,1440,0.9553466509988249,0.02911319579392513,0.8994078618820003,0.9771634615384616,0.9995173415740013,0.004638671875,0.8046875,1.1875,0.9736100815418829,0.9598086124401913,90.0,202,0,0.0016995707608920237,0.006937391126777568,0.17980637401342392,0.9866073131561279,0.17978644371032715,5.0552189350128174e-05,0.0005490295588970184,0.0008495062589645386,0.0015952500256426535,0.00976340192752781,0.5618055555555556,0.0010717660188674927,21.20117907148121,21.20117907148121,0.6347222222222222,pool=bf16_values_sequential_acc_bf16,score=bf16_values_sequential_rank1_acc_bf16
R5L,7,0.95,"repr=nvfp4, pool=bf16/low, score=bf16/low",bf16_acc_bf16,nvfp4,native,1440,0.9259259259259259,0.04197560872726602,0.8628342801691039,0.9615384615384616,0.9995173415740013,0.00390625,0.734375,1.0,0.9602414960977764,0.931234585811693,80.0,201,0,0.0024841008644488783,0.007412758139444894,0.2800908088684082,0.968857616186142,0.2800709903240204,3.528594970703125e-05,0.0011626575142145157,0.0015206336975097656,0.002116470284589698,0.009900131064412511,0.5125,0.001634836196899414,46.33108108108108,46.33108108108108,0.6270833333333333,pool=bf16_values_sequential_acc_bf16,score=bf16_values_sequential_rank1_acc_bf16
R5L,8,0.8,"repr=nvfp4, pool=bf16/low, score=bf16/low",bf16_acc_bf16,nvfp4,native,1440,0.9710708278826388,0.008732028714832696,0.9592079355054427,0.9853231189320388,0.999542753226392,0.0059051513671875,0.87890625,1.51171875,0.9789110285564186,0.975945145940275,82.0,196,0,0.001141075688975835,0.005809334568351898,0.07915762439370155,0.997306227684021,0.0791393406689167,1.338031142950058e-05,0.0002773725427687168,0.00040073618292808534,0.0015430698863234489,0.009028667064665322,0.5354166666666667,0.0016323421150445938,121.99582376278973,121.99582376278973,0.6409722222222223,pool=bf16_values_sequential_acc_bf16,score=bf16_values_sequential_rank1_acc_bf16
R5L,8,0.9,"repr=nvfp4, pool=bf16/low, score=bf16/low",bf16_acc_bf16,nvfp4,native,1440,0.9531949233365123,0.01303863835590835,0.9330433981211828,0.9760366586538461,0.999542753226392,0.0048675537109375,0.818359375,1.24609375,0.970542520908889,0.9585111078416949,85.0,178,0,0.0016686409807018686,0.006734749270616583,0.13166994601488113,0.9924800097942352,0.1318766251206398,4.339590668678284e-05,0.0005655409768223763,0.0006366103887557983,0.0018023204264039183,0.008878974643181242,0.5527777777777778,0.001786310225725174,41.1631041291098,41.1631041291098,0.6333333333333333,pool=bf16_values_sequential_acc_bf16,score=bf16_values_sequential_rank1_acc_bf16
R5L,8,0.95,"repr=nvfp4, pool=bf16/low, score=bf16/low",bf16_acc_bf16,nvfp4,native,1440,0.9323559297430687,0.026023312550826794,0.8906405340150547,0.9649939903846154,0.999542753226392,0.0035552978515625,0.703125,0.91015625,0.9599528857479388,0.9374181341871635,72.0,162,0,0.002517139782585726,0.007034365670385675,0.2181544005870819,0.9801259338855743,0.21833015233278275,0.00012345612049102783,0.0010976223275065422,0.0012744419276714326,0.0023012965712531836,0.011574323687440383,0.5652777777777778,0.0023268014192581177,18.847193723596863,18.847193723596863,0.6479166666666667,pool=bf16_values_sequential_acc_bf16,score=bf16_values_sequential_rank1_acc_bf16
R5L,9,0.8,"repr=nvfp4, pool=bf16/low, score=bf16/low",bf16_acc_bf16,nvfp4,native,1440,0.9730619574977551,0.009814086279145373,0.9544845556005054,0.9863470873786407,0.9995968122258149,0.0054931640625,0.85546875,1.40625,0.9812901529097945,0.9771304315225134,82.0,225,0,0.0011975225548816729,0.0055847121908886,0.13407661020755768,0.9923587143421173,0.13423114269971848,7.033348083496094e-06,0.00037600286304950714,0.0007412143051624299,0.001505810599129633,0.008002892690694166,0.5138888888888888,0.0009400844573974609,133.66101694915255,133.66101694915255,0.6520833333333333,pool=bf16_values_sequential_acc_bf16,score=bf16_values_sequential_rank1_acc_bf16
R5L,9,0.9,"repr=nvfp4, pool=bf16/low, score=bf16/low",bf16_acc_bf16,nvfp4,native,1440,0.9576470588235294,0.02086796186974138,0.9213186015350985,0.9783653846153846,0.9995968122258149,0.00439453125,0.77734375,1.125,0.9756604333630158,0.9614690415977316,85.0,193,0,0.0018730725285764594,0.0065412417520411496,0.21684107184410095,0.9811364412307739,0.21634960919618607,-4.738569259643555e-06,0.000552203506231308,0.0008919551968574524,0.0013939575578532492,0.005498939194878705,0.49722222222222223,0.0010479018092155457,-221.1430817610063,221.1430817610063,0.6583333333333333,pool=bf16_values_sequential_acc_bf16,score=bf16_values_sequential_rank1_acc_bf16
R5L,9,0.95,"repr=nvfp4, pool=bf16/low, score=bf16/low",bf16_acc_bf16,nvfp4,native,1440,0.9354463506833381,0.035294543197124995,0.8754578754578756,0.9666466346153846,0.9995968122258149,0.003387451171875,0.681640625,0.8671875,0.9645808736717828,0.9396765263004517,76.0,184,0,0.002581033105355567,0.006926478809194434,0.303231418132782,0.9631765484809875,0.3046976178884506,5.9120357036590576e-05,0.0011335667222738266,0.0017163634300231933,0.0018021716470555046,0.006134984493137072,0.5284722222222222,0.0019216388463974,32.50384373030876,32.50384373030876,0.6895833333333333,pool=bf16_values_sequential_acc_bf16,score=bf16_values_sequential_rank1_acc_bf16
R6,0,0.8,"repr=bf16, pool=fp32+fp8_e4m3/native, score=fp8_e4m3/native",fp8,bf16,native,1440,0.9663671277825422,0.029687774723107352,0.9276262884713795,0.9828959344660194,0.9994486258286717,0.0068817138671875,0.91796875,1.76171875,0.9663671277825422,0.9498271502051251,0.0,1,0,0.0011201339456768822,0.00672231482112394,0.07020595297217369,0.9979030787944794,0.07027759402990341,4.6001747250556946e-05,0.00044986186549067497,0.0013942673802375793,0.00432504388559907,0.023119715538751535,0.6180555555555556,-3.127008676528931e-05,-0.6797586751427299,0.6797586751427299,0.5,pool=fp32_values_torch_sum_acc_fp32+pooled_rounded_to_fp8_e4m3_per_head_amax,score=fp8_e4m3_torch_scaled_mm_acc_fp32_native
R6,0,0.9,"repr=bf16, pool=fp32+fp8_e4m3/native, score=fp8_e4m3/native",fp8,bf16,native,1440,0.9540550458715596,0.04364899423427682,0.8910098307398716,0.9764873798076923,0.9994486258286717,0.0047760009765625,0.8125,1.22265625,0.9540550458715596,0.934321428402705,0.0,1,0,0.0015783810294463913,0.0060401704767700124,0.11585661396384239,0.9944012463092804,0.11654090136289597,4.825182259082794e-06,0.0011613573879003525,0.0022758007049560546,0.0034559922918517587,0.027526568721591836,0.5111111111111111,0.0003040321171283722,63.009457633661455,63.009457633661455,0.5180555555555556,pool=fp32_values_torch_sum_acc_fp32+pooled_rounded_to_fp8_e4m3_per_head_amax,score=fp8_e4m3_torch_scaled_mm_acc_fp32_native
R6,0,0.95,"repr=bf16, pool=fp32+fp8_e4m3/native, score=fp8_e4m3/native",fp8,bf16,native,1440,0.9294151851455053,0.055838469650195344,0.8233118750856047,0.9634164663461539,0.9994486258286717,0.00371551513671875,0.72265625,0.951171875,0.9294151851455053,0.9066170151818963,0.0,1,0,0.0021686827562488404,0.005811653926132917,0.1869548261165619,0.9845020473003387,0.18720756471157074,-2.3785047233104706e-05,0.00246594101190567,0.0041459336876869205,0.0044285915745036495,0.03430559944657821,0.4847222222222222,0.00030747056007385254,-12.927052742863856,12.927052742863856,0.5361111111111111,pool=fp32_values_torch_sum_acc_fp32+pooled_rounded_to_fp8_e4m3_per_head_amax,score=fp8_e4m3_torch_scaled_mm_acc_fp32_native
R6,1,0.8,"repr=bf16, pool=fp32+fp8_e4m3/native, score=fp8_e4m3/native",fp8,bf16,native,1440,0.9648286140089419,0.012364896640827072,0.9196167766217289,0.9820995145631068,0.999380656410949,0.0072021484375,0.92578125,1.84375,0.9648286140089419,0.9534384093526842,0.0,1,0,0.000985681501717126,0.006433364452884036,0.046830371022224426,0.9990253448486328,0.04689733125269413,2.0181993022561073e-05,0.0003977420274168253,0.0007076910696923733,0.0034130055647322594,0.03594799980371417,0.5756944444444444,0.01848089147824794,915.7119149525271,915.7119149525271,0.7770833333333333,pool=fp32_values_torch_sum_acc_fp32+pooled_rounded_to_fp8_e4m3_per_head_amax,score=fp8_e4m3_torch_scaled_mm_acc_fp32_native
R6,1,0.9,"repr=bf16, pool=fp32+fp8_e4m3/native, score=fp8_e4m3/native",fp8,bf16,native,1440,0.9543419217499817,0.023166292926914855,0.8970394842455889,0.9766376201923077,0.999380656410949,0.0047454833984375,0.8203125,1.21484375,0.9543419217499817,0.9393939393939394,0.0,1,0,0.0015111026599233315,0.005982741401557373,0.09664114192128181,0.9961957037448883,0.09681206569075584,4.8182904720306396e-05,0.0009176470339298248,0.001297472044825554,0.0036794656453709275,0.032218790635291455,0.55,0.014471849426627159,300.35236585743,300.35236585743,0.7444444444444445,pool=fp32_values_torch_sum_acc_fp32+pooled_rounded_to_fp8_e4m3_per_head_amax,score=fp8_e4m3_torch_scaled_mm_acc_fp32_native
R6,1,0.95,"repr=bf16, pool=fp32+fp8_e4m3/native, score=fp8_e4m3/native",fp8,bf16,native,1440,0.9447772096420745,0.022186618282097337,0.8935988620199147,0.9716045673076923,0.999380656410949,0.0028839111328125,0.6171875,0.73828125,0.9447772096420745,0.9306744017403916,0.0,1,0,0.0023914707145881136,0.00519329481912171,0.1919262409210205,0.9846100807189941,0.1912045031785965,6.526708602905273e-05,0.0018973685801029205,0.0026677638292312623,0.00401481220862069,0.02416450137691491,0.5340277777777778,0.006264697760343552,95.98555936073059,95.98555936073059,0.7173611111111111,pool=fp32_values_torch_sum_acc_fp32+pooled_rounded_to_fp8_e4m3_per_head_amax,score=fp8_e4m3_torch_scaled_mm_acc_fp32_native
R6,10,0.8,"repr=bf16, pool=fp32+fp8_e4m3/native, score=fp8_e4m3/native",fp8,bf16,native,1440,0.972397800800389,0.010686784230889868,0.9499316881804474,0.9860057645631068,0.9993273471287615,0.0056304931640625,0.861328125,1.44140625,0.972397800800389,0.9690837129415278,0.0,1,0,0.0011285735961880602,0.0054993307763197006,0.1596471592783928,0.9892842769622803,0.1598263755440712,-1.0017305612564087e-05,0.00031617842614650726,0.00033576227724552155,0.0010506015305855937,0.004329017971902728,0.4756944444444444,7.572397589683533e-05,-7.5593157307549275,7.5593157307549275,0.5048611111111111,pool=fp32_values_torch_sum_acc_fp32+pooled_rounded_to_fp8_e4m3_per_head_amax,score=fp8_e4m3_torch_scaled_mm_acc_fp32_native
R6,10,0.9,"repr=bf16, pool=fp32+fp8_e4m3/native, score=fp8_e4m3/native",fp8,bf16,native,1440,0.9622641509433962,0.018056986338228054,0.9237689699662435,0.9807692307692307,0.9993273471287615,0.00390625,0.73828125,1.0,0.9622641509433962,0.9580789880120615,0.0,1,0,0.0016064343841063903,0.005110805370268168,0.2503417283296585,0.9742861688137054,0.25124941766262054,-3.578886389732361e-05,0.0006114430725574493,0.0005897194147109986,0.0012365271639178134,0.004657303647512218,0.46041666666666664,-0.0002113059163093567,5.904236494222962,5.904236494222962,0.46597222222222223,pool=fp32_values_torch_sum_acc_fp32+pooled_rounded_to_fp8_e4m3_per_head_amax,score=fp8_e4m3_torch_scaled_mm_acc_fp32_native
R6,10,0.95,"repr=bf16, pool=fp32+fp8_e4m3/native, score=fp8_e4m3/native",fp8,bf16,native,1440,0.9425069312709762,0.02553898752453032,0.8967961806880786,0.9704026442307693,0.9993273471287615,0.0030059814453125,0.62890625,0.76953125,0.9425069312709762,0.9357277882797732,0.0,2,0,0.002247923241021383,0.004704410982170757,0.3518777936697006,0.948824942111969,0.35242003202438354,-5.8002769947052e-05,0.0009445026516914368,0.0012041151523590088,0.001459795260729732,0.005525504010506729,0.46041666666666664,-0.00038899481296539307,6.706486833654464,6.706486833654464,0.4708333333333333,pool=fp32_values_torch_sum_acc_fp32+pooled_rounded_to_fp8_e4m3_per_head_amax,score=fp8_e4m3_torch_scaled_mm_acc_fp32_native
R6,11,0.8,"repr=bf16, pool=fp32+fp8_e4m3/native, score=fp8_e4m3/native",fp8,bf16,native,1440,0.9721396390657526,0.009950498862231538,0.9436075193685352,0.9858730279126213,0.9995396186759136,0.00568389892578125,0.86328125,1.455078125,0.9721396390657526,0.9688631696845249,0.0,1,0,0.001144430329551185,0.005680964015406244,0.1211441233754158,0.9936926066875458,0.12106186151504517,6.226822733879089e-06,0.0002662874758243561,0.00030881911516189575,0.0010671621590960304,0.004733112126948088,0.5166666666666667,0.0007800459861755371,125.27191145677536,125.27191145677536,0.6006944444444444,pool=fp32_values_torch_sum_acc_fp32+pooled_rounded_to_fp8_e4m3_per_head_amax,score=fp8_e4m3_torch_scaled_mm_acc_fp32_native
R6,11,0.9,"repr=bf16, pool=fp32+fp8_e4m3/native, score=fp8_e4m3/native",fp8,bf16,native,1440,0.9625534424296034,0.015901914793311378,0.9192618223760091,0.9809194711538461,0.9995396186759136,0.003875732421875,0.73046875,0.9921875,0.9625534424296034,0.9583670467083486,0.0,1,0,0.001753716815954506,0.005213868568944268,0.1895681545138359,0.9845888316631317,0.1893426701426506,-3.6135315895080566e-07,0.0004930421710014343,0.0006161615252494812,0.001301930653100334,0.004556248156167143,0.49930555555555556,0.0005530156195163727,-1530.4020618556701,1530.4020618556701,0.5826388888888889,pool=fp32_values_torch_sum_acc_fp32+pooled_rounded_to_fp8_e4m3_per_head_amax,score=fp8_e4m3_torch_scaled_mm_acc_fp32_native
R6,11,0.95,"repr=bf16, pool=fp32+fp8_e4m3/native, score=fp8_e4m3/native",fp8,bf16,native,1440,0.9443511386837065,0.027779864606549354,0.9006146462243866,0.9713792067307692,0.9995396186759136,0.00290679931640625,0.615234375,0.744140625,0.9443511386837065,0.9374181341871635,0.0,1,0,0.002463373914175237,0.004879785609010518,0.2833390086889267,0.9648561179637909,0.28312958776950836,1.0401010513305664e-05,0.000824660062789917,0.0011461377143859863,0.0014241956186871975,0.006442935084793933,0.5048611111111111,0.0006403923034667969,61.570200573065904,61.570200573065904,0.5638888888888889,pool=fp32_values_torch_sum_acc_fp32+pooled_rounded_to_fp8_e4m3_per_head_amax,score=fp8_e4m3_torch_scaled_mm_acc_fp32_native
R6,12,0.8,"repr=bf16, pool=fp32+fp8_e4m3/native, score=fp8_e4m3/native",fp8,bf16,native,1440,0.9705552649278828,0.01959785176984552,0.9361755266333542,0.985057645631068,0.999408777890628,0.006011962890625,0.87890625,1.5390625,0.9705552649278828,0.9668071457874912,0.0,1,0,0.0011228016536718004,0.005880800251053538,0.09638169035315514,0.9960375428199768,0.09641782939434052,1.5480443835258484e-05,0.0002550967037677765,0.00028382651507854464,0.0013372644605760572,0.00652059300536364,0.53125,0.0012442171573638916,80.37348092888942,80.37348092888942,0.6152777777777778,pool=fp32_values_torch_sum_acc_fp32+pooled_rounded_to_fp8_e4m3_per_head_amax,score=fp8_e4m3_torch_scaled_mm_acc_fp32_native
R6,12,0.9,"repr=bf16, pool=fp32+fp8_e4m3/native, score=fp8_e4m3/native",fp8,bf16,native,1440,0.9592317315475752,0.02811116359695076,0.916360757215864,0.9791917067307693,0.999408777890628,0.0042266845703125,0.765625,1.08203125,0.9592317315475752,0.9550594800998679,0.0,1,0,0.0017683823789727848,0.005351406462273598,0.15914899855852127,0.9894945919513702,0.15933052450418472,1.0844320058822632e-05,0.0004541166126728058,0.0005647502839565277,0.0014690973901894736,0.006275360167793205,0.5131944444444444,0.0011187419295310974,103.16386121607695,103.16386121607695,0.6076388888888888,pool=fp32_values_torch_sum_acc_fp32+pooled_rounded_to_fp8_e4m3_per_head_amax,score=fp8_e4m3_torch_scaled_mm_acc_fp32_native
R6,12,0.95,"repr=bf16, pool=fp32+fp8_e4m3/native, score=fp8_e4m3/native",fp8,bf16,native,1440,0.9396765263004517,0.04302772967427282,0.8804915948580309,0.9689002403846154,0.999408777890628,0.0031585693359375,0.6484375,0.80859375,0.9396765263004517,0.9331977926227127,0.0,1,0,0.002538124746638532,0.0051770475642658464,0.24843598902225494,0.9741941094398499,0.24781609326601028,-1.9334256649017334e-05,0.0007998868823051453,0.0008720219135284424,0.0017021537655622985,0.00741913183197593,0.4736111111111111,0.0015836209058761597,-81.90751445086705,81.90751445086705,0.6229166666666667,pool=fp32_values_torch_sum_acc_fp32+pooled_rounded_to_fp8_e4m3_per_head_amax,score=fp8_e4m3_torch_scaled_mm_acc_fp32_native
R6,13,0.8,"repr=bf16, pool=fp32+fp8_e4m3/native, score=fp8_e4m3/native",fp8,bf16,native,1440,0.9760932289129539,0.012295806533393683,0.9510173880873104,0.9879020024271845,0.999084966142274,0.0048675537109375,0.814453125,1.24609375,0.9760932289129539,0.9731726944589483,0.0,1,0,0.0012897254743969445,0.00528116242501553,0.1257818192243576,0.9930327236652374,0.1258113533258438,-4.295259714126587e-06,0.00022494234144687653,0.0002576589584350586,0.0009655222829824271,0.004054279895340196,0.4909722222222222,0.00016986951231956482,-39.548135299219425,39.548135299219425,0.54375,pool=fp32_values_torch_sum_acc_fp32+pooled_rounded_to_fp8_e4m3_per_head_amax,score=fp8_e4m3_torch_scaled_mm_acc_fp32_native
R6,13,0.9,"repr=bf16, pool=fp32+fp8_e4m3/native, score=fp8_e4m3/native",fp8,bf16,native,1440,0.9632770444657474,0.021236928356329066,0.9316549372415294,0.9812950721153846,0.999084966142274,0.0037994384765625,0.724609375,0.97265625,0.9632770444657474,0.9587992937021778,0.0,1,0,0.0016950579155340202,0.0049775142793729195,0.1958913952112198,0.9829944372177124,0.19571303576231003,-1.2598931789398193e-05,0.0004388093948364258,0.0004696011543273926,0.0011018205942712623,0.003883812554830986,0.4840277777777778,0.00023429840803146362,-18.596688350088705,18.596688350088705,0.5347222222222222,pool=fp32_values_torch_sum_acc_fp32+pooled_rounded_to_fp8_e4m3_per_head_amax,score=fp8_e4m3_torch_scaled_mm_acc_fp32_native
R6,13,0.95,"repr=bf16, pool=fp32+fp8_e4m3/native, score=fp8_e4m3/native",fp8,bf16,native,1440,0.9382644146767618,0.021994394303473608,0.8990014265335236,0.9681490384615384,0.999084966142274,0.00323486328125,0.66015625,0.828125,0.9382644146767618,0.9303944315545244,0.0,1,0,0.0020914292711501454,0.00480907807207189,0.2982421964406967,0.9607872068881989,0.2993738353252411,-3.2998621463775635e-05,0.0008666850626468658,0.0010418444871902466,0.001405944791259216,0.005809182309571847,0.4666666666666667,5.25936484336853e-05,-1.593813501919169,1.593813501919169,0.5027777777777778,pool=fp32_values_torch_sum_acc_fp32+pooled_rounded_to_fp8_e4m3_per_head_amax,score=fp8_e4m3_torch_scaled_mm_acc_fp32_native
R6,14,0.8,"repr=bf16, pool=fp32+fp8_e4m3/native, score=fp8_e4m3/native",fp8,bf16,native,1440,0.9726191366798833,0.011895910001714194,0.9488543976348854,0.9861195388349514,0.9992423284619782,0.005584716796875,0.859375,1.4296875,0.9726191366798833,0.9691572383406146,0.0,1,0,0.001185880564503691,0.005632670121784952,0.14411872625350952,0.9914054870605469,0.14414198696613312,4.498288035392761e-06,0.00028366781771183014,0.00032481253147125243,0.0010353099339096023,0.0035464198549045914,0.5083333333333333,0.00039907917380332947,88.71801242236025,88.71801242236025,0.5840277777777778,pool=fp32_values_torch_sum_acc_fp32+pooled_rounded_to_fp8_e4m3_per_head_amax,score=fp8_e4m3_torch_scaled_mm_acc_fp32_native
R6,14,0.9,"repr=bf16, pool=fp32+fp8_e4m3/native, score=fp8_e4m3/native",fp8,bf16,native,1440,0.9606745710287945,0.015131096440496594,0.9337524200355928,0.9799429086538461,0.9992423284619782,0.0040740966796875,0.75390625,1.04296875,0.9606745710287945,0.9557057359176422,0.0,1,0,0.00164337920655728,0.005317932659543265,0.21261058002710342,0.9815655946731567,0.2123768925666809,-5.129724740982056e-06,0.00044653937220573425,0.00044167041778564453,0.0010485997101034243,0.0036076900487660114,0.49375,0.0004619807004928589,-90.05954974582426,90.05954974582426,0.59375,pool=fp32_values_torch_sum_acc_fp32+pooled_rounded_to_fp8_e4m3_per_head_amax,score=fp8_e4m3_torch_scaled_mm_acc_fp32_native
R6,14,0.95,"repr=bf16, pool=fp32+fp8_e4m3/native, score=fp8_e4m3/native",fp8,bf16,native,1440,0.9402419472380119,0.024371427357052333,0.9052253512609513,0.9692007211538461,0.9992423284619782,0.0031280517578125,0.64453125,0.80078125,0.9402419472380119,0.9333381846192721,0.0,1,0,0.002248531775982739,0.005107934709725419,0.2927822172641754,0.964794397354126,0.29282447695732117,-9.775161743164062e-06,0.0007886923849582672,0.000752568244934082,0.001341706871653912,0.004022366510698306,0.49236111111111114,0.0008573606610298157,-87.70807926829268,87.70807926829268,0.6020833333333333,pool=fp32_values_torch_sum_acc_fp32+pooled_rounded_to_fp8_e4m3_per_head_amax,score=fp8_e4m3_torch_scaled_mm_acc_fp32_native
R6,15,0.8,"repr=bf16, pool=fp32+fp8_e4m3/native, score=fp8_e4m3/native",fp8,bf16,native,1440,0.969010193032894,0.017238868996900636,0.9374701495279034,0.9842612257281553,0.9994894109716919,0.0063323974609375,0.875,1.62109375,0.969010193032894,0.9645724297612657,0.0,1,0,0.0010437385095944166,0.005813870413282327,0.18652570247650146,0.9856260418891907,0.1864970475435257,-2.3331493139266968e-05,0.0003535524010658264,0.00036201775074005125,0.0009571294479132755,0.003434378593293229,0.45625,-0.0004884377121925354,20.93469583266805,20.93469583266805,0.4097222222222222,pool=fp32_values_torch_sum_acc_fp32+pooled_rounded_to_fp8_e4m3_per_head_amax,score=fp8_e4m3_torch_scaled_mm_acc_fp32_native
R6,15,0.9,"repr=bf16, pool=fp32+fp8_e4m3/native, score=fp8_e4m3/native",fp8,bf16,native,1440,0.9544853912788137,0.022944124391211962,0.9198154023651572,0.9767127403846154,0.9994894109716919,0.004730224609375,0.796875,1.2109375,0.9544853912788137,0.9483351628247347,0.0,1,0,0.0015052312295927859,0.0054823062381411216,0.26903361082077026,0.9698755145072937,0.26940159499645233,-5.1155686378479004e-05,0.0005572140216827393,0.0005794703960418701,0.001044142975607292,0.0035752283379708997,0.4326388888888889,-0.0007685273885726929,15.023303233323624,15.023303233323624,0.40694444444444444,pool=fp32_values_torch_sum_acc_fp32+pooled_rounded_to_fp8_e4m3_per_head_amax,score=fp8_e4m3_torch_scaled_mm_acc_fp32_native
R6,15,0.95,"repr=bf16, pool=fp32+fp8_e4m3/native, score=fp8_e4m3/native",fp8,bf16,native,1440,0.9322157007205909,0.028065449128167552,0.8895670688431512,0.9649188701923077,0.9994894109716919,0.00356292724609375,0.6953125,0.912109375,0.9322157007205909,0.9231436001155735,0.0,1,0,0.0020140303384590568,0.0053031766994600365,0.3777663856744766,0.9424712359905243,0.37830474972724915,-0.00013649463653564453,0.001058388501405716,0.0008168935775756836,0.0013914099460378398,0.004054722236822512,0.42083333333333334,-0.0008877217769622803,6.503711790393013,6.503711790393013,0.4395833333333333,pool=fp32_values_torch_sum_acc_fp32+pooled_rounded_to_fp8_e4m3_per_head_amax,score=fp8_e4m3_torch_scaled_mm_acc_fp32_native
R6,16,0.8,"repr=bf16, pool=fp32+fp8_e4m3/native, score=fp8_e4m3/native",fp8,bf16,native,1440,0.9704080107607234,0.012103399549762472,0.9404572236760063,0.9849817961165048,0.9993339370760517,0.00604248046875,0.87890625,1.546875,0.9704080107607234,0.9668438235277901,0.0,1,0,0.0011562776060636297,0.006164183842777143,0.12060710415244102,0.9941030144691467,0.12059247121214867,3.4333206713199615e-06,0.00024353107437491417,0.00023402571678161622,0.0011961114313514764,0.004331011447665798,0.5055555555555555,0.0005802400410175323,169.00257697002576,169.00257697002576,0.60625,pool=fp32_values_torch_sum_acc_fp32+pooled_rounded_to_fp8_e4m3_per_head_amax,score=fp8_e4m3_torch_scaled_mm_acc_fp32_native
R6,16,0.9,"repr=bf16, pool=fp32+fp8_e4m3/native, score=fp8_e4m3/native",fp8,bf16,native,1440,0.9579349904397706,0.022025689258045045,0.9192549051201079,0.978515625,0.9993339370760517,0.004364013671875,0.77734375,1.1171875,0.9579349904397706,0.9528367650133515,0.0,1,0,0.0016262872822143974,0.005798504216031309,0.19489779323339462,0.9846108853816986,0.19393815845251083,-8.247792720794678e-06,0.0004922635853290558,0.0005171995609998703,0.0015242026365910907,0.005252255062150197,0.48194444444444445,0.0007330775260925293,-88.88166214995483,88.88166214995483,0.5902777777777778,pool=fp32_values_torch_sum_acc_fp32+pooled_rounded_to_fp8_e4m3_per_head_amax,score=fp8_e4m3_torch_scaled_mm_acc_fp32_native
R6,16,0.95,"repr=bf16, pool=fp32+fp8_e4m3/native, score=fp8_e4m3/native",fp8,bf16,native,1440,0.9360093077370564,0.03458940732355564,0.8852720222460814,0.9669471153846154,0.9993339370760517,0.00335693359375,0.66796875,0.859375,0.9360093077370564,0.9282972506453859,0.0,1,0,0.0023655111122259844,0.005427367515578664,0.28483711183071136,0.9665125608444214,0.2846301794052124,-2.41696834564209e-05,0.0008123200386762619,0.0008206605911254883,0.0015621548088450331,0.004799904237974941,0.4826388888888889,0.0013470351696014404,-55.7324290998767,55.7324290998767,0.6090277777777777,pool=fp32_values_torch_sum_acc_fp32+pooled_rounded_to_fp8_e4m3_per_head_amax,score=fp8_e4m3_torch_scaled_mm_acc_fp32_native
R6,17,0.8,"repr=bf16, pool=fp32+fp8_e4m3/native, score=fp8_e4m3/native",fp8,bf16,native,1440,0.970334391929759,0.008092359826251783,0.952100684804738,0.9849438713592233,0.9993799643337424,0.0060577392578125,0.890625,1.55078125,0.970334391929759,0.9665504453725653,0.0,1,0,0.0011513774325648941,0.00616783191844938,0.0742361955344677,0.9976016283035278,0.07429240271449089,3.997981548309326e-05,0.0003063566982746124,0.0005742985755205155,0.002088280855079991,0.008228555598808127,0.5819444444444445,0.0034948941320180893,87.41646477823332,87.41646477823332,0.8173611111111111,pool=fp32_values_torch_sum_acc_fp32+pooled_rounded_to_fp8_e4m3_per_head_amax,score=fp8_e4m3_torch_scaled_mm_acc_fp32_native
R6,17,0.9,"repr=bf16, pool=fp32+fp8_e4m3/native, score=fp8_e4m3/native",fp8,bf16,native,1440,0.9621195371803375,0.011419533760718803,0.9374110854418596,0.9806941105769231,0.9993799643337424,0.0039215087890625,0.7421875,1.00390625,0.9621195371803375,0.9575750917968835,0.0,1,0,0.001825078644272526,0.00558454366835948,0.14173827320337296,0.9910750389099121,0.14164262264966965,5.211681127548218e-05,0.000497965607792139,0.0008211128413677215,0.0017915133971309863,0.007681179123477569,0.58125,0.0025497935712337494,48.92458899213724,48.92458899213724,0.7875,pool=fp32_values_torch_sum_acc_fp32+pooled_rounded_to_fp8_e4m3_per_head_amax,score=fp8_e4m3_torch_scaled_mm_acc_fp32_native
R6,17,0.95,"repr=bf16, pool=fp32+fp8_e4m3/native, score=fp8_e4m3/native",fp8,bf16,native,1440,0.9514769583697646,0.01798105952868423,0.9145554847265098,0.9751352163461539,0.9993799643337424,0.00252532958984375,0.56640625,0.646484375,0.9514769583697646,0.9454877707096864,0.0,1,0,0.002857551615935367,0.005069722951698422,0.22800931334495544,0.9776451587677002,0.22790737450122833,5.009770393371582e-05,0.0007529780268669128,0.00092974454164505,0.0017312046335702103,0.006506966819274919,0.5333333333333333,0.003040112555027008,60.683670434265316,60.683670434265316,0.8048611111111111,pool=fp32_values_torch_sum_acc_fp32+pooled_rounded_to_fp8_e4m3_per_head_amax,score=fp8_e4m3_torch_scaled_mm_acc_fp32_native
R6,18,0.8,"repr=bf16, pool=fp32+fp8_e4m3/native, score=fp8_e4m3/native",fp8,bf16,native,1440,0.968054933572175,0.015336103861015249,0.9480589043800677,0.9837682038834952,0.9989612199232532,0.00653076171875,0.89453125,1.671875,0.968054933572175,0.9635118028148038,0.0,1,0,0.0010248487727830477,0.006015410307327959,0.2202187180519104,0.9807285070419312,0.2202441394329071,1.9490718841552734e-05,0.0007615610957145691,0.0013862550258636475,0.0018372167066004062,0.008373416982837402,0.5208333333333334,0.0022436119616031647,115.1118119266055,115.1118119266055,0.6881944444444444,pool=fp32_values_torch_sum_acc_fp32+pooled_rounded_to_fp8_e4m3_per_head_amax,score=fp8_e4m3_torch_scaled_mm_acc_fp32_native
R6,18,0.9,"repr=bf16, pool=fp32+fp8_e4m3/native, score=fp8_e4m3/native",fp8,bf16,native,1440,0.9628428192273666,0.026410989739181878,0.9266227657572907,0.9810697115384616,0.9989612199232532,0.00384521484375,0.734375,0.984375,0.9628428192273666,0.9574311683254216,0.0,1,0,0.0018098458916863697,0.005414981488765118,0.3492372930049896,0.9531172811985016,0.3500274121761322,3.722682595252991e-05,0.0011953189969062805,0.0018589317798614502,0.0017070081627693868,0.007041545371674821,0.5208333333333334,0.001870226114988327,50.23866706694686,50.23866706694686,0.6763888888888889,pool=fp32_values_torch_sum_acc_fp32+pooled_rounded_to_fp8_e4m3_per_head_amax,score=fp8_e4m3_torch_scaled_mm_acc_fp32_native
R6,18,0.95,"repr=bf16, pool=fp32+fp8_e4m3/native, score=fp8_e4m3/native",fp8,bf16,native,1440,0.941373778620388,0.029908043076914748,0.9028016009148084,0.9698016826923077,0.9989612199232532,0.0030670166015625,0.640625,0.78515625,0.941373778620388,0.9331977926227127,0.0,1,0,0.0022912665288762893,0.005103625906748859,0.5341951847076416,0.8940016627311707,0.5342652797698975,-1.7821788787841797e-05,0.0016675852239131927,0.0023231983184814455,0.0017072616240415245,0.006044943696214587,0.4930555555555556,0.0033854618668556213,-189.96195652173913,189.96195652173913,0.7291666666666666,pool=fp32_values_torch_sum_acc_fp32+pooled_rounded_to_fp8_e4m3_per_head_amax,score=fp8_e4m3_torch_scaled_mm_acc_fp32_native
R6,19,0.8,"repr=bf16, pool=fp32+fp8_e4m3/native, score=fp8_e4m3/native",fp8,bf16,native,1440,0.97066572068572,0.013377281225147697,0.9388128385493815,0.9851145327669903,0.9991867488101197,0.00598907470703125,0.8828125,1.533203125,0.97066572068572,0.9666971235091512,0.0,1,0,0.0011687916847368434,0.006010497850816303,0.1024429090321064,0.9958304166793823,0.10232561081647873,2.408307045698166e-05,0.0003178063780069351,0.0004620783030986786,0.0016277274922111545,0.009913192607609833,0.5493055555555556,0.001992184668779373,82.72137360300088,82.72137360300088,0.6840277777777778,pool=fp32_values_torch_sum_acc_fp32+pooled_rounded_to_fp8_e4m3_per_head_amax,score=fp8_e4m3_torch_scaled_mm_acc_fp32_native
R6,19,0.9,"repr=bf16, pool=fp32+fp8_e4m3/native, score=fp8_e4m3/native",fp8,bf16,native,1440,0.960963393975105,0.020379532601859873,0.9167608603405017,0.9800931490384616,0.9991867488101197,0.0040435791015625,0.75390625,1.03515625,0.960963393975105,0.9564242962810905,0.0,1,0,0.0017788212068432685,0.005542923219847019,0.16187473386526108,0.9893079996109009,0.16218668222427368,3.154575824737549e-05,0.000548187643289566,0.0006660349667072296,0.0016106048770260341,0.006993104968938522,0.5423611111111111,0.0016985349357128143,53.84352857817667,53.84352857817667,0.6875,pool=fp32_values_torch_sum_acc_fp32+pooled_rounded_to_fp8_e4m3_per_head_amax,score=fp8_e4m3_torch_scaled_mm_acc_fp32_native
R6,19,0.95,"repr=bf16, pool=fp32+fp8_e4m3/native, score=fp8_e4m3/native",fp8,bf16,native,1440,0.941373778620388,0.026792360939947857,0.8855257079545554,0.9698016826923077,0.9991867488101197,0.0030670166015625,0.640625,0.78515625,0.941373778620388,0.9348837209302325,0.0,1,0,0.002367991295357783,0.005329518069674617,0.24477602541446686,0.9761572480201721,0.24424979090690613,2.3096799850463867e-05,0.0009238347411155701,0.0011548131704330444,0.0017690104720940623,0.006732840357774221,0.5111111111111111,0.002567864954471588,111.17838709677419,111.17838709677419,0.7375,pool=fp32_values_torch_sum_acc_fp32+pooled_rounded_to_fp8_e4m3_per_head_amax,score=fp8_e4m3_torch_scaled_mm_acc_fp32_native
R6,2,0.8,"repr=bf16, pool=fp32+fp8_e4m3/native, score=fp8_e4m3/native",fp8,bf16,native,1440,0.96438948074201,0.009191759244763453,0.941743283598616,0.9818719660194175,0.9994790637784128,0.007293701171875,0.93359375,1.8671875,0.96438948074201,0.9552853064402507,0.0,1,0,0.0009751327048517261,0.006445970786246532,0.052933596074581146,0.9986879527568817,0.05215287208557129,1.4924444258213043e-05,0.00029763905331492424,0.0006003142334520817,0.002409099151292768,0.018983986348011676,0.5388888888888889,0.01088954508304596,729.6449297971919,729.6449297971919,0.7402777777777778,pool=fp32_values_torch_sum_acc_fp32+pooled_rounded_to_fp8_e4m3_per_head_amax,score=fp8_e4m3_torch_scaled_mm_acc_fp32_native
R6,2,0.9,"repr=bf16, pool=fp32+fp8_e4m3/native, score=fp8_e4m3/native",fp8,bf16,native,1440,0.9563524138437799,0.017810196231820785,0.8865945849389156,0.9776893028846154,0.9994790637784128,0.0045318603515625,0.79296875,1.16015625,0.9563524138437799,0.9452745432018941,0.0,1,0,0.0015467086815550966,0.00582946988704014,0.10994218662381172,0.9946043491363525,0.10970661789178848,3.610411658883095e-05,0.0007827496156096458,0.0015376359224319458,0.0036652468946851485,0.022795048399596562,0.5326388888888889,0.008270522579550743,229.07422645841126,229.07422645841126,0.7194444444444444,pool=fp32_values_torch_sum_acc_fp32+pooled_rounded_to_fp8_e4m3_per_head_amax,score=fp8_e4m3_torch_scaled_mm_acc_fp32_native
R6,2,0.95,"repr=bf16, pool=fp32+fp8_e4m3/native, score=fp8_e4m3/native",fp8,bf16,native,1440,0.9422235191129268,0.028319507636826224,0.8175612084951244,0.9702524038461539,0.9994790637784128,0.003021240234375,0.64453125,0.7734375,0.9422235191129268,0.9259259259259259,0.0,0,0,0.0023730480337720325,0.005332017069004094,0.24605266749858856,0.9764648675918579,0.24632468074560165,-9.685754776000977e-07,0.0015589036047458649,0.00256192684173584,0.0038524906797652502,0.02851278201981035,0.49930555555555556,0.006423011422157288,-6631.4,6631.4,0.7423611111111111,pool=fp32_values_torch_sum_acc_fp32+pooled_rounded_to_fp8_e4m3_per_head_amax,score=fp8_e4m3_torch_scaled_mm_acc_fp32_native
R6,20,0.8,"repr=bf16, pool=fp32+fp8_e4m3/native, score=fp8_e4m3/native",fp8,bf16,native,1440,0.9704816350932257,0.006885439633312007,0.9613939822218918,0.9850197208737864,0.9993251024726415,0.0060272216796875,0.890625,1.54296875,0.9704816350932257,0.9646090228364936,0.0,1,0,0.0011714808078827621,0.006156889921140818,0.04297560267150402,0.9991360008716583,0.043014874681830406,1.1112075299024582e-05,0.0001788758672773838,0.00026815272867679595,0.002071207569461272,0.017359199324717935,0.5493055555555556,0.014648833312094212,1318.2806017684281,1318.2806017684281,0.9180555555555555,pool=fp32_values_torch_sum_acc_fp32+pooled_rounded_to_fp8_e4m3_per_head_amax,score=fp8_e4m3_torch_scaled_mm_acc_fp32_native
R6,20,0.9,"repr=bf16, pool=fp32+fp8_e4m3/native, score=fp8_e4m3/native",fp8,bf16,native,1440,0.9625534424296034,0.013612912563302437,0.9439181374733125,0.9809194711538461,0.9993251024726415,0.003875732421875,0.7421875,0.9921875,0.9625534424296034,0.9543419217499817,0.0,1,0,0.0018198550607557494,0.0055338055433706655,0.08464085683226585,0.99689581990242,0.08442166447639465,2.8798356652259827e-05,0.00036742351949214935,0.0006076797842979431,0.002112245289500471,0.022034963135005657,0.5722222222222222,0.00929434597492218,322.73876204643943,322.73876204643943,0.9048611111111111,pool=fp32_values_torch_sum_acc_fp32+pooled_rounded_to_fp8_e4m3_per_head_amax,score=fp8_e4m3_torch_scaled_mm_acc_fp32_native
R6,20,0.95,"repr=bf16, pool=fp32+fp8_e4m3/native, score=fp8_e4m3/native",fp8,bf16,native,1440,0.9479075212174422,0.01652730656550805,0.9189851520830329,0.9732572115384616,0.9993251024726415,0.002716064453125,0.59375,0.6953125,0.9479075212174422,0.9371362048894063,0.0,1,0,0.0026231938438412736,0.005072606846648684,0.15559838712215424,0.9894000589847565,0.15579777210950851,0.00010105222463607788,0.0007757660932838917,0.0012422759085893632,0.0027637494639527528,0.01850346273855014,0.5618055555555556,0.008438900113105774,83.51028533510285,83.51028533510285,0.9020833333333333,pool=fp32_values_torch_sum_acc_fp32+pooled_rounded_to_fp8_e4m3_per_head_amax,score=fp8_e4m3_torch_scaled_mm_acc_fp32_native
R6,21,0.8,"repr=bf16, pool=fp32+fp8_e4m3/native, score=fp8_e4m3/native",fp8,bf16,native,1440,0.9662204988628313,0.006742435938981051,0.9493550636036447,0.9828200849514563,0.9993850239666587,0.0069122314453125,0.92578125,1.76953125,0.9662204988628313,0.9604096584903286,0.0,1,0,0.001021631844806433,0.006466574524751034,0.07165755704045296,0.9978979527950287,0.07172318547964096,4.127155989408493e-05,0.00030784611590206623,0.0006258288864046335,0.0025415441196639074,0.012456335279758774,0.6020833333333333,0.010298404842615128,249.5278799503554,249.5278799503554,0.8409722222222222,pool=fp32_values_torch_sum_acc_fp32+pooled_rounded_to_fp8_e4m3_per_head_amax,score=fp8_e4m3_torch_scaled_mm_acc_fp32_native
R6,21,0.9,"repr=bf16, pool=fp32+fp8_e4m3/native, score=fp8_e4m3/native",fp8,bf16,native,1440,0.9613967879770149,0.015799602796220946,0.9263230671522402,0.9803185096153846,0.9993850239666587,0.003997802734375,0.75390625,1.0234375,0.9613967879770149,0.9547723935389134,0.0,1,0,0.0017727054917591818,0.0056786499340741575,0.1289852187037468,0.993160218000412,0.12938550114631653,5.679577589035034e-05,0.0006370330229401588,0.0009221360087394714,0.00227520464646629,0.019708252557055172,0.5576388888888889,0.0062933750450611115,110.80709694346058,110.80709694346058,0.8430555555555556,pool=fp32_values_torch_sum_acc_fp32+pooled_rounded_to_fp8_e4m3_per_head_amax,score=fp8_e4m3_torch_scaled_mm_acc_fp32_native
R6,21,0.95,"repr=bf16, pool=fp32+fp8_e4m3/native, score=fp8_e4m3/native",fp8,bf16,native,1440,0.9473376243417203,0.01735933453946026,0.9167470666259179,0.9729567307692307,0.9993850239666587,0.00274658203125,0.59765625,0.703125,0.9473376243417203,0.9391114348142753,0.0,1,0,0.002612945264455056,0.0052276192376748045,0.22702841460704803,0.9789145588874817,0.22706419974565506,6.883963942527771e-05,0.0010680146515369415,0.001433761790394783,0.002378556119168132,0.014325371244328658,0.5534722222222223,0.0074791014194488525,108.64527301260891,108.64527301260891,0.8486111111111111,pool=fp32_values_torch_sum_acc_fp32+pooled_rounded_to_fp8_e4m3_per_head_amax,score=fp8_e4m3_torch_scaled_mm_acc_fp32_native
R6,22,0.8,"repr=bf16, pool=fp32+fp8_e4m3/native, score=fp8_e4m3/native",fp8,bf16,native,1440,0.9676877728442969,0.014515378361074638,0.9385348873930424,0.9835785800970874,0.9993180198683471,0.0066070556640625,0.90234375,1.69140625,0.9676877728442969,0.9631097964996855,0.0,1,0,0.0011157038518331771,0.0064252650954357,0.22628776729106903,0.9811080396175385,0.22563116997480392,2.2782012820243835e-05,0.0006654504686594009,0.0009211905300617218,0.0017617676111894623,0.006770551632364739,0.5201388888888889,0.0008897781372070312,39.05616875153299,39.05616875153299,0.5791666666666667,pool=fp32_values_torch_sum_acc_fp32+pooled_rounded_to_fp8_e4m3_per_head_amax,score=fp8_e4m3_torch_scaled_mm_acc_fp32_native
R6,22,0.9,"repr=bf16, pool=fp32+fp8_e4m3/native, score=fp8_e4m3/native",fp8,bf16,native,1440,0.960097180298903,0.02716089442999292,0.9087972875419845,0.9796424278846154,0.9993180198683471,0.0041351318359375,0.75,1.05859375,0.960097180298903,0.9546288818735775,0.0,1,0,0.0018094427251882472,0.005876112372810015,0.3449555039405823,0.9601925909519196,0.34548625349998474,1.1563301086425781e-05,0.0008490141481161118,0.0011688783764839173,0.0013935857691597933,0.005195487951491348,0.51875,0.0011694729328155518,101.13659793814433,101.13659793814433,0.5881944444444445,pool=fp32_values_torch_sum_acc_fp32+pooled_rounded_to_fp8_e4m3_per_head_amax,score=fp8_e4m3_torch_scaled_mm_acc_fp32_native
R6,22,0.95,"repr=bf16, pool=fp32+fp8_e4m3/native, score=fp8_e4m3/native",fp8,bf16,native,1440,0.9362909090909091,0.0347846632046962,0.8788990825688072,0.9670973557692307,0.9993180198683471,0.0033416748046875,0.673828125,0.85546875,0.9362909090909091,0.9278783490224475,0.0,1,0,0.002305216938581489,0.005640226709797804,0.4627198427915573,0.9257070422172546,0.4630487412214279,-6.648898124694824e-05,0.0013445019721984863,0.0016335606575012206,0.0015040916190293425,0.004703060713693992,0.46041666666666664,0.0022096559405326843,-33.23341550874048,33.23341550874048,0.6409722222222223,pool=fp32_values_torch_sum_acc_fp32+pooled_rounded_to_fp8_e4m3_per_head_amax,score=fp8_e4m3_torch_scaled_mm_acc_fp32_native
R6,23,0.8,"repr=bf16, pool=fp32+fp8_e4m3/native, score=fp8_e4m3/native",fp8,bf16,native,1440,0.9670272286460276,0.026669135471643624,0.918007508692756,0.9832372572815534,0.9993823147680168,0.006744384765625,0.91015625,1.7265625,0.9670272286460276,0.9624888359630842,0.0,1,0,0.0011040615132051996,0.006550692473364353,0.17080999910831451,0.9884253740310669,0.17098650336265564,2.5882385671138763e-05,0.0007362589240074158,0.0012741684913635254,0.0024885274903985307,0.011209677160753469,0.5208333333333334,0.0014468487352132797,55.900903170091034,55.900903170091034,0.6027777777777777,pool=fp32_values_torch_sum_acc_fp32+pooled_rounded_to_fp8_e4m3_per_head_amax,score=fp8_e4m3_torch_scaled_mm_acc_fp32_native
R6,23,0.9,"repr=bf16, pool=fp32+fp8_e4m3/native, score=fp8_e4m3/native",fp8,bf16,native,1440,0.9531232832645002,0.04470526400517705,0.876383113679611,0.9759990985576923,0.9993823147680168,0.00487518310546875,0.810546875,1.248046875,0.9531232832645002,0.9474800672957355,0.0,1,0,0.0016354864862931611,0.006081865484132663,0.2431711107492447,0.9759811162948608,0.2432529777288437,4.35560941696167e-05,0.0011568665504455566,0.0016251251101493836,0.0022114462864182066,0.00889796397259483,0.5284722222222222,0.0013204365968704224,30.315771467670203,30.315771467670203,0.5895833333333333,pool=fp32_values_torch_sum_acc_fp32+pooled_rounded_to_fp8_e4m3_per_head_amax,score=fp8_e4m3_torch_scaled_mm_acc_fp32_native
R6,23,0.95,"repr=bf16, pool=fp32+fp8_e4m3/native, score=fp8_e4m3/native",fp8,bf16,native,1440,0.924255565192252,0.059280058410718706,0.8399447131997235,0.9606370192307693,0.9993823147680168,0.003997802734375,0.74609375,1.0234375,0.924255565192252,0.9153956834532374,0.0,1,0,0.002249836549869146,0.0058919213483485215,0.34498704969882965,0.9501050710678101,0.34485964477062225,0.00014859437942504883,0.0017234981060028076,0.0023075461387634276,0.002383008097399347,0.011318781302046846,0.5541666666666667,0.002528723329305649,17.01762434817489,17.01762434817489,0.6118055555555556,pool=fp32_values_torch_sum_acc_fp32+pooled_rounded_to_fp8_e4m3_per_head_amax,score=fp8_e4m3_torch_scaled_mm_acc_fp32_native
R6,24,0.8,"repr=bf16, pool=fp32+fp8_e4m3/native, score=fp8_e4m3/native",fp8,bf16,native,1440,0.9690837129415278,0.013015868109903739,0.9412322306112078,0.9842991504854369,0.9992494445066993,0.006317138671875,0.8984375,1.6171875,0.9690837129415278,0.9647554114973361,0.0,1,0,0.0010687708072312089,0.00611969796159079,0.1972876638174057,0.9869852662086487,0.1970265880227089,4.843156784772873e-05,0.000612359493970871,0.0012043416500091553,0.001896154770344024,0.007688057542300841,0.5756944444444444,0.004381891340017319,90.4759340807261,90.4759340807261,0.7597222222222222,pool=fp32_values_torch_sum_acc_fp32+pooled_rounded_to_fp8_e4m3_per_head_amax,score=fp8_e4m3_torch_scaled_mm_acc_fp32_native
R6,24,0.9,"repr=bf16, pool=fp32+fp8_e4m3/native, score=fp8_e4m3/native",fp8,bf16,native,1440,0.9677026005215474,0.020041320845552768,0.9252156703218123,0.9835862379807693,0.9992494445066993,0.00333404541015625,0.669921875,0.853515625,0.9677026005215474,0.9631322813744285,0.0,1,0,0.002071762994593901,0.005201212297379473,0.3202716261148453,0.9670972526073456,0.3202587515115738,4.838407039642334e-05,0.0008411100134253502,0.0012056291103363036,0.0015498930017255395,0.006508294062843733,0.525,0.0028063878417015076,58.00230982445334,58.00230982445334,0.7590277777777777,pool=fp32_values_torch_sum_acc_fp32+pooled_rounded_to_fp8_e4m3_per_head_amax,score=fp8_e4m3_torch_scaled_mm_acc_fp32_native
R6,24,0.95,"repr=bf16, pool=fp32+fp8_e4m3/native, score=fp8_e4m3/native",fp8,bf16,native,1440,0.9493337238248646,0.015952711604885428,0.920646371374982,0.9740084134615384,0.9992494445066993,0.0026397705078125,0.58203125,0.67578125,0.9493337238248646,0.9436414075047452,0.0,1,0,0.0026755536679833967,0.00502761198483542,0.47864481806755066,0.9273861944675446,0.47872452437877655,-5.831196904182434e-05,0.0013757869601249695,0.001511123776435852,0.0015289690681446195,0.00544555749310331,0.4708333333333333,0.004907876253128052,-84.16584680252987,84.16584680252987,0.8222222222222222,pool=fp32_values_torch_sum_acc_fp32+pooled_rounded_to_fp8_e4m3_per_head_amax,score=fp8_e4m3_torch_scaled_mm_acc_fp32_native
R6,25,0.8,"repr=bf16, pool=fp32+fp8_e4m3/native, score=fp8_e4m3/native",fp8,bf16,native,1440,0.9665871121718377,0.022205437494853375,0.91174631668316,0.9830097087378641,0.9992942836686587,0.0068359375,0.91015625,1.75,0.9665871121718377,0.9630367220036831,0.0,1,0,0.0010529925474680435,0.006708327469441538,0.0919380858540535,0.9962862730026245,0.09177053347229958,3.769993782043457e-06,0.0003323191776871681,0.0004109792411327362,0.0018281874279129301,0.007324006514950895,0.5076388888888889,0.0012152902781963348,322.35869565217394,322.35869565217394,0.6618055555555555,pool=fp32_values_torch_sum_acc_fp32+pooled_rounded_to_fp8_e4m3_per_head_amax,score=fp8_e4m3_torch_scaled_mm_acc_fp32_native
R6,25,0.9,"repr=bf16, pool=fp32+fp8_e4m3/native, score=fp8_e4m3/native",fp8,bf16,native,1440,0.9523355576739753,0.031472843531096806,0.8747645564099658,0.9755859375,0.9992942836686587,0.0049591064453125,0.80859375,1.26953125,0.9523355576739753,0.947408845818728,0.0,1,0,0.001484732904992317,0.006240306855537017,0.15655981749296188,0.9893898069858551,0.15654364228248596,4.346482455730438e-05,0.0005309302359819412,0.0006311506032943726,0.0017914983036404959,0.0066433445737208285,0.5513888888888889,0.001104690134525299,25.415727448039426,25.415727448039426,0.6444444444444445,pool=fp32_values_torch_sum_acc_fp32+pooled_rounded_to_fp8_e4m3_per_head_amax,score=fp8_e4m3_torch_scaled_mm_acc_fp32_native
R6,25,0.95,"repr=bf16, pool=fp32+fp8_e4m3/native, score=fp8_e4m3/native",fp8,bf16,native,1440,0.9419401896425966,0.03198253673071039,0.8735969504119087,0.9701021634615384,0.9992942836686587,0.0030364990234375,0.63671875,0.77734375,0.9419401896425966,0.9354463506833381,0.0,1,0,0.0022182376496949815,0.005369103313892263,0.2311251312494278,0.9771430194377899,0.23056398332118988,-3.689900040626526e-05,0.0008914656937122345,0.0008905559778213501,0.0017964845491091526,0.006584747675794795,0.46041666666666664,0.0011940747499465942,-32.36062594649167,32.36062594649167,0.6506944444444445,pool=fp32_values_torch_sum_acc_fp32+pooled_rounded_to_fp8_e4m3_per_head_amax,score=fp8_e4m3_torch_scaled_mm_acc_fp32_native
R6,26,0.8,"repr=bf16, pool=fp32+fp8_e4m3/native, score=fp8_e4m3/native",fp8,bf16,native,1440,0.9657807432810228,0.013901917249849793,0.926569977715267,0.982592536407767,0.9993261668037001,0.0070037841796875,0.92578125,1.79296875,0.9657807432810228,0.9611751580513201,0.0,1,0,0.0010863071566934,0.00672585739059467,0.03982055000960827,0.9992575943470001,0.04000944457948208,2.3612752556800842e-05,0.00019943108782172203,0.0002586685121059418,0.002374035789611872,0.012083365166254736,0.58125,0.0024530934169888496,103.88849885619626,103.88849885619626,0.7347222222222223,pool=fp32_values_torch_sum_acc_fp32+pooled_rounded_to_fp8_e4m3_per_head_amax,score=fp8_e4m3_torch_scaled_mm_acc_fp32_native
R6,26,0.9,"repr=bf16, pool=fp32+fp8_e4m3/native, score=fp8_e4m3/native",fp8,bf16,native,1440,0.9567837718653536,0.02466144599869724,0.9038901601830664,0.9779146634615384,0.9993261668037001,0.004486083984375,0.7890625,1.1484375,0.9567837718653536,0.9506190929738443,0.0,1,0,0.0017405946812549151,0.006050300472426811,0.07900063320994377,0.9971077144145966,0.07915513589978218,3.655627369880676e-05,0.00034686457365751266,0.00047071129083633425,0.0022770746052935657,0.010407033723935083,0.5736111111111111,0.0015146834775805473,41.43429634158769,41.43429634158769,0.7201388888888889,pool=fp32_values_torch_sum_acc_fp32+pooled_rounded_to_fp8_e4m3_per_head_amax,score=fp8_e4m3_torch_scaled_mm_acc_fp32_native
R6,26,0.95,"repr=bf16, pool=fp32+fp8_e4m3/native, score=fp8_e4m3/native",fp8,bf16,native,1440,0.9354463506833381,0.037550057311099616,0.8701094993057593,0.9666466346153846,0.9993261668037001,0.003387451171875,0.6875,0.8671875,0.9354463506833381,0.9270411117544876,0.0,1,0,0.002383445011842065,0.005823321439447884,0.14294975996017456,0.9905181527137756,0.14319847524166107,5.920976400375366e-05,0.0007454976439476013,0.0009741093963384628,0.002891857826955891,0.013775088990000229,0.5458333333333333,0.001760978251695633,29.741348936705673,29.741348936705673,0.7041666666666667,pool=fp32_values_torch_sum_acc_fp32+pooled_rounded_to_fp8_e4m3_per_head_amax,score=fp8_e4m3_torch_scaled_mm_acc_fp32_native
R6,27,0.8,"repr=bf16, pool=fp32+fp8_e4m3/native, score=fp8_e4m3/native",fp8,bf16,native,1440,0.9646090228364936,0.016310974534648692,0.9104131691798125,0.9819857402912622,0.9993661869206745,0.0072479248046875,0.93359375,1.85546875,0.9646090228364936,0.9522452152667235,0.0,1,0,0.0011012731339839973,0.006933361546958055,0.021923251450061798,0.9997690618038177,0.021861422806978226,2.8322916477918625e-05,0.00021083781030029058,0.00037597743794322015,0.003179539323892869,0.02144071092505909,0.6083333333333333,0.006611417047679424,233.42995248507967,233.42995248507967,0.8041666666666667,pool=fp32_values_torch_sum_acc_fp32+pooled_rounded_to_fp8_e4m3_per_head_amax,score=fp8_e4m3_torch_scaled_mm_acc_fp32_native
R6,27,0.9,"repr=bf16, pool=fp32+fp8_e4m3/native, score=fp8_e4m3/native",fp8,bf16,native,1440,0.9563524138437799,0.01764193097869904,0.9109962675854149,0.9776893028846154,0.9993661869206745,0.0045318603515625,0.8046875,1.16015625,0.9563524138437799,0.9432158236625063,0.0,1,0,0.0017842289372950698,0.006295259011680973,0.046752460300922394,0.9989625215530396,0.046770647168159485,6.140582263469696e-05,0.0004924251697957516,0.0009582340717315674,0.003827027546489373,0.03160083050050373,0.5965277777777778,0.004435298033058643,72.22927472927474,72.22927472927474,0.7972222222222223,pool=fp32_values_torch_sum_acc_fp32+pooled_rounded_to_fp8_e4m3_per_head_amax,score=fp8_e4m3_torch_scaled_mm_acc_fp32_native
R6,27,0.95,"repr=bf16, pool=fp32+fp8_e4m3/native, score=fp8_e4m3/native",fp8,bf16,native,1440,0.9377001455604076,0.03595488842239469,0.8506753063331388,0.9678485576923077,0.9993661869206745,0.003265380859375,0.66796875,0.8359375,0.9377001455604076,0.9220329194340168,0.0,1,0,0.002517764065124597,0.005908818604203616,0.101417675614357,0.9953198432922363,0.10148809105157852,0.00013778731226921082,0.001193363219499588,0.0021958597004413604,0.004612930326996204,0.03339844062377647,0.5847222222222223,0.004307817667722702,31.264255008516507,31.264255008516507,0.7743055555555556,pool=fp32_values_torch_sum_acc_fp32+pooled_rounded_to_fp8_e4m3_per_head_amax,score=fp8_e4m3_torch_scaled_mm_acc_fp32_native
R6,28,0.8,"repr=bf16, pool=fp32+fp8_e4m3/native, score=fp8_e4m3/native",fp8,bf16,native,1440,0.9650848664433173,0.01950940217884356,0.9279786495082805,0.9822322512135921,0.9991596454739855,0.00714874267578125,0.93359375,1.830078125,0.9650848664433173,0.9508730393607576,0.0,1,0,0.0010356278964648536,0.006670135394702162,0.042438456788659096,0.999218076467514,0.04247376136481762,9.611248970031738e-06,0.00023458711802959442,0.0005658298730850219,0.0026400628964380244,0.02742474426255139,0.6048611111111111,0.008128833957016468,845.7625,845.7625,0.7659722222222223,pool=fp32_values_torch_sum_acc_fp32+pooled_rounded_to_fp8_e4m3_per_head_amax,score=fp8_e4m3_torch_scaled_mm_acc_fp32_native
R6,28,0.9,"repr=bf16, pool=fp32+fp8_e4m3/native, score=fp8_e4m3/native",fp8,bf16,native,1440,0.9519061583577713,0.03130969779573156,0.8513251818270897,0.9753605769230769,0.9991596454739855,0.0050048828125,0.83984375,1.28125,0.9519061583577713,0.9303944315545244,0.0,1,0,0.001466299370716065,0.006146967223632291,0.08082838356494904,0.9970619380474091,0.0810529850423336,4.607019945979118e-06,0.00047580525279045105,0.00087490975856781,0.003467827117872697,0.02393530475774068,0.5472222222222223,0.0059714000672101974,1296.1524233082328,1296.1524233082328,0.7625,pool=fp32_values_torch_sum_acc_fp32+pooled_rounded_to_fp8_e4m3_per_head_amax,score=fp8_e4m3_torch_scaled_mm_acc_fp32_native
R6,28,0.95,"repr=bf16, pool=fp32+fp8_e4m3/native, score=fp8_e4m3/native",fp8,bf16,native,1440,0.9425069312709762,0.03347410763000069,0.772510939062842,0.9704026442307693,0.9991596454739855,0.0030059814453125,0.64453125,0.76953125,0.9425069312709762,0.9159470351180196,0.0,1,0,0.0023794839233161006,0.005547033989720599,0.1231359951198101,0.9930423200130463,0.12025351077318192,1.2318138033151627e-05,0.001171499490737915,0.002131742238998413,0.004499532811929903,0.048337419328853236,0.5215277777777778,0.003955025225877762,321.0732998147658,321.0732998147658,0.7458333333333333,pool=fp32_values_torch_sum_acc_fp32+pooled_rounded_to_fp8_e4m3_per_head_amax,score=fp8_e4m3_torch_scaled_mm_acc_fp32_native
R6,29,0.8,"repr=bf16, pool=fp32+fp8_e4m3/native, score=fp8_e4m3/native",fp8,bf16,native,1440,0.969524947714371,0.01250416458317627,0.9462543583019466,0.9845266990291263,0.999418093363851,0.0062255859375,0.90234375,1.59375,0.969524947714371,0.9582621611585592,0.0,1,0,0.0010768680805940995,0.006099596628829199,0.04214882664382458,0.9992742836475372,0.04206980764865875,1.1991614883299917e-05,0.00015847920440137386,0.00023386534303426743,0.0017008869763765699,0.01401693086493654,0.5798611111111112,0.00461504515260458,384.8560179356416,384.8560179356416,0.6902777777777778,pool=fp32_values_torch_sum_acc_fp32+pooled_rounded_to_fp8_e4m3_per_head_amax,score=fp8_e4m3_torch_scaled_mm_acc_fp32_native
R6,29,0.9,"repr=bf16, pool=fp32+fp8_e4m3/native, score=fp8_e4m3/native",fp8,bf16,native,1440,0.9598086124401913,0.016988285037764617,0.9038765473548083,0.9794921875,0.999418093363851,0.0041656494140625,0.7734375,1.06640625,0.9598086124401913,0.9439962057234887,0.0,1,0,0.0016418389556974973,0.005674479970790762,0.09223644807934761,0.9963894784450531,0.09212076663970947,4.486739635467529e-05,0.0003997751045972109,0.0006173789501190185,0.0020503200345663194,0.03466434397092215,0.5770833333333333,0.0029698722064495087,66.19221188973764,66.19221188973764,0.6819444444444445,pool=fp32_values_torch_sum_acc_fp32+pooled_rounded_to_fp8_e4m3_per_head_amax,score=fp8_e4m3_torch_scaled_mm_acc_fp32_native
R6,29,0.95,"repr=bf16, pool=fp32+fp8_e4m3/native, score=fp8_e4m3/native",fp8,bf16,native,1440,0.9470528009360831,0.024763923816709554,0.8657192328601819,0.9728064903846154,0.999418093363851,0.0027618408203125,0.6015625,0.70703125,0.9470528009360831,0.9303944315545244,0.0,1,0,0.002597425568418233,0.005225575364241611,0.17917872965335846,0.9852617383003235,0.17651661485433578,1.2412667274475098e-05,0.0009911777451634407,0.0019227750599384308,0.0030620378236931364,0.04163266451957317,0.5166666666666667,0.0033204592764377594,267.5057022809124,267.5057022809124,0.7097222222222223,pool=fp32_values_torch_sum_acc_fp32+pooled_rounded_to_fp8_e4m3_per_head_amax,score=fp8_e4m3_torch_scaled_mm_acc_fp32_native
R6,3,0.8,"repr=bf16, pool=fp32+fp8_e4m3/native, score=fp8_e4m3/native",fp8,bf16,native,1440,0.9651947084032048,0.014441527933458986,0.9321462592511175,0.9822891383495146,0.9992913297352256,0.0071258544921875,0.92578125,1.82421875,0.9651947084032048,0.960008919943507,0.0,1,0,0.0010217019164659247,0.006564830087772568,0.1030469611287117,0.9956488013267517,0.10347070917487144,2.407282590866089e-05,0.0003002956509590149,0.00044462382793426515,0.00154124176061506,0.015099201375784027,0.5534722222222223,0.0021350346505641937,88.69065304859177,88.69065304859177,0.6305555555555555,pool=fp32_values_torch_sum_acc_fp32+pooled_rounded_to_fp8_e4m3_per_head_amax,score=fp8_e4m3_torch_scaled_mm_acc_fp32_native
R6,3,0.9,"repr=bf16, pool=fp32+fp8_e4m3/native, score=fp8_e4m3/native",fp8,bf16,native,1440,0.9539116395126963,0.018062958377067728,0.9044212863913117,0.9764122596153846,0.9992913297352256,0.004791259765625,0.8125,1.2265625,0.9539116395126963,0.9483351628247347,0.0,1,0,0.001494230728168438,0.00608862191103097,0.19785553961992264,0.9847957491874695,0.1980890929698944,4.8160552978515625e-05,0.0006569772958755493,0.0008394494652748108,0.001695379891307389,0.017321281248793115,0.5472222222222223,0.0017930157482624054,37.22996596534654,37.22996596534654,0.6291666666666667,pool=fp32_values_torch_sum_acc_fp32+pooled_rounded_to_fp8_e4m3_per_head_amax,score=fp8_e4m3_torch_scaled_mm_acc_fp32_native
R6,3,0.95,"repr=bf16, pool=fp32+fp8_e4m3/native, score=fp8_e4m3/native",fp8,bf16,native,1440,0.9388290125254879,0.019185619602219095,0.901388362894217,0.9684495192307693,0.9992913297352256,0.003204345703125,0.65625,0.8203125,0.9388290125254879,0.9317950950515165,0.0,1,0,0.002296914723062984,0.005523882967340422,0.31848911941051483,0.9585121870040894,0.31914031505584717,8.396804332733154e-06,0.001296456903219223,0.0015541844069957734,0.002058748323407478,0.014390912481691994,0.5041666666666667,0.0018815994262695312,224.08518189884649,224.08518189884649,0.6180555555555556,pool=fp32_values_torch_sum_acc_fp32+pooled_rounded_to_fp8_e4m3_per_head_amax,score=fp8_e4m3_torch_scaled_mm_acc_fp32_native
R6,4,0.8,"repr=bf16, pool=fp32+fp8_e4m3/native, score=fp8_e4m3/native",fp8,bf16,native,1440,0.9690837129415278,0.012354734882489726,0.9503535627833646,0.9842991504854369,0.9993504908740545,0.006317138671875,0.900390625,1.6171875,0.9690837129415278,0.9654144305307096,0.0,1,0,0.0010073140883837023,0.0059679348682612765,0.08537762612104416,0.9969835877418518,0.08500685170292854,3.086403012275696e-05,0.00024268077686429024,0.00031550973653793335,0.0012028632254276336,0.006761557291250957,0.6,0.0017587356269359589,56.983343391671696,56.983343391671696,0.6173611111111111,pool=fp32_values_torch_sum_acc_fp32+pooled_rounded_to_fp8_e4m3_per_head_amax,score=fp8_e4m3_torch_scaled_mm_acc_fp32_native
R6,4,0.9,"repr=bf16, pool=fp32+fp8_e4m3/native, score=fp8_e4m3/native",fp8,bf16,native,1440,0.9620472409556808,0.01659905842240117,0.9361430586527971,0.9806565504807693,0.9993504908740545,0.00392913818359375,0.744140625,1.005859375,0.9620472409556808,0.9575031247702375,0.0,1,0,0.0016434988917354918,0.005407709949512709,0.1565690115094185,0.9899412393569946,0.15634403377771378,4.2067840695381165e-05,0.000526992604136467,0.0007062435150146484,0.0013338355134471227,0.00835291415258543,0.5680555555555555,0.0013607945293188095,32.3476201018375,32.3476201018375,0.6138888888888889,pool=fp32_values_torch_sum_acc_fp32+pooled_rounded_to_fp8_e4m3_per_head_amax,score=fp8_e4m3_torch_scaled_mm_acc_fp32_native
R6,4,0.95,"repr=bf16, pool=fp32+fp8_e4m3/native, score=fp8_e4m3/native",fp8,bf16,native,1440,0.9464834040064337,0.016493505325532842,0.9195385724585435,0.9725060096153846,0.9993504908740545,0.0027923583984375,0.59765625,0.71484375,0.9464834040064337,0.9402419472380119,0.0,1,0,0.002550563807124719,0.005043364089358299,0.27812372148036957,0.9678479433059692,0.2777513563632965,3.690645098686218e-05,0.0010262615978717804,0.0014225274324417114,0.001641149399622907,0.009439105829997923,0.5284722222222222,0.0017730221152305603,48.04098112445745,48.04098112445745,0.6027777777777777,pool=fp32_values_torch_sum_acc_fp32+pooled_rounded_to_fp8_e4m3_per_head_amax,score=fp8_e4m3_torch_scaled_mm_acc_fp32_native
R6,5,0.8,"repr=bf16, pool=fp32+fp8_e4m3/native, score=fp8_e4m3/native",fp8,bf16,native,1440,0.9679080528397641,0.00748870861531048,0.9558581918911907,0.983692354368932,0.9993276025595068,0.006561279296875,0.90234375,1.6796875,0.9679080528397641,0.9625618696736259,0.0,1,0,0.0010286650046969095,0.006239393016499974,0.05951856076717377,0.9984177350997925,0.05952277220785618,1.4584511518478394e-05,0.00023369072005152702,0.0003211408853530884,0.0017604853137028658,0.012526049034004175,0.5520833333333334,0.01052671717479825,721.7737228607918,721.7737228607918,0.7708333333333334,pool=fp32_values_torch_sum_acc_fp32+pooled_rounded_to_fp8_e4m3_per_head_amax,score=fp8_e4m3_torch_scaled_mm_acc_fp32_native
R6,5,0.9,"repr=bf16, pool=fp32+fp8_e4m3/native, score=fp8_e4m3/native",fp8,bf16,native,1440,0.9602414960977764,0.009236942435532747,0.9430669138366493,0.9797175480769231,0.9993276025595068,0.004119873046875,0.76171875,1.0546875,0.9602414960977764,0.9534815467018857,0.0,1,0,0.0016796254034311265,0.005624693724013436,0.11760875210165977,0.9938635528087616,0.11728434637188911,2.3647677153348923e-05,0.0004933644086122513,0.0006886573508381843,0.0017458626217963101,0.017917301786028763,0.5340277777777778,0.007454313337802887,315.22391351436505,315.22391351436505,0.7701388888888889,pool=fp32_values_torch_sum_acc_fp32+pooled_rounded_to_fp8_e4m3_per_head_amax,score=fp8_e4m3_torch_scaled_mm_acc_fp32_native
R6,5,0.95,"repr=bf16, pool=fp32+fp8_e4m3/native, score=fp8_e4m3/native",fp8,bf16,native,1440,0.9507620164126612,0.014301965151465645,0.932636469221835,0.9747596153846154,0.9993276025595068,0.0025634765625,0.5625,0.65625,0.9507620164126612,0.9423652251919514,0.0,1,0,0.0028796782947025086,0.005042715697669984,0.23036418855190277,0.9792604148387909,0.2301275059580803,5.4117292165756226e-05,0.0012320363894104958,0.0013561740517616272,0.002289661125272357,0.01781740278485779,0.5298611111111111,0.0057302117347717285,105.88504164658912,105.88504164658912,0.7534722222222222,pool=fp32_values_torch_sum_acc_fp32+pooled_rounded_to_fp8_e4m3_per_head_amax,score=fp8_e4m3_torch_scaled_mm_acc_fp32_native
R6,6,0.8,"repr=bf16, pool=fp32+fp8_e4m3/native, score=fp8_e4m3/native",fp8,bf16,native,1440,0.9743176968290218,0.01070358369832014,0.9272529307654785,0.9869918082524272,0.9995874166173973,0.0052337646484375,0.83984375,1.33984375,0.9743176968290218,0.9710708278826388,0.0,1,0,0.001083377905104283,0.004769862194895713,0.1500449851155281,0.9910613894462585,0.15002138167619705,3.7997961044311523e-06,0.00027358531951904297,0.0003255032002925873,0.000874688507390742,0.0050693345531099806,0.5055555555555555,0.00029374659061431885,77.30588235294118,77.30588235294118,0.5576388888888889,pool=fp32_values_torch_sum_acc_fp32+pooled_rounded_to_fp8_e4m3_per_head_amax,score=fp8_e4m3_torch_scaled_mm_acc_fp32_native
R6,6,0.9,"repr=bf16, pool=fp32+fp8_e4m3/native, score=fp8_e4m3/native",fp8,bf16,native,1440,0.9638563103931548,0.01937950813354139,0.9064736614966765,0.9815955528846154,0.9995874166173973,0.0037384033203125,0.71875,0.95703125,0.9638563103931548,0.9592317315475752,0.0,1,0,0.001504692866275636,0.0044824751702890655,0.25227291882038116,0.9749763309955597,0.25190621614456177,2.5443732738494873e-05,0.0004778429865837097,0.0006147585809230804,0.0009304763304815865,0.004819545617421877,0.5215277777777778,0.00017298012971878052,6.798535871156662,6.798535871156662,0.5291666666666667,pool=fp32_values_torch_sum_acc_fp32+pooled_rounded_to_fp8_e4m3_per_head_amax,score=fp8_e4m3_torch_scaled_mm_acc_fp32_native
R6,6,0.95,"repr=bf16, pool=fp32+fp8_e4m3/native, score=fp8_e4m3/native",fp8,bf16,native,1440,0.9447772096420745,0.0286178296959535,0.8804783145501576,0.9716045673076923,0.9995874166173973,0.0028839111328125,0.609375,0.73828125,0.9447772096420745,0.9382644146767618,0.0,1,0,0.002232382565806796,0.004247825296206986,0.363068163394928,0.9497639238834381,0.36318209767341614,1.1518597602844238e-05,0.0010490119457244873,0.0016681373119354248,0.001284374229105544,0.007156454137575546,0.5083333333333333,0.00017355382442474365,15.067270375161707,15.067270375161707,0.5104166666666666,pool=fp32_values_torch_sum_acc_fp32+pooled_rounded_to_fp8_e4m3_per_head_amax,score=fp8_e4m3_torch_scaled_mm_acc_fp32_native
R6,7,0.8,"repr=bf16, pool=fp32+fp8_e4m3/native, score=fp8_e4m3/native",fp8,bf16,native,1440,0.9712918660287081,0.011863374725643694,0.9274078897918343,0.9854368932038835,0.999244269316615,0.005859375,0.875,1.5,0.9712918660287081,0.9679080528397641,0.0,1,0,0.0011245869807741907,0.005820613312743986,0.10421473160386086,0.9954691231250763,0.10421862453222275,1.9136350601911545e-05,0.00021191313862800598,0.00031570494174957273,0.0011514821783512558,0.006509019386830806,0.5666666666666667,0.0010930784046649933,57.120525611388246,57.120525611388246,0.6472222222222223,pool=fp32_values_torch_sum_acc_fp32+pooled_rounded_to_fp8_e4m3_per_head_amax,score=fp8_e4m3_torch_scaled_mm_acc_fp32_native
R6,7,0.9,"repr=bf16, pool=fp32+fp8_e4m3/native, score=fp8_e4m3/native",fp8,bf16,native,1440,0.9615412952184484,0.02073470682219114,0.9131590883464094,0.9803936298076923,0.999244269316615,0.0039825439453125,0.74609375,1.01953125,0.9615412952184484,0.9571433848618108,0.0,1,0,0.0016995707608920237,0.005336489452964368,0.1796659156680107,0.9866557121276855,0.17978644371032715,2.828240394592285e-05,0.000446452759206295,0.0006442364305257797,0.0012610572872177924,0.007822233844033246,0.5361111111111111,0.0008523799479007721,30.138171759747102,30.138171759747102,0.6270833333333333,pool=fp32_values_torch_sum_acc_fp32+pooled_rounded_to_fp8_e4m3_per_head_amax,score=fp8_e4m3_torch_scaled_mm_acc_fp32_native
R6,7,0.95,"repr=bf16, pool=fp32+fp8_e4m3/native, score=fp8_e4m3/native",fp8,bf16,native,1440,0.9433576642335766,0.033908079353871856,0.8898353208404316,0.9708533653846154,0.999244269316615,0.002960205078125,0.61328125,0.7578125,0.9433576642335766,0.9377001455604076,0.0,1,0,0.0024841008644488783,0.00498115415118812,0.2800341844558716,0.9687070846557617,0.2800709903240204,1.730024814605713e-05,0.000815127044916153,0.0012178778648376464,0.0015775180396480045,0.008603513655809336,0.5173611111111112,0.0010920017957687378,63.12058570198105,63.12058570198105,0.625,pool=fp32_values_torch_sum_acc_fp32+pooled_rounded_to_fp8_e4m3_per_head_amax,score=fp8_e4m3_torch_scaled_mm_acc_fp32_native
R6,8,0.8,"repr=bf16, pool=fp32+fp8_e4m3/native, score=fp8_e4m3/native",fp8,bf16,native,1440,0.9705920825965971,0.007748339023637474,0.959349880585686,0.9850766080097088,0.9993140473114528,0.00600433349609375,0.88671875,1.537109375,0.9705920825965971,0.9668805012680889,0.0,1,0,0.001141075688975835,0.006049014742162656,0.07920121774077415,0.9972983598709106,0.0791393406689167,3.115180879831314e-05,0.00022020190954208374,0.00031984616070985795,0.0011331432159008643,0.007620631665189961,0.5875,0.001532144844532013,49.18317438488445,49.18317438488445,0.6354166666666666,pool=fp32_values_torch_sum_acc_fp32+pooled_rounded_to_fp8_e4m3_per_head_amax,score=fp8_e4m3_torch_scaled_mm_acc_fp32_native
R6,8,0.9,"repr=bf16, pool=fp32+fp8_e4m3/native, score=fp8_e4m3/native",fp8,bf16,native,1440,0.9598086124401913,0.010089540776474504,0.9459001196467419,0.9794921875,0.9993140473114528,0.0041656494140625,0.765625,1.06640625,0.9598086124401913,0.9543419217499817,0.0,1,0,0.0016686409807018686,0.005627092227755615,0.13152363896369934,0.9924689829349518,0.1318766251206398,3.1569041311740875e-05,0.00043657049536705017,0.0005691289901733398,0.0014431194314162025,0.007829196661665094,0.5465277777777777,0.0013069435954093933,41.399533882054456,41.399533882054456,0.6243055555555556,pool=fp32_values_torch_sum_acc_fp32+pooled_rounded_to_fp8_e4m3_per_head_amax,score=fp8_e4m3_torch_scaled_mm_acc_fp32_native
R6,8,0.95,"repr=bf16, pool=fp32+fp8_e4m3/native, score=fp8_e4m3/native",fp8,bf16,native,1440,0.9444931346771838,0.014479562040339622,0.9217554496896202,0.9714543269230769,0.9993140473114528,0.002899169921875,0.61328125,0.7421875,0.9444931346771838,0.9379822390449847,0.0,1,0,0.002517139782585726,0.005202880358907532,0.21852754801511765,0.9801951050758362,0.21833015233278275,5.4016709327697754e-05,0.0007778927683830261,0.0009028702974319458,0.0015505895024601805,0.0062343337966894435,0.5472222222222223,0.0017359480261802673,32.137241379310346,32.137241379310346,0.6305555555555555,pool=fp32_values_torch_sum_acc_fp32+pooled_rounded_to_fp8_e4m3_per_head_amax,score=fp8_e4m3_torch_scaled_mm_acc_fp32_native
R6,9,0.8,"repr=bf16, pool=fp32+fp8_e4m3/native, score=fp8_e4m3/native",fp8,bf16,native,1440,0.972397800800389,0.009730465246578057,0.9578913764496895,0.9860057645631068,0.9992804511620368,0.0056304931640625,0.8671875,1.44140625,0.972397800800389,0.9691572383406146,0.0,1,0,0.0011975225548816729,0.00588732327066125,0.1340818554162979,0.9923636317253113,0.13423114269971848,1.3494864106178284e-05,0.0002686828374862671,0.0003878284245729446,0.0011370131059956511,0.005728862870791282,0.5305555555555556,0.0009649265557527542,71.5032436162871,71.5032436162871,0.6527777777777778,pool=fp32_values_torch_sum_acc_fp32+pooled_rounded_to_fp8_e4m3_per_head_amax,score=fp8_e4m3_torch_scaled_mm_acc_fp32_native
R6,9,0.9,"repr=bf16, pool=fp32+fp8_e4m3/native, score=fp8_e4m3/native",fp8,bf16,native,1440,0.9640011802891708,0.013035549383075384,0.9444718368334305,0.9816706730769231,0.9992804511620368,0.00372314453125,0.71484375,0.953125,0.9640011802891708,0.9603136646235145,0.0,1,0,0.0018730725285764594,0.005371811775674099,0.21634138375520706,0.9811657965183258,0.21634960919618607,2.144649624824524e-05,0.0004082508385181427,0.0005836203694343567,0.001007470472772265,0.003810942249547664,0.5416666666666666,0.0008049085736274719,37.53100573215216,37.53100573215216,0.6583333333333333,pool=fp32_values_torch_sum_acc_fp32+pooled_rounded_to_fp8_e4m3_per_head_amax,score=fp8_e4m3_torch_scaled_mm_acc_fp32_native
R6,9,0.95,"repr=bf16, pool=fp32+fp8_e4m3/native, score=fp8_e4m3/native",fp8,bf16,native,1440,0.9484777517564403,0.018497701383548004,0.9153956834532375,0.9735576923076923,0.9992804511620368,0.002685546875,0.5859375,0.6875,0.9484777517564403,0.9430740037950665,0.0,1,0,0.002581033105355567,0.005041484771069851,0.30467909574508667,0.9632153511047363,0.3046976178884506,-3.144890069961548e-05,0.0007206462323665619,0.0007144957780838013,0.0011301248082433027,0.0034333429352170646,0.46944444444444444,0.0012430399656295776,-39.5257048092869,39.5257048092869,0.6805555555555556,pool=fp32_values_torch_sum_acc_fp32+pooled_rounded_to_fp8_e4m3_per_head_amax,score=fp8_e4m3_torch_scaled_mm_acc_fp32_native
R7,0,0.8,"repr=nvfp4, pool=fp32+fp8_e4m3/native, score=fp8_e4m3/native",fp8,nvfp4,native,1440,0.9501516186715353,0.028950150708753397,0.9121760903038094,0.974438713592233,0.9992750184457532,0.010284423828125,0.97265625,2.6328125,0.9501516186715353,0.9673207490860255,0.0,1,0,0.0011201339456768822,0.01090825432616203,0.07040003687143326,0.9978909194469452,0.07027759402990341,5.08306547999382e-05,0.0006273960461840034,0.0012656599283218384,0.006211654597765744,0.04481253978876308,0.5819444444444445,9.079277515411377e-05,1.7861814983784972,1.7861814983784972,0.5125,pool=fp32_values_torch_sum_acc_fp32+pooled_rounded_to_fp8_e4m3_per_head_amax,score=fp8_e4m3_torch_scaled_mm_acc_fp32_native
R7,0,0.9,"repr=nvfp4, pool=fp32+fp8_e4m3/native, score=fp8_e4m3/native",fp8,nvfp4,native,1440,0.9341808935706502,0.04267343495987186,0.8754314605582213,0.9659705528846154,0.9992750184457532,0.0069122314453125,0.91796875,1.76953125,0.9341808935706502,0.9547723935389134,0.0,0,0,0.0015783810294463913,0.010030883797732723,0.11623895540833473,0.9943823516368866,0.11654090136289597,-1.026899553835392e-05,0.0015438473783433437,0.0025032222270965575,0.005815912688534986,0.04267317310761302,0.48333333333333334,8.141621947288513e-05,-7.928352794467747,7.928352794467747,0.5180555555555556,pool=fp32_values_torch_sum_acc_fp32+pooled_rounded_to_fp8_e4m3_per_head_amax,score=fp8_e4m3_torch_scaled_mm_acc_fp32_native
R7,0,0.95,"repr=nvfp4, pool=fp32+fp8_e4m3/native, score=fp8_e4m3/native",fp8,nvfp4,native,1440,0.9047073973386751,0.052592079436534545,0.8160982264665757,0.9499699519230769,0.9992750184457532,0.0050811767578125,0.828125,1.30078125,0.9047073973386751,0.9301145425547339,0.0,1,0,0.0021686827562488404,0.008963862741417946,0.18723064661026,0.9844887852668762,0.18720756471157074,1.7928890883922577e-05,0.0026188399642705917,0.0027066826820373534,0.006122478149902055,0.02962803109056076,0.5194444444444445,0.00038912147283554077,21.70359981299673,21.70359981299673,0.5458333333333333,pool=fp32_values_torch_sum_acc_fp32+pooled_rounded_to_fp8_e4m3_per_head_amax,score=fp8_e4m3_torch_scaled_mm_acc_fp32_native
R7,1,0.8,"repr=nvfp4, pool=fp32+fp8_e4m3/native, score=fp8_e4m3/native",fp8,nvfp4,native,1440,0.9532937021718635,0.019334633759877207,0.9049029563675519,0.9760884405339806,0.9990797163444539,0.00962066650390625,0.96875,2.462890625,0.9532937021718635,0.9648286140089419,0.0,1,0,0.000985681501717126,0.008781225861689182,0.04731140471994877,0.9990095496177673,0.04689733125269413,8.268561214208603e-05,0.000610595103353262,0.0013007467612624168,0.006604901334705326,0.05192480502254525,0.6319444444444444,0.02228688821196556,269.53768176340066,269.53768176340066,0.8,pool=fp32_values_torch_sum_acc_fp32+pooled_rounded_to_fp8_e4m3_per_head_amax,score=fp8_e4m3_torch_scaled_mm_acc_fp32_native
R7,1,0.9,"repr=nvfp4, pool=fp32+fp8_e4m3/native, score=fp8_e4m3/native",fp8,nvfp4,native,1440,0.9393233081047198,0.025899312582322698,0.8778058051752377,0.9687124399038461,0.9990797163444539,0.00635528564453125,0.89453125,1.626953125,0.9393233081047198,0.9543419217499817,0.0,1,0,0.0015111026599233315,0.008170201794913021,0.09680760279297829,0.9961101710796356,0.09681206569075584,0.00015223072841763496,0.001210913062095642,0.0021484319120645525,0.006140144597591025,0.04590372211665554,0.5958333333333333,0.017148513812571764,112.64817550846861,112.64817550846861,0.7659722222222223,pool=fp32_values_torch_sum_acc_fp32+pooled_rounded_to_fp8_e4m3_per_head_amax,score=fp8_e4m3_torch_scaled_mm_acc_fp32_native
R7,1,0.95,"repr=nvfp4, pool=fp32+fp8_e4m3/native, score=fp8_e4m3/native",fp8,nvfp4,native,1440,0.9298347347057118,0.029897876739937823,0.8783688443629181,0.9636418269230769,0.9990797163444539,0.003692626953125,0.71484375,0.9453125,0.9298347347057118,0.9439252336448598,0.0,1,0,0.0023914707145881136,0.007066895350387626,0.19415026158094406,0.9839992523193359,0.1912045031785965,0.00033326074481010437,0.003145795315504074,0.005148500949144363,0.007345750325178349,0.036110355126044866,0.5902777777777778,0.007938090711832047,23.819459193597066,23.819459193597066,0.7243055555555555,pool=fp32_values_torch_sum_acc_fp32+pooled_rounded_to_fp8_e4m3_per_head_amax,score=fp8_e4m3_torch_scaled_mm_acc_fp32_native
R7,10,0.8,"repr=nvfp4, pool=fp32+fp8_e4m3/native, score=fp8_e4m3/native",fp8,nvfp4,native,1440,0.9691572383406146,0.011624532993027459,0.942934417317999,0.9843370752427184,0.9991562210604523,0.0063018798828125,0.890625,1.61328125,0.9691572383406146,0.9726191366798833,0.0,1,0,0.0011285735961880602,0.006342379570129272,0.1599370315670967,0.9892868399620056,0.1598263755440712,2.6598572731018066e-05,0.0003847181797027588,0.00042876601219177246,0.0012140138544348847,0.004633655805692337,0.5402777777777777,6.243214011192322e-05,2.347198879551821,2.347198879551821,0.5048611111111111,pool=fp32_values_torch_sum_acc_fp32+pooled_rounded_to_fp8_e4m3_per_head_amax,score=fp8_e4m3_torch_scaled_mm_acc_fp32_native
R7,10,0.9,"repr=nvfp4, pool=fp32+fp8_e4m3/native, score=fp8_e4m3/native",fp8,nvfp4,native,1440,0.9577910140451503,0.022505633854762674,0.9162159346303346,0.9784405048076923,0.9991562210604523,0.0043792724609375,0.78125,1.12109375,0.9577910140451503,0.9621195371803375,0.0,1,0,0.0016064343841063903,0.0058383088945232154,0.2509750574827194,0.9742668867111206,0.25124941766262054,-3.562122583389282e-05,0.0006604716181755066,0.00071219801902771,0.0014145698108016407,0.005570237960791479,0.4673611111111111,-0.00024306029081344604,6.823467893746078,6.823467893746078,0.47152777777777777,pool=fp32_values_torch_sum_acc_fp32+pooled_rounded_to_fp8_e4m3_per_head_amax,score=fp8_e4m3_torch_scaled_mm_acc_fp32_native
R7,10,0.95,"repr=nvfp4, pool=fp32+fp8_e4m3/native, score=fp8_e4m3/native",fp8,nvfp4,native,1440,0.9355870694815557,0.030054430696139334,0.8863539747768174,0.9667217548076923,0.9991562210604523,0.00337982177734375,0.67578125,0.865234375,0.9355870694815557,0.9429322149740073,0.0,1,0,0.002247923241021383,0.005493100829233712,0.35316410660743713,0.9488698840141296,0.35242003202438354,-1.5243887901306152e-05,0.001201234757900238,0.0014285027980804443,0.0017025935224852394,0.0070569726637254625,0.4930555555555556,-0.0005125924944877625,33.62609970674487,33.62609970674487,0.46111111111111114,pool=fp32_values_torch_sum_acc_fp32+pooled_rounded_to_fp8_e4m3_per_head_amax,score=fp8_e4m3_torch_scaled_mm_acc_fp32_native
R7,11,0.8,"repr=nvfp4, pool=fp32+fp8_e4m3/native, score=fp8_e4m3/native",fp8,nvfp4,native,1440,0.9686426758249963,0.011397990920697043,0.9380326415885909,0.9840716019417476,0.9993870492079666,0.00640869140625,0.90234375,1.640625,0.9686426758249963,0.9720290180240819,0.0,1,0,0.001144430329551185,0.006545909376802234,0.12113479897379875,0.9936553835868835,0.12106186151504517,3.072619438171387e-05,0.00038959551602602005,0.0005462974309921265,0.0013534557718597724,0.007172137542243331,0.5541666666666667,0.0008372887969017029,27.25,27.25,0.5951388888888889,pool=fp32_values_torch_sum_acc_fp32+pooled_rounded_to_fp8_e4m3_per_head_amax,score=fp8_e4m3_torch_scaled_mm_acc_fp32_native
R7,11,0.9,"repr=nvfp4, pool=fp32+fp8_e4m3/native, score=fp8_e4m3/native",fp8,nvfp4,native,1440,0.9583670467083486,0.019135243897094423,0.9119500473263267,0.9787409855769231,0.9993870492079666,0.0043182373046875,0.7734375,1.10546875,0.9583670467083486,0.9625534424296034,0.0,1,0,0.001753716815954506,0.005932728963103926,0.18998264521360397,0.9845722913742065,0.1893426701426506,3.4611672163009644e-05,0.0005853325128555298,0.0008626580238342285,0.001519877183611954,0.005926442331930868,0.5513888888888889,0.0005648061633110046,16.318372618663222,16.318372618663222,0.5902777777777778,pool=fp32_values_torch_sum_acc_fp32+pooled_rounded_to_fp8_e4m3_per_head_amax,score=fp8_e4m3_torch_scaled_mm_acc_fp32_native
R7,11,0.95,"repr=nvfp4, pool=fp32+fp8_e4m3/native, score=fp8_e4m3/native",fp8,nvfp4,native,1440,0.9377001455604076,0.03182310178943182,0.8911374405728074,0.9678485576923077,0.9993870492079666,0.003265380859375,0.6640625,0.8359375,0.9377001455604076,0.9439252336448598,0.0,1,0,0.002463373914175237,0.005608852198827025,0.2834821194410324,0.9649280905723572,0.28312958776950836,5.8673322200775146e-05,0.0009626150131225586,0.001572875678539276,0.0017549030105610069,0.006743435885853159,0.5361111111111111,0.0006892681121826172,11.747555555555556,11.747555555555556,0.5541666666666667,pool=fp32_values_torch_sum_acc_fp32+pooled_rounded_to_fp8_e4m3_per_head_amax,score=fp8_e4m3_torch_scaled_mm_acc_fp32_native
R7,12,0.8,"repr=nvfp4, pool=fp32+fp8_e4m3/native, score=fp8_e4m3/native",fp8,nvfp4,native,1440,0.9667337957783247,0.019643636068443993,0.9269606876353086,0.9830855582524272,0.9992693016166616,0.006805419921875,0.91015625,1.7421875,0.9667337957783247,0.970334391929759,0.0,1,0,0.0011228016536718004,0.0067488683177395325,0.0963122509419918,0.9960287809371948,0.09641782939434052,1.97533518075943e-05,0.0002890275791287422,0.00039781928062438966,0.0015512635353147268,0.007919144960799375,0.5347222222222222,0.0013957992196083069,70.66138613861386,70.66138613861386,0.6076388888888888,pool=fp32_values_torch_sum_acc_fp32+pooled_rounded_to_fp8_e4m3_per_head_amax,score=fp8_e4m3_torch_scaled_mm_acc_fp32_native
R7,12,0.9,"repr=nvfp4, pool=fp32+fp8_e4m3/native, score=fp8_e4m3/native",fp8,nvfp4,native,1440,0.9543419217499817,0.029578684224952245,0.9044349070100143,0.9766376201923077,0.9992693016166616,0.0047454833984375,0.80859375,1.21484375,0.9543419217499817,0.9592317315475752,0.0,1,0,0.0017683823789727848,0.006271640436761766,0.15917612612247467,0.9894850850105286,0.15933052450418472,4.41819429397583e-05,0.0005339924246072769,0.0007382035255432129,0.0016981416213817815,0.007551245040005317,0.5555555555555556,0.001293480396270752,29.276222596964587,29.276222596964587,0.6055555555555555,pool=fp32_values_torch_sum_acc_fp32+pooled_rounded_to_fp8_e4m3_per_head_amax,score=fp8_e4m3_torch_scaled_mm_acc_fp32_native
R7,12,0.95,"repr=nvfp4, pool=fp32+fp8_e4m3/native, score=fp8_e4m3/native",fp8,nvfp4,native,1440,0.9334785766158316,0.04530486112394072,0.8678265749964922,0.9655949519230769,0.9992693016166616,0.0034942626953125,0.68359375,0.89453125,0.9334785766158316,0.9393939393939394,0.0,1,0,0.002538124746638532,0.005955291011974499,0.24817928671836853,0.974149227142334,0.24781609326601028,5.6140124797821045e-05,0.0008129216730594635,0.0012353867292404174,0.0018486746242366904,0.008865835064406972,0.5354166666666667,0.001680813729763031,29.939615129396152,29.939615129396152,0.6104166666666667,pool=fp32_values_torch_sum_acc_fp32+pooled_rounded_to_fp8_e4m3_per_head_amax,score=fp8_e4m3_torch_scaled_mm_acc_fp32_native
R7,13,0.8,"repr=nvfp4, pool=fp32+fp8_e4m3/native, score=fp8_e4m3/native",fp8,nvfp4,native,1440,0.9731357802970778,0.013458964171688792,0.9440374092798123,0.9863850121359223,0.9988513953119067,0.0054779052734375,0.8515625,1.40234375,0.9731357802970778,0.9763153949932544,0.0,1,0,0.0012897254743969445,0.0061065138994605295,0.1259341761469841,0.993005245923996,0.1258113533258438,2.7060508728027344e-05,0.00025895610451698303,0.0003636449575424194,0.0011575789196470792,0.004635411166870085,0.5555555555555556,0.00023443251848220825,8.663270925110131,8.663270925110131,0.5409722222222222,pool=fp32_values_torch_sum_acc_fp32+pooled_rounded_to_fp8_e4m3_per_head_amax,score=fp8_e4m3_torch_scaled_mm_acc_fp32_native
R7,13,0.9,"repr=nvfp4, pool=fp32+fp8_e4m3/native, score=fp8_e4m3/native",fp8,nvfp4,native,1440,0.9587992937021778,0.02332453532039147,0.9235326493072055,0.9789663461538461,0.9988513953119067,0.0042724609375,0.76953125,1.09375,0.9587992937021778,0.9632770444657474,0.0,1,0,0.0016950579155340202,0.005738251634230636,0.1958884447813034,0.9830020666122437,0.19571303576231003,-5.282461643218994e-06,0.0004979521036148071,0.0005556941032409668,0.0013427814102441194,0.004725582021457073,0.49444444444444446,0.0002451203763484955,-46.40267983074753,46.40267983074753,0.5291666666666667,pool=fp32_values_torch_sum_acc_fp32+pooled_rounded_to_fp8_e4m3_per_head_amax,score=fp8_e4m3_torch_scaled_mm_acc_fp32_native
R7,13,0.95,"repr=nvfp4, pool=fp32+fp8_e4m3/native, score=fp8_e4m3/native",fp8,nvfp4,native,1440,0.9303944315545244,0.025724814822687847,0.8892854880017511,0.9639423076923077,0.9988513953119067,0.003662109375,0.7109375,0.9375,0.9303944315545244,0.9382644146767618,0.0,1,0,0.0020914292711501454,0.005562587871698702,0.2993158996105194,0.960703045129776,0.2993738353252411,-4.3645501136779785e-05,0.0009291097521781921,0.0009965956211090087,0.001624125417135584,0.006448366441261276,0.4583333333333333,0.0001801326870918274,-4.1271765107545235,4.1271765107545235,0.5083333333333333,pool=fp32_values_torch_sum_acc_fp32+pooled_rounded_to_fp8_e4m3_per_head_amax,score=fp8_e4m3_torch_scaled_mm_acc_fp32_native
R7,14,0.8,"repr=nvfp4, pool=fp32+fp8_e4m3/native, score=fp8_e4m3/native",fp8,nvfp4,native,1440,0.969010193032894,0.01354076833413298,0.9456188895037816,0.9842612257281553,0.9990844327546727,0.0063323974609375,0.89453125,1.62109375,0.969010193032894,0.9725453525341313,0.0,1,0,0.001185880564503691,0.006540203962088643,0.14396945387125015,0.9914224445819855,0.14414198696613312,2.121180295944214e-05,0.00031407177448272705,0.00036673247814178467,0.0011739952830335332,0.004520866282904093,0.5333333333333333,0.0004455074667930603,21.002809975412717,21.002809975412717,0.5930555555555556,pool=fp32_values_torch_sum_acc_fp32+pooled_rounded_to_fp8_e4m3_per_head_amax,score=fp8_e4m3_torch_scaled_mm_acc_fp32_native
R7,14,0.9,"repr=nvfp4, pool=fp32+fp8_e4m3/native, score=fp8_e4m3/native",fp8,nvfp4,native,1440,0.9552748530017992,0.01748950777230185,0.9268946704704557,0.9771259014423077,0.9990844327546727,0.00464630126953125,0.796875,1.189453125,0.9552748530017992,0.960097180298903,0.0,1,0,0.00164337920655728,0.006235903413506643,0.21195340901613235,0.9816141426563263,0.2123768925666809,1.2937933206558228e-05,0.0005287844687700272,0.0006110027432441711,0.0012693917591334366,0.004193483829022385,0.5118055555555555,0.0005001500248908997,38.65764468758998,38.65764468758998,0.58125,pool=fp32_values_torch_sum_acc_fp32+pooled_rounded_to_fp8_e4m3_per_head_amax,score=fp8_e4m3_torch_scaled_mm_acc_fp32_native
R7,14,0.95,"repr=nvfp4, pool=fp32+fp8_e4m3/native, score=fp8_e4m3/native",fp8,nvfp4,native,1440,0.9334785766158316,0.026675748706111002,0.8959992097100209,0.9655949519230769,0.9990844327546727,0.0034942626953125,0.6875,0.89453125,0.9334785766158316,0.9405247813411078,0.0,1,0,0.002248531775982739,0.005884607853120114,0.29332394897937775,0.9648450613021851,0.29282447695732117,-1.5854835510253906e-05,0.0009124428033828735,0.000976860523223877,0.0014765103196362197,0.0048540147974786944,0.4895833333333333,0.0008306354284286499,-52.390037593984964,52.390037593984964,0.5916666666666667,pool=fp32_values_torch_sum_acc_fp32+pooled_rounded_to_fp8_e4m3_per_head_amax,score=fp8_e4m3_torch_scaled_mm_acc_fp32_native
R7,15,0.8,"repr=nvfp4, pool=fp32+fp8_e4m3/native, score=fp8_e4m3/native",fp8,nvfp4,native,1440,0.964243146603099,0.021111271467040726,0.928542695191077,0.9817961165048543,0.9993289126297289,0.00732421875,0.91015625,1.875,0.964243146603099,0.9691204756410712,0.0,1,0,0.0010437385095944166,0.006858814247075427,0.18657995015382767,0.9856456518173218,0.1864970475435257,3.639981150627136e-05,0.00046145543456077576,0.0008234806358814239,0.001244224775231369,0.0057063117558902015,0.5541666666666667,-0.0005480647087097168,-15.056800736874424,15.056800736874424,0.39166666666666666,pool=fp32_values_torch_sum_acc_fp32+pooled_rounded_to_fp8_e4m3_per_head_amax,score=fp8_e4m3_torch_scaled_mm_acc_fp32_native
R7,15,0.9,"repr=nvfp4, pool=fp32+fp8_e4m3/native, score=fp8_e4m3/native",fp8,nvfp4,native,1440,0.9480500475598156,0.025513309294472597,0.9079833739429555,0.9733323317307693,0.9993289126297289,0.0054168701171875,0.83984375,1.38671875,0.9480500475598156,0.9543419217499817,0.0,1,0,0.0015052312295927859,0.006511424287375703,0.2699165344238281,0.9698446094989777,0.26940159499645233,1.3284385204315186e-05,0.0007605254650115967,0.0010342985391616822,0.0013569340061370407,0.0046589074123635985,0.5104166666666666,-0.0008960813283920288,-67.45372966909703,67.45372966909703,0.39375,pool=fp32_values_torch_sum_acc_fp32+pooled_rounded_to_fp8_e4m3_per_head_amax,score=fp8_e4m3_torch_scaled_mm_acc_fp32_native
R7,15,0.95,"repr=nvfp4, pool=fp32+fp8_e4m3/native, score=fp8_e4m3/native",fp8,nvfp4,native,1440,0.9231436001155735,0.030228614144221844,0.8757221361138509,0.9600360576923077,0.9993289126297289,0.004058837890625,0.7421875,1.0390625,0.9231436001155735,0.9323559297430687,0.0,1,0,0.0020140303384590568,0.006262514363969383,0.3779103308916092,0.9424815475940704,0.37830474972724915,-9.337067604064941e-05,0.0010566040873527527,0.0010436832904815673,0.0014478201443251864,0.0041302377788720816,0.4534722222222222,-0.0008783787488937378,9.40743696137887,9.40743696137887,0.45,pool=fp32_values_torch_sum_acc_fp32+pooled_rounded_to_fp8_e4m3_per_head_amax,score=fp8_e4m3_torch_scaled_mm_acc_fp32_native
R7,16,0.8,"repr=nvfp4, pool=fp32+fp8_e4m3/native, score=fp8_e4m3/native",fp8,nvfp4,native,1440,0.9668805012680889,0.013427394978447915,0.9330528002376693,0.9831614077669902,0.9991723057756896,0.00677490234375,0.90625,1.734375,0.9668805012680889,0.9705552649278828,0.0,1,0,0.0011562776060636297,0.007080913062860683,0.12068529054522514,0.9941109418869019,0.12059247121214867,2.073962241411209e-05,0.000319075770676136,0.0003312554210424423,0.0015184173289162811,0.005811656516417622,0.5416666666666666,0.0006501153111457825,31.346535542682652,31.346535542682652,0.6020833333333333,pool=fp32_values_torch_sum_acc_fp32+pooled_rounded_to_fp8_e4m3_per_head_amax,score=fp8_e4m3_torch_scaled_mm_acc_fp32_native
R7,16,0.9,"repr=nvfp4, pool=fp32+fp8_e4m3/native, score=fp8_e4m3/native",fp8,nvfp4,native,1440,0.9526219288595527,0.02567275744487174,0.9078398147260998,0.9757361778846154,0.9991723057756896,0.0049285888671875,0.8203125,1.26171875,0.9526219288595527,0.9579349904397706,0.0,1,0,0.0016262872822143974,0.006666493164248834,0.19477173686027527,0.984736829996109,0.19393815845251083,1.0095536708831787e-05,0.0005525588057935238,0.0005523204803466797,0.0017653865170865614,0.005635775853624981,0.5131944444444444,0.0008668750524520874,85.86715867158672,85.86715867158672,0.5881944444444445,pool=fp32_values_torch_sum_acc_fp32+pooled_rounded_to_fp8_e4m3_per_head_amax,score=fp8_e4m3_torch_scaled_mm_acc_fp32_native
R7,16,0.95,"repr=nvfp4, pool=fp32+fp8_e4m3/native, score=fp8_e4m3/native",fp8,nvfp4,native,1440,0.9287163141118516,0.042630227003045196,0.8733069401368907,0.9630408653846154,0.9991723057756896,0.003753662109375,0.72265625,0.9609375,0.9287163141118516,0.936572592377073,0.0,1,0,0.0023655111122259844,0.006338510018561991,0.2849164605140686,0.9664523601531982,0.2846301794052124,4.706904292106628e-06,0.0009077256545424461,0.0010572612285614015,0.0018018660513203608,0.0059596932434909785,0.5048611111111111,0.001395292580127716,296.4352987732489,296.4352987732489,0.5930555555555556,pool=fp32_values_torch_sum_acc_fp32+pooled_rounded_to_fp8_e4m3_per_head_amax,score=fp8_e4m3_torch_scaled_mm_acc_fp32_native
R7,17,0.8,"repr=nvfp4, pool=fp32+fp8_e4m3/native, score=fp8_e4m3/native",fp8,nvfp4,native,1440,0.9665504453725653,0.009378009227940742,0.9451775387864153,0.9829907463592233,0.9992403970807081,0.00684356689453125,0.921875,1.751953125,0.9665504453725653,0.9704080107607234,0.0,1,0,0.0011513774325648941,0.0071005072089136,0.0746077336370945,0.9975810647010803,0.07429240271449089,8.189771324396133e-05,0.00040797435212880373,0.0010535776615142821,0.0028001824824521126,0.012579721860672587,0.6597222222222222,0.0039079636335372925,47.71761602056017,47.71761602056017,0.7923611111111111,pool=fp32_values_torch_sum_acc_fp32+pooled_rounded_to_fp8_e4m3_per_head_amax,score=fp8_e4m3_torch_scaled_mm_acc_fp32_native
R7,17,0.9,"repr=nvfp4, pool=fp32+fp8_e4m3/native, score=fp8_e4m3/native",fp8,nvfp4,native,1440,0.9573592118806058,0.013955623274344409,0.9309544531476647,0.9782151442307693,0.9992403970807081,0.004425048828125,0.7890625,1.1328125,0.9573592118806058,0.961830373590745,0.0,1,0,0.001825078644272526,0.006456460430346549,0.14213316142559052,0.9910639822483063,0.14164262264966965,0.00010823830962181091,0.0006892858073115349,0.0012060530483722688,0.002424717943283178,0.0115212907660585,0.6034722222222222,0.002733096480369568,25.25073137153674,25.25073137153674,0.7840277777777778,pool=fp32_values_torch_sum_acc_fp32+pooled_rounded_to_fp8_e4m3_per_head_amax,score=fp8_e4m3_torch_scaled_mm_acc_fp32_native
R7,17,0.95,"repr=nvfp4, pool=fp32+fp8_e4m3/native, score=fp8_e4m3/native",fp8,nvfp4,native,1440,0.9459143400087706,0.021555709769627618,0.9046937728222421,0.9722055288461539,0.9992403970807081,0.0028228759765625,0.6171875,0.72265625,0.9459143400087706,0.9510479261321999,0.0,1,0,0.002857551615935367,0.005797735798308237,0.2276030033826828,0.9775762557983398,0.22790737450122833,9.533017873764038e-05,0.0010030977427959442,0.0013439476490020752,0.002216478154749084,0.008261733873595656,0.5729166666666666,0.0033869892358779907,35.529034779210626,35.529034779210626,0.8006944444444445,pool=fp32_values_torch_sum_acc_fp32+pooled_rounded_to_fp8_e4m3_per_head_amax,score=fp8_e4m3_torch_scaled_mm_acc_fp32_native
R7,18,0.8,"repr=nvfp4, pool=fp32+fp8_e4m3/native, score=fp8_e4m3/native",fp8,nvfp4,native,1440,0.9635118028148038,0.017685370286124713,0.9394652642418448,0.9814168689320388,0.9985107758631987,0.007476806640625,0.92578125,1.9140625,0.9635118028148038,0.9679814904653506,0.0,1,0,0.0010248487727830477,0.007084587093258423,0.22034680098295212,0.9806701242923737,0.2202441394329071,8.726492524147034e-05,0.0013692528009414673,0.0024822041392326354,0.0029668976487252563,0.01196903149103096,0.5611111111111111,0.002631060779094696,30.15026680896478,30.15026680896478,0.6902777777777778,pool=fp32_values_torch_sum_acc_fp32+pooled_rounded_to_fp8_e4m3_per_head_amax,score=fp8_e4m3_torch_scaled_mm_acc_fp32_native
R7,18,0.9,"repr=nvfp4, pool=fp32+fp8_e4m3/native, score=fp8_e4m3/native",fp8,nvfp4,native,1440,0.9574311683254216,0.029436367111754347,0.9171818353471186,0.9782527043269231,0.9985107758631987,0.00441741943359375,0.77734375,1.130859375,0.9574311683254216,0.9624087860249134,0.0,1,0,0.0018098458916863697,0.00640413110325004,0.3497016727924347,0.9531150758266449,0.3500274121761322,8.004158735275269e-05,0.001480933278799057,0.002710932493209839,0.00222509702076965,0.009050755600087699,0.5333333333333333,0.0020736679434776306,25.90738155077725,25.90738155077725,0.6868055555555556,pool=fp32_values_torch_sum_acc_fp32+pooled_rounded_to_fp8_e4m3_per_head_amax,score=fp8_e4m3_torch_scaled_mm_acc_fp32_native
R7,18,0.95,"repr=nvfp4, pool=fp32+fp8_e4m3/native, score=fp8_e4m3/native",fp8,nvfp4,native,1440,0.9326364692218351,0.032445890964642454,0.8889772113195761,0.9651442307692307,0.9985107758631987,0.0035400390625,0.69921875,0.90625,0.9326364692218351,0.9409491974556784,0.0,1,0,0.0022912665288762893,0.006058952630092158,0.533994734287262,0.894950807094574,0.5342652797698975,2.09808349609375e-05,0.001887500286102295,0.003061568737030029,0.0019694338017702596,0.007171287788284832,0.5055555555555555,0.0039520710706710815,188.36576704545453,188.36576704545453,0.7166666666666667,pool=fp32_values_torch_sum_acc_fp32+pooled_rounded_to_fp8_e4m3_per_head_amax,score=fp8_e4m3_torch_scaled_mm_acc_fp32_native
R7,19,0.8,"repr=nvfp4, pool=fp32+fp8_e4m3/native, score=fp8_e4m3/native",fp8,nvfp4,native,1440,0.9664404504437318,0.01501008898550471,0.9321391807551501,0.982933859223301,0.9989027878379614,0.006866455078125,0.91015625,1.7578125,0.9664404504437318,0.970334391929759,0.0,1,0,0.0011687916847368434,0.00690555788424534,0.10240960493683815,0.9957656264305115,0.10232561081647873,4.994496703147888e-05,0.0004220008850097656,0.0005831023678183556,0.002029415595117646,0.014421762624334228,0.5840277777777778,0.0020944979041814804,41.93611546207205,41.93611546207205,0.6770833333333334,pool=fp32_values_torch_sum_acc_fp32+pooled_rounded_to_fp8_e4m3_per_head_amax,score=fp8_e4m3_torch_scaled_mm_acc_fp32_native
R7,19,0.9,"repr=nvfp4, pool=fp32+fp8_e4m3/native, score=fp8_e4m3/native",fp8,nvfp4,native,1440,0.9559212459594475,0.023244591769406187,0.910173626058258,0.9774639423076923,0.9989027878379614,0.00457763671875,0.796875,1.171875,0.9559212459594475,0.9605301914580265,0.0,1,0,0.0017788212068432685,0.006413166328516346,0.16265472024679184,0.989309549331665,0.16218668222427368,6.693601608276367e-05,0.0006448216736316681,0.0008524268865585327,0.0018960821123512302,0.010750061033966928,0.5652777777777778,0.0018236339092254639,27.244434550311666,27.244434550311666,0.6826388888888889,pool=fp32_values_torch_sum_acc_fp32+pooled_rounded_to_fp8_e4m3_per_head_amax,score=fp8_e4m3_torch_scaled_mm_acc_fp32_native
R7,19,0.95,"repr=nvfp4, pool=fp32+fp8_e4m3/native, score=fp8_e4m3/native",fp8,nvfp4,native,1440,0.9344619734473048,0.03107870380886757,0.8783555940183614,0.9661207932692308,0.9989027878379614,0.00344085693359375,0.69140625,0.880859375,0.9344619734473048,0.941515360722096,0.0,1,0,0.002367991295357783,0.006044569230238991,0.24325866997241974,0.9761847853660583,0.24424979090690613,4.9501657485961914e-05,0.0011073201894760132,0.0014824360609054566,0.002138404323406887,0.009203137552581923,0.5354166666666667,0.002904333174228668,58.671432871764,58.671432871764,0.7361111111111112,pool=fp32_values_torch_sum_acc_fp32+pooled_rounded_to_fp8_e4m3_per_head_amax,score=fp8_e4m3_torch_scaled_mm_acc_fp32_native
R7,2,0.8,"repr=nvfp4, pool=fp32+fp8_e4m3/native, score=fp8_e4m3/native",fp8,nvfp4,native,1440,0.9547417394634203,0.013747051676270439,0.936235955457469,0.9768469356796117,0.999321514567749,0.00931549072265625,0.96875,2.384765625,0.9547417394634203,0.9644626559880797,0.0,1,0,0.0009751327048517261,0.00883642523437099,0.05301116220653057,0.9986583590507507,0.05215287208557129,0.0001058853231370449,0.0004690811038017273,0.0013595081865787507,0.0038322066421667455,0.03439839578646965,0.6875,0.013859394937753677,130.89061379938167,130.89061379938167,0.7298611111111111,pool=fp32_values_torch_sum_acc_fp32+pooled_rounded_to_fp8_e4m3_per_head_amax,score=fp8_e4m3_torch_scaled_mm_acc_fp32_native
R7,2,0.9,"repr=nvfp4, pool=fp32+fp8_e4m3/native, score=fp8_e4m3/native",fp8,nvfp4,native,1440,0.9446351617851143,0.02217152027312974,0.8825659297194084,0.9715294471153846,0.999321514567749,0.0057830810546875,0.875,1.48046875,0.9446351617851143,0.9559212459594475,0.0,1,0,0.0015467086815550966,0.008022939732476623,0.11097510904073715,0.994547575712204,0.10970661789178848,0.00020058080554008484,0.0015733558684587479,0.0036757826805114747,0.00596659175306229,0.03406598876239773,0.6506944444444445,0.009979456663131714,49.75279980684583,49.75279980684583,0.6930555555555555,pool=fp32_values_torch_sum_acc_fp32+pooled_rounded_to_fp8_e4m3_per_head_amax,score=fp8_e4m3_torch_scaled_mm_acc_fp32_native
R7,2,0.95,"repr=nvfp4, pool=fp32+fp8_e4m3/native, score=fp8_e4m3/native",fp8,nvfp4,native,1440,0.9260652636430382,0.032588497158373975,0.8100975511700227,0.9616135817307692,0.999321514567749,0.00389862060546875,0.748046875,0.998046875,0.9260652636430382,0.9419401896425966,0.0,1,0,0.0023730480337720325,0.007243812580974689,0.24693641811609268,0.9761779606342316,0.24632468074560165,0.00048223137855529785,0.0027339868247509003,0.007476929575204849,0.0061778646030458215,0.04235635595637992,0.6618055555555555,0.007940739393234253,16.466658426549657,16.466658426549657,0.6930555555555555,pool=fp32_values_torch_sum_acc_fp32+pooled_rounded_to_fp8_e4m3_per_head_amax,score=fp8_e4m3_torch_scaled_mm_acc_fp32_native
R7,20,0.8,"repr=nvfp4, pool=fp32+fp8_e4m3/native, score=fp8_e4m3/native",fp8,nvfp4,native,1440,0.9642797287751592,0.010603377219018828,0.9528235511942234,0.9818150788834952,0.9991631467218267,0.00731658935546875,0.93359375,1.873046875,0.9642797287751592,0.9705184500105543,0.0,1,0,0.0011714808078827621,0.007871930223148298,0.043018635362386703,0.999133288860321,0.043014874681830406,4.618475213646889e-05,0.00026401039212942123,0.0005152896046638489,0.0032126003162002287,0.027263440792137328,0.6375,0.016263233497738838,352.1342595860094,352.1342595860094,0.9152777777777777,pool=fp32_values_torch_sum_acc_fp32+pooled_rounded_to_fp8_e4m3_per_head_amax,score=fp8_e4m3_torch_scaled_mm_acc_fp32_native
R7,20,0.9,"repr=nvfp4, pool=fp32+fp8_e4m3/native, score=fp8_e4m3/native",fp8,nvfp4,native,1440,0.953624889932492,0.019536715653417525,0.9271736263441486,0.9762620192307693,0.9991631467218267,0.00482177734375,0.82421875,1.234375,0.953624889932492,0.962698120162182,0.0,1,0,0.0018198550607557494,0.007159731672361891,0.08526679873466492,0.9968887567520142,0.08442166447639465,6.66189007461071e-05,0.0005157981067895889,0.0010018810629844666,0.003057070577035267,0.033331653899330134,0.5944444444444444,0.011037028394639492,165.67412957927627,165.67412957927627,0.9138888888888889,pool=fp32_values_torch_sum_acc_fp32+pooled_rounded_to_fp8_e4m3_per_head_amax,score=fp8_e4m3_torch_scaled_mm_acc_fp32_native
R7,20,0.95,"repr=nvfp4, pool=fp32+fp8_e4m3/native, score=fp8_e4m3/native",fp8,nvfp4,native,1440,0.936713475004192,0.021683984042823123,0.9052253512609513,0.9673227163461539,0.9991631467218267,0.00331878662109375,0.6796875,0.849609375,0.936713475004192,0.9473376243417203,0.0,1,0,0.0026231938438412736,0.006601740472149727,0.15610191971063614,0.9894079267978668,0.15579777210950851,0.0001952238380908966,0.0010662954300642014,0.0019244834780693053,0.0038958779141832203,0.02955649242629931,0.6076388888888888,0.010110095143318176,51.78719587825589,51.78719587825589,0.9055555555555556,pool=fp32_values_torch_sum_acc_fp32+pooled_rounded_to_fp8_e4m3_per_head_amax,score=fp8_e4m3_torch_scaled_mm_acc_fp32_native
R7,21,0.8,"repr=nvfp4, pool=fp32+fp8_e4m3/native, score=fp8_e4m3/native",fp8,nvfp4,native,1440,0.960008919943507,0.009689728957319899,0.9410857551686929,0.9795964805825242,0.9990514662982012,0.008209228515625,0.95703125,2.1015625,0.960008919943507,0.9659273066169618,0.0,1,0,0.001021631844806433,0.007739877252199342,0.07210536301136017,0.9978531301021576,0.07172318547964096,0.00011066719889640808,0.00047146808356046677,0.0011187948286533356,0.003733547975616318,0.017787288605244166,0.6895833333333333,0.011842933483421803,107.01394452485945,107.01394452485945,0.8430555555555556,pool=fp32_values_torch_sum_acc_fp32+pooled_rounded_to_fp8_e4m3_per_head_amax,score=fp8_e4m3_torch_scaled_mm_acc_fp32_native
R7,21,0.9,"repr=nvfp4, pool=fp32+fp8_e4m3/native, score=fp8_e4m3/native",fp8,nvfp4,native,1440,0.9544136565143977,0.021266889502169817,0.9126368085262735,0.9766751802884616,0.9990514662982012,0.00473785400390625,0.8125,1.212890625,0.9544136565143977,0.9611078373600471,0.0,1,0,0.0017727054917591818,0.006891065067271383,0.12909261137247086,0.9931325614452362,0.12938550114631653,0.00014174357056617737,0.0008725845254957676,0.00145224928855896,0.0033890430273184483,0.024468702852146463,0.6243055555555556,0.007134921848773956,50.336828825987546,50.336828825987546,0.85,pool=fp32_values_torch_sum_acc_fp32+pooled_rounded_to_fp8_e4m3_per_head_amax,score=fp8_e4m3_torch_scaled_mm_acc_fp32_native
R7,21,0.95,"repr=nvfp4, pool=fp32+fp8_e4m3/native, score=fp8_e4m3/native",fp8,nvfp4,native,1440,0.9393939393939394,0.022933407429470143,0.9022577879394114,0.96875,0.9990514662982012,0.003173828125,0.66015625,0.8125,0.9393939393939394,0.9470528009360831,0.0,1,0,0.002612945264455056,0.006305005333023169,0.22700462490320206,0.9790644943714142,0.22706419974565506,0.00027958862483501434,0.001398041844367981,0.002273477613925934,0.0029782529681983286,0.02159950867998627,0.6229166666666667,0.00820273905992508,29.33860082743183,29.33860082743183,0.8534722222222222,pool=fp32_values_torch_sum_acc_fp32+pooled_rounded_to_fp8_e4m3_per_head_amax,score=fp8_e4m3_torch_scaled_mm_acc_fp32_native
R7,22,0.8,"repr=nvfp4, pool=fp32+fp8_e4m3/native, score=fp8_e4m3/native",fp8,nvfp4,native,1440,0.9632925058635196,0.017000720767619826,0.9320754716981131,0.9813030946601942,0.9991214461577451,0.0075225830078125,0.9296875,1.92578125,0.9632925058635196,0.9677244834370737,0.0,1,0,0.0011157038518331771,0.00755203086362885,0.2258703038096428,0.981180727481842,0.22563116997480392,5.8941543102264404e-05,0.0007120203226804733,0.0013541579246520996,0.0020698977701974885,0.008726344321703255,0.5458333333333333,0.0011097118258476257,18.82732903552016,18.82732903552016,0.5777777777777777,pool=fp32_values_torch_sum_acc_fp32+pooled_rounded_to_fp8_e4m3_per_head_amax,score=fp8_e4m3_torch_scaled_mm_acc_fp32_native
R7,22,0.9,"repr=nvfp4, pool=fp32+fp8_e4m3/native, score=fp8_e4m3/native",fp8,nvfp4,native,1440,0.9546288818735775,0.03062978763459734,0.8990014265335236,0.9767878605769231,0.9991214461577451,0.0047149658203125,0.80078125,1.20703125,0.9546288818735775,0.9598086124401913,0.0,1,0,0.0018094427251882472,0.006899587552125287,0.3450227975845337,0.9603041410446167,0.34548625349998474,3.2082200050354004e-05,0.0011047422885894775,0.0013483881950378418,0.001903432383079598,0.006120269183098769,0.5076388888888889,0.0013064146041870117,40.72085462145843,40.72085462145843,0.6,pool=fp32_values_torch_sum_acc_fp32+pooled_rounded_to_fp8_e4m3_per_head_amax,score=fp8_e4m3_torch_scaled_mm_acc_fp32_native
R7,22,0.95,"repr=nvfp4, pool=fp32+fp8_e4m3/native, score=fp8_e4m3/native",fp8,nvfp4,native,1440,0.9281575898030128,0.038426413553463434,0.8677741888914579,0.9627403846153846,0.9991214461577451,0.0037841796875,0.72265625,0.96875,0.9281575898030128,0.9362909090909091,0.0,1,0,0.002305216938581489,0.006601674683478706,0.46255555748939514,0.9256807863712311,0.4630487412214279,4.464760422706604e-05,0.0015270262956619263,0.0019056960940361024,0.001750854626122933,0.005762693490057134,0.5159722222222223,0.002559758722782135,57.33249895702962,57.33249895702962,0.6395833333333333,pool=fp32_values_torch_sum_acc_fp32+pooled_rounded_to_fp8_e4m3_per_head_amax,score=fp8_e4m3_torch_scaled_mm_acc_fp32_native
R7,23,0.8,"repr=nvfp4, pool=fp32+fp8_e4m3/native, score=fp8_e4m3/native",fp8,nvfp4,native,1440,0.9623792962679112,0.028050053417175258,0.9118329466357309,0.9808290351941747,0.9992132908628582,0.00771331787109375,0.9375,1.974609375,0.9623792962679112,0.9665871121718377,0.0,1,0,0.0011040615132051996,0.007682840827160331,0.17179235070943832,0.9884184002876282,0.17098650336265564,7.646717131137848e-05,0.0009208414703607559,0.0018065869808197021,0.002908956924749859,0.013424490065010241,0.5590277777777778,0.001712009310722351,22.388814459357416,22.388814459357416,0.5916666666666667,pool=fp32_values_torch_sum_acc_fp32+pooled_rounded_to_fp8_e4m3_per_head_amax,score=fp8_e4m3_torch_scaled_mm_acc_fp32_native
R7,23,0.9,"repr=nvfp4, pool=fp32+fp8_e4m3/native, score=fp8_e4m3/native",fp8,nvfp4,native,1440,0.947408845818728,0.04788222236253814,0.8730828760377094,0.9729942908653846,0.9992132908628582,0.00548553466796875,0.84765625,1.404296875,0.947408845818728,0.9531949233365123,0.0,1,0,0.0016354864862931611,0.007198230349533579,0.24295111000537872,0.9759416282176971,0.2432529777288437,0.00011138245463371277,0.0013800784945487976,0.002403438091278076,0.0027225547504274522,0.011187134243895697,0.5631944444444444,0.0015967339277267456,14.335596508244423,14.335596508244423,0.5694444444444444,pool=fp32_values_torch_sum_acc_fp32+pooled_rounded_to_fp8_e4m3_per_head_amax,score=fp8_e4m3_torch_scaled_mm_acc_fp32_native
R7,23,0.95,"repr=nvfp4, pool=fp32+fp8_e4m3/native, score=fp8_e4m3/native",fp8,nvfp4,native,1440,0.9151201266004891,0.062263061550435594,0.8318173752778174,0.9556790865384616,0.9992132908628582,0.0045013427734375,0.796875,1.15234375,0.9151201266004891,0.923699421965318,0.0,1,0,0.002249836549869146,0.0067795504019341445,0.345177099108696,0.950119137763977,0.34485964477062225,0.00016142986714839935,0.0019653625786304474,0.003108111023902893,0.002731851735710407,0.011856860446168318,0.5625,0.0030129775404930115,18.66431282956604,18.66431282956604,0.6277777777777778,pool=fp32_values_torch_sum_acc_fp32+pooled_rounded_to_fp8_e4m3_per_head_amax,score=fp8_e4m3_torch_scaled_mm_acc_fp32_native
R7,24,0.8,"repr=nvfp4, pool=fp32+fp8_e4m3/native, score=fp8_e4m3/native",fp8,nvfp4,native,1440,0.9648286140089419,0.01439962117255067,0.9358415196069867,0.9820995145631068,0.9990336483557898,0.0072021484375,0.92578125,1.84375,0.9648286140089419,0.969046952987211,0.0,1,0,0.0010687708072312089,0.007160738870838065,0.19725516438484192,0.9869665503501892,0.1970265880227089,0.00012655556201934814,0.001074712723493576,0.002260209619998932,0.002956917983563777,0.01205291154775781,0.6270833333333333,0.004967808723449707,39.25397386082656,39.25397386082656,0.75625,pool=fp32_values_torch_sum_acc_fp32+pooled_rounded_to_fp8_e4m3_per_head_amax,score=fp8_e4m3_torch_scaled_mm_acc_fp32_native
R7,24,0.9,"repr=nvfp4, pool=fp32+fp8_e4m3/native, score=fp8_e4m3/native",fp8,nvfp4,native,1440,0.9631322813744285,0.022013678493448374,0.9135991034699595,0.9812199519230769,0.9990336483557898,0.003814697265625,0.71875,0.9765625,0.9631322813744285,0.9674844812296778,0.0,1,0,0.002071762994593901,0.006225759645323596,0.320542648434639,0.9670843183994293,0.3202587515115738,0.00013908743858337402,0.0010634809732437134,0.0018063336610794067,0.0019847338845812644,0.008888204791857826,0.5798611111111112,0.0033436790108680725,24.040122134133277,24.040122134133277,0.7618055555555555,pool=fp32_values_torch_sum_acc_fp32+pooled_rounded_to_fp8_e4m3_per_head_amax,score=fp8_e4m3_torch_scaled_mm_acc_fp32_native
R7,24,0.95,"repr=nvfp4, pool=fp32+fp8_e4m3/native, score=fp8_e4m3/native",fp8,nvfp4,native,1440,0.9430740037950665,0.01753862877334811,0.9120942257971846,0.970703125,0.9990336483557898,0.0029754638671875,0.6328125,0.76171875,0.9430740037950665,0.9490483162518302,0.0,1,0,0.0026755536679833967,0.005892661654604656,0.4783315807580948,0.927157998085022,0.47872452437877655,0.0001665055751800537,0.0014635100960731506,0.0021473497152328493,0.0017104135482541244,0.006433420794231852,0.5548611111111111,0.005762383341789246,34.6077501342402,34.6077501342402,0.7930555555555555,pool=fp32_values_torch_sum_acc_fp32+pooled_rounded_to_fp8_e4m3_per_head_amax,score=fp8_e4m3_torch_scaled_mm_acc_fp32_native
R7,25,0.8,"repr=nvfp4, pool=fp32+fp8_e4m3/native, score=fp8_e4m3/native",fp8,nvfp4,native,1440,0.9627810034241476,0.02428652578028201,0.8977224887806476,0.9810376213592233,0.9991278552386458,0.00762939453125,0.93359375,1.953125,0.9627810034241476,0.9666604512399776,0.0,1,0,0.0010529925474680435,0.007753698612003363,0.0920199379324913,0.9962818026542664,0.09177053347229958,4.894472658634186e-05,0.00040824711322784424,0.0007705166935920715,0.0024446313030250747,0.010064282764467952,0.5756944444444444,0.001315171830356121,26.870552193933857,26.870552193933857,0.6527777777777778,pool=fp32_values_torch_sum_acc_fp32+pooled_rounded_to_fp8_e4m3_per_head_amax,score=fp8_e4m3_torch_scaled_mm_acc_fp32_native
R7,25,0.9,"repr=nvfp4, pool=fp32+fp8_e4m3/native, score=fp8_e4m3/native",fp8,nvfp4,native,1440,0.9470528009360831,0.036140813619513046,0.8531227613438931,0.9728064903846154,0.9991278552386458,0.005523681640625,0.84765625,1.4140625,0.9470528009360831,0.9521208370263061,0.0,1,0,0.001484732904992317,0.00723609740415705,0.15646052360534668,0.9894005060195923,0.15654364228248596,0.00011677294969558716,0.0006786054000258446,0.001151643693447113,0.0023105382546001613,0.00852276586827464,0.6131944444444445,0.0012566521763801575,10.761500669941938,10.761500669941938,0.6277777777777778,pool=fp32_values_torch_sum_acc_fp32+pooled_rounded_to_fp8_e4m3_per_head_amax,score=fp8_e4m3_torch_scaled_mm_acc_fp32_native
R7,25,0.95,"repr=nvfp4, pool=fp32+fp8_e4m3/native, score=fp8_e4m3/native",fp8,nvfp4,native,1440,0.9351649949120512,0.03580291310922268,0.8612715215717619,0.9664963942307693,0.9991278552386458,0.0034027099609375,0.69140625,0.87109375,0.9351649949120512,0.941656942823804,0.0,1,0,0.0022182376496949815,0.006277736176055514,0.23076606541872025,0.97703418135643,0.23056398332118988,1.9706785678863525e-05,0.0010078065097332,0.0011602938175201416,0.0021828947990548487,0.007025823533595923,0.5055555555555555,0.0011762827634811401,59.68922495274102,59.68922495274102,0.6486111111111111,pool=fp32_values_torch_sum_acc_fp32+pooled_rounded_to_fp8_e4m3_per_head_amax,score=fp8_e4m3_torch_scaled_mm_acc_fp32_native
R7,26,0.8,"repr=nvfp4, pool=fp32+fp8_e4m3/native, score=fp8_e4m3/native",fp8,nvfp4,native,1440,0.9611022275110632,0.01798410312695975,0.9180912199025242,0.9801653519417476,0.9991579006779729,0.0079803466796875,0.94921875,2.04296875,0.9611022275110632,0.9657807432810228,0.0,1,0,0.0010863071566934,0.00803674965285147,0.04010008089244366,0.9992516040802002,0.04000944457948208,5.381088703870773e-05,0.00025783292949199677,0.0003665328025817871,0.0031463367262056048,0.01563487052158661,0.6222222222222222,0.0027428159955888987,50.97139531663753,50.97139531663753,0.7409722222222223,pool=fp32_values_torch_sum_acc_fp32+pooled_rounded_to_fp8_e4m3_per_head_amax,score=fp8_e4m3_torch_scaled_mm_acc_fp32_native
R7,26,0.9,"repr=nvfp4, pool=fp32+fp8_e4m3/native, score=fp8_e4m3/native",fp8,nvfp4,native,1440,0.9504761904761905,0.026865527452015647,0.891446433645922,0.974609375,0.9991579006779729,0.005157470703125,0.83984375,1.3203125,0.9504761904761905,0.9566399647240391,0.0,1,0,0.0017405946812549151,0.007314207570326752,0.07900328189134598,0.9970791041851044,0.07915513589978218,9.483098983764648e-05,0.0004100091755390167,0.000652533583343029,0.002997784433880916,0.01400836028597501,0.6291666666666667,0.0016684792935848236,17.59424104336895,17.59424104336895,0.7076388888888889,pool=fp32_values_torch_sum_acc_fp32+pooled_rounded_to_fp8_e4m3_per_head_amax,score=fp8_e4m3_torch_scaled_mm_acc_fp32_native
R7,26,0.95,"repr=nvfp4, pool=fp32+fp8_e4m3/native, score=fp8_e4m3/native",fp8,nvfp4,native,1440,0.9267621942393979,0.0413917551622075,0.8527358908075529,0.9619891826923077,0.9991579006779729,0.0038604736328125,0.734375,0.98828125,0.9267621942393979,0.9354463506833381,0.0,1,0,0.002383445011842065,0.0069768784308174734,0.14345258474349976,0.9904446005821228,0.14319847524166107,0.00014206767082214355,0.0009289197623729706,0.0013230960816144944,0.0034866358730128765,0.017803254823306393,0.5979166666666667,0.0020980089902877808,14.767673589259493,14.767673589259493,0.6861111111111111,pool=fp32_values_torch_sum_acc_fp32+pooled_rounded_to_fp8_e4m3_per_head_amax,score=fp8_e4m3_torch_scaled_mm_acc_fp32_native
R7,27,0.8,"repr=nvfp4, pool=fp32+fp8_e4m3/native, score=fp8_e4m3/native",fp8,nvfp4,native,1440,0.9515949966693805,0.02400362461154404,0.9025663562124556,0.9751972087378641,0.9991847929819738,0.009979248046875,0.97265625,2.5546875,0.9515949966693805,0.9644992463370587,0.0,1,0,0.0011012731339839973,0.010080923816303555,0.022120913490653038,0.9997634291648865,0.021861422806978226,8.381810039281845e-05,0.0003204941749572754,0.0006614024750888348,0.00559662174851201,0.032619088740747725,0.6951388888888889,0.00825827824883163,98.52619195768843,98.52619195768843,0.8125,pool=fp32_values_torch_sum_acc_fp32+pooled_rounded_to_fp8_e4m3_per_head_amax,score=fp8_e4m3_torch_scaled_mm_acc_fp32_native
R7,27,0.9,"repr=nvfp4, pool=fp32+fp8_e4m3/native, score=fp8_e4m3/native",fp8,nvfp4,native,1440,0.9431449137287864,0.028645416921665556,0.9007571191967859,0.9707406850961539,0.9991847929819738,0.00594329833984375,0.88671875,1.521484375,0.9431449137287864,0.956208670095518,0.0,1,0,0.0017842289372950698,0.009105739305662107,0.047815145924687386,0.9989399313926697,0.046770647168159485,0.00014375150203704834,0.0006887465715408325,0.001443878188729286,0.0054383173737862535,0.04259736244440811,0.6423611111111112,0.0057284352369606495,39.84956787084067,39.84956787084067,0.8041666666666667,pool=fp32_values_torch_sum_acc_fp32+pooled_rounded_to_fp8_e4m3_per_head_amax,score=fp8_e4m3_torch_scaled_mm_acc_fp32_native
R7,27,0.95,"repr=nvfp4, pool=fp32+fp8_e4m3/native, score=fp8_e4m3/native",fp8,nvfp4,native,1440,0.920646371374982,0.04907841194598672,0.8353405221365268,0.9586838942307693,0.9991847929819738,0.0041961669921875,0.771484375,1.07421875,0.920646371374982,0.9371362048894063,0.0,1,0,0.002517764065124597,0.008440681217077826,0.10114968195557594,0.9953002631664276,0.10148809105157852,0.0002625351771712303,0.00158371077850461,0.003403472900390625,0.006787892040296678,0.04753379238129258,0.6125,0.005383504554629326,20.505840827258375,20.505840827258375,0.7694444444444445,pool=fp32_values_torch_sum_acc_fp32+pooled_rounded_to_fp8_e4m3_per_head_amax,score=fp8_e4m3_torch_scaled_mm_acc_fp32_native
R7,28,0.8,"repr=nvfp4, pool=fp32+fp8_e4m3/native, score=fp8_e4m3/native",fp8,nvfp4,native,1440,0.9506565589847609,0.028055971290592008,0.9069246067618876,0.9747041868932038,0.9971369174521546,0.0101776123046875,0.9765625,2.60546875,0.9506565589847609,0.9651947084032048,0.0,1,0,0.0010356278964648536,0.010039711497120164,0.041655631735920906,0.9992372095584869,0.04247376136481762,1.088273711502552e-05,0.00044340617023408413,0.0005700298584997654,0.005647104924597632,0.061880178228510815,0.5770833333333333,0.010277421213686466,944.3783402152286,944.3783402152286,0.7652777777777777,pool=fp32_values_torch_sum_acc_fp32+pooled_rounded_to_fp8_e4m3_per_head_amax,score=fp8_e4m3_torch_scaled_mm_acc_fp32_native
R7,28,0.9,"repr=nvfp4, pool=fp32+fp8_e4m3/native, score=fp8_e4m3/native",fp8,nvfp4,native,1440,0.9299746284885828,0.04096806877038739,0.8165938864628821,0.9637169471153846,0.9971369174521546,0.0073699951171875,0.93359375,1.88671875,0.9299746284885828,0.9523355576739753,0.0,1,0,0.001466299370716065,0.009272910215690319,0.07996192947030067,0.9970743358135223,0.0810529850423336,2.165650948882103e-05,0.0007786140777170658,0.0013513118028640747,0.005210135486992376,0.036141867487713905,0.5611111111111111,0.007225734181702137,333.6518373578171,333.6518373578171,0.7597222222222222,pool=fp32_values_torch_sum_acc_fp32+pooled_rounded_to_fp8_e4m3_per_head_amax,score=fp8_e4m3_torch_scaled_mm_acc_fp32_native
R7,28,0.95,"repr=nvfp4, pool=fp32+fp8_e4m3/native, score=fp8_e4m3/native",fp8,nvfp4,native,1440,0.9164987042902389,0.04965855906660088,0.7326001714936676,0.9564302884615384,0.9971369174521546,0.004425048828125,0.796875,1.1328125,0.9164987042902389,0.941373778620388,0.0,1,0,0.0023794839233161006,0.008370870408378512,0.12554606050252914,0.9929458498954773,0.12025351077318192,0.0001890920102596283,0.0020199641585350037,0.0055652067065238954,0.00724936374871217,0.11928769698961209,0.5979166666666667,0.004805080592632294,25.411335920723417,25.411335920723417,0.74375,pool=fp32_values_torch_sum_acc_fp32+pooled_rounded_to_fp8_e4m3_per_head_amax,score=fp8_e4m3_torch_scaled_mm_acc_fp32_native
R7,29,0.8,"repr=nvfp4, pool=fp32+fp8_e4m3/native, score=fp8_e4m3/native",fp8,nvfp4,native,1440,0.9574989335077309,0.020033137817378255,0.9272705346569726,0.9782880764563107,0.9985027581060787,0.00873565673828125,0.96484375,2.236328125,0.9574989335077309,0.9692307692307692,0.0,1,0,0.0010768680805940995,0.008859791766688382,0.04232730530202389,0.9992691278457642,0.04206980764865875,3.7319958209991455e-05,0.0002527926117181778,0.0004826448857784271,0.003041019085884186,0.03310838657512657,0.6222222222222222,0.006940373219549656,185.969479936115,185.969479936115,0.6819444444444445,pool=fp32_values_torch_sum_acc_fp32+pooled_rounded_to_fp8_e4m3_per_head_amax,score=fp8_e4m3_torch_scaled_mm_acc_fp32_native
R7,29,0.9,"repr=nvfp4, pool=fp32+fp8_e4m3/native, score=fp8_e4m3/native",fp8,nvfp4,native,1440,0.9437833102139155,0.03164894562962872,0.8729445205087636,0.9710787259615384,0.9985027581060787,0.0058746337890625,0.8828125,1.50390625,0.9437833102139155,0.9596643603709701,0.0,1,0,0.0016418389556974973,0.008255016259014272,0.09417587146162987,0.996188223361969,0.09212076663970947,7.402710616588593e-05,0.0007418119348585606,0.0020645581185817718,0.0037255641592535207,0.06719052947951717,0.5868055555555556,0.003965185955166817,53.5639735299298,53.5639735299298,0.70625,pool=fp32_values_torch_sum_acc_fp32+pooled_rounded_to_fp8_e4m3_per_head_amax,score=fp8_e4m3_torch_scaled_mm_acc_fp32_native
R7,29,0.95,"repr=nvfp4, pool=fp32+fp8_e4m3/native, score=fp8_e4m3/native",fp8,nvfp4,native,1440,0.9303944315545244,0.0417760066677586,0.8341140810140535,0.9639423076923077,0.9985027581060787,0.003662109375,0.7265625,0.9375,0.9303944315545244,0.9467680608365019,0.0,1,0,0.002597425568418233,0.0073109452377125485,0.18098323047161102,0.9852648079395294,0.17651661485433578,9.407568722963333e-05,0.001505531370639801,0.004353123903274536,0.004854906134097203,0.06905164713941313,0.5416666666666666,0.004494767636060715,47.77820676546583,47.77820676546583,0.7006944444444444,pool=fp32_values_torch_sum_acc_fp32+pooled_rounded_to_fp8_e4m3_per_head_amax,score=fp8_e4m3_torch_scaled_mm_acc_fp32_native
R7,3,0.8,"repr=nvfp4, pool=fp32+fp8_e4m3/native, score=fp8_e4m3/native",fp8,nvfp4,native,1440,0.9604096584903286,0.01694772843123571,0.924092201557934,0.9798050667475728,0.99906667326772,0.00812530517578125,0.9453125,2.080078125,0.9604096584903286,0.9654144305307096,0.0,1,0,0.0010217019164659247,0.00765369819503622,0.10338445007801056,0.99566251039505,0.10347070917487144,3.906711935997009e-05,0.00042625912465155125,0.000681893527507782,0.002121222792834689,0.018877217760295016,0.5680555555555555,0.0023493506014347076,60.136263945837705,60.136263945837705,0.6381944444444444,pool=fp32_values_torch_sum_acc_fp32+pooled_rounded_to_fp8_e4m3_per_head_amax,score=fp8_e4m3_torch_scaled_mm_acc_fp32_native
R7,3,0.9,"repr=nvfp4, pool=fp32+fp8_e4m3/native, score=fp8_e4m3/native",fp8,nvfp4,native,1440,0.9479787843886289,0.02324401151596278,0.8922328516385093,0.9732947716346154,0.99906667326772,0.00542449951171875,0.8515625,1.388671875,0.9479787843886289,0.9537682542012181,0.0,1,0,0.001494230728168438,0.0071103706901493,0.1984819918870926,0.9847522377967834,0.1980890929698944,4.949048161506653e-05,0.000817595049738884,0.0011099278926849365,0.002172662960835298,0.0250055727409342,0.5506944444444445,0.0019721686840057373,39.84945427173504,39.84945427173504,0.6194444444444445,pool=fp32_values_torch_sum_acc_fp32+pooled_rounded_to_fp8_e4m3_per_head_amax,score=fp8_e4m3_torch_scaled_mm_acc_fp32_native
R7,3,0.95,"repr=nvfp4, pool=fp32+fp8_e4m3/native, score=fp8_e4m3/native",fp8,nvfp4,native,1440,0.931234585811693,0.023798369725862356,0.893019932031699,0.9643930288461539,0.99906667326772,0.0036163330078125,0.703125,0.92578125,0.931234585811693,0.9385466724916266,0.0,1,0,0.002296914723062984,0.0064689518354158,0.31956903636455536,0.9586120843887329,0.31914031505584717,2.8867274522781372e-05,0.0016417885199189186,0.002004688233137131,0.0025662078198380915,0.020225633646274353,0.5083333333333333,0.001991055905818939,68.97277068008775,68.97277068008775,0.6354166666666666,pool=fp32_values_torch_sum_acc_fp32+pooled_rounded_to_fp8_e4m3_per_head_amax,score=fp8_e4m3_torch_scaled_mm_acc_fp32_native
R7,4,0.8,"repr=nvfp4, pool=fp32+fp8_e4m3/native, score=fp8_e4m3/native",fp8,nvfp4,native,1440,0.9654144305307096,0.015221534102090928,0.9427483096696975,0.9824029126213593,0.9991726939206518,0.007080078125,0.92578125,1.8125,0.9654144305307096,0.9687896662435601,0.0,1,0,0.0010073140883837023,0.006816787648551551,0.08536388725042343,0.996993750333786,0.08500685170292854,4.713330417871475e-05,0.00030538998544216156,0.0004528991878032684,0.0015871410448875722,0.009920732831132135,0.6180555555555556,0.0019106082618236542,40.536268252682326,40.536268252682326,0.6208333333333333,pool=fp32_values_torch_sum_acc_fp32+pooled_rounded_to_fp8_e4m3_per_head_amax,score=fp8_e4m3_torch_scaled_mm_acc_fp32_native
R7,4,0.9,"repr=nvfp4, pool=fp32+fp8_e4m3/native, score=fp8_e4m3/native",fp8,nvfp4,native,1440,0.9573592118806058,0.019670259678589708,0.9232755791967054,0.9782151442307693,0.9991726939206518,0.004425048828125,0.787109375,1.1328125,0.9573592118806058,0.9621195371803375,0.0,1,0,0.0016434988917354918,0.00617368291065783,0.15712584555149078,0.9898754358291626,0.15634403377771378,7.046759128570557e-05,0.0006002290174365044,0.0009173274040222168,0.0016586196789092318,0.01211258247763304,0.5805555555555556,0.001430213451385498,20.296045675618522,20.296045675618522,0.6173611111111111,pool=fp32_values_torch_sum_acc_fp32+pooled_rounded_to_fp8_e4m3_per_head_amax,score=fp8_e4m3_torch_scaled_mm_acc_fp32_native
R7,4,0.95,"repr=nvfp4, pool=fp32+fp8_e4m3/native, score=fp8_e4m3/native",fp8,nvfp4,native,1440,0.9396765263004517,0.020343852678230356,0.9118058915331823,0.9689002403846154,0.9991726939206518,0.0031585693359375,0.6484375,0.80859375,0.9396765263004517,0.9461988304093567,0.0,1,0,0.002550563807124719,0.005819700855040119,0.27823297679424286,0.9678077101707458,0.2777513563632965,0.0001315474510192871,0.0011930130422115326,0.0017635703086853027,0.0018964122097205277,0.01406969026228073,0.5840277777777778,0.0018365941941738129,13.96145786135025,13.96145786135025,0.6111111111111112,pool=fp32_values_torch_sum_acc_fp32+pooled_rounded_to_fp8_e4m3_per_head_amax,score=fp8_e4m3_torch_scaled_mm_acc_fp32_native
R7,5,0.8,"repr=nvfp4, pool=fp32+fp8_e4m3/native, score=fp8_e4m3/native",fp8,nvfp4,native,1440,0.9622697674418604,0.01059392716617602,0.9466207475684032,0.9807721480582524,0.9991209237276519,0.0077362060546875,0.94140625,1.98046875,0.9622697674418604,0.9680182120187628,0.0,1,0,0.0010286650046969095,0.007718005650368354,0.059850865975022316,0.9984097480773926,0.05952277220785618,9.540468454360962e-05,0.000309645663946867,0.000545346736907959,0.002606528110579251,0.021566269801908,0.6930555555555555,0.012323719449341297,129.1731062085123,129.1731062085123,0.76875,pool=fp32_values_torch_sum_acc_fp32+pooled_rounded_to_fp8_e4m3_per_head_amax,score=fp8_e4m3_torch_scaled_mm_acc_fp32_native
R7,5,0.9,"repr=nvfp4, pool=fp32+fp8_e4m3/native, score=fp8_e4m3/native",fp8,nvfp4,native,1440,0.9526219288595527,0.013307630089082978,0.9305344064969908,0.9757361778846154,0.9991209237276519,0.0049285888671875,0.82421875,1.26171875,0.9526219288595527,0.9603136646235145,0.0,1,0,0.0016796254034311265,0.0070834905671966,0.11774101853370667,0.993803471326828,0.11728434637188911,0.00010230392217636108,0.0006327051669359207,0.0011679910123348237,0.0023091405664323033,0.023415948150819637,0.6048611111111111,0.008838040754199028,86.39004806641906,86.39004806641906,0.7701388888888889,pool=fp32_values_torch_sum_acc_fp32+pooled_rounded_to_fp8_e4m3_per_head_amax,score=fp8_e4m3_torch_scaled_mm_acc_fp32_native
R7,5,0.95,"repr=nvfp4, pool=fp32+fp8_e4m3/native, score=fp8_e4m3/native",fp8,nvfp4,native,1440,0.9427904261529481,0.01785534305581904,0.9181556195965419,0.9705528846153846,0.9991209237276519,0.00299072265625,0.625,0.765625,0.9427904261529481,0.9510479261321999,0.0,1,0,0.0028796782947025086,0.006347980410254993,0.2309255748987198,0.9791944026947021,0.2301275059580803,0.0001654103398323059,0.0013681277632713318,0.0021612018346786497,0.0029654131000301297,0.021678290693853287,0.5736111111111111,0.007110714912414551,42.98833385883519,42.98833385883519,0.7604166666666666,pool=fp32_values_torch_sum_acc_fp32+pooled_rounded_to_fp8_e4m3_per_head_amax,score=fp8_e4m3_torch_scaled_mm_acc_fp32_native
R7,6,0.8,"repr=nvfp4, pool=fp32+fp8_e4m3/native, score=fp8_e4m3/native",fp8,nvfp4,native,1440,0.9709234966550809,0.012410660536465556,0.9227032181773636,0.9852472694174758,0.9994833277385688,0.0059356689453125,0.8828125,1.51953125,0.9709234966550809,0.9743176968290218,0.0,1,0,0.001083377905104283,0.0055180466794075185,0.15006708353757858,0.9910359382629395,0.15002138167619705,2.2660009562969208e-05,0.00034845247864723206,0.00047074612230062484,0.001016956511683148,0.007381029377690186,0.5340277777777778,0.00032928958535194397,14.53174961982656,14.53174961982656,0.5506944444444445,pool=fp32_values_torch_sum_acc_fp32+pooled_rounded_to_fp8_e4m3_per_head_amax,score=fp8_e4m3_torch_scaled_mm_acc_fp32_native
R7,6,0.9,"repr=nvfp4, pool=fp32+fp8_e4m3/native, score=fp8_e4m3/native",fp8,nvfp4,native,1440,0.9593759199293495,0.021012708690824722,0.8981823112300248,0.9792668269230769,0.9994833277385688,0.00421142578125,0.765625,1.078125,0.9593759199293495,0.9637114618675321,0.0,1,0,0.001504692866275636,0.005160663487379345,0.25247879326343536,0.9748244881629944,0.25190621614456177,5.61252236366272e-05,0.000620916485786438,0.0009490408003330231,0.0011390832236480367,0.007006763505774847,0.5576388888888889,0.00018936768174171448,3.3740209743793974,3.3740209743793974,0.5097222222222222,pool=fp32_values_torch_sum_acc_fp32+pooled_rounded_to_fp8_e4m3_per_head_amax,score=fp8_e4m3_torch_scaled_mm_acc_fp32_native
R7,6,0.95,"repr=nvfp4, pool=fp32+fp8_e4m3/native, score=fp8_e4m3/native",fp8,nvfp4,native,1440,0.9378411923026961,0.030696476144357665,0.8719897783755697,0.9679236778846154,0.9994833277385688,0.00325775146484375,0.6640625,0.833984375,0.9378411923026961,0.9450613676212741,0.0,1,0,0.002232382565806796,0.004936243995071222,0.36297714710235596,0.9497029483318329,0.36318209767341614,8.26716423034668e-05,0.0012492351233959198,0.0023143649101257323,0.001524852126063922,0.009374426741099862,0.5444444444444444,4.106014966964722e-05,0.49666546503244413,0.49666546503244413,0.5006944444444444,pool=fp32_values_torch_sum_acc_fp32+pooled_rounded_to_fp8_e4m3_per_head_amax,score=fp8_e4m3_torch_scaled_mm_acc_fp32_native
R7,7,0.8,"repr=nvfp4, pool=fp32+fp8_e4m3/native, score=fp8_e4m3/native",fp8,nvfp4,native,1440,0.9679080528397641,0.013471940077037337,0.9229696375745199,0.983692354368932,0.9990210985034521,0.006561279296875,0.90234375,1.6796875,0.9679080528397641,0.971218181138564,0.0,1,0,0.0011245869807741907,0.006648366684784979,0.10425391793251038,0.9954806566238403,0.10421862453222275,7.287412881851196e-05,0.0002893749624490738,0.0004753772169351578,0.001468716020880988,0.009469828688331444,0.6527777777777778,0.0011207349598407745,15.379051221756466,15.379051221756466,0.6347222222222222,pool=fp32_values_torch_sum_acc_fp32+pooled_rounded_to_fp8_e4m3_per_head_amax,score=fp8_e4m3_torch_scaled_mm_acc_fp32_native
R7,7,0.9,"repr=nvfp4, pool=fp32+fp8_e4m3/native, score=fp8_e4m3/native",fp8,nvfp4,native,1440,0.9568556860061792,0.023532457871158208,0.9059072891550658,0.9779522235576923,0.9990210985034521,0.00447845458984375,0.78515625,1.146484375,0.9568556860061792,0.9615412952184484,0.0,1,0,0.0016995707608920237,0.006129562902293193,0.18015404790639877,0.9866369962692261,0.17978644371032715,0.00011345744132995605,0.0005827024579048157,0.001018136739730835,0.0015776486860288313,0.011152470225187203,0.6284722222222222,0.0009442716836929321,8.322695035460994,8.322695035460994,0.6131944444444445,pool=fp32_values_torch_sum_acc_fp32+pooled_rounded_to_fp8_e4m3_per_head_amax,score=fp8_e4m3_torch_scaled_mm_acc_fp32_native
R7,7,0.95,"repr=nvfp4, pool=fp32+fp8_e4m3/native, score=fp8_e4m3/native",fp8,nvfp4,native,1440,0.9377001455604076,0.036568739862045674,0.8823396345672443,0.9678485576923077,0.9990210985034521,0.003265380859375,0.6640625,0.8359375,0.9377001455604076,0.9439252336448598,0.0,1,0,0.0024841008644488783,0.005744816855658306,0.28001633286476135,0.9687174558639526,0.2800709903240204,7.56978988647461e-05,0.0009879730641841888,0.0016124188899993897,0.0018276302003466653,0.010421090016474179,0.55625,0.001214444637298584,16.043307086614174,16.043307086614174,0.6131944444444445,pool=fp32_values_torch_sum_acc_fp32+pooled_rounded_to_fp8_e4m3_per_head_amax,score=fp8_e4m3_torch_scaled_mm_acc_fp32_native
R7,8,0.8,"repr=nvfp4, pool=fp32+fp8_e4m3/native, score=fp8_e4m3/native",fp8,nvfp4,native,1440,0.9669538622207303,0.008671498169503411,0.9542672703382002,0.9831993325242718,0.9991322461067333,0.0067596435546875,0.91796875,1.73046875,0.9669538622207303,0.9707025411061285,0.0,1,0,0.001141075688975835,0.0070206171303439195,0.07925280556082726,0.997305154800415,0.0791393406689167,4.784390330314636e-05,0.0002995487302541733,0.0004484213888645172,0.0016619939376628734,0.011048860086603059,0.6041666666666666,0.001747582107782364,36.52674608736277,36.52674608736277,0.6263888888888889,pool=fp32_values_torch_sum_acc_fp32+pooled_rounded_to_fp8_e4m3_per_head_amax,score=fp8_e4m3_torch_scaled_mm_acc_fp32_native
R7,8,0.9,"repr=nvfp4, pool=fp32+fp8_e4m3/native, score=fp8_e4m3/native",fp8,nvfp4,native,1440,0.9543419217499817,0.011826792675170839,0.9385466724916265,0.9766376201923077,0.9991322461067333,0.0047454833984375,0.8125,1.21484375,0.9543419217499817,0.9593759199293495,0.0,1,0,0.0016686409807018686,0.006519908120576509,0.13166464120149612,0.9925277829170227,0.1318766251206398,0.0001165047287940979,0.0005448535084724426,0.0007787078619003295,0.0017730179774478167,0.010408717082320312,0.6333333333333333,0.001511983573436737,12.977872993540961,12.977872993540961,0.6208333333333333,pool=fp32_values_torch_sum_acc_fp32+pooled_rounded_to_fp8_e4m3_per_head_amax,score=fp8_e4m3_torch_scaled_mm_acc_fp32_native
R7,8,0.95,"repr=nvfp4, pool=fp32+fp8_e4m3/native, score=fp8_e4m3/native",fp8,nvfp4,native,1440,0.9374181341871635,0.017193021280437426,0.9131934463926414,0.9676983173076923,0.9991322461067333,0.0032806396484375,0.6640625,0.83984375,0.9374181341871635,0.9443511386837065,0.0,1,0,0.002517139782585726,0.006116049993874332,0.21851731836795807,0.9802255034446716,0.21833015233278275,0.00017601251602172852,0.0009593423455953598,0.001305309683084488,0.0020945983098813927,0.009832745551552485,0.61875,0.0019514337182044983,11.086903149339655,11.086903149339655,0.6381944444444444,pool=fp32_values_torch_sum_acc_fp32+pooled_rounded_to_fp8_e4m3_per_head_amax,score=fp8_e4m3_torch_scaled_mm_acc_fp32_native
R7,9,0.8,"repr=nvfp4, pool=fp32+fp8_e4m3/native, score=fp8_e4m3/native",fp8,nvfp4,native,1440,0.9691572383406146,0.011165525343988292,0.9527476251963728,0.9843370752427184,0.9991129123000606,0.0063018798828125,0.8984375,1.61328125,0.9691572383406146,0.9721765145848915,0.0,1,0,0.0011975225548816729,0.006708790662750357,0.13429361581802368,0.9923637807369232,0.13423114269971848,5.569867789745331e-05,0.0003861561417579651,0.0007489979267120362,0.0015727551310199617,0.008803448616526086,0.5958333333333333,0.0010317713022232056,18.524161455372372,18.524161455372372,0.6493055555555556,pool=fp32_values_torch_sum_acc_fp32+pooled_rounded_to_fp8_e4m3_per_head_amax,score=fp8_e4m3_torch_scaled_mm_acc_fp32_native
R7,9,0.9,"repr=nvfp4, pool=fp32+fp8_e4m3/native, score=fp8_e4m3/native",fp8,nvfp4,native,1440,0.9599528857479388,0.01485598947680522,0.9374110854418596,0.9795673076923077,0.9991129123000606,0.004150390625,0.7578125,1.0625,0.9599528857479388,0.9638563103931548,0.0,1,0,0.0018730725285764594,0.006058603011024843,0.21646738052368164,0.9811908006668091,0.21634960919618607,3.750994801521301e-05,0.00046939775347709656,0.0007815495133399964,0.0012104838032785006,0.005179785006878202,0.5583333333333333,0.0009591393172740936,25.57026517032476,25.57026517032476,0.6548611111111111,pool=fp32_values_torch_sum_acc_fp32+pooled_rounded_to_fp8_e4m3_per_head_amax,score=fp8_e4m3_torch_scaled_mm_acc_fp32_native
R7,9,0.95,"repr=nvfp4, pool=fp32+fp8_e4m3/native, score=fp8_e4m3/native",fp8,nvfp4,native,1440,0.9427904261529481,0.02036164792145656,0.9082432053943954,0.9705528846153846,0.9991129123000606,0.00299072265625,0.62890625,0.765625,0.9427904261529481,0.94819259476072,0.0,1,0,0.002581033105355567,0.005745321268512033,0.3048101216554642,0.9631494581699371,0.3046976178884506,8.58306884765625e-06,0.0008002705872058868,0.0008937835693359375,0.0012862216581453832,0.004086047865153732,0.5090277777777777,0.0013814494013786316,160.95052083333334,160.95052083333334,0.6666666666666666,pool=fp32_values_torch_sum_acc_fp32+pooled_rounded_to_fp8_e4m3_per_head_amax,score=fp8_e4m3_torch_scaled_mm_acc_fp32_native
R8,0,0.8,"repr=bf16, pool=fp32+nvfp4/native, score=fp32/native",nvfp4_like,bf16,simulated,1440,0.9048582264764313,0.06540646536942207,0.7942907692831139,0.9500530946601942,0.9944476188745849,0.0200958251953125,1.0,5.14453125,0.9048582264764313,0.9129425420777714,0.0,2,0,0.0011201339456768822,0.023997811652999836,0.07063079997897148,0.9978730976581573,0.07027759402990341,7.560395170003176e-05,0.002392035908997059,0.002352517331019044,0.023171234518533812,0.12292744878888391,0.5638888888888889,-8.405372500419617e-05,-1.1117636461343972,1.1117636461343972,0.5027777777777778,pool=fp32_values_torch_sum_acc_fp32+pooled_rounded_to_nvfp4_e2m1_per16_e4m3_sf,score=fp32_values_torch_matmul_acc_fp32_tf32_disabled
R8,0,0.9,"repr=bf16, pool=fp32+nvfp4/native, score=fp32/native",nvfp4_like,bf16,simulated,1440,0.8697942363448976,0.08693930846776365,0.7149003884667372,0.9303635817307692,0.9944476188745849,0.0141448974609375,0.99609375,3.62109375,0.8697942363448976,0.8862871538779589,0.0,2,0,0.0015783810294463913,0.022402574785492707,0.11466525495052338,0.9944078624248505,0.11654090136289597,9.297067299485207e-05,0.0053871741984039545,0.0034883590415120125,0.016367768104501933,0.08469672264967656,0.5361111111111111,0.00014632940292358398,1.5739307698857519,1.5739307698857519,0.5402777777777777,pool=fp32_values_torch_sum_acc_fp32+pooled_rounded_to_nvfp4_e2m1_per16_e4m3_sf,score=fp32_values_torch_matmul_acc_fp32_tf32_disabled
R8,0,0.95,"repr=bf16, pool=fp32+nvfp4/native, score=fp32/native",nvfp4_like,bf16,simulated,1440,0.8193248938968916,0.133302720903953,0.6007696007696007,0.9006911057692308,0.9944476188745849,0.0100860595703125,0.9765625,2.58203125,0.8193248938968916,0.8230621747466448,0.0,2,0,0.0021686827562488404,0.02026257654490384,0.18657641112804413,0.984540194272995,0.18720756471157074,-2.0563602447509766e-05,0.007133633363991976,0.0046301156282424925,0.01633470202637243,0.07769551329537396,0.49444444444444446,0.0005692429840564728,-27.682065217391305,27.682065217391305,0.5680555555555555,pool=fp32_values_torch_sum_acc_fp32+pooled_rounded_to_nvfp4_e2m1_per16_e4m3_sf,score=fp32_values_torch_matmul_acc_fp32_tf32_disabled
R8,1,0.8,"repr=bf16, pool=fp32+nvfp4/native, score=fp32/native",nvfp4_like,bf16,simulated,1440,0.9025903744858936,0.02679582049011009,0.8451225140344067,0.9488015776699029,0.9947934058277128,0.020599365234375,1.0,5.2734375,0.9025903744858936,0.9047206270090656,0.0,2,0,0.000985681501717126,0.020747900930001187,0.04778324067592621,0.9989859759807587,0.04689733125269413,0.00043567316606640816,0.0013954262249171734,0.0030660703778266907,0.016986485749624483,0.1010138408727244,0.7347222222222223,0.036752449348568916,84.35784485052923,84.35784485052923,0.7902777777777777,pool=fp32_values_torch_sum_acc_fp32+pooled_rounded_to_nvfp4_e2m1_per16_e4m3_sf,score=fp32_values_torch_matmul_acc_fp32_tf32_disabled
R8,1,0.9,"repr=bf16, pool=fp32+nvfp4/native, score=fp32/native",nvfp4_like,bf16,simulated,1440,0.87730926526583,0.05798109933012574,0.7861084217732486,0.9346454326923077,0.9947934058277128,0.013275146484375,0.98828125,3.3984375,0.87730926526583,0.8826191486352708,0.0,2,0,0.0015111026599233315,0.019930320615552402,0.0987386628985405,0.9958654940128326,0.09681206569075584,0.0008222274482250214,0.0036840408574789762,0.006203018128871918,0.016259104853322614,0.08841490453101117,0.6840277777777778,0.02994433604180813,36.41855560337992,36.41855560337992,0.74375,pool=fp32_values_torch_sum_acc_fp32+pooled_rounded_to_nvfp4_e2m1_per16_e4m3_sf,score=fp32_values_torch_matmul_acc_fp32_tf32_disabled
R8,1,0.95,"repr=bf16, pool=fp32+nvfp4/native, score=fp32/native",nvfp4_like,bf16,simulated,1440,0.859477580667691,0.06954167754072493,0.7205635259144372,0.9244290865384616,0.9947934058277128,0.0076751708984375,0.9453125,1.96484375,0.859477580667691,0.8641646828175326,0.0,1,0,0.0023914707145881136,0.018251165629472817,0.1954101175069809,0.983808308839798,0.1912045031785965,0.0014895051717758179,0.006756175309419632,0.010333313047885895,0.01798152395581569,0.06320860510146928,0.6756944444444445,0.015413844957947731,10.348299052611571,10.348299052611571,0.7368055555555556,pool=fp32_values_torch_sum_acc_fp32+pooled_rounded_to_nvfp4_e2m1_per16_e4m3_sf,score=fp32_values_torch_matmul_acc_fp32_tf32_disabled
R8,10,0.8,"repr=bf16, pool=fp32+nvfp4/native, score=fp32/native",nvfp4_like,bf16,simulated,1440,0.9176029962546817,0.032114542349888864,0.8444868439211607,0.95703125,0.9927750938548321,0.0172882080078125,0.99609375,4.42578125,0.9176029962546817,0.917533270307614,0.0,3,0,0.0011285735961880602,0.020216039906886234,0.15978217869997025,0.989228218793869,0.1598263755440712,3.320351243019104e-05,0.0012310147285461426,0.00104542076587677,0.003967754065412476,0.014992383697511599,0.5180555555555556,2.3230910301208496e-05,0.6996521934253338,0.6996521934253338,0.4930555555555556,pool=fp32_values_torch_sum_acc_fp32+pooled_rounded_to_nvfp4_e2m1_per16_e4m3_sf,score=fp32_values_torch_matmul_acc_fp32_tf32_disabled
R8,10,0.9,"repr=bf16, pool=fp32+nvfp4/native, score=fp32/native",nvfp4_like,bf16,simulated,1440,0.8907076684704917,0.05688693459497651,0.7846896366805202,0.9421950120192307,0.9927750938548321,0.01174163818359375,0.984375,3.005859375,0.8907076684704917,0.8903720533939222,0.0,2,0,0.0016064343841063903,0.019030351379440827,0.24975331872701645,0.9743029177188873,0.25124941766262054,-8.943676948547363e-05,0.002101033926010132,0.0015149310231208802,0.0042108296152467365,0.016549506062492607,0.4701388888888889,-0.0008291006088256836,9.27024325224925,9.27024325224925,0.46805555555555556,pool=fp32_values_torch_sum_acc_fp32+pooled_rounded_to_nvfp4_e2m1_per16_e4m3_sf,score=fp32_values_torch_matmul_acc_fp32_tf32_disabled
R8,10,0.95,"repr=bf16, pool=fp32+nvfp4/native, score=fp32/native",nvfp4_like,bf16,simulated,1440,0.8389280287332505,0.07227797283864945,0.7231805138639438,0.9124098557692307,0.9927750938548321,0.0088958740234375,0.95703125,2.27734375,0.8389280287332505,0.8391821296077473,0.0,2,0,0.002247923241021383,0.017786246724887843,0.3519238829612732,0.9495132565498352,0.35242003202438354,-0.000637345016002655,0.003460157662630081,0.0017140969634056092,0.004570112418186132,0.018691322583500085,0.38333333333333336,-0.0012992322444915771,2.0385069497211927,2.0385069497211927,0.47430555555555554,pool=fp32_values_torch_sum_acc_fp32+pooled_rounded_to_nvfp4_e2m1_per16_e4m3_sf,score=fp32_values_torch_matmul_acc_fp32_tf32_disabled
R8,11,0.8,"repr=bf16, pool=fp32+nvfp4/native, score=fp32/native",nvfp4_like,bf16,simulated,1440,0.916871127252924,0.02359673943124274,0.8515878836683772,0.9566330400485437,0.9954166388341507,0.01744842529296875,1.0,4.466796875,0.916871127252924,0.9161398154203909,0.0,3,0,0.001144430329551185,0.02063506528342557,0.12143252044916153,0.993633359670639,0.12106186151504517,0.00016052834689617157,0.000985606573522091,0.0012859180569648743,0.004311545655415679,0.01685138530011595,0.5902777777777778,0.00239543616771698,14.922200433960294,14.922200433960294,0.5916666666666667,pool=fp32_values_torch_sum_acc_fp32+pooled_rounded_to_nvfp4_e2m1_per16_e4m3_sf,score=fp32_values_torch_matmul_acc_fp32_tf32_disabled
R8,11,0.9,"repr=bf16, pool=fp32+nvfp4/native, score=fp32/native",nvfp4_like,bf16,simulated,1440,0.8934641917360074,0.04617389572906194,0.8093102276588515,0.9437349759615384,0.9954166388341507,0.0114288330078125,0.984375,2.92578125,0.8934641917360074,0.8921185416814725,0.0,2,0,0.001753716815954506,0.01967889203799956,0.18964307755231857,0.9845134615898132,0.1893426701426506,0.0001565292477607727,0.0014987066388130188,0.001867865025997162,0.004287894501818417,0.01504266021223193,0.5673611111111111,0.0017097815871238708,10.9230805845114,10.9230805845114,0.5819444444444445,pool=fp32_values_torch_sum_acc_fp32+pooled_rounded_to_nvfp4_e2m1_per16_e4m3_sf,score=fp32_values_torch_matmul_acc_fp32_tf32_disabled
R8,11,0.95,"repr=bf16, pool=fp32+nvfp4/native, score=fp32/native",nvfp4_like,bf16,simulated,1440,0.8441504556166648,0.06691546611515264,0.7549965954435839,0.9154897836538461,0.9954166388341507,0.00858306884765625,0.953125,2.197265625,0.8441504556166648,0.8433843472707664,0.0,1,0,0.002463373914175237,0.018482409849537352,0.2830135226249695,0.9648429453372955,0.28312958776950836,5.525350570678711e-05,0.002871232107281685,0.00298534631729126,0.005266455076235974,0.01722647946339856,0.5097222222222222,0.0017037615180015564,30.835355987055017,30.835355987055017,0.5861111111111111,pool=fp32_values_torch_sum_acc_fp32+pooled_rounded_to_nvfp4_e2m1_per16_e4m3_sf,score=fp32_values_torch_matmul_acc_fp32_tf32_disabled
R8,12,0.8,"repr=bf16, pool=fp32+nvfp4/native, score=fp32/native",nvfp4_like,bf16,simulated,1440,0.9125956551699126,0.0320160909262871,0.8287838743018842,0.9543006674757282,0.9949323004610182,0.0183868408203125,1.0,4.70703125,0.9125956551699126,0.9126650224865805,0.0,2,0,0.0011228016536718004,0.02112256289839209,0.09678155928850174,0.9960084855556488,0.09641782939434052,0.00015438534319400787,0.0009114071726799011,0.0009385445155203342,0.005310411585034847,0.019224761709466773,0.6090277777777777,0.003988955169916153,25.83765458164927,25.83765458164927,0.6055555555555555,pool=fp32_values_torch_sum_acc_fp32+pooled_rounded_to_nvfp4_e2m1_per16_e4m3_sf,score=fp32_values_torch_matmul_acc_fp32_tf32_disabled
R8,12,0.9,"repr=bf16, pool=fp32+nvfp4/native, score=fp32/native",nvfp4_like,bf16,simulated,1440,0.8862203329791003,0.05250212216261585,0.7804944142801944,0.9396784855769231,0.9949323004610182,0.0122528076171875,0.98828125,3.13671875,0.8862203329791003,0.8855524079320113,0.0,2,0,0.0017683823789727848,0.02010330803409822,0.15893768519163132,0.9893989264965057,0.15933052450418472,0.00027468428015708923,0.0016992650926113129,0.001702747866511345,0.005739498115397835,0.020912696591728168,0.5965277777777778,0.0035220272839069366,12.82209262900929,12.82209262900929,0.6055555555555555,pool=fp32_values_torch_sum_acc_fp32+pooled_rounded_to_nvfp4_e2m1_per16_e4m3_sf,score=fp32_values_torch_matmul_acc_fp32_tf32_disabled
R8,12,0.95,"repr=bf16, pool=fp32+nvfp4/native, score=fp32/native",nvfp4_like,bf16,simulated,1440,0.8470931039267379,0.0817931327156961,0.7085395969708639,0.9172175480769231,0.9949323004610182,0.0084075927734375,0.953125,2.15234375,0.8470931039267379,0.8470931394882117,0.0,2,0,0.002538124746638532,0.018824182644684075,0.24779270589351654,0.9740169942378998,0.24781609326601028,0.0002756863832473755,0.0029815100133419037,0.0028725214302539825,0.0066779961419225955,0.024919089963196937,0.55625,0.0050024837255477905,18.145559699475704,18.145559699475704,0.6270833333333333,pool=fp32_values_torch_sum_acc_fp32+pooled_rounded_to_nvfp4_e2m1_per16_e4m3_sf,score=fp32_values_torch_matmul_acc_fp32_tf32_disabled
R8,13,0.8,"repr=bf16, pool=fp32+nvfp4/native, score=fp32/native",nvfp4_like,bf16,simulated,1440,0.9290012260233724,0.036094930544517956,0.8430751004544975,0.9631940230582524,0.9935680382252611,0.01480865478515625,0.994140625,3.791015625,0.9290012260233724,0.9284369121324356,0.0,3,0,0.0012897254743969445,0.019699142780569605,0.12572352588176727,0.9930700659751892,0.1258113533258438,6.424263119697571e-06,0.0008473563939332962,0.0007379926741123199,0.003509205815337062,0.014130122070768233,0.5041666666666667,0.0006561614573001862,102.13801101768628,102.13801101768628,0.5423611111111111,pool=fp32_values_torch_sum_acc_fp32+pooled_rounded_to_nvfp4_e2m1_per16_e4m3_sf,score=fp32_values_torch_matmul_acc_fp32_tf32_disabled
R8,13,0.9,"repr=bf16, pool=fp32+nvfp4/native, score=fp32/native",nvfp4_like,bf16,simulated,1440,0.8950815004626664,0.061487197593437015,0.7969459305815416,0.9446364182692307,0.9935680382252611,0.0112457275390625,0.98046875,2.87890625,0.8950815004626664,0.8939356239503427,0.0,2,0,0.0016950579155340202,0.018791931324962013,0.19553501904010773,0.9830559194087982,0.19571303576231003,-8.574128150939941e-05,0.0016316305845975876,0.0012699924409389496,0.004268343208328327,0.01301343420356153,0.4701388888888889,0.0007280483841896057,-8.49122349669795,8.49122349669795,0.5472222222222223,pool=fp32_values_torch_sum_acc_fp32+pooled_rounded_to_nvfp4_e2m1_per16_e4m3_sf,score=fp32_values_torch_matmul_acc_fp32_tf32_disabled
R8,13,0.95,"repr=bf16, pool=fp32+nvfp4/native, score=fp32/native",nvfp4_like,bf16,simulated,1440,0.8295766904892798,0.06974829489442325,0.7310793237971391,0.9068509615384616,0.9935680382252611,0.00946044921875,0.96484375,2.421875,0.8295766904892798,0.8278182067829192,0.0,2,0,0.0020914292711501454,0.01784844146584213,0.29936932027339935,0.9604512155056,0.2993738353252411,-0.0005603507161140442,0.0028691478073596954,0.002205592393875122,0.005026288807869524,0.015759276233713197,0.3854166666666667,0.0008212700486183167,-1.465635761677459,1.465635761677459,0.5416666666666666,pool=fp32_values_torch_sum_acc_fp32+pooled_rounded_to_nvfp4_e2m1_per16_e4m3_sf,score=fp32_values_torch_matmul_acc_fp32_tf32_disabled
R8,14,0.8,"repr=bf16, pool=fp32+nvfp4/native, score=fp32/native",nvfp4_like,bf16,simulated,1440,0.9173938336242001,0.03091303227150577,0.8818693101084267,0.9569174757281553,0.9942873561183978,0.017333984375,0.99609375,4.4375,0.9173938336242001,0.917533270307614,0.0,2,0,0.001185880564503691,0.02064847967310878,0.14432041347026825,0.9913817048072815,0.14414198696613312,7.857382297515869e-05,0.0009707722347229719,0.001008036732673645,0.003760808496894837,0.012207586159007095,0.5409722222222222,0.001279585063457489,16.285131803527403,16.285131803527403,0.5736111111111111,pool=fp32_values_torch_sum_acc_fp32+pooled_rounded_to_nvfp4_e2m1_per16_e4m3_sf,score=fp32_values_torch_matmul_acc_fp32_tf32_disabled
R8,14,0.9,"repr=bf16, pool=fp32+nvfp4/native, score=fp32/native",nvfp4_like,bf16,simulated,1440,0.8883608861575858,0.03709554445566865,0.8320820820081473,0.9408804086538461,0.9942873561183978,0.0120086669921875,0.98828125,3.07421875,0.8883608861575858,0.8875576036866359,0.0,2,0,0.00164337920655728,0.01994612814001188,0.21242622286081314,0.9814032912254333,0.2123768925666809,9.151548147201538e-05,0.0014369720593094826,0.0013645999133586884,0.0036508475975956835,0.01061705006014106,0.5277777777777778,0.001383662223815918,15.11943336318489,15.11943336318489,0.5819444444444445,pool=fp32_values_torch_sum_acc_fp32+pooled_rounded_to_nvfp4_e2m1_per16_e4m3_sf,score=fp32_values_torch_matmul_acc_fp32_tf32_disabled
R8,14,0.95,"repr=bf16, pool=fp32+nvfp4/native, score=fp32/native",nvfp4_like,bf16,simulated,1440,0.8451729245186412,0.06315364201052753,0.7582765945317937,0.9160907451923077,0.9942873561183978,0.00852203369140625,0.94921875,2.181640625,0.8451729245186412,0.844022717827954,0.0,2,0,0.002248531775982739,0.018575913389508175,0.2922511100769043,0.9648632109165192,0.29282447695732117,-5.5849552154541016e-05,0.002504352480173111,0.001964390277862549,0.004036560836015831,0.012624403088439474,0.46875,0.002622455358505249,-46.95570971184632,46.95570971184632,0.6215277777777778,pool=fp32_values_torch_sum_acc_fp32+pooled_rounded_to_nvfp4_e2m1_per16_e4m3_sf,score=fp32_values_torch_matmul_acc_fp32_tf32_disabled
R8,15,0.8,"repr=bf16, pool=fp32+nvfp4/native, score=fp32/native",nvfp4_like,bf16,simulated,1440,0.9064075971102585,0.051345474161876625,0.8141288640607781,0.9509064016990292,0.9950273278678509,0.01975250244140625,1.0,5.056640625,0.9064075971102585,0.9057531078346343,0.0,2,0,0.0010437385095944166,0.021468310338589456,0.1858583390712738,0.9856251180171967,0.1864970475435257,-7.338076829910278e-05,0.001457342877984047,0.0016821909695863724,0.004023743688843957,0.014602691388486522,0.4673611111111111,-0.0015105903148651123,20.585643212508884,20.585643212508884,0.41041666666666665,pool=fp32_values_torch_sum_acc_fp32+pooled_rounded_to_nvfp4_e2m1_per16_e4m3_sf,score=fp32_values_torch_matmul_acc_fp32_tf32_disabled
R8,15,0.9,"repr=bf16, pool=fp32+nvfp4/native, score=fp32/native",nvfp4_like,bf16,simulated,1440,0.870582449237687,0.06485159858915346,0.7665481241746501,0.9308143028846154,0.9950273278678509,0.0140533447265625,0.98828125,3.59765625,0.870582449237687,0.8687442970449919,0.0,2,0,0.0015052312295927859,0.020763363954180464,0.2697271853685379,0.9706072509288788,0.26940159499645233,-0.0003462880849838257,0.0023321881890296936,0.0019509896636009216,0.004122927572904533,0.015953273446738362,0.3993055555555556,-0.0020124241709709167,5.811416153879255,5.811416153879255,0.4284722222222222,pool=fp32_values_torch_sum_acc_fp32+pooled_rounded_to_nvfp4_e2m1_per16_e4m3_sf,score=fp32_values_torch_matmul_acc_fp32_tf32_disabled
R8,15,0.95,"repr=bf16, pool=fp32+nvfp4/native, score=fp32/native",nvfp4_like,bf16,simulated,1440,0.8106637649619152,0.07342632377055003,0.7055187545985248,0.8954326923076923,0.9950273278678509,0.0106201171875,0.97265625,2.71875,0.8106637649619152,0.808695652173913,0.0,3,0,0.0020140303384590568,0.019741650931080663,0.37742309272289276,0.9425936937332153,0.37830474972724915,-0.001037105917930603,0.0034788958728313446,0.0016102284193038941,0.004404665153187952,0.014613457701927795,0.32708333333333334,-0.0020542144775390625,1.9807181137660024,1.9807181137660024,0.46597222222222223,pool=fp32_values_torch_sum_acc_fp32+pooled_rounded_to_nvfp4_e2m1_per16_e4m3_sf,score=fp32_values_torch_matmul_acc_fp32_tf32_disabled
R8,16,0.8,"repr=bf16, pool=fp32+nvfp4/native, score=fp32/native",nvfp4_like,bf16,simulated,1440,0.9115903948282003,0.032044894938787594,0.8247277553167109,0.9537507584951457,0.9938964136964816,0.01860809326171875,1.0,4.763671875,0.9115903948282003,0.9112786314873876,0.0,5,0,0.0011562776060636297,0.022412424186579794,0.12046651914715767,0.9941328465938568,0.12059247121214867,6.743520498275757e-05,0.0010093562304973602,0.0007882952690124512,0.00515823494410877,0.019231480337907895,0.5416666666666666,0.0018124133348464966,26.876367252237323,26.876367252237323,0.6118055555555556,pool=fp32_values_torch_sum_acc_fp32+pooled_rounded_to_nvfp4_e2m1_per16_e4m3_sf,score=fp32_values_torch_matmul_acc_fp32_tf32_disabled
R8,16,0.9,"repr=bf16, pool=fp32+nvfp4/native, score=fp32/native",nvfp4_like,bf16,simulated,1440,0.8759864712514093,0.06075917688096,0.7697420898697155,0.9338942307692307,0.9938964136964816,0.013427734375,0.9921875,3.4375,0.8759864712514093,0.875656066295742,0.0,2,0,0.0016262872822143974,0.021512104129534845,0.19360700249671936,0.9845067858695984,0.19393815845251083,0.00010858476161956787,0.0020542219281196594,0.0011616423726081848,0.005493942498550966,0.017810104502285533,0.5423611111111111,0.00250793993473053,23.096610402085908,23.096610402085908,0.6104166666666667,pool=fp32_values_torch_sum_acc_fp32+pooled_rounded_to_nvfp4_e2m1_per16_e4m3_sf,score=fp32_values_torch_matmul_acc_fp32_tf32_disabled
R8,16,0.95,"repr=bf16, pool=fp32+nvfp4/native, score=fp32/native",nvfp4_like,bf16,simulated,1440,0.8199466897536929,0.09562922253482309,0.6988042573705073,0.9010667067307692,0.9938964136964816,0.01004791259765625,0.96875,2.572265625,0.8199466897536929,0.8188277087033747,0.0,2,0,0.0023655111122259844,0.020186525425302724,0.2828797698020935,0.9667200446128845,0.2846301794052124,-6.74128532409668e-05,0.0032569393515586853,0.0017460748553276063,0.0058419037083304575,0.01945443361626775,0.48680555555555555,0.0041960254311561584,-62.24370026525199,62.24370026525199,0.6375,pool=fp32_values_torch_sum_acc_fp32+pooled_rounded_to_nvfp4_e2m1_per16_e4m3_sf,score=fp32_values_torch_matmul_acc_fp32_tf32_disabled
R8,17,0.8,"repr=bf16, pool=fp32+nvfp4/native, score=fp32/native",nvfp4_like,bf16,simulated,1440,0.9112093646939441,0.0219053974064507,0.8522707316216502,0.9535421723300971,0.9947654341157663,0.0186920166015625,1.0,4.78515625,0.9112093646939441,0.9122142254776107,0.0,2,0,0.0011513774325648941,0.02187040415243182,0.07507143914699554,0.9975241422653198,0.07429240271449089,0.0003977511078119278,0.0010504722595214844,0.002727007120847702,0.008837043275363162,0.029771975230688995,0.7347222222222223,0.01092522032558918,27.46747931310615,27.46747931310615,0.8090277777777778,pool=fp32_values_torch_sum_acc_fp32+pooled_rounded_to_nvfp4_e2m1_per16_e4m3_sf,score=fp32_values_torch_matmul_acc_fp32_tf32_disabled
R8,17,0.9,"repr=bf16, pool=fp32+nvfp4/native, score=fp32/native",nvfp4_like,bf16,simulated,1440,0.8895000201216678,0.033317833878175884,0.8094331928775317,0.9415189302884616,0.9947654341157663,0.01187896728515625,0.98828125,3.041015625,0.8895000201216678,0.8904391687831643,0.0,2,0,0.001825078644272526,0.02061506072056189,0.1418757438659668,0.9910569489002228,0.14164262264966965,0.000482950359582901,0.0016859332099556923,0.002313077449798584,0.007673056357431954,0.026514939729009805,0.6715277777777777,0.007683210074901581,15.908902276286051,15.908902276286051,0.8083333333333333,pool=fp32_values_torch_sum_acc_fp32+pooled_rounded_to_nvfp4_e2m1_per16_e4m3_sf,score=fp32_values_torch_matmul_acc_fp32_tf32_disabled
R8,17,0.95,"repr=bf16, pool=fp32+nvfp4/native, score=fp32/native",nvfp4_like,bf16,simulated,1440,0.8662554324968457,0.051320452937267946,0.7541178020819608,0.9283353365384616,0.9947654341157663,0.0072784423828125,0.94140625,1.86328125,0.8662554324968457,0.8676955546138465,0.0,1,0,0.002857551615935367,0.018826524340625615,0.2278776317834854,0.9775160551071167,0.22790737450122833,0.0005069039762020111,0.0024987580254673958,0.0027013424783945083,0.006366819526661367,0.01974166891493971,0.6138888888888889,0.008855540305376053,17.46985764784561,17.46985764784561,0.8284722222222223,pool=fp32_values_torch_sum_acc_fp32+pooled_rounded_to_nvfp4_e2m1_per16_e4m3_sf,score=fp32_values_torch_matmul_acc_fp32_tf32_disabled
R8,18,0.8,"repr=bf16, pool=fp32+nvfp4/native, score=fp32/native",nvfp4_like,bf16,simulated,1440,0.9032770319041432,0.037865387257669525,0.8364227294609083,0.9491808252427184,0.9883908922019171,0.02044677734375,1.0,5.234375,0.9032770319041432,0.902007105734576,0.0,3,0,0.0010248487727830477,0.021887949589864328,0.221637561917305,0.9802524447441101,0.2202441394329071,0.0006623044610023499,0.0033930912613868713,0.006512156128883362,0.008250672478475517,0.030155609026983908,0.6465277777777778,0.007473558187484741,11.284173106993801,11.284173106993801,0.6819444444444445,pool=fp32_values_torch_sum_acc_fp32+pooled_rounded_to_nvfp4_e2m1_per16_e4m3_sf,score=fp32_values_torch_matmul_acc_fp32_tf32_disabled
R8,18,0.9,"repr=bf16, pool=fp32+nvfp4/native, score=fp32/native",nvfp4_like,bf16,simulated,1440,0.8935988715988523,0.08160284165054932,0.7764433195357713,0.9438100961538461,0.9883908922019171,0.01141357421875,0.98046875,2.921875,0.8935988715988523,0.8920513117730842,0.0,2,0,0.0018098458916863697,0.02076286503275778,0.3508027493953705,0.952735424041748,0.3500274121761322,0.0004592500627040863,0.0038914158940315247,0.006761237978935242,0.005822686176749781,0.02252790410662575,0.5770833333333333,0.005878113210201263,12.799373778177953,12.799373778177953,0.7069444444444445,pool=fp32_values_torch_sum_acc_fp32+pooled_rounded_to_nvfp4_e2m1_per16_e4m3_sf,score=fp32_values_torch_matmul_acc_fp32_tf32_disabled
R8,18,0.95,"repr=bf16, pool=fp32+nvfp4/native, score=fp32/native",nvfp4_like,bf16,simulated,1440,0.835378498972969,0.09002475300539303,0.7236825067978765,0.9103064903846154,0.9883908922019171,0.0091094970703125,0.96875,2.33203125,0.835378498972969,0.8341140810140535,0.0,2,0,0.0022912665288762893,0.019339670469336354,0.5259268879890442,0.8944618403911591,0.5342652797698975,-0.00023382902145385742,0.004312291741371155,0.0059439301490783695,0.004782899766634966,0.016601344466540498,0.46597222222222223,0.010227710008621216,-43.740122355340304,43.740122355340304,0.7583333333333333,pool=fp32_values_torch_sum_acc_fp32+pooled_rounded_to_nvfp4_e2m1_per16_e4m3_sf,score=fp32_values_torch_matmul_acc_fp32_tf32_disabled
R8,19,0.8,"repr=bf16, pool=fp32+nvfp4/native, score=fp32/native",nvfp4_like,bf16,simulated,1440,0.9128037747326767,0.031067082965067994,0.8685105304036446,0.9544144417475728,0.9918652220333994,0.018341064453125,1.0,4.6953125,0.9128037747326767,0.9131507346272447,0.0,3,0,0.0011687916847368434,0.02147957796634373,0.10282330587506294,0.9957687258720398,0.10232561081647873,0.00026707351207733154,0.0009602773934602737,0.0013215737417340279,0.005652626718171629,0.03149124073977337,0.6590277777777778,0.006061878055334091,22.697413937398874,22.697413937398874,0.6763888888888889,pool=fp32_values_torch_sum_acc_fp32+pooled_rounded_to_nvfp4_e2m1_per16_e4m3_sf,score=fp32_values_torch_matmul_acc_fp32_tf32_disabled
R8,19,0.9,"repr=bf16, pool=fp32+nvfp4/native, score=fp32/native",nvfp4_like,bf16,simulated,1440,0.8903720533939222,0.05298136459311886,0.8090029273646946,0.9420072115384616,0.9918652220333994,0.01177978515625,0.984375,3.015625,0.8903720533939222,0.8906405340150547,0.0,2,0,0.0017788212068432685,0.02032756156461224,0.1632530242204666,0.9893433451652527,0.16218668222427368,0.0003561638295650482,0.0015638284385204315,0.0021889328956604002,0.005544501080184159,0.02777252688848792,0.6354166666666666,0.004945285618305206,13.884861987092995,13.884861987092995,0.7048611111111112,pool=fp32_values_torch_sum_acc_fp32+pooled_rounded_to_nvfp4_e2m1_per16_e4m3_sf,score=fp32_values_torch_matmul_acc_fp32_tf32_disabled
R8,19,0.95,"repr=bf16, pool=fp32+nvfp4/native, score=fp32/native",nvfp4_like,bf16,simulated,1440,0.8424913494809688,0.06096130095367913,0.751014592035766,0.9145132211538461,0.9918652220333994,0.0086822509765625,0.96484375,2.22265625,0.8424913494809688,0.8421089135442554,0.0,2,0,0.002367991295357783,0.019019149604811277,0.24152782559394836,0.976107120513916,0.24424979090690613,0.0004431977868080139,0.002909637987613678,0.003388720750808716,0.005785965600634315,0.023881413905803874,0.5847222222222223,0.0074034035205841064,16.704513742960412,16.704513742960412,0.7479166666666667,pool=fp32_values_torch_sum_acc_fp32+pooled_rounded_to_nvfp4_e2m1_per16_e4m3_sf,score=fp32_values_torch_matmul_acc_fp32_tf32_disabled
R8,2,0.8,"repr=bf16, pool=fp32+nvfp4/native, score=fp32/native",nvfp4_like,bf16,simulated,1440,0.9091336929370453,0.019375375788429294,0.8753211563283573,0.9524044296116505,0.9946966896544609,0.0191497802734375,1.0,4.90234375,0.9091336929370453,0.9112093646939441,0.0,2,0,0.0009751327048517261,0.01942475377207182,0.052882008254528046,0.9987013041973114,0.05215287208557129,0.00031068548560142517,0.0010331063531339169,0.0022213518619537353,0.009145701449456235,0.05357833719414741,0.7333333333333333,0.02620038017630577,84.33087926713749,84.33087926713749,0.7090277777777778,pool=fp32_values_torch_sum_acc_fp32+pooled_rounded_to_nvfp4_e2m1_per16_e4m3_sf,score=fp32_values_torch_matmul_acc_fp32_tf32_disabled
R8,2,0.9,"repr=bf16, pool=fp32+nvfp4/native, score=fp32/native",nvfp4_like,bf16,simulated,1440,0.88822695035461,0.037123463473044294,0.7840856933186175,0.9408052884615384,0.9946966896544609,0.01202392578125,0.98828125,3.078125,0.88822695035461,0.8923875186580426,0.0,2,0,0.0015467086815550966,0.01826884136605566,0.1133134737610817,0.9942789971828461,0.10970661789178848,0.0006948327645659447,0.0027794521301984787,0.006115076690912246,0.012655628530148516,0.07256030782000948,0.6993055555555555,0.018686406314373016,26.89338682243379,26.89338682243379,0.6958333333333333,pool=fp32_values_torch_sum_acc_fp32+pooled_rounded_to_nvfp4_e2m1_per16_e4m3_sf,score=fp32_values_torch_matmul_acc_fp32_tf32_disabled
R8,2,0.95,"repr=bf16, pool=fp32+nvfp4/native, score=fp32/native",nvfp4_like,bf16,simulated,1440,0.8576611777839799,0.06227152137536607,0.6916371681523035,0.9233774038461539,0.9946966896544609,0.007781982421875,0.94921875,1.9921875,0.8576611777839799,0.861688002949365,0.0,1,0,0.0023730480337720325,0.016890474038950803,0.2472631335258484,0.9757741987705231,0.24632468074560165,0.001263270154595375,0.005704930052161217,0.008648447692394257,0.015070810532487372,0.071615488982396,0.66875,0.01567670702934265,12.409623525352655,12.409623525352655,0.7194444444444444,pool=fp32_values_torch_sum_acc_fp32+pooled_rounded_to_nvfp4_e2m1_per16_e4m3_sf,score=fp32_values_torch_matmul_acc_fp32_tf32_disabled
R8,20,0.8,"repr=bf16, pool=fp32+nvfp4/native, score=fp32/native",nvfp4_like,bf16,simulated,1440,0.9170453306190701,0.016940372724671415,0.8938379167251871,0.9567278519417476,0.9942260328416095,0.0174102783203125,1.0,4.45703125,0.9170453306190701,0.9187542075516403,0.0,2,0,0.0011714808078827621,0.020786169924584392,0.04361233487725258,0.9991482496261597,0.043014874681830406,0.00032022222876548767,0.0007689063204452395,0.0014415709301829338,0.010240678179403018,0.05853691470108262,0.7631944444444444,0.036329496651887894,113.45088937749392,113.45088937749392,0.9111111111111111,pool=fp32_values_torch_sum_acc_fp32+pooled_rounded_to_nvfp4_e2m1_per16_e4m3_sf,score=fp32_values_torch_matmul_acc_fp32_tf32_disabled
R8,20,0.9,"repr=bf16, pool=fp32+nvfp4/native, score=fp32/native",nvfp4_like,bf16,simulated,1440,0.8948117571703081,0.03455477059932466,0.8569550720691888,0.9444861778846154,0.9942260328416095,0.0112762451171875,0.984375,2.88671875,0.8948117571703081,0.8998144712430427,0.0,3,0,0.0018198550607557494,0.019410126954165826,0.08606379106640816,0.9967937469482422,0.08442166447639465,0.0005774274468421936,0.0015001343563199043,0.002911771833896637,0.011590504999724676,0.06153599186011738,0.7361111111111112,0.024908125400543213,43.13637243390408,43.13637243390408,0.8972222222222223,pool=fp32_values_torch_sum_acc_fp32+pooled_rounded_to_nvfp4_e2m1_per16_e4m3_sf,score=fp32_values_torch_matmul_acc_fp32_tf32_disabled
R8,20,0.95,"repr=bf16, pool=fp32+nvfp4/native, score=fp32/native",nvfp4_like,bf16,simulated,1440,0.8623391158365976,0.038074638031991515,0.7930913735051667,0.9260817307692307,0.9942260328416095,0.00750732421875,0.9453125,1.921875,0.8623391158365976,0.8661246324244811,0.0,1,0,0.0026231938438412736,0.017944882725685184,0.1561928540468216,0.989210844039917,0.15579777210950851,0.0010747574269771576,0.00256150308996439,0.005008494108915329,0.011730505608633767,0.0661832049026629,0.7520833333333333,0.022977352142333984,21.379105243273035,21.379105243273035,0.9118055555555555,pool=fp32_values_torch_sum_acc_fp32+pooled_rounded_to_nvfp4_e2m1_per16_e4m3_sf,score=fp32_values_torch_matmul_acc_fp32_tf32_disabled
R8,21,0.8,"repr=bf16, pool=fp32+nvfp4/native, score=fp32/native",nvfp4_like,bf16,simulated,1440,0.9044111015002113,0.018693716988849807,0.8684344073110983,0.9498065837378641,0.9947344847427206,0.02019500732421875,1.0,5.169921875,0.9044111015002113,0.9055809505940209,0.0,2,0,0.001021631844806433,0.020928727096721403,0.0727437473833561,0.9978055953979492,0.07172318547964096,0.00036628544330596924,0.0012508397921919823,0.0028989479877054693,0.010405063262412893,0.04526034452755521,0.7361111111111112,0.027392100542783737,74.78348114397299,74.78348114397299,0.8402777777777778,pool=fp32_values_torch_sum_acc_fp32+pooled_rounded_to_nvfp4_e2m1_per16_e4m3_sf,score=fp32_values_torch_matmul_acc_fp32_tf32_disabled
R8,21,0.9,"repr=bf16, pool=fp32+nvfp4/native, score=fp32/native",nvfp4_like,bf16,simulated,1440,0.8944072861818699,0.0411612059405283,0.8154357235251404,0.9442608173076923,0.9947344847427206,0.011322021484375,0.98828125,2.8984375,0.8944072861818699,0.8963638330259884,0.0,2,0,0.0017727054917591818,0.019729767318736383,0.12973711639642715,0.9931125342845917,0.12938550114631653,0.0006901244632899761,0.002048533409833908,0.00382841844111681,0.009419833219400035,0.056148124272214904,0.725,0.017395824193954468,25.2067925704658,25.2067925704658,0.8534722222222222,pool=fp32_values_torch_sum_acc_fp32+pooled_rounded_to_nvfp4_e2m1_per16_e4m3_sf,score=fp32_values_torch_matmul_acc_fp32_tf32_disabled
R8,21,0.95,"repr=bf16, pool=fp32+nvfp4/native, score=fp32/native",nvfp4_like,bf16,simulated,1440,0.8649481647520314,0.04710678631819987,0.7677797905719126,0.9275841346153846,0.9947344847427206,0.007354736328125,0.94140625,1.8828125,0.8649481647520314,0.8662554324968457,0.0,2,0,0.002612945264455056,0.017890628714441414,0.22579367458820343,0.9789758026599884,0.22706419974565506,0.001157507300376892,0.003308560699224472,0.005155108124017716,0.0086921439173748,0.050763218889430896,0.7041666666666667,0.02042652666568756,17.646995970596944,17.646995970596944,0.86875,pool=fp32_values_torch_sum_acc_fp32+pooled_rounded_to_nvfp4_e2m1_per16_e4m3_sf,score=fp32_values_torch_matmul_acc_fp32_tf32_disabled
R8,22,0.8,"repr=bf16, pool=fp32+nvfp4/native, score=fp32/native",nvfp4_like,bf16,simulated,1440,0.9013213641640927,0.03934814525204122,0.8044176784910654,0.9480999696601942,0.993603209252255,0.02088165283203125,1.0,5.345703125,0.9013213641640927,0.901150005407549,0.0,3,0,0.0011157038518331771,0.023642397982802266,0.2264634668827057,0.9811160564422607,0.22563116997480392,0.0003245212137699127,0.0024974942207336426,0.004828199744224548,0.00689355226453665,0.024155675262930464,0.5944444444444444,0.0032329466193914413,9.962204263427962,9.962204263427962,0.575,pool=fp32_values_torch_sum_acc_fp32+pooled_rounded_to_nvfp4_e2m1_per16_e4m3_sf,score=fp32_values_torch_matmul_acc_fp32_tf32_disabled
R8,22,0.9,"repr=bf16, pool=fp32+nvfp4/native, score=fp32/native",nvfp4_like,bf16,simulated,1440,0.8826191486352708,0.07525068350552677,0.7280344789939438,0.9376502403846154,0.993603209252255,0.012664794921875,0.984375,3.2421875,0.8826191486352708,0.8826191580485472,0.0,2,0,0.0018094427251882472,0.02205544227521988,0.3455248177051544,0.9603657126426697,0.34548625349998474,0.00019875913858413696,0.0035905838012695312,0.00390872210264206,0.006374287567368626,0.0212819281351818,0.5277777777777778,0.004039689898490906,20.324549237170597,20.324549237170597,0.6104166666666667,pool=fp32_values_torch_sum_acc_fp32+pooled_rounded_to_nvfp4_e2m1_per16_e4m3_sf,score=fp32_values_torch_matmul_acc_fp32_tf32_disabled
R8,22,0.95,"repr=bf16, pool=fp32+nvfp4/native, score=fp32/native",nvfp4_like,bf16,simulated,1440,0.8233118750856047,0.1010394712766437,0.6744548789005615,0.9030949519230769,0.993603209252255,0.0098419189453125,0.97265625,2.51953125,0.8233118750856047,0.8218146982345695,0.0,3,0,0.002305216938581489,0.021202153615949397,0.4600303918123245,0.9252462983131409,0.4630487412214279,-9.520351886749268e-05,0.004619471728801727,0.004881951212882996,0.005577193392971978,0.01629696906151517,0.4895833333333333,0.00692613422870636,-72.75082172483957,72.75082172483957,0.6694444444444444,pool=fp32_values_torch_sum_acc_fp32+pooled_rounded_to_nvfp4_e2m1_per16_e4m3_sf,score=fp32_values_torch_matmul_acc_fp32_tf32_disabled
R8,23,0.8,"repr=bf16, pool=fp32+nvfp4/native, score=fp32/native",nvfp4_like,bf16,simulated,1440,0.904307950339976,0.04736582930803168,0.7948222613964848,0.9497496966019418,0.9946429491107225,0.0202178955078125,1.0,5.17578125,0.904307950339976,0.9043079478568591,0.0,3,0,0.0011040615132051996,0.023734047466827772,0.1710214912891388,0.9884356260299683,0.17098650336265564,0.00027822284027934074,0.0025618858635425568,0.004003411531448365,0.008872272032946084,0.03137256818134781,0.5819444444444445,0.004293203353881836,15.430808446824072,15.430808446824072,0.6118055555555556,pool=fp32_values_torch_sum_acc_fp32+pooled_rounded_to_nvfp4_e2m1_per16_e4m3_sf,score=fp32_values_torch_matmul_acc_fp32_tf32_disabled
R8,23,0.9,"repr=bf16, pool=fp32+nvfp4/native, score=fp32/native",nvfp4_like,bf16,simulated,1440,0.8704510327385134,0.0795994570724401,0.7052948190640245,0.9307391826923077,0.9946429491107225,0.014068603515625,0.9921875,3.6015625,0.8704510327385134,0.8697285742355029,0.0,3,0,0.0016354864862931611,0.02297246179587228,0.24279160797595978,0.9761297702789307,0.2432529777288437,0.0001767575740814209,0.0038631483912467957,0.004464831948280334,0.007750234267706258,0.031015058843114625,0.5298611111111111,0.004226565361022949,23.91165064913168,23.91165064913168,0.6013888888888889,pool=fp32_values_torch_sum_acc_fp32+pooled_rounded_to_nvfp4_e2m1_per16_e4m3_sf,score=fp32_values_torch_matmul_acc_fp32_tf32_disabled
R8,23,0.95,"repr=bf16, pool=fp32+nvfp4/native, score=fp32/native",nvfp4_like,bf16,simulated,1440,0.8123893805309734,0.09930664474900264,0.6287776826134834,0.896484375,0.9946429491107225,0.0105133056640625,0.98046875,2.69140625,0.8123893805309734,0.8115261701883533,0.0,2,0,0.002249836549869146,0.021735132795944197,0.34213030338287354,0.9509672820568085,0.34485964477062225,0.00023739784955978394,0.005585849285125732,0.005918936431407928,0.007715828909719263,0.03222963225622992,0.525,0.008327223360538483,35.07707999874462,35.07707999874462,0.6375,pool=fp32_values_torch_sum_acc_fp32+pooled_rounded_to_nvfp4_e2m1_per16_e4m3_sf,score=fp32_values_torch_matmul_acc_fp32_tf32_disabled
R8,24,0.8,"repr=bf16, pool=fp32+nvfp4/native, score=fp32/native",nvfp4_like,bf16,simulated,1440,0.9093064939911155,0.02628890310752585,0.8500451698216593,0.9524992415048543,0.9936387266514886,0.01911163330078125,1.0,4.892578125,0.9093064939911155,0.9085118702953098,0.0,2,0,0.0010687708072312089,0.02140046382606485,0.19762246310710907,0.9868305325508118,0.1970265880227089,0.00048557715490460396,0.0024274680763483047,0.004416406154632568,0.007640153278677876,0.026705869324747573,0.6520833333333333,0.013769403100013733,28.356777004302966,28.356777004302966,0.7541666666666667,pool=fp32_values_torch_sum_acc_fp32+pooled_rounded_to_nvfp4_e2m1_per16_e4m3_sf,score=fp32_values_torch_matmul_acc_fp32_tf32_disabled
R8,24,0.9,"repr=bf16, pool=fp32+nvfp4/native, score=fp32/native",nvfp4_like,bf16,simulated,1440,0.9069584238188398,0.05729702137111037,0.8094517537150852,0.9512094350961539,0.9936387266514886,0.00991058349609375,0.96875,2.537109375,0.9069584238188398,0.9057981388690051,0.0,2,0,0.002071762994593901,0.019810932573148407,0.3197743743658066,0.9671582877635956,0.3202587515115738,0.000363081693649292,0.0029362626373767853,0.0038437247276306152,0.005223180213361518,0.02488217324659676,0.5645833333333333,0.008981898427009583,24.73795452679964,24.73795452679964,0.7791666666666667,pool=fp32_values_torch_sum_acc_fp32+pooled_rounded_to_nvfp4_e2m1_per16_e4m3_sf,score=fp32_values_torch_matmul_acc_fp32_tf32_disabled
R8,24,0.95,"repr=bf16, pool=fp32+nvfp4/native, score=fp32/native",nvfp4_like,bf16,simulated,1440,0.860907257291515,0.05453665312311895,0.7798933087143847,0.9252554086538461,0.9936387266514886,0.00759124755859375,0.9453125,1.943359375,0.860907257291515,0.8598672811683106,0.0,2,0,0.0026755536679833967,0.018301535268307283,0.4777412861585617,0.9266842901706696,0.47872452437877655,0.00022639334201812744,0.0035144537687301636,0.0045295655727386475,0.003984829150112713,0.014963831207067577,0.5326388888888889,0.014762885868549347,65.20901072862503,65.20901072862503,0.8326388888888889,pool=fp32_values_torch_sum_acc_fp32+pooled_rounded_to_nvfp4_e2m1_per16_e4m3_sf,score=fp32_values_torch_matmul_acc_fp32_tf32_disabled
R8,25,0.8,"repr=bf16, pool=fp32+nvfp4/native, score=fp32/native",nvfp4_like,bf16,simulated,1440,0.9030023094688222,0.04782054544311487,0.7815012499155463,0.9490291262135923,0.993915317926265,0.0205078125,1.0,5.25,0.9030023094688222,0.9039641876214937,0.0,2,0,0.0010529925474680435,0.02142195856420046,0.09220864623785019,0.9962522685527802,0.09177053347229958,0.00021478626877069473,0.0013066325336694717,0.0018368467688560485,0.008094469989588871,0.02836797333146528,0.6006944444444444,0.0035788528621196747,16.66239132791328,16.66239132791328,0.6583333333333333,pool=fp32_values_torch_sum_acc_fp32+pooled_rounded_to_nvfp4_e2m1_per16_e4m3_sf,score=fp32_values_torch_matmul_acc_fp32_tf32_disabled
R8,25,0.9,"repr=bf16, pool=fp32+nvfp4/native, score=fp32/native",nvfp4_like,bf16,simulated,1440,0.8709768187969891,0.08421787522193647,0.6979863299077866,0.9310396634615384,0.993915317926265,0.014007568359375,0.98828125,3.5859375,0.8709768187969891,0.8721608888263835,0.0,3,0,0.001484732904992317,0.020674179982242254,0.15757959336042404,0.9892627894878387,0.15654364228248596,0.0004172995686531067,0.0021675280295312405,0.002849292755126953,0.008161664451284627,0.025330743209357014,0.6402777777777777,0.0033658668398857117,8.065828706100806,8.065828706100806,0.6416666666666667,pool=fp32_values_torch_sum_acc_fp32+pooled_rounded_to_nvfp4_e2m1_per16_e4m3_sf,score=fp32_values_torch_matmul_acc_fp32_tf32_disabled
R8,25,0.95,"repr=bf16, pool=fp32+nvfp4/native, score=fp32/native",nvfp4_like,bf16,simulated,1440,0.840962522472687,0.09043925847728884,0.6712910120222062,0.9136117788461539,0.993915317926265,0.0087738037109375,0.96484375,2.24609375,0.840962522472687,0.840962522472687,0.0,3,0,0.0022182376496949815,0.01902825676172412,0.23092179000377655,0.9768673479557037,0.23056398332118988,-4.011392593383789e-05,0.002775454893708229,0.0030805617570877075,0.0063441161630319,0.02119508915432295,0.49236111111111114,0.0029810816049575806,-74.31537890044576,74.31537890044576,0.6805555555555556,pool=fp32_values_torch_sum_acc_fp32+pooled_rounded_to_nvfp4_e2m1_per16_e4m3_sf,score=fp32_values_torch_matmul_acc_fp32_tf32_disabled
R8,26,0.8,"repr=bf16, pool=fp32+nvfp4/native, score=fp32/native",nvfp4_like,bf16,simulated,1440,0.9063042220936958,0.0337593987173358,0.8089235359238354,0.9508495145631068,0.9933292891754596,0.019775390625,1.0,5.0625,0.9063042220936958,0.9073384209193822,0.0,2,0,0.0010863071566934,0.022255950889287345,0.040248677134513855,0.9992499649524689,0.04000944457948208,0.0002778172492980957,0.0006129727698862553,0.0010628610849380492,0.010718549167292653,0.03695255862644847,0.7361111111111112,0.006987075321376324,25.149897420081526,25.149897420081526,0.7368055555555556,pool=fp32_values_torch_sum_acc_fp32+pooled_rounded_to_nvfp4_e2m1_per16_e4m3_sf,score=fp32_values_torch_matmul_acc_fp32_tf32_disabled
R8,26,0.9,"repr=bf16, pool=fp32+nvfp4/native, score=fp32/native",nvfp4_like,bf16,simulated,1440,0.8834182229767968,0.055527970228581025,0.7472282226473569,0.9381009615384616,0.9933292891754596,0.0125732421875,0.98828125,3.21875,0.8834182229767968,0.8847515220161405,0.0,2,0,0.0017405946812549151,0.021170042362600273,0.07971638068556786,0.9970485270023346,0.07915513589978218,0.00041889771819114685,0.0011684736236929893,0.001943989098072052,0.010879849893770967,0.03924000107748286,0.7076388888888889,0.004366271197795868,10.4232393927806,10.4232393927806,0.70625,pool=fp32_values_torch_sum_acc_fp32+pooled_rounded_to_nvfp4_e2m1_per16_e4m3_sf,score=fp32_values_torch_matmul_acc_fp32_tf32_disabled
R8,26,0.95,"repr=bf16, pool=fp32+nvfp4/native, score=fp32/native",nvfp4_like,bf16,simulated,1440,0.8376587520706792,0.08493801295444503,0.6710497723466748,0.9116586538461539,0.9933292891754596,0.00897216796875,0.96875,2.296875,0.8376587520706792,0.8389280287332505,0.0,2,0,0.002383445011842065,0.01986041548077431,0.14326593279838562,0.9905721247196198,0.14319847524166107,0.000502273440361023,0.002400125376880169,0.003344821184873581,0.010284067098993361,0.04535311270951512,0.6111111111111112,0.005187338218092918,10.327717536416769,10.327717536416769,0.7131944444444445,pool=fp32_values_torch_sum_acc_fp32+pooled_rounded_to_nvfp4_e2m1_per16_e4m3_sf,score=fp32_values_torch_matmul_acc_fp32_tf32_disabled
R8,27,0.8,"repr=bf16, pool=fp32+nvfp4/native, score=fp32/native",nvfp4_like,bf16,simulated,1440,0.9061319652729543,0.03498207657507768,0.8117978493145979,0.9507547026699029,0.9945646864647297,0.01981353759765625,1.0,5.072265625,0.9061319652729543,0.9119022586375666,0.0,4,0,0.0011012731339839973,0.02212693568821509,0.02236109133809805,0.9997513294219971,0.021861422806978226,0.00026984489522874355,0.0007334880065172911,0.0015186160802841187,0.01297450726685572,0.07397969051579367,0.7722222222222223,0.015604176674969494,57.82646605837054,57.82646605837054,0.8076388888888889,pool=fp32_values_torch_sum_acc_fp32+pooled_rounded_to_nvfp4_e2m1_per16_e4m3_sf,score=fp32_values_torch_matmul_acc_fp32_tf32_disabled
R8,27,0.9,"repr=bf16, pool=fp32+nvfp4/native, score=fp32/native",nvfp4_like,bf16,simulated,1440,0.8876245193702607,0.043188037855856565,0.7742000033209013,0.9404672475961539,0.9945646864647297,0.01209259033203125,0.9921875,3.095703125,0.8876245193702607,0.8930602957906713,0.0,3,0,0.0017842289372950698,0.02029102236565452,0.048460597172379494,0.9988840520381927,0.046770647168159485,0.0005075279623270035,0.001478227786719799,0.0032203543931245806,0.014554181240779476,0.08418936463816293,0.7194444444444444,0.011126288212835789,21.92251272584475,21.92251272584475,0.8034722222222223,pool=fp32_values_torch_sum_acc_fp32+pooled_rounded_to_nvfp4_e2m1_per16_e4m3_sf,score=fp32_values_torch_matmul_acc_fp32_tf32_disabled
R8,27,0.95,"repr=bf16, pool=fp32+nvfp4/native, score=fp32/native",nvfp4_like,bf16,simulated,1440,0.8453008039922373,0.0698673521090255,0.694705954799374,0.9161658653846154,0.9945646864647297,0.008514404296875,0.9609375,2.1796875,0.8453008039922373,0.853393674140027,0.0,2,0,0.002517764065124597,0.018648784245004633,0.10112886503338814,0.9952469170093536,0.10148809105157852,0.0008588302880525589,0.003642323426902294,0.007126791030168533,0.016932314166256023,0.08894945952221152,0.6701388888888888,0.010736456140875816,12.50125466024408,12.50125466024408,0.8,pool=fp32_values_torch_sum_acc_fp32+pooled_rounded_to_nvfp4_e2m1_per16_e4m3_sf,score=fp32_values_torch_matmul_acc_fp32_tf32_disabled
R8,28,0.8,"repr=bf16, pool=fp32+nvfp4/native, score=fp32/native",nvfp4_like,bf16,simulated,1440,0.9072694394213382,0.024105242315703324,0.8191947711799568,0.9513804611650486,0.9912408548056058,0.019561767578125,1.0,5.0078125,0.9072694394213382,0.9131507346272447,0.0,2,0,0.0010356278964648536,0.02155403256375653,0.04289173148572445,0.9991781115531921,0.04247376136481762,0.00015933869872242212,0.0008554647210985422,0.0020979270339012146,0.013391786949826692,0.0671017376331382,0.6784722222222223,0.017211892642080784,108.02079331691397,108.02079331691397,0.7534722222222222,pool=fp32_values_torch_sum_acc_fp32+pooled_rounded_to_nvfp4_e2m1_per16_e4m3_sf,score=fp32_values_torch_matmul_acc_fp32_tf32_disabled
R8,28,0.9,"repr=bf16, pool=fp32+nvfp4/native, score=fp32/native",nvfp4_like,bf16,simulated,1440,0.8764492393884381,0.049061240044793064,0.76378668002978,0.9341571514423077,0.9912408548056058,0.01337432861328125,0.99609375,3.423828125,0.8764492393884381,0.8877583602270773,0.0,2,0,0.001466299370716065,0.019548684513548586,0.0802774727344513,0.9969250559806824,0.0810529850423336,0.0002728588879108429,0.0020257714786566794,0.004260750859975815,0.013518944326087624,0.07587155879582574,0.6541666666666667,0.012337081134319305,45.21414431019182,45.21414431019182,0.7465277777777778,pool=fp32_values_torch_sum_acc_fp32+pooled_rounded_to_nvfp4_e2m1_per16_e4m3_sf,score=fp32_values_torch_matmul_acc_fp32_tf32_disabled
R8,28,0.95,"repr=bf16, pool=fp32+nvfp4/native, score=fp32/native",nvfp4_like,bf16,simulated,1440,0.8542972558852208,0.06094634263042997,0.6540447292644579,0.9214242788461539,0.9912408548056058,0.0079803466796875,0.95703125,2.04296875,0.8542972558852208,0.8649481647520314,0.0,2,0,0.0023794839233161006,0.018122728989666707,0.12976215034723282,0.9925369024276733,0.12025351077318192,0.000623590312898159,0.003698030486702919,0.009247223287820816,0.01726622615768624,0.19327636488909303,0.6666666666666666,0.009536918252706528,15.293563827801217,15.293563827801217,0.7444444444444445,pool=fp32_values_torch_sum_acc_fp32+pooled_rounded_to_nvfp4_e2m1_per16_e4m3_sf,score=fp32_values_torch_matmul_acc_fp32_tf32_disabled
R8,29,0.8,"repr=bf16, pool=fp32+nvfp4/native, score=fp32/native",nvfp4_like,bf16,simulated,1440,0.9149569701151095,0.020947450789108868,0.84846940706248,0.955590109223301,0.9954552878706076,0.0178680419921875,1.0,4.57421875,0.9149569701151095,0.917742463362304,0.0,3,0,0.0010768680805940995,0.020766356612861143,0.04251684062182903,0.9992695152759552,0.04206980764865875,0.0001324191689491272,0.000670761102810502,0.0009354326874017715,0.007877092992060429,0.053090746441228964,0.6506944444444445,0.012662474066019058,95.6241771226017,95.6241771226017,0.6805555555555556,pool=fp32_values_torch_sum_acc_fp32+pooled_rounded_to_nvfp4_e2m1_per16_e4m3_sf,score=fp32_values_torch_matmul_acc_fp32_tf32_disabled
R8,29,0.9,"repr=bf16, pool=fp32+nvfp4/native, score=fp32/native",nvfp4_like,bf16,simulated,1440,0.8884278493092403,0.04472175307185777,0.792113736464043,0.94091796875,0.9954552878706076,0.01200103759765625,0.9921875,3.072265625,0.8884278493092403,0.8946095024875229,0.0,2,0,0.0016418389556974973,0.019569107950478774,0.09641198441386223,0.9960992336273193,0.09212076663970947,0.00038508325815200806,0.0015878695994615555,0.003620105609297752,0.009303074738985204,0.10921345952866261,0.6520833333333333,0.008474640548229218,22.007294185934022,22.007294185934022,0.7006944444444444,pool=fp32_values_torch_sum_acc_fp32+pooled_rounded_to_nvfp4_e2m1_per16_e4m3_sf,score=fp32_values_torch_matmul_acc_fp32_tf32_disabled
R8,29,0.95,"repr=bf16, pool=fp32+nvfp4/native, score=fp32/native",nvfp4_like,bf16,simulated,1440,0.8620786123933417,0.06461959792947503,0.7119121464254461,0.9259314903846154,0.9954552878706076,0.0075225830078125,0.94921875,1.92578125,0.8620786123933417,0.8683508771929824,0.0,2,0,0.002597425568418233,0.01782909312456612,0.18316539376974106,0.9851020276546478,0.17651661485433578,0.00042775459587574005,0.0030423514544963837,0.0061529107391834256,0.010353892543353007,0.08655056391964229,0.5986111111111111,0.009425103664398193,22.033903914234333,22.033903914234333,0.7090277777777778,pool=fp32_values_torch_sum_acc_fp32+pooled_rounded_to_nvfp4_e2m1_per16_e4m3_sf,score=fp32_values_torch_matmul_acc_fp32_tf32_disabled
R8,3,0.8,"repr=bf16, pool=fp32+nvfp4/native, score=fp32/native",nvfp4_like,bf16,simulated,1440,0.9093064939911155,0.032115486076036315,0.8571106883467078,0.9524992415048543,0.9952572724165227,0.01911163330078125,1.0,4.892578125,0.9093064939911155,0.9101709649376992,0.0,3,0,0.0010217019164659247,0.019758394646884274,0.10386315360665321,0.9956767559051514,0.10347070917487144,0.0002737073227763176,0.0009529250673949718,0.0014112070202827454,0.006041199684820156,0.05141960656284787,0.6604166666666667,0.005941692739725113,21.708197937330507,21.708197937330507,0.6173611111111111,pool=fp32_values_torch_sum_acc_fp32+pooled_rounded_to_nvfp4_e2m1_per16_e4m3_sf,score=fp32_values_torch_matmul_acc_fp32_tf32_disabled
R8,3,0.9,"repr=bf16, pool=fp32+nvfp4/native, score=fp32/native",nvfp4_like,bf16,simulated,1440,0.8776402576328389,0.03858798929731744,0.7998492655376894,0.9348332331730769,0.9952572724165227,0.01323699951171875,0.98828125,3.388671875,0.8776402576328389,0.8806908510728285,0.0,3,0,0.001494230728168438,0.01894146970480594,0.20022951066493988,0.9846603870391846,0.1980890929698944,0.0003985762596130371,0.0020800321362912655,0.0026023182086646556,0.006962278444391476,0.048834731096915364,0.6131944444444445,0.0048659853637218475,12.208417451772094,12.208417451772094,0.6173611111111111,pool=fp32_values_torch_sum_acc_fp32+pooled_rounded_to_nvfp4_e2m1_per16_e4m3_sf,score=fp32_values_torch_matmul_acc_fp32_tf32_disabled
R8,3,0.95,"repr=bf16, pool=fp32+nvfp4/native, score=fp32/native",nvfp4_like,bf16,simulated,1440,0.8483754512635379,0.04433856768970268,0.7634006942720364,0.91796875,0.9952572724165227,0.008331298828125,0.953125,2.1328125,0.8483754512635379,0.8504309146510981,0.0,2,0,0.002296914723062984,0.017426246567289513,0.3196549117565155,0.9585857391357422,0.31914031505584717,0.0002365168184041977,0.004008129239082336,0.004358503222465515,0.006922438625024451,0.04617366572919212,0.5340277777777778,0.004212930798530579,17.812394175414834,17.812394175414834,0.6548611111111111,pool=fp32_values_torch_sum_acc_fp32+pooled_rounded_to_nvfp4_e2m1_per16_e4m3_sf,score=fp32_values_torch_matmul_acc_fp32_tf32_disabled
R8,4,0.8,"repr=bf16, pool=fp32+nvfp4/native, score=fp32/native",nvfp4_like,bf16,simulated,1440,0.9125956551699126,0.028318452159571406,0.8530843266229766,0.9543006674757282,0.9945736174210852,0.0183868408203125,1.0,4.70703125,0.9125956551699126,0.91356725570594,0.0,3,0,0.0010073140883837023,0.019769243300966192,0.08552203327417374,0.9969533085823059,0.08500685170292854,0.00025016628205776215,0.0008125696331262589,0.0011274714022874832,0.005176797158650414,0.02411379588670625,0.6972222222222222,0.005358666181564331,21.42041740192246,21.42041740192246,0.6131944444444445,pool=fp32_values_torch_sum_acc_fp32+pooled_rounded_to_nvfp4_e2m1_per16_e4m3_sf,score=fp32_values_torch_matmul_acc_fp32_tf32_disabled
R8,4,0.9,"repr=bf16, pool=fp32+nvfp4/native, score=fp32/native",nvfp4_like,bf16,simulated,1440,0.8933968661709478,0.04108962308202946,0.8189519710323154,0.9436974158653846,0.9945736174210852,0.01143646240234375,0.98828125,2.927734375,0.8933968661709478,0.8935988620199147,0.0,2,0,0.0016434988917354918,0.018860695141962733,0.1572536677122116,0.9897382259368896,0.15634403377771378,0.00032937899231910706,0.001632247120141983,0.0023040976375341415,0.005083421443878024,0.029275717101405835,0.6298611111111111,0.0037824437022209167,11.483560853681984,11.483560853681984,0.6041666666666666,pool=fp32_values_torch_sum_acc_fp32+pooled_rounded_to_nvfp4_e2m1_per16_e4m3_sf,score=fp32_values_torch_matmul_acc_fp32_tf32_disabled
R8,4,0.95,"repr=bf16, pool=fp32+nvfp4/native, score=fp32/native",nvfp4_like,bf16,simulated,1440,0.8625996921785365,0.04335499555209643,0.7799052033751546,0.9262319711538461,0.9945736174210852,0.0074920654296875,0.9375,1.91796875,0.8625996921785365,0.8636427271454571,0.0,2,0,0.002550563807124719,0.017542843426707925,0.2791275382041931,0.9676412343978882,0.2777513563632965,0.00037323683500289917,0.003726355731487274,0.004331892728805542,0.006225504500318367,0.03593808646329442,0.5611111111111111,0.004871957004070282,13.053258808264298,13.053258808264298,0.6152777777777778,pool=fp32_values_torch_sum_acc_fp32+pooled_rounded_to_nvfp4_e2m1_per16_e4m3_sf,score=fp32_values_torch_matmul_acc_fp32_tf32_disabled
R8,5,0.8,"repr=bf16, pool=fp32+nvfp4/native, score=fp32/native",nvfp4_like,bf16,simulated,1440,0.909064581523313,0.017680738282446873,0.8816745823627189,0.9523665048543689,0.9942545686217272,0.0191650390625,1.0,4.90625,0.909064581523313,0.911070846167784,0.0,2,0,0.0010286650046969095,0.020643237242187962,0.06035609729588032,0.9983893930912018,0.05952277220785618,0.0003765346482396126,0.0009552625706419349,0.00157321784645319,0.00918692465401279,0.05293795589893215,0.7513888888888889,0.026250233873724937,69.71532101083103,69.71532101083103,0.7625,pool=fp32_values_torch_sum_acc_fp32+pooled_rounded_to_nvfp4_e2m1_per16_e4m3_sf,score=fp32_values_torch_matmul_acc_fp32_tf32_disabled
R8,5,0.9,"repr=bf16, pool=fp32+nvfp4/native, score=fp32/native",nvfp4_like,bf16,simulated,1440,0.8897011853218824,0.02777543676941452,0.8465742597704354,0.9416316105769231,0.9942545686217272,0.0118560791015625,0.98828125,3.03515625,0.8897011853218824,0.8931949086254711,0.0,3,0,0.0016796254034311265,0.019644596899543048,0.12080110982060432,0.9935972988605499,0.11728434637188911,0.0007553678005933762,0.0018000174313783646,0.003400390222668648,0.009137767888791514,0.05885085388698559,0.7368055555555556,0.020775262266397476,27.503505246156312,27.503505246156312,0.7631944444444444,pool=fp32_values_torch_sum_acc_fp32+pooled_rounded_to_nvfp4_e2m1_per16_e4m3_sf,score=fp32_values_torch_matmul_acc_fp32_tf32_disabled
R8,5,0.95,"repr=bf16, pool=fp32+nvfp4/native, score=fp32/native",nvfp4_like,bf16,simulated,1440,0.8709768095572734,0.03578625837107208,0.82804411470378,0.9310396634615384,0.9942545686217272,0.0070037841796875,0.92578125,1.79296875,0.8709768095572734,0.8746655400647796,0.0,1,0,0.0028796782947025086,0.017974763211521482,0.2314017415046692,0.9791147112846375,0.2301275059580803,0.0007455460727214813,0.003603484481573105,0.004863311350345611,0.008844244592331062,0.04161013610854569,0.6173611111111111,0.01638203114271164,21.973197555601082,21.973197555601082,0.7701388888888889,pool=fp32_values_torch_sum_acc_fp32+pooled_rounded_to_nvfp4_e2m1_per16_e4m3_sf,score=fp32_values_torch_matmul_acc_fp32_tf32_disabled
R8,6,0.8,"repr=bf16, pool=fp32+nvfp4/native, score=fp32/native",nvfp4_like,bf16,simulated,1440,0.9221460854351946,0.03362150346563897,0.8520625706578882,0.959496359223301,0.9959679000303918,0.01629638671875,0.99609375,4.171875,0.9221460854351946,0.9216908086911367,0.0,2,0,0.001083377905104283,0.018152204054190296,0.15002211928367615,0.9910250902175903,0.15002138167619705,0.00018325448036193848,0.0009657368063926697,0.001337449997663498,0.0031166934928498315,0.017903256340822092,0.6041666666666666,0.001021169126033783,5.572410147991543,5.572410147991543,0.5416666666666666,pool=fp32_values_torch_sum_acc_fp32+pooled_rounded_to_nvfp4_e2m1_per16_e4m3_sf,score=fp32_values_torch_matmul_acc_fp32_tf32_disabled
R8,6,0.9,"repr=bf16, pool=fp32+nvfp4/native, score=fp32/native",nvfp4_like,bf16,simulated,1440,0.8944746884193346,0.05653692617895956,0.8074493506479146,0.9442983774038461,0.9959679000303918,0.01131439208984375,0.984375,2.896484375,0.8944746884193346,0.8938682600654432,0.0,2,0,0.001504692866275636,0.017318156126032807,0.2518947720527649,0.9749026894569397,0.25190621614456177,8.666515350341797e-05,0.0017310157418251038,0.0020614229142665863,0.003369904061168729,0.01723559988987134,0.5319444444444444,0.0005000531673431396,5.769944979367263,5.769944979367263,0.5236111111111111,pool=fp32_values_torch_sum_acc_fp32+pooled_rounded_to_nvfp4_e2m1_per16_e4m3_sf,score=fp32_values_torch_matmul_acc_fp32_tf32_disabled
R8,6,0.95,"repr=bf16, pool=fp32+nvfp4/native, score=fp32/native",nvfp4_like,bf16,simulated,1440,0.8467087555033949,0.07845533132064098,0.7497141262188912,0.9169921875,0.9959679000303918,0.00843048095703125,0.953125,2.158203125,0.8467087555033949,0.844789356984479,0.0,2,0,0.002232382565806796,0.016356084315981484,0.36293061077594757,0.9499692916870117,0.36318209767341614,-0.00012700259685516357,0.0033094920217990875,0.004450590908527374,0.004040224823893952,0.024088108060519843,0.47430555555555554,0.00034646689891815186,-2.7280300363721692,2.7280300363721692,0.5194444444444445,pool=fp32_values_torch_sum_acc_fp32+pooled_rounded_to_nvfp4_e2m1_per16_e4m3_sf,score=fp32_values_torch_matmul_acc_fp32_tf32_disabled
R8,7,0.8,"repr=bf16, pool=fp32+nvfp4/native, score=fp32/native",nvfp4_like,bf16,simulated,1440,0.915478634196957,0.03444304213882998,0.8508405573298706,0.9558745449029127,0.9941888320334465,0.01775360107421875,1.0,4.544921875,0.915478634196957,0.915826567758336,0.0,3,0,0.0011245869807741907,0.02143450888301337,0.10432574898004532,0.9954594969749451,0.10421862453222275,0.0002492545172572136,0.0007990272715687752,0.0012289345264434814,0.004879497985070614,0.025749407535076103,0.6743055555555556,0.0033207572996616364,13.322756739589366,13.322756739589366,0.6409722222222223,pool=fp32_values_torch_sum_acc_fp32+pooled_rounded_to_nvfp4_e2m1_per16_e4m3_sf,score=fp32_values_torch_matmul_acc_fp32_tf32_disabled
R8,7,0.9,"repr=bf16, pool=fp32+nvfp4/native, score=fp32/native",nvfp4_like,bf16,simulated,1440,0.8893659321945572,0.04935158168470133,0.8051209766197612,0.9414438100961539,0.9941888320334465,0.01189422607421875,0.98828125,3.044921875,0.8893659321945572,0.8896341270825168,0.0,2,0,0.0016995707608920237,0.020149597504898253,0.18052241951227188,0.9865984320640564,0.17978644371032715,0.00029668956995010376,0.0014728140085935593,0.002553490549325943,0.004534574430768418,0.03408727168898974,0.6229166666666667,0.002540372312068939,8.562391702870345,8.562391702870345,0.6173611111111111,pool=fp32_values_torch_sum_acc_fp32+pooled_rounded_to_nvfp4_e2m1_per16_e4m3_sf,score=fp32_values_torch_matmul_acc_fp32_tf32_disabled
R8,7,0.95,"repr=bf16, pool=fp32+nvfp4/native, score=fp32/native",nvfp4_like,bf16,simulated,1440,0.8477340640040751,0.07587996569906408,0.7405857740585773,0.9175931490384616,0.9941888320334465,0.00836944580078125,0.9453125,2.142578125,0.8477340640040751,0.8473494310296975,0.0,1,0,0.0024841008644488783,0.018693827859737805,0.2794750928878784,0.9685545265674591,0.2800709903240204,0.00011074542999267578,0.002914559096097946,0.004795239865779876,0.005403355677057625,0.030990545733954645,0.5215277777777778,0.0036062151193618774,32.56310548977395,32.56310548977395,0.6368055555555555,pool=fp32_values_torch_sum_acc_fp32+pooled_rounded_to_nvfp4_e2m1_per16_e4m3_sf,score=fp32_values_torch_matmul_acc_fp32_tf32_disabled
R8,8,0.8,"repr=bf16, pool=fp32+nvfp4/native, score=fp32/native",nvfp4_like,bf16,simulated,1440,0.9146093523090328,0.017710196529850064,0.888754183786537,0.9554004854368932,0.9945380321805473,0.0179443359375,1.0,4.59375,0.9146093523090328,0.9151656013945381,0.0,2,0,0.001141075688975835,0.02106460233313647,0.07976824045181274,0.9972690343856812,0.0791393406689167,0.00021528452634811401,0.0007646642625331879,0.0011768776923418045,0.0046003831529961405,0.02667496786381745,0.675,0.00458063930273056,21.27714137394013,21.27714137394013,0.6138888888888889,pool=fp32_values_torch_sum_acc_fp32+pooled_rounded_to_nvfp4_e2m1_per16_e4m3_sf,score=fp32_values_torch_matmul_acc_fp32_tf32_disabled
R8,8,0.9,"repr=bf16, pool=fp32+nvfp4/native, score=fp32/native",nvfp4_like,bf16,simulated,1440,0.8864208051450869,0.02693304973988453,0.8479905601443744,0.9397911658653846,0.9945380321805473,0.01222991943359375,0.98828125,3.130859375,0.8864208051450869,0.8873568945839404,0.0,2,0,0.0016686409807018686,0.019943740340769997,0.1319209709763527,0.9925596714019775,0.1318766251206398,0.0004178844392299652,0.001392279751598835,0.002053416892886162,0.005108234839262595,0.025166845173099223,0.6534722222222222,0.0039033032953739166,9.340628482282149,9.340628482282149,0.6118055555555556,pool=fp32_values_torch_sum_acc_fp32+pooled_rounded_to_nvfp4_e2m1_per16_e4m3_sf,score=fp32_values_torch_matmul_acc_fp32_tf32_disabled
R8,8,0.95,"repr=bf16, pool=fp32+nvfp4/native, score=fp32/native",nvfp4_like,bf16,simulated,1440,0.8522331988312231,0.037683637261038294,0.7906914178100619,0.9202223557692307,0.9945380321805473,0.0081024169921875,0.9453125,2.07421875,0.8522331988312231,0.8530066815144766,0.0,1,0,0.002517139782585726,0.018663781481176082,0.21944952756166458,0.9798181056976318,0.21833015233278275,0.0006010495126247406,0.002669881097972393,0.0035113215446472166,0.006130341474569476,0.02639627131483095,0.6347222222222222,0.004985839128494263,8.295221980501168,8.295221980501168,0.6465277777777778,pool=fp32_values_torch_sum_acc_fp32+pooled_rounded_to_nvfp4_e2m1_per16_e4m3_sf,score=fp32_values_torch_matmul_acc_fp32_tf32_disabled
R8,9,0.8,"repr=bf16, pool=fp32+nvfp4/native, score=fp32/native",nvfp4_like,bf16,simulated,1440,0.9195224495410863,0.02352118257745428,0.8798568452412342,0.9580741808252426,0.9928221694906653,0.01686859130859375,0.99609375,4.318359375,0.9195224495410863,0.9189985808376696,0.0,2,0,0.0011975225548816729,0.020577967759002606,0.13465799391269684,0.9922259151935577,0.13423114269971848,0.00034011155366897583,0.0010693799704313278,0.0020974323153495787,0.00499203002771911,0.021740687909596303,0.6805555555555556,0.0031034760177135468,9.124876777147364,9.124876777147364,0.6409722222222223,pool=fp32_values_torch_sum_acc_fp32+pooled_rounded_to_nvfp4_e2m1_per16_e4m3_sf,score=fp32_values_torch_matmul_acc_fp32_tf32_disabled
R8,9,0.9,"repr=bf16, pool=fp32+nvfp4/native, score=fp32/native",nvfp4_like,bf16,simulated,1440,0.8981890774276344,0.03850225928759343,0.8333184286093044,0.9463641826923077,0.9928221694906653,0.010894775390625,0.9765625,2.7890625,0.8981890774276344,0.8980537534754403,0.0,2,0,0.0018730725285764594,0.019304350153261603,0.2175600603222847,0.9811413884162903,0.21634960919618607,0.0002187862992286682,0.0016596615314483643,0.0022972971200942993,0.00453077535148857,0.013305516603458129,0.5923611111111111,0.0026451200246810913,12.089971053975821,12.089971053975821,0.6604166666666667,pool=fp32_values_torch_sum_acc_fp32+pooled_rounded_to_nvfp4_e2m1_per16_e4m3_sf,score=fp32_values_torch_matmul_acc_fp32_tf32_disabled
R8,9,0.95,"repr=bf16, pool=fp32+nvfp4/native, score=fp32/native",nvfp4_like,bf16,simulated,1440,0.8612975391498882,0.05168854090004149,0.7680614810906061,0.9254807692307693,0.9928221694906653,0.007568359375,0.9375,1.9375,0.8612975391498882,0.8615578240805482,0.0,2,0,0.002581033105355567,0.01814908282835565,0.3007700890302658,0.9633122086524963,0.3046976178884506,0.0001751631498336792,0.002631761133670807,0.0027504697442054748,0.004349957162826755,0.012410406409840716,0.5305555555555556,0.00397646427154541,22.701488728200765,22.701488728200765,0.6756944444444445,pool=fp32_values_torch_sum_acc_fp32+pooled_rounded_to_nvfp4_e2m1_per16_e4m3_sf,score=fp32_values_torch_matmul_acc_fp32_tf32_disabled
R9,0,0.8,"repr=nvfp4, pool=fp32+nvfp4/native, score=fp32/native",nvfp4_like,nvfp4,simulated,1440,0.9027619979603487,0.06326424696902333,0.7824044343799642,0.9488963895631068,0.9944995095147537,0.02056121826171875,1.0,5.263671875,0.9027619979603487,0.9155134212342451,0.0,2,0,0.0011201339456768822,0.0246941181054715,0.07077658176422119,0.997859537601471,0.07027759402990341,0.00019588368013501167,0.0031251811888068914,0.0024961437564343216,0.02540012160745636,0.10614970496487866,0.6180555555555556,-5.263090133666992e-05,-0.26868446263820644,0.26868446263820644,0.5069444444444444,pool=fp32_values_torch_sum_acc_fp32+pooled_rounded_to_nvfp4_e2m1_per16_e4m3_sf,score=fp32_values_torch_matmul_acc_fp32_tf32_disabled
R9,0,0.9,"repr=nvfp4, pool=fp32+nvfp4/native, score=fp32/native",nvfp4_like,nvfp4,simulated,1440,0.8686131478908727,0.09022920774985799,0.7085285246743246,0.9296875,0.9944995095147537,0.0142822265625,0.99609375,3.65625,0.8686131478908727,0.8862871538779589,0.0,2,0,0.0015783810294463913,0.02295849941205457,0.11494457721710205,0.9943898618221283,0.11654090136289597,0.00010733306407928467,0.005836585769429803,0.004118155688047409,0.018455160012592682,0.09408373140632176,0.5347222222222222,0.0003285519778728485,3.061050950992642,3.061050950992642,0.5388888888888889,pool=fp32_values_torch_sum_acc_fp32+pooled_rounded_to_nvfp4_e2m1_per16_e4m3_sf,score=fp32_values_torch_matmul_acc_fp32_tf32_disabled
R9,0,0.95,"repr=nvfp4, pool=fp32+nvfp4/native, score=fp32/native",nvfp4_like,nvfp4,simulated,1440,0.8112806932577397,0.13171567148733954,0.6044160051984987,0.8958082932692308,0.9944995095147537,0.01058197021484375,0.98046875,2.708984375,0.8112806932577397,0.823315295644546,0.0,2,0,0.0021686827562488404,0.021009693097013477,0.18813280761241913,0.9842866957187653,0.18720756471157074,0.00024762004613876343,0.009448647499084473,0.004599215462803841,0.0176976168887888,0.0734845605728092,0.5402777777777777,0.0008598044514656067,3.472273205957575,3.472273205957575,0.5777777777777777,pool=fp32_values_torch_sum_acc_fp32+pooled_rounded_to_nvfp4_e2m1_per16_e4m3_sf,score=fp32_values_torch_matmul_acc_fp32_tf32_disabled
R9,1,0.8,"repr=nvfp4, pool=fp32+nvfp4/native, score=fp32/native",nvfp4_like,nvfp4,simulated,1440,0.8985491593764625,0.026018931009210045,0.8423539508081266,0.9465640169902912,0.9944265704802118,0.0214996337890625,1.0,5.50390625,0.8985491593764625,0.9068901309771255,0.0,2,0,0.000985681501717126,0.021698330609285683,0.048890385776758194,0.9989563226699829,0.04689733125269413,0.000549892894923687,0.0014574509114027023,0.0033296253066509964,0.020227986063000872,0.12068143725796945,0.7590277777777777,0.03680944978259504,66.9393078586756,66.9393078586756,0.7875,pool=fp32_values_torch_sum_acc_fp32+pooled_rounded_to_nvfp4_e2m1_per16_e4m3_sf,score=fp32_values_torch_matmul_acc_fp32_tf32_disabled
R9,1,0.9,"repr=nvfp4, pool=fp32+nvfp4/native, score=fp32/native",nvfp4_like,nvfp4,simulated,1440,0.8741377254472157,0.05834691468414577,0.7826581854703716,0.9328425480769231,0.9944265704802118,0.013641357421875,0.9921875,3.4921875,0.8741377254472157,0.8846181071706661,0.0,2,0,0.0015111026599233315,0.02080598287131172,0.09792837500572205,0.9959138333797455,0.09681206569075584,0.0010607792064547539,0.003908527549356222,0.006771470606327057,0.019319744324322572,0.09778922140554586,0.6958333333333333,0.03081461414694786,29.04903674529391,29.04903674529391,0.7597222222222222,pool=fp32_values_torch_sum_acc_fp32+pooled_rounded_to_nvfp4_e2m1_per16_e4m3_sf,score=fp32_values_torch_matmul_acc_fp32_tf32_disabled
R9,1,0.95,"repr=nvfp4, pool=fp32+nvfp4/native, score=fp32/native",nvfp4_like,nvfp4,simulated,1440,0.8549432264500326,0.06950491558108929,0.7178769201727686,0.9217998798076923,0.9944265704802118,0.00794219970703125,0.953125,2.033203125,0.8549432264500326,0.8678265749964922,0.0,2,0,0.0023914707145881136,0.019105347054162156,0.19602053612470627,0.983870804309845,0.1912045031785965,0.0016826987266540527,0.007634313777089119,0.012169083207845688,0.020852492050789956,0.0808173677562999,0.6791666666666667,0.01578417420387268,9.38027345825511,9.38027345825511,0.7263888888888889,pool=fp32_values_torch_sum_acc_fp32+pooled_rounded_to_nvfp4_e2m1_per16_e4m3_sf,score=fp32_values_torch_matmul_acc_fp32_tf32_disabled
R9,10,0.8,"repr=nvfp4, pool=fp32+nvfp4/native, score=fp32/native",nvfp4_like,nvfp4,simulated,1440,0.9164183443564212,0.03260045948728996,0.8377474212433789,0.9563865291262136,0.9926134718539037,0.017547607421875,1.0,4.4921875,0.9164183443564212,0.9179517046026274,0.0,3,0,0.0011285735961880602,0.02062121307450065,0.15945837646722794,0.9892562925815582,0.1598263755440712,0.00012537464499473572,0.0011890940368175507,0.0010933011770248413,0.004311913594937568,0.016534832187442748,0.5631944444444444,0.00029714033007621765,2.370019313623533,2.370019313623533,0.5055555555555555,pool=fp32_values_torch_sum_acc_fp32+pooled_rounded_to_nvfp4_e2m1_per16_e4m3_sf,score=fp32_values_torch_matmul_acc_fp32_tf32_disabled
R9,10,0.9,"repr=nvfp4, pool=fp32+nvfp4/native, score=fp32/native",nvfp4_like,nvfp4,simulated,1440,0.8890307932453526,0.05891110889219675,0.7807504514748177,0.9412560096153846,0.9926134718539037,0.011932373046875,0.984375,3.0546875,0.8890307932453526,0.8906405340150547,0.0,2,0,0.0016064343841063903,0.019289506416840525,0.2501899302005768,0.9744557738304138,0.25124941766262054,-0.00012704730033874512,0.002217404544353485,0.0016789406538009644,0.0045580622031791505,0.01743174402282757,0.4701388888888889,-0.0004589557647705078,3.61247947454844,3.61247947454844,0.48125,pool=fp32_values_torch_sum_acc_fp32+pooled_rounded_to_nvfp4_e2m1_per16_e4m3_sf,score=fp32_values_torch_matmul_acc_fp32_tf32_disabled
R9,10,0.95,"repr=nvfp4, pool=fp32+nvfp4/native, score=fp32/native",nvfp4_like,nvfp4,simulated,1440,0.8376587870900221,0.07555697555066743,0.7139068256906183,0.9116586538461539,0.9926134718539037,0.00897216796875,0.95703125,2.296875,0.8376587870900221,0.8400718865970971,0.0,2,0,0.002247923241021383,0.018104221915823365,0.351349800825119,0.9494753777980804,0.35242003202438354,-0.0006024390459060669,0.003849595785140991,0.0018661379814147948,0.005017153974065981,0.01894758455082656,0.40347222222222223,-0.0014592409133911133,2.422221672561775,2.422221672561775,0.4756944444444444,pool=fp32_values_torch_sum_acc_fp32+pooled_rounded_to_nvfp4_e2m1_per16_e4m3_sf,score=fp32_values_torch_matmul_acc_fp32_tf32_disabled
R9,11,0.8,"repr=nvfp4, pool=fp32+nvfp4/native, score=fp32/native",nvfp4_like,nvfp4,simulated,1440,0.9152351552569457,0.0244984582287906,0.849130507913979,0.9557418082524272,0.9952855572866324,0.0178070068359375,1.0,4.55859375,0.9152351552569457,0.9170104879194951,0.0,3,0,0.001144430329551185,0.021131572067847958,0.12166964635252953,0.9936069846153259,0.12106186151504517,0.0001803375780582428,0.0010846126824617386,0.0017255701124668122,0.0045243471950273135,0.021280264804626112,0.6125,0.002515088766813278,13.946559524055445,13.946559524055445,0.5840277777777778,pool=fp32_values_torch_sum_acc_fp32+pooled_rounded_to_nvfp4_e2m1_per16_e4m3_sf,score=fp32_values_torch_matmul_acc_fp32_tf32_disabled
R9,11,0.9,"repr=nvfp4, pool=fp32+nvfp4/native, score=fp32/native",nvfp4_like,nvfp4,simulated,1440,0.8915136253487159,0.04724397523988855,0.8059781003694194,0.9426457331730769,0.9952855572866324,0.01165008544921875,0.984375,2.982421875,0.8915136253487159,0.8938682600654432,0.0,3,0,0.001753716815954506,0.020085594553101816,0.19014302641153336,0.984554797410965,0.1893426701426506,0.00025366246700286865,0.001516411080956459,0.0021792635321617126,0.004477395705264469,0.016556718927101567,0.6,0.0015982091426849365,6.300534570874699,6.300534570874699,0.5784722222222223,pool=fp32_values_torch_sum_acc_fp32+pooled_rounded_to_nvfp4_e2m1_per16_e4m3_sf,score=fp32_values_torch_matmul_acc_fp32_tf32_disabled
R9,11,0.95,"repr=nvfp4, pool=fp32+nvfp4/native, score=fp32/native",nvfp4_like,nvfp4,simulated,1440,0.8428739618994264,0.06920073317383735,0.7562005277044855,0.9147385817307692,0.9952855572866324,0.00865936279296875,0.9609375,2.216796875,0.8428739618994264,0.844789356984479,0.0,2,0,0.002463373914175237,0.0188419236179243,0.28191813826560974,0.9648192226886749,0.28312958776950836,7.769465446472168e-05,0.0030754506587982178,0.0028621554374694824,0.005433812726855045,0.017221171842921632,0.5284722222222222,0.0018422901630401611,23.71192942079018,23.71192942079018,0.5881944444444445,pool=fp32_values_torch_sum_acc_fp32+pooled_rounded_to_nvfp4_e2m1_per16_e4m3_sf,score=fp32_values_torch_matmul_acc_fp32_tf32_disabled
R9,12,0.8,"repr=nvfp4, pool=fp32+nvfp4/native, score=fp32/native",nvfp4_like,nvfp4,simulated,1440,0.9107246376811594,0.03348584305413704,0.8245257510400664,0.9532766990291263,0.9947524108637725,0.018798828125,1.0,4.8125,0.9107246376811594,0.913011934559437,0.0,2,0,0.0011228016536718004,0.02152903926276512,0.09640376269817352,0.9960034191608429,0.09641782939434052,0.00019966624677181244,0.0009231492877006531,0.001077806204557419,0.005785795870702635,0.02325394632528909,0.6270833333333333,0.004012908786535263,20.09808293297262,20.09808293297262,0.6013888888888889,pool=fp32_values_torch_sum_acc_fp32+pooled_rounded_to_nvfp4_e2m1_per16_e4m3_sf,score=fp32_values_torch_matmul_acc_fp32_tf32_disabled
R9,12,0.9,"repr=nvfp4, pool=fp32+nvfp4/native, score=fp32/native",nvfp4_like,nvfp4,simulated,1440,0.8840179763882188,0.05383807702231469,0.7742887054166528,0.9384390024038461,0.9947524108637725,0.01250457763671875,0.98828125,3.201171875,0.8840179763882188,0.8864208051450869,0.0,2,0,0.0017683823789727848,0.02046861819978653,0.1590138077735901,0.9894043803215027,0.15933052450418472,0.00028508901596069336,0.0017472673207521439,0.0017664156854152679,0.006152417763013088,0.022909538792465704,0.5861111111111111,0.0035111717879772186,12.316054254651892,12.316054254651892,0.6069444444444444,pool=fp32_values_torch_sum_acc_fp32+pooled_rounded_to_nvfp4_e2m1_per16_e4m3_sf,score=fp32_values_torch_matmul_acc_fp32_tf32_disabled
R9,12,0.95,"repr=nvfp4, pool=fp32+nvfp4/native, score=fp32/native",nvfp4_like,nvfp4,simulated,1440,0.8441504556166648,0.08601340356281517,0.7050709429887891,0.9154897836538461,0.9947524108637725,0.00858306884765625,0.95703125,2.197265625,0.8441504556166648,0.8468368479467259,0.0,2,0,0.002538124746638532,0.01927909917268846,0.2477768212556839,0.9741087853908539,0.24781609326601028,0.0003242567181587219,0.0033110715448856354,0.0031103894114494325,0.006667753409599364,0.02701825342369189,0.5631944444444444,0.004735223948955536,14.603317938466487,14.603317938466487,0.6326388888888889,pool=fp32_values_torch_sum_acc_fp32+pooled_rounded_to_nvfp4_e2m1_per16_e4m3_sf,score=fp32_values_torch_matmul_acc_fp32_tf32_disabled
R9,13,0.8,"repr=nvfp4, pool=fp32+nvfp4/native, score=fp32/native",nvfp4_like,nvfp4,simulated,1440,0.927485380116959,0.03627736429943296,0.8392023279379954,0.962378640776699,0.9933488211142942,0.01513671875,0.99609375,3.875,0.927485380116959,0.9287542974178918,0.0,3,0,0.0012897254743969445,0.020147852725899355,0.12595757097005844,0.9930686056613922,0.1258113533258438,1.6592442989349365e-05,0.0008636070415377617,0.0007873069494962692,0.0037095813158067774,0.014962157359525103,0.5166666666666667,0.0006522834300994873,39.312079030085314,39.312079030085314,0.5486111111111112,pool=fp32_values_torch_sum_acc_fp32+pooled_rounded_to_nvfp4_e2m1_per16_e4m3_sf,score=fp32_values_torch_matmul_acc_fp32_tf32_disabled
R9,13,0.9,"repr=nvfp4, pool=fp32+nvfp4/native, score=fp32/native",nvfp4_like,nvfp4,simulated,1440,0.8932622246156796,0.06227704480268459,0.7955098780696105,0.9436222956730769,0.9933488211142942,0.01145172119140625,0.984375,2.931640625,0.8932622246156796,0.8950815004626664,0.0,2,0,0.0016950579155340202,0.01911247271484355,0.1957760900259018,0.9829992651939392,0.19571303576231003,-8.574873208999634e-05,0.0017020776867866516,0.001391245424747467,0.004538144140666867,0.013737359098114263,0.47152777777777777,0.0007043778896331787,-8.214440872360761,8.214440872360761,0.5416666666666666,pool=fp32_values_torch_sum_acc_fp32+pooled_rounded_to_nvfp4_e2m1_per16_e4m3_sf,score=fp32_values_torch_matmul_acc_fp32_tf32_disabled
R9,13,0.95,"repr=nvfp4, pool=fp32+nvfp4/native, score=fp32/native",nvfp4_like,nvfp4,simulated,1440,0.8273164035689774,0.07227645715480258,0.7315071399671723,0.9054987980769231,0.9933488211142942,0.0095977783203125,0.96875,2.45703125,0.8273164035689774,0.829828178694158,0.0,2,0,0.0020914292711501454,0.018344941951950917,0.29911157488822937,0.9604603350162506,0.2993738353252411,-0.0006389319896697998,0.002820312976837158,0.0020198509097099303,0.005125782251402356,0.016268195626407973,0.38125,0.00103093683719635,-1.613531414711507,1.613531414711507,0.5402777777777777,pool=fp32_values_torch_sum_acc_fp32+pooled_rounded_to_nvfp4_e2m1_per16_e4m3_sf,score=fp32_values_torch_matmul_acc_fp32_tf32_disabled
R9,14,0.8,"repr=nvfp4, pool=fp32+nvfp4/native, score=fp32/native",nvfp4_like,nvfp4,simulated,1440,0.9161398154203909,0.03126270029350264,0.8796960484928695,0.9562348300970874,0.9940223343860022,0.017608642578125,0.99609375,4.5078125,0.9161398154203909,0.9179865802563727,0.0,2,0,0.001185880564503691,0.021129891511228682,0.1443437859416008,0.9913517236709595,0.14414198696613312,0.0001245439052581787,0.0009726053103804588,0.0010367870330810548,0.0036720810131204294,0.013181393703282692,0.5673611111111111,0.001242227852344513,9.974216319693706,9.974216319693706,0.5791666666666667,pool=fp32_values_torch_sum_acc_fp32+pooled_rounded_to_nvfp4_e2m1_per16_e4m3_sf,score=fp32_values_torch_matmul_acc_fp32_tf32_disabled
R9,14,0.9,"repr=nvfp4, pool=fp32+nvfp4/native, score=fp32/native",nvfp4_like,nvfp4,simulated,1440,0.8872231106463664,0.037327757133655104,0.8303313625739035,0.9402418870192307,0.9940223343860022,0.01213836669921875,0.98828125,3.107421875,0.8872231106463664,0.8888967719049308,0.0,2,0,0.00164337920655728,0.020172844260032602,0.2129272073507309,0.9815165996551514,0.2123768925666809,3.3624470233917236e-05,0.0013979971408843994,0.0014191403985023498,0.0034941438945159855,0.011149327446516229,0.5104166666666666,0.0013737007975578308,40.85419898072236,40.85419898072236,0.5854166666666667,pool=fp32_values_torch_sum_acc_fp32+pooled_rounded_to_nvfp4_e2m1_per16_e4m3_sf,score=fp32_values_torch_matmul_acc_fp32_tf32_disabled
R9,14,0.95,"repr=nvfp4, pool=fp32+nvfp4/native, score=fp32/native",nvfp4_like,nvfp4,simulated,1440,0.8422363686686963,0.06024637787764153,0.7557256956888914,0.9143629807692307,0.9940223343860022,0.008697509765625,0.953125,2.2265625,0.8422363686686963,0.8453008394502919,0.0,2,0,0.002248531775982739,0.01886084812475298,0.2919054478406906,0.9649232029914856,0.29282447695732117,-0.00017656385898590088,0.0023931749165058136,0.0019264370203018188,0.004089476228371646,0.012979548963549659,0.44930555555555557,0.002437800168991089,-13.80690353616339,13.80690353616339,0.6215277777777778,pool=fp32_values_torch_sum_acc_fp32+pooled_rounded_to_nvfp4_e2m1_per16_e4m3_sf,score=fp32_values_torch_matmul_acc_fp32_tf32_disabled
R9,15,0.8,"repr=nvfp4, pool=fp32+nvfp4/native, score=fp32/native",nvfp4_like,nvfp4,simulated,1440,0.9050990740099174,0.053897556360005816,0.8112969066841706,0.9501858313106797,0.9948344855707509,0.02004241943359375,1.0,5.130859375,0.9050990740099174,0.9072349661345431,0.0,2,0,0.0010437385095944166,0.021893085377244468,0.1857941895723343,0.9856770634651184,0.1864970475435257,-1.3031065464019775e-05,0.0014430694282054901,0.002188897132873535,0.004079042998460656,0.016860856960639083,0.4895833333333333,-0.0015026703476905823,115.31446540880503,115.31446540880503,0.39305555555555555,pool=fp32_values_torch_sum_acc_fp32+pooled_rounded_to_nvfp4_e2m1_per16_e4m3_sf,score=fp32_values_torch_matmul_acc_fp32_tf32_disabled
R9,15,0.9,"repr=nvfp4, pool=fp32+nvfp4/native, score=fp32/native",nvfp4_like,nvfp4,simulated,1440,0.86959727768139,0.0669942427669431,0.7632839058080079,0.9302509014423077,0.9948344855707509,0.01416778564453125,0.98828125,3.626953125,0.86959727768139,0.8718976305983267,0.0,2,0,0.0015052312295927859,0.021069868453022333,0.2696317434310913,0.9704684317111969,0.26940159499645233,-0.0002882257103919983,0.00215255469083786,0.0025992393493652344,0.0039934413092382656,0.016584889951669176,0.4215277777777778,-0.0022393018007278442,7.769264572831847,7.769264572831847,0.4131944444444444,pool=fp32_values_torch_sum_acc_fp32+pooled_rounded_to_nvfp4_e2m1_per16_e4m3_sf,score=fp32_values_torch_matmul_acc_fp32_tf32_disabled
R9,15,0.95,"repr=nvfp4, pool=fp32+nvfp4/native, score=fp32/native",nvfp4_like,nvfp4,simulated,1440,0.8079587124813256,0.07491436526132034,0.7066666666666667,0.8937800480769231,0.9948344855707509,0.0107879638671875,0.97265625,2.76171875,0.8079587124813256,0.8117727201967867,0.0,2,0,0.0020140303384590568,0.020085404576557556,0.3757520616054535,0.9424782693386078,0.37830474972724915,-0.0008674710988998413,0.003459520637989044,0.0022401273250579833,0.004756018891246248,0.014030740944386343,0.35208333333333336,-0.0019715577363967896,2.272764751352744,2.272764751352744,0.48333333333333334,pool=fp32_values_torch_sum_acc_fp32+pooled_rounded_to_nvfp4_e2m1_per16_e4m3_sf,score=fp32_values_torch_matmul_acc_fp32_tf32_disabled
R9,16,0.8,"repr=nvfp4, pool=fp32+nvfp4/native, score=fp32/native",nvfp4_like,nvfp4,simulated,1440,0.9099980086305619,0.03357189754355794,0.8218500466823577,0.9528784890776699,0.9936824440117411,0.01895904541015625,1.0,4.853515625,0.9099980086305619,0.9119022586375666,0.0,4,0,0.0011562776060636297,0.022951914784973278,0.12071967497467995,0.994096577167511,0.12059247121214867,0.00010277610272169113,0.0011786483228206635,0.0009153250604867936,0.005666545681554804,0.0213721531589445,0.5590277777777778,0.0018273144960403442,17.779565946264327,17.779565946264327,0.6208333333333333,pool=fp32_values_torch_sum_acc_fp32+pooled_rounded_to_nvfp4_e2m1_per16_e4m3_sf,score=fp32_values_torch_matmul_acc_fp32_tf32_disabled
R9,16,0.9,"repr=nvfp4, pool=fp32+nvfp4/native, score=fp32/native",nvfp4_like,nvfp4,simulated,1440,0.8758542943704644,0.061507113787436785,0.7637161224623491,0.9338191105769231,0.9936824440117411,0.0134429931640625,0.9921875,3.44140625,0.8758542943704644,0.8783025879662915,0.0,3,0,0.0016262872822143974,0.0218170720685188,0.19340024888515472,0.9845010340213776,0.19393815845251083,0.00012235715985298157,0.002186782658100128,0.0011506855487823486,0.0055860925427668445,0.018324957221337156,0.5444444444444444,0.0025032982230186462,20.45894352260618,20.45894352260618,0.6201388888888889,pool=fp32_values_torch_sum_acc_fp32+pooled_rounded_to_nvfp4_e2m1_per16_e4m3_sf,score=fp32_values_torch_matmul_acc_fp32_tf32_disabled
R9,16,0.95,"repr=nvfp4, pool=fp32+nvfp4/native, score=fp32/native",nvfp4_like,nvfp4,simulated,1440,0.8188277087033747,0.0973737147766095,0.6962283384301733,0.900390625,0.9936824440117411,0.0101165771484375,0.96875,2.58984375,0.8188277087033747,0.8210670314637483,0.0,2,0,0.0023655111122259844,0.020658758445555432,0.28235702216625214,0.9666839838027954,0.2846301794052124,-8.264556527137756e-06,0.003496795892715454,0.002073042094707489,0.006411140343593103,0.020319215183002885,0.4986111111111111,0.004296109080314636,-519.8233040342574,519.8233040342574,0.6305555555555555,pool=fp32_values_torch_sum_acc_fp32+pooled_rounded_to_nvfp4_e2m1_per16_e4m3_sf,score=fp32_values_torch_matmul_acc_fp32_tf32_disabled
R9,17,0.8,"repr=nvfp4, pool=fp32+nvfp4/native, score=fp32/native",nvfp4_like,nvfp4,simulated,1440,0.9094101886382563,0.022763130868775905,0.8499964919666037,0.9525561286407767,0.9946121905630889,0.0190887451171875,1.0,4.88671875,0.9094101886382563,0.9120062366923667,0.0,2,0,0.0011513774325648941,0.022380902458083156,0.07543005421757698,0.9974642097949982,0.07429240271449089,0.0004773903638124466,0.0011882344260811806,0.0035413354635238647,0.010383164849382408,0.03801305109930997,0.7527777777777778,0.010801129043102264,22.625360421698264,22.625360421698264,0.8027777777777778,pool=fp32_values_torch_sum_acc_fp32+pooled_rounded_to_nvfp4_e2m1_per16_e4m3_sf,score=fp32_values_torch_matmul_acc_fp32_tf32_disabled
R9,17,0.9,"repr=nvfp4, pool=fp32+nvfp4/native, score=fp32/native",nvfp4_like,nvfp4,simulated,1440,0.8878252854002694,0.0340466002550226,0.8095561748113914,0.9405799278846154,0.9946121905630889,0.0120697021484375,0.98828125,3.08984375,0.8878252854002694,0.8914464336459221,0.0,2,0,0.001825078644272526,0.02107041505206216,0.1427772492170334,0.9909656643867493,0.14164262264966965,0.0005647819489240646,0.0018295524641871452,0.002622909098863602,0.008181789757269898,0.0298652285777961,0.6923611111111111,0.007830053567886353,13.863852381973187,13.863852381973187,0.80625,pool=fp32_values_torch_sum_acc_fp32+pooled_rounded_to_nvfp4_e2m1_per16_e4m3_sf,score=fp32_values_torch_matmul_acc_fp32_tf32_disabled
R9,17,0.95,"repr=nvfp4, pool=fp32+nvfp4/native, score=fp32/native",nvfp4_like,nvfp4,simulated,1440,0.8639036684402128,0.0511569949650682,0.7562005277044855,0.9269831730769231,0.9946121905630889,0.007415771484375,0.9453125,1.8984375,0.8639036684402128,0.8686131386861314,0.0,2,0,0.002857551615935367,0.01924692132270055,0.22814340889453888,0.9775303304195404,0.22790737450122833,0.0005406960844993591,0.0027883993461728096,0.00311322920024395,0.00672440171167255,0.022545780341773968,0.61875,0.0090741366147995,16.78232351765857,16.78232351765857,0.8291666666666667,pool=fp32_values_torch_sum_acc_fp32+pooled_rounded_to_nvfp4_e2m1_per16_e4m3_sf,score=fp32_values_torch_matmul_acc_fp32_tf32_disabled
R9,18,0.8,"repr=nvfp4, pool=fp32+nvfp4/native, score=fp32/native",nvfp4_like,nvfp4,simulated,1440,0.9010814708002884,0.03868202866744419,0.8341074948192496,0.9479672330097088,0.9879504101233556,0.02093505859375,1.0,5.359375,0.9010814708002884,0.9029336412513983,0.0,4,0,0.0010248487727830477,0.022363794723143128,0.22301147133111954,0.9803052842617035,0.2202441394329071,0.0008308403193950653,0.004300352185964584,0.007800871133804321,0.009023298781803376,0.03700915838948773,0.6541666666666667,0.007826369255781174,9.419823608800728,9.419823608800728,0.675,pool=fp32_values_torch_sum_acc_fp32+pooled_rounded_to_nvfp4_e2m1_per16_e4m3_sf,score=fp32_values_torch_matmul_acc_fp32_tf32_disabled
R9,18,0.9,"repr=nvfp4, pool=fp32+nvfp4/native, score=fp32/native",nvfp4_like,nvfp4,simulated,1440,0.8911105610385719,0.07937227973603689,0.7715850558615825,0.9424203725961539,0.9879504101233556,0.01169586181640625,0.984375,2.994140625,0.8911105610385719,0.8925220358259881,0.0,2,0,0.0018098458916863697,0.021289540093246764,0.35026006400585175,0.9525689780712128,0.3500274121761322,0.0003633350133895874,0.004217870533466339,0.008108003437519074,0.00625456919198207,0.025035834637564973,0.5611111111111111,0.0061153993010520935,16.831296395029323,16.831296395029323,0.70625,pool=fp32_values_torch_sum_acc_fp32+pooled_rounded_to_nvfp4_e2m1_per16_e4m3_sf,score=fp32_values_torch_matmul_acc_fp32_tf32_disabled
R9,18,0.95,"repr=nvfp4, pool=fp32+nvfp4/native, score=fp32/native",nvfp4_like,nvfp4,simulated,1440,0.8336088154269973,0.09086071018218034,0.7196633545256563,0.9092548076923077,0.9879504101233556,0.00921630859375,0.96875,2.359375,0.8336088154269973,0.8353784640838274,0.0,2,0,0.0022912665288762893,0.019685640224380192,0.5266557037830353,0.8945476710796356,0.5342652797698975,-0.00019972026348114014,0.0044412314891815186,0.006247228384017945,0.004819240351968447,0.017480577430904587,0.4638888888888889,0.011113479733467102,-55.64522868014624,55.64522868014624,0.7548611111111111,pool=fp32_values_torch_sum_acc_fp32+pooled_rounded_to_nvfp4_e2m1_per16_e4m3_sf,score=fp32_values_torch_matmul_acc_fp32_tf32_disabled
R9,19,0.8,"repr=nvfp4, pool=fp32+nvfp4/native, score=fp32/native",nvfp4_like,nvfp4,simulated,1440,0.9112093646939441,0.031401433632617604,0.8660905914592185,0.9535421723300971,0.9914815309259579,0.0186920166015625,1.0,4.78515625,0.9112093646939441,0.9136366960389118,0.0,2,0,0.0011687916847368434,0.021902098939833237,0.10293552279472351,0.9957444369792938,0.10232561081647873,0.00028467364609241486,0.0010589398443698883,0.0014445729553699493,0.006376519881348302,0.03570295801196628,0.6409722222222223,0.006147738546133041,21.59574175734298,21.59574175734298,0.6854166666666667,pool=fp32_values_torch_sum_acc_fp32+pooled_rounded_to_nvfp4_e2m1_per16_e4m3_sf,score=fp32_values_torch_matmul_acc_fp32_tf32_disabled
R9,19,0.9,"repr=nvfp4, pool=fp32+nvfp4/native, score=fp32/native",nvfp4_like,nvfp4,simulated,1440,0.8893659321945572,0.05282266016709569,0.807203975823769,0.9414438100961539,0.9914815309259579,0.01189422607421875,0.98828125,3.044921875,0.8893659321945572,0.8916480183026485,0.0,2,0,0.0017788212068432685,0.020652672254878178,0.16342637687921524,0.989353209733963,0.16218668222427368,0.00041692331433296204,0.0016399193555116653,0.0023981332778930664,0.006181781419606218,0.02892983575405565,0.6423611111111112,0.005120918154716492,12.28263802639456,12.28263802639456,0.7069444444444445,pool=fp32_values_torch_sum_acc_fp32+pooled_rounded_to_nvfp4_e2m1_per16_e4m3_sf,score=fp32_values_torch_matmul_acc_fp32_tf32_disabled
R9,19,0.95,"repr=nvfp4, pool=fp32+nvfp4/native, score=fp32/native",nvfp4_like,nvfp4,simulated,1440,0.8404534771187613,0.061871470584938804,0.7487832081839194,0.9133112980769231,0.9914815309259579,0.0088043212890625,0.96484375,2.25390625,0.8404534771187613,0.8435119789502838,0.0,2,0,0.002367991295357783,0.01940600727352571,0.24197912216186523,0.9761106669902802,0.24424979090690613,0.00043602660298347473,0.003054797649383545,0.003675566613674164,0.006667356662545913,0.02444449716070893,0.5826388888888889,0.007695801556110382,17.649844077064376,17.649844077064376,0.7520833333333333,pool=fp32_values_torch_sum_acc_fp32+pooled_rounded_to_nvfp4_e2m1_per16_e4m3_sf,score=fp32_values_torch_matmul_acc_fp32_tf32_disabled
R9,2,0.8,"repr=nvfp4, pool=fp32+nvfp4/native, score=fp32/native",nvfp4_like,nvfp4,simulated,1440,0.9058564181066193,0.01993894771522431,0.8728503125535976,0.9506030036407767,0.9944965629169715,0.01987457275390625,1.0,5.087890625,0.9058564181066193,0.9134283951961104,0.0,2,0,0.0009751327048517261,0.02012139801253847,0.054118214175105095,0.9986287355422974,0.05215287208557129,0.00039082160219550133,0.0012653054436668754,0.0033701591193675993,0.010319475449141715,0.07193065038365276,0.7444444444444445,0.026729879900813103,68.39406969997009,68.39406969997009,0.7083333333333334,pool=fp32_values_torch_sum_acc_fp32+pooled_rounded_to_nvfp4_e2m1_per16_e4m3_sf,score=fp32_values_torch_matmul_acc_fp32_tf32_disabled
R9,2,0.9,"repr=nvfp4, pool=fp32+nvfp4/native, score=fp32/native",nvfp4_like,nvfp4,simulated,1440,0.8846181071706661,0.038573124148249316,0.7806849914595583,0.9387770432692307,0.9944965629169715,0.0124359130859375,0.9921875,3.18359375,0.8846181071706661,0.8945420906567992,0.0,2,0,0.0015467086815550966,0.019100995824211296,0.1136154904961586,0.9941429197788239,0.10970661789178848,0.0011172331869602203,0.003819732926785946,0.008893052488565445,0.014779345331248,0.08350719968902401,0.76875,0.01988828182220459,17.801370433970757,17.801370433970757,0.6923611111111111,pool=fp32_values_torch_sum_acc_fp32+pooled_rounded_to_nvfp4_e2m1_per16_e4m3_sf,score=fp32_values_torch_matmul_acc_fp32_tf32_disabled
R9,2,0.95,"repr=nvfp4, pool=fp32+nvfp4/native, score=fp32/native",nvfp4_like,nvfp4,simulated,1440,0.8527487821851079,0.06648307098588446,0.6882581607179415,0.9205228365384616,0.9944965629169715,0.0080718994140625,0.953125,2.06640625,0.8527487821851079,0.8641646828175326,0.0,1,0,0.0023730480337720325,0.017472147147395856,0.24664516746997833,0.975774347782135,0.24632468074560165,0.0018034949898719788,0.0059896670281887054,0.010063447058200836,0.01557245477366581,0.07956264791382545,0.7104166666666667,0.01628224551677704,9.028162322720306,9.028162322720306,0.6923611111111111,pool=fp32_values_torch_sum_acc_fp32+pooled_rounded_to_nvfp4_e2m1_per16_e4m3_sf,score=fp32_values_torch_matmul_acc_fp32_tf32_disabled
R9,20,0.8,"repr=nvfp4, pool=fp32+nvfp4/native, score=fp32/native",nvfp4_like,nvfp4,simulated,1440,0.9145398438918134,0.017444441488876916,0.8911213835166694,0.9553625606796117,0.9940366479832679,0.0179595947265625,1.0,4.59765625,0.9145398438918134,0.919452583940227,0.0,3,0,0.0011714808078827621,0.02151382386840498,0.04303275607526302,0.9991374611854553,0.043014874681830406,0.0003673303872346878,0.0008589467033743858,0.001586262509226799,0.011861619089388034,0.0720944322358207,0.7847222222222222,0.03679213626310229,100.16088388460973,100.16088388460973,0.9138888888888889,pool=fp32_values_torch_sum_acc_fp32+pooled_rounded_to_nvfp4_e2m1_per16_e4m3_sf,score=fp32_values_torch_matmul_acc_fp32_tf32_disabled
R9,20,0.9,"repr=nvfp4, pool=fp32+nvfp4/native, score=fp32/native",nvfp4_like,nvfp4,simulated,1440,0.8907076684704917,0.035663926441456884,0.8535162441044795,0.9421950120192307,0.9940366479832679,0.01174163818359375,0.98828125,3.005859375,0.8907076684704917,0.8996789154477346,0.0,3,0,0.0018198550607557494,0.02016180326124767,0.08641711995005608,0.996792733669281,0.08442166447639465,0.0006010197103023529,0.0014300888869911432,0.003024648129940033,0.01083379690676637,0.06428553061115407,0.7659722222222223,0.025688549503684044,42.74160907428642,42.74160907428642,0.9083333333333333,pool=fp32_values_torch_sum_acc_fp32+pooled_rounded_to_nvfp4_e2m1_per16_e4m3_sf,score=fp32_values_torch_matmul_acc_fp32_tf32_disabled
R9,20,0.95,"repr=nvfp4, pool=fp32+nvfp4/native, score=fp32/native",nvfp4_like,nvfp4,simulated,1440,0.8599972055330446,0.03969481121374685,0.7892352889324334,0.9247295673076923,0.9940366479832679,0.0076446533203125,0.951171875,1.95703125,0.8599972055330446,0.8673025669799411,0.0,2,0,0.0026231938438412736,0.018497554835717606,0.15621501207351685,0.9892857670783997,0.15579777210950851,0.0011388445273041725,0.002695611212402582,0.005096434056758881,0.012313179535937314,0.0694773220455426,0.7673611111111112,0.024012617766857147,21.085071044507597,21.085071044507597,0.9090277777777778,pool=fp32_values_torch_sum_acc_fp32+pooled_rounded_to_nvfp4_e2m1_per16_e4m3_sf,score=fp32_values_torch_matmul_acc_fp32_tf32_disabled
R9,21,0.8,"repr=nvfp4, pool=fp32+nvfp4/native, score=fp32/native",nvfp4_like,nvfp4,simulated,1440,0.902247231540598,0.01878774441603559,0.8642369209210727,0.9486119538834952,0.9945157841681364,0.0206756591796875,1.0,5.29296875,0.902247231540598,0.9059597383353211,0.0,2,0,0.001021631844806433,0.02152333020210044,0.07251109927892685,0.9978311359882355,0.07172318547964096,0.000525415875017643,0.0014696135185658932,0.0034391149878501893,0.012588682580396408,0.056102833191384205,0.7736111111111111,0.02748526819050312,52.31145364532465,52.31145364532465,0.8375,pool=fp32_values_torch_sum_acc_fp32+pooled_rounded_to_nvfp4_e2m1_per16_e4m3_sf,score=fp32_values_torch_matmul_acc_fp32_tf32_disabled
R9,21,0.9,"repr=nvfp4, pool=fp32+nvfp4/native, score=fp32/native",nvfp4_like,nvfp4,simulated,1440,0.8914464336459221,0.042022346096424634,0.8115878328280941,0.9426081730769231,0.9945157841681364,0.01165771484375,0.98828125,2.984375,0.8914464336459221,0.8968367056141351,0.0,2,0,0.0017727054917591818,0.020314930485562432,0.13100384175777435,0.9931409358978271,0.12938550114631653,0.0009339237585663795,0.0025046467781066895,0.00447907317429781,0.010891083297817107,0.07692184049668051,0.7354166666666667,0.018146798014640808,19.430706038035765,19.430706038035765,0.8520833333333333,pool=fp32_values_torch_sum_acc_fp32+pooled_rounded_to_nvfp4_e2m1_per16_e4m3_sf,score=fp32_values_torch_matmul_acc_fp32_tf32_disabled
R9,21,0.95,"repr=nvfp4, pool=fp32+nvfp4/native, score=fp32/native",nvfp4_like,nvfp4,simulated,1440,0.861688002949365,0.049460082732004196,0.7656461545696348,0.9257061298076923,0.9945157841681364,0.00754547119140625,0.9453125,1.931640625,0.861688002949365,0.8673025669799411,0.0,2,0,0.002612945264455056,0.018336299499100865,0.22546881437301636,0.9788212776184082,0.22706419974565506,0.0014003794640302658,0.0036183446645736694,0.005716164410114288,0.009539167059061186,0.058021650418552284,0.7083333333333334,0.02096576988697052,14.97149196020872,14.97149196020872,0.8729166666666667,pool=fp32_values_torch_sum_acc_fp32+pooled_rounded_to_nvfp4_e2m1_per16_e4m3_sf,score=fp32_values_torch_matmul_acc_fp32_tf32_disabled
R9,22,0.8,"repr=nvfp4, pool=fp32+nvfp4/native, score=fp32/native",nvfp4_like,nvfp4,simulated,1440,0.8999171404852186,0.03944754324092603,0.8017544034469213,0.9473225121359223,0.9933638554529871,0.0211944580078125,1.0,5.42578125,0.8999171404852186,0.9021786178040687,0.0,3,0,0.0011157038518331771,0.02406966898565788,0.22634083032608032,0.9811044931411743,0.22563116997480392,0.0002816440537571907,0.002482498064637184,0.004421103000640869,0.007821342830538586,0.023144098204132806,0.5875,0.003630220890045166,12.889392982444537,12.889392982444537,0.5805555555555556,pool=fp32_values_torch_sum_acc_fp32+pooled_rounded_to_nvfp4_e2m1_per16_e4m3_sf,score=fp32_values_torch_matmul_acc_fp32_tf32_disabled
R9,22,0.9,"repr=nvfp4, pool=fp32+nvfp4/native, score=fp32/native",nvfp4_like,nvfp4,simulated,1440,0.8806244260789715,0.07690751694593467,0.7367820566778855,0.9365234375,0.9933638554529871,0.0128936767578125,0.98828125,3.30078125,0.8806244260789715,0.8834182229767968,0.0,2,0,0.0018094427251882472,0.022525450421183636,0.3460233211517334,0.9603152573108673,0.34548625349998474,0.00017274543642997742,0.004051368683576584,0.0037652164697647094,0.006850889856724018,0.020105490441736304,0.51875,0.003652818500995636,21.14567294214056,21.14567294214056,0.6118055555555556,pool=fp32_values_torch_sum_acc_fp32+pooled_rounded_to_nvfp4_e2m1_per16_e4m3_sf,score=fp32_values_torch_matmul_acc_fp32_tf32_disabled
R9,22,0.95,"repr=nvfp4, pool=fp32+nvfp4/native, score=fp32/native",nvfp4_like,nvfp4,simulated,1440,0.8219393775870356,0.10400854138477633,0.67675382002577,0.9022686298076923,0.9933638554529871,0.00992584228515625,0.97265625,2.541015625,0.8219393775870356,0.8243113608332191,0.0,2,0,0.002305216938581489,0.021394451256621646,0.46199265122413635,0.9256274104118347,0.4630487412214279,-4.1738152503967285e-05,0.005085408687591553,0.004885411262512207,0.005579954671846862,0.01567912106759473,0.4909722222222222,0.007316857576370239,-175.30382006426277,175.30382006426277,0.6680555555555555,pool=fp32_values_torch_sum_acc_fp32+pooled_rounded_to_nvfp4_e2m1_per16_e4m3_sf,score=fp32_values_torch_matmul_acc_fp32_tf32_disabled
R9,23,0.8,"repr=nvfp4, pool=fp32+nvfp4/native, score=fp32/native",nvfp4_like,nvfp4,simulated,1440,0.9027276663299177,0.04858118503168418,0.7968342347818941,0.948877427184466,0.994380443030852,0.02056884765625,1.0,5.265625,0.9027276663299177,0.9052711466756218,0.0,2,0,0.0011040615132051996,0.02413732501299356,0.1710391864180565,0.988392174243927,0.17098650336265564,0.0003555137664079666,0.002660735510289669,0.004643237590789795,0.009488377356583446,0.03300974788629911,0.5958333333333333,0.004696052521467209,13.209200220050821,13.209200220050821,0.6041666666666666,pool=fp32_values_torch_sum_acc_fp32+pooled_rounded_to_nvfp4_e2m1_per16_e4m3_sf,score=fp32_values_torch_matmul_acc_fp32_tf32_disabled
R9,23,0.9,"repr=nvfp4, pool=fp32+nvfp4/native, score=fp32/native",nvfp4_like,nvfp4,simulated,1440,0.8687443062516716,0.08380276437544709,0.697840076306478,0.9297626201923077,0.994380443030852,0.0142669677734375,0.9921875,3.65234375,0.8687443062516716,0.8713713361917481,0.0,2,0,0.0016354864862931611,0.02340569253369037,0.24263589084148407,0.9760204553604126,0.2432529777288437,0.0002588629722595215,0.004003765061497688,0.005394550412893296,0.008256620611890305,0.03163880298652486,0.5590277777777778,0.004466056823730469,17.2525903753166,17.2525903753166,0.6041666666666666,pool=fp32_values_torch_sum_acc_fp32+pooled_rounded_to_nvfp4_e2m1_per16_e4m3_sf,score=fp32_values_torch_matmul_acc_fp32_tf32_disabled
R9,23,0.95,"repr=nvfp4, pool=fp32+nvfp4/native, score=fp32/native",nvfp4_like,nvfp4,simulated,1440,0.8084499388670018,0.10175174135640208,0.62774206441509,0.8940805288461539,0.994380443030852,0.0107574462890625,0.984375,2.75390625,0.8084499388670018,0.8116494284158955,0.0,3,0,0.002249836549869146,0.021902526823565405,0.34350065886974335,0.9504258930683136,0.34485964477062225,0.00047898292541503906,0.00588911771774292,0.006371340155601502,0.008410847908131769,0.031918931845099294,0.55625,0.00844983384013176,17.641200535092086,17.641200535092086,0.63125,pool=fp32_values_torch_sum_acc_fp32+pooled_rounded_to_nvfp4_e2m1_per16_e4m3_sf,score=fp32_values_torch_matmul_acc_fp32_tf32_disabled
R9,24,0.8,"repr=nvfp4, pool=fp32+nvfp4/native, score=fp32/native",nvfp4_like,nvfp4,simulated,1440,0.9074074074074074,0.026751689811047696,0.8484013810776098,0.9514563106796117,0.9934463518486085,0.01953125,1.0,5.0,0.9074074074074074,0.9093064939911155,0.0,3,0,0.0010687708072312089,0.021832809617434584,0.19842980802059174,0.9867905378341675,0.1970265880227089,0.0005737096071243286,0.002982543781399727,0.0050117745995521545,0.008619202501136661,0.03130820480177671,0.6902777777777778,0.01378323882818222,24.024765590504142,24.024765590504142,0.7541666666666667,pool=fp32_values_torch_sum_acc_fp32+pooled_rounded_to_nvfp4_e2m1_per16_e4m3_sf,score=fp32_values_torch_matmul_acc_fp32_tf32_disabled
R9,24,0.9,"repr=nvfp4, pool=fp32+nvfp4/native, score=fp32/native",nvfp4_like,nvfp4,simulated,1440,0.9053207882125529,0.057887497759671946,0.8055004564487117,0.9503079927884616,0.9934463518486085,0.01009368896484375,0.97265625,2.583984375,0.9053207882125529,0.9068901303538175,0.0,2,0,0.002071762994593901,0.020171728802035008,0.31980685889720917,0.9673089683055878,0.3202587515115738,0.0005711494013667107,0.002852371893823147,0.004283452033996582,0.005396149678425378,0.02582402624799458,0.5923611111111111,0.009473472833633423,16.586680842112816,16.586680842112816,0.7840277777777778,pool=fp32_values_torch_sum_acc_fp32+pooled_rounded_to_nvfp4_e2m1_per16_e4m3_sf,score=fp32_values_torch_matmul_acc_fp32_tf32_disabled
R9,24,0.95,"repr=nvfp4, pool=fp32+nvfp4/native, score=fp32/native",nvfp4_like,nvfp4,simulated,1440,0.8597373568035764,0.05418023936230554,0.7728059661739246,0.9245793269230769,0.9934463518486085,0.007659912109375,0.953125,1.9609375,0.8597373568035764,0.8625996921785365,0.0,1,0,0.0026755536679833967,0.018546599726135198,0.4786355048418045,0.9266042709350586,0.47872452437877655,0.0005118101835250854,0.0038411617279052734,0.004946380853652954,0.004501089369599915,0.015529685226879409,0.5840277777777778,0.014851197600364685,29.01700294057705,29.01700294057705,0.8236111111111111,pool=fp32_values_torch_sum_acc_fp32+pooled_rounded_to_nvfp4_e2m1_per16_e4m3_sf,score=fp32_values_torch_matmul_acc_fp32_tf32_disabled
R9,25,0.8,"repr=nvfp4, pool=fp32+nvfp4/native, score=fp32/native",nvfp4_like,nvfp4,simulated,1440,0.9017327497572988,0.049468702148741994,0.7841381607698932,0.9483275182038835,0.9938306331834692,0.02079010009765625,1.0,5.322265625,0.9017327497572988,0.9044111015002113,0.0,3,0,0.0010529925474680435,0.02189416962266716,0.09270646050572395,0.9962418973445892,0.09177053347229958,0.00028060562908649445,0.0012963605113327503,0.002167675644159317,0.00876350590473116,0.031045652308867373,0.6305555555555555,0.00354854017496109,12.646004951908077,12.646004951908077,0.6506944444444445,pool=fp32_values_torch_sum_acc_fp32+pooled_rounded_to_nvfp4_e2m1_per16_e4m3_sf,score=fp32_values_torch_matmul_acc_fp32_tf32_disabled
R9,25,0.9,"repr=nvfp4, pool=fp32+nvfp4/native, score=fp32/native",nvfp4_like,nvfp4,simulated,1440,0.8686787178655617,0.08600700956912732,0.6946305287080075,0.9297250600961539,0.9938306331834692,0.01427459716796875,0.98828125,3.654296875,0.8686787178655617,0.873214662632801,0.0,2,0,0.001484732904992317,0.021015787769440797,0.1570424810051918,0.9892126619815826,0.15654364228248596,0.0005275169387459755,0.0021336786448955536,0.0032554715871810913,0.008292646583815483,0.02691718228110096,0.6576388888888889,0.0034399479627609253,6.521018966591751,6.521018966591751,0.6402777777777777,pool=fp32_values_torch_sum_acc_fp32+pooled_rounded_to_nvfp4_e2m1_per16_e4m3_sf,score=fp32_values_torch_matmul_acc_fp32_tf32_disabled
R9,25,0.95,"repr=nvfp4, pool=fp32+nvfp4/native, score=fp32/native",nvfp4_like,nvfp4,simulated,1440,0.8384201077199281,0.09178811713276769,0.667961408344819,0.912109375,0.9938306331834692,0.0089263916015625,0.96484375,2.28515625,0.8384201077199281,0.8408352435372284,0.0,4,0,0.0022182376496949815,0.01919433858668152,0.23121098428964615,0.9769144356250763,0.23056398332118988,1.7605721950531006e-05,0.0030122920870780945,0.0030791372060775756,0.006462267150550987,0.023528398407132892,0.50625,0.003026992082595825,171.9322894625476,171.9322894625476,0.6868055555555556,pool=fp32_values_torch_sum_acc_fp32+pooled_rounded_to_nvfp4_e2m1_per16_e4m3_sf,score=fp32_values_torch_matmul_acc_fp32_tf32_disabled
R9,26,0.8,"repr=nvfp4, pool=fp32+nvfp4/native, score=fp32/native",nvfp4_like,nvfp4,simulated,1440,0.9042048066290915,0.034637667910617176,0.8063677282587749,0.9496928094660194,0.9931507110527096,0.02024078369140625,1.0,5.181640625,0.9042048066290915,0.9074074074074074,0.0,2,0,0.0010863071566934,0.02281887377127951,0.04041391983628273,0.9992470443248749,0.04000944457948208,0.0003167688846588135,0.0006725452840328217,0.0012168355286121368,0.01244291267346798,0.044820406908698415,0.7534722222222222,0.007064257748425007,22.300983747295135,22.300983747295135,0.7319444444444444,pool=fp32_values_torch_sum_acc_fp32+pooled_rounded_to_nvfp4_e2m1_per16_e4m3_sf,score=fp32_values_torch_matmul_acc_fp32_tf32_disabled
R9,26,0.9,"repr=nvfp4, pool=fp32+nvfp4/native, score=fp32/native",nvfp4_like,nvfp4,simulated,1440,0.8811559386702466,0.05823018463227092,0.7393349447964983,0.9368239182692307,0.9931507110527096,0.0128326416015625,0.9921875,3.28515625,0.8811559386702466,0.8850184083828944,0.0,2,0,0.0017405946812549151,0.02170706231476245,0.0796549916267395,0.9970100820064545,0.07915513589978218,0.0005005467683076859,0.0013200677931308746,0.0020452551543712616,0.01183596690300226,0.04583538024601845,0.7069444444444445,0.004405416548252106,8.801208652583085,8.801208652583085,0.7097222222222223,pool=fp32_values_torch_sum_acc_fp32+pooled_rounded_to_nvfp4_e2m1_per16_e4m3_sf,score=fp32_values_torch_matmul_acc_fp32_tf32_disabled
R9,26,0.95,"repr=nvfp4, pool=fp32+nvfp4/native, score=fp32/native",nvfp4_like,nvfp4,simulated,1440,0.8348725017229497,0.08496624379085038,0.656957928802589,0.9100060096153846,0.9931507110527096,0.0091400146484375,0.97265625,2.33984375,0.8348725017229497,0.8407079646017699,0.0,2,0,0.002383445011842065,0.020180484207509994,0.14374881237745285,0.9905846118927002,0.14319847524166107,0.0005481839179992676,0.002854917198419571,0.003697836957871914,0.011464621899086667,0.04848121824668494,0.6159722222222223,0.005452737212181091,9.946912036533652,9.946912036533652,0.7173611111111111,pool=fp32_values_torch_sum_acc_fp32+pooled_rounded_to_nvfp4_e2m1_per16_e4m3_sf,score=fp32_values_torch_matmul_acc_fp32_tf32_disabled
R9,27,0.8,"repr=nvfp4, pool=fp32+nvfp4/native, score=fp32/native",nvfp4_like,nvfp4,simulated,1440,0.9033113784056033,0.03483085521059648,0.8061944120094644,0.9491997876213591,0.9943878385477245,0.02043914794921875,1.0,5.232421875,0.9033113784056033,0.9137061363718837,0.0,2,0,0.0011012731339839973,0.022832972282936397,0.022555670700967312,0.9997584521770477,0.021861422806978226,0.00030131638050079346,0.0007393644191324711,0.001996279042214155,0.014554366528349884,0.07512283301618933,0.7861111111111111,0.015759924426674843,52.30357672716483,52.30357672716483,0.8027777777777778,pool=fp32_values_torch_sum_acc_fp32+pooled_rounded_to_nvfp4_e2m1_per16_e4m3_sf,score=fp32_values_torch_matmul_acc_fp32_tf32_disabled
R9,27,0.9,"repr=nvfp4, pool=fp32+nvfp4/native, score=fp32/native",nvfp4_like,nvfp4,simulated,1440,0.8856191815139907,0.043442423779324946,0.7629453052575818,0.9393404447115384,0.9943878385477245,0.01232147216796875,0.9921875,3.154296875,0.8856191815139907,0.8942051178322741,0.0,2,0,0.0017842289372950698,0.02089811261114675,0.04894779250025749,0.9988816380500793,0.046770647168159485,0.0006285868585109711,0.0017691804096102715,0.0036257125437259676,0.0167840818612427,0.09746762640267059,0.7145833333333333,0.011316373012959957,18.002878774409577,18.002878774409577,0.7951388888888888,pool=fp32_values_torch_sum_acc_fp32+pooled_rounded_to_nvfp4_e2m1_per16_e4m3_sf,score=fp32_values_torch_matmul_acc_fp32_tf32_disabled
R9,27,0.95,"repr=nvfp4, pool=fp32+nvfp4/native, score=fp32/native",nvfp4_like,nvfp4,simulated,1440,0.840326268556616,0.07036505730813136,0.6904126984126984,0.9132361778846154,0.9943878385477245,0.00881195068359375,0.96484375,2.255859375,0.840326268556616,0.8532646526520953,0.0,2,0,0.002517764065124597,0.019398139622311586,0.1024516150355339,0.9950882792472839,0.10148809105157852,0.0011269152164459229,0.00400907639414072,0.006945446133613586,0.019274056514978183,0.09929433199872997,0.7,0.01127917692065239,10.00889575013884,10.00889575013884,0.7993055555555556,pool=fp32_values_torch_sum_acc_fp32+pooled_rounded_to_nvfp4_e2m1_per16_e4m3_sf,score=fp32_values_torch_matmul_acc_fp32_tf32_disabled
R9,28,0.8,"repr=nvfp4, pool=fp32+nvfp4/native, score=fp32/native",nvfp4_like,nvfp4,simulated,1440,0.9023501620459178,0.0272194445191577,0.8168789078604959,0.9486688410194175,0.9907290572498414,0.02065277099609375,1.0,5.287109375,0.9023501620459178,0.9154090626493147,0.0,2,0,0.0010356278964648536,0.022471979144452533,0.04266943223774433,0.999186784029007,0.04247376136481762,0.00016988441348075867,0.0009321428369730711,0.0020147787407040598,0.015838132731660695,0.07348646582494771,0.6847222222222222,0.018544835969805717,109.16149156853716,109.16149156853716,0.7493055555555556,pool=fp32_values_torch_sum_acc_fp32+pooled_rounded_to_nvfp4_e2m1_per16_e4m3_sf,score=fp32_values_torch_matmul_acc_fp32_tf32_disabled
R9,28,0.9,"repr=nvfp4, pool=fp32+nvfp4/native, score=fp32/native",nvfp4_like,nvfp4,simulated,1440,0.8717660292463442,0.04858362209902489,0.7495474611519557,0.9314903846153846,0.9907290572498414,0.013916015625,0.99609375,3.5625,0.8717660292463442,0.889768253081157,0.0,2,0,0.001466299370716065,0.02031881358673196,0.08045132830739021,0.9970082640647888,0.0810529850423336,0.000314363744109869,0.002161569893360138,0.004111430048942566,0.014360315763527342,0.08277321618783476,0.6645833333333333,0.013625478371977806,43.34303375396799,43.34303375396799,0.7375,pool=fp32_values_torch_sum_acc_fp32+pooled_rounded_to_nvfp4_e2m1_per16_e4m3_sf,score=fp32_values_torch_matmul_acc_fp32_tf32_disabled
R9,28,0.95,"repr=nvfp4, pool=fp32+nvfp4/native, score=fp32/native",nvfp4_like,nvfp4,simulated,1440,0.8478622987229317,0.06352197394077586,0.6416226326900177,0.9176682692307693,0.9907290572498414,0.00836181640625,0.96484375,2.140625,0.8478622987229317,0.8678265749964922,0.0,2,0,0.0023794839233161006,0.01891713582134946,0.13171441853046417,0.9923511147499084,0.12025351077318192,0.000731591135263443,0.004230355378240347,0.012491826200857759,0.01798329393557649,0.25171346099697467,0.6666666666666666,0.00982007384300232,13.422898897573644,13.422898897573644,0.7430555555555556,pool=fp32_values_torch_sum_acc_fp32+pooled_rounded_to_nvfp4_e2m1_per16_e4m3_sf,score=fp32_values_torch_matmul_acc_fp32_tf32_disabled
R9,29,0.8,"repr=nvfp4, pool=fp32+nvfp4/native, score=fp32/native",nvfp4_like,nvfp4,simulated,1440,0.9112439980906659,0.023641762096692887,0.8448610966869641,0.9535611347087378,0.9947828443297615,0.01868438720703125,1.0,4.783203125,0.9112439980906659,0.9197670185657081,0.0,3,0,0.0010768680805940995,0.021939337017247335,0.043387264013290405,0.9992572367191315,0.04206980764865875,0.00018078461289405823,0.000738861970603466,0.0012930631637573242,0.009134846115936329,0.07867185397106831,0.6694444444444444,0.013413125881925225,74.19395747903316,74.19395747903316,0.6805555555555556,pool=fp32_values_torch_sum_acc_fp32+pooled_rounded_to_nvfp4_e2m1_per16_e4m3_sf,score=fp32_values_torch_matmul_acc_fp32_tf32_disabled
R9,29,0.9,"repr=nvfp4, pool=fp32+nvfp4/native, score=fp32/native",nvfp4_like,nvfp4,simulated,1440,0.8840179763882188,0.05003422369458388,0.785341922584575,0.9384390024038461,0.9947828443297615,0.01250457763671875,0.9921875,3.201171875,0.8840179763882188,0.8965664624590397,0.0,2,0,0.0016418389556974973,0.02059283788604112,0.0972912386059761,0.9960715174674988,0.09212076663970947,0.00046852370724081993,0.001792142167687416,0.004458543658256531,0.009406263524110475,0.13259934282895924,0.6770833333333334,0.008713038638234138,18.596793510292233,18.596793510292233,0.7013888888888888,pool=fp32_values_torch_sum_acc_fp32+pooled_rounded_to_nvfp4_e2m1_per16_e4m3_sf,score=fp32_values_torch_matmul_acc_fp32_tf32_disabled
R9,29,0.95,"repr=nvfp4, pool=fp32+nvfp4/native, score=fp32/native",nvfp4_like,nvfp4,simulated,1440,0.8563659182819691,0.06861513905828853,0.7068854981407873,0.9226262019230769,0.9947828443297615,0.0078582763671875,0.953125,2.01171875,0.8563659182819691,0.8704510327385134,0.0,2,0,0.002597425568418233,0.018940159003416748,0.18417366594076157,0.9849936068058014,0.17651661485433578,0.00042884424328804016,0.00325944647192955,0.006913714110851288,0.01067813822723235,0.09735402135980425,0.6104166666666667,0.009269818663597107,21.615816951449396,21.615816951449396,0.70625,pool=fp32_values_torch_sum_acc_fp32+pooled_rounded_to_nvfp4_e2m1_per16_e4m3_sf,score=fp32_values_torch_matmul_acc_fp32_tf32_disabled
R9,3,0.8,"repr=nvfp4, pool=fp32+nvfp4/native, score=fp32/native",nvfp4_like,nvfp4,simulated,1440,0.9070625248616787,0.03308405936640357,0.8533089909556872,0.9512666868932039,0.9950702214579225,0.0196075439453125,1.0,5.01953125,0.9070625248616787,0.9113479033018013,0.0,2,0,0.0010217019164659247,0.020325238222759376,0.1039440892636776,0.995671957731247,0.10347070917487144,0.00034211622551083565,0.001213880255818367,0.0018408004194498061,0.0067099505617137295,0.06441737967933088,0.6743055555555556,0.0060711391270160675,17.745838034869177,17.745838034869177,0.6180555555555556,pool=fp32_values_torch_sum_acc_fp32+pooled_rounded_to_nvfp4_e2m1_per16_e4m3_sf,score=fp32_values_torch_matmul_acc_fp32_tf32_disabled
R9,3,0.9,"repr=nvfp4, pool=fp32+nvfp4/native, score=fp32/native",nvfp4_like,nvfp4,simulated,1440,0.8755239359677542,0.04010880330112265,0.7960064759848894,0.9336313100961539,0.9950702214579225,0.01348114013671875,0.9921875,3.451171875,0.8755239359677542,0.8812888637648388,0.0,2,0,0.001494230728168438,0.019471204870000758,0.20142969489097595,0.984650045633316,0.1980890929698944,0.00045584701001644135,0.002322009764611721,0.0032020244747400285,0.007350221852860424,0.05113042777230518,0.6291666666666667,0.004659444093704224,10.22150851342903,10.22150851342903,0.6173611111111111,pool=fp32_values_torch_sum_acc_fp32+pooled_rounded_to_nvfp4_e2m1_per16_e4m3_sf,score=fp32_values_torch_matmul_acc_fp32_tf32_disabled
R9,3,0.95,"repr=nvfp4, pool=fp32+nvfp4/native, score=fp32/native",nvfp4_like,nvfp4,simulated,1440,0.8450450450450451,0.04453082405967401,0.7594385460107347,0.916015625,0.9950702214579225,0.0085296630859375,0.95703125,2.18359375,0.8450450450450451,0.8517179023508138,0.0,2,0,0.002296914723062984,0.01780888335709333,0.319162979722023,0.9587218761444092,0.31914031505584717,0.00028494372963905334,0.0044256895780563354,0.005481697618961334,0.007394134899635573,0.05392341501075719,0.5368055555555555,0.004306182265281677,15.112395246375296,15.112395246375296,0.65625,pool=fp32_values_torch_sum_acc_fp32+pooled_rounded_to_nvfp4_e2m1_per16_e4m3_sf,score=fp32_values_torch_matmul_acc_fp32_tf32_disabled
R9,4,0.8,"repr=nvfp4, pool=fp32+nvfp4/native, score=fp32/native",nvfp4_like,nvfp4,simulated,1440,0.9109323477189549,0.029582275241600398,0.8501198077585883,0.9533904733009708,0.9944205003390677,0.0187530517578125,1.0,4.80078125,0.9109323477189549,0.914296604801425,0.0,3,0,0.0010073140883837023,0.02021755098565721,0.08576380461454391,0.9969263076782227,0.08500685170292854,0.00024850666522979736,0.000893857330083847,0.0012569468468427657,0.005217697966378566,0.029150708106297208,0.675,0.005452435463666916,21.940801702944174,21.940801702944174,0.6131944444444445,pool=fp32_values_torch_sum_acc_fp32+pooled_rounded_to_nvfp4_e2m1_per16_e4m3_sf,score=fp32_values_torch_matmul_acc_fp32_tf32_disabled
R9,4,0.9,"repr=nvfp4, pool=fp32+nvfp4/native, score=fp32/native",nvfp4_like,nvfp4,simulated,1440,0.8915136253487159,0.04304181685106456,0.8177660072053559,0.9426457331730769,0.9944205003390677,0.01165008544921875,0.98828125,2.982421875,0.8915136253487159,0.8946769143182465,0.0,1,0,0.0016434988917354918,0.019345399475255563,0.15773790329694748,0.9896867275238037,0.15634403377771378,0.0003930293023586273,0.0018172264099121094,0.0024643644690513613,0.005705525883312398,0.036167407768651114,0.6486111111111111,0.003949813544750214,10.049666834118462,10.049666834118462,0.60625,pool=fp32_values_torch_sum_acc_fp32+pooled_rounded_to_nvfp4_e2m1_per16_e4m3_sf,score=fp32_values_torch_matmul_acc_fp32_tf32_disabled
R9,4,0.95,"repr=nvfp4, pool=fp32+nvfp4/native, score=fp32/native",nvfp4_like,nvfp4,simulated,1440,0.8597373568035764,0.0429304762335494,0.77209797657082,0.9245793269230769,0.9944205003390677,0.007659912109375,0.9375,1.9609375,0.8597373568035764,0.8649481647520314,0.0,2,0,0.002550563807124719,0.01795812889301735,0.27980417013168335,0.9678734540939331,0.2777513563632965,0.0006146058440208435,0.0037364596500992775,0.004716673493385315,0.007030144167959508,0.03886289569953728,0.5847222222222223,0.004926655441522598,8.015959316773952,8.015959316773952,0.6069444444444444,pool=fp32_values_torch_sum_acc_fp32+pooled_rounded_to_nvfp4_e2m1_per16_e4m3_sf,score=fp32_values_torch_matmul_acc_fp32_tf32_disabled
R9,5,0.8,"repr=nvfp4, pool=fp32+nvfp4/native, score=fp32/native",nvfp4_like,nvfp4,simulated,1440,0.9068556551923633,0.01791419831495822,0.8794582169678004,0.9511529126213593,0.9940272275331208,0.0196533203125,1.0,5.03125,0.9068556551923633,0.9119022586375666,0.0,2,0,0.0010286650046969095,0.021274165678480863,0.06072217598557472,0.9983656108379364,0.05952277220785618,0.0004310673102736473,0.00097946566529572,0.0018030375242233277,0.010730986826949583,0.057438933552474744,0.7645833333333333,0.026463975198566914,61.39174687537134,61.39174687537134,0.7694444444444445,pool=fp32_values_torch_sum_acc_fp32+pooled_rounded_to_nvfp4_e2m1_per16_e4m3_sf,score=fp32_values_torch_matmul_acc_fp32_tf32_disabled
R9,5,0.9,"repr=nvfp4, pool=fp32+nvfp4/native, score=fp32/native",nvfp4_like,nvfp4,simulated,1440,0.8866213151927438,0.028231990907810367,0.8436332542345439,0.9399038461538461,0.9940272275331208,0.01220703125,0.98828125,3.125,0.8866213151927438,0.8937335514616971,0.0,2,0,0.0016796254034311265,0.020257100062081285,0.12066122889518738,0.9935889542102814,0.11728434637188911,0.0009108372032642365,0.0021252380684018135,0.0040200091898441315,0.01013353094288027,0.06757049304777486,0.7618055555555555,0.021446838974952698,23.5462922442035,23.5462922442035,0.7673611111111112,pool=fp32_values_torch_sum_acc_fp32+pooled_rounded_to_nvfp4_e2m1_per16_e4m3_sf,score=fp32_values_torch_matmul_acc_fp32_tf32_disabled
R9,5,0.95,"repr=nvfp4, pool=fp32+nvfp4/native, score=fp32/native",nvfp4_like,nvfp4,simulated,1440,0.866778852895807,0.03591297835801488,0.8243113608332191,0.9286358173076923,0.9940272275331208,0.0072479248046875,0.9296875,1.85546875,0.866778852895807,0.8736101337086559,0.0,2,0,0.0028796782947025086,0.01852753621589136,0.23117998242378235,0.9790081083774567,0.2301275059580803,0.0008023008704185486,0.004014700651168823,0.00549880713224411,0.009766096331927838,0.04852432472454075,0.6201388888888889,0.016480717808008194,20.541817185628187,20.541817185628187,0.7763888888888889,pool=fp32_values_torch_sum_acc_fp32+pooled_rounded_to_nvfp4_e2m1_per16_e4m3_sf,score=fp32_values_torch_matmul_acc_fp32_tf32_disabled
R9,6,0.8,"repr=nvfp4, pool=fp32+nvfp4/native, score=fp32/native",nvfp4_like,nvfp4,simulated,1440,0.9206759660560149,0.03320456757792545,0.8483981444467494,0.9586999393203883,0.9958225260139488,0.0166168212890625,1.0,4.25390625,0.9206759660560149,0.9221460854351946,0.0,2,0,0.001083377905104283,0.01831121559593049,0.15042904764413834,0.9910376965999603,0.15002138167619705,0.00020064972341060638,0.0010201912373304367,0.0014259994029998779,0.0034058487659588193,0.019451001770001884,0.6076388888888888,0.0010254383087158203,5.11058919636475,5.11058919636475,0.5444444444444444,pool=fp32_values_torch_sum_acc_fp32+pooled_rounded_to_nvfp4_e2m1_per16_e4m3_sf,score=fp32_values_torch_matmul_acc_fp32_tf32_disabled
R9,6,0.9,"repr=nvfp4, pool=fp32+nvfp4/native, score=fp32/native",nvfp4_like,nvfp4,simulated,1440,0.8927911275415896,0.05928542156399341,0.8028107980267004,0.943359375,0.9958225260139488,0.011505126953125,0.984375,2.9453125,0.8927911275415896,0.8945420906567992,0.0,3,0,0.001504692866275636,0.01758959004896319,0.25179342925548553,0.9748415946960449,0.25190621614456177,0.00016015395522117615,0.0017467029392719269,0.0025076378136873246,0.0034331152876363445,0.019220616358810817,0.5590277777777778,0.0006124898791313171,3.8243818473634015,3.8243818473634015,0.5166666666666667,pool=fp32_values_torch_sum_acc_fp32+pooled_rounded_to_nvfp4_e2m1_per16_e4m3_sf,score=fp32_values_torch_matmul_acc_fp32_tf32_disabled
R9,6,0.95,"repr=nvfp4, pool=fp32+nvfp4/native, score=fp32/native",nvfp4_like,nvfp4,simulated,1440,0.8449172010147621,0.08002413702708977,0.7469816272965879,0.9159405048076923,0.9958225260139488,0.00853729248046875,0.953125,2.185546875,0.8449172010147621,0.8468368479467259,0.0,2,0,0.002232382565806796,0.016582941171159105,0.36238430440425873,0.9498001635074615,0.36318209767341614,-1.9416213035583496e-05,0.0037200618535280228,0.0056283876299858095,0.004584017984720203,0.026197780205886107,0.49722222222222223,0.00045023858547210693,-23.188795088257866,23.188795088257866,0.5180555555555556,pool=fp32_values_torch_sum_acc_fp32+pooled_rounded_to_nvfp4_e2m1_per16_e4m3_sf,score=fp32_values_torch_matmul_acc_fp32_tf32_disabled
R9,7,0.8,"repr=nvfp4, pool=fp32+nvfp4/native, score=fp32/native",nvfp4_like,nvfp4,simulated,1440,0.9139839607108314,0.03536436336280313,0.8476630929857754,0.9550591626213591,0.9939968993391857,0.0180816650390625,1.0,4.62890625,0.9139839607108314,0.9161050056283003,0.0,3,0,0.0011245869807741907,0.021852043163449075,0.10443546995520592,0.9954555034637451,0.10421862453222275,0.0002813856117427349,0.0008387584239244461,0.001346699520945549,0.004958390644183245,0.028506326007404093,0.6888888888888889,0.0032189413905143738,11.439609049582058,11.439609049582058,0.6381944444444444,pool=fp32_values_torch_sum_acc_fp32+pooled_rounded_to_nvfp4_e2m1_per16_e4m3_sf,score=fp32_values_torch_matmul_acc_fp32_tf32_disabled
R9,7,0.9,"repr=nvfp4, pool=fp32+nvfp4/native, score=fp32/native",nvfp4_like,nvfp4,simulated,1440,0.8874237912944846,0.05131438223587059,0.8040262651169675,0.9403545673076923,0.9939968993391857,0.012115478515625,0.98828125,3.1015625,0.8874237912944846,0.8904391687831643,0.0,2,0,0.0016995707608920237,0.020475194401742686,0.1808639019727707,0.9866542518138885,0.17978644371032715,0.0004069507122039795,0.0015347972512245178,0.0027525678277015688,0.004781113236326398,0.035507316739005715,0.6479166666666667,0.002629276365041733,6.460920908092274,6.460920908092274,0.6111111111111112,pool=fp32_values_torch_sum_acc_fp32+pooled_rounded_to_nvfp4_e2m1_per16_e4m3_sf,score=fp32_values_torch_matmul_acc_fp32_tf32_disabled
R9,7,0.95,"repr=nvfp4, pool=fp32+nvfp4/native, score=fp32/native",nvfp4_like,nvfp4,simulated,1440,0.8470931039267379,0.07606114338379955,0.7423855765396795,0.9172175480769231,0.9939968993391857,0.0084075927734375,0.94921875,2.15234375,0.8470931039267379,0.8490173017857419,0.0,2,0,0.0024841008644488783,0.01897499829942649,0.2800396978855133,0.968707799911499,0.2800709903240204,0.00019172579050064087,0.002787753939628601,0.005195111036300659,0.005479575266035772,0.03247689549282991,0.5347222222222222,0.0033667385578155518,17.560175649943652,17.560175649943652,0.6277777777777778,pool=fp32_values_torch_sum_acc_fp32+pooled_rounded_to_nvfp4_e2m1_per16_e4m3_sf,score=fp32_values_torch_matmul_acc_fp32_tf32_disabled
R9,8,0.8,"repr=nvfp4, pool=fp32+nvfp4/native, score=fp32/native",nvfp4_like,nvfp4,simulated,1440,0.9130813320757455,0.01815140828317363,0.8870611646286577,0.954566140776699,0.9943173322446469,0.018280029296875,1.0,4.6796875,0.9130813320757455,0.9156525845472048,0.0,3,0,0.001141075688975835,0.02153568442800367,0.0790204107761383,0.9972807765007019,0.0791393406689167,0.0002488698810338974,0.0008580454159528017,0.0013060122728347778,0.00518112062556297,0.03377672703121591,0.6923611111111111,0.004632236436009407,18.61308574892786,18.61308574892786,0.6125,pool=fp32_values_torch_sum_acc_fp32+pooled_rounded_to_nvfp4_e2m1_per16_e4m3_sf,score=fp32_values_torch_matmul_acc_fp32_tf32_disabled
R9,8,0.9,"repr=nvfp4, pool=fp32+nvfp4/native, score=fp32/native",nvfp4_like,nvfp4,simulated,1440,0.8840846366145354,0.027381451757935604,0.845415920337453,0.9384765625,0.9943173322446469,0.0124969482421875,0.98828125,3.19921875,0.8840846366145354,0.8879591547298256,0.0,1,0,0.0016686409807018686,0.020424620847767375,0.1325559988617897,0.992506206035614,0.1318766251206398,0.00044051744043827057,0.0015370659530162811,0.002243618294596672,0.005660992297171435,0.030994569952756523,0.6708333333333333,0.003992021083831787,9.062118130578728,9.062118130578728,0.6069444444444444,pool=fp32_values_torch_sum_acc_fp32+pooled_rounded_to_nvfp4_e2m1_per16_e4m3_sf,score=fp32_values_torch_matmul_acc_fp32_tf32_disabled
R9,8,0.95,"repr=nvfp4, pool=fp32+nvfp4/native, score=fp32/native",nvfp4_like,nvfp4,simulated,1440,0.849274163259608,0.03776781888715186,0.7858747944243585,0.9184945913461539,0.9943173322446469,0.00827789306640625,0.94921875,2.119140625,0.849274163259608,0.8542972558852208,0.0,1,0,0.002517139782585726,0.01907731561521365,0.2201542854309082,0.9797427952289581,0.21833015233278275,0.0007692724466323853,0.002947188913822174,0.0038915663957595826,0.006762326887968552,0.0326550106943062,0.6506944444444445,0.005430135875940323,7.058794188861985,7.058794188861985,0.6416666666666667,pool=fp32_values_torch_sum_acc_fp32+pooled_rounded_to_nvfp4_e2m1_per16_e4m3_sf,score=fp32_values_torch_matmul_acc_fp32_tf32_disabled
R9,9,0.8,"repr=nvfp4, pool=fp32+nvfp4/native, score=fp32/native",nvfp4_like,nvfp4,simulated,1440,0.9181609889706132,0.02439531069937273,0.8781898182838169,0.9573346480582524,0.9925561997955804,0.0171661376953125,1.0,4.39453125,0.9181609889706132,0.9200466030728901,0.0,2,0,0.0011975225548816729,0.021016354845882525,0.13489980250597,0.9922039210796356,0.13423114269971848,0.00037206336855888367,0.0012668818235397339,0.002740305662155151,0.005882503970331833,0.025947649339134904,0.68125,0.003138229250907898,8.434663329161452,8.434663329161452,0.6361111111111111,pool=fp32_values_torch_sum_acc_fp32+pooled_rounded_to_nvfp4_e2m1_per16_e4m3_sf,score=fp32_values_torch_matmul_acc_fp32_tf32_disabled
R9,9,0.9,"repr=nvfp4, pool=fp32+nvfp4/native, score=fp32/native",nvfp4_like,nvfp4,simulated,1440,0.8975802739611347,0.03919502395145147,0.8326937410565225,0.9460261418269231,0.9925561997955804,0.01096343994140625,0.9765625,2.806640625,0.8975802739611347,0.8994078618820004,0.0,2,0,0.0018730725285764594,0.019554532287223213,0.21807719767093658,0.9811081290245056,0.21634960919618607,0.0002597793936729431,0.0016670506447553635,0.002630199491977692,0.004693591189020798,0.014840662343560625,0.5805555555555556,0.0025625862181186676,9.86447070295695,9.86447070295695,0.6576388888888889,pool=fp32_values_torch_sum_acc_fp32+pooled_rounded_to_nvfp4_e2m1_per16_e4m3_sf,score=fp32_values_torch_matmul_acc_fp32_tf32_disabled
R9,9,0.95,"repr=nvfp4, pool=fp32+nvfp4/native, score=fp32/native",nvfp4_like,nvfp4,simulated,1440,0.859477580667691,0.05269603594574557,0.7669115563526303,0.9244290865384616,0.9925561997955804,0.0076751708984375,0.94140625,1.96484375,0.859477580667691,0.8620786123933417,0.0,1,0,0.002581033105355567,0.018380980176797575,0.30004285275936127,0.9632209539413452,0.3046976178884506,0.00018309801816940308,0.002664949744939804,0.002982226014137268,0.004429392067173619,0.013856011597278705,0.5527777777777778,0.003987111151218414,21.77582909460834,21.77582909460834,0.6840277777777778,pool=fp32_values_torch_sum_acc_fp32+pooled_rounded_to_nvfp4_e2m1_per16_e4m3_sf,score=fp32_values_torch_matmul_acc_fp32_tf32_disabled
