arm,timestep,sparsity,arm_label,ladder_position,representation,native_or_simulated,n_cells,jaccard_median,jaccard_iqr,jaccard_p05,recall_median,spearman_rho_median,frac_decisions_changed_median,frac_query_blocks_changed_median,swaps_per_query_block_median,jaccard_pooling_only_median,jaccard_vs_study1_arm_median,deployed_score_ties_median,deployed_score_ties_max,exact_ties_fp64_total,reference_margin_norm_fp64_median,changed_pair_gap_fp64_median,rel_l2_median,cosine_median,sparsification_error_median,wrong_mask_excess_median,wrong_mask_excess_iqr,wrong_mask_excess_p90,abs_wrong_mask_over_sparsification_median,abs_wrong_mask_over_sparsification_p90,frac_cells_arm_worse_than_reference,random_matched_excess_median,isolation_ratio_median_of_medians,isolation_ratio_abs,frac_cells_random_worse_than_arm,pool_semantics,score_semantics
R0,0,0.8,"repr=bf16, pool=fp64/native, score=fp64/native",fp64,bf16,native,7200,1.0,0.0,1.0,1.0,1.0,0.0,0.0,0.0,1.0,0.977464050041714,0.0,0,0,0.0010528954075032762,,0.165190190076828,0.9880440533161163,0.165190190076828,0.0,0.0,0.0,0.0,0.0,0.0,,,,,pool=fp64_values_torch_sum_acc_fp64,score=fp64_values_torch_matmul_acc_fp64
R0,0,0.9,"repr=bf16, pool=fp64/native, score=fp64/native",fp64,bf16,native,7200,1.0,0.0,1.0,1.0,1.0,0.0,0.0,0.0,1.0,0.9687939066775124,0.0,0,0,0.001541732870714268,,0.2432190403342247,0.9757794141769409,0.2432190403342247,0.0,0.0,0.0,0.0,0.0,0.0,,,,,pool=fp64_values_torch_sum_acc_fp64,score=fp64_values_torch_matmul_acc_fp64
R0,0,0.95,"repr=bf16, pool=fp64/native, score=fp64/native",fp64,bf16,native,7200,1.0,0.0,1.0,1.0,1.0,0.0,0.0,0.0,1.0,0.9579349904397706,0.0,0,0,0.0023599997629232742,,0.33297792077064514,0.9555562436580658,0.33297792077064514,0.0,0.0,0.0,0.0,0.0,0.0,,,,,pool=fp64_values_torch_sum_acc_fp64,score=fp64_values_torch_matmul_acc_fp64
R0,1,0.8,"repr=bf16, pool=fp64/native, score=fp64/native",fp64,bf16,native,7200,1.0,0.0,1.0,1.0,1.0,0.0,0.0,0.0,1.0,0.9792823900315268,0.0,0,0,0.0010765867599098426,,0.15605959296226501,0.989715039730072,0.15605959296226501,0.0,0.0,0.0,0.0,0.0,0.0,,,,,pool=fp64_values_torch_sum_acc_fp64,score=fp64_values_torch_matmul_acc_fp64
R0,1,0.9,"repr=bf16, pool=fp64/native, score=fp64/native",fp64,bf16,native,7200,1.0,0.0,1.0,1.0,1.0,0.0,0.0,0.0,1.0,0.9714179933358016,0.0,0,0,0.0015726792387741884,,0.23927844315767288,0.9764266014099121,0.23927844315767288,0.0,0.0,0.0,0.0,0.0,0.0,,,,,pool=fp64_values_torch_sum_acc_fp64,score=fp64_values_torch_matmul_acc_fp64
R0,1,0.95,"repr=bf16, pool=fp64/native, score=fp64/native",fp64,bf16,native,7200,1.0,0.0,1.0,1.0,1.0,0.0,0.0,0.0,1.0,0.9613967879770149,0.0,0,0,0.002382271914581892,,0.34132105112075806,0.9537017047405243,0.34132105112075806,0.0,0.0,0.0,0.0,0.0,0.0,,,,,pool=fp64_values_torch_sum_acc_fp64,score=fp64_values_torch_matmul_acc_fp64
R0,10,0.8,"repr=bf16, pool=fp64/native, score=fp64/native",fp64,bf16,native,7200,1.0,0.0,1.0,1.0,1.0,0.0,0.0,0.0,1.0,0.9827800127833967,0.0,0,0,0.0011159697270501589,,0.11415119469165802,0.9947056174278259,0.11415119469165802,0.0,0.0,0.0,0.0,0.0,0.0,,,,,pool=fp64_values_torch_sum_acc_fp64,score=fp64_values_torch_matmul_acc_fp64
R0,10,0.9,"repr=bf16, pool=fp64/native, score=fp64/native",fp64,bf16,native,7200,1.0,0.0,1.0,1.0,1.0,0.0,0.0,0.0,1.0,0.9763937346893327,0.0,0,0,0.0016857119040841078,,0.19070332497358322,0.9850448071956635,0.19070332497358322,0.0,0.0,0.0,0.0,0.0,0.0,,,,,pool=fp64_values_torch_sum_acc_fp64,score=fp64_values_torch_matmul_acc_fp64
R0,10,0.95,"repr=bf16, pool=fp64/native, score=fp64/native",fp64,bf16,native,7200,1.0,0.0,1.0,1.0,1.0,0.0,0.0,0.0,1.0,0.9654510556621881,0.0,0,0,0.002363423657726173,,0.2945808917284012,0.9650269448757172,0.2945808917284012,0.0,0.0,0.0,0.0,0.0,0.0,,,,,pool=fp64_values_torch_sum_acc_fp64,score=fp64_values_torch_matmul_acc_fp64
R0,25,0.8,"repr=bf16, pool=fp64/native, score=fp64/native",fp64,bf16,native,7200,1.0,0.0,1.0,1.0,1.0,0.0,0.0,0.0,1.0,0.9829291220154164,0.0,0,0,0.0011188803158806787,,0.09229132533073425,0.9964489042758942,0.09229132533073425,0.0,0.0,0.0,0.0,0.0,0.0,,,,,pool=fp64_values_torch_sum_acc_fp64,score=fp64_values_torch_matmul_acc_fp64
R0,25,0.9,"repr=bf16, pool=fp64/native, score=fp64/native",fp64,bf16,native,7200,1.0,0.0,1.0,1.0,1.0,0.0,0.0,0.0,1.0,0.9777150497697222,0.0,0,0,0.0017155456359580728,,0.16185276210308075,0.9890401661396027,0.16185276210308075,0.0,0.0,0.0,0.0,0.0,0.0,,,,,pool=fp64_values_torch_sum_acc_fp64,score=fp64_values_torch_matmul_acc_fp64
R0,25,0.95,"repr=bf16, pool=fp64/native, score=fp64/native",fp64,bf16,native,7200,1.0,0.0,1.0,1.0,1.0,0.0,0.0,0.0,1.0,0.9666124981533462,0.0,0,0,0.002392954567760646,,0.2658453732728958,0.9708117544651031,0.2658453732728958,0.0,0.0,0.0,0.0,0.0,0.0,,,,,pool=fp64_values_torch_sum_acc_fp64,score=fp64_values_torch_matmul_acc_fp64
R0,40,0.8,"repr=bf16, pool=fp64/native, score=fp64/native",fp64,bf16,native,7200,1.0,0.0,1.0,1.0,1.0,0.0,0.0,0.0,1.0,0.9824073377941508,0.0,0,0,0.001108028098768531,,0.07580089196562767,0.9976504743099213,0.07580089196562767,0.0,0.0,0.0,0.0,0.0,0.0,,,,,pool=fp64_values_torch_sum_acc_fp64,score=fp64_values_torch_matmul_acc_fp64
R0,40,0.9,"repr=bf16, pool=fp64/native, score=fp64/native",fp64,bf16,native,7200,1.0,0.0,1.0,1.0,1.0,0.0,0.0,0.0,1.0,0.9780089153046062,0.0,0,0,0.0017587422944597081,,0.14203844219446182,0.9915936887264252,0.14203844219446182,0.0,0.0,0.0,0.0,0.0,0.0,,,,,pool=fp64_values_torch_sum_acc_fp64,score=fp64_values_torch_matmul_acc_fp64
R0,40,0.95,"repr=bf16, pool=fp64/native, score=fp64/native",fp64,bf16,native,7200,1.0,0.0,1.0,1.0,1.0,0.0,0.0,0.0,1.0,0.9677753141167775,0.0,0,0,0.0024668156877151338,,0.24164415895938873,0.9757466316223145,0.24164415895938873,0.0,0.0,0.0,0.0,0.0,0.0,,,,,pool=fp64_values_torch_sum_acc_fp64,score=fp64_values_torch_matmul_acc_fp64
R0,48,0.8,"repr=bf16, pool=fp64/native, score=fp64/native",fp64,bf16,native,7200,1.0,0.0,1.0,1.0,1.0,0.0,0.0,0.0,1.0,0.9816251768385363,0.0,0,0,0.0010960815615486553,,0.05834735557436943,0.9985614120960236,0.05834735557436943,0.0,0.0,0.0,0.0,0.0,0.0,,,,,pool=fp64_values_torch_sum_acc_fp64,score=fp64_values_torch_matmul_acc_fp64
R0,48,0.9,"repr=bf16, pool=fp64/native, score=fp64/native",fp64,bf16,native,7200,1.0,0.0,1.0,1.0,1.0,0.0,0.0,0.0,1.0,0.9772744151503899,0.0,0,0,0.0017686845365479846,,0.11174986511468887,0.9948844313621521,0.11174986511468887,0.0,0.0,0.0,0.0,0.0,0.0,,,,,pool=fp64_values_torch_sum_acc_fp64,score=fp64_values_torch_matmul_acc_fp64
R0,48,0.95,"repr=bf16, pool=fp64/native, score=fp64/native",fp64,bf16,native,7200,1.0,0.0,1.0,1.0,1.0,0.0,0.0,0.0,1.0,0.9680662329982259,0.0,0,0,0.002556319982170172,,0.19980139285326004,0.984043151140213,0.19980139285326004,0.0,0.0,0.0,0.0,0.0,0.0,,,,,pool=fp64_values_torch_sum_acc_fp64,score=fp64_values_torch_matmul_acc_fp64
R1,0,0.8,"repr=nvfp4, pool=fp64/native, score=fp64/native",fp64,nvfp4,native,7200,0.977464050041714,0.012296534044901719,0.9536193228124767,0.9886036104368932,0.9997263057194168,0.00458526611328125,0.79296875,1.173828125,0.977464050041714,,0.0,0,0,0.0010528954075032762,0.0037310667280831965,0.16514113545417786,0.9880493581295013,0.165190190076828,1.559220254421234e-05,0.0003350060433149338,0.0005390201695263386,0.0011358536387070604,0.00753923603774416,0.5373611111111111,-0.00037661194801330566,-24.153864532313943,24.153864532313943,0.39555555555555555,pool=fp64_values_torch_sum_acc_fp64,score=fp64_values_torch_matmul_acc_fp64
R1,0,0.9,"repr=nvfp4, pool=fp64/native, score=fp64/native",fp64,nvfp4,native,7200,0.9687939066775124,0.01600080283748495,0.9354463506833381,0.9841496394230769,0.9997263057194168,0.0032196044921875,0.65234375,0.82421875,0.9687939066775124,,0.0,1,0,0.001541732870714268,0.0034776564536100544,0.2430216670036316,0.9757784008979797,0.2432190403342247,3.520399332046509e-06,0.0005399361252784729,0.0008093118667602539,0.0011493875445955418,0.006653171819508109,0.5047222222222222,-0.0005185902118682861,-147.31005291005292,147.31005291005292,0.39055555555555554,pool=fp64_values_torch_sum_acc_fp64,score=fp64_values_torch_matmul_acc_fp64
R1,0,0.95,"repr=nvfp4, pool=fp64/native, score=fp64/native",fp64,nvfp4,native,7200,0.9579349904397706,0.02188026806027421,0.918971322556137,0.978515625,0.9997263057194168,0.0021820068359375,0.49609375,0.55859375,0.9579349904397706,,0.0,0,0,0.0023599997629232742,0.003265199189786018,0.3333665132522583,0.9555672705173492,0.33297792077064514,5.602836608886719e-05,0.0008578337728977203,0.001363605260848999,0.0012677503543413098,0.008409872175630616,0.5419444444444445,-0.0005042776465415955,-9.000398936170212,9.000398936170212,0.42527777777777775,pool=fp64_values_torch_sum_acc_fp64,score=fp64_values_torch_matmul_acc_fp64
R1,1,0.8,"repr=nvfp4, pool=fp64/native, score=fp64/native",fp64,nvfp4,native,7200,0.9792823900315268,0.01157745118308906,0.9556442268498614,0.9895327669902912,0.9997609168251187,0.00421142578125,0.765625,1.078125,0.9792823900315268,,0.0,0,0,0.0010765867599098426,0.00337826239797253,0.15599900484085083,0.989716649055481,0.15605959296226501,1.2994627468287945e-05,0.0002911016345024109,0.0004477769136428833,0.0010156203360295645,0.007424480118232818,0.5327777777777778,-0.00012239068746566772,-9.418560690897037,9.418560690897037,0.4711111111111111,pool=fp64_values_torch_sum_acc_fp64,score=fp64_values_torch_matmul_acc_fp64
R1,1,0.9,"repr=nvfp4, pool=fp64/native, score=fp64/native",fp64,nvfp4,native,7200,0.9714179933358016,0.01549622372142323,0.9374181341871634,0.9855018028846154,0.9997609168251187,0.0029449462890625,0.6171875,0.75390625,0.9714179933358016,,0.0,0,0,0.0015726792387741884,0.0031596232830960022,0.23923321068286896,0.9763989150524139,0.23927844315767288,2.3096799850463867e-05,0.0004925562534481287,0.0007457531988620758,0.0010830393585182807,0.007268319296004083,0.5297222222222222,-0.00014118850231170654,-6.112903225806452,6.112903225806452,0.4663888888888889,pool=fp64_values_torch_sum_acc_fp64,score=fp64_values_torch_matmul_acc_fp64
R1,1,0.95,"repr=nvfp4, pool=fp64/native, score=fp64/native",fp64,nvfp4,native,7200,0.9613967879770149,0.019623106020042247,0.9220329194340169,0.9803185096153846,0.9997609168251187,0.0019989013671875,0.4609375,0.51171875,0.9613967879770149,,0.0,0,0,0.002382271914581892,0.002932372542860158,0.34134651720523834,0.9536495208740234,0.34132105112075806,5.027651786804199e-05,0.0008729025721549988,0.0013957470655441284,0.0012728153577259952,0.007893645711484074,0.5373611111111111,-0.00010690093040466309,-2.126259632483699,2.126259632483699,0.4820833333333333,pool=fp64_values_torch_sum_acc_fp64,score=fp64_values_torch_matmul_acc_fp64
R1,10,0.8,"repr=nvfp4, pool=fp64/native, score=fp64/native",fp64,nvfp4,native,7200,0.9827800127833967,0.009530141780139001,0.9611022275110631,0.9913152305825242,0.999792710378246,0.0034942626953125,0.68359375,0.89453125,0.9827800127833967,,0.0,0,0,0.0011159697270501589,0.002897021360028844,0.1142025925219059,0.994712233543396,0.11415119469165802,2.138689160346985e-05,0.00023483228869736195,0.00042225420475006104,0.0011877643057681172,0.008137860280571734,0.5670833333333334,0.0008294060826301575,38.78104859780526,38.78104859780526,0.6616666666666666,pool=fp64_values_torch_sum_acc_fp64,score=fp64_values_torch_matmul_acc_fp64
R1,10,0.9,"repr=nvfp4, pool=fp64/native, score=fp64/native",fp64,nvfp4,native,7200,0.9763937346893327,0.01435903765579416,0.9466257220150617,0.9880558894230769,0.999792710378246,0.0024261474609375,0.53515625,0.62109375,0.9763937346893327,,0.0,0,0,0.0016857119040841078,0.002664941045148143,0.19061726331710815,0.9850312769412994,0.19070332497358322,2.5676563382148743e-05,0.00042152777314186096,0.0007251262664794922,0.0011672808903022724,0.008692848623047509,0.5458333333333333,0.0006687566637992859,26.045411679361624,26.045411679361624,0.6388888888888888,pool=fp64_values_torch_sum_acc_fp64,score=fp64_values_torch_matmul_acc_fp64
R1,10,0.95,"repr=nvfp4, pool=fp64/native, score=fp64/native",fp64,nvfp4,native,7200,0.9654510556621881,0.018550601442015036,0.9298347347057117,0.982421875,0.999792710378246,0.0017852783203125,0.421875,0.45703125,0.9654510556621881,,0.0,0,0,0.002363423657726173,0.002482251002604037,0.2945985794067383,0.9649676382541656,0.2945808917284012,6.0791149735450745e-05,0.000768544152379036,0.0012911677360534668,0.0013373745318866594,0.00989319150324151,0.5519444444444445,0.0010139942169189453,16.679964457517542,16.679964457517542,0.6469444444444444,pool=fp64_values_torch_sum_acc_fp64,score=fp64_values_torch_matmul_acc_fp64
R1,25,0.8,"repr=nvfp4, pool=fp64/native, score=fp64/native",fp64,nvfp4,native,7200,0.9829291220154164,0.010050195016438335,0.9613939822218918,0.9913910800970874,0.9997861426081882,0.0034637451171875,0.68359375,0.88671875,0.9829291220154164,,0.0,0,0,0.0011188803158806787,0.00288995453199727,0.09230789914727211,0.9964481890201569,0.09229132533073425,4.3997541069984436e-05,0.0002471492625772953,0.0005680091679096221,0.0016146275087643874,0.01057227066703521,0.6233333333333333,0.0018147211521863937,41.24596757122899,41.24596757122899,0.7433333333333333,pool=fp64_values_torch_sum_acc_fp64,score=fp64_values_torch_matmul_acc_fp64
R1,25,0.9,"repr=nvfp4, pool=fp64/native, score=fp64/native",fp64,nvfp4,native,7200,0.9777150497697222,0.014367563247116855,0.9470528009360832,0.9887319711538461,0.9997861426081882,0.002288818359375,0.515625,0.5859375,0.9777150497697222,,0.0,0,0,0.0017155456359580728,0.0026346237008850054,0.1617245227098465,0.9890294671058655,0.16185276210308075,5.50001859664917e-05,0.00043926015496253967,0.0009008761495351792,0.0014384412480150835,0.010262141557584443,0.5893055555555555,0.0012972205877304077,23.585749119479814,23.585749119479814,0.725,pool=fp64_values_torch_sum_acc_fp64,score=fp64_values_torch_matmul_acc_fp64
R1,25,0.95,"repr=nvfp4, pool=fp64/native, score=fp64/native",fp64,nvfp4,native,7200,0.9666124981533462,0.018274216001104238,0.9298347347057117,0.9830228365384616,0.9997861426081882,0.0017242431640625,0.41015625,0.44140625,0.9666124981533462,,0.0,0,0,0.002392954567760646,0.0024446140872108296,0.26591581106185913,0.9707179665565491,0.2658453732728958,0.00010528415441513062,0.0007891692221164703,0.0014631785452365875,0.0015149954286052204,0.011553917318499245,0.5891666666666666,0.0017094165086746216,16.236218243577948,16.236218243577948,0.7173611111111111,pool=fp64_values_torch_sum_acc_fp64,score=fp64_values_torch_matmul_acc_fp64
R1,40,0.8,"repr=nvfp4, pool=fp64/native, score=fp64/native",fp64,nvfp4,native,7200,0.9824073377941508,0.010640972265876236,0.9594954865189298,0.9911256067961165,0.999774309760493,0.003570556640625,0.69921875,0.9140625,0.9824073377941508,,0.0,1,0,0.001108028098768531,0.002958650730117191,0.07584120705723763,0.9976643025875092,0.07580089196562767,5.5558979511260986e-05,0.00026302289916202426,0.0007019832730293274,0.0020153037377594846,0.014131642421665393,0.6654166666666667,0.003112214617431164,56.016410754995306,56.016410754995306,0.8188888888888889,pool=fp64_values_torch_sum_acc_fp64,score=fp64_values_torch_matmul_acc_fp64
R1,40,0.9,"repr=nvfp4, pool=fp64/native, score=fp64/native",fp64,nvfp4,native,7200,0.9780089153046062,0.014367563247116855,0.9446351617851143,0.9888822115384616,0.999774309760493,0.00225830078125,0.51171875,0.578125,0.9780089153046062,,0.0,0,0,0.0017587422944597081,0.002672416944128798,0.14204683899879456,0.9915606677532196,0.14203844219446182,6.145238876342773e-05,0.00045933015644550323,0.0009481720626354218,0.0017216989336745797,0.011673746083283665,0.5986111111111111,0.0020917877554893494,34.03916100872939,34.03916100872939,0.7986111111111112,pool=fp64_values_torch_sum_acc_fp64,score=fp64_values_torch_matmul_acc_fp64
R1,40,0.95,"repr=nvfp4, pool=fp64/native, score=fp64/native",fp64,nvfp4,native,7200,0.9677753141167775,0.01885994377501332,0.9298347347057117,0.9836237980769231,0.999774309760493,0.0016632080078125,0.3984375,0.42578125,0.9677753141167775,,0.0,0,0,0.0024668156877151338,0.0024475624577798725,0.24172234535217285,0.9756861925125122,0.24164415895938873,9.91523265838623e-05,0.0007821395993232727,0.0015069451183080673,0.0017372098713805619,0.013530396191692851,0.58875,0.0024449676275253296,24.658701532912534,24.658701532912534,0.7916666666666666,pool=fp64_values_torch_sum_acc_fp64,score=fp64_values_torch_matmul_acc_fp64
R1,48,0.8,"repr=nvfp4, pool=fp64/native, score=fp64/native",fp64,nvfp4,native,7200,0.9816251768385363,0.010799374135625373,0.9566636984268329,0.9907273968446602,0.9997447611689956,0.00373077392578125,0.71875,0.955078125,0.9816251768385363,,0.0,0,0,0.0010960815615486553,0.003118350654763751,0.058659931644797325,0.9985554814338684,0.05834735557436943,4.6807341277599335e-05,0.00023694895207881927,0.0007066473364830018,0.002493649622379649,0.014779570609066562,0.6569444444444444,0.004264558665454388,91.10875664060168,91.10875664060168,0.8844444444444445,pool=fp64_values_torch_sum_acc_fp64,score=fp64_values_torch_matmul_acc_fp64
R1,48,0.9,"repr=nvfp4, pool=fp64/native, score=fp64/native",fp64,nvfp4,native,7200,0.9772744151503899,0.014649913535301318,0.9420818440440586,0.9885066105769231,0.9997447611689956,0.0023345947265625,0.5234375,0.59765625,0.9772744151503899,,0.0,0,0,0.0017686845365479846,0.002790034220691972,0.1118469126522541,0.9948768615722656,0.11174986511468887,6.36167824268341e-05,0.000418003648519516,0.001041954755783081,0.0020807401893949916,0.015789317869340107,0.6130555555555556,0.002814333885908127,44.238859284417636,44.238859284417636,0.8690277777777777,pool=fp64_values_torch_sum_acc_fp64,score=fp64_values_torch_matmul_acc_fp64
R1,48,0.95,"repr=nvfp4, pool=fp64/native, score=fp64/native",fp64,nvfp4,native,7200,0.9680662329982259,0.017704510543427254,0.9298347347057117,0.9837740384615384,0.9997447611689956,0.00164794921875,0.39453125,0.421875,0.9680662329982259,,0.0,0,0,0.002556319982170172,0.0025527833730921825,0.19953040778636932,0.9839844107627869,0.19980139285326004,0.00010201334953308105,0.0007223710417747498,0.0015365570783615113,0.0019451914850544432,0.0157843602634724,0.6022222222222222,0.003001682460308075,29.424408413672218,29.424408413672218,0.8581944444444445,pool=fp64_values_torch_sum_acc_fp64,score=fp64_values_torch_matmul_acc_fp64
R2,0,0.8,"repr=bf16, pool=fp32/native, score=fp32/native",fp32,bf16,native,7200,1.0,0.0,1.0,1.0,0.9999999991268818,0.0,0.0,0.0,1.0,0.977464050041714,0.0,1,0,0.0010528954075032762,5.869569880301281e-08,0.165190190076828,0.9880440533161163,0.165190190076828,0.0,0.0,0.0,0.0,0.0,0.005138888888888889,0.0,,,0.008194444444444445,pool=fp32_values_torch_sum_acc_fp32,score=fp32_values_torch_matmul_acc_fp32_tf32_disabled
R2,0,0.9,"repr=bf16, pool=fp32/native, score=fp32/native",fp32,bf16,native,7200,1.0,0.0,1.0,1.0,0.9999999991268818,0.0,0.0,0.0,1.0,0.9687939066775124,0.0,1,0,0.001541732870714268,1.3199840385689717e-07,0.2432190403342247,0.9757794141769409,0.2432190403342247,0.0,0.0,0.0,0.0,0.0,0.004861111111111111,0.0,,,0.0018055555555555555,pool=fp32_values_torch_sum_acc_fp32,score=fp32_values_torch_matmul_acc_fp32_tf32_disabled
R2,0,0.95,"repr=bf16, pool=fp32/native, score=fp32/native",fp32,bf16,native,7200,1.0,0.0,1.0,1.0,0.9999999991268818,0.0,0.0,0.0,1.0,0.9579349904397706,0.0,1,0,0.0023599997629232742,1.6252221141877796e-07,0.33297792077064514,0.9555562436580658,0.33297792077064514,0.0,0.0,0.0,0.0,0.0,0.002638888888888889,0.0,,,0.00375,pool=fp32_values_torch_sum_acc_fp32,score=fp32_values_torch_matmul_acc_fp32_tf32_disabled
R2,1,0.8,"repr=bf16, pool=fp32/native, score=fp32/native",fp32,bf16,native,7200,1.0,0.0,1.0,1.0,0.9999999991268818,0.0,0.0,0.0,1.0,0.9792823900315268,0.0,1,0,0.0010765867599098426,8.043190062581007e-08,0.15605959296226501,0.989715039730072,0.15605959296226501,0.0,0.0,0.0,0.0,0.0,0.0043055555555555555,0.0,,,0.005,pool=fp32_values_torch_sum_acc_fp32,score=fp32_values_torch_matmul_acc_fp32_tf32_disabled
R2,1,0.9,"repr=bf16, pool=fp32/native, score=fp32/native",fp32,bf16,native,7200,1.0,0.0,1.0,1.0,0.9999999991268818,0.0,0.0,0.0,1.0,0.9714179933358016,0.0,1,0,0.0015726792387741884,1.0734611698669175e-07,0.23927844315767288,0.9764266014099121,0.23927844315767288,0.0,0.0,0.0,0.0,0.0,0.004027777777777778,0.0,,,0.003472222222222222,pool=fp32_values_torch_sum_acc_fp32,score=fp32_values_torch_matmul_acc_fp32_tf32_disabled
R2,1,0.95,"repr=bf16, pool=fp32/native, score=fp32/native",fp32,bf16,native,7200,1.0,0.0,1.0,1.0,0.9999999991268818,0.0,0.0,0.0,1.0,0.9613967879770149,0.0,1,0,0.002382271914581892,7.786265617524722e-08,0.34132105112075806,0.9537017047405243,0.34132105112075806,0.0,0.0,0.0,0.0,0.0,0.0030555555555555557,0.0,,,0.004027777777777778,pool=fp32_values_torch_sum_acc_fp32,score=fp32_values_torch_matmul_acc_fp32_tf32_disabled
R2,10,0.8,"repr=bf16, pool=fp32/native, score=fp32/native",fp32,bf16,native,7200,1.0,0.0,1.0,1.0,0.9999999992578494,0.0,0.0,0.0,1.0,0.9827800127833967,0.0,1,0,0.0011159697270501589,5.976638389170951e-08,0.11415119469165802,0.9947056174278259,0.11415119469165802,0.0,0.0,0.0,0.0,0.0,0.002638888888888889,0.0,,,0.0033333333333333335,pool=fp32_values_torch_sum_acc_fp32,score=fp32_values_torch_matmul_acc_fp32_tf32_disabled
R2,10,0.9,"repr=bf16, pool=fp32/native, score=fp32/native",fp32,bf16,native,7200,1.0,0.0,1.0,1.0,0.9999999992578494,0.0,0.0,0.0,1.0,0.9763937346893327,0.0,1,0,0.0016857119040841078,1.1195415739458457e-07,0.19070332497358322,0.9850448071956635,0.19070332497358322,0.0,0.0,0.0,0.0,0.0,0.0022222222222222222,0.0,,,0.003611111111111111,pool=fp32_values_torch_sum_acc_fp32,score=fp32_values_torch_matmul_acc_fp32_tf32_disabled
R2,10,0.95,"repr=bf16, pool=fp32/native, score=fp32/native",fp32,bf16,native,7200,1.0,0.0,1.0,1.0,0.9999999992578494,0.0,0.0,0.0,1.0,0.9654510556621881,0.0,1,0,0.002363423657726173,6.814639342685765e-08,0.2945808917284012,0.9650269448757172,0.2945808917284012,0.0,0.0,0.0,0.0,0.0,0.002361111111111111,0.0,,,0.00375,pool=fp32_values_torch_sum_acc_fp32,score=fp32_values_torch_matmul_acc_fp32_tf32_disabled
R2,25,0.8,"repr=bf16, pool=fp32/native, score=fp32/native",fp32,bf16,native,7200,1.0,0.0,1.0,1.0,0.9999999993015054,0.0,0.0,0.0,1.0,0.9829291220154164,0.0,1,0,0.0011188803158806787,5.224236267825741e-08,0.09229132533073425,0.9964489042758942,0.09229132533073425,0.0,0.0,0.0,0.0,0.0,0.004722222222222222,0.0,,,0.004166666666666667,pool=fp32_values_torch_sum_acc_fp32,score=fp32_values_torch_matmul_acc_fp32_tf32_disabled
R2,25,0.9,"repr=bf16, pool=fp32/native, score=fp32/native",fp32,bf16,native,7200,1.0,0.0,1.0,1.0,0.9999999993015054,0.0,0.0,0.0,1.0,0.9777150497697222,0.0,1,0,0.0017155456359580728,6.220870575291079e-08,0.16185276210308075,0.9890401661396027,0.16185276210308075,0.0,0.0,0.0,0.0,0.0,0.0025,0.0,,,0.0020833333333333333,pool=fp32_values_torch_sum_acc_fp32,score=fp32_values_torch_matmul_acc_fp32_tf32_disabled
R2,25,0.95,"repr=bf16, pool=fp32/native, score=fp32/native",fp32,bf16,native,7200,1.0,0.0,1.0,1.0,0.9999999993015054,0.0,0.0,0.0,1.0,0.9666124981533462,0.0,1,0,0.002392954567760646,9.564765131140599e-08,0.2658453732728958,0.9708117544651031,0.2658453732728958,0.0,0.0,0.0,0.0,0.0,0.0030555555555555557,0.0,,,0.004166666666666667,pool=fp32_values_torch_sum_acc_fp32,score=fp32_values_torch_matmul_acc_fp32_tf32_disabled
R2,40,0.8,"repr=bf16, pool=fp32/native, score=fp32/native",fp32,bf16,native,7200,1.0,0.0,1.0,1.0,0.9999999993015054,0.0,0.0,0.0,1.0,0.9824073377941508,0.0,1,0,0.001108028098768531,4.4689455584559215e-08,0.07580089196562767,0.9976504743099213,0.07580089196562767,0.0,0.0,0.0,0.0,0.0,0.0044444444444444444,0.0,,,0.005277777777777778,pool=fp32_values_torch_sum_acc_fp32,score=fp32_values_torch_matmul_acc_fp32_tf32_disabled
R2,40,0.9,"repr=bf16, pool=fp32/native, score=fp32/native",fp32,bf16,native,7200,1.0,0.0,1.0,1.0,0.9999999993015054,0.0,0.0,0.0,1.0,0.9780089153046062,0.0,1,0,0.0017587422944597081,4.0444603887511856e-08,0.14203844219446182,0.9915936887264252,0.14203844219446182,0.0,0.0,0.0,0.0,0.0,0.0033333333333333335,0.0,,,0.0044444444444444444,pool=fp32_values_torch_sum_acc_fp32,score=fp32_values_torch_matmul_acc_fp32_tf32_disabled
R2,40,0.95,"repr=bf16, pool=fp32/native, score=fp32/native",fp32,bf16,native,7200,1.0,0.0,1.0,1.0,0.9999999993015054,0.0,0.0,0.0,1.0,0.9677753141167775,0.0,1,0,0.0024668156877151338,7.333893940745221e-08,0.24164415895938873,0.9757466316223145,0.24164415895938873,0.0,0.0,0.0,0.0,0.0,0.0025,0.0,,,0.0025,pool=fp32_values_torch_sum_acc_fp32,score=fp32_values_torch_matmul_acc_fp32_tf32_disabled
R2,48,0.8,"repr=bf16, pool=fp32/native, score=fp32/native",fp32,bf16,native,7200,1.0,0.0,1.0,1.0,0.9999999993015054,0.0,0.0,0.0,1.0,0.9816251768385363,0.0,1,0,0.0010960815615486553,4.7659416872014666e-08,0.05834735557436943,0.9985614120960236,0.05834735557436943,0.0,0.0,0.0,0.0,0.0,0.0019444444444444444,0.0,,,0.005694444444444445,pool=fp32_values_torch_sum_acc_fp32,score=fp32_values_torch_matmul_acc_fp32_tf32_disabled
R2,48,0.9,"repr=bf16, pool=fp32/native, score=fp32/native",fp32,bf16,native,7200,1.0,0.0,1.0,1.0,0.9999999993015054,0.0,0.0,0.0,1.0,0.9772744151503899,0.0,1,0,0.0017686845365479846,4.071255239689334e-08,0.11174986511468887,0.9948844313621521,0.11174986511468887,0.0,0.0,0.0,0.0,0.0,0.0025,0.0,,,0.005,pool=fp32_values_torch_sum_acc_fp32,score=fp32_values_torch_matmul_acc_fp32_tf32_disabled
R2,48,0.95,"repr=bf16, pool=fp32/native, score=fp32/native",fp32,bf16,native,7200,1.0,0.0,1.0,1.0,0.9999999993015054,0.0,0.0,0.0,1.0,0.9680662329982259,0.0,1,0,0.002556319982170172,6.938111826350087e-08,0.19980139285326004,0.984043151140213,0.19980139285326004,0.0,0.0,0.0,0.0,0.0,0.0022222222222222222,0.0,,,0.002916666666666667,pool=fp32_values_torch_sum_acc_fp32,score=fp32_values_torch_matmul_acc_fp32_tf32_disabled
R3,0,0.8,"repr=nvfp4, pool=fp32/native, score=fp32/native",fp32,nvfp4,native,7200,0.977464050041714,0.012296534044901719,0.9536193228124767,0.9886036104368932,0.9997263031873385,0.00458526611328125,0.79296875,1.173828125,0.977464050041714,1.0,0.0,1,0,0.0010528954075032762,0.0037310667280831965,0.16514113545417786,0.9880493581295013,0.165190190076828,1.559220254421234e-05,0.0003350060433149338,0.0005390201695263386,0.0011358536387070604,0.00753923603774416,0.5373611111111111,-0.0003747791051864624,-24.03631585234739,24.03631585234739,0.39569444444444446,pool=fp32_values_torch_sum_acc_fp32,score=fp32_values_torch_matmul_acc_fp32_tf32_disabled
R3,0,0.9,"repr=nvfp4, pool=fp32/native, score=fp32/native",fp32,nvfp4,native,7200,0.9687939066775124,0.01600080283748495,0.9354463506833381,0.9841496394230769,0.9997263031873385,0.0032196044921875,0.65234375,0.82421875,0.9687939066775124,1.0,0.0,1,0,0.001541732870714268,0.0034776564536100544,0.2430216670036316,0.9757779836654663,0.2432190403342247,3.520399332046509e-06,0.0005399361252784729,0.0008093118667602539,0.0011493875445955418,0.006653171819508109,0.5047222222222222,-0.0005197897553443909,-147.65079365079364,147.65079365079364,0.3913888888888889,pool=fp32_values_torch_sum_acc_fp32,score=fp32_values_torch_matmul_acc_fp32_tf32_disabled
R3,0,0.95,"repr=nvfp4, pool=fp32/native, score=fp32/native",fp32,nvfp4,native,7200,0.9579349904397706,0.02188026806027421,0.918971322556137,0.978515625,0.9997263031873385,0.0021820068359375,0.49609375,0.55859375,0.9579349904397706,1.0,0.0,1,0,0.0023599997629232742,0.003265199189786018,0.3333665132522583,0.9555672705173492,0.33297792077064514,5.602836608886719e-05,0.0008578337728977203,0.001363605260848999,0.0012677503543413098,0.008409872175630616,0.5419444444444445,-0.000529848039150238,-9.456781914893616,9.456781914893616,0.42430555555555555,pool=fp32_values_torch_sum_acc_fp32,score=fp32_values_torch_matmul_acc_fp32_tf32_disabled
R3,1,0.8,"repr=nvfp4, pool=fp32/native, score=fp32/native",fp32,nvfp4,native,7200,0.9792823900315268,0.01157745118308906,0.9556442268498614,0.9895327669902912,0.9997609178728606,0.00421142578125,0.765625,1.078125,0.9792823900315268,1.0,0.0,1,0,0.0010765867599098426,0.00337826239797253,0.15599900484085083,0.989716649055481,0.15605959296226501,1.2994627468287945e-05,0.00029099173843860626,0.0004477769136428833,0.0010158405385515686,0.007423796063291939,0.5326388888888889,-0.00010291486978530884,-7.919801474606488,7.919801474606488,0.4765277777777778,pool=fp32_values_torch_sum_acc_fp32,score=fp32_values_torch_matmul_acc_fp32_tf32_disabled
R3,1,0.9,"repr=nvfp4, pool=fp32/native, score=fp32/native",fp32,nvfp4,native,7200,0.9714179933358016,0.01549622372142323,0.9374181341871634,0.9855018028846154,0.9997609178728606,0.0029449462890625,0.6171875,0.75390625,0.9714179933358016,1.0,0.0,1,0,0.0015726792387741884,0.0031593534553735775,0.23923321068286896,0.9763989150524139,0.23927844315767288,2.3037195205688477e-05,0.0004925040993839502,0.0007459178566932678,0.0010832456397976797,0.007263807206543441,0.5297222222222222,-0.00015276670455932617,-6.6313065976714105,6.6313065976714105,0.46416666666666667,pool=fp32_values_torch_sum_acc_fp32,score=fp32_values_torch_matmul_acc_fp32_tf32_disabled
R3,1,0.95,"repr=nvfp4, pool=fp32/native, score=fp32/native",fp32,nvfp4,native,7200,0.9613967879770149,0.019623106020042247,0.9220329194340169,0.9803185096153846,0.9997609178728606,0.0019989013671875,0.4609375,0.51171875,0.9613967879770149,1.0,0.0,1,0,0.002382271914581892,0.002932372542860158,0.34134651720523834,0.9536495208740234,0.34132105112075806,5.021877586841583e-05,0.0008729025721549988,0.0013957470655441284,0.0012728153577259952,0.007893645711484074,0.5375,-0.0001061856746673584,-2.1144616297615073,2.1144616297615073,0.48041666666666666,pool=fp32_values_torch_sum_acc_fp32,score=fp32_values_torch_matmul_acc_fp32_tf32_disabled
R3,10,0.8,"repr=nvfp4, pool=fp32/native, score=fp32/native",fp32,nvfp4,native,7200,0.9827800127833967,0.009530141780139001,0.9611022275110631,0.9913152305825242,0.9997927115569472,0.0034942626953125,0.68359375,0.89453125,0.9827800127833967,1.0,0.0,1,0,0.0011159697270501589,0.002897021360028844,0.1142025925219059,0.994712233543396,0.11415119469165802,2.138689160346985e-05,0.00023483228869736195,0.00042225420475006104,0.0011877643057681172,0.008137860280571734,0.5670833333333334,0.0008221399039030075,38.441299425187246,38.441299425187246,0.665,pool=fp32_values_torch_sum_acc_fp32,score=fp32_values_torch_matmul_acc_fp32_tf32_disabled
R3,10,0.9,"repr=nvfp4, pool=fp32/native, score=fp32/native",fp32,nvfp4,native,7200,0.9763937346893327,0.01435903765579416,0.9466257220150617,0.9880558894230769,0.9997927115569472,0.0024261474609375,0.53515625,0.62109375,0.9763937346893327,1.0,0.0,1,0,0.0016857119040841078,0.002664941045148143,0.19061726331710815,0.9850312769412994,0.19070332497358322,2.5676563382148743e-05,0.000421721488237381,0.0007251262664794922,0.0011677630886823358,0.008692848623047509,0.5456944444444445,0.0006745755672454834,26.27203482045702,26.27203482045702,0.6395833333333333,pool=fp32_values_torch_sum_acc_fp32,score=fp32_values_torch_matmul_acc_fp32_tf32_disabled
R3,10,0.95,"repr=nvfp4, pool=fp32/native, score=fp32/native",fp32,nvfp4,native,7200,0.9654510556621881,0.018550601442015036,0.9298347347057117,0.982421875,0.9997927115569472,0.0017852783203125,0.421875,0.45703125,0.9654510556621881,1.0,0.0,1,0,0.002363423657726173,0.002482251002604037,0.2945985794067383,0.9649676382541656,0.2945808917284012,6.0791149735450745e-05,0.0007678978145122528,0.0012911677360534668,0.0013373745318866594,0.00989319150324151,0.5520833333333334,0.0010096319019794464,16.608205411036554,16.608205411036554,0.6472222222222223,pool=fp32_values_torch_sum_acc_fp32,score=fp32_values_torch_matmul_acc_fp32_tf32_disabled
R3,25,0.8,"repr=nvfp4, pool=fp32/native, score=fp32/native",fp32,nvfp4,native,7200,0.9829291220154164,0.010050195016438335,0.9613939822218918,0.9913910800970874,0.9997861433503062,0.0034637451171875,0.68359375,0.88671875,0.9829291220154164,1.0,0.0,1,0,0.0011188803158806787,0.00288995453199727,0.09230789914727211,0.9964481890201569,0.09229132533073425,4.3997541069984436e-05,0.0002471492625772953,0.0005680091679096221,0.0016146275087643874,0.01057227066703521,0.6233333333333333,0.0018297955393791199,41.58858642733161,41.58858642733161,0.745,pool=fp32_values_torch_sum_acc_fp32,score=fp32_values_torch_matmul_acc_fp32_tf32_disabled
R3,25,0.9,"repr=nvfp4, pool=fp32/native, score=fp32/native",fp32,nvfp4,native,7200,0.9777150497697222,0.014367563247116855,0.9470528009360832,0.9887319711538461,0.9997861433503062,0.002288818359375,0.515625,0.5859375,0.9777150497697222,1.0,0.0,1,0,0.0017155456359580728,0.0026346237008850054,0.1617245227098465,0.9890294671058655,0.16185276210308075,5.4856762290000916e-05,0.00043926015496253967,0.0009008761495351792,0.001437548084429143,0.010262141557584443,0.5893055555555555,0.0012920685112476349,23.553495636820482,23.553495636820482,0.7268055555555556,pool=fp32_values_torch_sum_acc_fp32,score=fp32_values_torch_matmul_acc_fp32_tf32_disabled
R3,25,0.95,"repr=nvfp4, pool=fp32/native, score=fp32/native",fp32,nvfp4,native,7200,0.9666124981533462,0.018274216001104238,0.9298347347057117,0.9830228365384616,0.9997861433503062,0.0017242431640625,0.41015625,0.44140625,0.9666124981533462,1.0,0.0,1,0,0.002392954567760646,0.0024446140872108296,0.26591581106185913,0.9707179665565491,0.2658453732728958,0.00010528415441513062,0.0007893070578575134,0.0014631785452365875,0.001514245379469821,0.011558676677533773,0.5891666666666666,0.0017488449811935425,16.610714032977143,16.610714032977143,0.7201388888888889,pool=fp32_values_torch_sum_acc_fp32,score=fp32_values_torch_matmul_acc_fp32_tf32_disabled
R3,40,0.8,"repr=nvfp4, pool=fp32/native, score=fp32/native",fp32,nvfp4,native,7200,0.9824073377941508,0.010640972265876236,0.9594954865189298,0.9911256067961165,0.9997743103280095,0.003570556640625,0.69921875,0.9140625,0.9824073377941508,1.0,0.0,1,0,0.001108028098768531,0.002958650730117191,0.07584120705723763,0.9976643025875092,0.07580089196562767,5.5558979511260986e-05,0.00026290927780792117,0.0007019832730293274,0.0020153037377594846,0.014131642421665393,0.6654166666666667,0.0031001539900898933,55.79933284162532,55.79933284162532,0.8168055555555556,pool=fp32_values_torch_sum_acc_fp32,score=fp32_values_torch_matmul_acc_fp32_tf32_disabled
R3,40,0.9,"repr=nvfp4, pool=fp32/native, score=fp32/native",fp32,nvfp4,native,7200,0.9780089153046062,0.014367563247116855,0.9446351617851143,0.9888822115384616,0.9997743103280095,0.00225830078125,0.51171875,0.578125,0.9780089153046062,1.0,0.0,1,0,0.0017587422944597081,0.002672416944128798,0.14204683899879456,0.9915606677532196,0.14203844219446182,6.145238876342773e-05,0.0004594307392835617,0.0009481720626354218,0.0017216989336745797,0.011673746083283665,0.5986111111111111,0.0021020974963903427,34.206928952473326,34.206928952473326,0.8034722222222223,pool=fp32_values_torch_sum_acc_fp32,score=fp32_values_torch_matmul_acc_fp32_tf32_disabled
R3,40,0.95,"repr=nvfp4, pool=fp32/native, score=fp32/native",fp32,nvfp4,native,7200,0.9677753141167775,0.01885994377501332,0.9298347347057117,0.9836237980769231,0.9997743103280095,0.0016632080078125,0.3984375,0.42578125,0.9677753141167775,1.0,0.0,1,0,0.0024668156877151338,0.002447340403573822,0.24172234535217285,0.9756861925125122,0.24164415895938873,9.912252426147461e-05,0.0007823240011930466,0.0015069451183080673,0.0017372098713805619,0.013530396191692851,0.5884722222222222,0.0024392902851104736,24.608839446782923,24.608839446782923,0.7879166666666667,pool=fp32_values_torch_sum_acc_fp32,score=fp32_values_torch_matmul_acc_fp32_tf32_disabled
R3,48,0.8,"repr=nvfp4, pool=fp32/native, score=fp32/native",fp32,nvfp4,native,7200,0.9816251768385363,0.010854832495563072,0.9566636984268329,0.9907273968446602,0.9997447624786526,0.00373077392578125,0.71875,0.955078125,0.9816251768385363,1.0,0.0,1,0,0.0010960815615486553,0.003118350654763751,0.058659931644797325,0.9985554814338684,0.05834735557436943,4.6807341277599335e-05,0.00023694895207881927,0.0007066473364830018,0.002493669236869293,0.014779570609066562,0.6569444444444444,0.004295773804187775,91.77564217354106,91.77564217354106,0.8855555555555555,pool=fp32_values_torch_sum_acc_fp32,score=fp32_values_torch_matmul_acc_fp32_tf32_disabled
R3,48,0.9,"repr=nvfp4, pool=fp32/native, score=fp32/native",fp32,nvfp4,native,7200,0.9772744151503899,0.014649913535301318,0.9420818440440586,0.9885066105769231,0.9997447624786526,0.0023345947265625,0.5234375,0.59765625,0.9772744151503899,1.0,0.0,1,0,0.0017686845365479846,0.002790034220691972,0.1118469126522541,0.9948768615722656,0.11174986511468887,6.36167824268341e-05,0.000418003648519516,0.001041954755783081,0.002081823641733804,0.015789317869340107,0.6130555555555556,0.0028228648006916046,44.37295777946946,44.37295777946946,0.8694444444444445,pool=fp32_values_torch_sum_acc_fp32,score=fp32_values_torch_matmul_acc_fp32_tf32_disabled
R3,48,0.95,"repr=nvfp4, pool=fp32/native, score=fp32/native",fp32,nvfp4,native,7200,0.9680662329982259,0.017704510543427254,0.9298347347057117,0.9837740384615384,0.9997447624786526,0.00164794921875,0.39453125,0.421875,0.9680662329982259,1.0,0.0,1,0,0.002556319982170172,0.0025527833730921825,0.19953040778636932,0.9839844107627869,0.19980139285326004,0.00010201334953308105,0.0007217898964881897,0.0015365570783615113,0.0019451914850544432,0.0157843602634724,0.6020833333333333,0.003086559474468231,30.25642711072159,30.25642711072159,0.8583333333333333,pool=fp32_values_torch_sum_acc_fp32,score=fp32_values_torch_matmul_acc_fp32_tf32_disabled
R4,0,0.8,"repr=bf16, pool=bf16/native, score=bf16/native",bf16_acc_fp32,bf16,native,7200,0.991992143234872,0.00856936231295058,0.9733572818440352,0.9959799757281553,0.9999843358770097,0.001617431640625,0.3828125,0.4140625,0.9971218662425206,0.9757970851597917,134.0,249,0,0.0010528954075032762,0.0010406911741810414,0.16517643630504608,0.9880310297012329,0.165190190076828,-1.7434358596801758e-06,0.00014750100672245026,0.00023919343948364258,0.0005372564801715202,0.002320327311840023,0.48305555555555557,-0.00016608089208602905,95.26068376068376,95.26068376068376,0.45625,pool=bf16_values_torch_sum_acc_fp32,score=bf16_values_torch_matmul_acc_fp32
R4,0,0.9,"repr=bf16, pool=bf16/native, score=bf16/native",bf16_acc_fp32,bf16,native,7200,0.9870139562653929,0.014062018009443844,0.9606745710287944,0.9934645432692307,0.9999843358770097,0.0013275146484375,0.31640625,0.33984375,0.9959517205187796,0.9655961609449981,118.0,235,0,0.001541732870714268,0.0012285261229188305,0.24319207668304443,0.975816547870636,0.2432190403342247,8.441507816314697e-06,0.00034090131521224976,0.0006864942610263824,0.0007858874989941547,0.0033239692991138166,0.5290277777777778,-0.000258423388004303,-30.61341571050309,30.61341571050309,0.4359722222222222,pool=bf16_values_torch_sum_acc_fp32,score=bf16_values_torch_matmul_acc_fp32
R4,0,0.95,"repr=bf16, pool=bf16/native, score=bf16/native",bf16_acc_fp32,bf16,native,7200,0.9806576402321083,0.02261494377262352,0.9410906969962088,0.990234375,0.9999843358770097,0.0009918212890625,0.24609375,0.25390625,0.9946059334731795,0.9533382245047689,99.0,230,0,0.0023599997629232742,0.001294343065269662,0.332445353269577,0.9555175304412842,0.33297792077064514,7.009506225585938e-05,0.0006167888641357422,0.0014303326606750488,0.0009728968882461431,0.004425531911244328,0.5944444444444444,-0.0002638399600982666,-3.764030612244898,3.764030612244898,0.4379166666666667,pool=bf16_values_torch_sum_acc_fp32,score=bf16_values_torch_matmul_acc_fp32
R4,1,0.8,"repr=bf16, pool=bf16/native, score=bf16/native",bf16_acc_fp32,bf16,native,7200,0.9933474448140308,0.0066244344354385865,0.977497417453549,0.9966626213592233,0.9999874519661555,0.0013427734375,0.32421875,0.34375,0.9973487861227891,0.9779461405746006,118.0,252,0,0.0010765867599098426,0.0008619529327122134,0.15588124096393585,0.9897205829620361,0.15605959296226501,-8.238479495048523e-06,0.00012765079736709595,0.00017364472150802613,0.0004685817469852989,0.0023849040260506436,0.43277777777777776,-3.276020288467407e-05,3.976486547592132,3.976486547592132,0.5216666666666666,pool=bf16_values_torch_sum_acc_fp32,score=bf16_values_torch_matmul_acc_fp32
R4,1,0.9,"repr=bf16, pool=bf16/native, score=bf16/native",bf16_acc_fp32,bf16,native,7200,0.9890922674635786,0.011126415504553067,0.9639939367943701,0.9945162259615384,0.9999874519661555,0.0011138916015625,0.2734375,0.28515625,0.9964007198560288,0.9692307692307692,106.0,247,0,0.0015726792387741884,0.0010271739554945495,0.23935963213443756,0.9764222502708435,0.23927844315767288,2.808868885040283e-06,0.00028272392228245735,0.0005678564310073852,0.0006515891393179818,0.0031175996819760273,0.5111111111111111,-7.041171193122864e-05,-25.06763925729443,25.06763925729443,0.4945833333333333,pool=bf16_values_torch_sum_acc_fp32,score=bf16_values_torch_matmul_acc_fp32
R4,1,0.95,"repr=bf16, pool=bf16/native, score=bf16/native",bf16_acc_fp32,bf16,native,7200,0.9827226690497468,0.017682164292304625,0.9453456086511765,0.9912860576923077,0.9999874519661555,0.000885009765625,0.22265625,0.2265625,0.9952038369304557,0.9573592118806058,90.0,236,0,0.002382271914581892,0.0011347528967840489,0.34140948951244354,0.9537103772163391,0.34132105112075806,5.7481229305267334e-05,0.0006059855222702026,0.0013458460569381713,0.0008756311450069046,0.004236836197513734,0.5791666666666667,-4.89652156829834e-05,-0.8518470511989631,0.8518470511989631,0.4866666666666667,pool=bf16_values_torch_sum_acc_fp32,score=bf16_values_torch_matmul_acc_fp32
R4,10,0.8,"repr=bf16, pool=bf16/native, score=bf16/native",bf16_acc_fp32,bf16,native,7200,0.9946291463368508,0.004674270047702045,0.9848695848545297,0.9973073422330098,0.9999894770478561,0.0010833740234375,0.265625,0.27734375,0.9977271005379196,0.9816624079362694,100.0,249,0,0.0011159697270501589,0.0006996378023123854,0.11408936232328415,0.9947020411491394,0.11415119469165802,-1.0883435606956482e-05,0.0001065768301486969,9.825974702835084e-05,0.0004925453180635638,0.0024067177126701764,0.3998611111111111,0.00025333743542432785,-23.277340407325003,23.277340407325003,0.6920833333333334,pool=bf16_values_torch_sum_acc_fp32,score=bf16_values_torch_matmul_acc_fp32
R4,10,0.9,"repr=bf16, pool=bf16/native, score=bf16/native",bf16_acc_fp32,bf16,native,7200,0.9908771405069917,0.00877369923330329,0.9734637906752649,0.9954176682692307,0.9999894770478561,0.0009307861328125,0.23046875,0.23828125,0.996999699969997,0.9743418613274009,92.0,245,0,0.0016857119040841078,0.000883844773367084,0.19075603783130646,0.9850319027900696,0.19070332497358322,-7.5623393058776855e-06,0.00020621716976165771,0.0002985954284667969,0.000612441087176539,0.0026910116078869193,0.4622222222222222,0.0002656280994415283,-35.12512315270936,35.12512315270936,0.6586111111111111,pool=bf16_values_torch_sum_acc_fp32,score=bf16_values_torch_matmul_acc_fp32
R4,10,0.95,"repr=bf16, pool=bf16/native, score=bf16/native",bf16_acc_fp32,bf16,native,7200,0.9844961240310077,0.01476139150953859,0.9556195435092478,0.9921875,0.9999894770478561,0.00079345703125,0.19921875,0.203125,0.995502923099985,0.9619749447310243,83.0,246,0,0.002363423657726173,0.001007913251903093,0.29476553201675415,0.9649993479251862,0.2945808917284012,6.496906280517578e-06,0.0004390217363834381,0.0008033335208892823,0.0008104768269623859,0.00388956930144349,0.5129166666666667,0.00044723600149154663,68.83830275229357,68.83830275229357,0.6390277777777778,pool=bf16_values_torch_sum_acc_fp32,score=bf16_values_torch_matmul_acc_fp32
R4,25,0.8,"repr=bf16, pool=bf16/native, score=bf16/native",bf16_acc_fp32,bf16,native,7200,0.9948555000756544,0.003997407890775295,0.9862152084667244,0.9974211165048543,0.9999896973888415,0.00103759765625,0.25390625,0.265625,0.9978027806190097,0.9818858281032733,95.0,245,0,0.0011188803158806787,0.0006624994340499978,0.09223321080207825,0.9964675903320312,0.09229132533073425,-1.0213814675807953e-05,9.942706674337387e-05,9.050443768501281e-05,0.000552466874346057,0.0029267688480809034,0.39875,0.00048705749213695526,-47.6861493571624,47.6861493571624,0.7763888888888889,pool=bf16_values_torch_sum_acc_fp32,score=bf16_values_torch_matmul_acc_fp32
R4,25,0.9,"repr=bf16, pool=bf16/native, score=bf16/native",bf16_acc_fp32,bf16,native,7200,0.9914728102326277,0.007441444463077818,0.9757997192562768,0.9957181490384616,0.9999896973888415,0.0008697509765625,0.21875,0.22265625,0.9971495011627035,0.9756604333630158,87.0,241,0,0.0017155456359580728,0.0008417710702509503,0.16178125888109207,0.9890232086181641,0.16185276210308075,-7.519032806158066e-06,0.000203695148229599,0.000282413512468338,0.0006934717200066379,0.0031877999526009433,0.4577777777777778,0.00047801434993743896,-63.57391465906979,63.57391465906979,0.7398611111111111,pool=bf16_values_torch_sum_acc_fp32,score=bf16_values_torch_matmul_acc_fp32
R4,25,0.95,"repr=bf16, pool=bf16/native, score=bf16/native",bf16_acc_fp32,bf16,native,7200,0.9853840417598807,0.013299077434224649,0.9587992937021778,0.9926382211538461,0.9999896973888415,0.0007476806640625,0.1875,0.19140625,0.9958020989505247,0.9631322813744285,79.0,235,0,0.002392954567760646,0.0009643595219183763,0.2659650295972824,0.9707839488983154,0.2658453732728958,4.7013163566589355e-06,0.0004310719668865204,0.0007374003529548645,0.0008634898361640543,0.004254327095714503,0.5129166666666667,0.0007530227303504944,160.1727416798732,160.1727416798732,0.7159722222222222,pool=bf16_values_torch_sum_acc_fp32,score=bf16_values_torch_matmul_acc_fp32
R4,40,0.8,"repr=bf16, pool=bf16/native, score=bf16/native",bf16_acc_fp32,bf16,native,7200,0.9950064311114474,0.0035456748829542084,0.9872630666616423,0.9974969660194175,0.9999895682982519,0.001007080078125,0.25,0.2578125,0.9977271005379196,0.9815134891410536,94.0,244,0,0.001108028098768531,0.0006350189876415146,0.0758044496178627,0.9976535439491272,0.07580089196562767,-6.563961505889893e-06,8.885562419891357e-05,9.783059358596802e-05,0.0005994493691854689,0.0032977570071143283,0.40902777777777777,0.0007405169308185577,-112.8155505107832,112.8155505107832,0.8497222222222223,pool=bf16_values_torch_sum_acc_fp32,score=bf16_values_torch_matmul_acc_fp32
R4,40,0.9,"repr=bf16, pool=bf16/native, score=bf16/native",bf16_acc_fp32,bf16,native,7200,0.9917707787835714,0.006255483053622113,0.9775681497437422,0.9958683894230769,0.9999895682982519,0.0008392333984375,0.20703125,0.21484375,0.9971495011627035,0.9762470308788599,84.0,238,0,0.0017587422944597081,0.0008085347039685223,0.1421731859445572,0.9915728271007538,0.14203844219446182,-6.298534572124481e-06,0.00019187293946743011,0.0002790473401546478,0.0007371638561439924,0.0035427274132634676,0.4568055555555556,0.0007169842720031738,-113.83350584060328,113.83350584060328,0.8243055555555555,pool=bf16_values_torch_sum_acc_fp32,score=bf16_values_torch_matmul_acc_fp32
R4,40,0.95,"repr=bf16, pool=bf16/native, score=bf16/native",bf16_acc_fp32,bf16,native,7200,0.9859764284648664,0.011833713567238724,0.961107837360047,0.9929387019230769,0.9999895682982519,0.0007171630859375,0.1796875,0.18359375,0.9958020989505247,0.9642909842113029,75.0,225,0,0.0024668156877151338,0.0009481463984648642,0.24173004925251007,0.9758123159408569,0.24164415895938873,-7.916241884231567e-07,0.00040441006422042847,0.0007294699549674988,0.0009041663668552143,0.004578799381473702,0.49722222222222223,0.001016870141029358,-1284.5364705882353,1284.5364705882353,0.7880555555555555,pool=bf16_values_torch_sum_acc_fp32,score=bf16_values_torch_matmul_acc_fp32
R4,48,0.8,"repr=bf16, pool=bf16/native, score=bf16/native",bf16_acc_fp32,bf16,native,7200,0.9950064311114474,0.003319480434441302,0.9883869994721364,0.9974969660194175,0.9999896839927932,0.001007080078125,0.25,0.2578125,0.997651426190386,0.9806948356807512,92.0,241,0,0.0010960815615486553,0.0006142026147734493,0.05835269205272198,0.9985632002353668,0.05834735557436943,-4.0405429899692535e-06,7.30251194909215e-05,8.189417421817779e-05,0.0006324193982347302,0.0036799430899727937,0.4127777777777778,0.000958496704697609,-237.2197764204218,237.2197764204218,0.8965277777777778,pool=bf16_values_torch_sum_acc_fp32,score=bf16_values_torch_matmul_acc_fp32
R4,48,0.9,"repr=bf16, pool=bf16/native, score=bf16/native",bf16_acc_fp32,bf16,native,7200,0.9920688365132809,0.005661413872911636,0.9806576402321084,0.9960186298076923,0.9999896839927932,0.0008087158203125,0.203125,0.20703125,0.9971495011627035,0.9755138383913334,82.0,218,0,0.0017686845365479846,0.0007804102945402112,0.11186068505048752,0.9948788583278656,0.11174986511468887,-3.9637088775634766e-06,0.000155656598508358,0.0002620860934257507,0.0007795405134004614,0.004028204280232386,0.46208333333333335,0.0009364839643239975,-236.26456766917292,236.26456766917292,0.8751388888888889,pool=bf16_values_torch_sum_acc_fp32,score=bf16_values_torch_matmul_acc_fp32
R4,48,0.95,"repr=bf16, pool=bf16/native, score=bf16/native",bf16_acc_fp32,bf16,native,7200,0.987162263024332,0.009775897797432154,0.965160909359315,0.9935396634615384,0.9999896839927932,0.0006561279296875,0.16796875,0.16796875,0.9958020989505247,0.964870848708487,71.0,213,0,0.002556319982170172,0.0009091507924662936,0.1997242495417595,0.9840504229068756,0.19980139285326004,1.778826117515564e-07,0.0003466866910457611,0.0006980463862419128,0.0009393370641257832,0.005024058715339995,0.5009722222222223,0.0012817280367016792,7205.471204188481,7205.471204188481,0.8419444444444445,pool=bf16_values_torch_sum_acc_fp32,score=bf16_values_torch_matmul_acc_fp32
R4L,0,0.8,"repr=bf16, pool=bf16/low, score=bf16/low",bf16_acc_bf16,bf16,native,7200,0.9646822144400566,0.02685467408654474,0.9041394981648259,0.9820236650485437,0.9996004910350693,0.007232666015625,0.91796875,1.8515625,0.9847201836588763,0.9585530713808215,132.0,244,0,0.0010528954075032762,0.006943171943704514,0.1648242324590683,0.9880983829498291,0.165190190076828,-3.113597631454468e-05,0.00037728622555732727,0.0003806520253419876,0.0013460935961035303,0.006522368651235832,0.44513888888888886,-0.0007316917181015015,23.49988035415171,23.49988035415171,0.4013888888888889,pool=bf16_values_sequential_acc_bf16,score=bf16_values_sequential_rank1_acc_bf16
R4L,0,0.9,"repr=bf16, pool=bf16/low, score=bf16/low",bf16_acc_bf16,bf16,native,7200,0.9461988304093567,0.04384488088448957,0.8640276415890623,0.9723557692307693,0.9996004910350693,0.005615234375,0.859375,1.4375,0.9791852512637526,0.9379822390449847,119.0,236,0,0.001541732870714268,0.007510022445991,0.24288520961999893,0.9759085774421692,0.2432190403342247,-4.747509956359863e-05,0.0007138475775718689,0.0007744431495666504,0.0015158794199545702,0.008473898736768164,0.4593055555555556,-0.0011145621538162231,23.476773383553045,23.476773383553045,0.40347222222222223,pool=bf16_values_sequential_acc_bf16,score=bf16_values_sequential_rank1_acc_bf16
R4L,0,0.95,"repr=bf16, pool=bf16/low, score=bf16/low",bf16_acc_bf16,bf16,native,7200,0.9214780600461894,0.06492863368841251,0.8136239782016348,0.9591346153846154,0.9996004910350693,0.004150390625,0.7578125,1.0625,0.9721481481481481,0.9112706389088299,98.0,227,0,0.0023599997629232742,0.007888692080389233,0.33211439847946167,0.9554848074913025,0.33297792077064514,-6.836652755737305e-05,0.0012036040425300598,0.0013772353529930114,0.0019043633090793204,0.008414153202869685,0.4623611111111111,-0.0011613965034484863,16.987794245858762,16.987794245858762,0.43875,pool=bf16_values_sequential_acc_bf16,score=bf16_values_sequential_rank1_acc_bf16
R4L,1,0.8,"repr=bf16, pool=bf16/low, score=bf16/low",bf16_acc_bf16,bf16,native,7200,0.9687896662435601,0.02207575487374358,0.9176692407218251,0.9841474514563107,0.9996841114964117,0.006378173828125,0.890625,1.6328125,0.9860656046397771,0.9626349088202456,118.0,249,0,0.0010765867599098426,0.006036816660372389,0.15593278408050537,0.989723265171051,0.15605959296226501,-3.538653254508972e-05,0.0003419721033424139,0.0003241337835788727,0.0012120655098459936,0.007544303424866683,0.42736111111111114,-0.00018309615552425385,5.174176229076745,5.174176229076745,0.4925,pool=bf16_values_sequential_acc_bf16,score=bf16_values_sequential_rank1_acc_bf16
R4L,1,0.9,"repr=bf16, pool=bf16/low, score=bf16/low",bf16_acc_bf16,bf16,native,7200,0.9511909124221326,0.03491664916519732,0.8753191688607126,0.9749849759615384,0.9996841114964117,0.0050811767578125,0.82421875,1.30078125,0.9810997842101347,0.9440671778021176,106.0,249,0,0.0015726792387741884,0.0067408841923362155,0.23937246948480606,0.976464182138443,0.23927844315767288,-4.5746564865112305e-05,0.0006692621391266584,0.000912320613861084,0.0014922267841210063,0.008661703381400713,0.4554166666666667,-0.0003262273967266083,7.1311889250814335,7.1311889250814335,0.4861111111111111,pool=bf16_values_sequential_acc_bf16,score=bf16_values_sequential_rank1_acc_bf16
R4L,1,0.95,"repr=bf16, pool=bf16/low, score=bf16/low",bf16_acc_bf16,bf16,native,7200,0.9278783490224475,0.05278250938293583,0.8205564803064954,0.9625901442307693,0.9996841114964117,0.0037994384765625,0.724609375,0.97265625,0.9747811897344608,0.9187085615451138,89.0,236,0,0.002382271914581892,0.0070012705440651475,0.3415371775627136,0.9537049233913422,0.34132105112075806,-2.7388334274291992e-05,0.0012726113200187683,0.0016676843166351317,0.0019198827130201663,0.010223541724615306,0.4855555555555556,-0.00015832111239433289,5.7806039173014145,5.7806039173014145,0.5033333333333333,pool=bf16_values_sequential_acc_bf16,score=bf16_values_sequential_rank1_acc_bf16
R4L,10,0.8,"repr=bf16, pool=bf16/low, score=bf16/low",bf16_acc_bf16,bf16,native,7200,0.9733942042943935,0.015709220328593343,0.9423225663879784,0.9865177487864079,0.9997346996158563,0.00542449951171875,0.84375,1.388671875,0.9880871597677751,0.9683487608241266,100.0,244,0,0.0011159697270501589,0.005185713843189384,0.11405365541577339,0.994693398475647,0.11415119469165802,-9.153038263320923e-06,0.00029570702463388443,0.00031215474009513853,0.0014219674243319742,0.00819926623170948,0.47597222222222224,0.0013231374323368073,-144.55718355718355,144.55718355718355,0.6716666666666666,pool=bf16_values_sequential_acc_bf16,score=bf16_values_sequential_rank1_acc_bf16
R4L,10,0.9,"repr=bf16, pool=bf16/low, score=bf16/low",bf16_acc_bf16,bf16,native,7200,0.9582230067666961,0.026857661946179445,0.9036179036179035,0.9786658653846154,0.9997346996158563,0.00433349609375,0.7734375,1.109375,0.9842003279177225,0.9514769478853624,92.0,248,0,0.0016857119040841078,0.005916986706674556,0.19057509303092957,0.9850448966026306,0.19070332497358322,-1.6726553440093994e-05,0.0006229430437088013,0.0007730409502983093,0.0017204388775028437,0.011076492447839802,0.47888888888888886,0.0013266727328300476,-79.31536748329621,79.31536748329621,0.6563888888888889,pool=bf16_values_sequential_acc_bf16,score=bf16_values_sequential_rank1_acc_bf16
R4L,10,0.95,"repr=bf16, pool=bf16/low, score=bf16/low",bf16_acc_bf16,bf16,native,7200,0.9334785766158316,0.042573512376463674,0.8499166203446359,0.9655949519230769,0.9997346996158563,0.0034942626953125,0.6953125,0.89453125,0.9765404602821084,0.9262046013601505,82.0,238,0,0.002363423657726173,0.006246807874651393,0.29448069632053375,0.9649555385112762,0.2945808917284012,5.4836273193359375e-06,0.0012051993981003761,0.0017312362790107727,0.002097466296272244,0.013845667802714522,0.5036111111111111,0.0023019760847091675,419.7907608695652,419.7907608695652,0.6595833333333333,pool=bf16_values_sequential_acc_bf16,score=bf16_values_sequential_rank1_acc_bf16
R4L,25,0.8,"repr=bf16, pool=bf16/low, score=bf16/low",bf16_acc_bf16,bf16,native,7200,0.9739481958377002,0.013728638505707269,0.9461214849804414,0.9868021844660194,0.9997067104490225,0.00531005859375,0.83984375,1.359375,0.9874128509515734,0.969010193032894,95.0,247,0,0.0011188803158806787,0.005126182024137796,0.09218819066882133,0.996455043554306,0.09229132533073425,5.559995770454407e-07,0.00028614792972803116,0.0003654260188341141,0.0017287511293537683,0.010585453849607815,0.5034722222222222,0.0026602912694215775,4784.700167504187,4784.700167504187,0.7623611111111112,pool=bf16_values_sequential_acc_bf16,score=bf16_values_sequential_rank1_acc_bf16
R4L,25,0.9,"repr=bf16, pool=bf16/low, score=bf16/low",bf16_acc_bf16,bf16,native,7200,0.9593759199293495,0.02333015029957397,0.9094886322886035,0.9792668269230769,0.9997067104490225,0.00421142578125,0.765625,1.078125,0.9844961240310077,0.9531949233365123,87.0,243,0,0.0017155456359580728,0.005856525147041617,0.16193681955337524,0.9890138506889343,0.16185276210308075,1.2682750821113586e-05,0.0006079571321606636,0.0008904203772544861,0.0020266520723732284,0.012717735336346883,0.5155555555555555,0.002403147518634796,189.48156851226318,189.48156851226318,0.7431944444444445,pool=bf16_values_sequential_acc_bf16,score=bf16_values_sequential_rank1_acc_bf16
R4L,25,0.95,"repr=bf16, pool=bf16/low, score=bf16/low",bf16_acc_bf16,bf16,native,7200,0.9354463506833381,0.03755766769992952,0.8594775806676909,0.9666466346153846,0.9997067104490225,0.003387451171875,0.68359375,0.8671875,0.9768339768339769,0.927599189110918,79.0,234,0,0.002392954567760646,0.00612839544032385,0.2660491317510605,0.9707238972187042,0.2658453732728958,6.715953350067139e-05,0.0012875907123088837,0.0018490608781576157,0.002487718009566867,0.016063167131251076,0.5381944444444444,0.0035673528909683228,53.117594852451745,53.117594852451745,0.7294444444444445,pool=bf16_values_sequential_acc_bf16,score=bf16_values_sequential_rank1_acc_bf16
R4L,40,0.8,"repr=bf16, pool=bf16/low, score=bf16/low",bf16_acc_bf16,bf16,native,7200,0.9735788331275027,0.013278813141839096,0.9479149930804814,0.9866125606796117,0.999662862325746,0.0053863525390625,0.84765625,1.37890625,0.9860656046397771,0.9686426758249963,94.0,239,0,0.001108028098768531,0.005226026130489451,0.07565667107701302,0.9976590871810913,0.07580089196562767,5.156383849680424e-06,0.00029568164609372616,0.00044852495193481445,0.002170688971293816,0.013618570308661617,0.5175,0.004487939178943634,870.3656108188653,870.3656108188653,0.8363888888888888,pool=bf16_values_sequential_acc_bf16,score=bf16_values_sequential_rank1_acc_bf16
R4L,40,0.9,"repr=bf16, pool=bf16/low, score=bf16/low",bf16_acc_bf16,bf16,native,7200,0.9596643603709701,0.02032811691630354,0.9174579858595463,0.9794170673076923,0.999662862325746,0.004180908203125,0.765625,1.0703125,0.9839046199701937,0.9540550458715596,84.0,237,0,0.0017587422944597081,0.00586908113793772,0.14234250038862228,0.9915626347064972,0.14203844219446182,3.7087127566337585e-05,0.000620625913143158,0.0009543031454086303,0.0023915312994291713,0.014392388610889904,0.5479166666666667,0.003776188939809799,101.8193963135955,101.8193963135955,0.8206944444444444,pool=bf16_values_sequential_acc_bf16,score=bf16_values_sequential_rank1_acc_bf16
R4L,40,0.95,"repr=bf16, pool=bf16/low, score=bf16/low",bf16_acc_bf16,bf16,native,7200,0.9371362048894063,0.03260639681611943,0.8688623570606578,0.9675480769230769,0.999662862325746,0.0032958984375,0.67578125,0.84375,0.9768339768339769,0.9289957977104767,74.0,231,0,0.0024668156877151338,0.006126740320702545,0.24203459918498993,0.9756298065185547,0.24164415895938873,0.00010881107300519943,0.0013133678585290909,0.0020717114210128786,0.002853202655885111,0.018406969454698073,0.5636111111111111,0.005170553922653198,47.51863739461634,47.51863739461634,0.8073611111111111,pool=bf16_values_sequential_acc_bf16,score=bf16_values_sequential_rank1_acc_bf16
R4L,48,0.8,"repr=bf16, pool=bf16/low, score=bf16/low",bf16_acc_bf16,bf16,native,7200,0.9721765145848915,0.013481468830758292,0.9492109607419715,0.9858919902912622,0.9995865971552262,0.00567626953125,0.8671875,1.453125,0.9836003911833295,0.9671006005445932,92.0,236,0,0.0010960815615486553,0.005452692387956974,0.05847973749041557,0.9985546171665192,0.05834735557436943,7.340451702475548e-06,0.00025799311697483063,0.0004104316234588623,0.002583961766594107,0.015525738040575516,0.5316666666666666,0.006098773330450058,830.8444190693691,830.8444190693691,0.8965277777777778,pool=bf16_values_sequential_acc_bf16,score=bf16_values_sequential_rank1_acc_bf16
R4L,48,0.9,"repr=bf16, pool=bf16/low, score=bf16/low",bf16_acc_bf16,bf16,native,7200,0.9595201295355855,0.018587038980959925,0.9257796540783685,0.9793419471153846,0.9995865971552262,0.0041961669921875,0.76953125,1.07421875,0.9813946565453598,0.9540550458715596,82.0,227,0,0.0017686845365479846,0.005974026885802685,0.11199106648564339,0.9948656558990479,0.11174986511468887,5.095603410154581e-05,0.0005711903795599937,0.0010489791631698609,0.0028614966494873387,0.017398876583248755,0.5709722222222222,0.005054201930761337,99.18750585434616,99.18750585434616,0.8868055555555555,pool=bf16_values_sequential_acc_bf16,score=bf16_values_sequential_rank1_acc_bf16
R4L,48,0.95,"repr=bf16, pool=bf16/low, score=bf16/low",bf16_acc_bf16,bf16,native,7200,0.9388290125254879,0.02787187037116856,0.8831517895034657,0.9684495192307693,0.9995865971552262,0.003204345703125,0.6640625,0.8203125,0.9753672651728743,0.9306744017403916,71.0,211,0,0.002556319982170172,0.006196863200306151,0.19995980709791183,0.9838618338108063,0.19980139285326004,0.0001261979341506958,0.0012026429176330566,0.002215197682380676,0.003286503880278738,0.024402537944390148,0.58125,0.00641651451587677,50.844845908607866,50.844845908607866,0.8706944444444444,pool=bf16_values_sequential_acc_bf16,score=bf16_values_sequential_rank1_acc_bf16
R5,0,0.8,"repr=nvfp4, pool=bf16/native, score=bf16/native",bf16_acc_fp32,nvfp4,native,7200,0.9757970851597917,0.013455532214992405,0.9474797911918618,0.9877503033980582,0.9997235604226158,0.0049285888671875,0.8203125,1.26171875,0.977352830896138,0.992067389415631,133.0,248,0,0.0010528954075032762,0.00406680168234623,0.1650959551334381,0.9880258440971375,0.165190190076828,4.559755325317383e-06,0.0003750626929104328,0.0005851089954376221,0.0012585130209283486,0.007997361759632057,0.5101388888888889,-0.00041078031063079834,-90.08823529411765,90.08823529411765,0.415,pool=bf16_values_torch_sum_acc_fp32,score=bf16_values_torch_matmul_acc_fp32
R5,0,0.9,"repr=nvfp4, pool=bf16/native, score=bf16/native",bf16_acc_fp32,nvfp4,native,7200,0.9655961609449981,0.01956946778848745,0.9266227657572907,0.9824969951923077,0.9997235604226158,0.0035552978515625,0.69140625,0.91015625,0.9686483288967761,0.987162263024332,119.0,242,0,0.001541732870714268,0.003982406576415355,0.24295810610055923,0.9757489562034607,0.2432190403342247,3.299117088317871e-05,0.000626787543296814,0.0012298524379730225,0.001409324310863738,0.007615416260293048,0.5354166666666667,-0.000609956681728363,-18.488482384823847,18.488482384823847,0.4152777777777778,pool=bf16_values_torch_sum_acc_fp32,score=bf16_values_torch_matmul_acc_fp32
R5,0,0.95,"repr=nvfp4, pool=bf16/native, score=bf16/native",bf16_acc_fp32,nvfp4,native,7200,0.9530516431924883,0.02747687297828838,0.9063303302948628,0.9759615384615384,0.9997235604226158,0.00244140625,0.54296875,0.625,0.9576470588235294,0.9806576402321083,100.0,227,0,0.0023599997629232742,0.0037259351636427874,0.33289071917533875,0.9555291831493378,0.33297792077064514,0.00013802200555801392,0.0010981447994709015,0.0023030079901218414,0.0016575811966810464,0.009173257016293485,0.5968055555555556,-0.0006078779697418213,-4.404210526315789,4.404210526315789,0.4345833333333333,pool=bf16_values_torch_sum_acc_fp32,score=bf16_values_torch_matmul_acc_fp32
R5,1,0.8,"repr=nvfp4, pool=bf16/native, score=bf16/native",bf16_acc_fp32,nvfp4,native,7200,0.9779461405746006,0.012301143935610215,0.9526789350909024,0.9888501213592233,0.9997588225090984,0.004486083984375,0.78515625,1.1484375,0.9791338287172558,0.9933474448140308,118.0,250,0,0.0010765867599098426,0.0036858074724452506,0.15589361637830734,0.989709198474884,0.15605959296226501,-9.890645742416382e-07,0.0003254256444051862,0.00045754685997962953,0.0011640764366491773,0.007608063810752802,0.49805555555555553,-0.00012489408254623413,126.27495291902072,126.27495291902072,0.4961111111111111,pool=bf16_values_torch_sum_acc_fp32,score=bf16_values_torch_matmul_acc_fp32
R5,1,0.9,"repr=nvfp4, pool=bf16/native, score=bf16/native",bf16_acc_fp32,nvfp4,native,7200,0.9690851268397308,0.017741166579930634,0.9334715565062657,0.9842998798076923,0.9997588225090984,0.0031890869140625,0.6484375,0.81640625,0.9712720272471494,0.9889436724936501,106.0,243,0,0.0015726792387741884,0.0035254100641485763,0.2392994612455368,0.9764041900634766,0.23927844315767288,3.0741095542907715e-05,0.0005932711064815521,0.0010146880522370338,0.0013057299039690106,0.007863457195825355,0.5327777777777778,-0.00019142776727676392,-6.227096461463888,6.227096461463888,0.48277777777777775,pool=bf16_values_torch_sum_acc_fp32,score=bf16_values_torch_matmul_acc_fp32
R5,1,0.95,"repr=nvfp4, pool=bf16/native, score=bf16/native",bf16_acc_fp32,nvfp4,native,7200,0.9573592118806058,0.022693930595822698,0.9093516924842227,0.9782151442307693,0.9997588225090984,0.0022125244140625,0.50390625,0.56640625,0.9611078373600471,0.982427401340283,90.0,236,0,0.002382271914581892,0.003339439262446917,0.3414374887943268,0.9536420106887817,0.34132105112075806,0.00012253224849700928,0.0011195167899131775,0.0021486759185791017,0.0015987743659756012,0.009810113561155655,0.5833333333333334,-9.834766387939453e-05,-0.8026267785479752,0.8026267785479752,0.4875,pool=bf16_values_torch_sum_acc_fp32,score=bf16_values_torch_matmul_acc_fp32
R5,10,0.8,"repr=nvfp4, pool=bf16/native, score=bf16/native",bf16_acc_fp32,nvfp4,native,7200,0.9816624079362694,0.009966384475013412,0.9598595960487499,0.990746359223301,0.9997901524145872,0.00372314453125,0.70703125,0.953125,0.9827054665764343,0.9946291463368508,100.0,247,0,0.0011159697270501589,0.00311924458066877,0.11412766575813293,0.9947116672992706,0.11415119469165802,7.736030966043472e-06,0.00026232656091451645,0.0003964841365814209,0.0013073811644614395,0.008390576971817828,0.5293055555555556,0.0008834749460220337,114.20261241196653,114.20261241196653,0.6715277777777777,pool=bf16_values_torch_sum_acc_fp32,score=bf16_values_torch_matmul_acc_fp32
R5,10,0.9,"repr=nvfp4, pool=bf16/native, score=bf16/native",bf16_acc_fp32,nvfp4,native,7200,0.9741954619605517,0.016371507280598108,0.9417985559040186,0.9869290865384616,0.9997901524145872,0.002655029296875,0.5703125,0.6796875,0.9762470308788599,0.9908771405069917,91.0,246,0,0.0016857119040841078,0.0029867433875979147,0.19072040915489197,0.9850386381149292,0.19070332497358322,1.766253262758255e-05,0.00047587230801582336,0.0007822744548320771,0.0013641683953792753,0.00924747092889348,0.5272222222222223,0.0007425472140312195,42.040812022146056,42.040812022146056,0.6448611111111111,pool=bf16_values_torch_sum_acc_fp32,score=bf16_values_torch_matmul_acc_fp32
R5,10,0.95,"repr=nvfp4, pool=bf16/native, score=bf16/native",bf16_acc_fp32,nvfp4,native,7200,0.9619749447310243,0.021938303422284866,0.9214780600461895,0.9806189903846154,0.9997901524145872,0.0019683837890625,0.45703125,0.50390625,0.965160909359315,0.9844961240310077,82.0,239,0,0.002363423657726173,0.0028470335170668474,0.29476791620254517,0.9650106728076935,0.2945808917284012,8.748471736907959e-05,0.000895082950592041,0.0016413062810897827,0.0015373405459544348,0.010801228954453165,0.56375,0.0011253654956817627,12.86356668369954,12.86356668369954,0.6365277777777778,pool=bf16_values_torch_sum_acc_fp32,score=bf16_values_torch_matmul_acc_fp32
R5,25,0.8,"repr=nvfp4, pool=bf16/native, score=bf16/native",bf16_acc_fp32,nvfp4,native,7200,0.9818858281032733,0.009966384475013412,0.960008919943507,0.9908601334951457,0.9997835649173169,0.0036773681640625,0.70703125,0.94140625,0.9827800127833967,0.9948555000756544,96.0,247,0,0.0011188803158806787,0.003109111169165798,0.0923343189060688,0.9964485764503479,0.09229132533073425,2.9068440198898315e-05,0.0002695620059967041,0.0005198084749281406,0.0016832375800407144,0.010624571060525603,0.5818055555555556,0.0018639219924807549,64.1218441625016,64.1218441625016,0.7552777777777778,pool=bf16_values_torch_sum_acc_fp32,score=bf16_values_torch_matmul_acc_fp32
R5,25,0.9,"repr=nvfp4, pool=bf16/native, score=bf16/native",bf16_acc_fp32,nvfp4,native,7200,0.9755138383913334,0.01536532923649847,0.9437833102139155,0.9876051682692307,0.9997835649173169,0.0025177001953125,0.55078125,0.64453125,0.9775681497437421,0.9914728102326277,87.0,238,0,0.0017155456359580728,0.002947103464092487,0.16180090606212616,0.9890332818031311,0.16185276210308075,4.425644874572754e-05,0.000494612380862236,0.0009412571787834167,0.0016314972236024857,0.010655817651065986,0.5656944444444445,0.0014172792434692383,32.02424242424242,32.02424242424242,0.7302777777777778,pool=bf16_values_torch_sum_acc_fp32,score=bf16_values_torch_matmul_acc_fp32
R5,25,0.95,"repr=nvfp4, pool=bf16/native, score=bf16/native",bf16_acc_fp32,nvfp4,native,7200,0.9628428192273666,0.02109400491751212,0.922588099364529,0.9810697115384616,0.9997835649173169,0.001922607421875,0.4453125,0.4921875,0.9663220088626292,0.9853840417598807,79.0,234,0,0.002392954567760646,0.0027759434726184634,0.2660587280988693,0.970714658498764,0.2658453732728958,0.00013298913836479187,0.0009024105966091156,0.0017210721969604492,0.001735221990525027,0.011920143636445012,0.5988888888888889,0.0018829405307769775,14.158603882461694,14.158603882461694,0.7154166666666667,pool=bf16_values_torch_sum_acc_fp32,score=bf16_values_torch_matmul_acc_fp32
R5,40,0.8,"repr=nvfp4, pool=bf16/native, score=bf16/native",bf16_acc_fp32,nvfp4,native,7200,0.9815879457408033,0.010482692750271583,0.9585530713808215,0.9907084344660194,0.9997724098210661,0.0037384033203125,0.71484375,0.95703125,0.9823328196068113,0.9949309627387932,95.0,242,0,0.001108028098768531,0.00318085542032574,0.07589536160230637,0.9976637959480286,0.07580089196562767,4.083849489688873e-05,0.00027731340378522873,0.0006460700184106827,0.002171311995742899,0.014403084900047153,0.6161111111111112,0.0032790806144475937,80.29386545039908,80.29386545039908,0.8281944444444445,pool=bf16_values_torch_sum_acc_fp32,score=bf16_values_torch_matmul_acc_fp32
R5,40,0.9,"repr=nvfp4, pool=bf16/native, score=bf16/native",bf16_acc_fp32,nvfp4,native,7200,0.9762470308788599,0.014927413765243092,0.9427833382637612,0.9879807692307693,0.9997724098210661,0.00244140625,0.54296875,0.625,0.9778619716217221,0.9917707787835714,84.0,241,0,0.0017587422944597081,0.0029583322740436143,0.14216690510511398,0.9915550351142883,0.14203844219446182,4.476308822631836e-05,0.0005162777379155159,0.0009448602795600891,0.001968559326811616,0.012678266092379094,0.5640277777777778,0.0023044608533382416,51.481274966711055,51.481274966711055,0.8094444444444444,pool=bf16_values_torch_sum_acc_fp32,score=bf16_values_torch_matmul_acc_fp32
R5,40,0.95,"repr=nvfp4, pool=bf16/native, score=bf16/native",bf16_acc_fp32,nvfp4,native,7200,0.9642909842113029,0.021106441863391612,0.9242416596021004,0.9818209134615384,0.9997724098210661,0.0018463134765625,0.43359375,0.47265625,0.9674844812296778,0.9862727544016712,75.0,227,0,0.0024668156877151338,0.0028041812441026446,0.24160602688789368,0.9757453501224518,0.24164415895938873,0.00010776519775390625,0.0008989404886960983,0.0017247438430786134,0.002008042631956355,0.013867575666001544,0.5901388888888889,0.002707734704017639,25.12624446902655,25.12624446902655,0.7845833333333333,pool=bf16_values_torch_sum_acc_fp32,score=bf16_values_torch_matmul_acc_fp32
R5,48,0.8,"repr=nvfp4, pool=bf16/native, score=bf16/native",bf16_acc_fp32,nvfp4,native,7200,0.9806948356807512,0.01069729565710631,0.9560830860534123,0.9902533373786407,0.9997421902187871,0.0039215087890625,0.73828125,1.00390625,0.9815134891410536,0.9950819051942648,92.0,243,0,0.0010960815615486553,0.0033233801758392563,0.05867940001189709,0.998555451631546,0.05834735557436943,3.420189023017883e-05,0.0002362981904298067,0.000604364462196827,0.002530456055356099,0.015085740667008535,0.6133333333333333,0.004510977305471897,131.89263152162073,131.89263152162073,0.8936111111111111,pool=bf16_values_torch_sum_acc_fp32,score=bf16_values_torch_matmul_acc_fp32
R5,48,0.9,"repr=nvfp4, pool=bf16/native, score=bf16/native",bf16_acc_fp32,nvfp4,native,7200,0.9755138383913334,0.014773394252136196,0.9405247813411078,0.9876051682692307,0.9997421902187871,0.0025177001953125,0.5546875,0.64453125,0.9771275805732957,0.9919197964985785,82.0,227,0,0.0017686845365479846,0.0030632286666771335,0.11186400800943375,0.9948701560497284,0.11174986511468887,6.178021430969238e-05,0.00045309728011488914,0.0010228948667645454,0.0022880646340673453,0.015466527669731944,0.6027777777777777,0.003015417605638504,48.808791606367585,48.808791606367585,0.8716666666666667,pool=bf16_values_torch_sum_acc_fp32,score=bf16_values_torch_matmul_acc_fp32
R5,48,0.95,"repr=nvfp4, pool=bf16/native, score=bf16/native",bf16_acc_fp32,nvfp4,native,7200,0.964870848708487,0.019669415381941002,0.9275991891109181,0.9821213942307693,0.9997421902187871,0.0018157958984375,0.4296875,0.46484375,0.9677753141167775,0.987162263024332,71.0,209,0,0.002556319982170172,0.002892972042131279,0.19962607324123383,0.9839086830615997,0.19980139285326004,0.00011011213064193726,0.0008060270920395851,0.001666739583015442,0.0022454730885851665,0.016293516420716303,0.6029166666666667,0.003420032560825348,31.059543947493065,31.059543947493065,0.8536111111111111,pool=bf16_values_torch_sum_acc_fp32,score=bf16_values_torch_matmul_acc_fp32
R5L,0,0.8,"repr=nvfp4, pool=bf16/low, score=bf16/low",bf16_acc_bf16,nvfp4,native,7200,0.9576079290248339,0.028014729315761877,0.8950663091102179,0.978344963592233,0.9993456811041421,0.0087127685546875,0.953125,2.23046875,0.9723240332111601,0.9638042749683473,133.0,246,0,0.0010528954075032762,0.00866999033288583,0.1649918556213379,0.9880272746086121,0.165190190076828,-1.2159347534179688e-05,0.0005299821496009827,0.0005955994129180908,0.0017912966179006423,0.00989919788712298,0.4825,-0.0008426457643508911,69.30024509803921,69.30024509803921,0.40291666666666665,pool=bf16_values_sequential_acc_bf16,score=bf16_values_sequential_rank1_acc_bf16
R5L,0,0.9,"repr=nvfp4, pool=bf16/low, score=bf16/low",bf16_acc_bf16,nvfp4,native,7200,0.9360093077370564,0.04450826522468787,0.8531356581053803,0.9669471153846154,0.9993456811041421,0.0067138671875,0.90625,1.71875,0.9616135594866189,0.9440671778021176,117.0,236,0,0.001541732870714268,0.00923900213969817,0.24301299452781677,0.975723147392273,0.2432190403342247,-2.030283212661743e-05,0.0009537935256958008,0.0010703802108764648,0.0020430575133789913,0.010858267495306606,0.48097222222222225,-0.0012461431324481964,61.37779816513761,61.37779816513761,0.40958333333333335,pool=bf16_values_sequential_acc_bf16,score=bf16_values_sequential_rank1_acc_bf16
R5L,0,0.95,"repr=nvfp4, pool=bf16/low, score=bf16/low",bf16_acc_bf16,nvfp4,native,7200,0.9104477611940298,0.0615196526645142,0.804772234273319,0.953125,0.9993456811041421,0.0047607421875,0.8125,1.21875,0.9487629922412532,0.9192618223760092,99.0,224,0,0.0023599997629232742,0.009373069143848004,0.3332918882369995,0.9554684162139893,0.33297792077064514,-7.836520671844482e-05,0.0016317293047904968,0.0019888877868652344,0.0024177801979463,0.012940613293258043,0.46555555555555556,-0.0014350265264511108,18.312036508841985,18.312036508841985,0.4386111111111111,pool=bf16_values_sequential_acc_bf16,score=bf16_values_sequential_rank1_acc_bf16
R5L,1,0.8,"repr=nvfp4, pool=bf16/low, score=bf16/low",bf16_acc_bf16,nvfp4,native,7200,0.9621237489303122,0.02503417286562859,0.9068556551923633,0.9806962985436893,0.9994524745620733,0.0077667236328125,0.9375,1.98828125,0.9747612806590527,0.9677611940298507,118.0,249,0,0.0010765867599098426,0.007630627283285068,0.15594933182001114,0.9897270500659943,0.15605959296226501,-1.1667609214782715e-05,0.00045093707740306854,0.0005242973566055298,0.0016043608332390446,0.010678186192132228,0.4802777777777778,-0.00021407753229141235,18.34802043422733,18.34802043422733,0.48833333333333334,pool=bf16_values_sequential_acc_bf16,score=bf16_values_sequential_rank1_acc_bf16
R5L,1,0.9,"repr=nvfp4, pool=bf16/low, score=bf16/low",bf16_acc_bf16,nvfp4,native,7200,0.9430740037950665,0.03910563042352333,0.8619483879991607,0.970703125,0.9994524745620733,0.005950927734375,0.875,1.5234375,0.965015868329766,0.9493337238248646,107.0,247,0,0.0015726792387741884,0.008129040869755685,0.239322692155838,0.9764586985111237,0.23927844315767288,-1.772865653038025e-05,0.0008674412965774536,0.001196855679154396,0.0019097328432830815,0.01218390247128361,0.48694444444444446,-0.00039777159690856934,22.436646354276107,22.436646354276107,0.48625,pool=bf16_values_sequential_acc_bf16,score=bf16_values_sequential_rank1_acc_bf16
R5L,1,0.95,"repr=nvfp4, pool=bf16/low, score=bf16/low",bf16_acc_bf16,nvfp4,native,7200,0.9167746580273578,0.05272715131298944,0.8072101074052412,0.9565805288461539,0.9994524745620733,0.0044097900390625,0.78125,1.12890625,0.9533382245047689,0.924812030075188,90.0,239,0,0.002382271914581892,0.008324942395091767,0.34145335853099823,0.953717052936554,0.34132105112075806,-3.521144390106201e-05,0.0015468895435333252,0.0022168532013893127,0.0023746607560349636,0.013062038095187975,0.48375,-0.00015884637832641602,4.511214557765553,4.511214557765553,0.5004166666666666,pool=bf16_values_sequential_acc_bf16,score=bf16_values_sequential_rank1_acc_bf16
R5L,10,0.8,"repr=nvfp4, pool=bf16/low, score=bf16/low",bf16_acc_bf16,nvfp4,native,7200,0.9680182120187628,0.018613960828867238,0.9286096976618359,0.9837492415048543,0.9995291959644521,0.00653839111328125,0.89453125,1.673828125,0.9792081065866016,0.9724715739078397,100.0,249,0,0.0011159697270501589,0.006472290170934098,0.11410752683877945,0.9946872293949127,0.11415119469165802,1.0973773896694183e-05,0.0003732943441718817,0.0005136555060744286,0.0019031846576447365,0.01229870324714762,0.5240277777777778,0.0015789102762937546,143.88033607739965,143.88033607739965,0.6731944444444444,pool=bf16_values_sequential_acc_bf16,score=bf16_values_sequential_rank1_acc_bf16
R5L,10,0.9,"repr=nvfp4, pool=bf16/low, score=bf16/low",bf16_acc_bf16,nvfp4,native,7200,0.9506190929738443,0.03064505939857265,0.8909090909090909,0.9746844951923077,0.9995291959644521,0.0051422119140625,0.83203125,1.31640625,0.9706883789785344,0.956208670095518,92.0,245,0,0.0016857119040841078,0.0071471748098375625,0.19069328159093857,0.9850467145442963,0.19070332497358322,5.584210157394409e-06,0.0007688840851187706,0.0010382980108261108,0.002116508249786309,0.015408276707580168,0.5047222222222222,0.0014943741261959076,267.6070713809206,267.6070713809206,0.6541666666666667,pool=bf16_values_sequential_acc_bf16,score=bf16_values_sequential_rank1_acc_bf16
R5L,10,0.95,"repr=nvfp4, pool=bf16/low, score=bf16/low",bf16_acc_bf16,nvfp4,native,7200,0.924255565192252,0.04429229227980258,0.8381662524164597,0.9606370192307693,0.9995291959644521,0.003997802734375,0.75,1.0234375,0.9567837718653536,0.931234585811693,82.0,237,0,0.002363423657726173,0.0073541762514974275,0.2945926934480667,0.964986115694046,0.2945808917284012,5.0202012062072754e-05,0.0014266856014728546,0.0021422535181045534,0.0025060693979688797,0.017169686960500075,0.5211111111111111,0.002508386969566345,49.965865241911544,49.965865241911544,0.6541666666666667,pool=bf16_values_sequential_acc_bf16,score=bf16_values_sequential_rank1_acc_bf16
R5L,25,0.8,"repr=nvfp4, pool=bf16/low, score=bf16/low",bf16_acc_bf16,nvfp4,native,7200,0.9686794220577926,0.016794952807209884,0.9331378299120235,0.9840905643203883,0.999506087349139,0.00640106201171875,0.890625,1.638671875,0.978985289702792,0.9729881402222306,96.0,239,0,0.0011188803158806787,0.006339620489684308,0.09236887469887733,0.9964330196380615,0.09229132533073425,3.952067345380783e-05,0.00039135292172431946,0.000686618685722351,0.002424255963410388,0.01631420863354341,0.5776388888888889,0.0032705534249544144,82.75550842464946,82.75550842464946,0.7597222222222222,pool=bf16_values_sequential_acc_bf16,score=bf16_values_sequential_rank1_acc_bf16
R5L,25,0.9,"repr=nvfp4, pool=bf16/low, score=bf16/low",bf16_acc_bf16,nvfp4,native,7200,0.9521924035782373,0.02800007512039382,0.8981890774276344,0.9755108173076923,0.999506087349139,0.004974365234375,0.8203125,1.2734375,0.9722942440180754,0.9575031247702375,87.0,247,0,0.0017155456359580728,0.007040119303890684,0.16178115457296371,0.9890197515487671,0.16185276210308075,6.590969860553741e-05,0.0007767714560031891,0.0012445420026779175,0.002592038539893835,0.017705810058096492,0.56125,0.0028082244098186493,42.607149922283455,42.607149922283455,0.7441666666666666,pool=bf16_values_sequential_acc_bf16,score=bf16_values_sequential_rank1_acc_bf16
R5L,25,0.95,"repr=nvfp4, pool=bf16/low, score=bf16/low",bf16_acc_bf16,nvfp4,native,7200,0.92536881689326,0.04079264555669049,0.8491328733929097,0.9612379807692307,0.999506087349139,0.003936767578125,0.74609375,1.0078125,0.9579349904397706,0.9329170901698853,78.0,237,0,0.002392954567760646,0.007250765235634804,0.2660018354654312,0.9707831740379333,0.2658453732728958,0.00016222894191741943,0.0015330985188484192,0.0025092169642448427,0.0029209597868600974,0.021906657000772323,0.5744444444444444,0.0040474385023117065,24.948929916414073,24.948929916414073,0.7355555555555555,pool=bf16_values_sequential_acc_bf16,score=bf16_values_sequential_rank1_acc_bf16
R5L,40,0.8,"repr=nvfp4, pool=bf16/low, score=bf16/low",bf16_acc_bf16,nvfp4,native,7200,0.9682752957862129,0.016639578135703048,0.9335631003886485,0.9838819781553398,0.9994380822282075,0.0064849853515625,0.8984375,1.66015625,0.9777977797779778,0.972766721532246,94.0,240,0,0.001108028098768531,0.006472764588715923,0.07599690556526184,0.9976527988910675,0.07580089196562767,5.2770599722862244e-05,0.00040534697473049164,0.0008244030177593231,0.0031575335148544886,0.021152254983051927,0.6047222222222223,0.005405038595199585,102.42518795665525,102.42518795665525,0.8297222222222222,pool=bf16_values_sequential_acc_bf16,score=bf16_values_sequential_rank1_acc_bf16
R5L,40,0.9,"repr=nvfp4, pool=bf16/low, score=bf16/low",bf16_acc_bf16,nvfp4,native,7200,0.9529083840680701,0.026026569534541077,0.903073624017155,0.9758864182692307,0.9994380822282075,0.0048980712890625,0.81640625,1.25390625,0.9722942440180754,0.9577910140451503,84.0,231,0,0.0017587422944597081,0.007069186961377567,0.14234931766986847,0.9915454685688019,0.14203844219446182,9.98135656118393e-05,0.0007915059104561806,0.00151052325963974,0.0030543236839154055,0.02073166639905718,0.5894444444444444,0.004446342587471008,44.546475824360385,44.546475824360385,0.8148611111111111,pool=bf16_values_sequential_acc_bf16,score=bf16_values_sequential_rank1_acc_bf16
R5L,40,0.95,"repr=nvfp4, pool=bf16/low, score=bf16/low",bf16_acc_bf16,nvfp4,native,7200,0.9270411117544876,0.0381759880576662,0.8584262307707118,0.9621394230769231,0.9994380822282075,0.00384521484375,0.734375,0.984375,0.9590875643855776,0.9343214181923859,74.0,233,0,0.0024668156877151338,0.007300649165665745,0.24173687398433685,0.9755984544754028,0.24164415895938873,0.00022426992654800415,0.0015549659729003906,0.0027409330010414123,0.0033758109526928464,0.023953635686578063,0.5958333333333333,0.005828380584716797,25.98823959336899,25.98823959336899,0.8070833333333334,pool=bf16_values_sequential_acc_bf16,score=bf16_values_sequential_rank1_acc_bf16
R5L,48,0.8,"repr=nvfp4, pool=bf16/low, score=bf16/low",bf16_acc_bf16,nvfp4,native,7200,0.9665871121718377,0.017565681504978725,0.9323551128799789,0.9830097087378641,0.999358867860137,0.0068359375,0.9140625,1.75,0.9755750355885218,0.9712918660287081,92.0,247,0,0.0010960815615486553,0.006768285915186853,0.05871907062828541,0.9985484182834625,0.05834735557436943,4.9237627536058426e-05,0.000344814732670784,0.0007875800132751465,0.003682020865859604,0.023449247448068734,0.6180555555555556,0.007405402138829231,150.4012786441832,150.4012786441832,0.89625,pool=bf16_values_sequential_acc_bf16,score=bf16_values_sequential_rank1_acc_bf16
R5L,48,0.9,"repr=nvfp4, pool=bf16/low, score=bf16/low",bf16_acc_bf16,nvfp4,native,7200,0.9529083840680701,0.024856938125643713,0.9055253363870598,0.9758864182692307,0.999358867860137,0.0048980712890625,0.82421875,1.25390625,0.9703237769808492,0.9576470588235294,82.0,224,0,0.0017686845365479846,0.007294755697501935,0.11220837011933327,0.9948543012142181,0.11174986511468887,0.00010529905557632446,0.0007373308762907982,0.0015405599027872086,0.0036350355027752017,0.02785100778821754,0.6069444444444444,0.005923792719841003,56.25684568032265,56.25684568032265,0.8863888888888889,pool=bf16_values_sequential_acc_bf16,score=bf16_values_sequential_rank1_acc_bf16
R5L,48,0.95,"repr=nvfp4, pool=bf16/low, score=bf16/low",bf16_acc_bf16,nvfp4,native,7200,0.9281575898030128,0.034807052209992584,0.8686131386861314,0.9627403846153846,0.999358867860137,0.0037841796875,0.73046875,0.96875,0.9582230067666961,0.9354463506833381,71.0,210,0,0.002556319982170172,0.007507378135967301,0.2001446634531021,0.9837925732135773,0.19980139285326004,0.00025824084877967834,0.0014733080752193928,0.002843327820301056,0.004039982937001083,0.03137523308350183,0.6183333333333333,0.007274456322193146,28.169270495232325,28.169270495232325,0.8738888888888889,pool=bf16_values_sequential_acc_bf16,score=bf16_values_sequential_rank1_acc_bf16
R6,0,0.8,"repr=bf16, pool=fp32+fp8_e4m3/native, score=fp8_e4m3/native",fp8,bf16,native,7200,0.9640236862686679,0.0167138254602458,0.9245240333165465,0.9816823422330098,0.999214696234169,0.0073699951171875,0.9296875,1.88671875,0.9640236862686679,0.9576805998960576,0.0,1,0,0.0010528954075032762,0.006942837152092061,0.16488061845302582,0.9880326092243195,0.165190190076828,6.705522537231445e-08,0.000378570519387722,0.0004544813185930252,0.0012715804883593551,0.006425810154114121,0.5004166666666666,-0.0006700754165649414,-9992.888888888889,9992.888888888889,0.3873611111111111,pool=fp32_values_torch_sum_acc_fp32+pooled_rounded_to_fp8_e4m3_per_head_amax,score=fp8_e4m3_torch_scaled_mm_acc_fp32_native
R6,0,0.9,"repr=bf16, pool=fp32+fp8_e4m3/native, score=fp8_e4m3/native",fp8,bf16,native,7200,0.9494764589587757,0.02535035704571531,0.8998144712430427,0.9740835336538461,0.999214696234169,0.0052642822265625,0.84375,1.34765625,0.9494764589587757,0.9415153503974331,0.0,1,0,0.001541732870714268,0.006580545170842231,0.24331585317850113,0.9757700860500336,0.2432190403342247,1.1492520570755005e-06,0.000626981258392334,0.0008468031883239746,0.0013963810968068528,0.007301282049799314,0.50375,-0.0009764134883880615,-849.6077795786061,849.6077795786061,0.38375,pool=fp32_values_torch_sum_acc_fp32+pooled_rounded_to_fp8_e4m3_per_head_amax,score=fp8_e4m3_torch_scaled_mm_acc_fp32_native
R6,0,0.95,"repr=bf16, pool=fp32+fp8_e4m3/native, score=fp8_e4m3/native",fp8,bf16,native,7200,0.9320754716981132,0.035518006360964915,0.8686000256114739,0.96484375,0.999214696234169,0.003570556640625,0.6953125,0.9140625,0.9320754716981132,0.920646371374982,0.0,2,0,0.0023599997629232742,0.0061469528542530995,0.33170372247695923,0.9556303024291992,0.33297792077064514,-3.0934810638427734e-05,0.0011137351393699646,0.001345902681350708,0.0017536864382718064,0.00747676230330759,0.48236111111111113,-0.0009497702121734619,30.702312138728324,30.702312138728324,0.42819444444444443,pool=fp32_values_torch_sum_acc_fp32+pooled_rounded_to_fp8_e4m3_per_head_amax,score=fp8_e4m3_torch_scaled_mm_acc_fp32_native
R6,1,0.8,"repr=bf16, pool=fp32+fp8_e4m3/native, score=fp8_e4m3/native",fp8,bf16,native,7200,0.9666604512399776,0.014864752638073742,0.9315058209013349,0.9830476334951457,0.9993270583011242,0.0068206787109375,0.9140625,1.74609375,0.9666604512399776,0.9611022275110632,0.0,1,0,0.0010765867599098426,0.006494950541506306,0.1559191718697548,0.9897318184375763,0.15605959296226501,-5.997717380523682e-07,0.0003403499722480774,0.00043063834309577944,0.001209485932779196,0.00715617215944043,0.49777777777777776,-0.00018861517310142517,314.4782608695652,314.4782608695652,0.47347222222222224,pool=fp32_values_torch_sum_acc_fp32+pooled_rounded_to_fp8_e4m3_per_head_amax,score=fp8_e4m3_torch_scaled_mm_acc_fp32_native
R6,1,0.9,"repr=bf16, pool=fp32+fp8_e4m3/native, score=fp8_e4m3/native",fp8,bf16,native,7200,0.9543419217499817,0.022466052057422914,0.9038833532822433,0.9766376201923077,0.9993270583011242,0.0047454833984375,0.80859375,1.21484375,0.9543419217499817,0.9467680608365019,0.0,1,0,0.0015726792387741884,0.006057997220342341,0.23932981491088867,0.9764526188373566,0.23927844315767288,-1.74008309841156e-05,0.0006122533231973648,0.0007497221231460571,0.0013513112132229072,0.007232914660594921,0.4801388888888889,-0.0002627521753311157,15.099978591308071,15.099978591308071,0.47152777777777777,pool=fp32_values_torch_sum_acc_fp32+pooled_rounded_to_fp8_e4m3_per_head_amax,score=fp8_e4m3_torch_scaled_mm_acc_fp32_native
R6,1,0.95,"repr=bf16, pool=fp32+fp8_e4m3/native, score=fp8_e4m3/native",fp8,bf16,native,7200,0.9371362048894063,0.03008064253852727,0.8730697001592903,0.9675480769230769,0.9993270583011242,0.0032958984375,0.66796875,0.84375,0.9371362048894063,0.9278783490224475,0.0,1,0,0.002382271914581892,0.00569738030475586,0.34107621014118195,0.953720360994339,0.34132105112075806,-4.5765191316604614e-05,0.001099415123462677,0.0013329416513442993,0.0016174437385258885,0.00793004190724177,0.47305555555555556,-0.00018642842769622803,4.073585673585674,4.073585673585674,0.49833333333333335,pool=fp32_values_torch_sum_acc_fp32+pooled_rounded_to_fp8_e4m3_per_head_amax,score=fp8_e4m3_torch_scaled_mm_acc_fp32_native
R6,10,0.8,"repr=bf16, pool=fp32+fp8_e4m3/native, score=fp8_e4m3/native",fp8,bf16,native,7200,0.9713655564277971,0.011336970212221575,0.9402501839587932,0.9854748179611651,0.9993639569331589,0.0058441162109375,0.87109375,1.49609375,0.9713655564277971,0.9669538622207303,0.0,1,0,0.0011159697270501589,0.005803687906156636,0.11400015279650688,0.994709312915802,0.11415119469165802,1.5484169125556946e-05,0.0002746274694800377,0.00038775205612182615,0.0013588757124496662,0.00827388871491268,0.5438888888888889,0.0014651753008365631,94.62408276193914,94.62408276193914,0.6640277777777778,pool=fp32_values_torch_sum_acc_fp32+pooled_rounded_to_fp8_e4m3_per_head_amax,score=fp8_e4m3_torch_scaled_mm_acc_fp32_native
R6,10,0.9,"repr=bf16, pool=fp32+fp8_e4m3/native, score=fp8_e4m3/native",fp8,bf16,native,7200,0.9615412952184484,0.01760299425537981,0.9157953836548061,0.9803936298076923,0.9993639569331589,0.0039825439453125,0.7421875,1.01953125,0.9615412952184484,0.9554902680866691,0.0,1,0,0.0016857119040841078,0.005305045595035178,0.1907411590218544,0.9850627779960632,0.19070332497358322,1.4062970876693726e-05,0.0005332762375473976,0.000738876685500145,0.0014605475886102968,0.010084545139796904,0.5202777777777777,0.0012290999293327332,87.39973509933775,87.39973509933775,0.6491666666666667,pool=fp32_values_torch_sum_acc_fp32+pooled_rounded_to_fp8_e4m3_per_head_amax,score=fp8_e4m3_torch_scaled_mm_acc_fp32_native
R6,10,0.95,"repr=bf16, pool=fp32+fp8_e4m3/native, score=fp8_e4m3/native",fp8,bf16,native,7200,0.9439252336448598,0.026878363249143278,0.8860867101161803,0.9711538461538461,0.9993639569331589,0.0029296875,0.619140625,0.75,0.9439252336448598,0.9360093077370564,0.0,1,0,0.002363423657726173,0.004941167335186229,0.29470983147621155,0.9650552868843079,0.2945808917284012,-1.6901642084121704e-05,0.0010025203227996826,0.0012747079133987426,0.0017614422999285557,0.01050546334467563,0.48777777777777775,0.0018183141946792603,-107.58210271104254,107.58210271104254,0.6558333333333334,pool=fp32_values_torch_sum_acc_fp32+pooled_rounded_to_fp8_e4m3_per_head_amax,score=fp8_e4m3_torch_scaled_mm_acc_fp32_native
R6,25,0.8,"repr=bf16, pool=fp32+fp8_e4m3/native, score=fp8_e4m3/native",fp8,bf16,native,7200,0.9715129537552806,0.011559983495918247,0.9431098010316875,0.9855506674757282,0.9993521461753024,0.0058135986328125,0.87109375,1.48828125,0.9715129537552806,0.9670272286460276,0.0,1,0,0.0011188803158806787,0.005775287975060979,0.09224008023738861,0.9964499473571777,0.09229132533073425,2.269633114337921e-05,0.0002797069028019905,0.0004763038828969002,0.0017904131235247313,0.010313221451432942,0.5644444444444444,0.003155197948217392,139.01797291752155,139.01797291752155,0.7519444444444444,pool=fp32_values_torch_sum_acc_fp32+pooled_rounded_to_fp8_e4m3_per_head_amax,score=fp8_e4m3_torch_scaled_mm_acc_fp32_native
R6,25,0.9,"repr=bf16, pool=fp32+fp8_e4m3/native, score=fp8_e4m3/native",fp8,bf16,native,7200,0.9628428192273666,0.01605003034569652,0.9153956834532375,0.9810697115384616,0.9993521461753024,0.00384521484375,0.73046875,0.984375,0.9628428192273666,0.9572153201499669,0.0,1,0,0.0017155456359580728,0.005191461223425199,0.16183651238679886,0.9890529811382294,0.16185276210308075,2.8721988201141357e-05,0.0005439054220914841,0.0008151650428771973,0.0017720813478056966,0.011034512761880161,0.5398611111111111,0.002262979745864868,78.78910505836576,78.78910505836576,0.7369444444444444,pool=fp32_values_torch_sum_acc_fp32+pooled_rounded_to_fp8_e4m3_per_head_amax,score=fp8_e4m3_torch_scaled_mm_acc_fp32_native
R6,25,0.95,"repr=bf16, pool=fp32+fp8_e4m3/native, score=fp8_e4m3/native",fp8,bf16,native,7200,0.9456299327681964,0.022977298487396935,0.8879591547298255,0.9720552884615384,0.9993521461753024,0.002838134765625,0.609375,0.7265625,0.9456299327681964,0.9371362048894063,0.0,1,0,0.002392954567760646,0.004877086163336321,0.26593737304210663,0.9708208739757538,0.2658453732728958,2.001039683818817e-05,0.0010412558913230896,0.0014367550611495972,0.0019918183894351007,0.012831675442059206,0.5126388888888889,0.0031054988503456116,155.19426603369635,155.19426603369635,0.7319444444444444,pool=fp32_values_torch_sum_acc_fp32+pooled_rounded_to_fp8_e4m3_per_head_amax,score=fp8_e4m3_torch_scaled_mm_acc_fp32_native
R6,40,0.8,"repr=bf16, pool=fp32+fp8_e4m3/native, score=fp8_e4m3/native",fp8,bf16,native,7200,0.9709234966550809,0.01177603804917926,0.9437472131100924,0.9852472694174758,0.9993455207358124,0.0059356689453125,0.8828125,1.51953125,0.9709234966550809,0.9662204988628313,0.0,1,0,0.001108028098768531,0.005867418268540333,0.07578949630260468,0.9976434111595154,0.07580089196562767,2.6792287826538086e-05,0.00027597788721323013,0.000534721463918686,0.002073037824941769,0.012425077381053803,0.5819444444444445,0.005510134622454643,205.66122080088988,205.66122080088988,0.8229166666666666,pool=fp32_values_torch_sum_acc_fp32+pooled_rounded_to_fp8_e4m3_per_head_amax,score=fp8_e4m3_torch_scaled_mm_acc_fp32_native
R6,40,0.9,"repr=bf16, pool=fp32+fp8_e4m3/native, score=fp8_e4m3/native",fp8,bf16,native,7200,0.9631322813744285,0.014899824376639725,0.9200923121303909,0.9812199519230769,0.9993455207358124,0.003814697265625,0.7265625,0.9765625,0.9631322813744285,0.9576470588235294,0.0,1,0,0.0017587422944597081,0.005275560926519828,0.1420847699046135,0.9915591180324554,0.14203844219446182,4.693120718002319e-05,0.0005217641592025757,0.0008868895471096039,0.002010240627682607,0.011671819745048991,0.5665277777777777,0.0036467835307121277,77.70487378949039,77.70487378949039,0.8126388888888889,pool=fp32_values_torch_sum_acc_fp32+pooled_rounded_to_fp8_e4m3_per_head_amax,score=fp8_e4m3_torch_scaled_mm_acc_fp32_native
R6,40,0.95,"repr=bf16, pool=fp32+fp8_e4m3/native, score=fp8_e4m3/native",fp8,bf16,native,7200,0.9470528009360831,0.02159351690785183,0.8933295406058882,0.9728064903846154,0.9993455207358124,0.0027618408203125,0.6015625,0.70703125,0.9470528009360831,0.9388290125254879,0.0,1,0,0.0024668156877151338,0.004911019122791292,0.2414901852607727,0.9758126735687256,0.24164415895938873,5.046278238296509e-05,0.00100652314722538,0.0015655159950256348,0.002179067024235793,0.014027739805084283,0.5352777777777777,0.004336398094892502,85.93260002952901,85.93260002952901,0.8015277777777777,pool=fp32_values_torch_sum_acc_fp32+pooled_rounded_to_fp8_e4m3_per_head_amax,score=fp8_e4m3_torch_scaled_mm_acc_fp32_native
R6,48,0.8,"repr=bf16, pool=fp32+fp8_e4m3/native, score=fp8_e4m3/native",fp8,bf16,native,7200,0.9695985060690943,0.0113973834189528,0.9456870837904192,0.9845646237864077,0.9993161213165377,0.0062103271484375,0.8984375,1.58984375,0.9695985060690943,0.9648286140089419,0.0,1,0,0.0010960815615486553,0.006048436598708744,0.05847797356545925,0.9985607862472534,0.05834735557436943,2.600066363811493e-05,0.00022712815552949905,0.0005060793831944465,0.0024772263600417134,0.014051928543233422,0.5945833333333334,0.00728868693113327,280.3269575184469,280.3269575184469,0.8884722222222222,pool=fp32_values_torch_sum_acc_fp32+pooled_rounded_to_fp8_e4m3_per_head_amax,score=fp8_e4m3_torch_scaled_mm_acc_fp32_native
R6,48,0.9,"repr=bf16, pool=fp32+fp8_e4m3/native, score=fp8_e4m3/native",fp8,bf16,native,7200,0.9624087860249134,0.014886653557288021,0.9284229454035218,0.9808443509615384,0.9993161213165377,0.0038909912109375,0.7421875,0.99609375,0.9624087860249134,0.9567837718653536,0.0,1,0,0.0017686845365479846,0.0054399271646138544,0.11184178292751312,0.9948856830596924,0.11174986511468887,4.8685818910598755e-05,0.00046738144010305405,0.0009007424116134644,0.002348317099672023,0.01512286498068285,0.57875,0.0047651901841163635,97.87634861121738,97.87634861121738,0.8776388888888889,pool=fp32_values_torch_sum_acc_fp32+pooled_rounded_to_fp8_e4m3_per_head_amax,score=fp8_e4m3_torch_scaled_mm_acc_fp32_native
R6,48,0.95,"repr=bf16, pool=fp32+fp8_e4m3/native, score=fp8_e4m3/native",fp8,bf16,native,7200,0.9473376243417203,0.019618862719051666,0.9017142857142856,0.9729567307692307,0.9993161213165377,0.00274658203125,0.59765625,0.703125,0.9473376243417203,0.9391114348142753,0.0,1,0,0.002556319982170172,0.005011168125785927,0.19986916333436966,0.9840105175971985,0.19980139285326004,5.485955625772476e-05,0.000903349369764328,0.0015991508960723877,0.0024760288789463314,0.016715910763325965,0.5472222222222223,0.005434166640043259,99.0559714795009,99.0559714795009,0.8661111111111112,pool=fp32_values_torch_sum_acc_fp32+pooled_rounded_to_fp8_e4m3_per_head_amax,score=fp8_e4m3_torch_scaled_mm_acc_fp32_native
R7,0,0.8,"repr=nvfp4, pool=fp32+fp8_e4m3/native, score=fp8_e4m3/native",fp8,nvfp4,native,7200,0.957172017071813,0.019653426384215522,0.9141923774954629,0.9781174150485437,0.9990062858776334,0.0088043212890625,0.9609375,2.25390625,0.957172017071813,0.9641699877090394,0.0,1,0,0.0010528954075032762,0.008515825889576499,0.16494634747505188,0.9880639314651489,0.165190190076828,3.7923455238342285e-06,0.0004890160635113716,0.0005488432943820953,0.0016179435603020838,0.009600479966737541,0.5075,-0.0007690265774726868,-202.78388998035362,202.78388998035362,0.3894444444444444,pool=fp32_values_torch_sum_acc_fp32+pooled_rounded_to_fp8_e4m3_per_head_amax,score=fp8_e4m3_torch_scaled_mm_acc_fp32_native
R7,0,0.9,"repr=nvfp4, pool=fp32+fp8_e4m3/native, score=fp8_e4m3/native",fp8,nvfp4,native,7200,0.9413030030542697,0.029412658644025758,0.885418879682742,0.9697641225961539,0.9990062858776334,0.00614166259765625,0.88671875,1.572265625,0.9413030030542697,0.9496192149970709,0.0,1,0,0.001541732870714268,0.007979024906559478,0.24323423206806183,0.9758169054985046,0.2432190403342247,4.246830940246582e-07,0.0007999446243047714,0.001018136739730835,0.0017653865170865614,0.010448795072226876,0.5005555555555555,-0.001065954566001892,-2510.0,2510.0,0.3929166666666667,pool=fp32_values_torch_sum_acc_fp32+pooled_rounded_to_fp8_e4m3_per_head_amax,score=fp8_e4m3_torch_scaled_mm_acc_fp32_native
R7,0,0.95,"repr=nvfp4, pool=fp32+fp8_e4m3/native, score=fp8_e4m3/native",fp8,nvfp4,native,7200,0.9217554496896203,0.03792939807453832,0.849890919919235,0.9592848557692307,0.9990062858776334,0.0041351318359375,0.7578125,1.05859375,0.9217554496896203,0.9317950950515165,0.0,1,0,0.0023599997629232742,0.007441280850975325,0.3328431397676468,0.9555781483650208,0.33297792077064514,-2.5704503059387207e-05,0.001311473548412323,0.0017505884170532227,0.0019877923931479503,0.011004679893498612,0.4897222222222222,-0.0011016353964805603,42.85768115942029,42.85768115942029,0.4181944444444444,pool=fp32_values_torch_sum_acc_fp32+pooled_rounded_to_fp8_e4m3_per_head_amax,score=fp8_e4m3_torch_scaled_mm_acc_fp32_native
R7,1,0.8,"repr=nvfp4, pool=fp32+fp8_e4m3/native, score=fp8_e4m3/native",fp8,nvfp4,native,7200,0.9610293023947643,0.018700434418375544,0.9231239095301442,0.980127427184466,0.9991428656255208,0.00799560546875,0.9453125,2.046875,0.9610293023947643,0.9667337957783247,0.0,1,0,0.0010765867599098426,0.007795301874988907,0.15596196055412292,0.989709198474884,0.15605959296226501,1.4360994100570679e-05,0.0004299841821193695,0.0005846977233886719,0.0015233960958105273,0.010343153147090106,0.5261111111111111,-0.00020561367273330688,-14.31750972762646,14.31750972762646,0.47208333333333335,pool=fp32_values_torch_sum_acc_fp32+pooled_rounded_to_fp8_e4m3_per_head_amax,score=fp8_e4m3_torch_scaled_mm_acc_fp32_native
R7,1,0.9,"repr=nvfp4, pool=fp32+fp8_e4m3/native, score=fp8_e4m3/native",fp8,nvfp4,native,7200,0.9466257220150618,0.026548671622572795,0.888360876657919,0.9725811298076923,0.9991428656255208,0.0055694580078125,0.859375,1.42578125,0.9466257220150618,0.9540550458715596,0.0,1,0,0.0015726792387741884,0.007326444505678457,0.23952249437570572,0.9764926433563232,0.23927844315767288,4.239380359649658e-06,0.0007644221186637878,0.0010571185499429702,0.0016573334132019683,0.01052514579314237,0.5043055555555556,-0.000294610857963562,-69.49384885764499,69.49384885764499,0.47,pool=fp32_values_torch_sum_acc_fp32+pooled_rounded_to_fp8_e4m3_per_head_amax,score=fp8_e4m3_torch_scaled_mm_acc_fp32_native
R7,1,0.95,"repr=nvfp4, pool=fp32+fp8_e4m3/native, score=fp8_e4m3/native",fp8,nvfp4,native,7200,0.9278783490224475,0.03340006208985902,0.8561070831009483,0.9625901442307693,0.9991428656255208,0.0037994384765625,0.7265625,0.97265625,0.9278783490224475,0.936854357631311,0.0,1,0,0.002382271914581892,0.00687826930423747,0.3413364589214325,0.953699380159378,0.34132105112075806,-1.652538776397705e-05,0.0013555847108364105,0.0017716869711875915,0.0020283219351537526,0.01080054687248483,0.49333333333333335,-0.00022013485431671143,13.321009918845807,13.321009918845807,0.49125,pool=fp32_values_torch_sum_acc_fp32+pooled_rounded_to_fp8_e4m3_per_head_amax,score=fp8_e4m3_torch_scaled_mm_acc_fp32_native
R7,10,0.8,"repr=nvfp4, pool=fp32+fp8_e4m3/native, score=fp8_e4m3/native",fp8,nvfp4,native,7200,0.9668071457874912,0.015231457983619356,0.9303074670571011,0.9831234830097088,0.999179898586695,0.0067901611328125,0.90625,1.73828125,0.9668071457874912,0.9712918660287081,0.0,1,0,0.0011159697270501589,0.006800694713814977,0.11409386992454529,0.9947102665901184,0.11415119469165802,3.827735781669617e-05,0.0003612586297094822,0.000601506233215332,0.0018409840359133018,0.01175982105609089,0.5758333333333333,0.0016640666872262955,43.473917274939176,43.473917274939176,0.6622222222222223,pool=fp32_values_torch_sum_acc_fp32+pooled_rounded_to_fp8_e4m3_per_head_amax,score=fp8_e4m3_torch_scaled_mm_acc_fp32_native
R7,10,0.9,"repr=nvfp4, pool=fp32+fp8_e4m3/native, score=fp8_e4m3/native",fp8,nvfp4,native,7200,0.9552748530017992,0.022644006446679965,0.9047005845931377,0.9771259014423077,0.999179898586695,0.00464630126953125,0.796875,1.189453125,0.9552748530017992,0.9612523020257827,0.0,1,0,0.0016857119040841078,0.006262627342770843,0.19055944681167603,0.9850241541862488,0.19070332497358322,4.084780812263489e-05,0.0006964318454265594,0.0010582640767097472,0.0018864675733500696,0.013646235474336642,0.5448611111111111,0.0013677068054676056,33.48299133606931,33.48299133606931,0.6458333333333334,pool=fp32_values_torch_sum_acc_fp32+pooled_rounded_to_fp8_e4m3_per_head_amax,score=fp8_e4m3_torch_scaled_mm_acc_fp32_native
R7,10,0.95,"repr=nvfp4, pool=fp32+fp8_e4m3/native, score=fp8_e4m3/native",fp8,nvfp4,native,7200,0.9357277882797732,0.031132863190084348,0.8730697001592903,0.966796875,0.999179898586695,0.0033721923828125,0.6796875,0.86328125,0.9357277882797732,0.9439252336448598,0.0,1,0,0.002363423657726173,0.005888317771194036,0.29463259875774384,0.9649858474731445,0.2945808917284012,5.7619065046310425e-05,0.0011792518198490143,0.0018724188208580016,0.0021129814626107937,0.014735327165448939,0.5331944444444444,0.0020439513027668,35.47352427749402,35.47352427749402,0.6494444444444445,pool=fp32_values_torch_sum_acc_fp32+pooled_rounded_to_fp8_e4m3_per_head_amax,score=fp8_e4m3_torch_scaled_mm_acc_fp32_native
R7,25,0.8,"repr=nvfp4, pool=fp32+fp8_e4m3/native, score=fp8_e4m3/native",fp8,nvfp4,native,7200,0.9668805012680889,0.01545402847292121,0.9324259209258831,0.9831614077669902,0.9991582469132483,0.00677490234375,0.91015625,1.734375,0.9668805012680889,0.9713655564277971,0.0,1,0,0.0011188803158806787,0.00681738127237584,0.09243666753172874,0.9964366555213928,0.09229132533073425,6.909063085913658e-05,0.0003750980831682682,0.0008058480918407441,0.002430775925610789,0.016357048530044986,0.6275,0.00363052636384964,52.54730371838163,52.54730371838163,0.7445833333333334,pool=fp32_values_torch_sum_acc_fp32+pooled_rounded_to_fp8_e4m3_per_head_amax,score=fp8_e4m3_torch_scaled_mm_acc_fp32_native
R7,25,0.9,"repr=nvfp4, pool=fp32+fp8_e4m3/native, score=fp8_e4m3/native",fp8,nvfp4,native,7200,0.9572153201499669,0.021541634611015992,0.9045711424279276,0.9781400240384616,0.9991582469132483,0.0044403076171875,0.78125,1.13671875,0.9572153201499669,0.962698120162182,0.0,1,0,0.0017155456359580728,0.006175900192958114,0.16175764054059982,0.9890285432338715,0.16185276210308075,8.911266922950745e-05,0.00067861657589674,0.001307368278503418,0.002257357762906289,0.015040476699967095,0.5888888888888889,0.002590961754322052,29.07512227749676,29.07512227749676,0.7286111111111111,pool=fp32_values_torch_sum_acc_fp32+pooled_rounded_to_fp8_e4m3_per_head_amax,score=fp8_e4m3_torch_scaled_mm_acc_fp32_native
R7,25,0.95,"repr=nvfp4, pool=fp32+fp8_e4m3/native, score=fp8_e4m3/native",fp8,nvfp4,native,7200,0.9371362048894063,0.028670680110862268,0.8744015770205575,0.9675480769230769,0.9991582469132483,0.0032958984375,0.671875,0.84375,0.9371362048894063,0.9456299327681964,0.0,1,0,0.002392954567760646,0.005771402921298603,0.2659383863210678,0.970744788646698,0.2658453732728958,0.00012660305947065353,0.0012841550633311272,0.002146291732788086,0.002437506314165434,0.01781470291709527,0.5643055555555555,0.0033996067941188812,26.85248530590927,26.85248530590927,0.7276388888888888,pool=fp32_values_torch_sum_acc_fp32+pooled_rounded_to_fp8_e4m3_per_head_amax,score=fp8_e4m3_torch_scaled_mm_acc_fp32_native
R7,40,0.8,"repr=nvfp4, pool=fp32+fp8_e4m3/native, score=fp8_e4m3/native",fp8,nvfp4,native,7200,0.9662204988628313,0.016392151036889846,0.9331342869007153,0.9828200849514563,0.9991206506598044,0.0069122314453125,0.91796875,1.76953125,0.9662204988628313,0.9708498393003961,0.0,1,0,0.001108028098768531,0.006937783193172618,0.07585577666759491,0.9976571798324585,0.07580089196562767,8.902326226234436e-05,0.0003883258905261755,0.0009624928236007691,0.003113259121345499,0.019688945515583013,0.6722222222222223,0.006245892494916916,70.16022931748755,70.16022931748755,0.8186111111111111,pool=fp32_values_torch_sum_acc_fp32+pooled_rounded_to_fp8_e4m3_per_head_amax,score=fp8_e4m3_torch_scaled_mm_acc_fp32_native
R7,40,0.9,"repr=nvfp4, pool=fp32+fp8_e4m3/native, score=fp8_e4m3/native",fp8,nvfp4,native,7200,0.9575031247702375,0.021541634611015992,0.9090778717911945,0.9782902644230769,0.9991206506598044,0.0044097900390625,0.78125,1.12890625,0.9575031247702375,0.9631322813744285,0.0,1,0,0.0017587422944597081,0.006237350907377051,0.14229611307382584,0.9915665686130524,0.14203844219446182,0.0001237429678440094,0.0006933719851076603,0.0014165367931127549,0.002734235805383958,0.018313515224323815,0.6295833333333334,0.004059582948684692,32.80657494656351,32.80657494656351,0.8080555555555555,pool=fp32_values_torch_sum_acc_fp32+pooled_rounded_to_fp8_e4m3_per_head_amax,score=fp8_e4m3_torch_scaled_mm_acc_fp32_native
R7,40,0.95,"repr=nvfp4, pool=fp32+fp8_e4m3/native, score=fp8_e4m3/native",fp8,nvfp4,native,7200,0.9388290125254879,0.028149340115565025,0.880225988700565,0.9684495192307693,0.9991206506598044,0.003204345703125,0.6640625,0.8203125,0.9388290125254879,0.9464834040064337,0.0,1,0,0.0024668156877151338,0.0057987327492635046,0.24166259169578552,0.9757190048694611,0.24164415895938873,0.00017054378986358643,0.0012574177235364914,0.0022742893546819688,0.0027131467048309202,0.019623309293256647,0.5943055555555555,0.004982441663742065,29.215028396679774,29.215028396679774,0.7991666666666667,pool=fp32_values_torch_sum_acc_fp32+pooled_rounded_to_fp8_e4m3_per_head_amax,score=fp8_e4m3_torch_scaled_mm_acc_fp32_native
R7,48,0.8,"repr=nvfp4, pool=fp32+fp8_e4m3/native, score=fp8_e4m3/native",fp8,nvfp4,native,7200,0.9647554114973361,0.016587589195237284,0.9338467180051339,0.9820615898058253,0.9990939823981577,0.0072174072265625,0.9296875,1.84765625,0.9647554114973361,0.9694513948537924,0.0,1,0,0.0010960815615486553,0.007208013638314035,0.05862617492675781,0.9985554218292236,0.05834735557436943,7.758347783237696e-05,0.00034499308094382286,0.0009698532521724701,0.0037014239420226523,0.02167955896738151,0.6783333333333333,0.008279941976070404,106.72300607559305,106.72300607559305,0.8858333333333334,pool=fp32_values_torch_sum_acc_fp32+pooled_rounded_to_fp8_e4m3_per_head_amax,score=fp8_e4m3_torch_scaled_mm_acc_fp32_native
R7,48,0.9,"repr=nvfp4, pool=fp32+fp8_e4m3/native, score=fp8_e4m3/native",fp8,nvfp4,native,7200,0.956496178718401,0.020803670906369476,0.9137366532275013,0.9777644230769231,0.9990939823981577,0.0045166015625,0.796875,1.15625,0.956496178718401,0.9622641509433962,0.0,1,0,0.0017686845365479846,0.006501517602606163,0.11177514865994453,0.9948632419109344,0.11174986511468887,0.00011902861297130585,0.0006499402225017548,0.001471129059791565,0.0032600378914415017,0.02260492666527373,0.6422222222222222,0.005552671849727631,46.64989124141277,46.64989124141277,0.8738888888888889,pool=fp32_values_torch_sum_acc_fp32+pooled_rounded_to_fp8_e4m3_per_head_amax,score=fp8_e4m3_torch_scaled_mm_acc_fp32_native
R7,48,0.95,"repr=nvfp4, pool=fp32+fp8_e4m3/native, score=fp8_e4m3/native",fp8,nvfp4,native,7200,0.9391114348142753,0.025912252939154445,0.8874237912944846,0.9685997596153846,0.9990939823981577,0.0031890869140625,0.66015625,0.81640625,0.9391114348142753,0.9473376243417203,0.0,1,0,0.002556319982170172,0.006001638810162645,0.19962169975042343,0.9839645028114319,0.19980139285326004,0.0001878291368484497,0.001111794263124466,0.0022820405662059783,0.003087065479150179,0.023701935431894465,0.6191666666666666,0.006242822855710983,33.23671162237208,33.23671162237208,0.8701388888888889,pool=fp32_values_torch_sum_acc_fp32+pooled_rounded_to_fp8_e4m3_per_head_amax,score=fp8_e4m3_torch_scaled_mm_acc_fp32_native
R8,0,0.8,"repr=bf16, pool=fp32+nvfp4/native, score=fp32/native",nvfp4_like,bf16,simulated,7200,0.892825096012347,0.04501531598288,0.7938452258913872,0.9433783373786407,0.9919162194992028,0.0227813720703125,1.0,5.83203125,0.892825096012347,0.8940487734798692,0.0,4,0,0.0010528954075032762,0.02525882423304817,0.16472643613815308,0.988034725189209,0.165190190076828,-1.5422701835632324e-05,0.001662611961364746,0.0014929422177374363,0.005684511668958475,0.027563717328446164,0.4948611111111111,-0.002223353832960129,144.1611111111111,144.1611111111111,0.37958333333333333,pool=fp32_values_torch_sum_acc_fp32+pooled_rounded_to_nvfp4_e2m1_per16_e4m3_sf,score=fp32_values_torch_matmul_acc_fp32_tf32_disabled
R8,0,0.9,"repr=bf16, pool=fp32+nvfp4/native, score=fp32/native",nvfp4_like,bf16,simulated,7200,0.8549432174458301,0.06916670845491213,0.7353669664971972,0.9217998798076923,0.9919162194992028,0.0158843994140625,0.99609375,4.06640625,0.8549432174458301,0.8557189656374155,0.0,3,0,0.001541732870714268,0.024215090569203287,0.24226555228233337,0.9756473302841187,0.2432190403342247,-0.0002061501145362854,0.00302041694521904,0.002552613615989685,0.006228360828007864,0.029520940589265902,0.45875,-0.0029186606407165527,14.157938487115544,14.157938487115544,0.3973611111111111,pool=fp32_values_torch_sum_acc_fp32+pooled_rounded_to_nvfp4_e2m1_per16_e4m3_sf,score=fp32_values_torch_matmul_acc_fp32_tf32_disabled
R8,0,0.95,"repr=bf16, pool=fp32+nvfp4/native, score=fp32/native",nvfp4_like,bf16,simulated,7200,0.8106637649619152,0.09179382909163591,0.6711021842832036,0.8954326923076923,0.9919162194992028,0.0106201171875,0.9765625,2.71875,0.8106637649619152,0.8118960119776779,0.0,3,0,0.0023599997629232742,0.02321539486861967,0.33106690645217896,0.9556767642498016,0.33297792077064514,-0.0007491931319236755,0.004814844578504562,0.003975415602326393,0.0070635514052181355,0.030860929534341774,0.39819444444444446,-0.0030273795127868652,4.040853264382676,4.040853264382676,0.45472222222222225,pool=fp32_values_torch_sum_acc_fp32+pooled_rounded_to_nvfp4_e2m1_per16_e4m3_sf,score=fp32_values_torch_matmul_acc_fp32_tf32_disabled
R8,1,0.8,"repr=bf16, pool=fp32+nvfp4/native, score=fp32/native",nvfp4_like,bf16,simulated,7200,0.9009101565154527,0.037718235363286556,0.8204821511509509,0.9478724211165048,0.9932949780580684,0.02097320556640625,1.0,5.369140625,0.9009101565154527,0.9015613168427505,0.0,5,0,0.0010765867599098426,0.023346798985968076,0.15621911734342575,0.9897176623344421,0.15605959296226501,6.423331797122955e-05,0.001443539746105671,0.0015453610569238663,0.005232746990995662,0.02715056454963565,0.53375,-0.0005739275366067886,-8.935044222125562,8.935044222125562,0.4647222222222222,pool=fp32_values_torch_sum_acc_fp32+pooled_rounded_to_nvfp4_e2m1_per16_e4m3_sf,score=fp32_values_torch_matmul_acc_fp32_tf32_disabled
R8,1,0.9,"repr=bf16, pool=fp32+nvfp4/native, score=fp32/native",nvfp4_like,bf16,simulated,7200,0.8682197740509437,0.05899820235743092,0.7549271636675237,0.9294621394230769,0.9932949780580684,0.0143280029296875,0.9921875,3.66796875,0.8682197740509437,0.8695316340144653,0.0,3,0,0.0015726792387741884,0.022384579519310263,0.23905808478593826,0.9764908254146576,0.23927844315767288,-1.3684853911399841e-05,0.002700002398341894,0.0027383014559745787,0.005834827996299367,0.03196541565607485,0.49722222222222223,-0.000824466347694397,60.246631278072684,60.246631278072684,0.4702777777777778,pool=fp32_values_torch_sum_acc_fp32+pooled_rounded_to_nvfp4_e2m1_per16_e4m3_sf,score=fp32_values_torch_matmul_acc_fp32_tf32_disabled
R8,1,0.95,"repr=bf16, pool=fp32+nvfp4/native, score=fp32/native",nvfp4_like,bf16,simulated,7200,0.8255622600109709,0.07828119840517878,0.6814449917898193,0.9044471153846154,0.9932949780580684,0.00970458984375,0.96484375,2.484375,0.8255622600109709,0.8255622600109709,0.0,2,0,0.002382271914581892,0.021190838479904738,0.34028926491737366,0.953890860080719,0.34132105112075806,-0.0003458559513092041,0.004305288195610046,0.004047311842441559,0.006337623763353091,0.028744506531094338,0.4502777777777778,-0.0003430992364883423,0.9920292977165015,0.9920292977165015,0.5141666666666667,pool=fp32_values_torch_sum_acc_fp32+pooled_rounded_to_nvfp4_e2m1_per16_e4m3_sf,score=fp32_values_torch_matmul_acc_fp32_tf32_disabled
R8,10,0.8,"repr=bf16, pool=fp32+nvfp4/native, score=fp32/native",nvfp4_like,bf16,simulated,7200,0.9147483842858181,0.026017322896994877,0.8599106654293023,0.9554763349514563,0.9946253101996535,0.017913818359375,1.0,4.5859375,0.9147483842858181,0.9156525845472048,0.0,2,0,0.0011159697270501589,0.02045445700751364,0.11423716321587563,0.9946514368057251,0.11415119469165802,0.0002206861972808838,0.0009811767376959324,0.0016217386350035668,0.005690093829515351,0.0289315065504104,0.6383333333333333,0.004419237375259399,20.02498311951384,20.02498311951384,0.6609722222222222,pool=fp32_values_torch_sum_acc_fp32+pooled_rounded_to_nvfp4_e2m1_per16_e4m3_sf,score=fp32_values_torch_matmul_acc_fp32_tf32_disabled
R8,10,0.9,"repr=bf16, pool=fp32+nvfp4/native, score=fp32/native",nvfp4_like,bf16,simulated,7200,0.8905062841724064,0.043911964734064224,0.8003604272363903,0.9420823317307693,0.9946253101996535,0.0117645263671875,0.984375,3.01171875,0.8905062841724064,0.8918496411568251,0.0,3,0,0.0016857119040841078,0.019388183482898974,0.19044768810272217,0.9850690960884094,0.19070332497358322,0.00023086369037628174,0.0018864981830120087,0.002522720396518707,0.005343157150154529,0.033519625297010684,0.58,0.0037534311413764954,16.258213386690763,16.258213386690763,0.6541666666666667,pool=fp32_values_torch_sum_acc_fp32+pooled_rounded_to_nvfp4_e2m1_per16_e4m3_sf,score=fp32_values_torch_matmul_acc_fp32_tf32_disabled
R8,10,0.95,"repr=bf16, pool=fp32+nvfp4/native, score=fp32/native",nvfp4_like,bf16,simulated,7200,0.849788100362675,0.06687916645590919,0.7279223279511962,0.9187950721153846,0.9946253101996535,0.00824737548828125,0.953125,2.111328125,0.849788100362675,0.8512028925045195,0.0,2,0,0.002363423657726173,0.017989669144659222,0.2938553988933563,0.9651325345039368,0.2945808917284012,0.00014375895261764526,0.0032614488154649734,0.004008188843727112,0.005919659174763463,0.03360104373660953,0.5215277777777778,0.0053995102643966675,37.559471365638764,37.559471365638764,0.6672222222222223,pool=fp32_values_torch_sum_acc_fp32+pooled_rounded_to_nvfp4_e2m1_per16_e4m3_sf,score=fp32_values_torch_matmul_acc_fp32_tf32_disabled
R8,25,0.8,"repr=bf16, pool=fp32+nvfp4/native, score=fp32/native",nvfp4_like,bf16,simulated,7200,0.9168362896190753,0.024973289041238633,0.8697360934708046,0.9566140776699029,0.9947982466594869,0.0174560546875,1.0,4.46875,0.9168362896190753,0.917533270307614,0.0,3,0,0.0011188803158806787,0.02001260033603336,0.09272537007927895,0.9963912069797516,0.09229132533073425,0.00028458423912525177,0.0009172605350613594,0.0018931791186332704,0.0067107762780244384,0.03600678442486821,0.6941666666666667,0.009371470659971237,32.93039238145106,32.93039238145106,0.7459722222222223,pool=fp32_values_torch_sum_acc_fp32+pooled_rounded_to_nvfp4_e2m1_per16_e4m3_sf,score=fp32_values_torch_matmul_acc_fp32_tf32_disabled
R8,25,0.9,"repr=bf16, pool=fp32+nvfp4/native, score=fp32/native",nvfp4_like,bf16,simulated,7200,0.8957561948162917,0.03750332649151977,0.8100421173253759,0.9450120192307693,0.9947982466594869,0.01116943359375,0.98046875,2.859375,0.8957561948162917,0.8971070257944991,0.0,2,0,0.0017155456359580728,0.018806582134401093,0.16195139288902283,0.9889514744281769,0.16185276210308075,0.00041315145790576935,0.001771481242030859,0.0029795169830322266,0.006238760381834104,0.03698774714178299,0.65375,0.006942152976989746,16.802925039110225,16.802925039110225,0.74125,pool=fp32_values_torch_sum_acc_fp32+pooled_rounded_to_nvfp4_e2m1_per16_e4m3_sf,score=fp32_values_torch_matmul_acc_fp32_tf32_disabled
R8,25,0.95,"repr=bf16, pool=fp32+nvfp4/native, score=fp32/native",nvfp4_like,bf16,simulated,7200,0.8563659182819691,0.055883520387232544,0.7373940408597581,0.9226262019230769,0.9947982466594869,0.0078582763671875,0.94921875,2.01171875,0.8563659182819691,0.8586986875174533,0.0,3,0,0.002392954567760646,0.01730958066916611,0.26639628410339355,0.9707779586315155,0.2658453732728958,0.0004608556628227234,0.003120407462120056,0.00453471839427948,0.006386800527169359,0.0397550995750859,0.5902777777777778,0.008626163005828857,18.717710775200064,18.717710775200064,0.7469444444444444,pool=fp32_values_torch_sum_acc_fp32+pooled_rounded_to_nvfp4_e2m1_per16_e4m3_sf,score=fp32_values_torch_matmul_acc_fp32_tf32_disabled
R8,40,0.8,"repr=bf16, pool=fp32+nvfp4/native, score=fp32/native",nvfp4_like,bf16,simulated,7200,0.9169059648867726,0.02404240804479163,0.8728602883727538,0.9566520024271845,0.99476976501758,0.0174407958984375,1.0,4.46484375,0.9169059648867726,0.917951702065755,0.0,3,0,0.001108028098768531,0.019873024354124157,0.07614491507411003,0.9976209700107574,0.07580089196562767,0.0003406647592782974,0.0009298531804233789,0.0022903144359588622,0.008668528839273479,0.042738025545044515,0.7411111111111112,0.015042117796838284,44.1551918334764,44.1551918334764,0.8194444444444444,pool=fp32_values_torch_sum_acc_fp32+pooled_rounded_to_nvfp4_e2m1_per16_e4m3_sf,score=fp32_values_torch_matmul_acc_fp32_tf32_disabled
R8,40,0.9,"repr=bf16, pool=fp32+nvfp4/native, score=fp32/native",nvfp4_like,bf16,simulated,7200,0.8983244206773618,0.03475143526577362,0.8258001264417775,0.9464393028846154,0.99476976501758,0.0108795166015625,0.98046875,2.78515625,0.8983244206773618,0.8998144712430427,0.0,2,0,0.0017587422944597081,0.018725494546410787,0.14283374696969986,0.9914305210113525,0.14203844219446182,0.0005418891087174416,0.0016948487609624863,0.003514044173061848,0.007674831855635675,0.0419314908498718,0.7086111111111111,0.010739490389823914,19.818612732856806,19.818612732856806,0.8140277777777778,pool=fp32_values_torch_sum_acc_fp32+pooled_rounded_to_nvfp4_e2m1_per16_e4m3_sf,score=fp32_values_torch_matmul_acc_fp32_tf32_disabled
R8,40,0.95,"repr=bf16, pool=fp32+nvfp4/native, score=fp32/native",nvfp4_like,bf16,simulated,7200,0.8615578240805482,0.05032844483946297,0.7575917612886189,0.9256310096153846,0.99476976501758,0.0075531005859375,0.9453125,1.93359375,0.8615578240805482,0.8633818589025756,0.0,2,0,0.0024668156877151338,0.017127044322677913,0.24172379821538925,0.9756215214729309,0.24164415895938873,0.0006901286542415619,0.0028391843661665916,0.005050268769264221,0.0070165985300273785,0.04112501830696714,0.6548611111111111,0.01215052604675293,17.606175271922485,17.606175271922485,0.8179166666666666,pool=fp32_values_torch_sum_acc_fp32+pooled_rounded_to_nvfp4_e2m1_per16_e4m3_sf,score=fp32_values_torch_matmul_acc_fp32_tf32_disabled
R8,48,0.8,"repr=bf16, pool=fp32+nvfp4/native, score=fp32/native",nvfp4_like,bf16,simulated,7200,0.9156525845472048,0.02297829019280684,0.8777249819094386,0.9559693567961165,0.9945377795018076,0.0177154541015625,1.0,4.53515625,0.9156525845472048,0.9171150210847754,0.0,2,0,0.0010960815615486553,0.020053135266663344,0.058892423287034035,0.9985416829586029,0.05834735557436943,0.00031073298305273056,0.0007848176173865795,0.002153606712818146,0.010173026986468646,0.04875547712132545,0.7683333333333333,0.019311605021357536,62.14855221236816,62.14855221236816,0.8808333333333334,pool=fp32_values_torch_sum_acc_fp32+pooled_rounded_to_nvfp4_e2m1_per16_e4m3_sf,score=fp32_values_torch_matmul_acc_fp32_tf32_disabled
R8,48,0.9,"repr=bf16, pool=fp32+nvfp4/native, score=fp32/native",nvfp4_like,bf16,simulated,7200,0.8968367056141351,0.032706511757895185,0.8415928564991024,0.9456129807692307,0.9945377795018076,0.01104736328125,0.984375,2.828125,0.8968367056141351,0.8991368856551822,0.0,2,0,0.0017686845365479846,0.01888996078450035,0.11301757395267487,0.994827389717102,0.11174986511468887,0.000563961686566472,0.001418923493474722,0.003433316946029663,0.008891960930785245,0.04884153466188509,0.7445833333333334,0.013709444552659988,24.30917716436772,24.30917716436772,0.8752777777777778,pool=fp32_values_torch_sum_acc_fp32+pooled_rounded_to_nvfp4_e2m1_per16_e4m3_sf,score=fp32_values_torch_matmul_acc_fp32_tf32_disabled
R8,48,0.95,"repr=bf16, pool=fp32+nvfp4/native, score=fp32/native",nvfp4_like,bf16,simulated,7200,0.8652094717668488,0.042710258375026955,0.7820496531255079,0.927734375,0.9945377795018076,0.0073394775390625,0.94140625,1.87890625,0.8652094717668488,0.8670406732117812,0.0,2,0,0.002556319982170172,0.01723127482627907,0.20055893063545227,0.9837727546691895,0.19980139285326004,0.0007819011807441711,0.002504299394786358,0.004912911355495453,0.008318441511661716,0.04777359808342145,0.6922222222222222,0.014689929783344269,18.787450569345847,18.787450569345847,0.8788888888888889,pool=fp32_values_torch_sum_acc_fp32+pooled_rounded_to_nvfp4_e2m1_per16_e4m3_sf,score=fp32_values_torch_matmul_acc_fp32_tf32_disabled
R9,0,0.8,"repr=nvfp4, pool=fp32+nvfp4/native, score=fp32/native",nvfp4_like,nvfp4,simulated,7200,0.8914673074853843,0.04584555745458796,0.7854639918794939,0.9426198422330098,0.9915442863030575,0.0230865478515625,1.0,5.91015625,0.8914673074853843,0.895444335233411,0.0,4,0,0.0010528954075032762,0.02577099603696025,0.1642136424779892,0.9880680739879608,0.165190190076828,3.873184323310852e-05,0.0017891377210617065,0.0017349720001220703,0.0059569715133145585,0.029620380143762247,0.5168055555555555,-0.0022545084357261658,-58.208136962585364,58.208136962585364,0.3786111111111111,pool=fp32_values_torch_sum_acc_fp32+pooled_rounded_to_nvfp4_e2m1_per16_e4m3_sf,score=fp32_values_torch_matmul_acc_fp32_tf32_disabled
R9,0,0.9,"repr=nvfp4, pool=fp32+nvfp4/native, score=fp32/native",nvfp4_like,nvfp4,simulated,7200,0.8521043478260869,0.06955258131814435,0.7336719411343361,0.9201472355769231,0.9915442863030575,0.0162200927734375,0.99609375,4.15234375,0.8521043478260869,0.8574019813031952,0.0,3,0,0.001541732870714268,0.024776372617002922,0.2424682080745697,0.9757206439971924,0.2432190403342247,-0.00015703588724136353,0.002977568656206131,0.0026468899566680195,0.0064580238338305925,0.031451099401950074,0.46305555555555555,-0.002991721034049988,19.05119324382028,19.05119324382028,0.3959722222222222,pool=fp32_values_torch_sum_acc_fp32+pooled_rounded_to_nvfp4_e2m1_per16_e4m3_sf,score=fp32_values_torch_matmul_acc_fp32_tf32_disabled
R9,0,0.95,"repr=nvfp4, pool=fp32+nvfp4/native, score=fp32/native",nvfp4_like,nvfp4,simulated,7200,0.807345062975352,0.0898416082066853,0.667961408344819,0.8934044471153846,0.9915442863030575,0.01082611083984375,0.9765625,2.771484375,0.807345062975352,0.8136239782016349,0.0,4,0,0.0023599997629232742,0.023825494859463822,0.3328064978122711,0.955681562423706,0.33297792077064514,-0.0006402283906936646,0.005170924589037895,0.004138261079788208,0.007782400464054445,0.032662761994932954,0.4216666666666667,-0.0030136555433273315,4.707156988246247,4.707156988246247,0.4486111111111111,pool=fp32_values_torch_sum_acc_fp32+pooled_rounded_to_nvfp4_e2m1_per16_e4m3_sf,score=fp32_values_torch_matmul_acc_fp32_tf32_disabled
R9,1,0.8,"repr=nvfp4, pool=fp32+nvfp4/native, score=fp32/native",nvfp4_like,nvfp4,simulated,7200,0.8987542305753583,0.03772579260542286,0.8179749798127698,0.9466777912621359,0.993120304880619,0.021453857421875,1.0,5.4921875,0.8987542305753583,0.9026590179312335,0.0,3,0,0.0010765867599098426,0.023891301617504843,0.15625716745853424,0.9897013306617737,0.15605959296226501,9.806896559894085e-05,0.0015033930540084839,0.0017579246312379837,0.005497980005891828,0.0297253744877977,0.5447222222222222,-0.0005785338580608368,-5.89925522847653,5.89925522847653,0.46458333333333335,pool=fp32_values_torch_sum_acc_fp32+pooled_rounded_to_nvfp4_e2m1_per16_e4m3_sf,score=fp32_values_torch_matmul_acc_fp32_tf32_disabled
R9,1,0.9,"repr=nvfp4, pool=fp32+nvfp4/native, score=fp32/native",nvfp4_like,nvfp4,simulated,7200,0.8659938323521166,0.05883347103143244,0.7504215966065942,0.9281850961538461,0.993120304880619,0.01458740234375,0.99609375,3.734375,0.8659938323521166,0.8704510327385134,0.0,3,0,0.0015726792387741884,0.022867696788452765,0.23922082781791687,0.9765449166297913,0.23927844315767288,1.800060272216797e-05,0.0027307458221912384,0.0030670434236526488,0.006048446486990416,0.03435869866920614,0.5066666666666667,-0.0008861944079399109,-49.23137417218543,49.23137417218543,0.47,pool=fp32_values_torch_sum_acc_fp32+pooled_rounded_to_nvfp4_e2m1_per16_e4m3_sf,score=fp32_values_torch_matmul_acc_fp32_tf32_disabled
R9,1,0.95,"repr=nvfp4, pool=fp32+nvfp4/native, score=fp32/native",nvfp4_like,nvfp4,simulated,7200,0.8225629791894852,0.07850064344300234,0.6771974486788168,0.9026442307692307,0.993120304880619,0.0098876953125,0.96875,2.53125,0.8225629791894852,0.8273164035689774,0.0,3,0,0.002382271914581892,0.02171334418514584,0.3406529575586319,0.9538693428039551,0.34132105112075806,-0.0003125518560409546,0.004594676196575165,0.004320853948593139,0.0068940087087643286,0.03165732631782322,0.4601388888888889,-0.0002928823232650757,0.9370679380214542,0.9370679380214542,0.5175,pool=fp32_values_torch_sum_acc_fp32+pooled_rounded_to_nvfp4_e2m1_per16_e4m3_sf,score=fp32_values_torch_matmul_acc_fp32_tf32_disabled
R9,10,0.8,"repr=nvfp4, pool=fp32+nvfp4/native, score=fp32/native",nvfp4_like,nvfp4,simulated,7200,0.912803772216177,0.026918780271974696,0.8571629807015071,0.9544144417475728,0.9944404978865863,0.018341064453125,1.0,4.6953125,0.912803772216177,0.9165576391917429,0.0,4,0,0.0011159697270501589,0.020962535145353338,0.1142723560333252,0.9946509897708893,0.11415119469165802,0.0002460889518260956,0.0010577593930065632,0.0019126154482364654,0.006044106213459114,0.03530076106353636,0.6463888888888889,0.004561960697174072,18.537852525772415,18.537852525772415,0.6569444444444444,pool=fp32_values_torch_sum_acc_fp32+pooled_rounded_to_nvfp4_e2m1_per16_e4m3_sf,score=fp32_values_torch_matmul_acc_fp32_tf32_disabled
R9,10,0.9,"repr=nvfp4, pool=fp32+nvfp4/native, score=fp32/native",nvfp4_like,nvfp4,simulated,7200,0.888360876657919,0.04554622429673716,0.7973341078145986,0.9408804086538461,0.9944404978865863,0.0120086669921875,0.984375,3.07421875,0.888360876657919,0.8930602957906713,0.0,3,0,0.0016857119040841078,0.019798066974253622,0.1904594972729683,0.9850295186042786,0.19070332497358322,0.0002756044268608093,0.0020287632942199707,0.0027527198195457458,0.005816260517738564,0.0373768774777843,0.5872222222222222,0.0037801414728164673,13.715822767700251,13.715822767700251,0.6551388888888889,pool=fp32_values_torch_sum_acc_fp32+pooled_rounded_to_nvfp4_e2m1_per16_e4m3_sf,score=fp32_values_torch_matmul_acc_fp32_tf32_disabled
R9,10,0.95,"repr=nvfp4, pool=fp32+nvfp4/native, score=fp32/native",nvfp4_like,nvfp4,simulated,7200,0.8476058292852185,0.0684051043574182,0.7245645527119342,0.9175180288461539,0.9944404978865863,0.0083770751953125,0.95703125,2.14453125,0.8476058292852185,0.8530066815144766,0.0,2,0,0.002363423657726173,0.018446190121274755,0.2942340075969696,0.9650807082653046,0.2945808917284012,0.00017665326595306396,0.0034710802137851715,0.004660692811012268,0.006272227460993234,0.03588748597875368,0.5290277777777778,0.005426816642284393,30.7201602699283,30.7201602699283,0.6684722222222222,pool=fp32_values_torch_sum_acc_fp32+pooled_rounded_to_nvfp4_e2m1_per16_e4m3_sf,score=fp32_values_torch_matmul_acc_fp32_tf32_disabled
R9,25,0.8,"repr=nvfp4, pool=fp32+nvfp4/native, score=fp32/native",nvfp4_like,nvfp4,simulated,7200,0.9150960525837963,0.02627637279351336,0.8668932313792126,0.9556659587378641,0.9945846380157961,0.0178375244140625,1.0,4.56640625,0.9150960525837963,0.9185098952270081,0.0,3,0,0.0011188803158806787,0.020489195483180275,0.09270257502794266,0.9963978826999664,0.09229132533073425,0.00032805372029542923,0.0010328474454581738,0.0024141542613506316,0.007864097084222005,0.04260187020273641,0.7120833333333333,0.00948326662182808,28.907663699981548,28.907663699981548,0.7472222222222222,pool=fp32_values_torch_sum_acc_fp32+pooled_rounded_to_nvfp4_e2m1_per16_e4m3_sf,score=fp32_values_torch_matmul_acc_fp32_tf32_disabled
R9,25,0.9,"repr=nvfp4, pool=fp32+nvfp4/native, score=fp32/native",nvfp4_like,nvfp4,simulated,7200,0.8935315268779611,0.03878760613157106,0.8074616179733379,0.9437725360576923,0.9945846380157961,0.01142120361328125,0.98046875,2.923828125,0.8935315268779611,0.8980537534754403,0.0,2,0,0.0017155456359580728,0.0192397457111387,0.1622927039861679,0.9889423847198486,0.16185276210308075,0.0004945285618305206,0.0018904749304056168,0.0034742861986160277,0.0068136543758061646,0.04354687149183696,0.6727777777777778,0.006995871663093567,14.146547243293735,14.146547243293735,0.7383333333333333,pool=fp32_values_torch_sum_acc_fp32+pooled_rounded_to_nvfp4_e2m1_per16_e4m3_sf,score=fp32_values_torch_matmul_acc_fp32_tf32_disabled
R9,25,0.95,"repr=nvfp4, pool=fp32+nvfp4/native, score=fp32/native",nvfp4_like,nvfp4,simulated,7200,0.8535226956279588,0.05650701649111778,0.7331076682723604,0.9209735576923077,0.9945846380157961,0.008026123046875,0.953125,2.0546875,0.8535226956279588,0.8599972055330446,0.0,2,0,0.002392954567760646,0.017739314189493812,0.2661150395870209,0.9707643985748291,0.2658453732728958,0.0005653947591781616,0.0032647736370563507,0.005018032342195511,0.006693386554175134,0.0429915772580775,0.6045833333333334,0.008888781070709229,15.721371530980681,15.721371530980681,0.7436111111111111,pool=fp32_values_torch_sum_acc_fp32+pooled_rounded_to_nvfp4_e2m1_per16_e4m3_sf,score=fp32_values_torch_matmul_acc_fp32_tf32_disabled
R9,40,0.8,"repr=nvfp4, pool=fp32+nvfp4/native, score=fp32/native",nvfp4_like,nvfp4,simulated,7200,0.9149569701151095,0.025188972042512248,0.8693384331014752,0.955590109223301,0.9945790074913945,0.0178680419921875,1.0,4.57421875,0.9149569701151095,0.9189636671017545,0.0,3,0,0.001108028098768531,0.020390751057004677,0.07652746140956879,0.9976066946983337,0.07580089196562767,0.00040091387927532196,0.0010996581986546516,0.002753213047981262,0.009956096575031978,0.05064907015054486,0.7590277777777777,0.015610145404934883,38.936405577056206,38.936405577056206,0.8186111111111111,pool=fp32_values_torch_sum_acc_fp32+pooled_rounded_to_nvfp4_e2m1_per16_e4m3_sf,score=fp32_values_torch_matmul_acc_fp32_tf32_disabled
R9,40,0.9,"repr=nvfp4, pool=fp32+nvfp4/native, score=fp32/native",nvfp4_like,nvfp4,simulated,7200,0.8958911913408816,0.03602167257103672,0.8201955288165721,0.9450871394230769,0.9945790074913945,0.0111541748046875,0.98046875,2.85546875,0.8958911913408816,0.9007639037624046,0.0,2,0,0.0017587422944597081,0.019268401380352903,0.1430397480726242,0.9914462566375732,0.14203844219446182,0.0006275326013565063,0.0018743390683084726,0.004012797400355339,0.008243963165139187,0.04873874713193046,0.7275,0.010861419141292572,17.308135255146865,17.308135255146865,0.8140277777777778,pool=fp32_values_torch_sum_acc_fp32+pooled_rounded_to_nvfp4_e2m1_per16_e4m3_sf,score=fp32_values_torch_matmul_acc_fp32_tf32_disabled
R9,40,0.95,"repr=nvfp4, pool=fp32+nvfp4/native, score=fp32/native",nvfp4_like,nvfp4,simulated,7200,0.8588284667862367,0.05147503427182931,0.7534246575342466,0.9240534855769231,0.9945790074913945,0.00771331787109375,0.9453125,1.974609375,0.8588284667862367,0.8652094717668488,0.0,2,0,0.0024668156877151338,0.017553510196679188,0.241616390645504,0.9756226539611816,0.24164415895938873,0.0007851012051105499,0.003041030839085579,0.005384847521781921,0.007302005948691074,0.04536026962911357,0.6677777777777778,0.012361213564872742,15.744739002320296,15.744739002320296,0.8166666666666667,pool=fp32_values_torch_sum_acc_fp32+pooled_rounded_to_nvfp4_e2m1_per16_e4m3_sf,score=fp32_values_torch_matmul_acc_fp32_tf32_disabled
R9,48,0.8,"repr=nvfp4, pool=fp32+nvfp4/native, score=fp32/native",nvfp4_like,nvfp4,simulated,7200,0.9133589724983673,0.02374606131625079,0.8746578507696136,0.9547178398058253,0.9942705178314697,0.018218994140625,1.0,4.6640625,0.9133589724983673,0.917951702065755,0.0,2,0,0.0010960815615486553,0.020632499464660295,0.05911576561629772,0.9985285401344299,0.05834735557436943,0.0003817696124315262,0.000937420642003417,0.0025132328271865846,0.0116366175631735,0.05711258293038255,0.79,0.01985137618612498,51.99831400851869,51.99831400851869,0.88125,pool=fp32_values_torch_sum_acc_fp32+pooled_rounded_to_nvfp4_e2m1_per16_e4m3_sf,score=fp32_values_torch_matmul_acc_fp32_tf32_disabled
R9,48,0.9,"repr=nvfp4, pool=fp32+nvfp4/native, score=fp32/native",nvfp4_like,nvfp4,simulated,7200,0.8949466192170819,0.03410344175477131,0.8374051069703243,0.9445612980769231,0.9942705178314697,0.011260986328125,0.984375,2.8828125,0.8949466192170819,0.9002212547284276,0.0,2,0,0.0017686845365479846,0.01950769700480983,0.11272919550538063,0.9948207139968872,0.11174986511468887,0.0006564753130078316,0.0016304920427501202,0.00394597053527832,0.009952470248133151,0.0548867327060424,0.7606944444444445,0.013976432383060455,21.290111152883096,21.290111152883096,0.8795833333333334,pool=fp32_values_torch_sum_acc_fp32+pooled_rounded_to_nvfp4_e2m1_per16_e4m3_sf,score=fp32_values_torch_matmul_acc_fp32_tf32_disabled
R9,48,0.95,"repr=nvfp4, pool=fp32+nvfp4/native, score=fp32/native",nvfp4_like,nvfp4,simulated,7200,0.8623391158365976,0.04389601824734202,0.7782527384450976,0.9260817307692307,0.9942705178314697,0.00750732421875,0.9453125,1.921875,0.8623391158365976,0.8688754738172119,0.0,2,0,0.002556319982170172,0.01772759415862693,0.2008812576532364,0.9837007224559784,0.19980139285326004,0.0008885413408279419,0.0027010105550289154,0.005505000054836273,0.008835610929750607,0.05466892051635234,0.7077777777777777,0.01503155380487442,16.917112478827416,16.917112478827416,0.8798611111111111,pool=fp32_values_torch_sum_acc_fp32+pooled_rounded_to_nvfp4_e2m1_per16_e4m3_sf,score=fp32_values_torch_matmul_acc_fp32_tf32_disabled
