layer,timestep,n,insufficient_n,native_or_simulated,n_jaccard,jaccard_median,jaccard_q1,jaccard_q3,jaccard_iqr,jaccard_mean,jaccard_p10,jaccard_p90,jaccard_min,jaccard_max,n_recall,recall_median,recall_q1,recall_q3,recall_iqr,recall_mean,recall_p10,recall_p90,recall_min,recall_max,decision_margin_reference_median,n_decision_margin_reference,decision_margin_candidate_median,n_decision_margin_candidate,frac_query_blocks_changed_median,n_frac_query_blocks_changed,boundary_ties_median,n_boundary_ties,spearman_rho_median,n_spearman_rho,sat_frac_q_median,n_sat_frac_q
0,0,24,False,native,24,0.967542,0.959427,0.972455,0.013027,0.965518,0.954488,0.975501,0.936261,0.988087,24,0.983503,0.979293,0.986034,0.006741,0.982416,0.976714,0.987599,0.967081,0.994008,0.000637,24,0.001354,24,0.904297,24,123.0,24,0.99926,24,0.096604,24
0,1,24,False,native,24,0.968827,0.958317,0.973118,0.014801,0.965678,0.954706,0.97676,0.93484,0.987937,24,0.984166,0.978715,0.986376,0.007661,0.982495,0.976828,0.988243,0.966323,0.993932,0.001347,24,0.001358,24,0.884766,24,121.5,24,,0,0.09667,24
0,2,24,False,native,24,0.965892,0.95543,0.97321,0.017779,0.964949,0.953041,0.974392,0.941322,0.987937,24,0.982649,0.977207,0.986423,0.009216,0.982125,0.975956,0.98703,0.969774,0.993932,0.00145,24,0.001343,24,0.892578,24,108.0,24,,0,0.096382,24
0,3,24,False,native,24,0.963768,0.955884,0.972103,0.016219,0.965235,0.954126,0.976982,0.943468,0.989737,24,0.98155,0.977444,0.985854,0.00841,0.982273,0.976525,0.988357,0.970912,0.994842,0.001381,24,0.001301,24,0.917969,24,111.5,24,,0,0.096028,24
0,4,24,False,native,24,0.964428,0.959795,0.973136,0.013341,0.965446,0.952896,0.976315,0.941393,0.989587,24,0.981891,0.979483,0.986385,0.006902,0.982381,0.97588,0.988016,0.969812,0.994766,0.000595,24,0.001251,24,0.886719,24,114.5,24,,0,0.09569,24
0,5,24,False,native,24,0.962927,0.958573,0.972546,0.013974,0.965009,0.952245,0.976241,0.943181,0.989287,24,0.981113,0.978847,0.986082,0.007234,0.982156,0.975539,0.987978,0.97076,0.994615,0.00135,24,0.001293,24,0.900391,24,111.0,24,,0,0.095452,24
0,6,24,False,native,24,0.9645,0.957972,0.971883,0.013911,0.964821,0.951306,0.976686,0.94218,0.988762,24,0.981929,0.978535,0.98574,0.007206,0.982058,0.975046,0.988205,0.970229,0.994349,0.001343,24,0.001209,24,0.910156,24,113.5,24,,0,0.095203,24
0,7,24,False,native,24,0.962745,0.958208,0.972141,0.013932,0.964835,0.951017,0.978243,0.942394,0.988312,24,0.981019,0.978658,0.985873,0.007215,0.982065,0.974894,0.989002,0.970343,0.994122,0.00111,24,0.000546,24,0.900391,24,122.0,24,,0,0.095028,24
0,8,24,False,native,24,0.963038,0.959063,0.97144,0.012378,0.964897,0.952679,0.978243,0.943539,0.989362,24,0.98117,0.979103,0.985513,0.006409,0.9821,0.975766,0.989002,0.97095,0.994653,0.000702,24,0.001148,24,0.917969,24,121.5,24,,0,0.094885,24
0,9,24,False,native,24,0.9626,0.95828,0.970961,0.012681,0.964654,0.952679,0.978614,0.945906,0.988687,24,0.980943,0.978696,0.985266,0.00657,0.981976,0.975766,0.989191,0.972201,0.994311,0.000702,24,0.001312,24,0.908203,24,113.5,24,,0,0.094766,24
0,10,24,False,native,24,0.962343,0.959645,0.971183,0.011538,0.964493,0.95008,0.977946,0.944543,0.988687,24,0.98081,0.979407,0.98538,0.005973,0.981891,0.974401,0.98885,0.971481,0.994311,0.000603,24,0.001301,24,0.912109,24,113.5,24,0.999281,24,0.094698,24
0,11,24,False,native,24,0.963841,0.959554,0.971314,0.01176,0.965072,0.95008,0.977056,0.945619,0.989437,24,0.981588,0.979359,0.985446,0.006087,0.982191,0.974401,0.988395,0.972049,0.994691,0.001423,24,0.001293,24,0.921875,24,110.5,24,,0,0.094647,24
0,12,24,False,native,24,0.963548,0.960975,0.970798,0.009823,0.964958,0.948206,0.975575,0.945619,0.990564,24,0.981436,0.980099,0.985181,0.005082,0.982131,0.973415,0.987637,0.972049,0.995259,0.001266,24,0.000683,24,0.912109,24,120.0,24,,0,0.094613,24
0,13,24,False,native,24,0.963256,0.961212,0.97109,0.009879,0.964876,0.948134,0.975279,0.946481,0.990714,24,0.981284,0.980222,0.985333,0.00511,0.98209,0.973377,0.987485,0.972505,0.995335,0.000675,24,0.001266,24,0.912109,24,111.0,24,,0,0.094589,24
0,14,24,False,native,24,0.963146,0.9601,0.971421,0.011321,0.964483,0.947271,0.975649,0.946912,0.988537,24,0.981227,0.979644,0.985503,0.005859,0.981888,0.972922,0.987674,0.972732,0.994235,0.000694,24,0.00124,24,0.900391,24,111.5,24,,0,0.094588,24
0,15,24,False,native,24,0.963585,0.959627,0.970538,0.010912,0.964333,0.947343,0.974022,0.94684,0.987937,24,0.981455,0.979397,0.985048,0.005651,0.981812,0.97296,0.98684,0.972694,0.993932,0.000687,24,0.000702,24,0.900391,24,125.5,24,,0,0.094613,24
0,16,24,False,native,24,0.963622,0.959499,0.970961,0.011462,0.96439,0.94835,0.974392,0.945547,0.987937,24,0.981474,0.979331,0.985266,0.005935,0.98184,0.973491,0.98703,0.972012,0.993932,0.000679,24,0.000694,24,0.908203,24,135.5,24,,0,0.09462,24
0,17,24,False,native,24,0.964646,0.958573,0.970813,0.012241,0.96413,0.947919,0.973653,0.945547,0.988462,24,0.982005,0.978847,0.98519,0.006343,0.981704,0.973263,0.98665,0.972012,0.994198,0.000782,24,0.001232,24,0.910156,24,120.0,24,,0,0.09464,24
0,18,24,False,native,24,0.964353,0.960268,0.970152,0.009884,0.96396,0.946193,0.973727,0.942967,0.988837,24,0.981853,0.979729,0.984849,0.00512,0.981613,0.972353,0.986688,0.970646,0.994387,0.001396,24,0.000679,24,0.910156,24,121.0,24,,0,0.094679,24
0,19,24,False,native,24,0.965231,0.958481,0.969654,0.011173,0.964229,0.947199,0.974761,0.945188,0.988462,24,0.982308,0.9788,0.984593,0.005793,0.981755,0.972884,0.987219,0.971822,0.994198,0.001221,24,0.001221,24,0.916016,24,115.5,24,,0,0.094721,24
0,20,24,False,native,24,0.965195,0.957809,0.97028,0.012471,0.963941,0.946409,0.974687,0.942967,0.987712,24,0.982289,0.978449,0.984915,0.006466,0.981603,0.972467,0.987181,0.970646,0.993818,0.000679,24,0.000683,24,0.917969,24,118.0,24,0.999256,24,0.094779,24
0,21,24,False,native,24,0.965122,0.958973,0.969195,0.010222,0.963991,0.945619,0.974613,0.94526,0.987488,24,0.982251,0.979056,0.984356,0.0053,0.981632,0.972049,0.987144,0.97186,0.993704,0.00135,24,0.000675,24,0.914062,24,121.0,24,,0,0.09483,24
0,22,24,False,native,24,0.965085,0.955467,0.969194,0.013727,0.963314,0.944614,0.974096,0.944256,0.987712,24,0.982232,0.977226,0.984356,0.00713,0.981278,0.971519,0.986878,0.971329,0.993818,0.00127,24,0.000664,24,0.925781,24,123.5,24,,0,0.094894,24
0,23,24,False,native,24,0.964975,0.955831,0.968459,0.012628,0.963229,0.946768,0.973874,0.944686,0.986739,24,0.982175,0.977416,0.983977,0.006561,0.981237,0.972656,0.986764,0.971556,0.993325,0.001186,24,0.001354,24,0.925781,24,108.5,24,,0,0.094946,24
0,24,24,False,native,24,0.964756,0.957738,0.968185,0.010447,0.963468,0.947343,0.974096,0.94268,0.987113,24,0.982062,0.978411,0.983835,0.005423,0.98136,0.97296,0.986878,0.970495,0.993515,0.001316,24,0.001282,24,0.929688,24,118.0,24,,0,0.095012,24
0,25,24,False,native,24,0.965085,0.956483,0.968038,0.011554,0.963583,0.945762,0.974835,0.94526,0.987113,24,0.982232,0.977757,0.983759,0.006002,0.98142,0.972125,0.987257,0.97186,0.993515,0.001358,24,0.001339,24,0.931641,24,108.0,24,,0,0.095076,24
0,26,24,False,native,24,0.965818,0.956903,0.966936,0.010033,0.963278,0.945691,0.975575,0.944686,0.986215,24,0.982611,0.977975,0.98319,0.005215,0.981262,0.972087,0.987637,0.971556,0.99306,0.001362,24,0.001343,24,0.949219,24,119.0,24,,0,0.095122,24
0,27,24,False,native,24,0.965561,0.955305,0.967468,0.012162,0.962778,0.945619,0.974466,0.942323,0.986664,24,0.982479,0.977141,0.983465,0.006324,0.981,0.972049,0.987068,0.970305,0.993287,0.000668,24,0.00135,24,0.939453,24,111.5,24,,0,0.095179,24
0,28,24,False,native,24,0.965378,0.956415,0.967982,0.011567,0.962855,0.947919,0.974539,0.941393,0.98614,24,0.982384,0.977719,0.98373,0.006011,0.981041,0.973263,0.987106,0.969812,0.993022,0.001377,24,0.000664,24,0.933594,24,122.0,24,,0,0.095225,24
0,29,24,False,native,24,0.964902,0.956701,0.968294,0.011592,0.96275,0.948134,0.97321,0.939893,0.985243,24,0.982137,0.977871,0.983891,0.006021,0.980987,0.973377,0.986423,0.969015,0.992567,0.001358,24,0.001343,24,0.927734,24,108.0,24,,0,0.095277,24
0,30,24,False,native,24,0.96439,0.955847,0.967909,0.012061,0.962218,0.947631,0.971439,0.939323,0.984048,24,0.981872,0.977425,0.983692,0.006267,0.980712,0.973111,0.985513,0.968712,0.99196,0.001343,24,0.00132,24,0.914062,24,108.0,24,0.999218,24,0.095326,24
0,31,24,False,native,24,0.963551,0.956048,0.966845,0.010798,0.961234,0.946121,0.971513,0.937755,0.981886,24,0.981436,0.97753,0.983142,0.005613,0.9802,0.972315,0.985551,0.967878,0.99086,0.001339,24,0.000708,24,0.917969,24,114.0,24,,0,0.095364,24
0,32,24,False,native,24,0.962493,0.954289,0.967523,0.013234,0.960575,0.947703,0.971218,0.93335,0.981439,24,0.980886,0.97661,0.983493,0.006883,0.979852,0.973149,0.985399,0.965526,0.990633,0.001343,24,0.001076,24,0.931641,24,117.5,24,,0,0.095386,24
0,33,24,False,native,24,0.961471,0.954905,0.966553,0.011647,0.960243,0.949215,0.970776,0.931368,0.982109,24,0.980355,0.976932,0.982991,0.006058,0.979679,0.973946,0.985171,0.964465,0.990974,0.00132,24,0.001335,24,0.933594,24,112.5,24,,0,0.095425,24
0,34,24,False,native,24,0.960267,0.955014,0.967028,0.012014,0.95961,0.952679,0.969893,0.927274,0.980918,24,0.979729,0.976989,0.983237,0.006248,0.979347,0.975766,0.984716,0.962265,0.990367,0.001331,24,0.000965,24,0.939453,24,120.0,24,,0,0.095466,24
0,35,24,False,native,24,0.960743,0.954488,0.964701,0.010213,0.959308,0.953764,0.970703,0.927133,0.978985,24,0.979976,0.976714,0.982033,0.005319,0.979192,0.976335,0.985133,0.962189,0.989381,0.00132,24,0.001081,24,0.935547,24,120.0,24,,0,0.095527,24
0,36,24,False,native,24,0.95994,0.95438,0.964847,0.010467,0.958726,0.953475,0.969966,0.927626,0.97676,24,0.979559,0.976657,0.982109,0.005452,0.978892,0.976183,0.984754,0.962454,0.988243,0.000837,24,0.001312,24,0.939453,24,115.5,24,,0,0.095563,24
0,37,24,False,native,24,0.959977,0.954506,0.964188,0.009682,0.958146,0.953041,0.970114,0.923338,0.974392,24,0.979578,0.976724,0.981768,0.005044,0.978585,0.975956,0.98483,0.960141,0.98703,0.001293,24,0.001293,24,0.939453,24,116.5,24,,0,0.095602,24
0,38,24,False,native,24,0.962489,0.953384,0.963859,0.010475,0.958369,0.953113,0.970482,0.92418,0.974096,24,0.980886,0.976136,0.981597,0.005461,0.978702,0.975994,0.98502,0.960596,0.986878,0.000618,24,0.001282,24,0.9375,24,117.0,24,,0,0.095623,24
0,39,24,False,native,24,0.962781,0.954054,0.963621,0.009568,0.957832,0.952245,0.968202,0.922216,0.973062,24,0.981038,0.976487,0.981474,0.004987,0.978421,0.975539,0.983844,0.959534,0.986347,0.001266,24,0.001259,24,0.953125,24,118.0,24,,0,0.095616,24
0,40,24,False,native,24,0.961176,0.953891,0.963348,0.009456,0.957132,0.950152,0.967688,0.921096,0.972103,24,0.980203,0.976401,0.981332,0.00493,0.978054,0.974439,0.983579,0.958927,0.985854,0.001259,24,0.001263,24,0.949219,24,109.0,24,0.998782,24,0.095583,24
0,41,24,False,native,24,0.958955,0.951053,0.962946,0.011892,0.955469,0.950368,0.966807,0.916279,0.970261,24,0.979047,0.974913,0.981123,0.00621,0.977179,0.974552,0.983123,0.956311,0.984906,0.001255,24,0.00127,24,0.953125,24,115.5,24,,0,0.09549,24
0,42,24,False,native,24,0.959208,0.948063,0.962763,0.0147,0.954554,0.94684,0.966001,0.914957,0.971439,24,0.979179,0.973339,0.981028,0.007689,0.976695,0.972694,0.982706,0.95559,0.985513,0.001221,24,0.000603,24,0.958984,24,125.0,24,,0,0.095285,24
0,43,24,False,native,24,0.956629,0.947271,0.96269,0.015419,0.952608,0.941322,0.965195,0.909341,0.969893,24,0.977833,0.972922,0.98099,0.008068,0.975665,0.969774,0.982289,0.952518,0.984716,0.001209,24,0.001228,24,0.951172,24,116.5,24,,0,0.094927,24
0,44,24,False,native,24,0.954095,0.946445,0.963677,0.017232,0.950703,0.935479,0.965488,0.903621,0.966294,24,0.976506,0.972486,0.981502,0.009017,0.97465,0.966664,0.982441,0.94937,0.982858,0.001205,24,0.00058,24,0.953125,24,121.0,24,,0,0.09442,24
0,45,24,False,native,24,0.950082,0.943344,0.959864,0.01652,0.947058,0.929389,0.962708,0.901698,0.963366,24,0.974401,0.970845,0.979521,0.008675,0.972732,0.963403,0.981,0.948309,0.981341,0.001186,24,0.000557,24,0.964844,24,121.0,24,,0,0.093636,24
0,46,24,False,native,24,0.947667,0.940323,0.955638,0.015315,0.945155,0.925023,0.964389,0.897934,0.968496,24,0.97313,0.969243,0.977312,0.008068,0.971711,0.961051,0.981872,0.946223,0.983996,0.001179,24,0.001183,24,0.966797,24,117.5,24,,0,0.092607,24
0,47,24,False,native,24,0.944399,0.939325,0.954676,0.015351,0.943135,0.922637,0.964316,0.892418,0.967981,24,0.971405,0.968712,0.976809,0.008097,0.97063,0.959762,0.981834,0.943151,0.98373,0.000762,24,0.000978,24,0.96875,24,120.0,24,,0,0.091023,24
0,48,24,False,native,24,0.946086,0.940357,0.954693,0.014335,0.9432,0.921796,0.961905,0.889908,0.966367,24,0.972296,0.969262,0.976818,0.007557,0.970662,0.959307,0.980583,0.941748,0.982896,0.000952,24,0.001167,24,0.957031,24,114.5,24,,0,0.089447,24
0,49,24,False,native,24,0.948315,0.937562,0.958154,0.020592,0.945093,0.931226,0.962927,0.899301,0.970482,24,0.973472,0.967773,0.978629,0.010856,0.971683,0.964389,0.981113,0.946981,0.98502,0.000929,24,0.000523,24,0.962891,24,120.0,24,,0,0.088911,24
1,0,24,False,native,24,0.974356,0.962726,0.97815,0.015424,0.971126,0.961562,0.980368,0.949575,0.983227,24,0.987011,0.981009,0.988954,0.007945,0.985331,0.980404,0.990086,0.974135,0.991543,0.000919,24,0.000984,24,0.830078,24,98.5,24,0.999648,24,0.101109,24
1,1,24,False,native,24,0.972694,0.964134,0.978187,0.014053,0.970333,0.957979,0.979498,0.948422,0.981737,24,0.986157,0.981739,0.988973,0.007234,0.984922,0.978538,0.989643,0.973529,0.990784,0.000984,24,0.000999,24,0.84375,24,103.0,24,,0,0.100976,24
1,2,24,False,native,24,0.973062,0.962947,0.978744,0.015797,0.970032,0.956185,0.979691,0.952896,0.981216,24,0.986347,0.981123,0.989258,0.008135,0.984765,0.977602,0.989741,0.97588,0.990519,0.000919,24,0.000973,24,0.84375,24,101.5,24,,0,0.101126,24
1,3,24,False,native,24,0.972656,0.964446,0.979041,0.014595,0.970004,0.954786,0.98074,0.948638,0.982631,24,0.986139,0.9819,0.98941,0.007509,0.984748,0.97687,0.990276,0.973642,0.991239,0.001007,24,0.00103,24,0.857422,24,97.0,24,,0,0.101491,24
1,4,24,False,native,24,0.971735,0.965031,0.977984,0.012953,0.969523,0.952838,0.981439,0.943468,0.983302,24,0.985664,0.982204,0.988869,0.006665,0.984494,0.97585,0.990633,0.970912,0.991581,0.001106,24,0.001114,24,0.865234,24,99.0,24,,0,0.101703,24
1,5,24,False,native,24,0.971477,0.965616,0.977575,0.01196,0.969163,0.951927,0.982303,0.937399,0.98375,24,0.985532,0.982507,0.98866,0.006153,0.984301,0.975372,0.991073,0.967688,0.991808,0.00099,24,0.001087,24,0.849609,24,109.5,24,,0,0.101922,24
1,6,24,False,native,24,0.971257,0.966789,0.97984,0.013051,0.969139,0.951277,0.981931,0.934485,0.983675,24,0.985418,0.983114,0.989817,0.006703,0.984282,0.97503,0.990883,0.966133,0.99177,0.001114,24,0.001015,24,0.845703,24,110.0,24,,0,0.102169,24
1,7,24,False,native,24,0.971625,0.966202,0.979635,0.013433,0.969047,0.951561,0.982288,0.931439,0.98629,24,0.985608,0.982811,0.989713,0.006902,0.984228,0.975178,0.991065,0.964502,0.993098,0.000984,24,0.001129,24,0.865234,24,111.5,24,,0,0.102416,24
1,8,24,False,native,24,0.97225,0.965964,0.980565,0.014601,0.969076,0.951279,0.982825,0.930166,0.985168,24,0.98593,0.982687,0.990187,0.0075,0.984239,0.97503,0.991338,0.96382,0.992529,0.001038,24,0.000996,24,0.841797,24,109.0,24,,0,0.102599,24
1,9,24,False,native,24,0.972841,0.964628,0.980899,0.016272,0.969138,0.952485,0.982609,0.929813,0.987113,24,0.986233,0.981995,0.990358,0.008362,0.984269,0.975664,0.991228,0.96363,0.993515,0.001186,24,0.001034,24,0.835938,24,108.0,24,,0,0.102777,24
1,10,24,False,native,24,0.972472,0.963476,0.97997,0.016494,0.96871,0.952723,0.981648,0.928684,0.986215,24,0.986044,0.981398,0.989884,0.008486,0.984046,0.975789,0.990739,0.963023,0.99306,0.001186,24,0.000996,24,0.830078,24,106.5,24,0.999635,24,0.102938,24
1,11,24,False,native,24,0.973542,0.962947,0.980825,0.017878,0.968567,0.950997,0.981923,0.926359,0.986589,24,0.986594,0.981123,0.99032,0.009197,0.983967,0.974882,0.990879,0.961772,0.993249,0.001129,24,0.001083,24,0.826172,24,101.0,24,,0,0.103073,24
1,12,24,False,native,24,0.973727,0.963697,0.979208,0.015512,0.968326,0.952621,0.981119,0.921656,0.987712,24,0.986688,0.981512,0.989495,0.007983,0.983839,0.975736,0.99047,0.959231,0.993818,0.001038,24,0.001019,24,0.820312,24,102.5,24,,0,0.103181,24
1,13,24,False,native,24,0.973727,0.963459,0.978633,0.015174,0.968621,0.953923,0.982773,0.927204,0.986514,24,0.986688,0.981388,0.989201,0.007812,0.983997,0.976418,0.991311,0.962227,0.993211,0.000946,24,0.001064,24,0.830078,24,106.5,24,,0,0.103263,24
1,14,24,False,native,24,0.974724,0.962747,0.977372,0.014625,0.968608,0.954163,0.982564,0.924953,0.987563,24,0.9872,0.981019,0.988556,0.007538,0.983991,0.976544,0.991205,0.961013,0.993742,0.00111,24,0.001068,24,0.832031,24,105.5,24,,0,0.103306,24
1,15,24,False,native,24,0.974503,0.962474,0.976686,0.014212,0.968366,0.95509,0.983131,0.923408,0.987488,24,0.987087,0.980876,0.988205,0.007329,0.983866,0.977029,0.991493,0.960179,0.993704,0.001026,24,0.000959,24,0.839844,24,102.0,24,,0,0.103321,24
1,16,24,False,native,24,0.97406,0.962275,0.977131,0.014855,0.968193,0.952643,0.982586,0.924461,0.988087,24,0.986859,0.980772,0.988433,0.007661,0.983776,0.975747,0.991217,0.960748,0.994008,0.000999,24,0.000944,24,0.814453,24,104.0,24,,0,0.103324,24
1,17,24,False,native,24,0.973543,0.961782,0.977427,0.015645,0.968272,0.953844,0.982229,0.931156,0.988087,24,0.986594,0.980516,0.988585,0.008068,0.983824,0.976377,0.991035,0.964351,0.994008,0.001034,24,0.001011,24,0.845703,24,106.0,24,,0,0.103306,24
1,18,24,False,native,24,0.973173,0.96056,0.976408,0.015849,0.968177,0.954177,0.983257,0.931934,0.987638,24,0.986404,0.979881,0.988063,0.008182,0.983776,0.976551,0.991558,0.964768,0.99378,0.001011,24,0.001053,24,0.832031,24,102.5,24,,0,0.103259,24
1,19,24,False,native,24,0.972656,0.962039,0.976704,0.014666,0.968533,0.952954,0.982333,0.93683,0.987338,24,0.986139,0.980649,0.988215,0.007566,0.983969,0.97591,0.991088,0.967385,0.993629,0.001106,24,0.001003,24,0.867188,24,105.0,24,,0,0.103231,24
1,20,24,False,native,24,0.972251,0.960668,0.97739,0.016722,0.968992,0.951545,0.983437,0.941536,0.988012,24,0.98593,0.979938,0.988566,0.008628,0.984209,0.975171,0.991649,0.969888,0.99397,0.001049,24,0.001034,24,0.839844,24,108.5,24,0.999626,24,0.103205,24
1,21,24,False,native,24,0.97096,0.961452,0.976834,0.015382,0.969008,0.950881,0.984123,0.943468,0.985841,24,0.985266,0.980345,0.988281,0.007936,0.98422,0.974822,0.991998,0.970912,0.99287,0.001011,24,0.001019,24,0.851562,24,99.0,24,,0,0.103137,24
1,22,24,False,native,24,0.972177,0.961214,0.976538,0.015324,0.969312,0.95156,0.983631,0.945691,0.987038,24,0.985892,0.980222,0.98813,0.007907,0.98438,0.975178,0.991748,0.972087,0.993477,0.00106,24,0.001011,24,0.849609,24,98.5,24,,0,0.103043,24
1,23,24,False,native,24,0.971145,0.96176,0.977724,0.015964,0.969295,0.949267,0.984355,0.944973,0.986814,24,0.985361,0.980507,0.988736,0.00823,0.984369,0.973972,0.992115,0.971708,0.993363,0.000887,24,0.001003,24,0.84375,24,103.0,24,,0,0.102939,24
1,24,24,False,native,24,0.970518,0.961341,0.978373,0.017032,0.969107,0.948086,0.984414,0.943969,0.986664,24,0.985039,0.980289,0.989068,0.00878,0.984269,0.97335,0.992146,0.971177,0.993287,0.001011,24,0.001038,24,0.845703,24,104.5,24,,0,0.102863,24
1,25,24,False,native,24,0.969268,0.96187,0.977446,0.015576,0.968631,0.948344,0.984168,0.942394,0.987712,24,0.984394,0.980564,0.988594,0.008031,0.984023,0.973487,0.992021,0.970343,0.993818,0.000996,24,0.001015,24,0.855469,24,97.0,24,,0,0.102773,24
1,26,24,False,native,24,0.969856,0.960703,0.977668,0.016965,0.968545,0.948142,0.983556,0.945834,0.986739,24,0.984697,0.979957,0.988708,0.008751,0.983982,0.973381,0.99171,0.972163,0.993325,0.00095,24,0.000977,24,0.878906,24,106.5,24,,0,0.102678,24
1,27,24,False,native,24,0.968937,0.959955,0.978169,0.018213,0.968204,0.946948,0.984474,0.94526,0.986589,24,0.984223,0.979568,0.988964,0.009396,0.983803,0.972751,0.992176,0.97186,0.993249,0.001015,24,0.001011,24,0.878906,24,105.5,24,,0,0.102564,24
1,28,24,False,native,24,0.96901,0.96023,0.978855,0.018626,0.967886,0.945827,0.984557,0.943181,0.986514,24,0.984261,0.97971,0.989315,0.009604,0.983635,0.972159,0.992218,0.97076,0.993211,0.001038,24,0.00116,24,0.886719,24,94.5,24,,0,0.102413,24
1,29,24,False,native,24,0.970003,0.962163,0.978244,0.016081,0.968127,0.945777,0.983034,0.945117,0.986589,24,0.984773,0.980715,0.989002,0.008287,0.983762,0.972133,0.991444,0.971784,0.993249,0.000906,24,0.000923,24,0.871094,24,104.0,24,,0,0.102295,24
1,30,24,False,native,24,0.968422,0.96218,0.977688,0.015508,0.967739,0.945289,0.983205,0.944041,0.987488,24,0.983958,0.980725,0.988717,0.007993,0.98356,0.971875,0.991531,0.971215,0.993704,0.000908,24,0.000956,24,0.871094,24,99.5,24,0.999493,24,0.10209,24
1,31,24,False,native,24,0.967027,0.960284,0.978503,0.018219,0.967373,0.947438,0.982922,0.943539,0.987338,24,0.983237,0.979739,0.989135,0.009396,0.983373,0.973009,0.991387,0.97095,0.993629,0.001009,24,0.000896,24,0.888672,24,94.0,24,,0,0.101968,24
1,32,24,False,native,24,0.96677,0.960174,0.977651,0.017476,0.967198,0.948192,0.984206,0.943325,0.985841,24,0.983105,0.979682,0.988698,0.009017,0.983283,0.973407,0.99204,0.970836,0.99287,0.000908,24,0.000921,24,0.892578,24,101.0,24,,0,0.101815,24
1,33,24,False,native,24,0.96644,0.960522,0.976408,0.015887,0.966652,0.946546,0.983683,0.943468,0.985841,24,0.982934,0.979862,0.988063,0.008201,0.983,0.972539,0.991774,0.970912,0.99287,0.000862,24,0.001087,24,0.892578,24,95.5,24,,0,0.101635,24
1,34,24,False,native,24,0.966807,0.961435,0.977817,0.016382,0.966925,0.946289,0.983936,0.944399,0.985991,24,0.983123,0.980336,0.988784,0.008448,0.983142,0.972402,0.991903,0.971405,0.992946,0.001026,24,0.001011,24,0.900391,24,93.5,24,,0,0.101418,24
1,35,24,False,native,24,0.967101,0.961275,0.977262,0.015987,0.9668,0.94628,0.982914,0.943683,0.984272,24,0.983275,0.980251,0.988499,0.008249,0.983078,0.972398,0.991383,0.971025,0.992074,0.000875,24,0.001034,24,0.896484,24,95.0,24,,0,0.101218,24
1,36,24,False,native,24,0.96633,0.960913,0.978374,0.017462,0.965905,0.944507,0.982407,0.939037,0.984123,24,0.982877,0.980061,0.989068,0.009007,0.982608,0.971462,0.991126,0.96856,0.991998,0.000988,24,0.00103,24,0.900391,24,103.0,24,,0,0.101004,24
1,37,24,False,native,24,0.965378,0.95982,0.977855,0.018035,0.965236,0.945856,0.981476,0.937826,0.984944,24,0.982384,0.979492,0.988803,0.009311,0.982259,0.972175,0.990652,0.967916,0.992415,0.001057,24,0.00108,24,0.908203,24,90.0,24,,0,0.100796,24
1,38,24,False,native,24,0.966844,0.958837,0.976708,0.017871,0.965078,0.944236,0.982788,0.936332,0.984123,24,0.983142,0.97898,0.988215,0.009235,0.982174,0.971318,0.991319,0.967119,0.991998,0.001049,24,0.00106,24,0.904297,24,94.0,24,,0,0.100468,24
1,39,24,False,native,24,0.966404,0.957148,0.976819,0.019671,0.964732,0.945375,0.982236,0.937541,0.984347,24,0.982915,0.978098,0.988272,0.010173,0.981995,0.971921,0.991038,0.967764,0.992112,0.000906,24,0.001083,24,0.904297,24,88.5,24,,0,0.100154,24
1,40,24,False,native,24,0.964573,0.954855,0.97569,0.020834,0.964075,0.945095,0.982422,0.939751,0.983302,24,0.981967,0.976904,0.987693,0.01079,0.981659,0.971773,0.991133,0.96894,0.991581,0.001034,24,0.001053,24,0.912109,24,94.5,24,0.999289,24,0.099915,24
1,41,24,False,native,24,0.963768,0.953585,0.975931,0.022345,0.963661,0.944923,0.981253,0.939394,0.982929,24,0.98155,0.97624,0.987817,0.011577,0.981445,0.971682,0.990538,0.96875,0.991391,0.001015,24,0.00103,24,0.90625,24,94.5,24,,0,0.099593,24
1,42,24,False,native,24,0.962855,0.951868,0.974786,0.022918,0.96284,0.945842,0.982132,0.934059,0.983004,24,0.981076,0.975339,0.987229,0.011889,0.981014,0.972167,0.990985,0.965906,0.991429,0.001041,24,0.001015,24,0.914062,24,102.5,24,,0,0.099333,24
1,43,24,False,native,24,0.962055,0.951506,0.973142,0.021635,0.961892,0.945396,0.981193,0.934627,0.981588,24,0.980658,0.97515,0.986385,0.011235,0.980522,0.971932,0.990507,0.966209,0.990708,0.000845,24,0.001019,24,0.912109,24,100.0,24,,0,0.099096,24
1,44,24,False,native,24,0.961322,0.950099,0.971889,0.02179,0.960457,0.941944,0.979765,0.933776,0.980695,24,0.980279,0.97441,0.98574,0.01133,0.979775,0.970104,0.989779,0.965754,0.990253,0.001076,24,0.000969,24,0.917969,24,100.5,24,,0,0.098877,24
1,45,24,False,native,24,0.960191,0.951291,0.969974,0.018684,0.959725,0.940857,0.980033,0.932854,0.980249,24,0.979691,0.975036,0.984754,0.009718,0.979394,0.969527,0.989916,0.965261,0.990026,0.001015,24,0.001007,24,0.927734,24,104.0,24,,0,0.098628,24
1,46,24,False,native,24,0.957208,0.951687,0.970601,0.018915,0.95938,0.942609,0.978659,0.933492,0.98062,24,0.978136,0.975245,0.985077,0.009832,0.979219,0.970457,0.989214,0.965602,0.990215,0.000967,24,0.000957,24,0.935547,24,100.5,24,,0,0.098132,24
1,47,24,False,native,24,0.954017,0.949233,0.966929,0.017696,0.957724,0.944442,0.977909,0.929672,0.979951,24,0.976468,0.973955,0.98318,0.009225,0.978353,0.971427,0.988831,0.963554,0.989874,0.001045,24,0.001076,24,0.949219,24,105.0,24,,0,0.097557,24
1,48,24,False,native,24,0.9538,0.946912,0.967954,0.021042,0.956252,0.94374,0.977064,0.924601,0.977946,24,0.976354,0.972732,0.983711,0.010979,0.977579,0.971056,0.988399,0.960824,0.98885,0.001007,24,0.001022,24,0.96875,24,107.0,24,,0,0.097133,24
1,49,24,False,native,24,0.953041,0.94666,0.968539,0.021878,0.955514,0.942015,0.975893,0.926077,0.977353,24,0.975956,0.972599,0.984015,0.011415,0.977195,0.970142,0.9878,0.96162,0.988547,0.000881,24,0.000917,24,0.980469,24,106.5,24,,0,0.097252,24
2,0,24,False,native,24,0.970224,0.968312,0.979877,0.011565,0.972803,0.96461,0.983363,0.959062,0.984645,24,0.984887,0.983901,0.989836,0.005935,0.9862,0.981986,0.991611,0.979103,0.992263,0.001183,24,0.001045,24,0.867188,24,99.0,24,0.999684,24,0.102926,24
2,1,24,False,native,24,0.969194,0.967046,0.977909,0.010863,0.971689,0.96551,0.980278,0.963585,0.983377,24,0.984356,0.983247,0.988831,0.005584,0.985631,0.982452,0.990041,0.981455,0.991619,0.000961,24,0.000969,24,0.880859,24,113.5,24,,0,0.103118,24
2,2,24,False,native,24,0.969966,0.96778,0.97739,0.00961,0.972073,0.965862,0.982504,0.958044,0.986365,24,0.984754,0.983626,0.988566,0.00494,0.985826,0.982634,0.991175,0.978573,0.993136,0.001022,24,0.000912,24,0.871094,24,117.0,24,,0,0.103125,24
2,3,24,False,native,24,0.969819,0.967541,0.977817,0.010276,0.972014,0.964982,0.981662,0.959354,0.985766,24,0.984678,0.983503,0.988784,0.005281,0.985796,0.982179,0.990746,0.979255,0.992832,0.001026,24,0.000895,24,0.849609,24,116.5,24,,0,0.103041,24
2,4,24,False,native,24,0.970813,0.968037,0.978577,0.01054,0.972689,0.965187,0.982646,0.961686,0.986066,24,0.98519,0.983759,0.989172,0.005414,0.986143,0.982285,0.991247,0.980469,0.992984,0.001049,24,0.000916,24,0.861328,24,114.0,24,,0,0.102865,24
2,5,24,False,native,24,0.970887,0.968257,0.979933,0.011676,0.97261,0.962803,0.98249,0.9603,0.98644,24,0.985228,0.983872,0.989865,0.005992,0.986101,0.981049,0.991167,0.979748,0.993174,0.001053,24,0.000944,24,0.828125,24,120.0,24,,0,0.102663,24
2,6,24,False,native,24,0.971402,0.967761,0.978521,0.01076,0.972372,0.961445,0.982796,0.9603,0.987038,24,0.985494,0.983617,0.989144,0.005528,0.985977,0.980344,0.991323,0.979748,0.993477,0.000999,24,0.000957,24,0.875,24,113.5,24,,0,0.102467,24
2,7,24,False,native,24,0.97166,0.967835,0.977743,0.009908,0.972759,0.963198,0.983773,0.959354,0.987188,24,0.985627,0.983654,0.988746,0.005091,0.986176,0.981254,0.99182,0.979255,0.993553,0.000961,24,0.001007,24,0.841797,24,118.5,24,,0,0.102264,24
2,8,24,False,native,24,0.972582,0.967339,0.978503,0.011164,0.972793,0.96507,0.982371,0.961102,0.985916,24,0.986101,0.983398,0.989135,0.005736,0.986195,0.982225,0.991107,0.980165,0.992908,0.000984,24,0.00095,24,0.851562,24,111.5,24,,0,0.102099,24
2,9,24,False,native,24,0.972804,0.967449,0.978688,0.011239,0.973153,0.965986,0.983496,0.959936,0.985393,24,0.986214,0.983455,0.989229,0.005774,0.98638,0.982699,0.991679,0.979559,0.992643,0.000916,24,0.000944,24,0.84375,24,103.0,24,,0,0.101908,24
2,10,24,False,native,24,0.973099,0.968018,0.979115,0.011097,0.973267,0.964931,0.983929,0.961175,0.98644,24,0.986366,0.983749,0.989447,0.005698,0.986439,0.982153,0.991899,0.980203,0.993174,0.001007,24,0.000952,24,0.839844,24,111.0,24,0.999723,24,0.101796,24
2,11,24,False,native,24,0.972177,0.968257,0.978596,0.010339,0.973089,0.965993,0.98478,0.960009,0.985542,24,0.985892,0.983872,0.989182,0.005309,0.986347,0.982703,0.992332,0.979596,0.992718,0.000959,24,0.001007,24,0.830078,24,109.5,24,,0,0.101623,24
2,12,24,False,native,24,0.972435,0.968459,0.978169,0.00971,0.973214,0.964975,0.984339,0.959426,0.986889,24,0.986025,0.983977,0.988964,0.004987,0.98641,0.982175,0.992108,0.979293,0.993401,0.000977,24,0.000992,24,0.826172,24,103.0,24,,0,0.101485,24
2,13,24,False,native,24,0.971476,0.968441,0.979078,0.010638,0.97346,0.965773,0.984855,0.960519,0.985766,24,0.985532,0.983967,0.989428,0.005461,0.986537,0.982589,0.99237,0.979862,0.992832,0.000973,24,0.000996,24,0.837891,24,103.0,24,,0,0.101417,24
2,14,24,False,native,24,0.970629,0.967651,0.977465,0.009813,0.972808,0.965627,0.984213,0.961102,0.98614,24,0.985096,0.98356,0.988604,0.005044,0.986203,0.982513,0.992043,0.980165,0.993022,0.000969,24,0.000988,24,0.837891,24,98.5,24,,0,0.10127,24
2,15,24,False,native,24,0.970371,0.967431,0.978744,0.011314,0.972962,0.965495,0.984332,0.960883,0.986589,24,0.984963,0.983446,0.989258,0.005812,0.986281,0.982445,0.992104,0.980052,0.993249,0.001015,24,0.001003,24,0.820312,24,105.5,24,,0,0.101193,24
2,16,24,False,native,24,0.970703,0.967559,0.979895,0.012336,0.973279,0.966279,0.985214,0.959936,0.986589,24,0.985133,0.983512,0.989846,0.006333,0.986443,0.98285,0.992552,0.979559,0.993249,0.000988,24,0.000992,24,0.822266,24,105.0,24,,0,0.101052,24
2,17,24,False,native,24,0.97214,0.967449,0.978504,0.011055,0.973158,0.966162,0.98472,0.959645,0.986664,24,0.985873,0.983455,0.989135,0.005679,0.986382,0.98279,0.992301,0.979407,0.993287,0.001015,24,0.000961,24,0.855469,24,111.5,24,,0,0.101008,24
2,18,24,False,native,24,0.971808,0.96833,0.977856,0.009526,0.973072,0.9651,0.984698,0.959718,0.985094,24,0.985702,0.98391,0.988803,0.004892,0.986338,0.98224,0.99229,0.979445,0.992491,0.000948,24,0.001022,24,0.875,24,100.0,24,,0,0.100812,24
2,19,24,False,native,24,0.97096,0.967376,0.978411,0.011036,0.972815,0.963557,0.98469,0.960956,0.985766,24,0.985266,0.983417,0.989087,0.00567,0.986205,0.98144,0.992286,0.98009,0.992832,0.000988,24,0.001045,24,0.839844,24,94.5,24,,0,0.10074,24
2,20,24,False,native,24,0.971955,0.967963,0.979395,0.011432,0.972955,0.963994,0.984825,0.959863,0.985318,24,0.985778,0.983721,0.98959,0.005869,0.986276,0.981667,0.992354,0.979521,0.992605,0.001003,24,0.000999,24,0.830078,24,93.0,24,0.999681,24,0.100685,24
2,21,24,False,native,24,0.971181,0.967651,0.978487,0.010836,0.973034,0.963753,0.985049,0.960883,0.985991,24,0.98538,0.98356,0.989125,0.005565,0.986317,0.981542,0.992468,0.980052,0.992946,0.001007,24,0.000916,24,0.845703,24,96.5,24,,0,0.100543,24
2,22,24,False,native,24,0.971402,0.967027,0.978969,0.011942,0.972857,0.963871,0.984758,0.959426,0.985617,24,0.985494,0.983237,0.989372,0.006134,0.986225,0.981603,0.99232,0.979293,0.992756,0.000984,24,0.000996,24,0.849609,24,99.0,24,,0,0.100395,24
2,23,24,False,native,24,0.971108,0.967468,0.977743,0.010275,0.972869,0.963761,0.984504,0.959645,0.986889,24,0.985342,0.983465,0.988746,0.005281,0.986232,0.981546,0.992191,0.979407,0.993401,0.000984,24,0.000948,24,0.855469,24,93.0,24,,0,0.100266,24
2,24,24,False,native,24,0.971624,0.966587,0.979859,0.013272,0.972947,0.963658,0.984855,0.959062,0.985991,24,0.985608,0.98301,0.989827,0.006817,0.986271,0.981493,0.99237,0.979103,0.992946,0.000963,24,0.000988,24,0.865234,24,96.5,24,,0,0.100205,24
2,25,24,False,native,24,0.97214,0.966404,0.979639,0.013235,0.973405,0.963951,0.984795,0.960883,0.985841,24,0.985873,0.982915,0.989713,0.006798,0.986507,0.981644,0.992339,0.980052,0.99287,0.001057,24,0.001022,24,0.867188,24,94.0,24,,0,0.100081,24
2,26,24,False,native,24,0.97273,0.966202,0.979007,0.012805,0.9734,0.963914,0.985311,0.961394,0.986514,24,0.986176,0.982811,0.989391,0.00658,0.986504,0.981625,0.992601,0.980317,0.993211,0.000996,24,0.000969,24,0.875,24,89.0,24,,0,0.099963,24
2,27,24,False,native,24,0.973099,0.965781,0.979676,0.013895,0.973418,0.962854,0.984474,0.961832,0.986664,24,0.986366,0.982593,0.989732,0.007139,0.986513,0.981076,0.992176,0.980545,0.993287,0.000961,24,0.000938,24,0.839844,24,91.0,24,,0,0.0998,24
2,28,24,False,native,24,0.97332,0.96439,0.980251,0.015861,0.973308,0.962869,0.985071,0.961686,0.987862,24,0.98648,0.981872,0.990026,0.008154,0.986455,0.981083,0.99248,0.980469,0.993894,0.000973,24,0.000919,24,0.849609,24,89.0,24,,0,0.099674,24
2,29,24,False,native,24,0.973837,0.964408,0.978229,0.013821,0.9731,0.962328,0.984489,0.961905,0.986964,24,0.986745,0.981881,0.988992,0.007111,0.986349,0.980802,0.992184,0.980583,0.993439,0.000984,24,0.000929,24,0.839844,24,87.5,24,,0,0.099565,24
2,30,24,False,native,24,0.973394,0.963768,0.979655,0.015887,0.973137,0.962876,0.98428,0.961394,0.986664,24,0.986518,0.98155,0.989722,0.008173,0.986368,0.981087,0.992078,0.980317,0.993287,0.000965,24,0.000927,24,0.851562,24,91.0,24,0.999672,24,0.099339,24
2,31,24,False,native,24,0.973136,0.963676,0.979583,0.015906,0.973026,0.961905,0.984922,0.960956,0.987413,24,0.986385,0.981502,0.989684,0.008182,0.986309,0.980583,0.992404,0.98009,0.993667,0.000944,24,0.00095,24,0.857422,24,94.5,24,,0,0.099189,24
2,32,24,False,native,24,0.972914,0.962945,0.979173,0.016228,0.972654,0.961905,0.983772,0.960373,0.987188,24,0.986271,0.981123,0.989476,0.008353,0.986118,0.980583,0.99182,0.979786,0.993553,0.000957,24,0.000916,24,0.853516,24,89.5,24,,0,0.09905,24
2,33,24,False,native,24,0.973357,0.963238,0.97895,0.015712,0.972687,0.961584,0.984153,0.960446,0.985766,24,0.986499,0.981275,0.989362,0.008087,0.986135,0.980416,0.992013,0.979824,0.992832,0.000933,24,0.000999,24,0.84375,24,87.0,24,,0,0.098882,24
2,34,24,False,native,24,0.973542,0.96364,0.978322,0.014681,0.972874,0.960971,0.984354,0.960738,0.987638,24,0.986594,0.981483,0.98904,0.007557,0.98623,0.980097,0.992115,0.979976,0.99378,0.000969,24,0.00094,24,0.847656,24,89.5,24,,0,0.098684,24
2,35,24,False,native,24,0.973764,0.96428,0.978098,0.013818,0.972818,0.961037,0.984421,0.95979,0.987787,24,0.986707,0.981815,0.988926,0.007111,0.986202,0.980131,0.99215,0.979483,0.993856,0.000961,24,0.000954,24,0.853516,24,92.5,24,,0,0.098492,24
2,36,24,False,native,24,0.97332,0.963329,0.977433,0.014104,0.972218,0.959682,0.984705,0.95848,0.986589,24,0.98648,0.981322,0.988585,0.007263,0.985892,0.979426,0.992294,0.9788,0.993249,0.00091,24,0.001072,24,0.851562,24,89.5,24,,0,0.098297,24
2,37,24,False,native,24,0.972582,0.963969,0.977893,0.013924,0.972379,0.9603,0.984362,0.959062,0.987638,24,0.986101,0.981654,0.988822,0.007168,0.985976,0.979748,0.992119,0.979103,0.99378,0.000942,24,0.001064,24,0.853516,24,86.0,24,,0,0.098104,24
2,38,24,False,native,24,0.972287,0.963658,0.978357,0.014698,0.971704,0.958546,0.983362,0.957172,0.986664,24,0.985949,0.981493,0.989059,0.007566,0.985627,0.978834,0.991611,0.978117,0.993287,0.001038,24,0.000961,24,0.857422,24,89.0,24,,0,0.097833,24
2,39,24,False,native,24,0.971513,0.962617,0.978709,0.016092,0.971229,0.958546,0.982661,0.955358,0.985766,24,0.985551,0.980952,0.989239,0.008287,0.985382,0.978834,0.991255,0.977169,0.992832,0.000982,24,0.000977,24,0.869141,24,87.5,24,,0,0.09759,24
2,40,24,False,native,24,0.971771,0.961649,0.977021,0.015372,0.970782,0.958735,0.982594,0.953981,0.986514,24,0.985683,0.98045,0.988376,0.007926,0.985151,0.978933,0.99122,0.976449,0.993211,0.001045,24,0.001049,24,0.873047,24,88.5,24,0.999617,24,0.097336,24
2,41,24,False,native,24,0.970334,0.962124,0.97717,0.015046,0.97039,0.958146,0.982683,0.951812,0.986889,24,0.984944,0.980696,0.988452,0.007756,0.984947,0.978626,0.991266,0.975311,0.993401,0.000937,24,0.000998,24,0.861328,24,86.0,24,,0,0.09703,24
2,42,24,False,native,24,0.971292,0.961741,0.97741,0.01567,0.969984,0.956831,0.981499,0.950729,0.985617,24,0.985437,0.980497,0.988575,0.008078,0.984737,0.977939,0.990663,0.974742,0.992756,0.001007,24,0.001005,24,0.867188,24,88.5,24,,0,0.096678,24
2,43,24,False,native,24,0.970813,0.961942,0.977243,0.015301,0.969358,0.954684,0.981521,0.948782,0.985617,24,0.98519,0.980601,0.98849,0.007888,0.984411,0.976817,0.990674,0.973718,0.992756,0.00103,24,0.001034,24,0.890625,24,85.0,24,,0,0.096427,24
2,44,24,False,native,24,0.971071,0.960792,0.976594,0.015802,0.969516,0.958022,0.981201,0.947415,0.986514,24,0.985323,0.980004,0.988158,0.008154,0.984492,0.978561,0.990511,0.972998,0.993211,0.001022,24,0.00106,24,0.873047,24,93.0,24,,0,0.096019,24
2,45,24,False,native,24,0.970888,0.961796,0.977243,0.015447,0.969343,0.957899,0.981439,0.945117,0.986066,24,0.985228,0.980526,0.98849,0.007964,0.9844,0.978497,0.990633,0.971784,0.992984,0.001045,24,0.001019,24,0.884766,24,89.5,24,,0,0.09569,24
2,46,24,False,native,24,0.971624,0.962143,0.97715,0.015007,0.969465,0.957187,0.981447,0.944184,0.985692,24,0.985608,0.980706,0.988442,0.007737,0.984465,0.978125,0.990636,0.971291,0.992794,0.001137,24,0.001026,24,0.871094,24,88.5,24,,0,0.095445,24
2,47,24,False,native,24,0.96857,0.95959,0.976612,0.017022,0.968614,0.957702,0.981342,0.945547,0.985467,24,0.984034,0.979378,0.988167,0.008789,0.984026,0.978394,0.990583,0.972012,0.992681,0.00124,24,0.001083,24,0.896484,24,90.5,24,,0,0.095234,24
2,48,24,False,native,24,0.969894,0.959135,0.977075,0.01794,0.968152,0.956649,0.981134,0.944113,0.984944,24,0.984716,0.979141,0.988405,0.009263,0.983784,0.977844,0.990477,0.971253,0.992415,0.001068,24,0.00111,24,0.888672,24,86.0,24,,0,0.095256,24
2,49,24,False,native,24,0.969532,0.958735,0.977427,0.018692,0.96852,0.956148,0.98141,0.946768,0.985318,24,0.984527,0.978933,0.988585,0.009652,0.983975,0.977583,0.990617,0.972656,0.992605,0.001083,24,0.001099,24,0.865234,24,92.0,24,,0,0.09559,24
3,0,24,False,native,24,0.974281,0.971218,0.978336,0.007117,0.973809,0.968342,0.981878,0.948494,0.985692,24,0.986973,0.985399,0.989049,0.00365,0.986712,0.983916,0.990856,0.973566,0.992794,0.000431,24,0.000376,24,0.806641,24,135.5,24,0.999698,24,0.106381,24
3,1,24,False,native,24,0.976538,0.974096,0.979357,0.005261,0.97381,0.960337,0.984594,0.933776,0.987638,24,0.98813,0.986878,0.989571,0.002693,0.986695,0.979767,0.992237,0.965754,0.99378,0.000351,24,0.00038,24,0.816406,24,124.0,24,,0,0.106774,24
3,2,24,False,native,24,0.978169,0.974761,0.980695,0.005934,0.976549,0.965957,0.983213,0.958044,0.988912,24,0.988964,0.987219,0.990253,0.003034,0.988122,0.982684,0.991535,0.978573,0.994425,0.000431,24,0.000452,24,0.767578,24,116.0,24,,0,0.106982,24
3,3,24,False,native,24,0.979097,0.974615,0.981253,0.006638,0.977223,0.967747,0.984071,0.958844,0.988537,24,0.989438,0.987144,0.990538,0.003394,0.988468,0.983609,0.991971,0.97899,0.994235,0.000427,24,0.000389,24,0.777344,24,115.0,24,,0,0.107121,24
3,4,24,False,native,24,0.978466,0.974503,0.982314,0.007812,0.977572,0.967233,0.983645,0.964682,0.989662,24,0.989116,0.987087,0.991078,0.003992,0.988648,0.983343,0.991755,0.982024,0.994804,0.000359,24,0.000412,24,0.767578,24,123.0,24,,0,0.107127,24
3,5,24,False,native,24,0.979357,0.974744,0.982817,0.008074,0.977792,0.966748,0.983824,0.961102,0.988612,24,0.989571,0.98721,0.991334,0.004124,0.988758,0.983093,0.991846,0.980165,0.994273,0.000437,24,0.000427,24,0.746094,24,121.0,24,,0,0.107154,24
3,6,24,False,native,24,0.978725,0.973875,0.982426,0.008551,0.97738,0.966037,0.984026,0.959426,0.988537,24,0.989248,0.986764,0.991135,0.004371,0.988547,0.982725,0.991949,0.979293,0.994235,0.000435,24,0.000435,24,0.765625,24,120.5,24,,0,0.107167,24
3,7,24,False,native,24,0.980137,0.974115,0.983806,0.009691,0.977844,0.965839,0.984153,0.960519,0.988012,24,0.989969,0.986888,0.991837,0.004949,0.988784,0.982623,0.992013,0.979862,0.99397,0.000401,24,0.000443,24,0.744141,24,118.0,24,,0,0.107164,24
3,8,24,False,native,24,0.979914,0.974614,0.982873,0.008259,0.977745,0.964419,0.9854,0.962489,0.987038,24,0.989855,0.987144,0.991363,0.004219,0.988733,0.981887,0.992646,0.980886,0.993477,0.000452,24,0.000452,24,0.740234,24,120.0,24,,0,0.107161,24
3,9,24,False,native,24,0.980026,0.974559,0.98278,0.008221,0.977982,0.964968,0.98537,0.963731,0.987563,24,0.989912,0.987115,0.991315,0.0042,0.988855,0.982172,0.992631,0.981531,0.993742,0.000427,24,0.000416,24,0.726562,24,117.5,24,,0,0.107113,24
3,10,24,False,native,24,0.980212,0.974244,0.982612,0.008368,0.977954,0.965942,0.985924,0.961759,0.988537,24,0.990007,0.986954,0.99123,0.004276,0.988839,0.982676,0.992912,0.980507,0.994235,0.000931,24,0.00042,24,0.751953,24,115.0,24,0.99981,24,0.107071,24
3,11,24,False,native,24,0.979728,0.97504,0.983433,0.008393,0.978284,0.966631,0.985752,0.962927,0.988237,24,0.98976,0.987362,0.991647,0.004285,0.98901,0.983032,0.992825,0.981113,0.994084,0.000864,24,0.00046,24,0.738281,24,124.5,24,,0,0.107019,24
3,12,24,False,native,24,0.9801,0.975483,0.983526,0.008043,0.978599,0.966067,0.98617,0.964755,0.988387,24,0.98995,0.987589,0.991694,0.004105,0.989171,0.98274,0.993037,0.982062,0.99416,0.000881,24,0.000919,24,0.728516,24,110.0,24,,0,0.10694,24
3,13,24,False,native,24,0.979245,0.976001,0.984123,0.008122,0.978668,0.968885,0.98614,0.963439,0.988237,24,0.989514,0.987855,0.991998,0.004143,0.989207,0.984197,0.993022,0.981379,0.994084,0.000427,24,0.000834,24,0.763672,24,119.0,24,,0,0.106885,24
3,14,24,False,native,24,0.979765,0.976427,0.983712,0.007285,0.979135,0.970379,0.985894,0.964536,0.988762,24,0.989779,0.988073,0.991789,0.003717,0.989447,0.984967,0.992897,0.981948,0.994349,0.000841,24,0.000463,24,0.740234,24,124.5,24,,0,0.106823,24
3,15,24,False,native,24,0.979691,0.975686,0.984253,0.008567,0.97892,0.970209,0.984832,0.963512,0.988612,24,0.989741,0.987693,0.992064,0.004371,0.989337,0.984879,0.992358,0.981417,0.994273,0.000843,24,0.000484,24,0.744141,24,118.0,24,,0,0.106769,24
3,16,24,False,native,24,0.979654,0.975483,0.983843,0.00836,0.979129,0.970335,0.986485,0.965414,0.988612,24,0.989722,0.987589,0.991856,0.004267,0.989444,0.984944,0.993196,0.982403,0.994273,0.000959,24,0.000416,24,0.722656,24,118.0,24,,0,0.106685,24
3,17,24,False,native,24,0.979877,0.975686,0.984515,0.008828,0.978997,0.969834,0.985692,0.964755,0.987638,24,0.989836,0.987693,0.992197,0.004504,0.989376,0.984686,0.992794,0.982062,0.99378,0.000921,24,0.000948,24,0.75,24,113.0,24,,0,0.106644,24
3,18,24,False,native,24,0.980732,0.975871,0.984328,0.008457,0.979346,0.969717,0.986021,0.962708,0.987937,24,0.990272,0.987788,0.992102,0.004314,0.989555,0.984625,0.992961,0.981,0.993932,0.000929,24,0.000965,24,0.728516,24,114.0,24,,0,0.106577,24
3,19,24,False,native,24,0.980174,0.975817,0.9836,0.007784,0.979098,0.970004,0.986073,0.965561,0.988987,24,0.989988,0.98776,0.991732,0.003973,0.989428,0.984773,0.992988,0.982479,0.994463,0.000935,24,0.000441,24,0.738281,24,118.5,24,,0,0.106545,24
3,20,24,False,native,24,0.979691,0.975428,0.983694,0.008266,0.979186,0.969695,0.986118,0.967614,0.987937,24,0.989741,0.987561,0.99178,0.004219,0.989474,0.984614,0.99301,0.983541,0.993932,0.000923,24,0.000956,24,0.732422,24,116.0,24,0.999806,24,0.10648,24
3,21,24,False,native,24,0.98036,0.975892,0.984739,0.008847,0.979434,0.969261,0.986447,0.967027,0.988237,24,0.990083,0.987798,0.992311,0.004513,0.989599,0.98439,0.993177,0.983237,0.994084,0.000954,24,0.000978,24,0.716797,24,115.5,24,,0,0.10646,24
3,22,24,False,native,24,0.979765,0.975022,0.984683,0.009661,0.979052,0.969503,0.986148,0.967614,0.988237,24,0.989779,0.987352,0.992282,0.00493,0.989405,0.984515,0.993026,0.983541,0.994084,0.000914,24,0.001007,24,0.738281,24,119.0,24,,0,0.106438,24
3,23,24,False,native,24,0.97958,0.975541,0.98459,0.009049,0.979128,0.970209,0.986679,0.966074,0.988162,24,0.989684,0.987618,0.992235,0.004617,0.989443,0.984879,0.993295,0.982744,0.994046,0.000431,24,0.000921,24,0.728516,24,118.0,24,,0,0.106409,24
3,24,24,False,native,24,0.979208,0.974429,0.984086,0.009657,0.979271,0.970533,0.987016,0.96644,0.987263,24,0.989495,0.987049,0.991979,0.00493,0.989517,0.985046,0.993466,0.982934,0.993591,0.00046,24,0.000484,24,0.740234,24,122.0,24,,0,0.10638,24
3,25,24,False,native,24,0.9788,0.975262,0.984403,0.00914,0.978818,0.968599,0.986163,0.96666,0.988687,24,0.989286,0.987475,0.99214,0.004665,0.989285,0.984049,0.993033,0.983048,0.994311,0.000469,24,0.00087,24,0.742188,24,124.0,24,,0,0.106364,24
3,26,24,False,native,24,0.979097,0.975613,0.984702,0.009088,0.9793,0.970879,0.986051,0.964682,0.988237,24,0.989438,0.987655,0.992292,0.004636,0.989531,0.985225,0.992976,0.982024,0.994084,0.000927,24,0.000988,24,0.734375,24,117.5,24,,0,0.10633,24
3,27,24,False,native,24,0.978986,0.973653,0.984683,0.01103,0.978786,0.968526,0.986784,0.965121,0.987712,24,0.989381,0.98665,0.992282,0.005632,0.989267,0.984011,0.993348,0.982251,0.993818,0.000477,24,0.000961,24,0.751953,24,124.0,24,,0,0.106321,24
3,28,24,False,native,24,0.978837,0.974614,0.984907,0.010293,0.979208,0.970916,0.985916,0.964024,0.988687,24,0.989305,0.987144,0.992396,0.005253,0.989484,0.985243,0.992908,0.981682,0.994311,0.000935,24,0.000973,24,0.746094,24,115.0,24,,0,0.106278,24
3,29,24,False,native,24,0.979617,0.974669,0.985355,0.010686,0.979468,0.9706,0.986649,0.965195,0.988387,24,0.989703,0.987172,0.992624,0.005452,0.989617,0.98508,0.99328,0.982289,0.99416,0.00095,24,0.000488,24,0.720703,24,125.5,24,,0,0.106243,24
3,30,24,False,native,24,0.979022,0.974485,0.985262,0.010777,0.979082,0.971469,0.985953,0.963366,0.988837,24,0.9894,0.987077,0.992576,0.005499,0.989419,0.985528,0.992927,0.981341,0.994387,0.000463,24,0.000477,24,0.757812,24,124.0,24,0.999809,24,0.106252,24
3,31,24,False,native,24,0.979208,0.974429,0.985636,0.011207,0.979121,0.971432,0.985894,0.964463,0.988987,24,0.989495,0.987049,0.992766,0.005717,0.98944,0.985509,0.992897,0.98191,0.994463,0.000492,24,0.000965,24,0.755859,24,117.5,24,,0,0.106194,24
3,32,24,False,native,24,0.978354,0.974133,0.985337,0.011204,0.978918,0.971955,0.986657,0.964755,0.987787,24,0.989059,0.986897,0.992614,0.005717,0.989335,0.985778,0.993284,0.982062,0.993856,0.000887,24,0.000996,24,0.759766,24,123.5,24,,0,0.106164,24
3,33,24,False,native,24,0.978206,0.974041,0.985785,0.011745,0.978904,0.972088,0.986298,0.963658,0.988462,24,0.988983,0.98685,0.992842,0.005992,0.989327,0.985846,0.993101,0.981493,0.994198,0.000944,24,0.001003,24,0.765625,24,121.5,24,,0,0.10611,24
3,34,24,False,native,24,0.97828,0.974151,0.984645,0.010494,0.97834,0.970747,0.985849,0.962051,0.987787,24,0.989021,0.986906,0.992263,0.005357,0.98904,0.985156,0.992874,0.980658,0.993856,0.000946,24,0.0,24,0.751953,24,130.5,24,,0,0.106058,24
3,35,24,False,native,24,0.978429,0.973505,0.984478,0.010973,0.978166,0.971152,0.985931,0.961029,0.988837,24,0.989097,0.986575,0.992178,0.005603,0.98895,0.985365,0.992916,0.980127,0.994387,0.000935,24,0.000469,24,0.767578,24,127.5,24,,0,0.106008,24
3,36,24,False,native,24,0.978391,0.973431,0.984235,0.010804,0.978195,0.970349,0.986776,0.960956,0.987638,24,0.989078,0.986537,0.992055,0.005518,0.988964,0.984951,0.993344,0.98009,0.99378,0.000858,24,0.000477,24,0.742188,24,126.5,24,,0,0.10595,24
3,37,24,False,native,24,0.978466,0.974096,0.984422,0.010326,0.978315,0.970866,0.986664,0.958408,0.988612,24,0.989116,0.986878,0.99215,0.005272,0.989024,0.985217,0.993287,0.978762,0.994273,0.000933,24,0.000467,24,0.738281,24,129.5,24,,0,0.105895,24
3,38,24,False,native,24,0.978614,0.974262,0.984683,0.010421,0.978078,0.970917,0.986268,0.956809,0.987488,24,0.989191,0.986963,0.992282,0.005319,0.988902,0.985243,0.993086,0.977928,0.993704,0.000929,24,0.000161,24,0.746094,24,128.5,24,,0,0.105841,24
3,39,24,False,native,24,0.978911,0.973597,0.984477,0.01088,0.977757,0.969659,0.986904,0.955575,0.987488,24,0.989343,0.986622,0.992178,0.005556,0.988736,0.984595,0.993409,0.977283,0.993704,0.000463,24,0.000467,24,0.748047,24,127.0,24,,0,0.105729,24
3,40,24,False,native,24,0.978132,0.974706,0.983265,0.008559,0.977713,0.971123,0.98644,0.956736,0.987113,24,0.988945,0.987191,0.991562,0.004371,0.988716,0.98535,0.993174,0.97789,0.993515,0.0,24,0.0,24,0.732422,24,130.0,24,0.999822,24,0.105632,24
3,41,24,False,native,24,0.977835,0.973967,0.982631,0.008664,0.97717,0.968974,0.986253,0.957899,0.987038,24,0.988793,0.986812,0.991239,0.004428,0.988438,0.984242,0.993079,0.978497,0.993477,0.0,24,0.0,24,0.765625,24,133.5,24,,0,0.105477,24
3,42,24,False,native,24,0.978057,0.973523,0.982463,0.00894,0.976976,0.967755,0.986156,0.955358,0.988387,24,0.988907,0.986584,0.991154,0.00457,0.988337,0.983613,0.993029,0.977169,0.99416,0.0,24,0.000925,24,0.767578,24,123.0,24,,0,0.10534,24
3,43,24,False,native,24,0.978021,0.974447,0.982799,0.008351,0.976937,0.967887,0.986313,0.953547,0.987862,24,0.988888,0.987058,0.991325,0.004267,0.988314,0.983681,0.993109,0.976221,0.993894,0.0,24,0.0,24,0.742188,24,131.5,24,,0,0.105273,24
3,44,24,False,native,24,0.978725,0.974281,0.983227,0.008947,0.976946,0.96904,0.985841,0.952028,0.987338,24,0.989248,0.986973,0.991543,0.00457,0.988318,0.984276,0.99287,0.975425,0.993629,0.0,24,0.0,24,0.753906,24,133.0,24,,0,0.105091,24
3,45,24,False,native,24,0.977984,0.972951,0.983619,0.010668,0.976329,0.967857,0.986096,0.948134,0.987937,24,0.988869,0.98629,0.991742,0.005452,0.987997,0.983666,0.992999,0.973377,0.993932,0.0,24,0.0,24,0.779297,24,132.5,24,,0,0.104899,24
3,46,24,False,native,24,0.980286,0.972269,0.983395,0.011126,0.976387,0.967754,0.985916,0.946409,0.986964,24,0.990045,0.985939,0.991628,0.005689,0.988024,0.983613,0.992908,0.972467,0.993439,0.0,24,0.0,24,0.716797,24,128.5,24,,0,0.104762,24
3,47,24,False,native,24,0.978243,0.971256,0.983507,0.012252,0.975667,0.967071,0.986335,0.94483,0.988312,24,0.989002,0.985418,0.991685,0.006267,0.987651,0.98326,0.99312,0.971632,0.994122,0.0,24,0.00029,24,0.757812,24,127.5,24,,0,0.10465,24
3,48,24,False,native,24,0.978837,0.970905,0.983731,0.012826,0.975398,0.967175,0.985968,0.940179,0.987563,24,0.989305,0.985238,0.991799,0.006561,0.987507,0.983313,0.992935,0.969167,0.993742,0.001087,24,0.0,24,0.769531,24,130.0,24,,0,0.104613,24
3,49,24,False,native,24,0.978763,0.969948,0.983768,0.01382,0.975126,0.964259,0.987196,0.941322,0.988012,24,0.989267,0.984745,0.991818,0.007073,0.987366,0.981804,0.993557,0.969774,0.99397,0.001064,24,0.001095,24,0.742188,24,120.5,24,,0,0.104187,24
4,0,24,False,native,24,0.973247,0.967027,0.983265,0.016238,0.973805,0.962978,0.985064,0.958626,0.988462,24,0.986442,0.983237,0.991562,0.008324,0.986709,0.98114,0.992476,0.978876,0.994198,0.0,24,0.0,24,0.857422,24,138.0,24,0.999675,24,0.106997,24
4,1,24,False,native,24,0.977612,0.97085,0.982389,0.011539,0.976179,0.967724,0.985206,0.960592,0.986066,24,0.988679,0.985209,0.991116,0.005907,0.987934,0.983598,0.992548,0.9799,0.992984,0.000889,24,0.000916,24,0.787109,24,104.0,24,,0,0.106088,24
4,2,24,False,native,24,0.97906,0.975057,0.982314,0.007257,0.979054,0.971741,0.985976,0.970997,0.988462,24,0.989419,0.987371,0.991078,0.003707,0.98941,0.985668,0.992938,0.985285,0.994198,0.000765,24,0.000923,24,0.765625,24,84.5,24,,0,0.10581,24
4,3,24,False,native,24,0.979914,0.976019,0.98319,0.007171,0.979796,0.97352,0.985692,0.972545,0.988687,24,0.989855,0.987864,0.991524,0.00366,0.989789,0.986582,0.992794,0.986082,0.994311,0.000965,24,0.000935,24,0.742188,24,88.0,24,,0,0.105749,24
4,4,24,False,native,24,0.979877,0.976964,0.983974,0.00701,0.980397,0.974118,0.986919,0.970997,0.990413,24,0.989836,0.988348,0.991922,0.003574,0.990095,0.986889,0.993416,0.985285,0.995184,0.000875,24,0.000885,24,0.724609,24,82.5,24,,0,0.105651,24
4,5,24,False,native,24,0.98237,0.977464,0.98444,0.006976,0.981215,0.975509,0.985924,0.971292,0.990263,24,0.991107,0.988604,0.992159,0.003555,0.990512,0.987602,0.992912,0.985437,0.995108,0.000965,24,0.000937,24,0.695312,24,85.5,24,,0,0.105507,24
4,6,24,False,native,24,0.981216,0.978985,0.983768,0.004783,0.980827,0.973816,0.986327,0.970408,0.988912,24,0.990519,0.989381,0.991818,0.002437,0.990315,0.986734,0.993117,0.984982,0.994425,0.000874,24,0.000961,24,0.708984,24,89.0,24,,0,0.105409,24
4,7,24,False,native,24,0.982072,0.978818,0.984197,0.005379,0.981245,0.97451,0.987585,0.969599,0.989437,24,0.990955,0.989296,0.992036,0.00274,0.990527,0.98709,0.993754,0.984565,0.994691,0.001011,24,0.000834,24,0.699219,24,88.0,24,,0,0.105386,24
4,8,24,False,native,24,0.981774,0.97971,0.983787,0.004077,0.981228,0.973815,0.987211,0.970408,0.989362,24,0.990803,0.989751,0.991827,0.002076,0.990519,0.986734,0.993564,0.984982,0.994653,0.00098,24,0.000906,24,0.693359,24,84.5,24,,0,0.105356,24
4,9,24,False,native,24,0.981774,0.978967,0.983936,0.004969,0.981056,0.972753,0.987061,0.969231,0.989737,24,0.990803,0.989372,0.991903,0.002531,0.99043,0.986188,0.993488,0.984375,0.994842,0.000965,24,0.000916,24,0.701172,24,87.5,24,,0,0.105299,24
4,10,24,False,native,24,0.981811,0.9801,0.984645,0.004546,0.981327,0.973778,0.985909,0.96901,0.988462,24,0.990822,0.98995,0.992263,0.002313,0.990569,0.986715,0.992904,0.984261,0.994198,0.001003,24,0.000988,24,0.695312,24,83.5,24,0.999849,24,0.105248,24
4,11,24,False,native,24,0.982445,0.979245,0.983787,0.004542,0.981296,0.974022,0.986215,0.969451,0.989062,24,0.991145,0.989514,0.991827,0.002313,0.990554,0.98684,0.99306,0.984489,0.994501,0.000967,24,0.001015,24,0.691406,24,85.0,24,,0,0.105227,24
4,12,24,False,native,24,0.982519,0.980249,0.984571,0.004322,0.981359,0.972878,0.98662,0.96879,0.988237,24,0.991182,0.990026,0.992225,0.0022,0.990585,0.986252,0.993265,0.984147,0.994084,0.000963,24,0.001007,24,0.693359,24,93.5,24,,0,0.105203,24
4,13,24,False,native,24,0.982296,0.979896,0.984309,0.004414,0.981124,0.972495,0.986545,0.968128,0.988687,24,0.991069,0.989846,0.992093,0.002247,0.990465,0.986055,0.993227,0.983806,0.994311,0.000935,24,0.00103,24,0.705078,24,96.0,24,,0,0.105176,24
4,14,24,False,native,24,0.982258,0.980583,0.984347,0.003764,0.9812,0.972266,0.986155,0.967981,0.989437,24,0.99105,0.990196,0.992112,0.001915,0.990503,0.985938,0.993029,0.98373,0.994691,0.001011,24,0.000912,24,0.681641,24,93.0,24,,0,0.105135,24
4,15,24,False,native,24,0.983227,0.980713,0.984571,0.003857,0.981336,0.972339,0.986275,0.967981,0.988312,24,0.991543,0.990263,0.992225,0.001963,0.990573,0.985975,0.99309,0.98373,0.994122,0.000999,24,0.000977,24,0.677734,24,94.5,24,,0,0.105101,24
4,16,24,False,native,24,0.982556,0.980509,0.984477,0.003969,0.981117,0.971682,0.986118,0.967468,0.989062,24,0.991201,0.990159,0.992178,0.002019,0.99046,0.985638,0.99301,0.983465,0.994501,0.000992,24,0.000961,24,0.695312,24,101.0,24,,0,0.105094,24
4,17,24,False,native,24,0.982966,0.980937,0.984272,0.003335,0.981219,0.970894,0.986193,0.966587,0.988312,24,0.99141,0.990377,0.992074,0.001697,0.990512,0.985232,0.993048,0.98301,0.994122,0.000957,24,0.000967,24,0.693359,24,97.5,24,,0,0.10504,24
4,18,24,False,native,24,0.982817,0.980267,0.984067,0.0038,0.980759,0.969452,0.984772,0.966074,0.989062,24,0.991334,0.990035,0.991969,0.001934,0.990277,0.984489,0.992328,0.982744,0.994501,0.000885,24,0.000935,24,0.701172,24,100.5,24,,0,0.104984,24
4,19,24,False,native,24,0.982705,0.980732,0.984216,0.003484,0.980994,0.970725,0.985729,0.965561,0.988387,24,0.991277,0.990272,0.992045,0.001773,0.990397,0.985145,0.992813,0.982479,0.99416,0.000929,24,0.000896,24,0.697266,24,95.0,24,,0,0.104971,24
4,20,24,False,native,24,0.982743,0.981532,0.985112,0.00358,0.981226,0.969077,0.985834,0.965634,0.989812,24,0.991296,0.99068,0.9925,0.00182,0.990514,0.984295,0.992866,0.982517,0.99488,0.000992,24,0.000973,24,0.667969,24,102.5,24,0.999845,24,0.104892,24
4,21,24,False,native,24,0.982706,0.980992,0.984795,0.003802,0.981163,0.969753,0.986395,0.96666,0.988987,24,0.991277,0.990405,0.992339,0.001934,0.990482,0.984644,0.993151,0.983048,0.994463,0.000944,24,0.000999,24,0.683594,24,96.5,24,,0,0.104838,24
4,22,24,False,native,24,0.983116,0.980955,0.984496,0.003541,0.98101,0.970401,0.985565,0.96644,0.988087,24,0.991486,0.990386,0.992188,0.001801,0.990405,0.984978,0.99273,0.982934,0.994008,0.001034,24,0.000973,24,0.679688,24,91.5,24,,0,0.104809,24
4,23,24,False,native,24,0.98278,0.980509,0.98459,0.004081,0.980951,0.970695,0.985766,0.966734,0.987188,24,0.991315,0.990159,0.992235,0.002076,0.990375,0.98513,0.992832,0.983086,0.993553,0.000919,24,0.000816,24,0.691406,24,104.0,24,,0,0.104743,24
4,24,24,False,native,24,0.982445,0.980527,0.984533,0.004006,0.980746,0.969415,0.985624,0.967541,0.987937,24,0.991145,0.990168,0.992206,0.002038,0.990271,0.98447,0.99276,0.983503,0.993932,0.000952,24,0.000999,24,0.691406,24,101.5,24,,0,0.104662,24
4,25,24,False,native,24,0.982333,0.98062,0.984123,0.003502,0.9809,0.970585,0.98552,0.967027,0.988012,24,0.991088,0.990215,0.991998,0.001782,0.99035,0.985073,0.992707,0.983237,0.99397,0.000916,24,0.000919,24,0.707031,24,102.5,24,,0,0.104614,24
4,26,24,False,native,24,0.982743,0.98036,0.984347,0.003987,0.981007,0.971226,0.986245,0.965927,0.988537,24,0.991296,0.990083,0.992112,0.002029,0.990403,0.985403,0.993075,0.982668,0.994235,0.000954,24,0.000872,24,0.703125,24,103.5,24,,0,0.104542,24
4,27,24,False,native,24,0.982147,0.97997,0.984552,0.004582,0.980964,0.970739,0.986066,0.966001,0.989137,24,0.990993,0.989884,0.992216,0.002332,0.990381,0.985152,0.992984,0.982706,0.994539,0.000988,24,0.000921,24,0.708984,24,93.5,24,,0,0.104483,24
4,28,24,False,native,24,0.982333,0.979561,0.985262,0.005701,0.980921,0.970747,0.986642,0.96666,0.988837,24,0.991088,0.989675,0.992576,0.002901,0.990359,0.985156,0.993276,0.983048,0.994387,0.00094,24,0.000916,24,0.689453,24,103.0,24,,0,0.104417,24
4,29,24,False,native,24,0.982556,0.97945,0.985131,0.005681,0.980695,0.970055,0.986327,0.965634,0.987862,24,0.991201,0.989618,0.99251,0.002892,0.990244,0.9848,0.993117,0.982517,0.993894,0.000965,24,0.000978,24,0.695312,24,93.0,24,,0,0.104337,24
4,30,24,False,native,24,0.982668,0.979282,0.984795,0.005512,0.980341,0.969437,0.985991,0.964609,0.986964,24,0.991258,0.989533,0.992339,0.002806,0.990062,0.984481,0.992946,0.981986,0.993439,0.000963,24,0.000792,24,0.677734,24,112.5,24,0.999828,24,0.104257,24
4,31,24,False,native,24,0.981625,0.979784,0.985206,0.005422,0.980347,0.969378,0.985677,0.963658,0.986664,24,0.990727,0.989789,0.992548,0.002759,0.990065,0.984451,0.992787,0.981493,0.993287,0.000891,24,0.000931,24,0.71875,24,106.0,24,,0,0.104154,24
4,32,24,False,native,24,0.98252,0.979227,0.985262,0.006035,0.980457,0.968474,0.986402,0.964463,0.987338,24,0.991182,0.989504,0.992576,0.003072,0.990121,0.983984,0.993155,0.98191,0.993629,0.000767,24,0.000853,24,0.708984,24,105.0,24,,0,0.104069,24
4,33,24,False,native,24,0.982595,0.97945,0.985318,0.005868,0.980488,0.968525,0.985819,0.96417,0.987638,24,0.99122,0.989618,0.992605,0.002987,0.990136,0.984011,0.992859,0.981758,0.99378,0.000929,24,0.000824,24,0.693359,24,110.0,24,,0,0.103975,24
4,34,24,False,native,24,0.981588,0.97906,0.985523,0.006464,0.980368,0.968114,0.985968,0.964097,0.988012,24,0.990708,0.989419,0.992709,0.00329,0.990075,0.983799,0.992935,0.98172,0.99397,0.000937,24,0.000902,24,0.691406,24,102.5,24,,0,0.103851,24
4,35,24,False,native,24,0.981812,0.978132,0.985523,0.007392,0.980227,0.967042,0.986889,0.965121,0.988387,24,0.990822,0.988945,0.992709,0.003764,0.990002,0.983245,0.993401,0.982251,0.99416,0.000929,24,0.000845,24,0.691406,24,108.5,24,,0,0.103741,24
4,36,24,False,native,24,0.982445,0.978558,0.985804,0.007245,0.980262,0.967255,0.986769,0.963951,0.987712,24,0.991145,0.989163,0.992851,0.003688,0.990019,0.983355,0.99334,0.981644,0.993818,0.000885,24,0.000999,24,0.699219,24,106.5,24,,0,0.103597,24
4,37,24,False,native,24,0.982109,0.977965,0.985299,0.007334,0.979902,0.965759,0.986253,0.965121,0.987488,24,0.990974,0.98886,0.992595,0.003736,0.989836,0.982581,0.993079,0.982251,0.993704,0.000902,24,0.000973,24,0.726562,24,110.5,24,,0,0.103516,24
4,38,24,False,native,24,0.982222,0.978355,0.985953,0.007598,0.98033,0.966734,0.987091,0.965341,0.988012,24,0.991031,0.989059,0.992927,0.003868,0.990054,0.983086,0.993503,0.982365,0.99397,0.000956,24,0.000908,24,0.705078,24,108.0,24,,0,0.103363,24
4,39,24,False,native,24,0.982408,0.978411,0.984851,0.00644,0.980083,0.966734,0.98626,0.965414,0.987338,24,0.991126,0.989087,0.992368,0.00328,0.989929,0.983086,0.993083,0.982403,0.993629,0.000834,24,0.000898,24,0.691406,24,109.5,24,,0,0.10328,24
4,40,24,False,native,24,0.98237,0.978374,0.985393,0.007019,0.97999,0.966382,0.986514,0.964536,0.987413,24,0.991107,0.989068,0.992643,0.003574,0.98988,0.982904,0.993211,0.981948,0.993667,0.000906,24,0.000854,24,0.708984,24,101.0,24,0.999821,24,0.103134,24
4,41,24,False,native,24,0.981476,0.976836,0.986028,0.009193,0.979782,0.967673,0.986477,0.963731,0.987338,24,0.990652,0.988281,0.992965,0.004684,0.989775,0.983571,0.993193,0.981531,0.993629,0.000929,24,0.000797,24,0.728516,24,114.0,24,,0,0.102989,24
4,42,24,False,native,24,0.980769,0.978207,0.98487,0.006662,0.9795,0.967482,0.985572,0.964902,0.987712,24,0.990291,0.988983,0.992377,0.003394,0.989632,0.983472,0.992734,0.982137,0.993818,0.00086,24,0.0009,24,0.736328,24,107.5,24,,0,0.102843,24
4,43,24,False,native,24,0.981327,0.97628,0.985262,0.008982,0.979619,0.968158,0.986073,0.965341,0.987263,24,0.990576,0.987997,0.992576,0.004579,0.989692,0.983821,0.992988,0.982365,0.993591,0.000837,24,0.000839,24,0.707031,24,106.5,24,,0,0.102767,24
4,44,24,False,native,24,0.981253,0.977132,0.985243,0.008111,0.979309,0.966081,0.986148,0.963877,0.986664,24,0.990538,0.988433,0.992567,0.004134,0.989533,0.982748,0.993026,0.981606,0.993287,0.000938,24,0.000948,24,0.720703,24,106.5,24,,0,0.102622,24
4,45,24,False,native,24,0.981253,0.977094,0.98614,0.009046,0.979345,0.964353,0.986342,0.962562,0.987113,24,0.990538,0.988414,0.993022,0.004608,0.989549,0.981853,0.993124,0.980924,0.993515,0.000904,24,0.000832,24,0.71875,24,104.0,24,,0,0.102444,24
4,46,24,False,native,24,0.981104,0.976744,0.985168,0.008425,0.978785,0.962737,0.986058,0.961029,0.987338,24,0.990462,0.988234,0.992529,0.004295,0.989261,0.981015,0.99298,0.980127,0.993629,0.001095,24,0.000952,24,0.716797,24,110.0,24,,0,0.102411,24
4,47,24,False,native,24,0.981663,0.976077,0.985243,0.009166,0.978818,0.962241,0.986889,0.960738,0.988537,24,0.990746,0.987893,0.992567,0.004674,0.989275,0.980757,0.993401,0.979976,0.994235,0.00086,24,0.000906,24,0.693359,24,102.5,24,,0,0.102325,24
4,48,24,False,native,24,0.980993,0.975318,0.985038,0.00972,0.977985,0.961292,0.986021,0.958553,0.986964,24,0.990405,0.987504,0.992462,0.004959,0.988849,0.980264,0.992961,0.978838,0.993439,0.001011,24,0.00116,24,0.728516,24,106.0,24,,0,0.102308,24
4,49,24,False,native,24,0.98092,0.974412,0.985281,0.010869,0.978653,0.96477,0.9862,0.961467,0.990113,24,0.990367,0.987039,0.992586,0.005546,0.989193,0.982069,0.993052,0.980355,0.995032,0.001266,24,0.00124,24,0.728516,24,101.5,24,,0,0.102234,24
5,0,24,False,native,24,0.977946,0.975057,0.979858,0.004801,0.976722,0.970843,0.980449,0.96644,0.981216,24,0.98885,0.987371,0.989827,0.002456,0.98822,0.985206,0.990128,0.982934,0.990519,0.001213,24,0.001202,24,0.794922,24,101.0,24,0.999687,24,0.106006,24
5,1,24,False,native,24,0.978243,0.977093,0.980658,0.003564,0.977359,0.969827,0.982177,0.960883,0.984272,24,0.989002,0.988414,0.990234,0.00182,0.988542,0.984682,0.991008,0.980052,0.992074,0.001152,24,0.001137,24,0.777344,24,84.5,24,,0,0.105493,24
5,2,24,False,native,24,0.978688,0.975705,0.979951,0.004247,0.977425,0.969268,0.981342,0.967981,0.986066,24,0.989229,0.987703,0.989874,0.002171,0.988578,0.984394,0.990583,0.98373,0.992984,0.001236,24,0.001194,24,0.779297,24,90.5,24,,0,0.105777,24
5,3,24,False,native,24,0.977093,0.975113,0.979951,0.004839,0.976647,0.968297,0.981826,0.965048,0.984645,24,0.988414,0.987399,0.989874,0.002475,0.988179,0.983893,0.99083,0.982213,0.992263,0.001259,24,0.001133,24,0.761719,24,89.5,24,,0,0.105123,24
5,4,24,False,native,24,0.977205,0.974577,0.979951,0.005375,0.976656,0.969275,0.981931,0.966367,0.984571,24,0.988471,0.987125,0.989874,0.00275,0.988185,0.984398,0.990883,0.982896,0.992225,0.001198,24,0.001186,24,0.796875,24,89.0,24,,0,0.10491,24
5,5,24,False,native,24,0.975908,0.973523,0.978874,0.005351,0.976329,0.970445,0.982638,0.968128,0.985766,24,0.987807,0.986584,0.989324,0.00274,0.988017,0.985001,0.991243,0.983806,0.992832,0.001152,24,0.001152,24,0.804688,24,86.0,24,,0,0.10453,24
5,6,24,False,native,24,0.975243,0.973062,0.978688,0.005626,0.976048,0.969459,0.983168,0.968055,0.986889,24,0.987466,0.986347,0.989229,0.002882,0.987872,0.984493,0.991512,0.983768,0.993401,0.001175,24,0.001156,24,0.835938,24,90.0,24,,0,0.104298,24
5,7,24,False,native,24,0.975094,0.971218,0.979394,0.008176,0.976161,0.970401,0.984429,0.966147,0.986889,24,0.98739,0.985399,0.98959,0.004191,0.987929,0.984978,0.992153,0.982782,0.993401,0.001072,24,0.001137,24,0.798828,24,88.0,24,,0,0.10411,24
5,8,24,False,native,24,0.975316,0.972103,0.979672,0.00757,0.976145,0.970276,0.984922,0.967541,0.986589,24,0.987504,0.985854,0.989732,0.003878,0.987921,0.984914,0.992404,0.983503,0.993249,0.001118,24,0.001087,24,0.791016,24,89.0,24,,0,0.103939,24
5,9,24,False,native,24,0.975353,0.971181,0.979357,0.008175,0.975841,0.968548,0.984018,0.96666,0.986964,24,0.987523,0.98538,0.989571,0.004191,0.987765,0.984022,0.991945,0.983048,0.993439,0.001106,24,0.001091,24,0.796875,24,91.5,24,,0,0.103768,24
5,10,24,False,native,24,0.974872,0.970555,0.978688,0.008133,0.975243,0.96821,0.98413,0.965707,0.98614,24,0.987276,0.985058,0.989229,0.004172,0.987458,0.983848,0.992002,0.982555,0.993022,0.001083,24,0.00116,24,0.818359,24,92.5,24,0.999645,24,0.103614,24
5,11,24,False,native,24,0.974429,0.971347,0.97841,0.007063,0.975164,0.967468,0.985154,0.965781,0.985991,24,0.987049,0.985465,0.989087,0.003622,0.987417,0.983465,0.992521,0.982593,0.992946,0.001114,24,0.001087,24,0.818359,24,91.0,24,,0,0.103448,24
5,12,24,False,native,24,0.974466,0.97085,0.978262,0.007412,0.975319,0.968253,0.985124,0.964316,0.98614,24,0.987068,0.985209,0.989011,0.003802,0.987496,0.983871,0.992506,0.981834,0.993022,0.001148,24,0.001068,24,0.818359,24,89.0,24,,0,0.103273,24
5,13,24,False,native,24,0.974872,0.970813,0.978243,0.00743,0.975425,0.968591,0.983929,0.965781,0.987038,24,0.987276,0.98519,0.989002,0.003811,0.987551,0.984045,0.991899,0.982593,0.993477,0.001122,24,0.001083,24,0.8125,24,87.5,24,,0,0.103109,24
5,14,24,False,native,24,0.973985,0.969727,0.977798,0.008071,0.974875,0.968488,0.985632,0.966734,0.98629,24,0.986821,0.984631,0.988774,0.004143,0.987268,0.983992,0.992764,0.983086,0.993098,0.001041,24,0.001053,24,0.822266,24,89.5,24,,0,0.10298,24
5,15,24,False,native,24,0.974835,0.970353,0.977075,0.006722,0.974716,0.967189,0.985572,0.964902,0.986589,24,0.987257,0.984953,0.988405,0.003451,0.987186,0.983321,0.992734,0.982137,0.993249,0.001064,24,0.001045,24,0.816406,24,86.0,24,,0,0.102823,24
5,16,24,False,native,24,0.975686,0.970187,0.976927,0.006739,0.974724,0.96713,0.985408,0.964755,0.988162,24,0.987693,0.984868,0.988329,0.003461,0.987189,0.98329,0.99265,0.982062,0.994046,0.001068,24,0.00103,24,0.816406,24,86.5,24,,0,0.102673,24
5,17,24,False,native,24,0.976389,0.968808,0.977149,0.008341,0.974564,0.967064,0.985318,0.965121,0.98629,24,0.988054,0.984157,0.988442,0.004285,0.987107,0.983256,0.992605,0.982251,0.993098,0.000988,24,0.00108,24,0.828125,24,79.0,24,,0,0.102537,24
5,18,24,False,native,24,0.97539,0.967761,0.977168,0.009406,0.974149,0.966155,0.985976,0.963219,0.986964,24,0.987542,0.983617,0.988452,0.004835,0.986892,0.982786,0.992938,0.981265,0.993439,0.001011,24,0.001102,24,0.833984,24,84.5,24,,0,0.102386,24
5,19,24,False,native,24,0.975057,0.967743,0.97713,0.009388,0.973986,0.966213,0.985355,0.963731,0.988387,24,0.987371,0.983607,0.988433,0.004826,0.986809,0.982816,0.992624,0.981531,0.99416,0.000996,24,0.001144,24,0.832031,24,80.5,24,,0,0.102222,24
5,20,24,False,native,24,0.975205,0.966404,0.977668,0.011264,0.973712,0.965349,0.985714,0.961686,0.987263,24,0.987447,0.982915,0.988708,0.005793,0.986666,0.982369,0.992806,0.980469,0.993591,0.001019,24,0.001015,24,0.828125,24,81.5,24,0.999546,24,0.102097,24
5,21,24,False,native,24,0.975205,0.967541,0.977687,0.010146,0.974058,0.966081,0.985124,0.962708,0.988837,24,0.987447,0.983503,0.988717,0.005215,0.986845,0.982748,0.992506,0.981,0.994387,0.001057,24,0.001007,24,0.837891,24,84.5,24,,0,0.101939,24
5,22,24,False,native,24,0.974207,0.967357,0.978429,0.011071,0.973642,0.964448,0.985707,0.962489,0.987413,24,0.986935,0.983408,0.989097,0.005689,0.98663,0.981902,0.992802,0.980886,0.993667,0.000996,24,0.000977,24,0.832031,24,85.0,24,,0,0.101812,24
5,23,24,False,native,24,0.974244,0.966202,0.978595,0.012393,0.973596,0.964368,0.985064,0.962416,0.987188,24,0.986954,0.982811,0.989182,0.006371,0.986606,0.981861,0.992476,0.980848,0.993553,0.000999,24,0.001003,24,0.847656,24,76.0,24,,0,0.101666,24
5,24,24,False,native,24,0.974059,0.966367,0.978391,0.012024,0.973507,0.963797,0.985677,0.960519,0.987937,24,0.986859,0.982896,0.989078,0.006182,0.986559,0.981565,0.992787,0.979862,0.993932,0.000996,24,0.001141,24,0.835938,24,80.5,24,,0,0.101496,24
5,25,24,False,native,24,0.974724,0.966734,0.978818,0.012084,0.973431,0.963168,0.985624,0.960738,0.987638,24,0.9872,0.983086,0.989296,0.00621,0.986519,0.981239,0.99276,0.979976,0.99378,0.000988,24,0.000957,24,0.833984,24,79.0,24,,0,0.101366,24
5,26,24,False,native,24,0.973837,0.966661,0.977965,0.011304,0.973166,0.963307,0.985819,0.958771,0.987638,24,0.986745,0.983048,0.98886,0.005812,0.986383,0.981311,0.992859,0.978952,0.99378,0.000937,24,0.000992,24,0.845703,24,85.0,24,,0,0.101278,24
5,27,24,False,native,24,0.973284,0.965634,0.978744,0.01311,0.9732,0.963103,0.986537,0.958626,0.987263,24,0.986461,0.982517,0.989258,0.006741,0.986399,0.981204,0.993223,0.978876,0.993591,0.00098,24,0.001015,24,0.841797,24,77.5,24,,0,0.101115,24
5,28,24,False,native,24,0.972398,0.965379,0.978855,0.013477,0.972711,0.962138,0.985378,0.9603,0.987638,24,0.986006,0.982384,0.989315,0.006931,0.986148,0.980704,0.992635,0.979748,0.99378,0.000977,24,0.000984,24,0.84375,24,83.5,24,,0,0.101009,24
5,29,24,False,native,24,0.972694,0.965836,0.978336,0.0125,0.972611,0.961949,0.985258,0.961248,0.987188,24,0.986157,0.982621,0.989049,0.006428,0.986097,0.980605,0.992574,0.980241,0.993553,0.000954,24,0.001007,24,0.851562,24,79.5,24,,0,0.100906,24
5,30,24,False,native,24,0.972693,0.964481,0.978596,0.014114,0.972234,0.961146,0.985161,0.960592,0.987937,24,0.986157,0.981919,0.989182,0.007263,0.985901,0.980188,0.992525,0.9799,0.993932,0.000937,24,0.000999,24,0.857422,24,80.5,24,0.99945,24,0.100773,24
5,31,24,False,native,24,0.972103,0.963201,0.979078,0.015877,0.972044,0.960956,0.984802,0.960665,0.987638,24,0.985854,0.981256,0.989428,0.008173,0.985803,0.98009,0.992343,0.979938,0.99378,0.000961,24,0.000957,24,0.851562,24,75.5,24,,0,0.100646,24
5,32,24,False,native,24,0.972362,0.963146,0.978521,0.015375,0.971908,0.960556,0.984974,0.960155,0.988087,24,0.985987,0.981227,0.989144,0.007917,0.985732,0.979881,0.99243,0.979672,0.994008,0.000992,24,0.000999,24,0.855469,24,78.0,24,,0,0.100557,24
5,33,24,False,native,24,0.971882,0.962781,0.979022,0.016241,0.971753,0.960519,0.9849,0.958189,0.987263,24,0.98574,0.981038,0.9894,0.008362,0.985652,0.979862,0.992392,0.978648,0.993591,0.000946,24,0.000927,24,0.861328,24,79.0,24,,0,0.10043,24
5,34,24,False,native,24,0.971993,0.962544,0.980081,0.017538,0.971819,0.960599,0.984698,0.958408,0.987937,24,0.985797,0.980914,0.98994,0.009026,0.985685,0.979904,0.99229,0.978762,0.993932,0.000996,24,0.000938,24,0.851562,24,82.0,24,,0,0.100353,24
5,35,24,False,native,24,0.971736,0.963037,0.979413,0.016376,0.971682,0.960774,0.984922,0.957317,0.987937,24,0.985664,0.98117,0.989599,0.008429,0.985614,0.979995,0.992404,0.978193,0.993932,0.001015,24,0.001034,24,0.832031,24,79.5,24,,0,0.100273,24
5,36,24,False,native,24,0.971442,0.963274,0.979468,0.016194,0.971606,0.959936,0.985924,0.956736,0.987638,24,0.985513,0.981294,0.989628,0.008334,0.985574,0.979559,0.992912,0.97789,0.99378,0.000984,24,0.001038,24,0.84375,24,83.0,24,,0,0.100182,24
5,37,24,False,native,24,0.970705,0.964024,0.979338,0.015314,0.971349,0.959477,0.984392,0.956156,0.986215,24,0.985133,0.981682,0.989561,0.007879,0.985443,0.97932,0.992134,0.977586,0.99306,0.000925,24,0.001019,24,0.867188,24,83.0,24,,0,0.100056,24
5,38,24,False,native,24,0.971294,0.963676,0.979487,0.01581,0.971535,0.959718,0.986081,0.956083,0.987638,24,0.985437,0.981502,0.989637,0.008135,0.985536,0.979445,0.992992,0.977549,0.99378,0.000957,24,0.001007,24,0.871094,24,83.5,24,,0,0.099996,24
5,39,24,False,native,24,0.97078,0.963713,0.979543,0.01583,0.971346,0.959034,0.984743,0.956446,0.987113,24,0.985171,0.981521,0.989666,0.008144,0.98544,0.979088,0.992313,0.977738,0.993515,0.000996,24,0.00103,24,0.865234,24,81.5,24,,0,0.099919,24
5,40,24,False,native,24,0.970784,0.962763,0.9801,0.017337,0.971261,0.95883,0.984429,0.954198,0.987338,24,0.985171,0.981028,0.98995,0.008922,0.985394,0.978982,0.992153,0.976562,0.993629,0.00095,24,0.000952,24,0.861328,24,80.0,24,0.999378,24,0.099818,24
5,41,24,False,native,24,0.97012,0.961996,0.979487,0.017491,0.97079,0.957884,0.985168,0.95485,0.987038,24,0.98483,0.98063,0.989637,0.009007,0.985151,0.978489,0.992529,0.976904,0.993477,0.000961,24,0.000948,24,0.869141,24,80.5,24,,0,0.099757,24
5,42,24,False,native,24,0.970414,0.961649,0.979264,0.017615,0.970565,0.957434,0.984504,0.954343,0.988087,24,0.984982,0.98045,0.989523,0.009073,0.985034,0.978254,0.992191,0.976638,0.994008,0.001072,24,0.001057,24,0.855469,24,80.5,24,,0,0.099711,24
5,43,24,False,native,24,0.970268,0.961175,0.97867,0.017495,0.970377,0.957971,0.983839,0.954561,0.987413,24,0.984906,0.980203,0.98922,0.009017,0.984938,0.978535,0.991854,0.976752,0.993667,0.00106,24,0.00103,24,0.857422,24,80.5,24,,0,0.099619,24
5,44,24,False,native,24,0.96979,0.961011,0.978391,0.01738,0.969979,0.956207,0.983974,0.953547,0.988012,24,0.984659,0.980118,0.989078,0.00896,0.984731,0.977613,0.991922,0.976221,0.99397,0.00103,24,0.000992,24,0.863281,24,81.0,24,,0,0.099532,24
5,45,24,False,native,24,0.969533,0.961412,0.977761,0.016348,0.969748,0.955257,0.983488,0.951667,0.989137,24,0.984527,0.980327,0.988755,0.008429,0.98461,0.977116,0.991676,0.975235,0.994539,0.001034,24,0.001041,24,0.869141,24,79.0,24,,0,0.099471,24
5,46,24,False,native,24,0.969981,0.960866,0.978095,0.017229,0.969725,0.954785,0.983459,0.950368,0.989437,24,0.984754,0.980042,0.988926,0.008884,0.984595,0.97687,0.99166,0.974552,0.994691,0.000965,24,0.001022,24,0.875,24,80.5,24,,0,0.099397,24
5,47,24,False,native,24,0.969317,0.960464,0.978243,0.017779,0.969504,0.953706,0.984235,0.949575,0.989137,24,0.984413,0.979834,0.989002,0.009168,0.984479,0.976305,0.992055,0.974135,0.994539,0.000988,24,0.00106,24,0.880859,24,79.5,24,,0,0.09927,24
5,48,24,False,native,24,0.966814,0.958572,0.977612,0.019041,0.968481,0.953504,0.983384,0.953041,0.989287,24,0.983123,0.978847,0.988679,0.009832,0.983953,0.976198,0.991622,0.975956,0.994615,0.001068,24,0.001114,24,0.90625,24,81.0,24,,0,0.09917,24
5,49,24,False,native,24,0.966563,0.960555,0.978206,0.01765,0.96851,0.957078,0.982303,0.950801,0.987563,24,0.982991,0.979881,0.988983,0.009102,0.983972,0.978068,0.991073,0.97478,0.993742,0.001137,24,0.001167,24,0.896484,24,76.0,24,,0,0.099184,24
6,0,24,False,native,24,0.976389,0.974004,0.98103,0.007026,0.975915,0.964474,0.983534,0.958844,0.985916,24,0.988054,0.986831,0.990424,0.003593,0.987798,0.981914,0.991698,0.97899,0.992908,0.0,24,0.0,24,0.796875,24,165.0,24,0.999747,24,0.109792,24
6,1,24,False,native,24,0.979506,0.974336,0.982668,0.008332,0.977073,0.966235,0.985273,0.950945,0.987338,24,0.989647,0.987001,0.991258,0.004257,0.988386,0.982828,0.992582,0.974856,0.993629,0.0,24,0.0,24,0.757812,24,142.0,24,,0,0.110105,24
6,2,24,False,native,24,0.983824,0.978299,0.986402,0.008104,0.980946,0.968724,0.987698,0.963951,0.988237,24,0.991846,0.98903,0.993155,0.004124,0.990369,0.984113,0.993811,0.981644,0.994084,0.0,24,0.0,24,0.667969,24,137.0,24,,0,0.109942,24
6,3,24,False,native,24,0.983414,0.977353,0.985094,0.007741,0.98065,0.968945,0.986402,0.966954,0.987937,24,0.991638,0.988547,0.992491,0.003944,0.99022,0.984227,0.993155,0.983199,0.993932,0.0,24,0.0,24,0.673828,24,144.5,24,,0,0.110043,24
6,4,24,False,native,24,0.983302,0.980156,0.985225,0.005069,0.981299,0.970372,0.986881,0.965414,0.988987,24,0.991581,0.989978,0.992557,0.002579,0.99055,0.984963,0.993397,0.982403,0.994463,0.000301,24,0.0,24,0.669922,24,131.5,24,,0,0.110095,24
6,5,24,False,native,24,0.983488,0.980044,0.985038,0.004993,0.9814,0.972649,0.986799,0.965488,0.988612,24,0.991676,0.989921,0.992462,0.002541,0.990603,0.986135,0.993356,0.982441,0.994273,0.0,24,0.0,24,0.675781,24,136.0,24,,0,0.110084,24
6,6,24,False,native,24,0.983899,0.980714,0.985748,0.005034,0.981862,0.973099,0.987173,0.964975,0.988612,24,0.991884,0.990263,0.992823,0.00256,0.990838,0.986366,0.993545,0.982175,0.994273,0.000311,24,0.000278,24,0.662109,24,140.0,24,,0,0.110196,24
6,7,24,False,native,24,0.984011,0.981532,0.985617,0.004085,0.981922,0.973896,0.987181,0.964389,0.988612,24,0.991941,0.99068,0.992756,0.002076,0.990868,0.986776,0.993549,0.981872,0.994273,0.0,24,0.0,24,0.642578,24,133.0,24,,0,0.110264,24
6,8,24,False,native,24,0.984608,0.98237,0.985785,0.003415,0.982368,0.975257,0.987316,0.963804,0.989362,24,0.992244,0.991107,0.992842,0.001735,0.991096,0.987473,0.993617,0.981569,0.994653,0.0,24,0.0,24,0.634766,24,134.0,24,,0,0.110279,24
6,9,24,False,native,24,0.983862,0.981588,0.985374,0.003786,0.982104,0.975494,0.987465,0.962927,0.988012,24,0.991865,0.990708,0.992633,0.001925,0.990961,0.987595,0.993693,0.981113,0.99397,0.0,24,0.0,24,0.658203,24,136.5,24,,0,0.110343,24
6,10,24,False,native,24,0.984048,0.983209,0.98644,0.003231,0.982576,0.975176,0.987233,0.962416,0.988537,24,0.99196,0.991533,0.993174,0.00164,0.991201,0.987432,0.993576,0.980848,0.994235,0.000292,24,0.0,24,0.660156,24,136.5,24,0.999877,24,0.110353,24
6,11,24,False,native,24,0.983787,0.982743,0.98614,0.003398,0.982664,0.974334,0.98763,0.965488,0.989212,24,0.991827,0.991296,0.993022,0.001726,0.991247,0.986999,0.993777,0.982441,0.994577,0.000303,24,0.0,24,0.652344,24,137.5,24,,0,0.110382,24
6,12,24,False,native,24,0.984422,0.98306,0.985916,0.002856,0.983006,0.976679,0.98745,0.967174,0.988837,24,0.99215,0.991457,0.992908,0.001451,0.991423,0.988202,0.993686,0.983313,0.994387,0.000372,24,0.0,24,0.650391,24,131.0,24,,0,0.110384,24
6,13,24,False,native,24,0.985019,0.983488,0.985953,0.002465,0.983381,0.976613,0.98772,0.966734,0.989812,24,0.992453,0.991676,0.992927,0.001252,0.991614,0.988167,0.993822,0.983086,0.99488,0.0,24,0.0,24,0.628906,24,130.0,24,,0,0.110387,24
6,14,24,False,native,24,0.984571,0.983395,0.987188,0.003793,0.983423,0.977301,0.987847,0.966807,0.988837,24,0.992225,0.991628,0.993553,0.001925,0.991634,0.98852,0.993887,0.983123,0.994387,0.0,24,0.0,24,0.632812,24,130.5,24,,0,0.110398,24
6,15,24,False,native,24,0.985243,0.983246,0.986477,0.003231,0.983306,0.977524,0.987638,0.965707,0.988012,24,0.992567,0.991552,0.993193,0.00164,0.991574,0.988634,0.99378,0.982555,0.99397,0.0,24,0.0,24,0.613281,24,130.5,24,,0,0.110401,24
6,16,24,False,native,24,0.984571,0.983302,0.987057,0.003755,0.983447,0.977724,0.987398,0.965927,0.987937,24,0.992225,0.991581,0.993486,0.001906,0.991647,0.988736,0.993659,0.982668,0.993932,0.0,24,0.0,24,0.619141,24,137.0,24,,0,0.110419,24
6,17,24,False,native,24,0.984533,0.9836,0.986103,0.002503,0.983441,0.977673,0.98772,0.966734,0.988387,24,0.992206,0.991732,0.993003,0.00127,0.991644,0.98871,0.993822,0.983086,0.99416,0.0,24,0.0,24,0.636719,24,132.5,24,,0,0.110423,24
6,18,24,False,native,24,0.984683,0.982929,0.987357,0.004428,0.983753,0.977303,0.988275,0.969819,0.988912,24,0.992282,0.991391,0.993638,0.002247,0.991804,0.98852,0.994103,0.984678,0.994425,0.0,24,0.0,24,0.626953,24,132.5,24,,0,0.110451,24
6,19,24,False,native,24,0.984907,0.983339,0.98745,0.004111,0.984026,0.979595,0.98832,0.969231,0.989587,24,0.992396,0.9916,0.993686,0.002086,0.991943,0.989692,0.994125,0.984375,0.994766,0.000685,24,0.000309,24,0.621094,24,128.5,24,,0,0.110467,24
6,20,24,False,native,24,0.985094,0.982966,0.987188,0.004222,0.983924,0.978473,0.988544,0.969746,0.989062,24,0.992491,0.99141,0.993553,0.002143,0.99189,0.989119,0.994239,0.98464,0.994501,0.000307,24,0.0,24,0.621094,24,132.0,24,0.999872,24,0.110481,24
6,21,24,False,native,24,0.98558,0.983134,0.986982,0.003848,0.984067,0.979788,0.98802,0.968349,0.989212,24,0.992737,0.991495,0.993448,0.001953,0.991963,0.989791,0.993974,0.98392,0.994577,0.0,24,0.000626,24,0.623047,24,122.5,24,,0,0.110463,24
6,22,24,False,native,24,0.985281,0.983526,0.987132,0.003606,0.984061,0.979134,0.98814,0.968863,0.989512,24,0.992586,0.991694,0.993524,0.00183,0.99196,0.989457,0.994034,0.984185,0.994728,0.000296,24,0.0,24,0.623047,24,131.5,24,,0,0.110447,24
6,23,24,False,native,24,0.985243,0.983246,0.986851,0.003605,0.983855,0.97892,0.98769,0.969672,0.988612,24,0.992567,0.991552,0.993382,0.00183,0.991856,0.989347,0.993807,0.984603,0.994273,0.0,24,0.0,24,0.617188,24,130.0,24,,0,0.110457,24
6,24,24,False,native,24,0.985019,0.983507,0.987713,0.004205,0.984238,0.980086,0.988912,0.969084,0.989662,24,0.992453,0.991685,0.993818,0.002133,0.99205,0.989942,0.994425,0.984299,0.994804,0.0,24,0.0,24,0.632812,24,130.5,24,,0,0.110459,24
6,25,24,False,native,24,0.985355,0.983283,0.986552,0.003269,0.983951,0.979305,0.988102,0.967835,0.989512,24,0.992624,0.991571,0.99323,0.001659,0.991905,0.989544,0.994015,0.983654,0.994728,0.000622,24,0.000313,24,0.601562,24,128.0,24,,0,0.110434,24
6,26,24,False,native,24,0.985692,0.983507,0.986552,0.003045,0.984181,0.978735,0.988185,0.97085,0.989812,24,0.992794,0.991685,0.99323,0.001545,0.992022,0.989252,0.994057,0.985209,0.99488,0.0,24,0.0,24,0.619141,24,135.5,24,,0,0.110441,24
6,27,24,False,native,24,0.984795,0.983041,0.986458,0.003417,0.984034,0.980569,0.987862,0.970408,0.989287,24,0.992339,0.991448,0.993183,0.001735,0.991947,0.990189,0.993894,0.984982,0.994615,0.0,24,0.0,24,0.632812,24,132.0,24,,0,0.110422,24
6,28,24,False,native,24,0.984533,0.983265,0.987357,0.004092,0.984007,0.980472,0.988447,0.968716,0.989062,24,0.992206,0.991562,0.993638,0.002076,0.991933,0.99014,0.99419,0.98411,0.994501,0.0,24,0.0,24,0.640625,24,134.0,24,,0,0.110404,24
6,29,24,False,native,24,0.985318,0.98306,0.986739,0.003679,0.984113,0.979454,0.988852,0.970334,0.989587,24,0.992605,0.991457,0.993325,0.001868,0.991987,0.98962,0.994395,0.984944,0.994766,0.00061,24,0.0,24,0.623047,24,133.0,24,,0,0.110378,24
6,30,24,False,native,24,0.985206,0.982985,0.986608,0.003623,0.983864,0.979357,0.988342,0.968496,0.989662,24,0.992548,0.99142,0.993259,0.001839,0.99186,0.989571,0.994137,0.983996,0.994804,0.0,24,0.0,24,0.621094,24,130.5,24,0.999876,24,0.11034,24
6,31,24,False,native,24,0.985991,0.983358,0.986571,0.003213,0.98441,0.980836,0.988439,0.969746,0.989587,24,0.992946,0.991609,0.99324,0.001631,0.992139,0.990325,0.994186,0.98464,0.994766,0.00029,24,0.00069,24,0.607422,24,125.5,24,,0,0.110287,24
6,32,24,False,native,24,0.984982,0.982743,0.986664,0.003921,0.984003,0.978748,0.988829,0.97085,0.990488,24,0.992434,0.991296,0.993287,0.001991,0.991932,0.98926,0.994383,0.985209,0.995221,0.000315,24,0.000328,24,0.603516,24,125.5,24,,0,0.110266,24
6,33,24,False,native,24,0.985206,0.982463,0.986533,0.00407,0.983869,0.979602,0.988057,0.969966,0.988762,24,0.992548,0.991154,0.993221,0.002067,0.991864,0.989696,0.993993,0.984754,0.994349,0.000813,24,0.000969,24,0.613281,24,123.0,24,,0,0.110211,24
6,34,24,False,native,24,0.985318,0.983171,0.987038,0.003867,0.984389,0.98062,0.989445,0.970776,0.989587,24,0.992605,0.991514,0.993477,0.001963,0.992127,0.990215,0.994694,0.985171,0.994766,0.0,24,0.000275,24,0.628906,24,128.0,24,,0,0.110189,24
6,35,24,False,native,24,0.985766,0.983619,0.986814,0.003195,0.984329,0.98074,0.988005,0.970776,0.989888,24,0.992832,0.991742,0.993363,0.001621,0.992097,0.990276,0.993966,0.985171,0.994918,0.000307,24,0.000315,24,0.605469,24,127.5,24,,0,0.110145,24
6,36,24,False,native,24,0.985206,0.983302,0.986589,0.003287,0.984148,0.981461,0.98781,0.970408,0.989137,24,0.992548,0.991581,0.993249,0.001669,0.992006,0.990644,0.993868,0.984982,0.994539,0.000872,24,0.000294,24,0.628906,24,125.5,24,,0,0.110095,24
6,37,24,False,native,24,0.985617,0.983489,0.986776,0.003288,0.984243,0.980397,0.987825,0.970703,0.989737,24,0.992756,0.991676,0.993344,0.001669,0.992053,0.990102,0.993875,0.985133,0.994842,0.000666,24,0.000612,24,0.619141,24,122.5,24,,0,0.110092,24
6,38,24,False,native,24,0.985206,0.983918,0.986402,0.002485,0.984356,0.981551,0.988027,0.971292,0.989512,24,0.992548,0.991894,0.993155,0.001261,0.992112,0.990689,0.993978,0.985437,0.994728,0.000326,24,0.000317,24,0.632812,24,127.5,24,,0,0.110058,24
6,39,24,False,native,24,0.985056,0.983843,0.98629,0.002447,0.984316,0.981901,0.988657,0.971292,0.989512,24,0.992472,0.991856,0.993098,0.001242,0.992091,0.990868,0.994296,0.985437,0.994728,0.000601,24,0.000599,24,0.630859,24,123.0,24,,0,0.110002,24
6,40,24,False,native,24,0.984907,0.983936,0.986178,0.002242,0.984372,0.981312,0.988432,0.972029,0.990188,24,0.992396,0.991903,0.993041,0.001138,0.99212,0.990568,0.994182,0.985816,0.99507,0.000643,24,0.000311,24,0.623047,24,126.0,24,0.999876,24,0.109973,24
6,41,24,False,native,24,0.984608,0.984141,0.986346,0.002205,0.984135,0.980509,0.988919,0.971513,0.989287,24,0.992244,0.992007,0.993126,0.001119,0.991999,0.990159,0.994429,0.985551,0.994615,0.000303,24,0.000326,24,0.638672,24,122.5,24,,0,0.109931,24
6,42,24,False,native,24,0.984944,0.98265,0.986365,0.003715,0.984017,0.981878,0.988087,0.970629,0.989137,24,0.992415,0.991249,0.993136,0.001887,0.991939,0.990856,0.994008,0.985096,0.994539,0.000952,24,0.000338,24,0.644531,24,126.5,24,,0,0.109861,24
6,43,24,False,native,24,0.984235,0.982128,0.986645,0.004518,0.983609,0.981379,0.987473,0.971145,0.988612,24,0.992055,0.990983,0.993278,0.002294,0.991732,0.990602,0.993697,0.985361,0.994273,0.000635,24,0.0,24,0.648438,24,128.5,24,,0,0.109808,24
6,44,24,False,native,24,0.985467,0.982705,0.986514,0.003809,0.984054,0.981149,0.988799,0.969893,0.990488,24,0.992681,0.991277,0.993211,0.001934,0.991957,0.990485,0.994368,0.984716,0.995221,0.000315,24,0.000631,24,0.623047,24,118.0,24,,0,0.109746,24
6,45,24,False,native,24,0.98487,0.982743,0.986833,0.00409,0.98379,0.980896,0.988095,0.968863,0.989587,24,0.992377,0.991296,0.993373,0.002076,0.991822,0.990356,0.994012,0.984185,0.994766,0.00086,24,0.00119,24,0.642578,24,120.5,24,,0,0.109678,24
6,46,24,False,native,24,0.984683,0.983339,0.986889,0.003549,0.984165,0.98243,0.987772,0.969378,0.989737,24,0.992282,0.9916,0.993401,0.001801,0.992014,0.991137,0.993849,0.984451,0.994842,0.000916,24,0.000864,24,0.646484,24,118.0,24,,0,0.109546,24
6,47,24,False,native,24,0.98416,0.982538,0.986814,0.004276,0.983481,0.980687,0.987817,0.967688,0.990939,24,0.992017,0.991192,0.993363,0.002171,0.991664,0.99025,0.993871,0.983579,0.995449,0.001469,24,0.001251,24,0.634766,24,120.5,24,,0,0.109378,24
6,48,24,False,native,24,0.985393,0.982482,0.988031,0.005549,0.983881,0.980226,0.988979,0.965488,0.989362,24,0.992643,0.991164,0.993979,0.002816,0.991865,0.990014,0.994459,0.982441,0.994653,0.001499,24,0.001488,24,0.623047,24,111.5,24,,0,0.109139,24
6,49,24,False,native,24,0.984384,0.981811,0.987001,0.00519,0.983702,0.981119,0.988867,0.96879,0.990789,24,0.992131,0.990822,0.993458,0.002636,0.991777,0.99047,0.994402,0.984147,0.995373,0.001465,24,0.001472,24,0.671875,24,107.0,24,,0,0.108895,24
7,0,24,False,native,24,0.978391,0.968496,0.984871,0.016375,0.976449,0.963922,0.988207,0.955068,0.991691,24,0.989078,0.983996,0.992377,0.008381,0.988057,0.981629,0.994069,0.977018,0.995828,0.0,24,0.000404,24,0.794922,24,142.5,24,0.999793,24,0.107719,24
7,1,24,False,native,24,0.98036,0.974355,0.986851,0.012496,0.979713,0.966458,0.990759,0.962343,0.991616,24,0.990083,0.987011,0.993382,0.006371,0.989733,0.982941,0.995358,0.98081,0.99579,0.000448,24,0.000401,24,0.732422,24,123.0,24,,0,0.107895,24
7,2,24,False,native,24,0.982519,0.979617,0.989587,0.009971,0.981637,0.970349,0.990488,0.959936,0.990714,24,0.991182,0.989703,0.994766,0.005063,0.990715,0.984951,0.995221,0.979559,0.995335,0.000534,24,0.000526,24,0.701172,24,120.5,24,,0,0.107204,24
7,3,24,False,native,24,0.983265,0.977909,0.987619,0.00971,0.980616,0.970592,0.989235,0.954778,0.990864,24,0.991562,0.988831,0.993771,0.00494,0.99019,0.985077,0.994588,0.976866,0.995411,0.000443,24,0.000412,24,0.689453,24,130.5,24,,0,0.10689,24
7,4,24,False,native,24,0.982892,0.977538,0.9876,0.010062,0.980924,0.969055,0.989602,0.959863,0.990789,24,0.991372,0.988642,0.993761,0.00512,0.990351,0.984284,0.994774,0.979521,0.995373,0.000467,24,0.001251,24,0.689453,24,111.0,24,,0,0.106688,24
7,5,24,False,native,24,0.983414,0.978169,0.985879,0.00771,0.980998,0.969658,0.98907,0.959062,0.992293,24,0.991638,0.988964,0.992889,0.003925,0.990391,0.984595,0.994505,0.979103,0.996132,0.00108,24,0.000496,24,0.675781,24,125.0,24,,0,0.106455,24
7,6,24,False,native,24,0.982817,0.978522,0.984832,0.006311,0.980718,0.968915,0.988529,0.961467,0.992293,24,0.991334,0.989144,0.992358,0.003214,0.990249,0.984212,0.994232,0.980355,0.996132,0.000557,24,0.000511,24,0.695312,24,129.0,24,,0,0.106361,24
7,7,24,False,native,24,0.983153,0.977538,0.985505,0.007967,0.981179,0.969672,0.988709,0.964316,0.991541,24,0.991505,0.988642,0.992699,0.004058,0.990487,0.984603,0.994323,0.981834,0.995752,0.000965,24,0.000896,24,0.677734,24,116.0,24,,0,0.106289,24
7,8,24,False,native,24,0.983153,0.97802,0.985991,0.00797,0.981153,0.968687,0.98862,0.966881,0.991541,24,0.991505,0.988888,0.992946,0.004058,0.990475,0.984094,0.994277,0.983161,0.995752,0.001034,24,0.001022,24,0.679688,24,120.0,24,,0,0.106252,24
7,9,24,False,native,24,0.981774,0.978578,0.984739,0.006161,0.980948,0.969665,0.98979,0.966514,0.991992,24,0.990803,0.989172,0.992311,0.003138,0.99037,0.984599,0.994869,0.982972,0.99598,0.000963,24,0.000492,24,0.701172,24,123.5,24,,0,0.106234,24
7,10,24,False,native,24,0.982631,0.978596,0.984795,0.0062,0.981104,0.970232,0.989866,0.964536,0.991466,24,0.991239,0.989182,0.992339,0.003157,0.990449,0.984891,0.994907,0.981948,0.995715,0.001099,24,0.000553,24,0.681641,24,122.0,24,0.99984,24,0.106183,24
7,11,24,False,native,24,0.981253,0.978688,0.98487,0.006181,0.981308,0.972996,0.989445,0.966147,0.991466,24,0.990538,0.989229,0.992377,0.003148,0.990555,0.986313,0.994694,0.982782,0.995715,0.000486,24,0.0,24,0.705078,24,129.5,24,,0,0.106155,24
7,12,24,False,native,24,0.981812,0.979673,0.985187,0.005515,0.981392,0.972075,0.98946,0.966734,0.991616,24,0.990822,0.989732,0.992538,0.002806,0.990598,0.985839,0.994702,0.983086,0.99579,0.001099,24,0.000538,24,0.714844,24,121.5,24,,0,0.106107,24
7,13,24,False,native,24,0.981402,0.978577,0.984963,0.006386,0.980961,0.971551,0.988245,0.964829,0.991165,24,0.990614,0.989172,0.992425,0.003252,0.990378,0.98557,0.994088,0.9821,0.995563,0.001076,24,0.000416,24,0.705078,24,121.0,24,,0,0.106101,24
7,14,24,False,native,24,0.981849,0.978262,0.986178,0.007916,0.981442,0.973941,0.989047,0.965707,0.992218,24,0.990841,0.989011,0.993041,0.00403,0.990623,0.986798,0.994493,0.982555,0.996094,0.001194,24,0.00098,24,0.695312,24,121.0,24,,0,0.106067,24
7,15,24,False,native,24,0.981067,0.978707,0.985486,0.006779,0.981561,0.976264,0.98868,0.965048,0.992143,24,0.990443,0.989239,0.99269,0.003451,0.990685,0.987989,0.994307,0.982213,0.996056,0.001247,24,0.001125,24,0.722656,24,120.5,24,,0,0.106084,24
7,16,24,False,native,24,0.981588,0.979413,0.984627,0.005214,0.981498,0.975864,0.988987,0.963658,0.99139,24,0.990708,0.989599,0.992254,0.002655,0.990652,0.987784,0.994463,0.981493,0.995677,0.00106,24,0.001198,24,0.708984,24,119.0,24,,0,0.106082,24
7,17,24,False,native,24,0.98211,0.978317,0.984851,0.006534,0.981328,0.973994,0.988979,0.965341,0.992067,24,0.990974,0.98904,0.992368,0.003328,0.990565,0.986825,0.994459,0.982365,0.996018,0.001106,24,0.001144,24,0.707031,24,113.5,24,,0,0.106074,24
7,18,24,False,native,24,0.981998,0.978893,0.985262,0.006369,0.981404,0.974643,0.989512,0.963877,0.991691,24,0.990917,0.989334,0.992576,0.003243,0.990603,0.987159,0.994728,0.981606,0.995828,0.001205,24,0.001137,24,0.707031,24,113.5,24,,0,0.106102,24
7,19,24,False,native,24,0.981811,0.97815,0.984907,0.006757,0.981379,0.97454,0.989047,0.962927,0.991466,24,0.990822,0.988954,0.992396,0.003442,0.99059,0.987106,0.994493,0.981113,0.995715,0.000422,24,0.001167,24,0.701172,24,117.0,24,,0,0.106099,24
7,20,24,False,native,24,0.982147,0.979041,0.985094,0.006053,0.981469,0.973815,0.989445,0.965048,0.99267,24,0.990993,0.98941,0.992491,0.003081,0.990636,0.986734,0.994694,0.982213,0.996321,0.001186,24,0.000523,24,0.689453,24,121.5,24,0.999836,24,0.106086,24
7,21,24,False,native,24,0.982184,0.979302,0.985486,0.006184,0.981698,0.97539,0.988425,0.963512,0.993724,24,0.991012,0.989542,0.99269,0.003148,0.990753,0.987542,0.994179,0.981417,0.996852,0.00111,24,0.000889,24,0.677734,24,121.0,24,,0,0.106098,24
7,22,24,False,native,24,0.982072,0.979506,0.985673,0.006167,0.981462,0.974015,0.988207,0.964316,0.991766,24,0.990955,0.989647,0.992785,0.003138,0.990633,0.986836,0.994069,0.981834,0.995866,0.00037,24,0.00053,24,0.689453,24,123.0,24,,0,0.106102,24
7,23,24,False,native,24,0.981849,0.97906,0.98586,0.0068,0.981372,0.973631,0.989062,0.964755,0.99124,24,0.990841,0.989419,0.99288,0.003461,0.990587,0.986639,0.994501,0.982062,0.995601,0.001152,24,0.000925,24,0.6875,24,119.0,24,,0,0.10612,24
7,24,24,False,native,24,0.981737,0.979988,0.98515,0.005162,0.981405,0.973734,0.989377,0.964829,0.990263,24,0.990784,0.989893,0.992519,0.002626,0.990604,0.986692,0.99466,0.9821,0.995108,0.00099,24,0.000959,24,0.699219,24,119.0,24,,0,0.10613,24
7,25,24,False,native,24,0.982221,0.979767,0.984534,0.004767,0.981341,0.974244,0.988859,0.963951,0.99139,24,0.991031,0.989779,0.992206,0.002427,0.990571,0.986954,0.994399,0.981644,0.995677,0.001102,24,0.000496,24,0.685547,24,121.0,24,,0,0.106138,24
7,26,24,False,native,24,0.982109,0.978985,0.984888,0.005903,0.981214,0.973889,0.987638,0.963951,0.991014,24,0.990974,0.989381,0.992387,0.003006,0.990506,0.986772,0.99378,0.981644,0.995487,0.000414,24,0.000492,24,0.681641,24,120.5,24,,0,0.106139,24
7,27,24,False,native,24,0.981849,0.980156,0.986309,0.006153,0.981604,0.973261,0.988612,0.964536,0.990338,24,0.990841,0.989978,0.993107,0.003129,0.990705,0.986449,0.994273,0.981948,0.995146,0.001005,24,0.000437,24,0.683594,24,120.0,24,,0,0.106149,24
7,28,24,False,native,24,0.982296,0.980267,0.98614,0.005873,0.981442,0.97349,0.987877,0.965341,0.991315,24,0.991069,0.990035,0.993022,0.002987,0.990623,0.986567,0.993902,0.982365,0.995639,0.000957,24,0.00106,24,0.683594,24,110.0,24,,0,0.106145,24
7,29,24,False,native,24,0.982147,0.979784,0.985561,0.005777,0.981483,0.973431,0.988267,0.966294,0.990113,24,0.990993,0.989789,0.992728,0.002939,0.990645,0.986537,0.994099,0.982858,0.995032,0.001072,24,0.001009,24,0.675781,24,119.5,24,,0,0.106112,24
7,30,24,False,native,24,0.982184,0.980045,0.986758,0.006713,0.981414,0.973247,0.98784,0.963804,0.989362,24,0.991012,0.989921,0.993335,0.003413,0.990609,0.986442,0.993883,0.981569,0.994653,0.001038,24,0.0009,24,0.673828,24,116.0,24,0.999832,24,0.106116,24
7,31,24,False,native,24,0.982072,0.97971,0.98644,0.00673,0.981392,0.972781,0.988679,0.964682,0.988987,24,0.990955,0.989751,0.993174,0.003423,0.990598,0.986203,0.994307,0.982024,0.994463,0.001198,24,0.00111,24,0.683594,24,113.0,24,,0,0.106122,24
7,32,24,False,native,24,0.982109,0.980007,0.98614,0.006133,0.981448,0.971675,0.98844,0.965195,0.989137,24,0.990974,0.989903,0.993022,0.003119,0.990626,0.985634,0.994186,0.982289,0.994539,0.000954,24,0.000914,24,0.679688,24,106.0,24,,0,0.1061,24
7,33,24,False,native,24,0.982035,0.979561,0.985841,0.00628,0.980992,0.971159,0.987375,0.965561,0.989062,24,0.990936,0.989675,0.99287,0.003195,0.990394,0.985369,0.993648,0.982479,0.994501,0.001286,24,0.000845,24,0.685547,24,112.0,24,,0,0.106078,24
7,34,24,False,native,24,0.98278,0.979505,0.986178,0.006673,0.981556,0.971447,0.988717,0.965268,0.989362,24,0.991315,0.989647,0.993041,0.003394,0.990682,0.985517,0.994326,0.982327,0.994653,0.001148,24,0.001049,24,0.6875,24,110.0,24,,0,0.106081,24
7,35,24,False,native,24,0.983041,0.979951,0.986253,0.006301,0.981375,0.970077,0.988132,0.964389,0.989362,24,0.991448,0.989874,0.993079,0.003205,0.990588,0.984811,0.994031,0.981872,0.994653,0.001085,24,0.001026,24,0.667969,24,111.0,24,,0,0.106047,24
7,36,24,False,native,24,0.983078,0.979542,0.986627,0.007084,0.981345,0.97018,0.988627,0.964829,0.989888,24,0.991467,0.989666,0.993268,0.003603,0.990573,0.984864,0.994281,0.9821,0.994918,0.00106,24,0.001183,24,0.673828,24,112.5,24,,0,0.106036,24
7,37,24,False,native,24,0.982929,0.979079,0.986029,0.00695,0.981234,0.970298,0.988395,0.964243,0.988987,24,0.991391,0.989428,0.992965,0.003536,0.990516,0.984925,0.994163,0.981796,0.994463,0.001183,24,0.00111,24,0.669922,24,113.5,24,,0,0.106033,24
7,38,24,False,native,24,0.983041,0.980343,0.985972,0.005629,0.981473,0.971771,0.987555,0.965048,0.988987,24,0.991448,0.990073,0.992937,0.002863,0.990639,0.985683,0.993739,0.982213,0.994463,0.000908,24,0.001312,24,0.669922,24,113.5,24,,0,0.106038,24
7,39,24,False,native,24,0.98375,0.980175,0.985467,0.005292,0.981334,0.970356,0.988125,0.965927,0.988687,24,0.991808,0.989988,0.992681,0.002693,0.990568,0.984955,0.994027,0.982668,0.994311,0.001133,24,0.001011,24,0.646484,24,109.0,24,,0,0.106074,24
7,40,24,False,native,24,0.983713,0.979171,0.985374,0.006203,0.981049,0.970195,0.986544,0.965121,0.989362,24,0.991789,0.989476,0.992633,0.003157,0.990422,0.984872,0.993227,0.982251,0.994653,0.001343,24,0.001232,24,0.646484,24,109.5,24,0.999815,24,0.106054,24
7,41,24,False,native,24,0.982594,0.977687,0.985991,0.008304,0.980818,0.970334,0.987286,0.964316,0.989587,24,0.99122,0.988717,0.992946,0.004229,0.990304,0.984944,0.993602,0.981834,0.994766,0.00132,24,0.001289,24,0.667969,24,113.5,24,,0,0.106065,24
7,42,24,False,native,24,0.983265,0.97713,0.986234,0.009103,0.980982,0.971262,0.987046,0.964609,0.989662,24,0.991562,0.988433,0.993069,0.004636,0.990388,0.985422,0.993481,0.981986,0.994804,0.001183,24,0.00127,24,0.669922,24,116.5,24,,0,0.106073,24
7,43,24,False,native,24,0.982333,0.976223,0.986103,0.00988,0.980392,0.970879,0.987623,0.963439,0.989437,24,0.991088,0.987968,0.993003,0.005035,0.990086,0.985225,0.993773,0.981379,0.994691,0.001232,24,0.00127,24,0.685547,24,119.5,24,,0,0.106034,24
7,44,24,False,native,24,0.981886,0.97539,0.986047,0.010657,0.980382,0.971675,0.98775,0.964463,0.990188,24,0.99086,0.987542,0.992974,0.005433,0.990081,0.985634,0.993837,0.98191,0.99507,0.001369,24,0.001347,24,0.695312,24,115.5,24,,0,0.105979,24
7,45,24,False,native,24,0.98278,0.976835,0.986084,0.009249,0.980724,0.972376,0.988792,0.964536,0.989137,24,0.991315,0.988281,0.992993,0.004712,0.990256,0.985994,0.994364,0.981948,0.994539,0.001347,24,0.001362,24,0.681641,24,108.0,24,,0,0.105932,24
7,46,24,False,native,24,0.981439,0.97641,0.986234,0.009824,0.980257,0.970209,0.988402,0.963658,0.989587,24,0.990633,0.988063,0.993069,0.005006,0.990016,0.984879,0.994167,0.981493,0.994766,0.001308,24,0.00135,24,0.697266,24,109.5,24,,0,0.105807,24
7,47,24,False,native,24,0.982333,0.977707,0.986084,0.008377,0.980169,0.964163,0.988769,0.963366,0.989362,24,0.991088,0.988727,0.992993,0.004267,0.989967,0.981754,0.994353,0.981341,0.994653,0.001358,24,0.001366,24,0.675781,24,107.0,24,,0,0.105639,24
7,48,24,False,native,24,0.981998,0.977224,0.985804,0.00858,0.979606,0.964404,0.988095,0.95848,0.990113,24,0.990917,0.98848,0.992851,0.004371,0.989677,0.98188,0.994012,0.9788,0.995032,0.001339,24,0.001301,24,0.705078,24,110.0,24,,0,0.10536,24
7,49,24,False,native,24,0.982258,0.97778,0.984235,0.006455,0.978865,0.965305,0.98814,0.95109,0.988987,24,0.99105,0.988765,0.992055,0.00329,0.989293,0.982346,0.994034,0.974932,0.994463,0.001232,24,0.001339,24,0.691406,24,96.5,24,,0,0.10476,24
8,0,24,False,native,24,0.980249,0.97893,0.982221,0.003292,0.980003,0.977323,0.985348,0.965195,0.987937,24,0.990026,0.989353,0.991031,0.001678,0.989895,0.988532,0.99262,0.982289,0.993932,0.001263,24,0.001163,24,0.740234,24,106.5,24,0.999743,24,0.108673,24
8,1,24,False,native,24,0.981663,0.979524,0.985486,0.005962,0.981894,0.977279,0.986949,0.972841,0.987712,24,0.990746,0.989656,0.99269,0.003034,0.99086,0.988509,0.993431,0.986233,0.993818,0.001179,24,0.001156,24,0.722656,24,85.5,24,,0,0.108837,24
8,2,24,False,native,24,0.982668,0.97971,0.984477,0.004768,0.982781,0.978807,0.988448,0.976612,0.99109,24,0.991258,0.989751,0.992178,0.002427,0.991312,0.98929,0.99419,0.988167,0.995525,0.001099,24,0.001209,24,0.701172,24,92.0,24,,0,0.108575,24
8,3,24,False,native,24,0.982817,0.980899,0.983918,0.003018,0.983119,0.979119,0.986829,0.975871,0.992143,24,0.991334,0.990358,0.991894,0.001536,0.991484,0.989449,0.993371,0.987788,0.996056,0.001194,24,0.001148,24,0.693359,24,93.5,24,,0,0.108201,24
8,4,24,False,native,24,0.98319,0.980862,0.985411,0.004549,0.983277,0.979045,0.986994,0.977946,0.991766,24,0.991524,0.990339,0.992652,0.002313,0.991565,0.989411,0.993454,0.98885,0.995866,0.001202,24,0.001106,24,0.683594,24,102.0,24,,0,0.107994,24
8,5,24,False,native,24,0.983041,0.981849,0.984254,0.002405,0.983297,0.980204,0.986717,0.978095,0.990488,24,0.991448,0.990841,0.992064,0.001223,0.991576,0.990003,0.993314,0.988926,0.995221,0.00127,24,0.001205,24,0.693359,24,100.0,24,,0,0.107694,24
8,6,24,False,native,24,0.983041,0.981625,0.984739,0.003114,0.983339,0.980107,0.986492,0.976612,0.991691,24,0.991448,0.990727,0.992311,0.001583,0.991597,0.989954,0.9932,0.988167,0.995828,0.001522,24,0.001289,24,0.689453,24,101.0,24,,0,0.107533,24
8,7,24,False,native,24,0.983488,0.981755,0.985112,0.003357,0.98347,0.980226,0.98659,0.97676,0.99267,24,0.991676,0.990794,0.9925,0.001707,0.991663,0.990014,0.993249,0.988243,0.996321,0.00135,24,0.00135,24,0.683594,24,98.5,24,,0,0.10733,24
8,8,24,False,native,24,0.982445,0.981607,0.983134,0.001528,0.983163,0.980487,0.986417,0.978466,0.991541,24,0.991145,0.990718,0.991495,0.000777,0.991508,0.990147,0.993162,0.989116,0.995752,0.001446,24,0.001293,24,0.701172,24,95.5,24,,0,0.107212,24
8,9,24,False,native,24,0.982258,0.981402,0.983544,0.002143,0.983068,0.979996,0.986612,0.977872,0.991466,24,0.99105,0.990614,0.991704,0.00109,0.991459,0.989897,0.993261,0.988812,0.995715,0.001202,24,0.001255,24,0.705078,24,96.5,24,,0,0.107072,24
8,10,24,False,native,24,0.982705,0.981421,0.984253,0.002833,0.98319,0.979602,0.987166,0.976908,0.992444,24,0.991277,0.990623,0.992064,0.001441,0.991521,0.989696,0.993541,0.988319,0.996208,0.001434,24,0.001434,24,0.699219,24,96.5,24,0.999731,24,0.106966,24
8,11,24,False,native,24,0.98278,0.982035,0.98431,0.002275,0.983447,0.980316,0.98811,0.976908,0.991842,24,0.991315,0.990936,0.992093,0.001157,0.991652,0.99006,0.994019,0.988319,0.995904,0.001293,24,0.001369,24,0.685547,24,92.0,24,,0,0.106815,24
8,12,24,False,native,24,0.982333,0.981569,0.984496,0.002927,0.983224,0.98033,0.987795,0.976093,0.990864,24,0.991088,0.990699,0.992188,0.001489,0.991538,0.990068,0.99386,0.987902,0.995411,0.001156,24,0.001415,24,0.681641,24,94.0,24,,0,0.106656,24
8,13,24,False,native,24,0.982333,0.980713,0.984552,0.003839,0.983021,0.979825,0.986597,0.977946,0.991165,24,0.991088,0.990263,0.992216,0.001953,0.991435,0.98981,0.993253,0.98885,0.995563,0.001415,24,0.001431,24,0.6875,24,97.0,24,,0,0.106543,24
8,14,24,False,native,24,0.983078,0.980676,0.984851,0.004175,0.983137,0.979721,0.987196,0.977353,0.99139,24,0.991467,0.990244,0.992368,0.002124,0.991494,0.989757,0.993557,0.988547,0.995677,0.001259,24,0.001312,24,0.685547,24,93.5,24,,0,0.106477,24
8,15,24,False,native,24,0.982743,0.980658,0.985393,0.004735,0.983215,0.979461,0.987315,0.977946,0.991766,24,0.991296,0.990234,0.992643,0.002408,0.991533,0.989624,0.993617,0.98885,0.995866,0.001335,24,0.001343,24,0.664062,24,94.5,24,,0,0.106379,24
8,16,24,False,native,24,0.982221,0.97984,0.984161,0.004321,0.982678,0.979067,0.986694,0.977798,0.991541,24,0.991031,0.989817,0.992017,0.0022,0.99126,0.989423,0.993302,0.988774,0.995752,0.001335,24,0.001308,24,0.708984,24,93.0,24,,0,0.106305,24
8,17,24,False,native,24,0.98196,0.97984,0.98444,0.0046,0.982763,0.978829,0.988507,0.977649,0.992067,24,0.990898,0.989817,0.992159,0.002342,0.991303,0.989301,0.99422,0.988698,0.996018,0.001289,24,0.001289,24,0.691406,24,88.0,24,,0,0.106236,24
8,18,24,False,native,24,0.981811,0.980063,0.985393,0.00533,0.982932,0.97923,0.987248,0.978763,0.991014,24,0.990822,0.989931,0.992643,0.002712,0.991389,0.989506,0.993583,0.989267,0.995487,0.00127,24,0.001389,24,0.679688,24,91.0,24,,0,0.106116,24
8,19,24,False,native,24,0.981774,0.979412,0.984833,0.00542,0.982698,0.978837,0.98754,0.977575,0.991992,24,0.990803,0.989599,0.992358,0.002759,0.991269,0.989305,0.993731,0.98866,0.99598,0.00127,24,0.001324,24,0.683594,24,91.0,24,,0,0.10603,24
8,20,24,False,native,24,0.981886,0.978651,0.985131,0.00648,0.982553,0.977805,0.986964,0.976908,0.99267,24,0.99086,0.98921,0.99251,0.003299,0.991195,0.988778,0.993439,0.988319,0.996321,0.001324,24,0.001366,24,0.699219,24,95.5,24,0.99969,24,0.105972,24
8,21,24,False,native,24,0.982333,0.978967,0.986028,0.007062,0.98278,0.978339,0.987578,0.976093,0.992143,24,0.991088,0.989372,0.992965,0.003593,0.99131,0.989051,0.99375,0.987902,0.996056,0.001244,24,0.001221,24,0.695312,24,96.0,24,,0,0.105889,24
8,22,24,False,native,24,0.982258,0.979115,0.985523,0.006408,0.982497,0.978117,0.987009,0.976464,0.992218,24,0.99105,0.989447,0.992709,0.003262,0.991167,0.988937,0.993462,0.988092,0.996094,0.001308,24,0.001324,24,0.701172,24,95.0,24,,0,0.105826,24
8,23,24,False,native,24,0.982519,0.978354,0.985636,0.007281,0.982588,0.977798,0.987848,0.977205,0.992293,24,0.991182,0.989059,0.992766,0.003707,0.991213,0.988774,0.993887,0.988471,0.996132,0.001301,24,0.00135,24,0.681641,24,91.5,24,,0,0.105763,24
8,24,24,False,native,24,0.982258,0.978224,0.98644,0.008215,0.98244,0.976642,0.988035,0.975279,0.991691,24,0.99105,0.988992,0.993174,0.004181,0.991137,0.988183,0.993981,0.987485,0.995828,0.001255,24,0.001251,24,0.693359,24,90.0,24,,0,0.105637,24
8,25,24,False,native,24,0.9817,0.978466,0.985355,0.00689,0.982417,0.977612,0.987278,0.976464,0.992594,24,0.990765,0.989116,0.992624,0.003508,0.991126,0.988679,0.993598,0.988092,0.996283,0.001305,24,0.001297,24,0.71875,24,94.5,24,,0,0.105595,24
8,26,24,False,native,24,0.981923,0.978595,0.985112,0.006517,0.982173,0.97673,0.987968,0.975723,0.992444,24,0.990879,0.989182,0.9925,0.003318,0.991001,0.988228,0.993947,0.987712,0.996208,0.00132,24,0.001282,24,0.708984,24,95.5,24,,0,0.105588,24
8,27,24,False,native,24,0.981737,0.977835,0.98515,0.007315,0.98209,0.976427,0.98769,0.974687,0.992594,24,0.990784,0.988793,0.992519,0.003726,0.990958,0.988073,0.993807,0.987181,0.996283,0.001308,24,0.001274,24,0.710938,24,94.5,24,,0,0.105545,24
8,28,24,False,native,24,0.981104,0.977557,0.985804,0.008247,0.981965,0.976827,0.987128,0.974392,0.99109,24,0.990462,0.988651,0.992851,0.0042,0.990895,0.988277,0.993522,0.98703,0.995525,0.001293,24,0.001251,24,0.712891,24,96.0,24,,0,0.105543,24
8,29,24,False,native,24,0.981402,0.977575,0.985318,0.007743,0.981643,0.975671,0.987668,0.974318,0.991165,24,0.990614,0.98866,0.992605,0.003944,0.990731,0.987686,0.993796,0.986992,0.995563,0.001205,24,0.001228,24,0.736328,24,93.0,24,,0,0.105522,24
8,30,24,False,native,24,0.981998,0.977612,0.985916,0.008304,0.981682,0.97539,0.987713,0.972177,0.99124,24,0.990917,0.988679,0.992908,0.004229,0.99075,0.987542,0.993818,0.985892,0.995601,0.001236,24,0.001183,24,0.707031,24,95.5,24,0.999658,24,0.1055,24
8,31,24,False,native,24,0.981811,0.977427,0.985916,0.008489,0.981541,0.975375,0.98859,0.971734,0.990939,24,0.990822,0.988585,0.992908,0.004323,0.990677,0.987534,0.994262,0.985664,0.995449,0.001141,24,0.001106,24,0.726562,24,95.0,24,,0,0.105487,24
8,32,24,False,native,24,0.981923,0.977501,0.985804,0.008302,0.98136,0.974562,0.98793,0.968422,0.991466,24,0.990879,0.988623,0.992851,0.004229,0.990584,0.987117,0.993928,0.983958,0.995715,0.001198,24,0.001244,24,0.716797,24,96.0,24,,0,0.105513,24
8,33,24,False,native,24,0.9817,0.976908,0.986515,0.009606,0.981336,0.975146,0.987825,0.967835,0.991165,24,0.990765,0.988319,0.993211,0.004892,0.990571,0.987417,0.993875,0.983654,0.995563,0.001122,24,0.001205,24,0.732422,24,100.5,24,,0,0.105504,24
8,34,24,False,native,24,0.981774,0.977613,0.985374,0.007761,0.981186,0.97451,0.987248,0.965634,0.991842,24,0.990803,0.988679,0.992633,0.003954,0.990494,0.98709,0.993583,0.982517,0.995904,0.001278,24,0.001202,24,0.705078,24,96.0,24,,0,0.105496,24
8,35,24,False,native,24,0.982035,0.977427,0.985654,0.008227,0.980763,0.974126,0.987705,0.960227,0.99124,24,0.990936,0.988585,0.992775,0.004191,0.990275,0.986893,0.993814,0.97971,0.995601,0.001194,24,0.001175,24,0.716797,24,99.5,24,,0,0.105506,24
8,36,24,False,native,24,0.98278,0.976667,0.985337,0.008669,0.980559,0.973409,0.98901,0.957172,0.990864,24,0.991315,0.988196,0.992614,0.004418,0.990168,0.986525,0.994474,0.978117,0.995411,0.001183,24,0.001133,24,0.693359,24,95.5,24,,0,0.105462,24
8,37,24,False,native,24,0.981998,0.977242,0.985524,0.008281,0.980074,0.973941,0.987645,0.956882,0.990413,24,0.990917,0.98849,0.992709,0.004219,0.98992,0.986798,0.993784,0.977966,0.995184,0.001148,24,0.001175,24,0.701172,24,94.5,24,,0,0.105397,24
8,38,24,False,native,24,0.981923,0.97676,0.985168,0.008408,0.979918,0.972966,0.988634,0.956809,0.990564,24,0.990879,0.988243,0.992529,0.004285,0.989839,0.986298,0.994285,0.977928,0.995259,0.001198,24,0.001171,24,0.712891,24,96.5,24,,0,0.105312,24
8,39,24,False,native,24,0.982221,0.975834,0.983731,0.007897,0.979712,0.972774,0.98814,0.956954,0.989587,24,0.991031,0.987769,0.991799,0.00403,0.989737,0.986199,0.994034,0.978004,0.994766,0.00119,24,0.001057,24,0.714844,24,89.5,24,,0,0.10528,24
8,40,24,False,native,24,0.982333,0.975353,0.984627,0.009274,0.979528,0.973475,0.987248,0.956301,0.989437,24,0.991088,0.987523,0.992254,0.004731,0.98964,0.986559,0.993583,0.977662,0.994691,0.001144,24,0.001179,24,0.707031,24,87.0,24,0.999606,24,0.105241,24
8,41,24,False,native,24,0.981849,0.975742,0.984739,0.008997,0.979417,0.972811,0.986268,0.955865,0.989662,24,0.990841,0.987722,0.992311,0.004589,0.989585,0.986218,0.993086,0.977435,0.994804,0.00119,24,0.001083,24,0.720703,24,92.5,24,,0,0.105145,24
8,42,24,False,native,24,0.982296,0.974909,0.984366,0.009457,0.979557,0.97366,0.986807,0.956591,0.989437,24,0.991069,0.987295,0.992121,0.004826,0.989656,0.986654,0.993359,0.977814,0.994691,0.001293,24,0.001205,24,0.712891,24,85.5,24,,0,0.105033,24
8,43,24,False,native,24,0.9817,0.974447,0.98375,0.009303,0.978949,0.97318,0.985722,0.955068,0.989587,24,0.990765,0.987058,0.991808,0.00475,0.989345,0.986408,0.992809,0.977018,0.994766,0.001179,24,0.001114,24,0.722656,24,93.5,24,,0,0.104954,24
8,44,24,False,native,24,0.981327,0.974706,0.982892,0.008186,0.979046,0.973151,0.986043,0.958117,0.989512,24,0.990576,0.987191,0.991372,0.004181,0.989397,0.986393,0.992973,0.97861,0.994728,0.001251,24,0.001156,24,0.705078,24,93.0,24,,0,0.104764,24
8,45,24,False,native,24,0.980881,0.974447,0.983153,0.008706,0.978826,0.973645,0.985393,0.956446,0.990038,24,0.990348,0.987058,0.991505,0.004447,0.989283,0.986647,0.992643,0.977738,0.994994,0.001274,24,0.001244,24,0.724609,24,88.0,24,,0,0.104559,24
8,46,24,False,native,24,0.979766,0.975557,0.984459,0.008902,0.979062,0.972929,0.986051,0.958699,0.991766,24,0.989779,0.987627,0.992169,0.004541,0.989405,0.986279,0.992976,0.978914,0.995866,0.001289,24,0.001278,24,0.759766,24,91.5,24,,0,0.104398,24
8,47,24,False,native,24,0.979952,0.975261,0.984216,0.008956,0.978895,0.972531,0.985826,0.957753,0.991315,24,0.989874,0.987475,0.992045,0.00457,0.989319,0.986074,0.992863,0.978421,0.995639,0.001297,24,0.001255,24,0.751953,24,87.0,24,,0,0.104271,24
8,48,24,False,native,24,0.980286,0.974262,0.984459,0.010197,0.979108,0.973261,0.985296,0.962854,0.990413,24,0.990045,0.986963,0.992169,0.005205,0.989432,0.986449,0.992593,0.981076,0.995184,0.00132,24,0.00127,24,0.755859,24,76.5,24,,0,0.104188,24
8,49,24,False,native,24,0.977096,0.973191,0.983544,0.010353,0.977992,0.970519,0.984929,0.968422,0.988687,24,0.988414,0.986413,0.991704,0.005291,0.988864,0.985039,0.992407,0.983958,0.994311,0.001255,24,0.00119,24,0.783203,24,87.0,24,,0,0.103928,24
9,0,24,False,native,24,0.981923,0.977038,0.983433,0.006395,0.980347,0.971373,0.988814,0.967761,0.989362,24,0.990879,0.988386,0.991647,0.003262,0.990067,0.985479,0.994376,0.983617,0.994653,0.0,24,0.0,24,0.703125,24,146.0,24,0.999705,24,0.108061,24
9,1,24,False,native,24,0.9836,0.980955,0.985318,0.004363,0.982361,0.975709,0.987922,0.969599,0.989587,24,0.991732,0.990386,0.992605,0.002219,0.991096,0.987705,0.993924,0.984565,0.994766,0.000786,24,0.000376,24,0.666016,24,124.0,24,,0,0.108796,24
9,2,24,False,native,24,0.984795,0.98116,0.987638,0.006478,0.983438,0.978013,0.988904,0.968863,0.990714,24,0.992339,0.99049,0.99378,0.00329,0.991642,0.988884,0.994421,0.984185,0.995335,0.001465,24,0.001522,24,0.638672,24,105.0,24,,0,0.10842,24
9,3,24,False,native,24,0.985654,0.982035,0.988143,0.006109,0.983957,0.979899,0.988799,0.964682,0.990038,24,0.992775,0.990936,0.994036,0.0031,0.991905,0.989848,0.994368,0.982024,0.994994,0.001362,24,0.001389,24,0.625,24,92.5,24,,0,0.108659,24
9,4,24,False,native,24,0.985767,0.981458,0.988031,0.006573,0.984206,0.979981,0.988717,0.967174,0.989137,24,0.992832,0.990642,0.993979,0.003337,0.992033,0.989889,0.994326,0.983313,0.994539,0.001377,24,0.001671,24,0.607422,24,84.0,24,,0,0.108562,24
9,5,24,False,native,24,0.985991,0.982445,0.989287,0.006842,0.984678,0.980018,0.98949,0.96644,0.990338,24,0.992946,0.991145,0.994615,0.00347,0.992271,0.989908,0.994717,0.982934,0.995146,0.001568,24,0.001514,24,0.607422,24,79.5,24,,0,0.108634,24
9,6,24,False,native,24,0.985916,0.983395,0.987525,0.00413,0.984539,0.981826,0.98916,0.967247,0.989963,24,0.992908,0.991628,0.993723,0.002095,0.992202,0.99083,0.99455,0.983351,0.994956,0.001438,24,0.001446,24,0.607422,24,82.0,24,,0,0.108637,24
9,7,24,False,native,24,0.986552,0.984253,0.988125,0.003871,0.985151,0.982147,0.988612,0.970408,0.989512,24,0.99323,0.992064,0.994027,0.001963,0.992515,0.990993,0.994273,0.984982,0.994728,0.001377,24,0.001503,24,0.59375,24,75.0,24,,0,0.108666,24
9,8,24,False,native,24,0.986327,0.983974,0.987076,0.003102,0.985022,0.982668,0.988492,0.969672,0.989287,24,0.993117,0.991922,0.993496,0.001574,0.99245,0.991258,0.994213,0.984603,0.994615,0.001377,24,0.001396,24,0.585938,24,77.0,24,,0,0.108685,24
9,9,24,False,native,24,0.986103,0.984328,0.987207,0.002879,0.985066,0.982519,0.988455,0.970703,0.989963,24,0.993003,0.992102,0.993562,0.00146,0.992472,0.991182,0.994194,0.985133,0.994956,0.001438,24,0.001389,24,0.597656,24,74.0,24,,0,0.108689,24
9,10,24,False,native,24,0.985692,0.984645,0.98745,0.002805,0.985299,0.983041,0.98829,0.974318,0.989587,24,0.992794,0.992263,0.993686,0.001422,0.992592,0.991448,0.99411,0.986992,0.994766,0.00127,24,0.00127,24,0.619141,24,78.5,24,0.999806,24,0.108663,24
9,11,24,False,native,24,0.986066,0.984702,0.986571,0.001869,0.985373,0.983645,0.988095,0.975427,0.990038,24,0.992984,0.992292,0.99324,0.000948,0.99263,0.991755,0.994012,0.987561,0.994994,0.001362,24,0.001438,24,0.613281,24,78.5,24,,0,0.108611,24
9,12,24,False,native,24,0.985281,0.984384,0.986477,0.002093,0.985088,0.982668,0.98787,0.976464,0.989963,24,0.992586,0.992131,0.993193,0.001062,0.992486,0.991258,0.993898,0.988092,0.994956,0.001488,24,0.0014,24,0.609375,24,76.0,24,,0,0.108577,24
9,13,24,False,native,24,0.985505,0.984309,0.986608,0.002299,0.98533,0.98287,0.987892,0.979208,0.989512,24,0.992699,0.992093,0.993259,0.001166,0.992609,0.991361,0.993909,0.989495,0.994728,0.001511,24,0.001438,24,0.605469,24,74.0,24,,0,0.108518,24
9,14,24,False,native,24,0.985281,0.9836,0.986253,0.002652,0.985155,0.982855,0.987316,0.980546,0.989062,24,0.992586,0.991732,0.993079,0.001346,0.992521,0.991353,0.993617,0.990177,0.994501,0.001389,24,0.001385,24,0.613281,24,81.5,24,,0,0.10843,24
9,15,24,False,native,24,0.985654,0.984552,0.986271,0.001719,0.985292,0.983213,0.986979,0.979803,0.988837,24,0.992775,0.992216,0.993088,0.000872,0.99259,0.991535,0.993447,0.989798,0.994387,0.001453,24,0.001259,24,0.623047,24,75.5,24,,0,0.108346,24
9,16,24,False,native,24,0.985243,0.984235,0.986346,0.002111,0.985207,0.983011,0.987495,0.980918,0.988087,24,0.992567,0.992055,0.993126,0.001071,0.992548,0.991433,0.993708,0.990367,0.994008,0.001392,24,0.001205,24,0.632812,24,81.5,24,,0,0.108279,24
9,17,24,False,native,24,0.984907,0.983918,0.986327,0.00241,0.985005,0.983138,0.98763,0.980546,0.988237,24,0.992396,0.991894,0.993117,0.001223,0.992445,0.991497,0.993777,0.990177,0.994084,0.001274,24,0.001347,24,0.638672,24,79.0,24,,0,0.108191,24
9,18,24,False,native,24,0.985019,0.984086,0.985991,0.001905,0.984912,0.982795,0.987248,0.978837,0.987862,24,0.992453,0.991979,0.992946,0.000967,0.992398,0.991323,0.993583,0.989305,0.993894,0.001446,24,0.0014,24,0.626953,24,75.0,24,,0,0.108085,24
9,19,24,False,native,24,0.98543,0.984421,0.986384,0.001962,0.985261,0.983511,0.987518,0.978688,0.988612,24,0.992662,0.99215,0.993145,0.000996,0.992575,0.991687,0.99372,0.989229,0.994273,0.00145,24,0.001373,24,0.623047,24,78.5,24,,0,0.107965,24
9,20,24,False,native,24,0.985206,0.984104,0.986758,0.002654,0.985311,0.983474,0.987443,0.979431,0.988987,24,0.992548,0.991988,0.993335,0.001346,0.9926,0.991668,0.993682,0.989609,0.994463,0.001453,24,0.001431,24,0.630859,24,73.0,24,0.9998,24,0.107868,24
9,21,24,False,native,24,0.985505,0.983638,0.986365,0.002727,0.984844,0.982437,0.986694,0.978466,0.988012,24,0.992699,0.991751,0.993136,0.001384,0.992363,0.991141,0.993302,0.989116,0.99397,0.001453,24,0.001404,24,0.621094,24,76.5,24,,0,0.107737,24
9,22,24,False,native,24,0.985094,0.98388,0.985916,0.002036,0.98468,0.981737,0.987525,0.976464,0.988837,24,0.992491,0.991875,0.992908,0.001033,0.992279,0.990784,0.993723,0.988092,0.994387,0.001438,24,0.001419,24,0.632812,24,72.0,24,,0,0.107601,24
9,23,24,False,native,24,0.984758,0.983209,0.986589,0.003381,0.98454,0.982229,0.987143,0.976241,0.988087,24,0.99232,0.991533,0.993249,0.001716,0.992208,0.991035,0.99353,0.987978,0.994008,0.001225,24,0.00135,24,0.640625,24,76.5,24,,0,0.107476,24
9,24,24,False,native,24,0.984982,0.983824,0.985673,0.001849,0.984178,0.981253,0.986904,0.971955,0.988837,24,0.992434,0.991846,0.992785,0.000939,0.992023,0.990538,0.993409,0.985778,0.994387,0.001415,24,0.001366,24,0.644531,24,76.0,24,,0,0.107342,24
9,25,24,False,native,24,0.984982,0.983395,0.986215,0.00282,0.984353,0.981037,0.987735,0.972398,0.988912,24,0.992434,0.991628,0.99306,0.001432,0.992112,0.990428,0.99383,0.986006,0.994425,0.00132,24,0.001446,24,0.632812,24,73.5,24,,0,0.107192,24
9,26,24,False,native,24,0.985056,0.983265,0.985991,0.002726,0.983956,0.980814,0.987638,0.970923,0.988237,24,0.992472,0.991562,0.992946,0.001384,0.991909,0.990314,0.99378,0.985247,0.994084,0.001354,24,0.001167,24,0.628906,24,76.0,24,,0,0.107077,24
9,27,24,False,native,24,0.984758,0.982817,0.985766,0.002949,0.983687,0.980576,0.987406,0.967835,0.988912,24,0.99232,0.991334,0.992832,0.001498,0.991772,0.990193,0.993663,0.983654,0.994425,0.001404,24,0.001244,24,0.642578,24,72.5,24,,0,0.106909,24
9,28,24,False,native,24,0.984459,0.982445,0.985449,0.003004,0.983327,0.980085,0.987398,0.969084,0.988162,24,0.992169,0.991145,0.992671,0.001526,0.991589,0.989942,0.993659,0.984299,0.994046,0.001358,24,0.001194,24,0.652344,24,79.5,24,,0,0.106775,24
9,29,24,False,native,24,0.984496,0.981811,0.986234,0.004423,0.983615,0.979922,0.98805,0.969893,0.989737,24,0.992188,0.990822,0.993069,0.002247,0.991734,0.989859,0.993989,0.984716,0.994842,0.001274,24,0.001286,24,0.646484,24,81.0,24,,0,0.106643,24
9,30,24,False,native,24,0.984832,0.981216,0.986159,0.004943,0.983466,0.979892,0.987435,0.969525,0.990113,24,0.992358,0.990519,0.993031,0.002513,0.991658,0.989844,0.993678,0.984527,0.995032,0.0014,24,0.00116,24,0.642578,24,83.5,24,0.9998,24,0.10645,24
9,31,24,False,native,24,0.984085,0.982314,0.985766,0.003452,0.983322,0.980405,0.988095,0.968422,0.989212,24,0.991979,0.991078,0.992832,0.001754,0.991585,0.990105,0.994012,0.983958,0.994577,0.001125,24,0.001274,24,0.654297,24,80.5,24,,0,0.106311,24
9,32,24,False,native,24,0.983563,0.981756,0.985393,0.003637,0.983011,0.980226,0.988192,0.968055,0.988387,24,0.991713,0.990794,0.992643,0.001849,0.991427,0.990014,0.994061,0.983768,0.99416,0.001282,24,0.001289,24,0.669922,24,80.5,24,,0,0.106149,24
9,33,24,False,native,24,0.983899,0.982147,0.985112,0.002966,0.982962,0.980263,0.98793,0.967321,0.989062,24,0.991884,0.990993,0.9925,0.001508,0.991402,0.990033,0.993928,0.983389,0.994501,0.001183,24,0.001175,24,0.654297,24,83.5,24,,0,0.106015,24
9,34,24,False,native,24,0.983862,0.981942,0.985299,0.003358,0.983093,0.979594,0.98778,0.968863,0.990263,24,0.991865,0.990889,0.992595,0.001707,0.991469,0.989692,0.993852,0.984185,0.995108,0.001167,24,0.001354,24,0.664062,24,80.5,24,,0,0.105863,24
9,35,24,False,native,24,0.983004,0.981234,0.985841,0.004607,0.983048,0.980063,0.9882,0.970555,0.989287,24,0.991429,0.990528,0.99287,0.002342,0.991446,0.989931,0.994065,0.985058,0.994615,0.001087,24,0.001114,24,0.689453,24,82.0,24,,0,0.10571,24
9,36,24,False,native,24,0.983265,0.981867,0.985598,0.003731,0.982965,0.980241,0.9876,0.969966,0.989587,24,0.991562,0.990851,0.992747,0.001896,0.991404,0.990022,0.993761,0.984754,0.994766,0.001152,24,0.00111,24,0.685547,24,88.0,24,,0,0.105523,24
9,37,24,False,native,24,0.982668,0.981662,0.984982,0.003319,0.983007,0.980769,0.98832,0.971218,0.989587,24,0.991258,0.990746,0.992434,0.001688,0.991426,0.990291,0.994125,0.985399,0.994766,0.001156,24,0.001225,24,0.675781,24,87.5,24,,0,0.105401,24
9,38,24,False,native,24,0.982445,0.980788,0.985281,0.004493,0.982902,0.979825,0.988342,0.973579,0.989062,24,0.991145,0.990301,0.992586,0.002285,0.991374,0.98981,0.994137,0.986613,0.994501,0.001137,24,0.001171,24,0.699219,24,84.0,24,,0,0.105141,24
9,39,24,False,native,24,0.982109,0.980397,0.985449,0.005052,0.98303,0.979008,0.988589,0.975057,0.989662,24,0.990974,0.990102,0.992671,0.002569,0.991438,0.989392,0.994262,0.987371,0.994804,0.001171,24,0.001255,24,0.689453,24,84.5,24,,0,0.10496,24
9,40,24,False,native,24,0.982296,0.98049,0.985879,0.005388,0.982981,0.977479,0.98916,0.975649,0.990113,24,0.991069,0.990149,0.992889,0.00274,0.991413,0.988611,0.99455,0.987674,0.995032,0.001152,24,0.001236,24,0.707031,24,84.5,24,0.999787,24,0.104767,24
9,41,24,False,native,24,0.981811,0.980397,0.985673,0.005276,0.983015,0.9788,0.989467,0.974318,0.990564,24,0.990822,0.990102,0.992785,0.002683,0.991431,0.989286,0.994706,0.986992,0.995259,0.001331,24,0.001244,24,0.724609,24,86.5,24,,0,0.104526,24
9,42,24,False,native,24,0.982147,0.980137,0.98543,0.005293,0.983073,0.978844,0.989122,0.977427,0.991165,24,0.990993,0.989969,0.992662,0.002693,0.991461,0.989309,0.994531,0.988585,0.995563,0.001263,24,0.001259,24,0.697266,24,83.0,24,,0,0.104263,24
9,43,24,False,native,24,0.982407,0.980397,0.985542,0.005145,0.983353,0.979528,0.990135,0.976834,0.990789,24,0.991126,0.990102,0.992718,0.002617,0.991603,0.989658,0.995043,0.988281,0.995373,0.001259,24,0.00124,24,0.701172,24,90.5,24,,0,0.104151,24
9,44,24,False,native,24,0.982035,0.980546,0.985897,0.005351,0.983139,0.978525,0.989407,0.977575,0.990188,24,0.990936,0.990177,0.992899,0.002721,0.991494,0.989146,0.994675,0.98866,0.99507,0.001202,24,0.001297,24,0.693359,24,81.5,24,,0,0.103889,24
9,45,24,False,native,24,0.98319,0.98062,0.985654,0.005034,0.98357,0.979097,0.989602,0.977872,0.990714,24,0.991524,0.990215,0.992775,0.00256,0.991713,0.989438,0.994774,0.988812,0.995335,0.001228,24,0.001259,24,0.699219,24,80.0,24,,0,0.103636,24
9,46,24,False,native,24,0.982817,0.980713,0.985337,0.004623,0.983467,0.979104,0.989452,0.978466,0.990338,24,0.991334,0.990263,0.992614,0.002351,0.991661,0.989442,0.994698,0.989116,0.995146,0.00127,24,0.001225,24,0.6875,24,83.0,24,,0,0.103487,24
9,47,24,False,native,24,0.982743,0.98049,0.984982,0.004491,0.983071,0.978117,0.989325,0.976538,0.990939,24,0.991296,0.990149,0.992434,0.002285,0.991459,0.988937,0.994634,0.98813,0.995449,0.001167,24,0.001179,24,0.679688,24,79.0,24,,0,0.103236,24
9,48,24,False,native,24,0.983078,0.980751,0.985542,0.004792,0.983333,0.979253,0.988192,0.977056,0.990488,24,0.991467,0.990282,0.992718,0.002437,0.991593,0.989518,0.994061,0.988395,0.995221,0.001255,24,0.001186,24,0.677734,24,80.0,24,,0,0.10306,24
9,49,24,False,native,24,0.983004,0.980044,0.985561,0.005517,0.98303,0.97808,0.988057,0.976908,0.989812,24,0.991429,0.989921,0.992728,0.002806,0.991438,0.988918,0.993993,0.988319,0.99488,0.0014,24,0.001415,24,0.695312,24,75.5,24,,0,0.102835,24
10,0,24,False,native,24,0.972951,0.965946,0.980658,0.014712,0.972169,0.963242,0.985378,0.94025,0.986514,24,0.98629,0.982678,0.990234,0.007557,0.985857,0.981277,0.992635,0.969205,0.993211,0.0,24,0.0,24,0.851562,24,184.5,24,0.999662,24,0.107521,24
10,1,24,False,native,24,0.977612,0.971311,0.983321,0.01201,0.975489,0.961602,0.986066,0.943396,0.988012,24,0.988679,0.985446,0.99159,0.006144,0.987562,0.980423,0.992984,0.970874,0.99397,0.0,24,0.0,24,0.777344,24,138.5,24,,0,0.108362,24
10,2,24,False,native,24,0.982631,0.975205,0.984645,0.00944,0.97868,0.971137,0.987817,0.943181,0.988987,24,0.991239,0.987447,0.992263,0.004816,0.989198,0.985357,0.993871,0.97076,0.994463,0.000399,24,0.0,24,0.695312,24,133.0,24,,0,0.108725,24
10,3,24,False,native,24,0.981886,0.977928,0.985299,0.007371,0.979765,0.973121,0.987847,0.944256,0.989437,24,0.99086,0.988841,0.992595,0.003755,0.989754,0.986377,0.993887,0.971329,0.994691,0.000362,24,0.0005,24,0.707031,24,124.5,24,,0,0.1087,24
10,4,24,False,native,24,0.983675,0.97817,0.98586,0.00769,0.980897,0.974081,0.988642,0.952679,0.989737,24,0.99177,0.988964,0.99288,0.003916,0.990337,0.98687,0.994289,0.975766,0.994842,0.000887,24,0.00082,24,0.671875,24,121.0,24,,0,0.108682,24
10,5,24,False,native,24,0.983451,0.979914,0.985785,0.005871,0.980983,0.972185,0.988432,0.951234,0.990939,24,0.991657,0.989855,0.992842,0.002987,0.99038,0.985896,0.994182,0.975008,0.995449,0.001041,24,0.000881,24,0.662109,24,121.5,24,,0,0.108607,24
10,6,24,False,native,24,0.983638,0.979785,0.986141,0.006356,0.981228,0.974244,0.98799,0.954923,0.990263,24,0.991751,0.989789,0.993022,0.003233,0.990508,0.986954,0.993959,0.976942,0.995108,0.000837,24,0.000851,24,0.650391,24,120.5,24,,0,0.108631,24
10,7,24,False,native,24,0.983414,0.979191,0.986645,0.007455,0.981259,0.974488,0.988267,0.953185,0.989888,24,0.991638,0.989485,0.993278,0.003792,0.990524,0.987079,0.994099,0.976032,0.994918,0.000811,24,0.000872,24,0.681641,24,123.5,24,,0,0.108645,24
10,8,24,False,native,24,0.984272,0.979487,0.986795,0.007308,0.981832,0.975501,0.987922,0.954923,0.989963,24,0.992074,0.989637,0.993354,0.003717,0.990817,0.987599,0.993924,0.976942,0.994956,0.001041,24,0.000389,24,0.650391,24,127.0,24,,0,0.108626,24
10,9,24,False,native,24,0.984384,0.980677,0.98745,0.006773,0.982212,0.976101,0.988492,0.958189,0.99139,24,0.992131,0.990244,0.993686,0.003442,0.991012,0.987906,0.994213,0.978648,0.995677,0.001122,24,0.000839,24,0.65625,24,122.5,24,,0,0.108617,24
10,10,24,False,native,24,0.984309,0.980677,0.987731,0.007054,0.982404,0.975583,0.988889,0.95848,0.991014,24,0.992093,0.990244,0.993828,0.003584,0.99111,0.98764,0.994414,0.9788,0.995487,0.000916,24,0.000906,24,0.65625,24,120.0,24,0.999837,24,0.108602,24
10,11,24,False,native,24,0.984421,0.9809,0.987881,0.006981,0.982422,0.975775,0.988574,0.958335,0.989963,24,0.99215,0.990358,0.993904,0.003546,0.991119,0.987739,0.994254,0.978724,0.994956,0.000778,24,0.00106,24,0.65625,24,112.5,24,,0,0.108574,24
10,12,24,False,native,24,0.984309,0.981328,0.988031,0.006703,0.983007,0.97613,0.988499,0.961905,0.990864,24,0.992093,0.990576,0.993979,0.003404,0.99142,0.987921,0.994216,0.980583,0.995411,0.000717,24,0.001019,24,0.650391,24,109.5,24,,0,0.108528,24
10,13,24,False,native,24,0.985617,0.981663,0.987375,0.005712,0.983325,0.977064,0.987937,0.962635,0.990113,24,0.992756,0.990746,0.993648,0.002901,0.991582,0.988399,0.993932,0.980962,0.995032,0.001156,24,0.001156,24,0.626953,24,102.5,24,,0,0.108501,24
10,14,24,False,native,24,0.985617,0.982762,0.987806,0.005044,0.983484,0.976256,0.988814,0.962051,0.99109,24,0.992756,0.991306,0.993866,0.00256,0.991661,0.987985,0.994376,0.980658,0.995525,0.001213,24,0.001102,24,0.617188,24,108.0,24,,0,0.108486,24
10,15,24,False,native,24,0.984758,0.982668,0.988331,0.005663,0.983761,0.977523,0.98919,0.962854,0.990188,24,0.99232,0.991258,0.994131,0.002873,0.991804,0.988634,0.994565,0.981076,0.99507,0.001217,24,0.001057,24,0.613281,24,107.5,24,,0,0.108486,24
10,16,24,False,native,24,0.985206,0.983078,0.988424,0.005346,0.983945,0.978221,0.988889,0.962635,0.989512,24,0.992548,0.991467,0.994179,0.002712,0.991898,0.98899,0.994414,0.980962,0.994728,0.001183,24,0.001175,24,0.626953,24,101.5,24,,0,0.10849,24
10,17,24,False,native,24,0.985131,0.983507,0.987862,0.004355,0.984154,0.979587,0.988447,0.965781,0.989812,24,0.99251,0.991685,0.993894,0.002209,0.992006,0.989688,0.99419,0.982593,0.99488,0.00119,24,0.001244,24,0.625,24,109.0,24,,0,0.108504,24
10,18,24,False,native,24,0.985168,0.983545,0.987488,0.003943,0.984086,0.979505,0.988694,0.967541,0.989062,24,0.992529,0.991704,0.993704,0.002001,0.991973,0.989647,0.994315,0.983503,0.994501,0.001186,24,0.001209,24,0.625,24,108.5,24,,0,0.108502,24
10,19,24,False,native,24,0.984907,0.983358,0.987881,0.004523,0.984304,0.979669,0.988709,0.967835,0.990263,24,0.992396,0.991609,0.993904,0.002294,0.992083,0.98973,0.994323,0.983654,0.995108,0.001156,24,0.001076,24,0.628906,24,113.5,24,,0,0.10847,24
10,20,24,False,native,24,0.984907,0.983862,0.98702,0.003158,0.984257,0.980301,0.988642,0.967468,0.990789,24,0.992396,0.991865,0.993467,0.001602,0.99206,0.990052,0.994289,0.983465,0.995373,0.001194,24,0.001198,24,0.625,24,103.0,24,0.999849,24,0.108465,24
10,21,24,False,native,24,0.98487,0.983806,0.987375,0.00357,0.984384,0.98126,0.98829,0.967101,0.990714,24,0.992377,0.991837,0.993648,0.001811,0.992124,0.990542,0.99411,0.983275,0.995335,0.001129,24,0.001034,24,0.626953,24,106.0,24,,0,0.108475,24
10,22,24,False,native,24,0.985355,0.983358,0.986776,0.003418,0.98423,0.980405,0.987795,0.969966,0.991842,24,0.992624,0.991609,0.993344,0.001735,0.992047,0.990105,0.99386,0.984754,0.995904,0.001036,24,0.001179,24,0.611328,24,109.0,24,,0,0.108474,24
10,23,24,False,native,24,0.985692,0.983004,0.986514,0.003511,0.984086,0.979855,0.987668,0.968863,0.990864,24,0.992794,0.991429,0.993211,0.001782,0.991974,0.989825,0.993796,0.984185,0.995411,0.001148,24,0.001034,24,0.613281,24,111.5,24,,0,0.108502,24
10,24,24,False,native,24,0.98487,0.983451,0.986514,0.003063,0.98408,0.979536,0.988185,0.96879,0.990038,24,0.992377,0.991657,0.993211,0.001555,0.991971,0.989662,0.994057,0.984147,0.994994,0.001137,24,0.001099,24,0.634766,24,109.5,24,,0,0.108549,24
10,25,24,False,native,24,0.984907,0.983489,0.986589,0.003101,0.984125,0.980234,0.987772,0.971366,0.989737,24,0.992396,0.991676,0.993249,0.001574,0.991995,0.990018,0.993849,0.985475,0.994842,0.001156,24,0.000938,24,0.640625,24,122.0,24,,0,0.108583,24
10,26,24,False,native,24,0.985168,0.982706,0.986402,0.003697,0.984193,0.981878,0.987735,0.972177,0.989362,24,0.992529,0.991277,0.993155,0.001877,0.992029,0.990856,0.99383,0.985892,0.994653,0.001007,24,0.001053,24,0.640625,24,116.5,24,,0,0.108599,24
10,27,24,False,native,24,0.984982,0.983526,0.98629,0.002764,0.984437,0.980993,0.98754,0.973283,0.990263,24,0.992434,0.991694,0.993098,0.001403,0.992154,0.990405,0.993731,0.986461,0.995108,0.001049,24,0.001156,24,0.636719,24,120.5,24,,0,0.108658,24
10,28,24,False,native,24,0.984645,0.983377,0.986533,0.003157,0.984142,0.981372,0.987346,0.972324,0.989362,24,0.992263,0.991619,0.993221,0.001602,0.992004,0.990598,0.993632,0.985968,0.994653,0.001114,24,0.001125,24,0.648438,24,117.5,24,,0,0.108658,24
10,29,24,False,native,24,0.985019,0.983246,0.986496,0.00325,0.984334,0.980963,0.98754,0.9738,0.989362,24,0.992453,0.991552,0.993202,0.00165,0.992102,0.99039,0.993731,0.986726,0.994653,0.00119,24,0.000538,24,0.625,24,127.5,24,,0,0.10871,24
10,30,24,False,native,24,0.984459,0.982985,0.98644,0.003455,0.983962,0.978831,0.98754,0.973653,0.988912,24,0.992169,0.99142,0.993174,0.001754,0.991913,0.989301,0.993731,0.98665,0.994425,0.001179,24,0.001194,24,0.654297,24,117.0,24,0.999848,24,0.108737,24
10,31,24,False,native,24,0.984982,0.983209,0.986066,0.002857,0.984076,0.979425,0.987151,0.974392,0.989512,24,0.992434,0.991533,0.992984,0.001451,0.991971,0.989605,0.993534,0.98703,0.994728,0.001221,24,0.00116,24,0.644531,24,121.5,24,,0,0.108786,24
10,32,24,False,native,24,0.984608,0.982538,0.986533,0.003995,0.983831,0.978704,0.98772,0.973579,0.988537,24,0.992244,0.991192,0.993221,0.002029,0.991846,0.989237,0.993822,0.986613,0.994235,0.0,24,0.001183,24,0.65625,24,123.0,24,,0,0.108821,24
10,33,24,False,native,24,0.984758,0.983116,0.987132,0.004016,0.98411,0.97895,0.987615,0.974909,0.987862,24,0.99232,0.991486,0.993524,0.002038,0.991988,0.989362,0.993769,0.987295,0.993894,0.001186,24,0.001236,24,0.638672,24,119.0,24,,0,0.108863,24
10,34,24,False,native,24,0.985094,0.983171,0.985953,0.002782,0.984081,0.979841,0.986866,0.975353,0.987712,24,0.992491,0.991514,0.992927,0.001413,0.991974,0.989817,0.99339,0.987523,0.993818,0.001308,24,0.001125,24,0.642578,24,124.0,24,,0,0.10891,24
10,35,24,False,native,24,0.98487,0.982016,0.986309,0.004293,0.983926,0.980539,0.987166,0.974318,0.987862,24,0.992377,0.990927,0.993107,0.002181,0.991895,0.990174,0.993541,0.986992,0.993894,0.001095,24,0.00107,24,0.660156,24,121.5,24,,0,0.108915,24
10,36,24,False,native,24,0.984235,0.983302,0.98644,0.003138,0.984032,0.979655,0.987668,0.974392,0.988462,24,0.992055,0.991581,0.993174,0.001593,0.991949,0.989722,0.993796,0.98703,0.994198,0.000446,24,0.001175,24,0.646484,24,119.0,24,,0,0.108919,24
10,37,24,False,native,24,0.984496,0.982612,0.986178,0.003566,0.984007,0.979461,0.987188,0.974539,0.988762,24,0.992188,0.99123,0.993041,0.001811,0.991936,0.989624,0.993553,0.987106,0.994349,0.001205,24,0.000587,24,0.650391,24,127.5,24,,0,0.109009,24
10,38,24,False,native,24,0.984496,0.983227,0.985935,0.002707,0.984184,0.979224,0.987533,0.97676,0.988987,24,0.992188,0.991543,0.992918,0.001375,0.992026,0.989502,0.993727,0.988243,0.994463,0.001171,24,0.000542,24,0.628906,24,127.0,24,,0,0.108974,24
10,39,24,False,native,24,0.984272,0.982351,0.986159,0.003808,0.983771,0.979505,0.986904,0.975871,0.989287,24,0.992074,0.991097,0.993031,0.001934,0.991816,0.989647,0.993409,0.987788,0.994615,0.000481,24,0.000591,24,0.662109,24,124.0,24,,0,0.108992,24
10,40,24,False,native,24,0.984944,0.982333,0.985467,0.003134,0.983798,0.979736,0.986619,0.976167,0.989062,24,0.992415,0.991088,0.992681,0.001593,0.99183,0.989764,0.993265,0.98794,0.994501,0.0,24,0.000572,24,0.646484,24,127.0,24,0.999837,24,0.10901,24
10,41,24,False,native,24,0.984533,0.982743,0.98586,0.003117,0.984019,0.980033,0.987675,0.976389,0.988162,24,0.992206,0.991296,0.99288,0.001583,0.991943,0.989916,0.993799,0.988054,0.994046,0.001263,24,0.001266,24,0.646484,24,122.0,24,,0,0.109009,24
10,42,24,False,native,24,0.985243,0.982091,0.986309,0.004218,0.98433,0.980263,0.98739,0.977946,0.990113,24,0.992567,0.990964,0.993107,0.002143,0.992101,0.990033,0.993655,0.98885,0.995032,0.001205,24,0.001198,24,0.630859,24,124.0,24,,0,0.108977,24
10,43,24,False,native,24,0.984683,0.982072,0.985953,0.003881,0.983929,0.979691,0.987076,0.977427,0.989362,24,0.992282,0.990955,0.992927,0.001972,0.991897,0.989741,0.993496,0.988585,0.994653,0.000591,24,0.001072,24,0.652344,24,126.0,24,,0,0.109065,24
10,44,24,False,native,24,0.983526,0.982445,0.986253,0.003808,0.983994,0.979751,0.987443,0.977649,0.989362,24,0.991694,0.991145,0.993079,0.001934,0.99193,0.989772,0.993682,0.988698,0.994653,0.001156,24,0.001221,24,0.65625,24,123.0,24,,0,0.109096,24
10,45,24,False,native,24,0.984459,0.982258,0.987076,0.004818,0.984314,0.980122,0.987892,0.978317,0.989287,24,0.992169,0.99105,0.993496,0.002446,0.992093,0.989961,0.993909,0.98904,0.994615,0.001194,24,0.000534,24,0.638672,24,127.5,24,,0,0.109126,24
10,46,24,False,native,24,0.983675,0.981365,0.98644,0.005075,0.983944,0.980814,0.987593,0.976982,0.989362,24,0.99177,0.990595,0.993174,0.002579,0.991905,0.990314,0.993758,0.988357,0.994653,0.0,24,0.001152,24,0.640625,24,122.5,24,,0,0.109242,24
10,47,24,False,native,24,0.983265,0.981886,0.98601,0.004124,0.983993,0.980784,0.98784,0.979654,0.988612,24,0.991562,0.99086,0.992955,0.002095,0.99193,0.990299,0.993883,0.989722,0.994273,0.00116,24,0.001209,24,0.667969,24,126.0,24,,0,0.109236,24
10,48,24,False,native,24,0.982855,0.981979,0.98601,0.004031,0.984068,0.981305,0.988492,0.9801,0.989737,24,0.991353,0.990908,0.992955,0.002048,0.991968,0.990564,0.994213,0.98995,0.994842,0.0,24,0.000568,24,0.689453,24,129.0,24,,0,0.109251,24
10,49,24,False,native,24,0.983302,0.981197,0.985542,0.004345,0.983713,0.980345,0.986866,0.979877,0.989963,24,0.991581,0.990509,0.992718,0.002209,0.991788,0.990075,0.99339,0.989836,0.994956,0.001144,24,0.0,24,0.679688,24,130.0,24,,0,0.109372,24
11,0,24,False,native,24,0.979951,0.97179,0.982612,0.010823,0.976593,0.96546,0.985924,0.94483,0.989737,24,0.989874,0.985693,0.99123,0.005537,0.988133,0.982426,0.992912,0.971632,0.994842,0.0,24,0.0,24,0.759766,24,146.0,24,0.999804,24,0.108311,24
11,1,24,False,native,24,0.98129,0.975816,0.984571,0.008755,0.979582,0.970349,0.986043,0.963951,0.989812,24,0.990557,0.98776,0.992225,0.004466,0.989675,0.984951,0.992973,0.981644,0.99488,0.000319,24,0.000763,24,0.716797,24,125.5,24,,0,0.1087,24
11,2,24,False,native,24,0.984085,0.977949,0.986159,0.008211,0.981135,0.971565,0.987458,0.961321,0.988762,24,0.991979,0.98885,0.993031,0.004181,0.990465,0.985577,0.993689,0.980279,0.994349,0.00034,24,0.000425,24,0.660156,24,127.0,24,,0,0.10804,24
11,3,24,False,native,24,0.984608,0.979025,0.987188,0.008163,0.981937,0.971661,0.987712,0.968937,0.989287,24,0.992244,0.9894,0.993553,0.004153,0.990876,0.985627,0.993818,0.984223,0.994615,0.000984,24,0.0,24,0.666016,24,129.5,24,,0,0.107819,24
11,4,24,False,native,24,0.985318,0.978821,0.98687,0.008049,0.982499,0.974052,0.988282,0.965048,0.990413,24,0.992605,0.989296,0.993392,0.004096,0.991162,0.986855,0.994106,0.982213,0.995184,0.000504,24,0.001167,24,0.615234,24,122.0,24,,0,0.107656,24
11,5,24,False,native,24,0.985019,0.979023,0.987244,0.008221,0.982719,0.974732,0.988042,0.966807,0.988387,24,0.992453,0.9894,0.993581,0.004181,0.991276,0.987204,0.993985,0.983123,0.99416,0.000399,24,0.001308,24,0.632812,24,114.0,24,,0,0.107426,24
11,6,24,False,native,24,0.984646,0.980453,0.986271,0.005818,0.982564,0.974732,0.987241,0.967027,0.988537,24,0.992263,0.99013,0.993088,0.002958,0.991198,0.987204,0.993579,0.983237,0.994235,0.0,24,0.001106,24,0.662109,24,125.0,24,,0,0.107354,24
11,7,24,False,native,24,0.984459,0.979951,0.985729,0.005778,0.982716,0.975176,0.987143,0.970555,0.988612,24,0.992169,0.989874,0.992813,0.002939,0.991277,0.987432,0.99353,0.985058,0.994273,0.001209,24,0.001347,24,0.640625,24,124.5,24,,0,0.107256,24
11,8,24,False,native,24,0.983974,0.981123,0.986458,0.005336,0.983155,0.976871,0.987353,0.972398,0.988237,24,0.991922,0.990471,0.993183,0.002712,0.991502,0.9883,0.993636,0.986006,0.994084,0.001221,24,0.001209,24,0.660156,24,107.5,24,,0,0.107197,24
11,9,24,False,native,24,0.984384,0.980844,0.986215,0.005372,0.983061,0.977568,0.987098,0.972029,0.987488,24,0.992131,0.990329,0.99306,0.002731,0.991454,0.988657,0.993507,0.985816,0.993704,0.001072,24,0.001324,24,0.652344,24,114.0,24,,0,0.107109,24
11,10,24,False,native,24,0.983638,0.981662,0.985748,0.004085,0.983031,0.978584,0.986275,0.973283,0.987488,24,0.991751,0.990746,0.992823,0.002076,0.99144,0.989176,0.99309,0.986461,0.993704,0.000496,24,0.001225,24,0.6875,24,116.5,24,0.999819,24,0.107032,24
11,11,24,False,native,24,0.983862,0.981793,0.986047,0.004254,0.983332,0.978844,0.986642,0.975797,0.987862,24,0.991865,0.990813,0.992974,0.002162,0.991593,0.989309,0.993276,0.98775,0.993894,0.001232,24,0.001015,24,0.669922,24,114.5,24,,0,0.106959,24
11,12,24,False,native,24,0.9836,0.982035,0.984982,0.002947,0.983262,0.978874,0.986717,0.977724,0.987638,24,0.991732,0.990936,0.992434,0.001498,0.991559,0.989324,0.993314,0.988736,0.99378,0.001036,24,0.000587,24,0.662109,24,121.5,24,,0,0.106907,24
11,13,24,False,native,24,0.984571,0.98183,0.985636,0.003806,0.983633,0.978763,0.987196,0.976686,0.988462,24,0.992225,0.990832,0.992766,0.001934,0.991747,0.989267,0.993557,0.988205,0.994198,0.001179,24,0.001236,24,0.646484,24,116.0,24,,0,0.106843,24
11,14,24,False,native,24,0.983451,0.982053,0.985355,0.003302,0.983552,0.979847,0.98736,0.976982,0.988912,24,0.991657,0.990945,0.992624,0.001678,0.991706,0.989821,0.99364,0.988357,0.994425,0.001186,24,0.000553,24,0.666016,24,119.5,24,,0,0.106782,24
11,15,24,False,native,24,0.983451,0.981867,0.98543,0.003563,0.983514,0.980241,0.986911,0.976538,0.989512,24,0.991657,0.990851,0.992662,0.001811,0.991687,0.990022,0.993412,0.98813,0.994728,0.001274,24,0.001221,24,0.664062,24,110.5,24,,0,0.106759,24
11,16,24,False,native,24,0.983339,0.9817,0.985916,0.004216,0.983657,0.980643,0.987368,0.978317,0.989212,24,0.9916,0.990765,0.992908,0.002143,0.991759,0.990227,0.993644,0.98904,0.994577,0.000607,24,0.000519,24,0.675781,24,119.0,24,,0,0.106689,24
11,17,24,False,native,24,0.983451,0.982743,0.985505,0.002762,0.983946,0.980963,0.987323,0.97906,0.988762,24,0.991657,0.991296,0.992699,0.001403,0.991906,0.99039,0.993621,0.989419,0.994349,0.001225,24,0.001324,24,0.664062,24,117.5,24,,0,0.106625,24
11,18,24,False,native,24,0.984048,0.982389,0.986159,0.00377,0.984167,0.981067,0.987375,0.97802,0.988762,24,0.99196,0.991116,0.993031,0.001915,0.992018,0.990443,0.993648,0.988888,0.994349,0.001122,24,0.000534,24,0.662109,24,123.0,24,,0,0.106567,24
11,19,24,False,native,24,0.983675,0.981197,0.985561,0.004364,0.983586,0.98036,0.987383,0.977798,0.988687,24,0.99177,0.990509,0.992728,0.002219,0.991723,0.990083,0.993651,0.988774,0.994311,0.001205,24,0.000534,24,0.669922,24,126.5,24,,0,0.106507,24
11,20,24,False,native,24,0.983974,0.98183,0.985243,0.003413,0.983769,0.979973,0.988065,0.978985,0.988612,24,0.991922,0.990832,0.992567,0.001735,0.991816,0.989885,0.993997,0.989381,0.994273,0.000538,24,0.000557,24,0.658203,24,121.0,24,0.999817,24,0.106447,24
11,21,24,False,native,24,0.983974,0.982221,0.985804,0.003583,0.983677,0.978829,0.987525,0.978169,0.988612,24,0.991922,0.991031,0.992851,0.00182,0.991769,0.989301,0.993723,0.988964,0.994273,0.000568,24,0.001114,24,0.664062,24,121.5,24,,0,0.106389,24
11,22,24,False,native,24,0.984496,0.982258,0.985524,0.003265,0.983615,0.978532,0.987465,0.977501,0.988387,24,0.992188,0.99105,0.992709,0.001659,0.991737,0.98915,0.993693,0.988623,0.99416,0.00111,24,0.001228,24,0.642578,24,119.5,24,,0,0.106342,24
11,23,24,False,native,24,0.984048,0.981644,0.985449,0.003805,0.983407,0.978399,0.987555,0.97676,0.989662,24,0.99196,0.990737,0.992671,0.001934,0.991631,0.989081,0.993739,0.988243,0.994804,0.000992,24,0.00053,24,0.652344,24,122.0,24,,0,0.106301,24
11,24,24,False,native,24,0.984048,0.980899,0.98571,0.004811,0.983462,0.978852,0.987009,0.977501,0.988162,24,0.99196,0.990358,0.992804,0.002446,0.99166,0.989313,0.993462,0.988623,0.994046,0.000565,24,0.000534,24,0.646484,24,125.0,24,,0,0.106349,24
11,25,24,False,native,24,0.983974,0.981588,0.985281,0.003693,0.983466,0.978807,0.987757,0.976686,0.989062,24,0.991922,0.990708,0.992586,0.001877,0.991661,0.98929,0.993841,0.988205,0.994501,0.000565,24,0.001095,24,0.654297,24,121.0,24,,0,0.106307,24
11,26,24,False,native,24,0.984571,0.980974,0.985785,0.004811,0.983715,0.978622,0.988342,0.976908,0.988612,24,0.992225,0.990396,0.992842,0.002446,0.991788,0.989195,0.994137,0.988319,0.994273,0.001217,24,0.000546,24,0.640625,24,123.0,24,,0,0.106279,24
11,27,24,False,native,24,0.983936,0.981141,0.985131,0.00399,0.983317,0.97805,0.987787,0.976464,0.988987,24,0.991903,0.990481,0.99251,0.002029,0.991585,0.988903,0.993856,0.988092,0.994463,0.001011,24,0.000542,24,0.648438,24,125.5,24,,0,0.106265,24
11,28,24,False,native,24,0.984496,0.98116,0.985523,0.004363,0.983671,0.979201,0.988469,0.976538,0.988537,24,0.992188,0.99049,0.992709,0.002219,0.991766,0.989491,0.994201,0.98813,0.994235,0.000591,24,0.001083,24,0.638672,24,121.5,24,,0,0.106236,24
11,29,24,False,native,24,0.984085,0.981235,0.985505,0.00427,0.983435,0.978532,0.987548,0.97676,0.989362,24,0.991979,0.990528,0.992699,0.002171,0.991645,0.98915,0.993735,0.988243,0.994653,0.001099,24,0.000481,24,0.648438,24,127.0,24,,0,0.106233,24
11,30,24,False,native,24,0.983899,0.981607,0.986234,0.004627,0.983414,0.977234,0.987705,0.976389,0.988462,24,0.991884,0.990718,0.993069,0.002351,0.991634,0.988486,0.993814,0.988054,0.994198,0.001053,24,0.001266,24,0.669922,24,122.0,24,0.999815,24,0.10624,24
11,31,24,False,native,24,0.98472,0.981625,0.986365,0.00474,0.983521,0.977271,0.987173,0.974613,0.989062,24,0.992301,0.990727,0.993136,0.002408,0.991688,0.988505,0.993545,0.987144,0.994501,0.001141,24,0.000565,24,0.646484,24,129.0,24,,0,0.106193,24
11,32,24,False,native,24,0.984646,0.981532,0.986159,0.004627,0.983436,0.976901,0.987323,0.976315,0.988837,24,0.992263,0.99068,0.993031,0.002351,0.991645,0.988315,0.993621,0.988016,0.994387,0.00058,24,0.00045,24,0.648438,24,129.0,24,,0,0.10617,24
11,33,24,False,native,24,0.983936,0.981347,0.986833,0.005486,0.983434,0.977242,0.987578,0.975649,0.989062,24,0.991903,0.990585,0.993373,0.002787,0.991644,0.98849,0.99375,0.987674,0.994501,0.000534,24,0.0,24,0.658203,24,133.5,24,,0,0.106156,24
11,34,24,False,native,24,0.984683,0.981719,0.986346,0.004627,0.983592,0.977798,0.98772,0.976167,0.988387,24,0.992282,0.990775,0.993126,0.002351,0.991725,0.988774,0.993822,0.98794,0.99416,0.001087,24,0.001255,24,0.646484,24,124.5,24,,0,0.106164,24
11,35,24,False,native,24,0.984907,0.981458,0.98644,0.004982,0.983364,0.97573,0.986717,0.974687,0.989287,24,0.992396,0.990642,0.993174,0.002531,0.991608,0.987716,0.993314,0.987181,0.994615,0.000963,24,0.00053,24,0.652344,24,125.0,24,,0,0.106119,24
11,36,24,False,native,24,0.984944,0.981197,0.986589,0.005392,0.983797,0.977753,0.987615,0.976389,0.989062,24,0.992415,0.990509,0.993249,0.00274,0.991829,0.988752,0.993769,0.988054,0.994501,0.000515,24,0.0,24,0.642578,24,132.0,24,,0,0.106095,24
11,37,24,False,native,24,0.984347,0.981011,0.985804,0.004793,0.983386,0.977649,0.987308,0.97676,0.988237,24,0.992112,0.990415,0.992851,0.002437,0.99162,0.988698,0.993613,0.988243,0.994084,0.001049,24,0.000481,24,0.640625,24,129.5,24,,0,0.106206,24
11,38,24,False,native,24,0.984496,0.981439,0.986346,0.004907,0.983783,0.979015,0.987533,0.976686,0.988612,24,0.992188,0.990633,0.993126,0.002494,0.991822,0.989396,0.993727,0.988205,0.994273,0.000963,24,0.000446,24,0.646484,24,122.0,24,,0,0.106227,24
11,39,24,False,native,24,0.984309,0.980397,0.987095,0.006697,0.983369,0.977761,0.98787,0.974613,0.988612,24,0.992093,0.990102,0.993505,0.003404,0.991611,0.988755,0.993898,0.987144,0.994273,0.000481,24,0.001015,24,0.667969,24,119.5,24,,0,0.106229,24
11,40,24,False,native,24,0.983787,0.981085,0.987001,0.005916,0.983514,0.977798,0.987593,0.975797,0.989287,24,0.991827,0.990452,0.993458,0.003006,0.991685,0.988774,0.993758,0.98775,0.994615,0.001102,24,0.001026,24,0.667969,24,125.0,24,0.999819,24,0.106196,24
11,41,24,False,native,24,0.985056,0.980546,0.986982,0.006436,0.983529,0.97699,0.987698,0.974539,0.989512,24,0.992472,0.990177,0.993448,0.003271,0.991691,0.988361,0.993811,0.987106,0.994728,0.0,24,0.000515,24,0.650391,24,126.0,24,,0,0.106181,24
11,42,24,False,native,24,0.983936,0.97958,0.986197,0.006617,0.982839,0.977219,0.987263,0.972545,0.988687,24,0.991903,0.989684,0.99305,0.003366,0.991341,0.988478,0.993591,0.986082,0.994311,0.001007,24,0.000999,24,0.660156,24,122.5,24,,0,0.106224,24
11,43,24,False,native,24,0.983377,0.979896,0.987394,0.007499,0.983045,0.976457,0.98784,0.973948,0.988987,24,0.991619,0.989846,0.993657,0.003811,0.991445,0.988088,0.993883,0.986802,0.994463,0.000975,24,0.0,24,0.669922,24,130.5,24,,0,0.106414,24
11,44,24,False,native,24,0.983526,0.980007,0.986421,0.006414,0.982774,0.975901,0.987638,0.972914,0.988162,24,0.991694,0.989903,0.993164,0.003262,0.991307,0.987803,0.99378,0.986271,0.994046,0.001045,24,0.001011,24,0.675781,24,124.5,24,,0,0.106397,24
11,45,24,False,native,24,0.983414,0.980825,0.986964,0.006138,0.983071,0.976886,0.9882,0.971587,0.988612,24,0.991638,0.99032,0.993439,0.003119,0.991457,0.988308,0.994065,0.985589,0.994273,0.000507,24,0.00098,24,0.658203,24,123.5,24,,0,0.106382,24
11,46,24,False,native,24,0.983451,0.980825,0.986702,0.005877,0.982741,0.976138,0.9876,0.971808,0.988387,24,0.991657,0.99032,0.993306,0.002987,0.99129,0.987925,0.993761,0.985702,0.99416,0.0005,24,0.000996,24,0.675781,24,126.0,24,,0,0.106514,24
11,47,24,False,native,24,0.983004,0.98023,0.986421,0.006191,0.982701,0.97619,0.987967,0.971513,0.988987,24,0.991429,0.990016,0.993164,0.003148,0.991269,0.987951,0.993947,0.985551,0.994463,0.001068,24,0.000977,24,0.701172,24,126.0,24,,0,0.106473,24
11,48,24,False,native,24,0.983005,0.97932,0.985449,0.006129,0.98209,0.975287,0.987293,0.970997,0.990038,24,0.991429,0.989552,0.992671,0.003119,0.990958,0.987489,0.993606,0.985285,0.994994,0.000546,24,0.000511,24,0.703125,24,124.0,24,,0,0.106472,24
11,49,24,False,native,24,0.981625,0.979617,0.986889,0.007271,0.981788,0.972464,0.988537,0.969746,0.989362,24,0.990727,0.989703,0.993401,0.003698,0.990802,0.98604,0.994235,0.98464,0.994653,0.001274,24,0.000998,24,0.707031,24,126.0,24,,0,0.106198,24
12,0,24,False,native,24,0.977576,0.973764,0.98183,0.008066,0.974394,0.95459,0.988717,0.929672,0.990488,24,0.98866,0.986707,0.990832,0.004124,0.986976,0.976767,0.994326,0.963554,0.995221,0.0,24,0.0,24,0.794922,24,157.5,24,0.9997,24,0.107329,24
12,1,24,False,native,24,0.980658,0.975427,0.983787,0.00836,0.977007,0.957908,0.988223,0.945762,0.991466,24,0.990234,0.987561,0.991827,0.004267,0.988333,0.9785,0.994076,0.972125,0.995715,0.0,24,0.0,24,0.746094,24,145.0,24,,0,0.107892,24
12,2,24,False,native,24,0.981439,0.973062,0.984907,0.011845,0.977556,0.961594,0.990646,0.941965,0.991992,24,0.990633,0.986347,0.992396,0.006049,0.988613,0.980412,0.995301,0.970115,0.99598,0.0,24,0.0,24,0.722656,24,134.5,24,,0,0.107407,24
12,3,24,False,native,24,0.981662,0.975983,0.984552,0.00857,0.978531,0.967659,0.989182,0.949935,0.990263,24,0.990746,0.987845,0.992216,0.004371,0.98912,0.983563,0.994562,0.974325,0.995108,0.0,24,0.0,24,0.724609,24,135.0,24,,0,0.107007,24
12,4,24,False,native,24,0.982035,0.976501,0.985262,0.008761,0.978612,0.971042,0.988754,0.943539,0.989812,24,0.990936,0.988111,0.992576,0.004466,0.989155,0.985308,0.994345,0.97095,0.99488,0.0,24,0.0,24,0.707031,24,132.0,24,,0,0.106663,24
12,5,24,False,native,24,0.981253,0.976667,0.985767,0.0091,0.978592,0.97183,0.988395,0.942323,0.989888,24,0.990538,0.988196,0.992832,0.004636,0.989147,0.985714,0.994163,0.970305,0.994918,0.0,24,0.0,24,0.724609,24,129.5,24,,0,0.106355,24
12,6,24,False,native,24,0.9801,0.975797,0.985823,0.010025,0.978646,0.971433,0.98805,0.948926,0.989287,24,0.98995,0.98775,0.992861,0.00511,0.989184,0.985509,0.993989,0.973794,0.994615,0.0,24,0.0,24,0.746094,24,137.0,24,,0,0.106113,24
12,7,24,False,native,24,0.980583,0.976686,0.984963,0.008277,0.979103,0.971484,0.987338,0.95239,0.988612,24,0.990196,0.988205,0.992425,0.004219,0.989421,0.985535,0.993629,0.975614,0.994273,0.0,24,0.0,24,0.707031,24,139.5,24,,0,0.105972,24
12,8,24,False,native,24,0.981662,0.977187,0.98515,0.007963,0.979172,0.969681,0.987375,0.952317,0.988237,24,0.990746,0.988461,0.992519,0.004058,0.989455,0.984606,0.993648,0.975576,0.994084,0.0,24,0.0,24,0.714844,24,136.5,24,,0,0.105773,24
12,9,24,False,native,24,0.979765,0.97613,0.984235,0.008105,0.978697,0.96963,0.986979,0.953619,0.987263,24,0.989779,0.987921,0.992055,0.004134,0.989215,0.98458,0.993447,0.976259,0.993591,0.0,24,0.0,24,0.730469,24,133.5,24,,0,0.105612,24
12,10,24,False,native,24,0.979617,0.976353,0.984384,0.008032,0.978721,0.970453,0.986544,0.956228,0.987563,24,0.989703,0.988035,0.992131,0.004096,0.989229,0.985005,0.993227,0.977624,0.993742,0.0,24,0.0,24,0.736328,24,138.0,24,0.999773,24,0.105454,24
12,11,24,False,native,24,0.98103,0.977594,0.984907,0.007312,0.979221,0.970147,0.986395,0.957753,0.987638,24,0.990424,0.98867,0.992396,0.003726,0.989485,0.984845,0.993151,0.978421,0.99378,0.0,24,0.0,24,0.705078,24,140.0,24,,0,0.105288,24
12,12,24,False,native,24,0.98129,0.977446,0.984926,0.00748,0.97904,0.970071,0.987166,0.956809,0.988237,24,0.990557,0.988594,0.992406,0.003811,0.989392,0.984807,0.993541,0.977928,0.994084,0.0,24,0.0,24,0.714844,24,137.5,24,,0,0.105145,24
12,13,24,False,native,24,0.980955,0.977242,0.985187,0.007946,0.979189,0.967916,0.986342,0.959718,0.987263,24,0.990386,0.98849,0.992538,0.004048,0.98947,0.983696,0.993124,0.979445,0.993591,0.0,24,0.0,24,0.71875,24,139.0,24,,0,0.105021,24
12,14,24,False,native,24,0.980546,0.976278,0.984179,0.0079,0.978695,0.967299,0.985864,0.959936,0.987263,24,0.990177,0.987997,0.992026,0.00403,0.989218,0.983378,0.992882,0.979559,0.993591,0.0,24,0.0,24,0.734375,24,133.0,24,,0,0.104884,24
12,15,24,False,native,24,0.980546,0.97639,0.984141,0.007752,0.978645,0.967262,0.985677,0.960155,0.987038,24,0.990177,0.988054,0.992007,0.003954,0.989193,0.983359,0.992787,0.979672,0.993477,0.0,24,0.0,24,0.734375,24,133.5,24,,0,0.104778,24
12,16,24,False,native,24,0.980918,0.976834,0.983806,0.006972,0.978554,0.966191,0.985587,0.958189,0.987638,24,0.990367,0.988281,0.991837,0.003555,0.989144,0.982805,0.992741,0.978648,0.99378,0.0,24,0.000656,24,0.730469,24,129.5,24,,0,0.104632,24
12,17,24,False,native,24,0.980769,0.97726,0.984739,0.007479,0.978827,0.9654,0.985684,0.961686,0.986964,24,0.990291,0.988499,0.992311,0.003811,0.989286,0.982395,0.992791,0.980469,0.993439,0.0,24,0.0,24,0.736328,24,134.0,24,,0,0.104534,24
12,18,24,False,native,24,0.98103,0.976297,0.985692,0.009395,0.978901,0.965356,0.986245,0.960155,0.987263,24,0.990424,0.988006,0.992794,0.004788,0.989323,0.982373,0.993075,0.979672,0.993591,0.000645,24,0.000626,24,0.726562,24,126.5,24,,0,0.104402,24
12,19,24,False,native,24,0.981253,0.976538,0.985019,0.008481,0.979379,0.966661,0.986679,0.963877,0.987712,24,0.990538,0.98813,0.992453,0.004323,0.989569,0.983048,0.993295,0.981606,0.993818,0.001293,24,0.0,24,0.728516,24,128.0,24,,0,0.104285,24
12,20,24,False,native,24,0.9817,0.977075,0.984571,0.007496,0.979323,0.966235,0.986051,0.96417,0.987862,24,0.990765,0.988405,0.992225,0.003821,0.989541,0.982828,0.992976,0.981758,0.993894,0.0,24,0.001324,24,0.6875,24,124.0,24,0.999759,24,0.104164,24
12,21,24,False,native,24,0.981142,0.975131,0.985243,0.010112,0.978893,0.96636,0.986088,0.965121,0.987413,24,0.990481,0.987409,0.992567,0.005158,0.989321,0.982892,0.992995,0.982251,0.993667,0.0,24,0.0,24,0.720703,24,128.5,24,,0,0.104052,24
12,22,24,False,native,24,0.981774,0.975187,0.984496,0.00931,0.979186,0.968173,0.985692,0.965634,0.987563,24,0.990803,0.987437,0.992188,0.00475,0.989473,0.983829,0.992794,0.982517,0.993742,0.000603,24,0.0,24,0.710938,24,132.5,24,,0,0.103963,24
12,23,24,False,native,24,0.981811,0.975816,0.98472,0.008905,0.979496,0.968709,0.98623,0.965048,0.987338,24,0.990822,0.98776,0.992301,0.004541,0.989631,0.984106,0.993067,0.982213,0.993629,0.001221,24,0.001156,24,0.695312,24,126.0,24,,0,0.10387,24
12,24,24,False,native,24,0.981402,0.975335,0.985,0.009666,0.979155,0.967688,0.986776,0.965121,0.987712,24,0.990614,0.987513,0.992443,0.00493,0.989455,0.983579,0.993344,0.982251,0.993818,0.001236,24,0.001255,24,0.748047,24,126.0,24,,0,0.103786,24
12,25,24,False,native,24,0.982072,0.975353,0.984571,0.009218,0.979326,0.968606,0.985924,0.965707,0.987263,24,0.990955,0.987523,0.992225,0.004703,0.989544,0.984053,0.992912,0.982555,0.993591,0.0,24,0.001232,24,0.726562,24,123.0,24,,0,0.103704,24
12,26,24,False,native,24,0.982147,0.975686,0.984832,0.009146,0.979642,0.969908,0.986724,0.965268,0.987338,24,0.990993,0.987693,0.992358,0.004665,0.989705,0.984724,0.993318,0.982327,0.993629,0.001125,24,0.00124,24,0.708984,24,119.5,24,,0,0.103645,24
12,27,24,False,native,24,0.982445,0.975853,0.985038,0.009185,0.979719,0.969555,0.986155,0.965414,0.987188,24,0.991145,0.987779,0.992462,0.004684,0.989745,0.984542,0.993029,0.982403,0.993553,0.00058,24,0.001186,24,0.71875,24,121.5,24,,0,0.103532,24
12,28,24,False,native,24,0.982519,0.975854,0.984627,0.008773,0.979299,0.968261,0.986245,0.963,0.986889,24,0.991182,0.987779,0.992254,0.004475,0.989528,0.983874,0.993075,0.981151,0.993401,0.000473,24,0.001232,24,0.703125,24,124.5,24,,0,0.103447,24
12,29,24,False,native,24,0.982258,0.975782,0.984422,0.00864,0.979246,0.970688,0.985624,0.962416,0.986964,24,0.99105,0.987741,0.99215,0.004409,0.989501,0.985126,0.99276,0.980848,0.993439,0.000607,24,0.001198,24,0.707031,24,121.0,24,,0,0.103391,24
12,30,24,False,native,24,0.98237,0.975595,0.985038,0.009443,0.979275,0.970371,0.986537,0.96154,0.986739,24,0.991107,0.987646,0.992462,0.004816,0.989515,0.984963,0.993223,0.980393,0.993325,0.00116,24,0.0,24,0.708984,24,136.5,24,0.999761,24,0.103307,24
12,31,24,False,native,24,0.982482,0.975189,0.98515,0.009961,0.979505,0.969738,0.985894,0.962854,0.988012,24,0.991164,0.987437,0.992519,0.005082,0.989632,0.984637,0.992897,0.981076,0.99397,0.000557,24,0.0,24,0.691406,24,130.5,24,,0,0.103218,24
12,32,24,False,native,24,0.982407,0.975023,0.984758,0.009735,0.979171,0.969738,0.985946,0.962781,0.987038,24,0.991126,0.987352,0.99232,0.004968,0.989462,0.984637,0.992923,0.981038,0.993477,0.00119,24,0.000591,24,0.697266,24,127.0,24,,0,0.103126,24
12,33,24,False,native,24,0.982743,0.975948,0.985075,0.009127,0.979423,0.968467,0.986687,0.962562,0.987488,24,0.991296,0.987826,0.992481,0.004655,0.98959,0.983981,0.993299,0.980924,0.993704,0.000553,24,0.001152,24,0.699219,24,124.0,24,,0,0.103041,24
12,34,24,False,native,24,0.983265,0.976595,0.985337,0.008742,0.979877,0.968657,0.986619,0.963658,0.987862,24,0.991562,0.988158,0.992614,0.004456,0.989822,0.984079,0.993265,0.981493,0.993894,0.001141,24,0.000568,24,0.685547,24,122.0,24,,0,0.102947,24
12,35,24,False,native,24,0.982929,0.976393,0.985094,0.008701,0.979421,0.967886,0.98644,0.961029,0.986964,24,0.991391,0.988054,0.992491,0.004437,0.989588,0.983681,0.993174,0.980127,0.993439,0.001167,24,0.001148,24,0.689453,24,118.0,24,,0,0.102853,24
12,36,24,False,native,24,0.9836,0.975838,0.984515,0.008677,0.979598,0.968224,0.986679,0.960665,0.988087,24,0.991732,0.987769,0.992197,0.004428,0.989678,0.983855,0.993295,0.979938,0.994008,0.00111,24,0.00053,24,0.685547,24,126.0,24,,0,0.102779,24
12,37,24,False,native,24,0.983153,0.976131,0.984888,0.008757,0.979609,0.969577,0.986567,0.961029,0.988012,24,0.991505,0.987921,0.992387,0.004466,0.989684,0.984553,0.993238,0.980127,0.99397,0.00111,24,0.001141,24,0.685547,24,120.5,24,,0,0.102746,24
12,38,24,False,native,24,0.982929,0.976855,0.985374,0.008519,0.97991,0.969746,0.986746,0.96154,0.988462,24,0.991391,0.988291,0.992633,0.004342,0.989838,0.98464,0.993329,0.980393,0.994198,0.001122,24,0.001144,24,0.683594,24,124.0,24,,0,0.102676,24
12,39,24,False,native,24,0.983153,0.977652,0.98444,0.006788,0.980051,0.96755,0.986866,0.962708,0.990488,24,0.991505,0.988698,0.992159,0.003461,0.98991,0.983507,0.99339,0.981,0.995221,0.001163,24,0.00111,24,0.689453,24,116.5,24,,0,0.102603,24
12,40,24,False,native,24,0.982855,0.97478,0.985561,0.01078,0.979895,0.967651,0.986028,0.962562,0.989812,24,0.991353,0.987229,0.992728,0.005499,0.98983,0.98356,0.992965,0.980924,0.99488,0.000523,24,0.001133,24,0.685547,24,123.5,24,0.999793,24,0.102482,24
12,41,24,False,native,24,0.982743,0.977169,0.985019,0.00785,0.979805,0.966998,0.986507,0.962124,0.988987,24,0.991296,0.988452,0.992453,0.004001,0.989784,0.983222,0.993208,0.980696,0.994463,0.00106,24,0.001102,24,0.685547,24,120.0,24,,0,0.102418,24
12,42,24,False,native,24,0.983638,0.977947,0.984608,0.006661,0.980015,0.966961,0.986402,0.96227,0.989888,24,0.991751,0.98885,0.992244,0.003394,0.989891,0.983203,0.993155,0.980772,0.994918,0.001114,24,0.001049,24,0.675781,24,119.0,24,,0,0.102384,24
12,43,24,False,native,24,0.98319,0.978097,0.98487,0.006773,0.980429,0.967592,0.986694,0.964975,0.989137,24,0.991524,0.988926,0.992377,0.003451,0.990105,0.983529,0.993302,0.982175,0.994539,0.001175,24,0.001129,24,0.683594,24,116.0,24,,0,0.102327,24
12,44,24,False,native,24,0.983488,0.977039,0.985337,0.008297,0.980164,0.965356,0.986709,0.96417,0.988837,24,0.991676,0.988386,0.992614,0.004229,0.989967,0.982373,0.99331,0.981758,0.994387,0.001328,24,0.001251,24,0.667969,24,124.0,24,,0,0.102201,24
12,45,24,False,native,24,0.982855,0.976224,0.984645,0.008422,0.979843,0.966418,0.986125,0.964097,0.988612,24,0.991353,0.987968,0.992263,0.004295,0.989805,0.982922,0.993014,0.98172,0.994273,0.001186,24,0.001175,24,0.677734,24,122.0,24,,0,0.101958,24
12,46,24,False,native,24,0.983302,0.976854,0.984571,0.007717,0.980095,0.966111,0.986694,0.964609,0.990038,24,0.991581,0.988291,0.992225,0.003935,0.989933,0.982763,0.993302,0.981986,0.994994,0.001278,24,0.001194,24,0.683594,24,115.0,24,,0,0.101708,24
12,47,24,False,native,24,0.982668,0.975744,0.984104,0.00836,0.979305,0.964463,0.986769,0.963804,0.988537,24,0.991258,0.987722,0.991988,0.004267,0.989528,0.98191,0.99334,0.981569,0.994235,0.001339,24,0.001339,24,0.693359,24,110.0,24,,0,0.101302,24
12,48,24,False,native,24,0.982967,0.977059,0.985019,0.00796,0.979564,0.965656,0.985595,0.961759,0.988162,24,0.99141,0.988395,0.992453,0.004058,0.989661,0.982528,0.992745,0.980507,0.994046,0.001163,24,0.001179,24,0.6875,24,106.0,24,,0,0.10093,24
12,49,24,False,native,24,0.98237,0.977577,0.985,0.007423,0.979488,0.964302,0.985916,0.962781,0.988537,24,0.991107,0.98866,0.992443,0.003783,0.989621,0.981826,0.992908,0.981038,0.994235,0.001148,24,0.001163,24,0.689453,24,105.0,24,,0,0.100385,24
13,0,24,False,native,24,0.975131,0.967964,0.980211,0.012247,0.97259,0.960994,0.983131,0.937185,0.987263,24,0.987409,0.983721,0.990007,0.006286,0.986074,0.980108,0.991493,0.967574,0.993591,0.0,24,0.0,24,0.816406,24,176.0,24,0.999688,24,0.10749,24
13,1,24,False,native,24,0.976575,0.968808,0.981849,0.013041,0.974821,0.965174,0.983959,0.950152,0.988462,24,0.988149,0.984157,0.990841,0.006684,0.987226,0.982278,0.991914,0.974439,0.994198,0.0,24,0.0,24,0.787109,24,151.5,24,,0,0.108384,24
13,2,24,False,native,24,0.982594,0.977542,0.986552,0.00901,0.979419,0.971078,0.987166,0.942752,0.990263,24,0.99122,0.988642,0.99323,0.004589,0.989572,0.985327,0.993541,0.970532,0.995108,0.0,24,0.0,24,0.681641,24,135.0,24,,0,0.108834,24
13,3,24,False,native,24,0.983563,0.979916,0.987581,0.007666,0.980925,0.971403,0.988245,0.943539,0.990413,24,0.991713,0.989855,0.993752,0.003897,0.990343,0.985494,0.994088,0.97095,0.995184,0.000952,24,0.000435,24,0.683594,24,128.5,24,,0,0.109146,24
13,4,24,False,native,24,0.984758,0.98103,0.987844,0.006814,0.98203,0.971484,0.989482,0.947703,0.990939,24,0.99232,0.990424,0.993885,0.003461,0.990909,0.985535,0.994713,0.973149,0.995449,0.001286,24,0.001209,24,0.640625,24,119.5,24,,0,0.109217,24
13,5,24,False,native,24,0.985431,0.981495,0.988443,0.006948,0.982856,0.973493,0.990436,0.954995,0.99139,24,0.992662,0.990661,0.994188,0.003527,0.991334,0.986567,0.995195,0.97698,0.995677,0.001247,24,0.001175,24,0.632812,24,123.5,24,,0,0.109341,24
13,6,24,False,native,24,0.986552,0.982128,0.988218,0.00609,0.983535,0.974874,0.990654,0.957317,0.991842,24,0.99323,0.990983,0.994074,0.003091,0.991682,0.987276,0.995305,0.978193,0.995904,0.001301,24,0.000572,24,0.595703,24,127.0,24,,0,0.109383,24
13,7,24,False,native,24,0.985617,0.982743,0.988406,0.005663,0.983604,0.976493,0.99003,0.957463,0.991917,24,0.992756,0.991296,0.994169,0.002873,0.991718,0.988107,0.99499,0.978269,0.995942,0.001175,24,0.001354,24,0.613281,24,123.5,24,,0,0.109375,24
13,8,24,False,native,24,0.98629,0.982817,0.989024,0.006207,0.984335,0.976967,0.99,0.961467,0.991315,24,0.993098,0.991334,0.994482,0.003148,0.992093,0.98835,0.994975,0.980355,0.995639,0.001339,24,0.001053,24,0.597656,24,123.0,24,,0,0.1094,24
13,9,24,False,native,24,0.987076,0.983414,0.989343,0.005929,0.984751,0.978147,0.989873,0.965488,0.99124,24,0.993496,0.991638,0.994643,0.003006,0.992306,0.988953,0.99491,0.982441,0.995601,0.001537,24,0.001308,24,0.568359,24,118.5,24,,0,0.109408,24
13,10,24,False,native,24,0.987114,0.983246,0.989662,0.006416,0.985058,0.977902,0.99012,0.965414,0.991766,24,0.993515,0.991552,0.994804,0.003252,0.992462,0.988827,0.995036,0.982403,0.995866,0.00135,24,0.001568,24,0.576172,24,121.0,24,0.999791,24,0.109434,24
13,11,24,False,native,24,0.98775,0.983731,0.989137,0.005406,0.985208,0.978043,0.990631,0.968569,0.991917,24,0.993837,0.991799,0.994539,0.00274,0.99254,0.988899,0.995294,0.984034,0.995942,0.001598,24,0.001808,24,0.544922,24,107.5,24,,0,0.109477,24
13,12,24,False,native,24,0.987713,0.984272,0.988743,0.004471,0.985513,0.978117,0.990887,0.969451,0.991691,24,0.993818,0.992074,0.99434,0.002266,0.992695,0.988937,0.995422,0.984489,0.995828,0.001583,24,0.001564,24,0.541016,24,109.5,24,,0,0.109493,24
13,13,24,False,native,24,0.988012,0.98347,0.990038,0.006568,0.985888,0.979149,0.990939,0.971366,0.991917,24,0.99397,0.991666,0.994994,0.003328,0.992886,0.989465,0.995449,0.985475,0.995942,0.001503,24,0.001713,24,0.542969,24,111.0,24,,0,0.109529,24
13,14,24,False,native,24,0.987862,0.983992,0.989888,0.005895,0.986023,0.980561,0.991248,0.97225,0.991917,24,0.993894,0.991932,0.994918,0.002987,0.992955,0.990185,0.995605,0.98593,0.995942,0.001701,24,0.001644,24,0.544922,24,117.5,24,,0,0.109564,24
13,15,24,False,native,24,0.987413,0.983862,0.989531,0.005669,0.986003,0.980226,0.991398,0.972767,0.991917,24,0.993667,0.991865,0.994738,0.002873,0.992946,0.990014,0.99568,0.986195,0.995942,0.001633,24,0.001404,24,0.564453,24,114.5,24,,0,0.10956,24
13,16,24,False,native,24,0.98805,0.984814,0.989869,0.005055,0.986572,0.980539,0.991578,0.974835,0.992368,24,0.993989,0.992349,0.994909,0.00256,0.993235,0.990174,0.995771,0.987257,0.99617,0.001423,24,0.001541,24,0.533203,24,108.0,24,,0,0.109595,24
13,17,24,False,native,24,0.986889,0.983433,0.989531,0.006098,0.986077,0.978697,0.991037,0.9738,0.992444,24,0.993401,0.991647,0.994738,0.003091,0.992984,0.989233,0.995498,0.986726,0.996208,0.001755,24,0.001625,24,0.5625,24,112.0,24,,0,0.109674,24
13,18,24,False,native,24,0.987825,0.984646,0.989812,0.005167,0.986212,0.979217,0.991052,0.972767,0.992594,24,0.993875,0.992263,0.99488,0.002617,0.993052,0.989499,0.995506,0.986195,0.996283,0.001839,24,0.001728,24,0.542969,24,107.5,24,,0,0.109728,24
13,19,24,False,native,24,0.987862,0.984796,0.989888,0.005092,0.986573,0.980702,0.991075,0.972545,0.99282,24,0.993894,0.992339,0.994918,0.002579,0.993235,0.990257,0.995517,0.986082,0.996397,0.00206,24,0.001884,24,0.53125,24,107.0,24,,0,0.109798,24
13,20,24,False,native,24,0.987113,0.984664,0.989343,0.004679,0.986322,0.98167,0.991616,0.973874,0.992519,24,0.993515,0.992273,0.994643,0.00237,0.993109,0.99075,0.99579,0.986764,0.996245,0.001881,24,0.001926,24,0.583984,24,113.5,24,0.999791,24,0.10985,24
13,21,24,False,native,24,0.986889,0.984944,0.989287,0.004343,0.98658,0.981156,0.991812,0.975427,0.992971,24,0.993401,0.992415,0.994615,0.0022,0.99324,0.990488,0.995889,0.987561,0.996473,0.001381,24,0.001461,24,0.568359,24,115.0,24,,0,0.109885,24
13,22,24,False,native,24,0.987151,0.9836,0.989606,0.006006,0.986406,0.981409,0.991699,0.975649,0.993046,24,0.993534,0.991732,0.994776,0.003043,0.993151,0.990617,0.995832,0.987674,0.996511,0.00119,24,0.001873,24,0.574219,24,112.0,24,,0,0.109938,24
13,23,24,False,native,24,0.987001,0.984179,0.989569,0.00539,0.986405,0.980583,0.991428,0.976093,0.992293,24,0.993458,0.992026,0.994757,0.002731,0.993151,0.990196,0.995696,0.987902,0.996132,0.001999,24,0.001518,24,0.5625,24,120.5,24,,0,0.109996,24
13,24,24,False,native,24,0.987787,0.983787,0.989118,0.005331,0.986287,0.980524,0.990977,0.974687,0.992293,24,0.993856,0.991827,0.994529,0.002702,0.993091,0.990166,0.995468,0.987181,0.996132,0.001892,24,0.001781,24,0.542969,24,116.0,24,,0,0.10999,24
13,25,24,False,native,24,0.987076,0.984385,0.989043,0.004658,0.986258,0.979892,0.991127,0.97713,0.993046,24,0.993496,0.992131,0.994491,0.002361,0.993077,0.989844,0.995544,0.988433,0.996511,0.002045,24,0.001793,24,0.5625,24,115.0,24,,0,0.110041,24
13,26,24,False,native,24,0.987263,0.984235,0.98955,0.005315,0.986564,0.981201,0.99133,0.976019,0.992594,24,0.993591,0.992055,0.994747,0.002693,0.993232,0.990511,0.995646,0.987864,0.996283,0.001801,24,0.001354,24,0.556641,24,121.0,24,,0,0.110064,24
13,27,24,False,native,24,0.987188,0.984011,0.9894,0.005388,0.986245,0.980405,0.990736,0.97676,0.992444,24,0.993553,0.991941,0.994672,0.002731,0.993071,0.990105,0.995347,0.988243,0.996208,0.002014,24,0.002113,24,0.5625,24,117.0,24,,0,0.110101,24
13,28,24,False,native,24,0.987375,0.983582,0.98925,0.005668,0.98655,0.980197,0.991195,0.978317,0.991992,24,0.993648,0.991723,0.994596,0.002873,0.993226,0.989999,0.995578,0.98904,0.99598,0.001617,24,0.002007,24,0.552734,24,119.0,24,,0,0.110147,24
13,29,24,False,native,24,0.987038,0.982855,0.988649,0.005795,0.986044,0.981022,0.990165,0.979357,0.991616,24,0.993477,0.991353,0.994292,0.002939,0.99297,0.99042,0.995058,0.989571,0.99579,0.001892,24,0.001827,24,0.560547,24,120.0,24,,0,0.110184,24
13,30,24,False,native,24,0.987263,0.983228,0.989306,0.006078,0.986295,0.980554,0.990549,0.978688,0.992218,24,0.993591,0.991543,0.994624,0.003081,0.993096,0.990181,0.995252,0.989229,0.996094,0.000534,24,0.001888,24,0.582031,24,116.5,24,0.999785,24,0.110204,24
13,31,24,False,native,24,0.987338,0.984254,0.989325,0.005071,0.986382,0.980948,0.991022,0.97713,0.991691,24,0.993629,0.992064,0.994634,0.002569,0.99314,0.990382,0.995491,0.988433,0.995828,0.001316,24,0.001476,24,0.552734,24,124.5,24,,0,0.110264,24
13,32,24,False,native,24,0.987975,0.983451,0.989644,0.006192,0.986637,0.981082,0.99103,0.979282,0.991992,24,0.993951,0.991657,0.994795,0.003138,0.99327,0.990451,0.995495,0.989533,0.99598,0.000523,24,0.001965,24,0.542969,24,118.0,24,,0,0.1103,24
13,33,24,False,native,24,0.987488,0.984179,0.988743,0.004564,0.986471,0.982281,0.990781,0.97802,0.991842,24,0.993704,0.992026,0.99434,0.002313,0.993186,0.991061,0.995369,0.988888,0.995904,0.000929,24,0.001122,24,0.580078,24,124.5,24,,0,0.110327,24
13,34,24,False,native,24,0.987076,0.984104,0.989193,0.005089,0.986537,0.982378,0.990947,0.977427,0.991766,24,0.993496,0.991988,0.994567,0.002579,0.993219,0.99111,0.995453,0.988585,0.995866,0.000553,24,0.001816,24,0.582031,24,122.0,24,,0,0.110346,24
13,35,24,False,native,24,0.9879,0.984758,0.989437,0.00468,0.986905,0.982855,0.990691,0.97802,0.991466,24,0.993913,0.99232,0.994691,0.00237,0.993406,0.991353,0.995324,0.988888,0.995715,0.001785,24,0.001778,24,0.539062,24,122.5,24,,0,0.110366,24
13,36,24,False,native,24,0.98775,0.984776,0.989437,0.004661,0.986593,0.981931,0.990346,0.977205,0.991165,24,0.993837,0.99233,0.994691,0.002361,0.993248,0.990883,0.995149,0.988471,0.995563,0.001762,24,0.001625,24,0.544922,24,122.0,24,,0,0.110355,24
13,37,24,False,native,24,0.987263,0.984814,0.989306,0.004492,0.986532,0.98275,0.990518,0.976167,0.991315,24,0.993591,0.992349,0.994624,0.002275,0.993216,0.9913,0.995237,0.98794,0.995639,0.00174,24,0.001318,24,0.560547,24,117.5,24,,0,0.110364,24
13,38,24,False,native,24,0.987937,0.985467,0.988743,0.003276,0.986836,0.984093,0.99009,0.975501,0.991917,24,0.993932,0.992681,0.99434,0.001659,0.993371,0.991983,0.99502,0.987599,0.995942,0.001286,24,0.001001,24,0.554688,24,122.5,24,,0,0.110355,24
13,39,24,False,native,24,0.987787,0.98543,0.988781,0.003351,0.98668,0.98469,0.98982,0.975797,0.990639,24,0.993856,0.992662,0.994359,0.001697,0.993292,0.992286,0.994884,0.98775,0.995297,0.001137,24,0.00169,24,0.556641,24,117.5,24,,0,0.110366,24
13,40,24,False,native,24,0.98745,0.985897,0.988518,0.002621,0.986562,0.983877,0.989565,0.975131,0.990789,24,0.993686,0.992899,0.994226,0.001327,0.993232,0.991873,0.994755,0.987409,0.995373,0.001598,24,0.001339,24,0.560547,24,126.5,24,0.999789,24,0.110348,24
13,41,24,False,native,24,0.987263,0.985542,0.988724,0.003182,0.986539,0.983988,0.989265,0.975945,0.990564,24,0.993591,0.992718,0.99433,0.001612,0.993221,0.99193,0.994603,0.987826,0.995259,0.001328,24,0.001686,24,0.578125,24,120.5,24,,0,0.110321,24
13,42,24,False,native,24,0.987188,0.98487,0.9882,0.00333,0.986191,0.983824,0.989205,0.975279,0.99109,24,0.993553,0.992377,0.994065,0.001688,0.993044,0.991846,0.994573,0.987485,0.995525,0.001587,24,0.001133,24,0.574219,24,123.5,24,,0,0.11029,24
13,43,24,False,native,24,0.987076,0.984944,0.988181,0.003237,0.986108,0.983645,0.989039,0.977056,0.990564,24,0.993496,0.992415,0.994055,0.00164,0.993003,0.991755,0.99449,0.988395,0.995259,0.001095,24,0.0,24,0.576172,24,131.0,24,,0,0.110283,24
13,44,24,False,native,24,0.986926,0.985262,0.987825,0.002563,0.986031,0.983503,0.98964,0.975501,0.989963,24,0.99342,0.992576,0.993875,0.001299,0.992963,0.991683,0.994793,0.987599,0.994956,0.0,24,0.001003,24,0.582031,24,125.5,24,,0,0.110222,24
13,45,24,False,native,24,0.986702,0.985636,0.987881,0.002245,0.986168,0.983959,0.989257,0.975797,0.99109,24,0.993306,0.992766,0.993904,0.001138,0.993033,0.991914,0.9946,0.98775,0.995525,0.00132,24,0.001118,24,0.572266,24,126.5,24,,0,0.11015,24
13,46,24,False,native,24,0.986103,0.985262,0.9879,0.002638,0.985781,0.983697,0.988537,0.976167,0.989362,24,0.993003,0.992576,0.993913,0.001337,0.992837,0.991782,0.994235,0.98794,0.994653,0.001415,24,0.000488,24,0.595703,24,127.5,24,,0,0.109989,24
13,47,24,False,native,24,0.986215,0.985486,0.987432,0.001945,0.986017,0.98469,0.988799,0.977279,0.990488,24,0.99306,0.99269,0.993676,0.000986,0.992957,0.992286,0.994368,0.988509,0.995221,0.000694,24,0.001339,24,0.589844,24,122.5,24,,0,0.109731,24
13,48,24,False,native,24,0.98629,0.984552,0.987469,0.002917,0.985457,0.982825,0.987975,0.974761,0.989812,24,0.993098,0.992216,0.993695,0.001479,0.992673,0.991338,0.993951,0.987219,0.99488,0.001183,24,0.000637,24,0.599609,24,126.0,24,,0,0.109309,24
13,49,24,False,native,24,0.986253,0.982668,0.987525,0.004857,0.985103,0.980635,0.988027,0.975797,0.990038,24,0.993079,0.991258,0.993723,0.002465,0.992492,0.990223,0.993978,0.98775,0.994994,0.001179,24,0.001423,24,0.589844,24,121.0,24,,0,0.108603,24
14,0,24,False,native,24,0.977761,0.972896,0.980937,0.008041,0.97741,0.969959,0.984616,0.96417,0.989587,24,0.988755,0.986262,0.990377,0.004115,0.988567,0.98475,0.992248,0.981758,0.994766,0.0,24,0.0,24,0.787109,24,151.5,24,0.999781,24,0.108484,24
14,1,24,False,native,24,0.979022,0.975002,0.983265,0.008263,0.978975,0.973077,0.985355,0.971218,0.988087,24,0.9894,0.987343,0.991562,0.004219,0.98937,0.986355,0.992624,0.985399,0.994008,0.0,24,0.0,24,0.78125,24,149.0,24,,0,0.109046,24
14,2,24,False,native,24,0.981737,0.979765,0.983246,0.003481,0.981221,0.974992,0.986448,0.972177,0.987862,24,0.990784,0.989779,0.991552,0.001773,0.990517,0.987337,0.993177,0.985892,0.993894,0.0,24,0.0,24,0.716797,24,138.5,24,,0,0.109022,24
14,3,24,False,native,24,0.982929,0.979914,0.98347,0.003556,0.981893,0.976353,0.987496,0.971145,0.989587,24,0.991391,0.989855,0.991666,0.001811,0.990859,0.988035,0.993708,0.985361,0.994766,0.0,24,0.0,24,0.691406,24,136.5,24,,0,0.109041,24
14,4,24,False,native,24,0.982147,0.980491,0.984384,0.003893,0.982104,0.977019,0.987967,0.971734,0.989812,24,0.990993,0.990149,0.992131,0.001982,0.990966,0.988376,0.993947,0.985664,0.99488,0.0,24,0.0,24,0.683594,24,133.0,24,,0,0.109032,24
14,5,24,False,native,24,0.982892,0.980583,0.984589,0.004006,0.982527,0.978384,0.988957,0.971439,0.99124,24,0.991372,0.990196,0.992235,0.002038,0.991181,0.989074,0.994448,0.985513,0.995601,0.0,24,0.0,24,0.675781,24,133.5,24,,0,0.10915,24
14,6,24,False,native,24,0.983153,0.980732,0.985206,0.004474,0.982769,0.978065,0.987863,0.971513,0.990789,24,0.991505,0.990272,0.992548,0.002275,0.991304,0.988911,0.993894,0.985551,0.995373,0.0,24,0.0,24,0.689453,24,139.0,24,,0,0.109273,24
14,7,24,False,native,24,0.983675,0.981253,0.985411,0.004158,0.982968,0.977071,0.988305,0.97004,0.990488,24,0.99177,0.990538,0.992652,0.002114,0.991405,0.988403,0.994118,0.984792,0.995221,0.0,24,0.0,24,0.677734,24,134.0,24,,0,0.109306,24
14,8,24,False,native,24,0.984795,0.981048,0.986309,0.005261,0.983856,0.978993,0.988935,0.972177,0.990714,24,0.992339,0.990433,0.993107,0.002674,0.991857,0.989385,0.994436,0.985892,0.995335,0.000296,24,0.0,24,0.650391,24,133.0,24,,0,0.109323,24
14,9,24,False,native,24,0.984123,0.982054,0.98601,0.003956,0.983774,0.978978,0.98925,0.974466,0.990564,24,0.991998,0.990945,0.992955,0.00201,0.991816,0.989377,0.994596,0.987068,0.995259,0.0,24,0.000639,24,0.658203,24,126.0,24,,0,0.109308,24
14,10,24,False,native,24,0.984608,0.981141,0.98629,0.005149,0.98389,0.97906,0.989467,0.973283,0.990263,24,0.992244,0.990481,0.993098,0.002617,0.991875,0.989419,0.994706,0.986461,0.995108,0.000851,24,0.0,24,0.642578,24,128.5,24,0.999832,24,0.109266,24
14,11,24,False,native,24,0.985393,0.981309,0.987207,0.005898,0.984128,0.978926,0.988042,0.975205,0.990714,24,0.992643,0.990566,0.993562,0.002996,0.991996,0.989351,0.993985,0.987447,0.995335,0.000929,24,0.000296,24,0.632812,24,127.5,24,,0,0.109285,24
14,12,24,False,native,24,0.985467,0.981309,0.987188,0.005879,0.984184,0.978273,0.988927,0.97713,0.990488,24,0.992681,0.990566,0.993553,0.002987,0.992025,0.989017,0.994433,0.988433,0.995221,0.000143,24,0.00104,24,0.621094,24,125.0,24,,0,0.109263,24
14,13,24,False,native,24,0.985505,0.982351,0.987413,0.005061,0.98465,0.978555,0.989039,0.977798,0.990564,24,0.992699,0.991097,0.993667,0.002569,0.992262,0.989161,0.99449,0.988774,0.995259,0.00108,24,0.000557,24,0.632812,24,127.5,24,,0,0.109231,24
14,14,24,False,native,24,0.985729,0.981979,0.986851,0.004872,0.984642,0.97978,0.988942,0.977056,0.989812,24,0.992813,0.990908,0.993382,0.002475,0.992259,0.989787,0.99444,0.988395,0.99488,0.001083,24,0.000822,24,0.607422,24,126.0,24,,0,0.109199,24
14,15,24,False,native,24,0.985916,0.981327,0.987825,0.006497,0.984615,0.97926,0.989092,0.978169,0.989437,24,0.992908,0.990576,0.993875,0.003299,0.992244,0.989521,0.994516,0.988964,0.994691,0.001217,24,0.001575,24,0.617188,24,121.0,24,,0,0.109224,24
14,16,24,False,native,24,0.985355,0.981532,0.988556,0.007024,0.984821,0.979454,0.989265,0.978317,0.989512,24,0.992624,0.99068,0.994245,0.003565,0.992349,0.98962,0.994603,0.98904,0.994728,0.001175,24,0.001186,24,0.628906,24,122.5,24,,0,0.1092,24
14,17,24,False,native,24,0.985879,0.981644,0.987375,0.005732,0.98495,0.980011,0.988732,0.979357,0.99109,24,0.992889,0.990737,0.993648,0.002911,0.992415,0.989904,0.994334,0.989571,0.995525,0.00153,24,0.001186,24,0.613281,24,121.5,24,,0,0.109173,24
14,18,24,False,native,24,0.986103,0.982258,0.987581,0.005323,0.984987,0.980546,0.988979,0.979951,0.990113,24,0.993003,0.99105,0.993752,0.002702,0.992434,0.990177,0.994459,0.989874,0.995032,0.001518,24,0.001305,24,0.605469,24,121.5,24,,0,0.109139,24
14,19,24,False,native,24,0.985879,0.982426,0.988462,0.006036,0.985298,0.980762,0.98919,0.97958,0.990413,24,0.992889,0.991135,0.994198,0.003062,0.992592,0.990287,0.994565,0.989684,0.995184,0.001282,24,0.001492,24,0.617188,24,124.0,24,,0,0.109112,24
14,20,24,False,native,24,0.985692,0.98196,0.988331,0.00637,0.985105,0.980494,0.989024,0.979357,0.990338,24,0.992794,0.990898,0.994131,0.003233,0.992494,0.990151,0.994482,0.989571,0.995146,0.001087,24,0.001472,24,0.615234,24,122.5,24,0.999823,24,0.109085,24
14,21,24,False,native,24,0.985542,0.982836,0.987394,0.004558,0.984917,0.980866,0.988514,0.979431,0.988762,24,0.992718,0.991344,0.993657,0.002313,0.992399,0.990341,0.994224,0.989609,0.994349,0.001476,24,0.001118,24,0.613281,24,125.5,24,,0,0.109032,24
14,22,24,False,native,24,0.98629,0.982612,0.98745,0.004838,0.985102,0.980859,0.988687,0.97958,0.989362,24,0.993098,0.99123,0.993686,0.002456,0.992492,0.990337,0.994311,0.989684,0.994653,0.001183,24,0.001362,24,0.597656,24,116.0,24,,0,0.109016,24
14,23,24,False,native,24,0.985953,0.982687,0.987769,0.005082,0.985121,0.980241,0.988814,0.978985,0.989287,24,0.992927,0.991268,0.993847,0.002579,0.992502,0.990022,0.994376,0.989381,0.994615,0.001587,24,0.001453,24,0.589844,24,121.0,24,,0,0.108994,24
14,24,24,False,native,24,0.98558,0.98291,0.987731,0.004821,0.984996,0.9801,0.988649,0.979951,0.989437,24,0.992737,0.991382,0.993828,0.002446,0.992439,0.98995,0.994292,0.989874,0.994691,0.001446,24,0.001476,24,0.615234,24,119.5,24,,0,0.108973,24
14,25,24,False,native,24,0.985393,0.982407,0.987357,0.004949,0.98495,0.980539,0.988904,0.978391,0.990188,24,0.992643,0.991126,0.993638,0.002513,0.992415,0.990174,0.994421,0.989078,0.99507,0.001411,24,0.001236,24,0.621094,24,122.0,24,,0,0.108986,24
14,26,24,False,native,24,0.985617,0.982668,0.987713,0.005044,0.98514,0.980204,0.988889,0.978837,0.989963,24,0.992756,0.991258,0.993818,0.00256,0.992511,0.990003,0.994414,0.989305,0.994956,0.001411,24,0.001507,24,0.595703,24,120.0,24,,0,0.108943,24
14,27,24,False,native,24,0.985355,0.983507,0.98717,0.003662,0.985195,0.980963,0.988859,0.97906,0.989737,24,0.992624,0.991685,0.993543,0.001858,0.99254,0.99039,0.994399,0.989419,0.994842,0.001221,24,0.001453,24,0.621094,24,122.5,24,,0,0.108942,24
14,28,24,False,native,24,0.984832,0.982333,0.987357,0.005024,0.984638,0.980606,0.988177,0.978169,0.989137,24,0.992358,0.991088,0.993638,0.00255,0.992257,0.990208,0.994053,0.988964,0.994539,0.001392,24,0.001476,24,0.644531,24,120.5,24,,0,0.108932,24
14,29,24,False,native,24,0.984571,0.982687,0.987956,0.005269,0.984943,0.981856,0.988792,0.978391,0.989963,24,0.992225,0.991268,0.993942,0.002674,0.992412,0.990845,0.994364,0.989078,0.994956,0.001022,24,0.00135,24,0.638672,24,120.5,24,,0,0.10895,24
14,30,24,False,native,24,0.984907,0.983078,0.987713,0.004634,0.985011,0.980739,0.988589,0.979654,0.989737,24,0.992396,0.991467,0.993818,0.002351,0.992447,0.990276,0.994262,0.989722,0.994842,0.001034,24,0.001198,24,0.636719,24,119.5,24,0.999822,24,0.108931,24
14,31,24,False,native,24,0.98558,0.98196,0.987919,0.005958,0.984989,0.981513,0.988792,0.979505,0.989062,24,0.992737,0.990898,0.993923,0.003024,0.992436,0.990671,0.994364,0.989647,0.994501,0.001183,24,0.001427,24,0.609375,24,119.5,24,,0,0.108922,24
14,32,24,False,native,24,0.98629,0.982053,0.987226,0.005172,0.984903,0.980769,0.98796,0.97802,0.989737,24,0.993098,0.990945,0.993572,0.002626,0.992391,0.990291,0.993943,0.988888,0.994842,0.001232,24,0.001316,24,0.576172,24,121.5,24,,0,0.108953,24
14,33,24,False,native,24,0.985991,0.983283,0.987581,0.004298,0.985234,0.982206,0.988065,0.980323,0.988687,24,0.992946,0.991571,0.993752,0.002181,0.99256,0.991023,0.993997,0.990064,0.994311,0.001575,24,0.001312,24,0.603516,24,116.5,24,,0,0.108975,24
14,34,24,False,native,24,0.985953,0.983227,0.987862,0.004635,0.985285,0.980874,0.988544,0.97958,0.990113,24,0.992927,0.991543,0.993894,0.002351,0.992586,0.990344,0.994239,0.989684,0.995032,0.001389,24,0.00135,24,0.601562,24,120.0,24,,0,0.109029,24
14,35,24,False,native,24,0.985729,0.98265,0.987787,0.005138,0.985074,0.981246,0.988514,0.978688,0.989287,24,0.992813,0.991249,0.993856,0.002607,0.992478,0.990534,0.994224,0.989229,0.994615,0.001415,24,0.001263,24,0.613281,24,121.0,24,,0,0.109051,24
14,36,24,False,native,24,0.985916,0.98237,0.987413,0.005043,0.984937,0.980412,0.988552,0.97906,0.988987,24,0.992908,0.991107,0.993667,0.00256,0.992409,0.990109,0.994243,0.989419,0.994463,0.00132,24,0.001625,24,0.595703,24,113.5,24,,0,0.10914,24
14,37,24,False,native,24,0.985879,0.982836,0.987806,0.00497,0.985254,0.981826,0.988215,0.979505,0.989062,24,0.992889,0.991344,0.993866,0.002522,0.99257,0.99083,0.994072,0.989647,0.994501,0.001274,24,0.000526,24,0.605469,24,125.0,24,,0,0.109216,24
14,38,24,False,native,24,0.985243,0.98237,0.987132,0.004762,0.984809,0.981141,0.988627,0.978985,0.989662,24,0.992567,0.991107,0.993524,0.002418,0.992344,0.990481,0.994281,0.989381,0.994804,0.00132,24,0.001476,24,0.609375,24,119.5,24,,0,0.10931,24
14,39,24,False,native,24,0.984758,0.982873,0.98717,0.004296,0.984893,0.981811,0.988327,0.979357,0.990038,24,0.99232,0.991363,0.993543,0.002181,0.992387,0.990822,0.994129,0.989571,0.994994,0.001339,24,0.001343,24,0.638672,24,119.5,24,,0,0.109398,24
14,40,24,False,native,24,0.985804,0.983041,0.987862,0.004821,0.985294,0.981849,0.988597,0.979357,0.989662,24,0.992851,0.991448,0.993894,0.002446,0.99259,0.990841,0.994266,0.989571,0.994804,0.001293,24,0.001312,24,0.599609,24,117.5,24,0.999813,24,0.109409,24
14,41,24,False,native,24,0.985057,0.983134,0.987675,0.004541,0.984989,0.981975,0.988312,0.977279,0.989137,24,0.992472,0.991495,0.993799,0.002304,0.992436,0.990906,0.994122,0.988509,0.994539,0.001549,24,0.001568,24,0.634766,24,118.0,24,,0,0.109435,24
14,42,24,False,native,24,0.985617,0.982761,0.987226,0.004464,0.984996,0.981432,0.988597,0.978169,0.989212,24,0.992756,0.991306,0.993572,0.002266,0.992439,0.990629,0.994266,0.988964,0.994577,0.001614,24,0.001396,24,0.628906,24,114.0,24,,0,0.109463,24
14,43,24,False,native,24,0.985393,0.983209,0.987675,0.004466,0.985089,0.982229,0.98835,0.976612,0.989137,24,0.992643,0.991533,0.993799,0.002266,0.992486,0.991035,0.994141,0.988167,0.994539,0.001732,24,0.001431,24,0.611328,24,115.0,24,,0,0.109469,24
14,44,24,False,native,24,0.985916,0.982277,0.988087,0.00581,0.984993,0.981729,0.988469,0.977946,0.990188,24,0.992908,0.991059,0.994008,0.002949,0.992437,0.99078,0.994201,0.98885,0.99507,0.001743,24,0.00174,24,0.615234,24,116.5,24,,0,0.109595,24
14,45,24,False,native,24,0.985168,0.982836,0.987581,0.004745,0.98509,0.980896,0.988897,0.978243,0.991766,24,0.992529,0.991344,0.993752,0.002408,0.992486,0.990356,0.994417,0.989002,0.995866,0.001431,24,0.001713,24,0.626953,24,115.5,24,,0,0.109715,24
14,46,24,False,native,24,0.98487,0.982705,0.987881,0.005176,0.985041,0.981231,0.98928,0.977501,0.990564,24,0.992377,0.991277,0.993904,0.002626,0.992461,0.990526,0.994611,0.988623,0.995259,0.001953,24,0.00177,24,0.632812,24,118.5,24,,0,0.109836,24
14,47,24,False,native,24,0.984944,0.982631,0.988481,0.00585,0.985169,0.981127,0.989955,0.977946,0.990639,24,0.992415,0.991239,0.994207,0.002968,0.992526,0.990473,0.994952,0.98885,0.995297,0.00193,24,0.001884,24,0.634766,24,114.5,24,,0,0.110045,24
14,48,24,False,native,24,0.984309,0.982743,0.988181,0.005438,0.984672,0.979676,0.988852,0.975649,0.991165,24,0.992093,0.991296,0.994055,0.002759,0.992273,0.989734,0.994395,0.987674,0.995563,0.001976,24,0.001873,24,0.638672,24,113.0,24,,0,0.110104,24
14,49,24,False,native,24,0.984795,0.981979,0.988368,0.006389,0.984368,0.979253,0.9897,0.969966,0.99139,24,0.992339,0.990908,0.99415,0.003243,0.992115,0.989518,0.994823,0.984754,0.995677,0.001907,24,0.001839,24,0.648438,24,105.0,24,,0,0.109773,24
15,0,24,False,native,24,0.972767,0.964408,0.97752,0.013112,0.970922,0.956376,0.982572,0.948422,0.985991,24,0.986195,0.981881,0.988632,0.006751,0.98522,0.9777,0.991209,0.973529,0.992946,0.0,24,0.0,24,0.845703,24,173.0,24,0.999594,24,0.10804,24
15,1,24,False,native,24,0.972177,0.967578,0.982053,0.014476,0.971897,0.957035,0.984772,0.947919,0.985542,24,0.985892,0.983522,0.990945,0.007424,0.985718,0.978045,0.992328,0.973263,0.992718,0.0,24,0.0,24,0.847656,24,165.0,24,,0,0.108587,24
15,2,24,False,native,24,0.976649,0.968441,0.985075,0.016634,0.975712,0.960731,0.986485,0.953475,0.987113,24,0.988186,0.983967,0.992481,0.008514,0.987682,0.979972,0.993196,0.976183,0.993515,0.0,24,0.0,24,0.791016,24,146.5,24,,0,0.108059,24
15,3,24,False,native,24,0.978688,0.972029,0.986084,0.014055,0.976796,0.963045,0.987196,0.949935,0.988012,24,0.989229,0.985816,0.992993,0.007177,0.988235,0.981174,0.993557,0.974325,0.99397,0.0,24,0.0,24,0.771484,24,134.0,24,,0,0.108185,24
15,4,24,False,native,24,0.979505,0.972361,0.984907,0.012546,0.976899,0.962957,0.98832,0.947415,0.988612,24,0.989647,0.985987,0.992396,0.006409,0.988283,0.981129,0.994125,0.972998,0.994273,0.0,24,0.0,24,0.728516,24,130.5,24,,0,0.108063,24
15,5,24,False,native,24,0.980695,0.971955,0.983955,0.012,0.977522,0.968386,0.987668,0.944543,0.988837,24,0.990253,0.985778,0.991913,0.006134,0.988604,0.983939,0.993796,0.971481,0.994387,0.000427,24,0.0,24,0.744141,24,129.5,24,,0,0.108086,24
15,6,24,False,native,24,0.980583,0.974614,0.984814,0.0102,0.978275,0.969157,0.987982,0.945906,0.990338,24,0.990196,0.987144,0.992349,0.005205,0.988991,0.984337,0.993955,0.972201,0.995146,0.0,24,0.0,24,0.71875,24,137.5,24,,0,0.107996,24
15,7,24,False,native,24,0.981365,0.976149,0.984851,0.008702,0.978588,0.96893,0.987271,0.949287,0.989737,24,0.990595,0.98793,0.992368,0.004437,0.989152,0.98422,0.993595,0.973984,0.994842,0.0,24,0.0,24,0.707031,24,131.5,24,,0,0.107989,24
15,8,24,False,native,24,0.981737,0.975502,0.984758,0.009256,0.978777,0.970851,0.988627,0.949503,0.990488,24,0.990784,0.987599,0.99232,0.004722,0.989248,0.985209,0.994281,0.974097,0.995221,0.0,24,0.000406,24,0.695312,24,129.0,24,,0,0.107987,24
15,9,24,False,native,24,0.981625,0.975853,0.983862,0.008009,0.978905,0.970489,0.988365,0.951306,0.989888,24,0.990727,0.987779,0.991865,0.004086,0.989318,0.985024,0.994148,0.975046,0.994918,0.0,24,0.0,24,0.697266,24,133.0,24,,0,0.107985,24
15,10,24,False,native,24,0.980844,0.975853,0.983806,0.007954,0.979165,0.971977,0.988477,0.951017,0.989812,24,0.990329,0.987779,0.991837,0.004058,0.989451,0.98579,0.994205,0.974894,0.99488,0.0,24,0.000504,24,0.712891,24,129.0,24,0.99975,24,0.107931,24
15,11,24,False,native,24,0.981625,0.977651,0.983881,0.00623,0.979312,0.972663,0.988709,0.950296,0.989737,24,0.990727,0.988698,0.991875,0.003176,0.989525,0.986142,0.994323,0.974515,0.994842,0.0,24,0.0,24,0.691406,24,137.5,24,,0,0.10788,24
15,12,24,False,native,24,0.981141,0.977391,0.983974,0.006583,0.979396,0.970578,0.989362,0.953041,0.989737,24,0.990481,0.988566,0.991922,0.003356,0.989571,0.985069,0.994653,0.975956,0.994842,0.0,24,0.00046,24,0.722656,24,131.0,24,,0,0.107841,24
15,13,24,False,native,24,0.981328,0.977483,0.983768,0.006285,0.979806,0.972885,0.98925,0.95514,0.989963,24,0.990576,0.988613,0.991818,0.003205,0.989782,0.986256,0.994596,0.977056,0.994956,0.0,24,0.0,24,0.730469,24,136.0,24,,0,0.107761,24
15,14,24,False,native,24,0.981439,0.977965,0.983899,0.005934,0.979907,0.973447,0.988687,0.955938,0.989287,24,0.990633,0.98886,0.991884,0.003024,0.989835,0.986544,0.994311,0.977473,0.994615,0.0,24,0.0,24,0.695312,24,131.5,24,,0,0.107664,24
15,15,24,False,native,24,0.980435,0.97689,0.985654,0.008765,0.980189,0.974466,0.989505,0.959062,0.990488,24,0.990121,0.98831,0.992775,0.004466,0.98998,0.987068,0.994725,0.979103,0.995221,0.0,24,0.0,24,0.712891,24,137.5,24,,0,0.107619,24
15,16,24,False,native,24,0.9817,0.97676,0.984664,0.007904,0.980241,0.974,0.989557,0.959936,0.990564,24,0.990765,0.988243,0.992273,0.00403,0.990007,0.986829,0.994751,0.979559,0.995259,0.0,24,0.0,24,0.6875,24,129.0,24,,0,0.107563,24
15,17,24,False,native,24,0.982072,0.976371,0.983937,0.007566,0.980138,0.972796,0.989662,0.959062,0.990639,24,0.990955,0.988044,0.991903,0.003859,0.989953,0.986211,0.994804,0.979103,0.995297,0.0,24,0.0,24,0.712891,24,128.5,24,,0,0.107514,24
15,18,24,False,native,24,0.981775,0.976445,0.984926,0.008481,0.980297,0.972516,0.989873,0.959426,0.990564,24,0.990803,0.988082,0.992406,0.004323,0.990035,0.986066,0.99491,0.979293,0.995259,0.000441,24,0.0,24,0.691406,24,136.0,24,,0,0.107486,24
15,19,24,False,native,24,0.981811,0.97613,0.985057,0.008927,0.980773,0.974059,0.98949,0.963293,0.990113,24,0.990822,0.987921,0.992472,0.004551,0.99028,0.986859,0.994717,0.981303,0.995032,0.00045,24,0.000422,24,0.693359,24,129.0,24,,0,0.107468,24
15,20,24,False,native,24,0.982035,0.977019,0.985898,0.008878,0.98107,0.974163,0.989047,0.963219,0.991691,24,0.990936,0.988376,0.992899,0.004523,0.990432,0.986912,0.994493,0.981265,0.995828,0.000452,24,0.000431,24,0.679688,24,128.0,24,0.999764,24,0.107444,24
15,21,24,False,native,24,0.982333,0.97726,0.985711,0.00845,0.981063,0.974954,0.989452,0.961978,0.99124,24,0.991088,0.988499,0.992804,0.004304,0.990427,0.987318,0.994698,0.98062,0.995601,0.0,24,0.000965,24,0.681641,24,126.5,24,,0,0.107391,24
15,22,24,False,native,24,0.982258,0.976445,0.985355,0.00891,0.980902,0.974355,0.989618,0.964755,0.991165,24,0.99105,0.988082,0.992624,0.004541,0.990347,0.987011,0.994782,0.982062,0.995563,0.0,24,0.0,24,0.6875,24,128.0,24,,0,0.107358,24
15,23,24,False,native,24,0.982109,0.976556,0.984945,0.008389,0.980842,0.974362,0.98961,0.96417,0.990789,24,0.990974,0.988139,0.992415,0.004276,0.990317,0.987015,0.994778,0.981758,0.995373,0.0,24,0.0,24,0.716797,24,131.0,24,,0,0.107277,24
15,24,24,False,native,24,0.982333,0.975945,0.984646,0.008701,0.980346,0.973653,0.989265,0.96227,0.990488,24,0.991088,0.987826,0.992263,0.004437,0.990062,0.98665,0.994603,0.980772,0.995221,0.000395,24,0.0,24,0.691406,24,138.0,24,,0,0.107251,24
15,25,24,False,native,24,0.982296,0.975575,0.984384,0.008809,0.980414,0.971542,0.989062,0.965561,0.990639,24,0.991069,0.987637,0.992131,0.004494,0.990098,0.985566,0.994501,0.982479,0.995297,0.0,24,0.0,24,0.705078,24,130.5,24,,0,0.107185,24
15,26,24,False,native,24,0.983004,0.975575,0.985449,0.009874,0.980773,0.972508,0.988724,0.966074,0.991616,24,0.991429,0.987637,0.992671,0.005035,0.99028,0.986063,0.99433,0.982744,0.99579,0.0,24,0.000395,24,0.675781,24,127.0,24,,0,0.107123,24
15,27,24,False,native,24,0.982668,0.976167,0.985225,0.009058,0.980741,0.97141,0.989437,0.965195,0.990263,24,0.991258,0.98794,0.992557,0.004617,0.990264,0.985498,0.994691,0.982289,0.995108,0.0,24,0.0,24,0.683594,24,132.5,24,,0,0.107088,24
15,28,24,False,native,24,0.982668,0.976649,0.986122,0.009473,0.98093,0.970312,0.988387,0.967101,0.99139,24,0.991258,0.988186,0.993012,0.004826,0.990361,0.984932,0.99416,0.983275,0.995677,0.0,24,0.0,24,0.681641,24,133.0,24,,0,0.107018,24
15,29,24,False,native,24,0.983041,0.975649,0.985374,0.009725,0.980817,0.971646,0.9882,0.968275,0.990864,24,0.991448,0.987674,0.992633,0.004959,0.990304,0.985619,0.994065,0.983882,0.995411,0.0,24,0.0,24,0.667969,24,138.5,24,,0,0.106913,24
15,30,24,False,native,24,0.983563,0.976761,0.98571,0.00895,0.981001,0.972826,0.987555,0.967174,0.991165,24,0.991713,0.988243,0.992804,0.00456,0.990399,0.986226,0.993739,0.983313,0.995563,0.0,24,0.0,24,0.662109,24,139.5,24,0.999773,24,0.106815,24
15,31,24,False,native,24,0.982445,0.975928,0.984982,0.009053,0.980555,0.971336,0.988357,0.967688,0.991691,24,0.991145,0.987817,0.992434,0.004617,0.99017,0.98546,0.994144,0.983579,0.995828,0.0,24,0.0,24,0.691406,24,133.0,24,,0,0.106715,24
15,32,24,False,native,24,0.98237,0.975225,0.985486,0.010261,0.98068,0.970393,0.987675,0.969599,0.991466,24,0.991107,0.987456,0.99269,0.005234,0.990234,0.984974,0.993799,0.984565,0.995715,0.0,24,0.0,24,0.673828,24,131.0,24,,0,0.106653,24
15,33,24,False,native,24,0.982296,0.975318,0.984982,0.009663,0.980396,0.970563,0.98772,0.969304,0.990714,24,0.991069,0.987504,0.992434,0.00493,0.990089,0.985061,0.993822,0.984413,0.995335,0.0,24,0.0,24,0.683594,24,135.0,24,,0,0.106596,24
15,34,24,False,native,24,0.982855,0.976004,0.984888,0.008885,0.980629,0.970099,0.988065,0.96901,0.991691,24,0.991353,0.987855,0.992387,0.004532,0.990208,0.984823,0.993997,0.984261,0.995828,0.0,24,0.0,24,0.669922,24,132.0,24,,0,0.106521,24
15,35,24,False,native,24,0.982184,0.976133,0.984589,0.008457,0.980411,0.970106,0.988275,0.968202,0.99139,24,0.991012,0.987921,0.992235,0.004314,0.990097,0.984826,0.994103,0.983844,0.995677,0.0,24,0.0,24,0.681641,24,137.0,24,,0,0.106448,24
15,36,24,False,native,24,0.982184,0.976781,0.98558,0.008799,0.980451,0.969047,0.988132,0.967688,0.992143,24,0.991012,0.988253,0.992737,0.004485,0.990116,0.98428,0.994031,0.983579,0.996056,0.000401,24,0.000406,24,0.681641,24,125.5,24,,0,0.106351,24
15,37,24,False,native,24,0.981923,0.975391,0.984496,0.009105,0.98003,0.968533,0.988642,0.967101,0.99124,24,0.990879,0.987542,0.992188,0.004646,0.989901,0.984015,0.994289,0.983275,0.995601,0.0,24,0.0,24,0.693359,24,139.0,24,,0,0.106323,24
15,38,24,False,native,24,0.981476,0.976855,0.984085,0.00723,0.980166,0.969481,0.987593,0.967174,0.991315,24,0.990652,0.988291,0.991979,0.003688,0.989972,0.984504,0.993758,0.983313,0.995639,0.0,24,0.0,24,0.697266,24,135.5,24,,0,0.106256,24
15,39,24,False,native,24,0.980769,0.97589,0.984888,0.008998,0.979943,0.969098,0.987428,0.967321,0.990864,24,0.990291,0.987798,0.992387,0.004589,0.989858,0.984307,0.993674,0.983389,0.995411,0.0,24,0.000366,24,0.697266,24,128.0,24,,0,0.106136,24
15,40,24,False,native,24,0.981439,0.976001,0.984982,0.008981,0.979823,0.967702,0.98739,0.965121,0.990413,24,0.990633,0.987855,0.992434,0.004579,0.989795,0.983586,0.993655,0.982251,0.995184,0.000422,24,0.000778,24,0.6875,24,122.0,24,0.999772,24,0.106107,24
15,41,24,False,native,24,0.980993,0.975483,0.985411,0.009929,0.979801,0.966631,0.987443,0.965195,0.992444,24,0.990405,0.987589,0.992652,0.005063,0.989782,0.983032,0.993682,0.982289,0.996208,0.000395,24,0.000399,24,0.705078,24,127.5,24,,0,0.106053,24
15,42,24,False,native,24,0.981551,0.975501,0.98487,0.009369,0.979687,0.966074,0.987735,0.965195,0.991842,24,0.990689,0.987599,0.992377,0.004779,0.989724,0.982744,0.99383,0.982289,0.995904,0.000408,24,0.000828,24,0.695312,24,122.0,24,,0,0.106032,24
15,43,24,False,native,24,0.981849,0.975649,0.985449,0.0098,0.979493,0.964698,0.98802,0.962489,0.991466,24,0.990841,0.987674,0.992671,0.004997,0.989623,0.982031,0.993974,0.980886,0.995715,0.000412,24,0.000385,24,0.714844,24,129.0,24,,0,0.106088,24
15,44,24,False,native,24,0.9817,0.976686,0.984216,0.00753,0.97933,0.966346,0.986619,0.962562,0.991541,24,0.990765,0.988205,0.992045,0.00384,0.989541,0.982885,0.993265,0.980924,0.995752,0.000795,24,0.000774,24,0.71875,24,124.0,24,,0,0.106108,24
15,45,24,False,native,24,0.981439,0.975409,0.984067,0.008658,0.979187,0.96592,0.988867,0.960082,0.99109,24,0.990633,0.987551,0.991969,0.004418,0.989466,0.982665,0.994402,0.979634,0.995525,0.000776,24,0.0,24,0.701172,24,129.5,24,,0,0.106195,24
15,46,24,False,native,24,0.982445,0.976982,0.985206,0.008224,0.979669,0.964609,0.987727,0.959718,0.990488,24,0.991145,0.988357,0.992548,0.004191,0.989711,0.981986,0.993826,0.979445,0.995221,0.000811,24,0.000795,24,0.697266,24,122.5,24,,0,0.106293,24
15,47,24,False,native,24,0.98278,0.977632,0.984552,0.00692,0.979627,0.965209,0.9882,0.958699,0.989737,24,0.991315,0.988689,0.992216,0.003527,0.989689,0.982297,0.994065,0.978914,0.994842,0.000824,24,0.000393,24,0.685547,24,126.5,24,,0,0.106466,24
15,48,24,False,native,24,0.981551,0.977965,0.985467,0.007503,0.979827,0.966023,0.988649,0.961029,0.989963,24,0.990689,0.98886,0.992681,0.003821,0.989793,0.982718,0.994292,0.980127,0.994956,0.000824,24,0.000872,24,0.691406,24,118.5,24,,0,0.106626,24
15,49,24,False,native,24,0.982817,0.976964,0.98543,0.008466,0.979442,0.965092,0.987443,0.958844,0.989437,24,0.991334,0.988348,0.992662,0.004314,0.989594,0.982236,0.993682,0.97899,0.994691,0.000813,24,0.000851,24,0.697266,24,107.0,24,,0,0.10681,24
16,0,24,False,native,24,0.9738,0.96375,0.983004,0.019254,0.97093,0.950859,0.985879,0.934343,0.990263,24,0.986726,0.98154,0.991429,0.009889,0.985198,0.97481,0.992889,0.966057,0.995108,0.0,24,0.0,24,0.830078,24,188.0,24,0.999666,24,0.108138,24
16,1,24,False,native,24,0.972069,0.959863,0.984459,0.024595,0.971384,0.954894,0.987091,0.94684,0.988612,24,0.985835,0.979521,0.992169,0.012648,0.98544,0.976927,0.993503,0.972694,0.994273,0.0,24,0.0,24,0.835938,24,185.5,24,,0,0.108744,24
16,2,24,False,native,24,0.973468,0.968955,0.981309,0.012354,0.974049,0.961249,0.986178,0.95008,0.989963,24,0.986556,0.984233,0.990566,0.006333,0.986826,0.980241,0.993041,0.974401,0.994956,0.0,24,0.0,24,0.830078,24,172.5,24,,0,0.108465,24
16,3,24,False,native,24,0.974761,0.971716,0.98237,0.010655,0.97549,0.967204,0.98478,0.95044,0.989888,24,0.987219,0.985655,0.991107,0.005452,0.98757,0.983328,0.992332,0.97459,0.994918,0.0,24,0.0,24,0.802734,24,167.5,24,,0,0.108828,24
16,4,24,False,native,24,0.975945,0.972232,0.981551,0.009319,0.975515,0.968783,0.983735,0.948063,0.990564,24,0.987826,0.98592,0.990689,0.004769,0.987583,0.984144,0.991801,0.973339,0.995259,0.0,24,0.0,24,0.802734,24,170.5,24,,0,0.108756,24
16,5,24,False,native,24,0.976723,0.973708,0.983097,0.009389,0.97681,0.97007,0.985408,0.947199,0.990188,24,0.988224,0.986679,0.991476,0.004797,0.988246,0.984807,0.99265,0.972884,0.99507,0.0,24,0.0,24,0.798828,24,170.0,24,,0,0.108896,24
16,6,24,False,native,24,0.978206,0.974466,0.982687,0.008221,0.977518,0.972221,0.98413,0.952101,0.990789,24,0.988983,0.987068,0.991268,0.0042,0.988613,0.985915,0.992002,0.975463,0.995373,0.0,24,0.0,24,0.767578,24,165.0,24,,0,0.108924,24
16,7,24,False,native,24,0.978354,0.974743,0.982873,0.00813,0.977641,0.972022,0.985363,0.953041,0.989963,24,0.989059,0.98721,0.991363,0.004153,0.988676,0.985812,0.992627,0.975956,0.994956,0.0,24,0.0,24,0.763672,24,165.0,24,,0,0.10899,24
16,8,24,False,native,24,0.977983,0.976371,0.982612,0.006241,0.978039,0.971314,0.985056,0.956664,0.990113,24,0.988869,0.988044,0.99123,0.003186,0.988882,0.985448,0.992472,0.977852,0.995032,0.0,24,0.0,24,0.767578,24,158.5,24,,0,0.109033,24
16,9,24,False,native,24,0.978466,0.976945,0.982743,0.005798,0.9782,0.971181,0.984945,0.955575,0.989512,24,0.989116,0.988338,0.991296,0.002958,0.988964,0.98538,0.992415,0.977283,0.994728,0.0,24,0.0,24,0.732422,24,161.5,24,,0,0.10909,24
16,10,24,False,native,24,0.979988,0.976482,0.982799,0.006317,0.97861,0.97122,0.985191,0.955213,0.990338,24,0.989893,0.988101,0.991325,0.003224,0.989174,0.985399,0.99254,0.977093,0.995146,0.0,24,0.0,24,0.726562,24,160.0,24,0.999764,24,0.109145,24
16,11,24,False,native,24,0.979468,0.977001,0.981942,0.004941,0.978598,0.971756,0.984362,0.958917,0.990564,24,0.989628,0.988367,0.990889,0.002522,0.989171,0.985676,0.992119,0.979028,0.995259,0.0,24,0.0,24,0.740234,24,163.5,24,,0,0.10918,24
16,12,24,False,native,24,0.979245,0.97613,0.982109,0.005979,0.97862,0.972333,0.983757,0.962927,0.989888,24,0.989514,0.987921,0.990974,0.003053,0.989185,0.985972,0.991812,0.981113,0.994918,0.0,24,0.0,24,0.740234,24,158.0,24,,0,0.10924,24
16,13,24,False,native,24,0.979171,0.977371,0.981998,0.004626,0.978665,0.972221,0.982937,0.963146,0.989662,24,0.989476,0.988556,0.990917,0.002361,0.989209,0.985915,0.991395,0.981227,0.994804,0.0,24,0.0,24,0.746094,24,153.0,24,,0,0.109306,24
16,14,24,False,native,24,0.97932,0.976778,0.983227,0.006449,0.979311,0.972767,0.984496,0.965854,0.989737,24,0.989552,0.988253,0.991543,0.00329,0.989539,0.986195,0.992188,0.98263,0.994842,0.0,24,0.0,24,0.751953,24,152.5,24,,0,0.109355,24
16,15,24,False,native,24,0.978948,0.97726,0.982855,0.005594,0.979036,0.972693,0.984033,0.966954,0.988612,24,0.989362,0.988499,0.991353,0.002854,0.9894,0.986157,0.991952,0.983199,0.994273,0.0,24,0.0,24,0.742188,24,150.5,24,,0,0.10937,24
16,16,24,False,native,24,0.97854,0.977223,0.983171,0.005948,0.979188,0.972147,0.98419,0.966514,0.989062,24,0.989154,0.98848,0.991514,0.003034,0.989477,0.985877,0.992032,0.982972,0.994501,0.0,24,0.0,24,0.755859,24,152.5,24,,0,0.109389,24
16,17,24,False,native,24,0.978874,0.977427,0.982724,0.005297,0.979369,0.973306,0.983608,0.968716,0.988912,24,0.989324,0.988585,0.991287,0.002702,0.989571,0.986472,0.991736,0.98411,0.994425,0.0,24,0.000429,24,0.751953,24,145.5,24,,0,0.109413,24
16,18,24,False,native,24,0.978874,0.976871,0.982463,0.005592,0.979454,0.973158,0.98481,0.971366,0.989137,24,0.989324,0.9883,0.991154,0.002854,0.989615,0.986396,0.992347,0.985475,0.994539,0.0,24,0.0,24,0.740234,24,150.0,24,,0,0.109405,24
16,19,24,False,native,24,0.979394,0.976445,0.982258,0.005813,0.979255,0.97332,0.984481,0.971587,0.988537,24,0.98959,0.988082,0.99105,0.002968,0.989514,0.98648,0.99218,0.985589,0.994235,0.0,24,0.0,24,0.75,24,146.0,24,,0,0.1094,24
16,20,24,False,native,24,0.979728,0.975039,0.983078,0.008039,0.979321,0.97335,0.985281,0.971734,0.988237,24,0.98976,0.987362,0.991467,0.004105,0.989547,0.986495,0.992586,0.985664,0.994084,0.0,24,0.0,24,0.730469,24,148.5,24,0.999738,24,0.109386,24
16,21,24,False,native,24,0.97958,0.975409,0.982873,0.007465,0.979296,0.973136,0.984235,0.970776,0.988012,24,0.989684,0.987551,0.991363,0.003811,0.989534,0.986385,0.992055,0.985171,0.99397,0.0,24,0.0,24,0.736328,24,146.0,24,,0,0.109358,24
16,22,24,False,native,24,0.980286,0.976538,0.983246,0.006708,0.980054,0.973727,0.985094,0.971439,0.989362,24,0.990045,0.98813,0.991552,0.003423,0.989921,0.986688,0.992491,0.985513,0.994653,0.0,24,0.0,24,0.732422,24,146.0,24,,0,0.109351,24
16,23,24,False,native,24,0.980918,0.977353,0.983004,0.005651,0.980091,0.97338,0.985064,0.971145,0.988462,24,0.990367,0.988547,0.991429,0.002882,0.98994,0.98651,0.992476,0.985361,0.994198,0.0,24,0.0,24,0.712891,24,155.5,24,,0,0.109288,24
16,24,24,False,native,24,0.980769,0.977075,0.982855,0.005779,0.979915,0.973143,0.984549,0.971734,0.988912,24,0.990291,0.988405,0.991353,0.002949,0.98985,0.986389,0.992214,0.985664,0.994425,0.0,24,0.0,24,0.722656,24,146.5,24,,0,0.109258,24
16,25,24,False,native,24,0.9801,0.977075,0.98237,0.005295,0.979814,0.973845,0.984519,0.972545,0.987563,24,0.98995,0.988405,0.991107,0.002702,0.9898,0.986749,0.992199,0.986082,0.993742,0.0,24,0.0,24,0.728516,24,155.0,24,,0,0.109202,24
16,26,24,False,native,24,0.9801,0.97828,0.983302,0.005022,0.980323,0.973675,0.985168,0.972841,0.988237,24,0.98995,0.989021,0.991581,0.00256,0.990059,0.986662,0.992529,0.986233,0.994084,0.000542,24,0.0,24,0.728516,24,152.5,24,,0,0.109148,24
16,27,24,False,native,24,0.980435,0.978373,0.983041,0.004668,0.980239,0.973158,0.985707,0.972988,0.987563,24,0.990121,0.989068,0.991448,0.00238,0.990016,0.986396,0.992802,0.986309,0.993742,0.000526,24,0.000511,24,0.732422,24,141.0,24,,0,0.109092,24
16,28,24,False,native,24,0.981811,0.979617,0.982631,0.003014,0.980915,0.973239,0.986529,0.971882,0.987862,24,0.990822,0.989703,0.991239,0.001536,0.990361,0.986438,0.993219,0.98574,0.993894,0.000454,24,0.000471,24,0.720703,24,145.0,24,,0,0.109037,24
16,29,24,False,native,24,0.981923,0.97932,0.983116,0.003796,0.98118,0.973284,0.98757,0.970776,0.988762,24,0.990879,0.989552,0.991486,0.001934,0.990495,0.986461,0.993746,0.985171,0.994349,0.0,24,0.000484,24,0.708984,24,142.5,24,,0,0.109015,24
16,30,24,False,native,24,0.981737,0.979728,0.982668,0.00294,0.981068,0.975479,0.986238,0.972693,0.988687,24,0.990784,0.98976,0.991258,0.001498,0.99044,0.987587,0.993071,0.986157,0.994311,0.000488,24,0.000526,24,0.697266,24,139.0,24,0.99971,24,0.109019,24
16,31,24,False,native,24,0.981104,0.979691,0.982706,0.003014,0.980892,0.975338,0.986073,0.972103,0.988237,24,0.990462,0.989741,0.991277,0.001536,0.99035,0.987515,0.992988,0.985854,0.994084,0.0,24,0.000496,24,0.71875,24,141.0,24,,0,0.108992,24
16,32,24,False,native,24,0.981476,0.98023,0.983731,0.003501,0.981112,0.974784,0.98537,0.972324,0.988087,24,0.990652,0.990016,0.991799,0.001782,0.990462,0.987231,0.992631,0.985968,0.994008,0.0,24,0.0,24,0.710938,24,143.0,24,,0,0.108977,24
16,33,24,False,native,24,0.981365,0.98049,0.982855,0.002364,0.981002,0.974828,0.984802,0.973283,0.987563,24,0.990595,0.990149,0.991353,0.001204,0.990407,0.987253,0.992343,0.986461,0.993742,0.000473,24,0.000467,24,0.714844,24,141.5,24,,0,0.10899,24
16,34,24,False,native,24,0.982333,0.981179,0.98403,0.002851,0.981893,0.975546,0.985587,0.973653,0.989212,24,0.991088,0.9905,0.99195,0.001451,0.99086,0.987621,0.992741,0.98665,0.994577,0.000511,24,0.000492,24,0.699219,24,136.5,24,,0,0.109048,24
16,35,24,False,native,24,0.982594,0.981327,0.983377,0.002049,0.981939,0.975931,0.984407,0.974096,0.988687,24,0.99122,0.990576,0.991619,0.001043,0.990884,0.987819,0.992142,0.986878,0.994311,0.000479,24,0.0,24,0.683594,24,144.0,24,,0,0.109058,24
16,36,24,False,native,24,0.982855,0.981272,0.983694,0.002422,0.981988,0.976116,0.984227,0.974244,0.988912,24,0.991353,0.990547,0.99178,0.001233,0.990909,0.987913,0.992051,0.986954,0.994425,0.00046,24,0.000507,24,0.691406,24,138.0,24,,0,0.109089,24
16,37,24,False,native,24,0.982519,0.981123,0.983209,0.002086,0.981961,0.976019,0.984937,0.973948,0.990714,24,0.991182,0.990471,0.991533,0.001062,0.990895,0.987864,0.992411,0.986802,0.995335,0.000477,24,0.000477,24,0.691406,24,128.5,24,,0,0.109215,24
16,38,24,False,native,24,0.982072,0.981104,0.984048,0.002944,0.982267,0.977405,0.985303,0.975871,0.990789,24,0.990955,0.990462,0.99196,0.001498,0.991051,0.988573,0.992597,0.987788,0.995373,0.000534,24,0.000483,24,0.707031,24,132.5,24,,0,0.10923,24
16,39,24,False,native,24,0.982929,0.981513,0.98444,0.002927,0.982593,0.977176,0.985146,0.974983,0.989888,24,0.991391,0.990671,0.992159,0.001489,0.991217,0.988456,0.992517,0.987333,0.994918,0.000523,24,0.000479,24,0.673828,24,141.0,24,,0,0.109277,24
16,40,24,False,native,24,0.981886,0.981048,0.984104,0.003056,0.982053,0.977271,0.985034,0.975057,0.989437,24,0.99086,0.990433,0.991988,0.001555,0.990942,0.988505,0.992461,0.987371,0.994691,0.000427,24,0.000408,24,0.716797,24,132.0,24,0.999731,24,0.109314,24
16,41,24,False,native,24,0.982407,0.981476,0.983489,0.002012,0.982322,0.977649,0.985228,0.976834,0.989512,24,0.991126,0.990652,0.991676,0.001024,0.99108,0.988698,0.992559,0.988281,0.994728,0.000549,24,0.000504,24,0.699219,24,133.5,24,,0,0.109308,24
16,42,24,False,native,24,0.982594,0.98103,0.983955,0.002925,0.982494,0.97702,0.987226,0.975871,0.989212,24,0.99122,0.990424,0.991913,0.001489,0.991167,0.988376,0.993572,0.987788,0.994577,0.000492,24,0.000399,24,0.695312,24,135.5,24,,0,0.109264,24
16,43,24,False,native,24,0.982445,0.981495,0.984235,0.00274,0.982891,0.978547,0.987278,0.976686,0.989737,24,0.991145,0.990661,0.992055,0.001394,0.991369,0.989157,0.993598,0.988205,0.994842,0.000904,24,0.000488,24,0.695312,24,123.0,24,,0,0.109274,24
16,44,24,False,native,24,0.982966,0.981588,0.984814,0.003226,0.983317,0.979075,0.987128,0.976834,0.990413,24,0.99141,0.990708,0.992349,0.00164,0.991585,0.989427,0.993522,0.988281,0.995184,0.000427,24,0.000408,24,0.683594,24,124.5,24,,0,0.10924,24
16,45,24,False,native,24,0.982519,0.980472,0.984739,0.004267,0.983217,0.979862,0.9882,0.977798,0.990789,24,0.991182,0.99014,0.992311,0.002171,0.991535,0.989829,0.994065,0.988774,0.995373,0.000477,24,0.000406,24,0.701172,24,114.0,24,,0,0.109148,24
16,46,24,False,native,24,0.98237,0.980509,0.985598,0.005089,0.98319,0.978978,0.988342,0.977353,0.990413,24,0.991107,0.990159,0.992747,0.002588,0.991521,0.989377,0.994137,0.988547,0.995184,0.000437,24,0.000481,24,0.701172,24,118.5,24,,0,0.109094,24
16,47,24,False,native,24,0.983078,0.979654,0.986907,0.007254,0.983211,0.978428,0.988545,0.975649,0.990789,24,0.991467,0.989722,0.993411,0.003688,0.99153,0.989097,0.994239,0.987674,0.995373,0.000427,24,0.000446,24,0.697266,24,115.0,24,,0,0.108869,24
16,48,24,False,native,24,0.981551,0.980045,0.986477,0.006433,0.982726,0.977264,0.989317,0.974835,0.991541,24,0.990689,0.989921,0.993193,0.003271,0.991282,0.988501,0.99463,0.987257,0.995752,0.001034,24,0.000452,24,0.726562,24,112.5,24,,0,0.108554,24
16,49,24,False,native,24,0.981588,0.979895,0.987713,0.007817,0.983016,0.976382,0.990045,0.975205,0.991917,24,0.990708,0.989846,0.993818,0.003973,0.991429,0.98805,0.994998,0.987447,0.995942,0.000938,24,0.000957,24,0.710938,24,107.5,24,,0,0.107903,24
17,0,24,False,native,24,0.981998,0.977985,0.983209,0.005224,0.977794,0.967439,0.984026,0.949863,0.986814,24,0.990917,0.988869,0.991533,0.002664,0.988747,0.98345,0.991949,0.974287,0.993363,0.000565,24,0.0,24,0.710938,24,136.0,24,0.999806,24,0.106673,24
17,1,24,False,native,24,0.982929,0.980007,0.984123,0.004115,0.97977,0.966338,0.984899,0.959645,0.98614,24,0.991391,0.989903,0.991998,0.002095,0.989767,0.982877,0.992392,0.979407,0.993022,0.0,24,0.0,24,0.693359,24,140.5,24,,0,0.107031,24
17,2,24,False,native,24,0.983488,0.981495,0.984664,0.003169,0.981907,0.977177,0.984847,0.969378,0.985617,24,0.991676,0.990661,0.992273,0.001612,0.990866,0.988456,0.992366,0.984451,0.992756,0.001221,24,0.001221,24,0.681641,24,110.0,24,,0,0.105789,24
17,3,24,False,native,24,0.983638,0.982184,0.984664,0.00248,0.982807,0.980338,0.985475,0.97225,0.986066,24,0.991751,0.991012,0.992273,0.001261,0.991326,0.990071,0.992684,0.98593,0.992984,0.001316,24,0.001312,24,0.667969,24,104.5,24,,0,0.10524,24
17,4,24,False,native,24,0.982929,0.98196,0.983768,0.001808,0.982445,0.980918,0.984631,0.973727,0.985467,24,0.991391,0.990898,0.991818,0.00092,0.991143,0.990367,0.992256,0.986688,0.992681,0.001244,24,0.00132,24,0.693359,24,94.5,24,,0,0.104753,24
17,5,24,False,native,24,0.982445,0.981272,0.98403,0.002758,0.982435,0.980271,0.985146,0.975945,0.985766,24,0.991145,0.990547,0.99195,0.001403,0.991138,0.990037,0.992517,0.987826,0.992832,0.001274,24,0.001286,24,0.699219,24,96.5,24,,0,0.104501,24
17,6,24,False,native,24,0.98237,0.980992,0.983824,0.002832,0.982366,0.979929,0.985079,0.979282,0.98629,24,0.991107,0.990405,0.991846,0.001441,0.991103,0.989863,0.992483,0.989533,0.993098,0.00111,24,0.001236,24,0.697266,24,103.0,24,,0,0.104234,24
17,7,24,False,native,24,0.981625,0.98062,0.9836,0.00298,0.982108,0.979884,0.984616,0.978985,0.986365,24,0.990727,0.990215,0.991732,0.001517,0.990972,0.98984,0.992248,0.989381,0.993136,0.00119,24,0.001202,24,0.714844,24,106.5,24,,0,0.104042,24
17,8,24,False,native,24,0.981439,0.980769,0.98291,0.002141,0.982018,0.979587,0.985251,0.978688,0.986514,24,0.990633,0.990291,0.991382,0.00109,0.990927,0.989688,0.992571,0.989229,0.993211,0.001183,24,0.001213,24,0.710938,24,93.0,24,,0,0.103832,24
17,9,24,False,native,24,0.981514,0.980007,0.982817,0.002811,0.98173,0.979528,0.985116,0.977575,0.985991,24,0.990671,0.989903,0.991334,0.001432,0.99078,0.989658,0.992502,0.98866,0.992946,0.001205,24,0.001186,24,0.726562,24,97.0,24,,0,0.103649,24
17,10,24,False,native,24,0.981514,0.979561,0.982985,0.003424,0.981454,0.977939,0.98472,0.977279,0.985991,24,0.990671,0.989675,0.99142,0.001745,0.990639,0.988846,0.992301,0.988509,0.992946,0.001163,24,0.001198,24,0.738281,24,90.0,24,0.999811,24,0.103491,24
17,11,24,False,native,24,0.980732,0.979301,0.982892,0.003591,0.981104,0.978109,0.984728,0.977353,0.985617,24,0.990272,0.989542,0.991372,0.00183,0.99046,0.988934,0.992305,0.988547,0.992756,0.00095,24,0.001076,24,0.732422,24,87.5,24,,0,0.103308,24
17,12,24,False,native,24,0.980249,0.97893,0.983526,0.004596,0.980946,0.977954,0.984407,0.976686,0.985467,24,0.990026,0.989353,0.991694,0.002342,0.99038,0.988854,0.992142,0.988205,0.992681,0.001099,24,0.001125,24,0.748047,24,91.5,24,,0,0.103177,24
17,13,24,False,native,24,0.980509,0.978447,0.983656,0.005209,0.980706,0.977471,0.984586,0.974835,0.986739,24,0.990159,0.989106,0.991761,0.002655,0.990256,0.988607,0.992233,0.987257,0.993325,0.00108,24,0.000984,24,0.748047,24,92.0,24,,0,0.103027,24
17,14,24,False,native,24,0.980397,0.978206,0.983936,0.00573,0.980635,0.977123,0.984399,0.975353,0.986739,24,0.990102,0.988983,0.991903,0.00292,0.99022,0.988429,0.992138,0.987523,0.993325,0.001072,24,0.00111,24,0.724609,24,89.0,24,,0,0.102913,24
17,15,24,False,native,24,0.98036,0.977557,0.983712,0.006156,0.980477,0.976627,0.984571,0.974466,0.986066,24,0.990083,0.988651,0.991789,0.003138,0.99014,0.988175,0.992225,0.987068,0.992984,0.001095,24,0.001034,24,0.751953,24,87.5,24,,0,0.102845,24
17,16,24,False,native,24,0.979765,0.978132,0.982389,0.004257,0.980145,0.976397,0.984451,0.974835,0.984795,24,0.989779,0.988945,0.991116,0.002171,0.98997,0.988057,0.992165,0.987257,0.992339,0.000996,24,0.00108,24,0.755859,24,87.0,24,,0,0.102741,24
17,17,24,False,native,24,0.980174,0.977705,0.982053,0.004348,0.97995,0.975797,0.984003,0.974983,0.985766,24,0.989988,0.988727,0.990945,0.002219,0.989871,0.98775,0.991937,0.987333,0.992832,0.00108,24,0.00098,24,0.751953,24,85.5,24,,0,0.102665,24
17,18,24,False,native,24,0.979766,0.977612,0.982556,0.004944,0.97964,0.975213,0.983436,0.973653,0.985019,24,0.989779,0.988679,0.991201,0.002522,0.989713,0.987451,0.991649,0.98665,0.992453,0.000996,24,0.001179,24,0.746094,24,81.0,24,,0,0.102572,24
17,19,24,False,native,24,0.979394,0.977297,0.982165,0.004868,0.979793,0.975582,0.984758,0.973948,0.985168,24,0.98959,0.988518,0.991002,0.002484,0.98979,0.98764,0.99232,0.986802,0.992529,0.001057,24,0.001087,24,0.744141,24,85.0,24,,0,0.102515,24
17,20,24,False,native,24,0.979542,0.976149,0.981327,0.005179,0.979172,0.974599,0.984197,0.971513,0.98614,24,0.989666,0.98793,0.990576,0.002645,0.989473,0.987136,0.992036,0.985551,0.993022,0.001026,24,0.001038,24,0.777344,24,92.5,24,0.999775,24,0.102395,24
17,21,24,False,native,24,0.979394,0.97589,0.981104,0.005215,0.979149,0.974754,0.984354,0.972545,0.985243,24,0.98959,0.987798,0.990462,0.002664,0.989462,0.987216,0.992115,0.986082,0.992567,0.001118,24,0.001118,24,0.769531,24,79.5,24,,0,0.102312,24
17,22,24,False,native,24,0.979468,0.976315,0.980937,0.004621,0.979144,0.974392,0.984287,0.972767,0.98629,24,0.989628,0.988016,0.990377,0.002361,0.989458,0.98703,0.992081,0.986195,0.993098,0.001095,24,0.001076,24,0.765625,24,82.5,24,,0,0.102212,24
17,23,24,False,native,24,0.979654,0.976408,0.981737,0.005329,0.979302,0.974946,0.984907,0.972177,0.985766,24,0.989722,0.988063,0.990784,0.002721,0.989539,0.987314,0.992396,0.985892,0.992832,0.001038,24,0.001072,24,0.744141,24,75.5,24,,0,0.102089,24
17,24,24,False,native,24,0.979505,0.975557,0.981365,0.005808,0.979132,0.974576,0.984548,0.971439,0.985692,24,0.989647,0.987627,0.990595,0.002968,0.989452,0.987125,0.992214,0.985513,0.992794,0.001038,24,0.001053,24,0.748047,24,83.5,24,,0,0.10199,24
17,25,24,False,native,24,0.97932,0.97539,0.981681,0.006291,0.979232,0.974022,0.985864,0.972841,0.98644,24,0.989552,0.987542,0.990756,0.003214,0.989503,0.98684,0.992882,0.986233,0.993174,0.001072,24,0.001045,24,0.767578,24,82.5,24,,0,0.101887,24
17,26,24,False,native,24,0.979171,0.975261,0.980974,0.005713,0.978843,0.973173,0.985348,0.970555,0.98644,24,0.989476,0.987475,0.990396,0.00292,0.989304,0.986404,0.99262,0.985058,0.993174,0.001049,24,0.001064,24,0.769531,24,77.5,24,,0,0.101769,24
17,27,24,False,native,24,0.978577,0.975094,0.980677,0.005582,0.978216,0.972442,0.98487,0.969672,0.985168,24,0.989172,0.98739,0.990244,0.002854,0.988983,0.986029,0.992377,0.984603,0.992529,0.001026,24,0.001053,24,0.779297,24,74.0,24,,0,0.101721,24
17,28,24,False,native,24,0.979357,0.975335,0.981514,0.006179,0.978886,0.972833,0.985916,0.970408,0.987638,24,0.989571,0.987513,0.990671,0.003157,0.989324,0.98623,0.992908,0.984982,0.99378,0.001179,24,0.001053,24,0.779297,24,76.0,24,,0,0.101664,24
17,29,24,False,native,24,0.978503,0.975557,0.981905,0.006348,0.978642,0.971638,0.985901,0.969157,0.987488,24,0.989135,0.987627,0.99087,0.003243,0.989199,0.985615,0.9929,0.984337,0.993704,0.00116,24,0.00111,24,0.777344,24,74.0,24,,0,0.101631,24
17,30,24,False,native,24,0.978391,0.975871,0.981402,0.005531,0.97855,0.971086,0.985767,0.969746,0.988387,24,0.989078,0.987788,0.990614,0.002825,0.989152,0.985331,0.992832,0.98464,0.99416,0.00108,24,0.001144,24,0.789062,24,69.0,24,0.999758,24,0.101545,24
17,31,24,False,native,24,0.9788,0.974299,0.981068,0.006768,0.978204,0.97085,0.985826,0.969893,0.987563,24,0.989286,0.986982,0.990443,0.003461,0.988975,0.985209,0.992863,0.984716,0.993742,0.001106,24,0.001091,24,0.78125,24,70.5,24,,0,0.101534,24
17,32,24,False,native,24,0.977575,0.975446,0.98144,0.005994,0.978362,0.97082,0.985939,0.969451,0.987862,24,0.98866,0.98757,0.990633,0.003062,0.989056,0.985194,0.992919,0.984489,0.993894,0.001205,24,0.001091,24,0.796875,24,75.0,24,,0,0.101525,24
17,33,24,False,native,24,0.977724,0.975501,0.981273,0.005772,0.978324,0.970997,0.985139,0.969966,0.988087,24,0.988736,0.987599,0.990547,0.002949,0.989037,0.985285,0.992514,0.984754,0.994008,0.001225,24,0.001038,24,0.798828,24,75.0,24,,0,0.101532,24
17,34,24,False,native,24,0.977205,0.974447,0.980585,0.006138,0.978083,0.970761,0.986567,0.968202,0.989287,24,0.988471,0.987058,0.990196,0.003138,0.988912,0.985164,0.993238,0.983844,0.994615,0.001167,24,0.001179,24,0.808594,24,74.0,24,,0,0.101521,24
17,35,24,False,native,24,0.977019,0.974835,0.980398,0.005563,0.977976,0.97099,0.9865,0.969746,0.988237,24,0.988376,0.987257,0.990102,0.002844,0.988858,0.985281,0.993204,0.98464,0.994084,0.001091,24,0.001099,24,0.808594,24,78.0,24,,0,0.10153,24
17,36,24,False,native,24,0.976908,0.974318,0.982612,0.008295,0.977942,0.971137,0.985079,0.967981,0.987712,24,0.988319,0.986992,0.99123,0.004238,0.988841,0.985357,0.992483,0.98373,0.993818,0.001099,24,0.001163,24,0.806641,24,74.0,24,,0,0.101534,24
17,37,24,False,native,24,0.977835,0.974613,0.98183,0.007217,0.978096,0.970842,0.986904,0.968716,0.989362,24,0.988793,0.987144,0.990832,0.003688,0.988918,0.985206,0.993409,0.98411,0.994653,0.001225,24,0.001316,24,0.804688,24,68.5,24,,0,0.101545,24
17,38,24,False,native,24,0.977464,0.975002,0.980548,0.005546,0.977757,0.969996,0.985423,0.968128,0.986964,24,0.988604,0.987343,0.990177,0.002835,0.988746,0.984769,0.992658,0.983806,0.993439,0.001244,24,0.00124,24,0.794922,24,71.0,24,,0,0.101622,24
17,39,24,False,native,24,0.977983,0.976223,0.981849,0.005626,0.978394,0.970033,0.985879,0.96879,0.988987,24,0.988869,0.987968,0.990841,0.002873,0.989071,0.984788,0.992889,0.984147,0.994463,0.001293,24,0.001278,24,0.78125,24,67.5,24,,0,0.101666,24
17,40,24,False,native,24,0.976649,0.975057,0.98183,0.006773,0.977953,0.969679,0.985819,0.969084,0.989287,24,0.988186,0.987371,0.990832,0.003461,0.988845,0.984606,0.992859,0.984299,0.994615,0.001343,24,0.001175,24,0.794922,24,76.0,24,0.999729,24,0.101729,24
17,41,24,False,native,24,0.977316,0.975205,0.982333,0.007128,0.978174,0.969628,0.985782,0.96879,0.989737,24,0.988528,0.987447,0.991088,0.003641,0.988958,0.98458,0.99284,0.984147,0.994842,0.001186,24,0.001205,24,0.792969,24,69.5,24,,0,0.101868,24
17,42,24,False,native,24,0.977724,0.972324,0.981515,0.009191,0.977912,0.97029,0.986051,0.968496,0.988762,24,0.988736,0.985968,0.990671,0.004703,0.988823,0.984921,0.992976,0.983996,0.994349,0.001278,24,0.001255,24,0.777344,24,72.5,24,,0,0.102061,24
17,43,24,False,native,24,0.978428,0.971937,0.981868,0.009931,0.977698,0.969466,0.984787,0.966954,0.989587,24,0.989097,0.985769,0.990851,0.005082,0.988713,0.984496,0.992335,0.983199,0.994766,0.001369,24,0.001282,24,0.791016,24,74.5,24,,0,0.102198,24
17,44,24,False,native,24,0.977798,0.971808,0.982407,0.010599,0.977763,0.968643,0.98638,0.967614,0.990714,24,0.988774,0.985702,0.991126,0.005423,0.988744,0.984072,0.993143,0.983541,0.995335,0.001247,24,0.001205,24,0.810547,24,75.0,24,,0,0.102427,24
17,45,24,False,native,24,0.978429,0.972547,0.982147,0.0096,0.97739,0.966639,0.985176,0.964389,0.990789,24,0.989097,0.986082,0.990993,0.004911,0.988551,0.983036,0.992533,0.981872,0.995373,0.001499,24,0.001179,24,0.806641,24,77.5,24,,0,0.102742,24
17,46,24,False,native,24,0.978911,0.97144,0.981346,0.009906,0.976834,0.967182,0.986103,0.961321,0.989437,24,0.989343,0.985513,0.990585,0.005072,0.988265,0.983317,0.993003,0.980279,0.994691,0.001381,24,0.001186,24,0.78125,24,81.5,24,,0,0.103032,24
17,47,24,False,native,24,0.977687,0.970759,0.981327,0.010569,0.976104,0.965942,0.984332,0.960009,0.989812,24,0.988717,0.985162,0.990576,0.005414,0.987891,0.982676,0.992104,0.979596,0.99488,0.001305,24,0.001274,24,0.785156,24,85.5,24,,0,0.103441,24
17,48,24,False,native,24,0.97765,0.971661,0.981179,0.009518,0.975936,0.965891,0.984541,0.957463,0.989737,24,0.988698,0.985627,0.9905,0.004873,0.987804,0.982649,0.99221,0.978269,0.994842,0.001209,24,0.001217,24,0.806641,24,89.0,24,,0,0.103772,24
17,49,24,False,native,24,0.975798,0.968588,0.979691,0.011104,0.974839,0.966228,0.984481,0.958044,0.990488,24,0.98775,0.984043,0.989741,0.005698,0.987241,0.982824,0.99218,0.978573,0.995221,0.001308,24,0.001266,24,0.820312,24,91.0,24,,0,0.104057,24
18,0,24,False,native,24,0.979765,0.973598,0.982911,0.009313,0.975969,0.966477,0.985183,0.940536,0.986739,24,0.989779,0.986622,0.991382,0.00476,0.987807,0.982953,0.992536,0.969357,0.993325,0.0,24,0.0,24,0.765625,24,167.0,24,0.999775,24,0.105669,24
18,1,24,False,native,24,0.979097,0.974636,0.985168,0.010532,0.977605,0.965788,0.986739,0.943826,0.988087,24,0.989438,0.987153,0.992529,0.005376,0.988648,0.982596,0.993325,0.971101,0.994008,0.0,24,0.0,24,0.748047,24,164.5,24,,0,0.107161,24
18,2,24,False,native,24,0.985654,0.983227,0.987038,0.003811,0.980995,0.963878,0.98742,0.952824,0.987638,24,0.992775,0.991543,0.993477,0.001934,0.990378,0.981606,0.99367,0.975842,0.99378,0.001545,24,0.001602,24,0.632812,24,120.5,24,,0,0.106603,24
18,3,24,False,native,24,0.985467,0.983004,0.986739,0.003735,0.980904,0.965546,0.986964,0.950007,0.989888,24,0.992681,0.991429,0.993325,0.001896,0.990329,0.982471,0.993439,0.974363,0.994918,0.001587,24,0.001522,24,0.638672,24,113.5,24,,0,0.106518,24
18,4,24,False,native,24,0.985542,0.983246,0.986384,0.003137,0.981006,0.967402,0.986994,0.94605,0.988612,24,0.992718,0.991552,0.993145,0.001593,0.990381,0.983431,0.993454,0.972277,0.994273,0.001553,24,0.001621,24,0.623047,24,101.5,24,,0,0.10659,24
18,5,24,False,native,24,0.984123,0.981811,0.986178,0.004367,0.980414,0.966367,0.987143,0.949575,0.989362,24,0.991998,0.990822,0.993041,0.002219,0.990081,0.982896,0.99353,0.974135,0.994653,0.001514,24,0.001537,24,0.654297,24,108.5,24,,0,0.106448,24
18,6,24,False,native,24,0.984272,0.980862,0.986159,0.005297,0.980687,0.966098,0.987038,0.953619,0.990188,24,0.992074,0.990339,0.993031,0.002693,0.990225,0.982756,0.993477,0.976259,0.99507,0.00153,24,0.001549,24,0.65625,24,98.0,24,,0,0.106381,24
18,7,24,False,native,24,0.984758,0.980434,0.985897,0.005463,0.980702,0.967629,0.9865,0.952317,0.991466,24,0.99232,0.990121,0.992899,0.002778,0.990234,0.983548,0.993204,0.975576,0.995715,0.001431,24,0.001385,24,0.636719,24,105.0,24,,0,0.106254,24
18,8,24,False,native,24,0.984272,0.979394,0.985337,0.005943,0.980511,0.969687,0.98644,0.954271,0.989662,24,0.992074,0.98959,0.992614,0.003024,0.990141,0.98461,0.993174,0.9766,0.994804,0.001457,24,0.001247,24,0.667969,24,100.5,24,,0,0.106131,24
18,9,24,False,native,24,0.983451,0.978132,0.985187,0.007056,0.980012,0.969238,0.986021,0.955865,0.990263,24,0.991657,0.988945,0.992538,0.003593,0.989887,0.984379,0.992961,0.977435,0.995108,0.001186,24,0.001106,24,0.691406,24,103.0,24,,0,0.106024,24
18,10,24,False,native,24,0.982668,0.977835,0.983339,0.005504,0.979499,0.968503,0.985767,0.959499,0.989812,24,0.991258,0.988793,0.9916,0.002806,0.989628,0.984,0.992832,0.979331,0.99488,0.001217,24,0.001278,24,0.697266,24,96.5,24,0.999731,24,0.105929,24
18,11,24,False,native,24,0.98129,0.97752,0.98416,0.00664,0.979486,0.968584,0.985266,0.958844,0.990413,24,0.990557,0.988632,0.992017,0.003385,0.989623,0.984041,0.992578,0.97899,0.995184,0.001114,24,0.001026,24,0.724609,24,95.0,24,,0,0.105822,24
18,12,24,False,native,24,0.98129,0.977205,0.983488,0.006284,0.979532,0.969591,0.985168,0.961613,0.990714,24,0.990557,0.988471,0.991676,0.003205,0.989648,0.984561,0.992529,0.980431,0.995335,0.00116,24,0.001076,24,0.724609,24,87.0,24,,0,0.105809,24
18,13,24,False,native,24,0.981253,0.976352,0.983227,0.006875,0.97939,0.970173,0.985176,0.962854,0.990714,24,0.990538,0.988035,0.991543,0.003508,0.989577,0.98486,0.992533,0.981076,0.995335,0.000937,24,0.000946,24,0.722656,24,83.5,24,,0,0.1058,24
18,14,24,False,native,24,0.980249,0.976519,0.98196,0.005441,0.978943,0.969451,0.984093,0.965561,0.991165,24,0.990026,0.98812,0.990898,0.002778,0.989349,0.984489,0.991983,0.982479,0.995563,0.001045,24,0.001053,24,0.755859,24,81.0,24,,0,0.105761,24
18,15,24,False,native,24,0.980769,0.975575,0.982687,0.007112,0.978684,0.969724,0.983839,0.964316,0.990714,24,0.990291,0.987637,0.991268,0.003631,0.989217,0.984629,0.991854,0.981834,0.995335,0.000921,24,0.000937,24,0.744141,24,82.5,24,,0,0.105704,24
18,16,24,False,native,24,0.980174,0.975427,0.9817,0.006273,0.978583,0.968636,0.983951,0.967468,0.991315,24,0.989988,0.987561,0.990765,0.003205,0.989166,0.984068,0.991911,0.983465,0.995639,0.000961,24,0.000898,24,0.775391,24,72.5,24,,0,0.105652,24
18,17,24,False,native,24,0.979765,0.97515,0.981327,0.006178,0.978456,0.969841,0.983116,0.969451,0.990413,24,0.989779,0.987418,0.990576,0.003157,0.989103,0.98469,0.991486,0.984489,0.995184,0.000927,24,0.000923,24,0.769531,24,70.5,24,,0,0.105603,24
18,18,24,False,native,24,0.978688,0.974059,0.980565,0.006506,0.977938,0.969282,0.982609,0.968496,0.991315,24,0.989229,0.986859,0.990187,0.003328,0.988837,0.984402,0.991228,0.983996,0.995639,0.000895,24,0.000853,24,0.783203,24,72.5,24,,0,0.105526,24
18,19,24,False,native,24,0.978503,0.973579,0.980286,0.006707,0.977298,0.97032,0.981916,0.966881,0.989963,24,0.989135,0.986613,0.990045,0.003432,0.98851,0.984936,0.990875,0.983161,0.994956,0.000845,24,0.000893,24,0.798828,24,69.0,24,,0,0.105439,24
18,20,24,False,native,24,0.977539,0.974299,0.97997,0.005671,0.97731,0.969886,0.982042,0.966954,0.990714,24,0.988642,0.986982,0.989884,0.002901,0.988517,0.984713,0.99094,0.983199,0.995335,0.000862,24,0.000879,24,0.808594,24,74.5,24,0.999686,24,0.105391,24
18,21,24,False,native,24,0.97802,0.973708,0.978911,0.005203,0.976847,0.969571,0.981246,0.966514,0.990188,24,0.988888,0.986679,0.989343,0.002664,0.98828,0.984549,0.990534,0.982972,0.99507,0.000854,24,0.000866,24,0.800781,24,70.0,24,,0,0.105312,24
18,22,24,False,native,24,0.976093,0.97393,0.979301,0.005371,0.976645,0.969386,0.980092,0.967541,0.990564,24,0.987902,0.986793,0.989542,0.00275,0.988177,0.984455,0.989946,0.983503,0.995259,0.000834,24,0.000847,24,0.802734,24,77.0,24,,0,0.10519,24
18,23,24,False,native,24,0.976315,0.973745,0.977668,0.003923,0.976334,0.971918,0.979386,0.966367,0.989662,24,0.988016,0.986698,0.988708,0.00201,0.988019,0.985759,0.989586,0.982896,0.994804,0.000841,24,0.000828,24,0.828125,24,77.5,24,,0,0.105103,24
18,24,24,False,native,24,0.976538,0.972859,0.978391,0.005532,0.976449,0.971086,0.978963,0.967541,0.990488,24,0.98813,0.986243,0.989078,0.002835,0.988077,0.985331,0.98937,0.983503,0.995221,0.000822,24,0.000832,24,0.818359,24,70.5,24,,0,0.105049,24
18,25,24,False,native,24,0.975612,0.971826,0.976667,0.004841,0.975539,0.970865,0.978584,0.966587,0.989812,24,0.987655,0.985712,0.988196,0.002484,0.987611,0.985217,0.989176,0.98301,0.99488,0.000818,24,0.000799,24,0.828125,24,72.5,24,,0,0.104949,24
18,26,24,False,native,24,0.974798,0.97214,0.976704,0.004565,0.975455,0.97057,0.978124,0.968275,0.989888,24,0.987238,0.985873,0.988215,0.002342,0.987569,0.985065,0.988941,0.983882,0.994918,0.00082,24,0.000824,24,0.828125,24,70.5,24,,0,0.104859,24
18,27,24,False,native,24,0.975464,0.972066,0.97626,0.004194,0.97525,0.970798,0.977197,0.966514,0.990488,24,0.98758,0.985835,0.987987,0.002152,0.987463,0.985183,0.988467,0.982972,0.995221,0.000834,24,0.000828,24,0.833984,24,65.5,24,,0,0.104744,24
18,28,24,False,native,24,0.973616,0.972933,0.975982,0.003049,0.974945,0.971447,0.97693,0.967908,0.988837,24,0.986632,0.986281,0.987845,0.001564,0.987308,0.985517,0.988331,0.983692,0.994387,0.000826,24,0.000854,24,0.851562,24,65.0,24,,0,0.104682,24
18,29,24,False,native,24,0.974022,0.972398,0.975372,0.002974,0.97458,0.970541,0.975901,0.967174,0.990714,24,0.98684,0.986006,0.987532,0.001526,0.98712,0.98505,0.987803,0.983313,0.995335,0.000811,24,0.000853,24,0.84375,24,69.0,24,,0,0.104592,24
18,30,24,False,native,24,0.973985,0.971716,0.975557,0.003841,0.974356,0.968562,0.977338,0.967247,0.989137,24,0.986821,0.985655,0.987627,0.001972,0.987004,0.98403,0.988539,0.983351,0.994539,0.000837,24,0.000826,24,0.845703,24,76.5,24,0.999706,24,0.1045,24
18,31,24,False,native,24,0.973616,0.970463,0.975131,0.004668,0.974076,0.969165,0.975745,0.968349,0.989888,24,0.986632,0.98501,0.987409,0.002399,0.986861,0.984341,0.987724,0.98392,0.994918,0.000866,24,0.000893,24,0.857422,24,69.0,24,,0,0.104421,24
18,32,24,False,native,24,0.972177,0.969801,0.974503,0.004702,0.973234,0.969128,0.976486,0.966807,0.989662,24,0.985892,0.984669,0.987087,0.002418,0.986428,0.984322,0.988103,0.983123,0.994804,0.000835,24,0.000851,24,0.875,24,73.0,24,,0,0.10437,24
18,33,24,False,native,24,0.972435,0.970022,0.973874,0.003853,0.973227,0.96915,0.975309,0.96622,0.990338,24,0.986025,0.984783,0.986764,0.001982,0.986425,0.984333,0.9875,0.98282,0.995146,0.000814,24,0.000834,24,0.861328,24,76.0,24,,0,0.104279,24
18,34,24,False,native,24,0.97214,0.970426,0.974078,0.003651,0.973348,0.969525,0.976182,0.968496,0.988762,24,0.985873,0.984991,0.986869,0.001877,0.986488,0.984527,0.987948,0.983996,0.994349,0.000862,24,0.000919,24,0.871094,24,76.0,24,,0,0.104186,24
18,35,24,False,native,24,0.972508,0.970979,0.973985,0.003006,0.973498,0.969937,0.975693,0.967614,0.988387,24,0.986063,0.985276,0.986821,0.001545,0.986565,0.984739,0.987697,0.983541,0.99416,0.000883,24,0.000868,24,0.863281,24,82.0,24,,0,0.104073,24
18,36,24,False,native,24,0.971071,0.970187,0.973948,0.003761,0.973119,0.969643,0.976071,0.969451,0.989287,24,0.985323,0.984868,0.986802,0.001934,0.986369,0.984587,0.987891,0.984489,0.994615,0.000912,24,0.00087,24,0.886719,24,81.5,24,,0,0.103986,24
18,37,24,False,native,24,0.971255,0.969966,0.97345,0.003483,0.972835,0.969165,0.975516,0.968937,0.988762,24,0.985418,0.984754,0.986546,0.001792,0.986224,0.984341,0.987606,0.984223,0.994349,0.000877,24,0.000893,24,0.880859,24,77.5,24,,0,0.103922,24
18,38,24,False,native,24,0.971181,0.969819,0.97332,0.003501,0.972779,0.969694,0.974532,0.96901,0.988837,24,0.98538,0.984678,0.98648,0.001801,0.986195,0.984614,0.987102,0.984261,0.994387,0.000917,24,0.000923,24,0.882812,24,84.0,24,,0,0.103856,24
18,39,24,False,native,24,0.971402,0.969617,0.972416,0.002799,0.97238,0.968834,0.974888,0.968055,0.988762,24,0.985494,0.984574,0.986015,0.001441,0.98599,0.98417,0.987284,0.983768,0.994349,0.00091,24,0.000937,24,0.896484,24,76.0,24,,0,0.103734,24
18,40,24,False,native,24,0.971108,0.969341,0.972582,0.003241,0.972187,0.968327,0.975072,0.966807,0.988912,24,0.985342,0.984432,0.986101,0.001669,0.98589,0.983909,0.987379,0.983123,0.994425,0.000923,24,0.000935,24,0.886719,24,76.5,24,0.999701,24,0.103615,24
18,41,24,False,native,24,0.971329,0.97004,0.972988,0.002948,0.97268,0.969672,0.974384,0.968422,0.989512,24,0.985456,0.984792,0.986309,0.001517,0.986145,0.984603,0.987026,0.983958,0.994728,0.000969,24,0.000965,24,0.873047,24,74.5,24,,0,0.103561,24
18,42,24,False,native,24,0.97166,0.969746,0.973893,0.004147,0.972749,0.969084,0.975316,0.967321,0.988387,24,0.985627,0.98464,0.986774,0.002133,0.98618,0.984299,0.987504,0.983389,0.99416,0.000965,24,0.000935,24,0.873047,24,78.0,24,,0,0.103542,24
18,43,24,False,native,24,0.971402,0.96958,0.973505,0.003925,0.972818,0.969054,0.976108,0.968569,0.987188,24,0.985494,0.984555,0.986575,0.002019,0.986216,0.984284,0.98791,0.984034,0.993553,0.000969,24,0.001003,24,0.878906,24,78.5,24,,0,0.103505,24
18,44,24,False,native,24,0.971808,0.969727,0.973228,0.003501,0.972731,0.968834,0.976871,0.968349,0.986814,24,0.985702,0.984631,0.986432,0.001801,0.986172,0.98417,0.9883,0.98392,0.993363,0.001022,24,0.000996,24,0.884766,24,80.0,24,,0,0.103597,24
18,45,24,False,native,24,0.971918,0.969672,0.973394,0.003722,0.972894,0.968841,0.977064,0.967101,0.986514,24,0.985759,0.984603,0.986518,0.001915,0.986255,0.984174,0.988399,0.983275,0.993211,0.000996,24,0.000954,24,0.886719,24,84.5,24,,0,0.103743,24
18,46,24,False,native,24,0.971697,0.970758,0.975427,0.00467,0.973823,0.970379,0.979201,0.969304,0.98614,24,0.985645,0.985162,0.987561,0.002399,0.986733,0.984967,0.989491,0.984413,0.993022,0.001011,24,0.001003,24,0.871094,24,91.0,24,,0,0.103935,24
18,47,24,False,native,24,0.972693,0.971366,0.975261,0.003895,0.974092,0.970872,0.979275,0.969231,0.985467,24,0.986157,0.985475,0.987475,0.002001,0.986872,0.985221,0.989529,0.984375,0.992681,0.000988,24,0.000969,24,0.878906,24,90.5,24,,0,0.104272,24
18,48,24,False,native,24,0.974059,0.9719,0.976482,0.004582,0.975068,0.971609,0.98135,0.970703,0.98472,24,0.986859,0.98575,0.988101,0.002351,0.987373,0.9856,0.990587,0.985133,0.992301,0.00111,24,0.001015,24,0.855469,24,108.5,24,,0,0.104497,24
18,49,24,False,native,24,0.97465,0.97297,0.976723,0.003753,0.9756,0.972309,0.980643,0.971513,0.98487,24,0.987162,0.9863,0.988224,0.001925,0.987646,0.98596,0.990227,0.985551,0.992377,0.001114,24,0.001122,24,0.845703,24,108.0,24,,0,0.104753,24
19,0,24,False,native,24,0.979691,0.975131,0.981755,0.006624,0.978429,0.972074,0.984675,0.967174,0.985766,24,0.989741,0.987409,0.990794,0.003385,0.98909,0.985839,0.992279,0.983313,0.992832,0.0,24,0.0,24,0.767578,24,147.5,24,0.999765,24,0.104758,24
19,1,24,False,native,24,0.981513,0.979691,0.983302,0.003611,0.980681,0.9738,0.984048,0.972693,0.987413,24,0.990671,0.989741,0.991581,0.001839,0.990242,0.986726,0.99196,0.986157,0.993667,0.000372,24,0.0,24,0.716797,24,136.0,24,,0,0.104198,24
19,2,24,False,native,24,0.982072,0.980788,0.98444,0.003652,0.982192,0.977479,0.985804,0.976241,0.988387,24,0.990955,0.990301,0.992159,0.001858,0.991013,0.988611,0.992851,0.987978,0.99416,0.000832,24,0.000753,24,0.689453,24,117.0,24,,0,0.10445,24
19,3,24,False,native,24,0.983489,0.980212,0.985131,0.004919,0.982528,0.976064,0.987173,0.974539,0.989963,24,0.991676,0.990007,0.99251,0.002503,0.991182,0.987887,0.993545,0.987106,0.994956,0.000978,24,0.001057,24,0.677734,24,108.5,24,,0,0.104582,24
19,4,24,False,native,24,0.984309,0.981274,0.98571,0.004436,0.983024,0.975767,0.988178,0.974687,0.989662,24,0.992093,0.990547,0.992804,0.002257,0.991434,0.987735,0.994053,0.987181,0.994804,0.001217,24,0.000834,24,0.644531,24,109.0,24,,0,0.104828,24
19,5,24,False,native,24,0.984795,0.980697,0.986309,0.005612,0.983259,0.975057,0.988792,0.972177,0.990939,24,0.992339,0.990253,0.993107,0.002854,0.991552,0.987371,0.994364,0.985892,0.995449,0.001038,24,0.00108,24,0.640625,24,105.0,24,,0,0.10491,24
19,6,24,False,native,24,0.984944,0.980791,0.986365,0.005574,0.98326,0.975538,0.989415,0.972619,0.990263,24,0.992415,0.990301,0.993136,0.002835,0.991552,0.987618,0.994679,0.98612,0.995108,0.001213,24,0.001175,24,0.640625,24,102.5,24,,0,0.105083,24
19,7,24,False,native,24,0.984758,0.981366,0.987095,0.005729,0.983334,0.97423,0.989745,0.970997,0.990113,24,0.99232,0.990595,0.993505,0.002911,0.991589,0.986946,0.994846,0.985285,0.995032,0.001255,24,0.001202,24,0.640625,24,95.5,24,,0,0.105176,24
19,8,24,False,native,24,0.984795,0.980883,0.986477,0.005594,0.983065,0.974954,0.988057,0.971734,0.990413,24,0.992339,0.990348,0.993193,0.002844,0.991453,0.987318,0.993993,0.985664,0.995184,0.001152,24,0.001484,24,0.638672,24,104.5,24,,0,0.105284,24
19,9,24,False,native,24,0.985916,0.980361,0.987057,0.006696,0.983403,0.975997,0.989175,0.968349,0.990038,24,0.992908,0.990083,0.993486,0.003404,0.991623,0.987853,0.994558,0.98392,0.994994,0.001068,24,0.001183,24,0.626953,24,97.0,24,,0,0.105377,24
19,10,24,False,native,24,0.984907,0.981384,0.986645,0.005261,0.983082,0.975213,0.988829,0.966587,0.990714,24,0.992396,0.990604,0.993278,0.002674,0.991459,0.987451,0.994383,0.98301,0.995335,0.001167,24,0.001194,24,0.628906,24,99.5,24,0.999799,24,0.105504,24
19,11,24,False,native,24,0.985206,0.981086,0.986608,0.005522,0.982802,0.974725,0.988267,0.964463,0.990639,24,0.992548,0.990452,0.993259,0.002806,0.991315,0.9872,0.994099,0.98191,0.995297,0.001244,24,0.001396,24,0.628906,24,98.5,24,,0,0.105632,24
19,12,24,False,native,24,0.984832,0.980751,0.98672,0.005969,0.982688,0.974621,0.987495,0.96622,0.990413,24,0.992358,0.990282,0.993316,0.003034,0.991258,0.987147,0.993708,0.98282,0.995184,0.001209,24,0.001259,24,0.65625,24,97.0,24,,0,0.105743,24
19,13,24,False,native,24,0.984645,0.981253,0.986477,0.005224,0.982495,0.974325,0.9882,0.964389,0.989587,24,0.992263,0.990538,0.993193,0.002655,0.991159,0.986996,0.994065,0.981872,0.994766,0.001106,24,0.00116,24,0.648438,24,96.0,24,,0,0.105886,24
19,14,24,False,native,24,0.985542,0.980937,0.98702,0.006083,0.982856,0.976271,0.988514,0.963658,0.990338,24,0.992718,0.990377,0.993467,0.003091,0.991342,0.987993,0.994224,0.981493,0.995146,0.001331,24,0.001152,24,0.621094,24,93.5,24,,0,0.105967,24
19,15,24,False,native,24,0.985243,0.980714,0.98629,0.005576,0.98241,0.974717,0.988237,0.963146,0.989287,24,0.992567,0.990263,0.993098,0.002835,0.991115,0.987197,0.994084,0.981227,0.994615,0.001118,24,0.001194,24,0.626953,24,110.0,24,,0,0.106076,24
19,16,24,False,native,24,0.98472,0.980639,0.986458,0.005819,0.982202,0.974547,0.988544,0.963146,0.990263,24,0.992301,0.990225,0.993183,0.002958,0.991009,0.987109,0.994239,0.981227,0.995108,0.001377,24,0.00116,24,0.644531,24,96.0,24,,0,0.106174,24
19,17,24,False,native,24,0.985094,0.981532,0.987113,0.005581,0.98234,0.975191,0.988889,0.959645,0.989212,24,0.992491,0.99068,0.993515,0.002835,0.991077,0.987439,0.994414,0.979407,0.994577,0.001343,24,0.001228,24,0.621094,24,96.0,24,,0,0.106233,24
19,18,24,False,native,24,0.984683,0.981495,0.986271,0.004776,0.981955,0.973588,0.98799,0.960738,0.989362,24,0.992282,0.990661,0.993088,0.002427,0.990881,0.986616,0.993959,0.979976,0.994653,0.001282,24,0.001419,24,0.648438,24,101.0,24,,0,0.106296,24
19,19,24,False,native,24,0.984795,0.980939,0.986833,0.005894,0.981852,0.97285,0.98802,0.959426,0.990488,24,0.992339,0.990377,0.993373,0.002996,0.990827,0.986237,0.993974,0.979293,0.995221,0.001274,24,0.001339,24,0.642578,24,92.5,24,,0,0.106356,24
19,20,24,False,native,24,0.985168,0.979712,0.986533,0.006822,0.981708,0.971848,0.988162,0.959354,0.988687,24,0.992529,0.989751,0.993221,0.00347,0.990753,0.985721,0.994046,0.979255,0.994311,0.00111,24,0.001328,24,0.632812,24,93.5,24,0.999809,24,0.10641,24
19,21,24,False,native,24,0.985281,0.979004,0.986814,0.007809,0.981673,0.971447,0.988485,0.958699,0.989062,24,0.992586,0.989391,0.993363,0.003973,0.990734,0.985517,0.994209,0.978914,0.994501,0.00124,24,0.001347,24,0.611328,24,100.0,24,,0,0.106454,24
19,22,24,False,native,24,0.98543,0.980045,0.986571,0.006526,0.981513,0.967874,0.988095,0.957899,0.989137,24,0.992662,0.989921,0.99324,0.003318,0.99065,0.983673,0.994012,0.978497,0.994539,0.001358,24,0.00135,24,0.617188,24,97.0,24,,0,0.106501,24
19,23,24,False,native,24,0.985168,0.979488,0.986589,0.007102,0.981046,0.966133,0.98865,0.957172,0.989737,24,0.992529,0.989637,0.993249,0.003612,0.99041,0.982775,0.994292,0.978117,0.994842,0.001282,24,0.001366,24,0.628906,24,92.5,24,,0,0.10656,24
19,24,24,False,native,24,0.984571,0.978875,0.98672,0.007846,0.980676,0.965651,0.988222,0.955213,0.989137,24,0.992225,0.989324,0.993316,0.003992,0.99022,0.982524,0.994076,0.977093,0.994539,0.001156,24,0.001369,24,0.630859,24,105.0,24,,0,0.106579,24
19,25,24,False,native,24,0.98543,0.980307,0.986646,0.006339,0.980972,0.966522,0.98847,0.952896,0.989062,24,0.992662,0.990054,0.993278,0.003224,0.990369,0.982976,0.994201,0.97588,0.994501,0.00132,24,0.001198,24,0.615234,24,87.0,24,,0,0.106588,24
19,26,24,False,native,24,0.985542,0.979618,0.987638,0.008019,0.98136,0.967807,0.988147,0.956301,0.988762,24,0.992718,0.989703,0.99378,0.004077,0.990569,0.983639,0.994038,0.977662,0.994349,0.001167,24,0.001232,24,0.605469,24,93.5,24,,0,0.106563,24
19,27,24,False,native,24,0.985467,0.98012,0.986365,0.006245,0.981366,0.970137,0.987825,0.95572,0.989212,24,0.992681,0.989959,0.993136,0.003176,0.990574,0.984841,0.993875,0.977359,0.994577,0.001255,24,0.001072,24,0.617188,24,96.0,24,,0,0.106564,24
19,28,24,False,native,24,0.98472,0.979728,0.986533,0.006805,0.981026,0.970277,0.98799,0.956011,0.989062,24,0.992301,0.98976,0.993221,0.003461,0.990402,0.984914,0.993959,0.977511,0.994501,0.001171,24,0.00124,24,0.65625,24,95.0,24,,0,0.106515,24
19,29,24,False,native,24,0.985206,0.97934,0.986533,0.007193,0.981148,0.971241,0.988087,0.954995,0.988987,24,0.992548,0.989561,0.993221,0.00366,0.990462,0.98541,0.994008,0.97698,0.994463,0.001194,24,0.001228,24,0.638672,24,97.5,24,,0,0.106492,24
19,30,24,False,native,24,0.984832,0.979301,0.986402,0.007101,0.981074,0.972177,0.987286,0.95485,0.988312,24,0.992358,0.989542,0.993155,0.003612,0.990426,0.985892,0.993602,0.976904,0.994122,0.001202,24,0.001244,24,0.632812,24,95.5,24,0.999785,24,0.106424,24
19,31,24,False,native,24,0.985206,0.979079,0.986028,0.00695,0.980874,0.972627,0.986612,0.954271,0.987413,24,0.992548,0.989428,0.992965,0.003536,0.990324,0.986123,0.993261,0.9766,0.993667,0.001297,24,0.001228,24,0.623047,24,103.0,24,,0,0.106352,24
19,32,24,False,native,24,0.985692,0.978039,0.986496,0.008457,0.981123,0.972907,0.987345,0.95514,0.988837,24,0.992794,0.988898,0.993202,0.004304,0.990451,0.986267,0.993632,0.977056,0.994387,0.00135,24,0.001266,24,0.615234,24,94.5,24,,0,0.10629,24
19,33,24,False,native,24,0.985692,0.978484,0.986589,0.008105,0.981206,0.973741,0.986791,0.955793,0.987338,24,0.992794,0.989125,0.993249,0.004124,0.990495,0.986696,0.993352,0.977397,0.993629,0.001293,24,0.001167,24,0.623047,24,96.5,24,,0,0.106213,24
19,34,24,False,native,24,0.985766,0.978633,0.986776,0.008144,0.981268,0.972287,0.987278,0.956519,0.987638,24,0.992832,0.989201,0.993344,0.004143,0.990527,0.985949,0.993598,0.977776,0.99378,0.001255,24,0.001221,24,0.621094,24,91.0,24,,0,0.106123,24
19,35,24,False,native,24,0.985281,0.977891,0.986197,0.008306,0.981003,0.973675,0.987068,0.957099,0.988312,24,0.992586,0.988822,0.99305,0.004229,0.990392,0.986662,0.993492,0.978079,0.994122,0.001198,24,0.001225,24,0.648438,24,91.5,24,,0,0.10604,24
19,36,24,False,native,24,0.985355,0.977093,0.986271,0.009178,0.98098,0.972575,0.987113,0.958262,0.987488,24,0.992624,0.988414,0.993088,0.004674,0.990381,0.986097,0.993515,0.978686,0.993704,0.001106,24,0.001179,24,0.632812,24,94.5,24,,0,0.105998,24
19,37,24,False,native,24,0.984347,0.977297,0.986589,0.009292,0.980516,0.971985,0.987038,0.957608,0.987188,24,0.992112,0.988518,0.993249,0.004731,0.990144,0.985793,0.993477,0.978345,0.993553,0.001209,24,0.001175,24,0.660156,24,106.5,24,,0,0.106021,24
19,38,24,False,native,24,0.984832,0.977521,0.985935,0.008414,0.980444,0.972745,0.986567,0.957535,0.987113,24,0.992358,0.988632,0.992918,0.004285,0.990108,0.986184,0.993238,0.978307,0.993515,0.001106,24,0.001129,24,0.652344,24,106.0,24,,0,0.105968,24
19,39,24,False,native,24,0.983563,0.977186,0.98571,0.008524,0.98007,0.969672,0.986597,0.95739,0.988087,24,0.991713,0.988461,0.992804,0.004342,0.989917,0.984603,0.993253,0.978231,0.994008,0.001038,24,0.001087,24,0.699219,24,101.0,24,,0,0.105943,24
19,40,24,False,native,24,0.983489,0.977001,0.985561,0.00856,0.979901,0.971041,0.98632,0.95739,0.987188,24,0.991676,0.988367,0.992728,0.004361,0.989831,0.985308,0.993113,0.978231,0.993553,0.001163,24,0.001091,24,0.693359,24,110.0,24,0.999773,24,0.105915,24
19,41,24,False,native,24,0.983862,0.97689,0.98571,0.008821,0.98004,0.97082,0.986537,0.957317,0.987263,24,0.991865,0.98831,0.992804,0.004494,0.989903,0.985194,0.993223,0.978193,0.993591,0.00108,24,0.000921,24,0.685547,24,111.0,24,,0,0.105898,24
19,42,24,False,native,24,0.984459,0.976186,0.985467,0.009282,0.97967,0.968929,0.985976,0.958044,0.987638,24,0.992169,0.987949,0.992681,0.004731,0.989713,0.98422,0.992938,0.978573,0.99378,0.001038,24,0.001053,24,0.664062,24,106.5,24,,0,0.105827,24
19,43,24,False,native,24,0.983339,0.976334,0.985094,0.00876,0.979439,0.968488,0.986215,0.957971,0.986514,24,0.9916,0.988025,0.992491,0.004466,0.989596,0.983992,0.99306,0.978535,0.993211,0.000912,24,0.001026,24,0.699219,24,108.0,24,,0,0.105784,24
19,44,24,False,native,24,0.983227,0.976408,0.98543,0.009022,0.98,0.969569,0.98614,0.962124,0.987038,24,0.991543,0.988063,0.992662,0.004598,0.989885,0.984549,0.993022,0.980696,0.993477,0.000978,24,0.001015,24,0.6875,24,106.5,24,,0,0.105818,24
19,45,24,False,native,24,0.98278,0.976186,0.985094,0.008908,0.97983,0.96979,0.98617,0.960811,0.987338,24,0.991315,0.987949,0.992491,0.004541,0.989798,0.984663,0.993037,0.980014,0.993629,0.001003,24,0.001007,24,0.681641,24,120.0,24,,0,0.105873,24
19,46,24,False,native,24,0.982184,0.97752,0.984739,0.007219,0.979581,0.969187,0.986492,0.961686,0.987563,24,0.991012,0.988632,0.992311,0.003679,0.989672,0.984352,0.9932,0.980469,0.993742,0.000992,24,0.000977,24,0.710938,24,110.5,24,,0,0.106049,24
19,47,24,False,native,24,0.981625,0.97739,0.984795,0.007405,0.979678,0.96954,0.985796,0.963073,0.987862,24,0.990727,0.988566,0.992339,0.003774,0.989722,0.984534,0.992847,0.981189,0.993894,0.000992,24,0.000965,24,0.701172,24,111.0,24,,0,0.106249,24
19,48,24,False,native,24,0.981737,0.974909,0.983283,0.008374,0.979112,0.969076,0.986522,0.963293,0.988312,24,0.990784,0.987295,0.991571,0.004276,0.989433,0.984295,0.993215,0.981303,0.994122,0.000992,24,0.00098,24,0.722656,24,110.5,24,,0,0.106508,24
19,49,24,False,native,24,0.979988,0.972601,0.98306,0.010458,0.977443,0.964573,0.985766,0.961248,0.988162,24,0.989893,0.98611,0.991457,0.005347,0.988577,0.981967,0.992832,0.980241,0.994046,0.000935,24,0.000954,24,0.75,24,114.5,24,,0,0.106502,24
20,0,24,False,native,24,0.978095,0.971458,0.982426,0.010968,0.977108,0.969224,0.983862,0.967101,0.985094,24,0.988926,0.985522,0.991135,0.005613,0.988412,0.984371,0.991865,0.983275,0.992491,0.001114,24,0.001083,24,0.775391,24,95.0,24,0.999657,24,0.103664,24
20,1,24,False,native,24,0.978874,0.975261,0.981011,0.005751,0.977891,0.970614,0.98431,0.965781,0.986739,24,0.989324,0.987475,0.990415,0.002939,0.988815,0.985088,0.992093,0.982593,0.993325,0.001255,24,0.001057,24,0.794922,24,104.5,24,,0,0.104852,24
20,2,24,False,native,24,0.980546,0.976853,0.982202,0.005349,0.979635,0.971366,0.98635,0.970776,0.987188,24,0.990177,0.988291,0.991021,0.002731,0.989707,0.985475,0.993128,0.985171,0.993553,0.001221,24,0.001282,24,0.740234,24,89.5,24,,0,0.104192,24
20,3,24,False,native,24,0.98062,0.976391,0.981607,0.005215,0.979101,0.971285,0.985296,0.969525,0.987338,24,0.990215,0.988054,0.990718,0.002664,0.989433,0.985433,0.992593,0.984527,0.993629,0.001152,24,0.001175,24,0.748047,24,96.0,24,,0,0.104226,24
20,4,24,False,native,24,0.981141,0.973376,0.983824,0.010448,0.979316,0.970769,0.986193,0.969746,0.987937,24,0.990481,0.986508,0.991846,0.005338,0.989541,0.985168,0.993048,0.98464,0.993932,0.001167,24,0.001175,24,0.724609,24,93.0,24,,0,0.104397,24
20,5,24,False,native,24,0.980211,0.97321,0.982817,0.009607,0.978937,0.970518,0.985879,0.969966,0.988912,24,0.990007,0.986423,0.991334,0.004911,0.989348,0.985039,0.992889,0.984754,0.994425,0.001137,24,0.001179,24,0.757812,24,91.5,24,,0,0.104387,24
20,6,24,False,native,24,0.979654,0.971624,0.982687,0.011063,0.978292,0.970084,0.985879,0.96901,0.989062,24,0.989722,0.985608,0.991268,0.00566,0.989018,0.984815,0.992889,0.984261,0.994501,0.001137,24,0.001175,24,0.765625,24,91.5,24,,0,0.104511,24
20,7,24,False,native,24,0.979208,0.973062,0.982221,0.009159,0.978101,0.970474,0.984922,0.969378,0.988162,24,0.989495,0.986347,0.991031,0.004684,0.988921,0.985016,0.992404,0.984451,0.994046,0.00116,24,0.001106,24,0.789062,24,98.0,24,,0,0.104597,24
20,8,24,False,native,24,0.97984,0.972084,0.981514,0.009429,0.978054,0.969988,0.98552,0.968422,0.988912,24,0.989817,0.985845,0.990671,0.004826,0.988896,0.984766,0.992707,0.983958,0.994425,0.001194,24,0.00127,24,0.757812,24,98.0,24,,0,0.104625,24
20,9,24,False,native,24,0.978391,0.971919,0.983097,0.011178,0.977952,0.970011,0.986417,0.96879,0.987787,24,0.989078,0.985759,0.991476,0.005717,0.988844,0.984777,0.993162,0.984147,0.993856,0.001144,24,0.001179,24,0.783203,24,94.5,24,,0,0.104595,24
20,10,24,False,native,24,0.978725,0.972011,0.982705,0.010695,0.977932,0.971005,0.984377,0.96901,0.987638,24,0.989248,0.985807,0.991277,0.005471,0.988834,0.985289,0.992127,0.984261,0.99378,0.001106,24,0.001232,24,0.78125,24,90.5,24,0.999665,24,0.104505,24
20,11,24,False,native,24,0.97854,0.97225,0.983526,0.011275,0.97802,0.97018,0.985453,0.969746,0.988537,24,0.989154,0.98593,0.991694,0.005765,0.988879,0.984864,0.992673,0.98464,0.994235,0.001251,24,0.00124,24,0.804688,24,91.5,24,,0,0.104449,24
20,12,24,False,native,24,0.977835,0.971439,0.983246,0.011807,0.977782,0.970033,0.985512,0.969231,0.988537,24,0.988793,0.985513,0.991552,0.00604,0.988757,0.984788,0.992703,0.984375,0.994235,0.001282,24,0.001163,24,0.800781,24,95.5,24,,0,0.10438,24
20,13,24,False,native,24,0.978169,0.971697,0.982482,0.010785,0.977458,0.969326,0.984772,0.968349,0.988087,24,0.988964,0.985645,0.991164,0.005518,0.988591,0.984424,0.992328,0.98392,0.994008,0.001316,24,0.00106,24,0.806641,24,102.0,24,,0,0.104291,24
20,14,24,False,native,24,0.97854,0.971495,0.982948,0.011453,0.977747,0.969069,0.985452,0.968202,0.987937,24,0.989154,0.985541,0.991401,0.005859,0.988738,0.984292,0.992673,0.983844,0.993932,0.001236,24,0.001301,24,0.785156,24,99.5,24,,0,0.10421,24
20,15,24,False,native,24,0.978837,0.972085,0.981942,0.009856,0.977376,0.96865,0.984168,0.968055,0.988612,24,0.989305,0.985845,0.990889,0.005044,0.988548,0.984075,0.992021,0.983768,0.994273,0.001282,24,0.001297,24,0.777344,24,98.5,24,,0,0.104106,24
20,16,24,False,native,24,0.977909,0.971882,0.982892,0.01101,0.977327,0.968738,0.984302,0.967908,0.988987,24,0.988831,0.98574,0.991372,0.005632,0.988523,0.984121,0.992089,0.983692,0.994463,0.001198,24,0.001118,24,0.804688,24,96.5,24,,0,0.104033,24
20,17,24,False,native,24,0.977056,0.971791,0.982482,0.010691,0.976864,0.968224,0.983772,0.966881,0.988087,24,0.988395,0.985693,0.991164,0.005471,0.988286,0.983855,0.99182,0.983161,0.994008,0.001274,24,0.001221,24,0.804688,24,97.0,24,,0,0.10395,24
20,18,24,False,native,24,0.976797,0.970943,0.982445,0.011502,0.976658,0.967313,0.983772,0.96666,0.988612,24,0.988262,0.985257,0.991145,0.005888,0.98818,0.983385,0.99182,0.983048,0.994273,0.001225,24,0.001205,24,0.810547,24,97.5,24,,0,0.103904,24
20,19,24,False,native,24,0.976278,0.970758,0.981886,0.011128,0.976468,0.967321,0.984646,0.965268,0.988687,24,0.987997,0.985162,0.99086,0.005698,0.988082,0.983389,0.992263,0.982327,0.994311,0.001205,24,0.001251,24,0.804688,24,91.0,24,,0,0.103874,24
20,20,24,False,native,24,0.97576,0.970446,0.981234,0.010789,0.976217,0.967343,0.984638,0.964536,0.988912,24,0.987731,0.985001,0.990528,0.005528,0.987953,0.9834,0.99226,0.981948,0.994425,0.001175,24,0.001186,24,0.822266,24,94.0,24,0.999602,24,0.10382,24
20,21,24,False,native,24,0.976649,0.970225,0.981458,0.011233,0.976183,0.96713,0.984862,0.965341,0.988762,24,0.988186,0.984887,0.990642,0.005755,0.987935,0.98329,0.992373,0.982365,0.994349,0.001144,24,0.001289,24,0.833984,24,94.0,24,,0,0.103802,24
20,22,24,False,native,24,0.975982,0.970556,0.981067,0.010511,0.975809,0.966272,0.98466,0.964829,0.987488,24,0.987845,0.985058,0.990443,0.005385,0.987744,0.982847,0.992271,0.9821,0.993704,0.00124,24,0.001125,24,0.832031,24,91.5,24,,0,0.103784,24
20,23,24,False,native,24,0.975686,0.969856,0.981663,0.011806,0.975741,0.966881,0.984675,0.964682,0.986964,24,0.987693,0.984697,0.990746,0.006049,0.987709,0.983161,0.992279,0.982024,0.993439,0.001228,24,0.001217,24,0.828125,24,94.5,24,,0,0.10374,24
20,24,24,False,native,24,0.975242,0.968771,0.980732,0.011961,0.975409,0.966426,0.985528,0.965268,0.987038,24,0.987466,0.984138,0.990272,0.006134,0.987539,0.982926,0.992711,0.982327,0.993477,0.00111,24,0.001091,24,0.839844,24,99.5,24,,0,0.103702,24
20,25,24,False,native,24,0.975279,0.968698,0.980937,0.012239,0.975168,0.966308,0.984324,0.964463,0.986589,24,0.987485,0.9841,0.990377,0.006277,0.987415,0.982866,0.9921,0.98191,0.993249,0.001087,24,0.001083,24,0.839844,24,96.5,24,,0,0.103685,24
20,26,24,False,native,24,0.974281,0.96901,0.980546,0.011536,0.97481,0.966455,0.983309,0.963731,0.985841,24,0.986973,0.984261,0.990177,0.005916,0.987232,0.982941,0.991584,0.981531,0.99287,0.001102,24,0.001133,24,0.851562,24,95.5,24,,0,0.103642,24
20,27,24,False,native,24,0.973911,0.968477,0.981179,0.012701,0.974551,0.965546,0.983071,0.964097,0.987113,24,0.986783,0.983986,0.9905,0.006514,0.987098,0.982471,0.991463,0.98172,0.993515,0.001213,24,0.001266,24,0.869141,24,95.5,24,,0,0.103561,24
20,28,24,False,native,24,0.972545,0.967798,0.981551,0.013753,0.974123,0.965642,0.982832,0.962635,0.985766,24,0.986082,0.983635,0.990689,0.007054,0.986878,0.98252,0.991342,0.980962,0.992832,0.00116,24,0.001106,24,0.890625,24,98.0,24,,0,0.103526,24
20,29,24,False,native,24,0.972545,0.967284,0.980249,0.012965,0.973834,0.96529,0.983086,0.962562,0.985467,24,0.986082,0.98337,0.990026,0.006656,0.986729,0.982338,0.991471,0.980924,0.992681,0.001099,24,0.001072,24,0.863281,24,95.5,24,,0,0.103465,24
20,30,24,False,native,24,0.971219,0.967596,0.980435,0.012839,0.973317,0.96417,0.982653,0.962197,0.984944,24,0.985399,0.983531,0.990121,0.006589,0.986464,0.981758,0.991251,0.980734,0.992415,0.001137,24,0.001106,24,0.888672,24,99.5,24,0.999524,24,0.103416,24
20,31,24,False,native,24,0.971181,0.966679,0.9801,0.013421,0.973186,0.964294,0.982489,0.962124,0.985542,24,0.98538,0.983057,0.98995,0.006893,0.986396,0.981823,0.991167,0.980696,0.992718,0.001099,24,0.001221,24,0.898438,24,95.0,24,,0,0.103384,24
20,32,24,False,native,24,0.971218,0.966973,0.9801,0.013127,0.972993,0.963073,0.983019,0.962343,0.985766,24,0.985399,0.983209,0.98995,0.006741,0.986297,0.981189,0.991437,0.98081,0.992832,0.001045,24,0.001221,24,0.898438,24,97.0,24,,0,0.103365,24
20,33,24,False,native,24,0.971182,0.965836,0.981123,0.015287,0.972934,0.963358,0.982147,0.961394,0.986215,24,0.98538,0.982621,0.990471,0.00785,0.986265,0.981337,0.990993,0.980317,0.99306,0.00116,24,0.001175,24,0.884766,24,89.5,24,,0,0.103323,24
20,34,24,False,native,24,0.970629,0.965268,0.980286,0.015018,0.972294,0.963015,0.981089,0.95979,0.98629,24,0.985096,0.982327,0.990045,0.007718,0.985936,0.981159,0.990454,0.979483,0.993098,0.001232,24,0.001213,24,0.898438,24,97.5,24,,0,0.103285,24
20,35,24,False,native,24,0.970518,0.964024,0.979858,0.015835,0.972212,0.962584,0.982154,0.961248,0.985841,24,0.985039,0.981682,0.989827,0.008144,0.985894,0.980935,0.990997,0.980241,0.99287,0.001118,24,0.001209,24,0.882812,24,95.5,24,,0,0.103268,24
20,36,24,False,native,24,0.970703,0.96428,0.980527,0.016247,0.972011,0.961657,0.98231,0.961321,0.985617,24,0.985133,0.981815,0.990168,0.008353,0.985789,0.980454,0.991076,0.980279,0.992756,0.001232,24,0.00116,24,0.898438,24,103.0,24,,0,0.103244,24
20,37,24,False,native,24,0.971292,0.964408,0.98023,0.015822,0.972019,0.96197,0.982214,0.960446,0.984944,24,0.985437,0.981881,0.990016,0.008135,0.985794,0.980617,0.991027,0.979824,0.992415,0.001163,24,0.001213,24,0.886719,24,94.0,24,,0,0.103274,24
20,38,24,False,native,24,0.971771,0.964042,0.979765,0.015723,0.971737,0.961518,0.981305,0.960373,0.985991,24,0.985683,0.981692,0.989779,0.008087,0.985649,0.980382,0.990564,0.979786,0.992946,0.001072,24,0.001148,24,0.876953,24,96.5,24,,0,0.103328,24
20,39,24,False,native,24,0.972435,0.963274,0.980397,0.017123,0.971977,0.962284,0.981245,0.960373,0.985692,24,0.986025,0.981294,0.990102,0.008808,0.985772,0.98078,0.990534,0.979786,0.992794,0.001228,24,0.001171,24,0.890625,24,93.5,24,,0,0.103346,24
20,40,24,False,native,24,0.972619,0.963676,0.979747,0.01607,0.971683,0.962336,0.981543,0.960883,0.984944,24,0.98612,0.981502,0.98977,0.008268,0.985622,0.980806,0.990686,0.980052,0.992415,0.001068,24,0.001072,24,0.880859,24,92.0,24,0.999455,24,0.103321,24
20,41,24,False,native,24,0.971402,0.964133,0.980453,0.01632,0.971358,0.96189,0.981782,0.957826,0.985318,24,0.985494,0.981739,0.99013,0.008391,0.985453,0.980575,0.990807,0.978459,0.992605,0.001156,24,0.001068,24,0.890625,24,90.5,24,,0,0.103287,24
20,42,24,False,native,24,0.970629,0.963658,0.979988,0.01633,0.970732,0.961343,0.980948,0.957826,0.98375,24,0.985096,0.981493,0.989893,0.0084,0.98513,0.980291,0.990382,0.978459,0.991808,0.001163,24,0.001163,24,0.900391,24,98.0,24,,0,0.103272,24
20,43,24,False,native,24,0.970114,0.96353,0.979877,0.016347,0.970849,0.962168,0.981156,0.957172,0.984048,24,0.98483,0.981426,0.989836,0.00841,0.98519,0.980719,0.990488,0.978117,0.99196,0.001251,24,0.001221,24,0.871094,24,92.0,24,,0,0.103246,24
20,44,24,False,native,24,0.96905,0.964811,0.979022,0.014212,0.970487,0.961905,0.981744,0.954778,0.983451,24,0.98428,0.98209,0.9894,0.00731,0.985004,0.980583,0.990788,0.976866,0.991657,0.001202,24,0.001144,24,0.898438,24,94.5,24,,0,0.103134,24
20,45,24,False,native,24,0.968756,0.963731,0.97932,0.015588,0.970518,0.962693,0.982296,0.953692,0.98472,24,0.984128,0.981531,0.989552,0.008021,0.985018,0.980992,0.991069,0.976297,0.992301,0.001163,24,0.001064,24,0.896484,24,96.5,24,,0,0.102983,24
20,46,24,False,native,24,0.967984,0.963329,0.97867,0.015341,0.969642,0.961102,0.981008,0.951523,0.9836,24,0.98373,0.981322,0.98922,0.007898,0.984565,0.980165,0.990413,0.975159,0.991732,0.001163,24,0.001144,24,0.884766,24,97.0,24,,0,0.102725,24
20,47,24,False,native,24,0.967324,0.962727,0.979022,0.016296,0.968433,0.956969,0.979974,0.948134,0.981886,24,0.983389,0.981009,0.9894,0.008391,0.983937,0.978011,0.989885,0.973377,0.99086,0.001266,24,0.001225,24,0.912109,24,94.5,24,,0,0.102335,24
20,48,24,False,native,24,0.966152,0.960904,0.978503,0.017599,0.967279,0.951588,0.980323,0.944471,0.98375,24,0.982782,0.980061,0.989135,0.009073,0.98333,0.975193,0.990064,0.971443,0.991808,0.001083,24,0.001198,24,0.916016,24,90.5,24,,0,0.101712,24
20,49,24,False,native,24,0.96333,0.95796,0.977965,0.020006,0.965693,0.951205,0.981841,0.939965,0.983004,24,0.981322,0.978525,0.98886,0.010334,0.982501,0.974992,0.990837,0.969053,0.991429,0.001102,24,0.001118,24,0.935547,24,96.0,24,,0,0.100243,24
21,0,24,False,native,24,0.977353,0.972288,0.979375,0.007088,0.973394,0.956638,0.981327,0.945404,0.981886,24,0.988547,0.985949,0.98958,0.003631,0.986491,0.977825,0.990576,0.971936,0.99086,0.0,24,0.0,24,0.802734,24,135.0,24,0.999698,24,0.104944,24
21,1,24,False,native,24,0.977798,0.972656,0.981532,0.008876,0.975067,0.959459,0.983235,0.944901,0.985243,24,0.988774,0.986139,0.99068,0.004541,0.987349,0.979293,0.991547,0.97167,0.992567,0.000732,24,0.000885,24,0.794922,24,118.5,24,,0,0.105294,24
21,2,24,False,native,24,0.97802,0.972748,0.981904,0.009156,0.976183,0.969201,0.984452,0.951451,0.986664,24,0.988888,0.986186,0.99087,0.004684,0.987927,0.98436,0.992165,0.975121,0.993287,0.000824,24,0.000866,24,0.796875,24,117.0,24,,0,0.105192,24
21,3,24,False,native,24,0.977946,0.974041,0.982351,0.008311,0.976747,0.971159,0.984638,0.952028,0.987488,24,0.98885,0.98685,0.991097,0.004248,0.988218,0.985369,0.99226,0.975425,0.993704,0.001026,24,0.001007,24,0.794922,24,113.0,24,,0,0.105262,24
21,4,24,False,native,24,0.978725,0.973653,0.980844,0.007191,0.97655,0.970754,0.985318,0.952824,0.988912,24,0.989248,0.98665,0.990329,0.003679,0.988117,0.98516,0.992605,0.975842,0.994425,0.000992,24,0.00108,24,0.779297,24,107.5,24,,0,0.105179,24
21,5,24,False,native,24,0.978652,0.973414,0.980677,0.007263,0.976673,0.970224,0.986537,0.954054,0.988237,24,0.98921,0.986527,0.990244,0.003717,0.98818,0.984887,0.993223,0.976487,0.994084,0.000957,24,0.001026,24,0.792969,24,112.5,24,,0,0.105196,24
21,6,24,False,native,24,0.976908,0.973431,0.981365,0.007934,0.976395,0.970533,0.987263,0.953981,0.987937,24,0.988319,0.986537,0.990595,0.004058,0.988038,0.985046,0.993591,0.976449,0.993932,0.001072,24,0.00099,24,0.804688,24,110.5,24,,0,0.105065,24
21,7,24,False,native,24,0.97676,0.972453,0.981011,0.008558,0.976193,0.971034,0.986747,0.954198,0.987712,24,0.988243,0.986034,0.990415,0.00438,0.987935,0.985304,0.993329,0.976562,0.993818,0.001026,24,0.001072,24,0.822266,24,118.5,24,,0,0.104965,24
21,8,24,False,native,24,0.975945,0.971789,0.980509,0.00872,0.975783,0.970599,0.986148,0.955358,0.988387,24,0.987826,0.985693,0.990159,0.004466,0.987727,0.98508,0.993026,0.977169,0.99416,0.001026,24,0.000948,24,0.820312,24,113.5,24,,0,0.104876,24
21,9,24,False,native,24,0.975834,0.971808,0.979933,0.008125,0.975994,0.969378,0.988425,0.957317,0.989587,24,0.987769,0.985702,0.989865,0.004162,0.987834,0.984451,0.994179,0.978193,0.994766,0.000937,24,0.000927,24,0.826172,24,114.5,24,,0,0.104711,24
21,10,24,False,native,24,0.976538,0.971347,0.981309,0.009962,0.975853,0.968143,0.987301,0.956664,0.988162,24,0.98813,0.985465,0.990566,0.005101,0.987761,0.983814,0.99361,0.977852,0.994046,0.000996,24,0.000984,24,0.810547,24,121.0,24,0.999726,24,0.104568,24
21,11,24,False,native,24,0.976945,0.97074,0.980416,0.009676,0.97568,0.967864,0.986574,0.958553,0.988837,24,0.988338,0.985152,0.990111,0.004959,0.987674,0.98367,0.993242,0.978838,0.994387,0.00098,24,0.000845,24,0.8125,24,109.0,24,,0,0.104426,24
21,12,24,False,native,24,0.977168,0.969599,0.981086,0.011487,0.975467,0.966874,0.986859,0.955793,0.987937,24,0.988452,0.984565,0.990452,0.005888,0.987562,0.983158,0.993386,0.977397,0.993932,0.000984,24,0.000988,24,0.814453,24,113.5,24,,0,0.104302,24
21,13,24,False,native,24,0.977019,0.968918,0.981383,0.012465,0.975635,0.965855,0.986717,0.95739,0.988087,24,0.988376,0.984214,0.990604,0.00639,0.987649,0.98263,0.993314,0.978231,0.994008,0.001015,24,0.000954,24,0.804688,24,111.0,24,,0,0.10425,24
21,14,24,False,native,24,0.976464,0.969139,0.980769,0.01163,0.975443,0.96494,0.986402,0.957099,0.988387,24,0.988092,0.984328,0.990291,0.005964,0.987551,0.982156,0.993155,0.978079,0.99416,0.00103,24,0.000999,24,0.824219,24,109.0,24,,0,0.104152,24
21,15,24,False,native,24,0.977353,0.969065,0.98131,0.012244,0.975884,0.965115,0.986934,0.959354,0.988312,24,0.988547,0.98429,0.990566,0.006277,0.987777,0.982247,0.993424,0.979255,0.994122,0.000988,24,0.000952,24,0.798828,24,105.0,24,,0,0.104074,24
21,16,24,False,native,24,0.97602,0.967229,0.979767,0.012538,0.974893,0.9657,0.986941,0.958844,0.987862,24,0.987864,0.983342,0.989779,0.006438,0.987268,0.982551,0.993428,0.97899,0.993894,0.00103,24,0.001038,24,0.835938,24,108.5,24,,0,0.103976,24
21,17,24,False,native,24,0.975575,0.967101,0.980807,0.013706,0.974807,0.964587,0.986552,0.959645,0.988612,24,0.987637,0.983275,0.99031,0.007035,0.987224,0.981974,0.99323,0.979407,0.994273,0.000978,24,0.000996,24,0.84375,24,107.0,24,,0,0.103892,24
21,18,24,False,native,24,0.974651,0.966074,0.980231,0.014157,0.974283,0.96311,0.985834,0.958771,0.987413,24,0.987162,0.982744,0.990016,0.007272,0.986954,0.981208,0.992866,0.978952,0.993667,0.000999,24,0.000748,24,0.857422,24,115.0,24,,0,0.103778,24
21,19,24,False,native,24,0.974983,0.965415,0.980157,0.014742,0.974004,0.963139,0.986185,0.957753,0.988087,24,0.987333,0.982403,0.989978,0.007575,0.98681,0.981223,0.993045,0.978421,0.994008,0.000996,24,0.000919,24,0.832031,24,122.5,24,,0,0.103709,24
21,20,24,False,native,24,0.974318,0.964463,0.97971,0.015248,0.973805,0.962796,0.986874,0.959135,0.987712,24,0.986992,0.98191,0.989751,0.007841,0.986707,0.981045,0.993394,0.979141,0.993818,0.000847,24,0.001057,24,0.857422,24,115.0,24,0.999699,24,0.103638,24
21,21,24,False,native,24,0.974798,0.964444,0.979005,0.014561,0.973678,0.963051,0.986305,0.959135,0.987338,24,0.987238,0.9819,0.989391,0.00749,0.986643,0.981178,0.993105,0.979141,0.993629,0.000906,24,0.000582,24,0.833984,24,120.0,24,,0,0.103585,24
21,22,24,False,native,24,0.974059,0.964207,0.980195,0.015988,0.973596,0.963205,0.986028,0.959208,0.98644,24,0.986859,0.981777,0.989997,0.00822,0.986601,0.981258,0.992965,0.979179,0.993174,0.000879,24,0.000919,24,0.855469,24,120.0,24,,0,0.103535,24
21,23,24,False,native,24,0.973357,0.964737,0.979006,0.014269,0.97346,0.962438,0.986597,0.959499,0.986814,24,0.986499,0.982052,0.989391,0.007338,0.986532,0.980859,0.993253,0.979331,0.993363,0.000921,24,0.000965,24,0.863281,24,119.0,24,,0,0.103481,24
21,24,24,False,native,24,0.973431,0.96417,0.978227,0.014057,0.973359,0.963534,0.986941,0.959863,0.987338,24,0.986537,0.981758,0.988992,0.007234,0.98648,0.981428,0.993428,0.979521,0.993629,0.000935,24,0.001022,24,0.847656,24,119.5,24,,0,0.103462,24
21,25,24,False,native,24,0.972951,0.964298,0.979005,0.014707,0.973006,0.962861,0.985729,0.960592,0.987787,24,0.98629,0.981825,0.989391,0.007566,0.9863,0.981079,0.992813,0.9799,0.993856,0.000931,24,0.000467,24,0.867188,24,127.0,24,,0,0.103393,24
21,26,24,False,native,24,0.973136,0.964188,0.978302,0.014113,0.973097,0.962927,0.985071,0.962635,0.987338,24,0.986385,0.981768,0.98903,0.007263,0.986347,0.981113,0.99248,0.980962,0.993629,0.000959,24,0.000816,24,0.851562,24,122.0,24,,0,0.103333,24
21,27,24,False,native,24,0.972915,0.963713,0.978598,0.014885,0.97296,0.962365,0.985176,0.961832,0.988087,24,0.986271,0.981521,0.989182,0.007661,0.986276,0.980821,0.992533,0.980545,0.994008,0.000975,24,0.000769,24,0.875,24,122.0,24,,0,0.103321,24
21,28,24,False,native,24,0.972582,0.964152,0.977411,0.01326,0.972858,0.963322,0.98552,0.961978,0.986664,24,0.986101,0.981749,0.988575,0.006826,0.986225,0.981318,0.992707,0.98062,0.993287,0.000967,24,0.000944,24,0.861328,24,119.5,24,,0,0.103294,24
21,29,24,False,native,24,0.972472,0.963457,0.977117,0.01366,0.97256,0.96254,0.985131,0.961686,0.987488,24,0.986044,0.981388,0.988423,0.007035,0.986071,0.980912,0.99251,0.980469,0.993704,0.00046,24,0.000942,24,0.890625,24,117.5,24,,0,0.103274,24
21,30,24,False,native,24,0.972103,0.962653,0.978506,0.015852,0.972482,0.96227,0.985325,0.961467,0.987413,24,0.985854,0.980971,0.989135,0.008163,0.986029,0.980772,0.992608,0.980355,0.993667,0.000463,24,0.000868,24,0.875,24,126.0,24,0.999672,24,0.103256,24
21,31,24,False,native,24,0.971402,0.963841,0.975823,0.011982,0.972129,0.962255,0.98635,0.960519,0.987638,24,0.985494,0.981588,0.98776,0.006172,0.985848,0.980765,0.993128,0.979862,0.99378,0.0009,24,0.000912,24,0.888672,24,119.0,24,,0,0.103267,24
21,32,24,False,native,24,0.971845,0.963018,0.976951,0.013932,0.972193,0.961153,0.986088,0.959426,0.987263,24,0.985721,0.981161,0.988338,0.007177,0.985879,0.980192,0.992995,0.979293,0.993591,0.00091,24,0.00098,24,0.859375,24,123.0,24,,0,0.10325,24
21,33,24,False,native,24,0.971734,0.962982,0.977189,0.014207,0.971862,0.961409,0.98546,0.959281,0.986814,24,0.985664,0.981142,0.988461,0.007319,0.98571,0.980325,0.992677,0.979217,0.993363,0.000862,24,0.000875,24,0.869141,24,123.0,24,,0,0.103256,24
21,34,24,False,native,24,0.971439,0.963457,0.97767,0.014213,0.971821,0.961759,0.986118,0.958699,0.987563,24,0.985513,0.981388,0.988708,0.007319,0.985688,0.980507,0.99301,0.978914,0.993742,0.000975,24,0.000896,24,0.871094,24,121.0,24,,0,0.103284,24
21,35,24,False,native,24,0.971108,0.964061,0.976596,0.012536,0.971793,0.960177,0.985565,0.95899,0.987488,24,0.985342,0.981701,0.988158,0.006457,0.985674,0.979684,0.99273,0.979066,0.993704,0.000944,24,0.000946,24,0.869141,24,120.5,24,,0,0.103267,24
21,36,24,False,native,24,0.971034,0.963969,0.977818,0.013849,0.971801,0.960825,0.985154,0.957681,0.988687,24,0.985304,0.981654,0.988784,0.00713,0.985677,0.980021,0.992521,0.978383,0.994311,0.000956,24,0.000875,24,0.873047,24,120.0,24,,0,0.103289,24
21,37,24,False,native,24,0.971845,0.965378,0.976431,0.011053,0.972172,0.962431,0.98431,0.958917,0.987113,24,0.985721,0.982384,0.988073,0.005689,0.985871,0.980856,0.992093,0.979028,0.993515,0.000992,24,0.00087,24,0.865234,24,123.5,24,,0,0.103299,24
21,38,24,False,native,24,0.972103,0.96406,0.977746,0.013686,0.972277,0.96235,0.985557,0.959863,0.987563,24,0.985854,0.981701,0.988746,0.007045,0.985924,0.980814,0.992726,0.979521,0.993742,0.000937,24,0.000843,24,0.880859,24,122.0,24,,0,0.103324,24
21,39,24,False,native,24,0.971992,0.964646,0.975212,0.010566,0.971712,0.961992,0.98431,0.958771,0.987413,24,0.985797,0.982005,0.987447,0.005442,0.985634,0.980628,0.992093,0.978952,0.993667,0.000868,24,0.000856,24,0.871094,24,124.0,24,,0,0.103331,24
21,40,24,False,native,24,0.971955,0.965671,0.977134,0.011463,0.972115,0.962993,0.984974,0.95899,0.987263,24,0.985778,0.982536,0.988433,0.005897,0.985841,0.981148,0.99243,0.979066,0.993591,0.000872,24,0.000875,24,0.880859,24,122.5,24,0.99966,24,0.103385,24
21,41,24,False,native,24,0.971918,0.96503,0.97632,0.01129,0.971804,0.962832,0.984003,0.958335,0.987113,24,0.985759,0.982204,0.988016,0.005812,0.985682,0.981064,0.991937,0.978724,0.993515,0.000849,24,0.000917,24,0.871094,24,122.0,24,,0,0.103389,24
21,42,24,False,native,24,0.96993,0.965744,0.976523,0.010778,0.971592,0.963037,0.984459,0.958044,0.986514,24,0.984735,0.982574,0.98812,0.005546,0.985573,0.98117,0.992169,0.978573,0.993211,0.000422,24,0.0009,24,0.894531,24,118.0,24,,0,0.103432,24
21,43,24,False,native,24,0.970298,0.966019,0.976652,0.010633,0.971801,0.962241,0.985198,0.957971,0.985916,24,0.984925,0.982716,0.988186,0.005471,0.98568,0.980757,0.992544,0.978535,0.992908,0.000887,24,0.000853,24,0.900391,24,121.0,24,,0,0.103435,24
21,44,24,False,native,24,0.969599,0.966807,0.978431,0.011624,0.972062,0.960038,0.984608,0.957899,0.987862,24,0.984565,0.983123,0.989097,0.005973,0.985813,0.979612,0.992244,0.978497,0.993894,0.000786,24,0.000883,24,0.890625,24,123.0,24,,0,0.103466,24
21,45,24,False,native,24,0.969599,0.966569,0.977596,0.011027,0.971888,0.959834,0.984937,0.958917,0.986215,24,0.984565,0.983,0.98867,0.00567,0.985724,0.979505,0.992411,0.979028,0.99306,0.000748,24,0.00074,24,0.896484,24,119.0,24,,0,0.103584,24
21,46,24,False,native,24,0.970447,0.966569,0.978839,0.01227,0.972051,0.958546,0.984474,0.958044,0.985617,24,0.985001,0.983,0.989305,0.006305,0.985807,0.978834,0.992176,0.978573,0.992756,0.000853,24,0.000906,24,0.882812,24,116.5,24,,0,0.103738,24
21,47,24,False,native,24,0.969968,0.966514,0.976928,0.010414,0.971586,0.959186,0.98369,0.957753,0.985467,24,0.984754,0.982972,0.988329,0.005357,0.98557,0.979168,0.991778,0.978421,0.992681,0.000874,24,0.000854,24,0.880859,24,117.0,24,,0,0.104022,24
21,48,24,False,native,24,0.969857,0.965689,0.97919,0.013501,0.971845,0.961044,0.983705,0.958699,0.986664,24,0.984697,0.982545,0.989485,0.00694,0.985702,0.980135,0.991785,0.978914,0.993287,0.000908,24,0.000814,24,0.892578,24,111.5,24,,0,0.104239,24
21,49,24,False,native,24,0.971329,0.966698,0.978448,0.011749,0.971967,0.95899,0.983578,0.957317,0.98644,24,0.985456,0.983067,0.989106,0.00604,0.985764,0.979066,0.991721,0.978193,0.993174,0.000853,24,0.000755,24,0.871094,24,116.0,24,,0,0.104118,24
22,0,24,False,native,24,0.974133,0.96525,0.978503,0.013253,0.969827,0.948963,0.980814,0.937826,0.983899,24,0.986897,0.982318,0.989135,0.006817,0.984644,0.973813,0.990314,0.967916,0.991884,0.0,24,0.0,24,0.841797,24,180.5,24,0.999551,24,0.101176,24
22,1,24,False,native,24,0.973802,0.965654,0.980304,0.014651,0.971607,0.957275,0.983518,0.932429,0.985168,24,0.986726,0.982526,0.990054,0.007528,0.98556,0.978171,0.991691,0.965033,0.992529,0.0,24,0.0,24,0.841797,24,158.0,24,,0,0.101626,24
22,2,24,False,native,24,0.980992,0.972048,0.984197,0.01215,0.977661,0.965063,0.985796,0.957971,0.986215,24,0.990405,0.985826,0.992036,0.00621,0.988687,0.982221,0.992847,0.978535,0.99306,0.0,24,0.0,24,0.726562,24,154.5,24,,0,0.102179,24
22,3,24,False,native,24,0.979914,0.974262,0.984739,0.010477,0.977836,0.965842,0.985924,0.957681,0.98629,24,0.989855,0.986963,0.992311,0.005347,0.988777,0.982623,0.992912,0.978383,0.993098,0.0,24,0.0,24,0.744141,24,152.5,24,,0,0.10272,24
22,4,24,False,native,24,0.980732,0.974521,0.984851,0.01033,0.978345,0.971838,0.986066,0.95485,0.987712,24,0.990272,0.987096,0.992368,0.005272,0.989035,0.985718,0.992984,0.976904,0.993818,0.0,24,0.0,24,0.753906,24,151.0,24,,0,0.103081,24
22,5,24,False,native,24,0.980993,0.974484,0.984272,0.009788,0.978172,0.97211,0.986148,0.951017,0.987113,24,0.990405,0.987077,0.992074,0.004997,0.988945,0.985858,0.993026,0.974894,0.993515,0.0,24,0.0,24,0.738281,24,151.5,24,,0,0.103213,24
22,6,24,False,native,24,0.980993,0.977168,0.98444,0.007273,0.978453,0.97397,0.986155,0.946193,0.986889,24,0.990405,0.988452,0.992159,0.003707,0.989084,0.986814,0.993029,0.972353,0.993401,0.0,24,0.0,24,0.732422,24,147.0,24,,0,0.103392,24
22,7,24,False,native,24,0.9801,0.976186,0.984477,0.008292,0.978418,0.974902,0.985744,0.950584,0.987263,24,0.98995,0.987949,0.992178,0.004229,0.98907,0.987291,0.992821,0.974666,0.993591,0.0,24,0.0,24,0.728516,24,145.5,24,,0,0.103488,24
22,8,24,False,native,24,0.980732,0.977242,0.984851,0.007609,0.979272,0.975472,0.986268,0.949863,0.986814,24,0.990272,0.98849,0.992368,0.003878,0.989506,0.987583,0.993086,0.974287,0.993363,0.0,24,0.0,24,0.732422,24,138.0,24,,0,0.103643,24
22,9,24,False,native,24,0.982258,0.978763,0.983638,0.004875,0.979306,0.976123,0.985707,0.949431,0.987338,24,0.99105,0.989267,0.991751,0.002484,0.989523,0.987917,0.992802,0.974059,0.993629,0.0,24,0.0,24,0.705078,24,140.0,24,,0,0.103681,24
22,10,24,False,native,24,0.981737,0.9788,0.985075,0.006275,0.979093,0.976434,0.986111,0.945619,0.987038,24,0.990784,0.989286,0.992481,0.003195,0.989411,0.988076,0.993007,0.972049,0.993477,0.0,24,0.0,24,0.728516,24,141.5,24,0.999712,24,0.103787,24
22,11,24,False,native,24,0.981923,0.977779,0.983918,0.006138,0.979127,0.977153,0.985064,0.949287,0.986664,24,0.990879,0.988765,0.991894,0.003129,0.989433,0.988444,0.992476,0.973984,0.993287,0.0,24,0.0,24,0.71875,24,149.5,24,,0,0.103832,24
22,12,24,False,native,24,0.981886,0.977946,0.983265,0.005319,0.979064,0.97656,0.98552,0.950584,0.98629,24,0.99086,0.98885,0.991562,0.002712,0.9894,0.988141,0.992707,0.974666,0.993098,0.0,24,0.0,24,0.730469,24,140.0,24,,0,0.103867,24
22,13,24,False,native,24,0.981886,0.978039,0.983414,0.005375,0.978888,0.975849,0.983951,0.949935,0.986066,24,0.99086,0.988898,0.991638,0.00274,0.989312,0.987777,0.991911,0.974325,0.992984,0.0,24,0.0,24,0.699219,24,140.5,24,,0,0.103879,24
22,14,24,False,native,24,0.9817,0.97752,0.982277,0.004757,0.978371,0.976049,0.983429,0.949431,0.98487,24,0.990765,0.988632,0.991059,0.002427,0.989048,0.987879,0.991645,0.974059,0.992377,0.0,24,0.0,24,0.726562,24,144.0,24,,0,0.103863,24
22,15,24,False,native,24,0.981625,0.978726,0.982929,0.004203,0.978579,0.976352,0.983556,0.95044,0.984197,24,0.990727,0.989248,0.991391,0.002143,0.989155,0.988035,0.99171,0.97459,0.992036,0.0,24,0.0,24,0.722656,24,142.0,24,,0,0.103882,24
22,16,24,False,native,24,0.981811,0.978484,0.982817,0.004333,0.97863,0.976634,0.98369,0.949863,0.985318,24,0.990822,0.989125,0.991334,0.002209,0.989179,0.988179,0.991778,0.974287,0.992605,0.0,24,0.0,24,0.722656,24,139.0,24,,0,0.103908,24
22,17,24,False,native,24,0.980881,0.977631,0.982855,0.005224,0.978395,0.975294,0.98375,0.949791,0.985168,24,0.990348,0.988689,0.991353,0.002664,0.98906,0.987492,0.991808,0.974249,0.992529,0.0,24,0.0,24,0.740234,24,138.5,24,,0,0.103979,24
22,18,24,False,native,24,0.980881,0.978485,0.981979,0.003494,0.978229,0.974769,0.982989,0.953836,0.984571,24,0.990348,0.989125,0.990908,0.001782,0.98898,0.987223,0.991421,0.976373,0.992225,0.0,24,0.0,24,0.740234,24,147.0,24,,0,0.104009,24
22,19,24,False,native,24,0.980509,0.978169,0.982445,0.004276,0.978296,0.973232,0.98313,0.954995,0.983899,24,0.990159,0.988964,0.991145,0.002181,0.989014,0.986434,0.991493,0.97698,0.991884,0.0,24,0.0,24,0.732422,24,143.5,24,,0,0.104091,24
22,20,24,False,native,24,0.980881,0.977131,0.981998,0.004867,0.977992,0.973645,0.983183,0.951306,0.9836,24,0.990348,0.988433,0.990917,0.002484,0.988858,0.986647,0.99152,0.975046,0.991732,0.0,24,0.0,24,0.734375,24,144.5,24,0.999722,24,0.104138,24
22,21,24,False,native,24,0.980583,0.977223,0.982258,0.005035,0.97795,0.97307,0.983123,0.954416,0.983824,24,0.990196,0.98848,0.99105,0.002569,0.988837,0.986351,0.99149,0.976676,0.991846,0.0,24,0.0,24,0.746094,24,145.0,24,,0,0.104197,24
22,22,24,False,native,24,0.979914,0.976371,0.98183,0.005459,0.977864,0.971631,0.983063,0.955865,0.984944,24,0.989855,0.988044,0.990832,0.002787,0.988795,0.985611,0.991459,0.977435,0.992415,0.0,24,0.0,24,0.726562,24,147.0,24,,0,0.104201,24
22,23,24,False,native,24,0.980509,0.978113,0.982221,0.004108,0.978153,0.970776,0.98281,0.957608,0.98487,24,0.990159,0.988935,0.991031,0.002095,0.988943,0.985171,0.99133,0.978345,0.992377,0.0,24,0.0,24,0.732422,24,139.0,24,,0,0.104222,24
22,24,24,False,native,24,0.980137,0.977483,0.98224,0.004757,0.977916,0.970857,0.982638,0.95848,0.983153,24,0.989969,0.988613,0.99104,0.002427,0.988823,0.985213,0.991243,0.9788,0.991505,0.0,24,0.0,24,0.748047,24,138.0,24,,0,0.104229,24
22,25,24,False,native,24,0.980137,0.977538,0.982705,0.005167,0.977983,0.96979,0.983593,0.957027,0.984571,24,0.989969,0.988642,0.991277,0.002636,0.988856,0.984663,0.991729,0.978042,0.992225,0.0,24,0.0,24,0.746094,24,147.0,24,,0,0.104219,24
22,26,24,False,native,24,0.979988,0.976945,0.981756,0.00481,0.977748,0.968299,0.982765,0.959426,0.984123,24,0.989893,0.988338,0.990794,0.002456,0.988738,0.983893,0.991308,0.979293,0.991998,0.0,24,0.0,24,0.755859,24,143.5,24,,0,0.104246,24
22,27,24,False,native,24,0.980435,0.976945,0.982351,0.005406,0.978137,0.969018,0.98328,0.961321,0.984496,24,0.990121,0.988338,0.991097,0.002759,0.988937,0.984265,0.991569,0.980279,0.992188,0.0,24,0.0,24,0.730469,24,140.5,24,,0,0.104213,24
22,28,24,False,native,24,0.97984,0.976482,0.982556,0.006074,0.977907,0.968857,0.98316,0.959718,0.984795,24,0.989817,0.988101,0.991201,0.0031,0.988819,0.984182,0.991509,0.979445,0.992339,0.0,24,0.0,24,0.751953,24,144.5,24,,0,0.104202,24
22,29,24,False,native,24,0.980249,0.97676,0.981923,0.005163,0.977968,0.969321,0.983959,0.9603,0.984123,24,0.990026,0.988243,0.990879,0.002636,0.98885,0.984421,0.991914,0.979748,0.991998,0.0,24,0.0,24,0.744141,24,141.0,24,,0,0.104183,24
22,30,24,False,native,24,0.98036,0.976167,0.982202,0.006035,0.977704,0.96968,0.982832,0.959208,0.982929,24,0.990083,0.98794,0.991021,0.003081,0.988716,0.984606,0.991342,0.979179,0.991391,0.0,24,0.0,24,0.751953,24,142.5,24,0.999709,24,0.104133,24
22,31,24,False,native,24,0.979728,0.976075,0.982277,0.006202,0.977709,0.969856,0.983839,0.957608,0.984197,24,0.98976,0.987893,0.991059,0.003167,0.988717,0.984697,0.991854,0.978345,0.992036,0.0,24,0.0,24,0.761719,24,150.0,24,,0,0.104101,24
22,32,24,False,native,24,0.980992,0.976371,0.982519,0.006148,0.97796,0.969687,0.983056,0.960956,0.983824,24,0.990405,0.988044,0.991182,0.003138,0.988847,0.98461,0.991456,0.98009,0.991846,0.0,24,0.0,24,0.746094,24,145.5,24,,0,0.104048,24
22,33,24,False,native,24,0.979654,0.975464,0.983078,0.007614,0.977615,0.970467,0.983802,0.959062,0.984123,24,0.989722,0.98758,0.991467,0.003887,0.988668,0.985012,0.991835,0.979103,0.991998,0.0,24,0.0,24,0.751953,24,140.0,24,,0,0.104034,24
22,34,24,False,native,24,0.980137,0.97454,0.982873,0.008334,0.977703,0.970717,0.983503,0.959062,0.984571,24,0.989969,0.987106,0.991363,0.004257,0.988714,0.985141,0.991683,0.979103,0.992225,0.0,24,0.0,24,0.75,24,142.5,24,,0,0.103984,24
22,35,24,False,native,24,0.979171,0.975372,0.982389,0.007017,0.977687,0.971683,0.983213,0.960519,0.984571,24,0.989476,0.987532,0.991116,0.003584,0.988708,0.985638,0.991535,0.979862,0.992225,0.0,24,0.0,24,0.787109,24,149.0,24,,0,0.103911,24
22,36,24,False,native,24,0.978614,0.974743,0.983134,0.008391,0.977653,0.972494,0.983556,0.961467,0.984571,24,0.989191,0.98721,0.991495,0.004285,0.988691,0.986055,0.99171,0.980355,0.992225,0.0,24,0.0,24,0.765625,24,144.0,24,,0,0.103901,24
22,37,24,False,native,24,0.978688,0.975131,0.982407,0.007276,0.977941,0.971491,0.983944,0.964097,0.985168,24,0.989229,0.987409,0.991126,0.003717,0.988839,0.985539,0.991907,0.98172,0.992529,0.0,24,0.0,24,0.761719,24,133.5,24,,0,0.103922,24
22,38,24,False,native,24,0.978948,0.975316,0.982184,0.006868,0.978086,0.973224,0.983981,0.966147,0.985019,24,0.989362,0.987504,0.991012,0.003508,0.988915,0.986431,0.991926,0.982782,0.992453,0.0,24,0.0,24,0.765625,24,141.5,24,,0,0.103961,24
22,39,24,False,native,24,0.980249,0.974946,0.982091,0.007145,0.978334,0.973749,0.983951,0.964609,0.985094,24,0.990026,0.987314,0.990964,0.00365,0.989041,0.9867,0.991911,0.981986,0.992491,0.0,24,0.0,24,0.748047,24,138.0,24,,0,0.103998,24
22,40,24,False,native,24,0.978651,0.974854,0.982407,0.007554,0.978083,0.973948,0.983213,0.965268,0.985916,24,0.98921,0.987267,0.991126,0.003859,0.988913,0.986802,0.991535,0.982327,0.992908,0.0,24,0.000425,24,0.773438,24,128.5,24,0.999726,24,0.104055,24
22,41,24,False,native,24,0.977613,0.973856,0.982184,0.008328,0.977782,0.973077,0.98319,0.968349,0.986215,24,0.988679,0.986755,0.991012,0.004257,0.98876,0.986355,0.991524,0.98392,0.99306,0.0,24,0.0,24,0.78125,24,129.5,24,,0,0.104083,24
22,42,24,False,native,24,0.978651,0.974336,0.981123,0.006787,0.977967,0.973136,0.983086,0.968422,0.986814,24,0.98921,0.987001,0.990471,0.00347,0.988855,0.986385,0.991471,0.983958,0.993363,0.000402,24,0.0,24,0.775391,24,131.5,24,,0,0.104193,24
22,43,24,False,native,24,0.978429,0.974909,0.981569,0.00666,0.97812,0.973638,0.983451,0.967174,0.987937,24,0.989097,0.987295,0.990699,0.003404,0.988932,0.986643,0.991657,0.983313,0.993932,0.0,24,0.0,24,0.787109,24,134.0,24,,0,0.104364,24
22,44,24,False,native,24,0.978837,0.974798,0.981476,0.006678,0.978402,0.974044,0.983608,0.96879,0.987787,24,0.989305,0.987238,0.990652,0.003413,0.989078,0.986851,0.991736,0.984147,0.993856,0.0,24,0.0,24,0.771484,24,136.0,24,,0,0.104737,24
22,45,24,False,native,24,0.978021,0.975316,0.981755,0.006439,0.978519,0.97403,0.983354,0.970703,0.988612,24,0.988888,0.987504,0.990794,0.00329,0.989138,0.986844,0.991607,0.985133,0.994273,0.0,24,0.0,24,0.771484,24,135.5,24,,0,0.105208,24
22,46,24,False,native,24,0.97828,0.975316,0.980974,0.005658,0.978452,0.974436,0.982512,0.972177,0.987338,24,0.989021,0.987504,0.990396,0.002892,0.989105,0.987052,0.991179,0.985892,0.993629,0.0,24,0.0,24,0.777344,24,137.5,24,,0,0.105804,24
22,47,24,False,native,24,0.977872,0.975853,0.980509,0.004656,0.978411,0.974466,0.982564,0.973431,0.988162,24,0.988812,0.987779,0.990159,0.00238,0.989084,0.987068,0.991205,0.986537,0.994046,0.0,24,0.0,24,0.791016,24,137.5,24,,0,0.106588,24
22,48,24,False,native,24,0.978095,0.976427,0.979951,0.003525,0.97834,0.973461,0.981774,0.972472,0.988012,24,0.988926,0.988073,0.989874,0.001801,0.989048,0.986552,0.990803,0.986044,0.99397,0.0,24,0.0,24,0.791016,24,136.0,24,,0,0.10739,24
22,49,24,False,native,24,0.977835,0.977075,0.978633,0.001558,0.978123,0.975427,0.981685,0.970114,0.987638,24,0.988793,0.988405,0.989201,0.000796,0.988937,0.987561,0.990758,0.98483,0.99378,0.000412,24,0.000412,24,0.785156,24,128.0,24,,0,0.108557,24
23,0,24,False,native,24,0.976464,0.966807,0.981625,0.014818,0.96814,0.947616,0.983847,0.897593,0.988087,24,0.988092,0.983123,0.990727,0.007604,0.983677,0.973104,0.991858,0.946033,0.994008,0.0,24,0.0,24,0.8125,24,162.0,24,0.999629,24,0.106392,24
23,1,24,False,native,24,0.974835,0.967945,0.982668,0.014723,0.967907,0.945979,0.985624,0.876392,0.987563,24,0.987257,0.983711,0.991258,0.007547,0.983515,0.972235,0.99276,0.934125,0.993742,0.0,24,0.0,24,0.839844,24,162.5,24,,0,0.106506,24
23,2,24,False,native,24,0.978874,0.973283,0.984403,0.011119,0.973476,0.965678,0.986949,0.90067,0.987413,24,0.989324,0.986461,0.99214,0.005679,0.986455,0.982539,0.993431,0.94774,0.993667,0.0,24,0.0,24,0.769531,24,166.0,24,,0,0.106545,24
23,3,24,False,native,24,0.978688,0.973653,0.983824,0.010172,0.974271,0.967115,0.986979,0.91211,0.988462,24,0.989229,0.98665,0.991846,0.005196,0.986889,0.983283,0.993447,0.954035,0.994198,0.0,24,0.0,24,0.769531,24,169.5,24,,0,0.106919,24
23,4,24,False,native,24,0.979728,0.975244,0.983154,0.007909,0.97517,0.965708,0.986589,0.918789,0.988762,24,0.98976,0.987466,0.991505,0.004039,0.987362,0.982555,0.993249,0.957676,0.994349,0.0,24,0.0,24,0.738281,24,163.5,24,,0,0.106851,24
23,5,24,False,native,24,0.980211,0.975728,0.982855,0.007127,0.975541,0.966162,0.986342,0.92812,0.987338,24,0.990007,0.987712,0.991353,0.003641,0.987567,0.98279,0.993124,0.96272,0.993629,0.0,24,0.0,24,0.724609,24,162.5,24,,0,0.106785,24
23,6,24,False,native,24,0.980063,0.975121,0.983694,0.008573,0.976454,0.965972,0.985953,0.94025,0.987113,24,0.989931,0.987399,0.99178,0.00438,0.988049,0.982691,0.992927,0.969205,0.993515,0.0,24,0.0,24,0.722656,24,158.0,24,,0,0.10673,24
23,7,24,False,native,24,0.980211,0.974767,0.983209,0.008442,0.976133,0.965642,0.98647,0.939608,0.987113,24,0.990007,0.987219,0.991533,0.004314,0.987881,0.98252,0.993189,0.968864,0.993515,0.0,24,0.0,24,0.730469,24,158.0,24,,0,0.106751,24
23,8,24,False,native,24,0.981104,0.975082,0.982985,0.007903,0.97655,0.966558,0.986402,0.94075,0.988762,24,0.990462,0.987381,0.99142,0.004039,0.988098,0.982995,0.993155,0.969471,0.994349,0.0,24,0.0,24,0.710938,24,152.5,24,,0,0.106636,24
23,9,24,False,native,24,0.980695,0.974822,0.984141,0.009319,0.97689,0.965116,0.985819,0.944543,0.988087,24,0.990253,0.987248,0.992007,0.00476,0.988275,0.982247,0.992859,0.971481,0.994008,0.0,24,0.0,24,0.720703,24,152.5,24,,0,0.106516,24
23,10,24,False,native,24,0.980881,0.975636,0.98306,0.007423,0.977058,0.967152,0.98647,0.944184,0.987113,24,0.990348,0.987665,0.991457,0.003792,0.988363,0.983302,0.993189,0.971291,0.993515,0.0,24,0.0,24,0.71875,24,151.5,24,0.999745,24,0.106343,24
23,11,24,False,native,24,0.980658,0.973434,0.982705,0.009271,0.976247,0.965656,0.985176,0.944184,0.986365,24,0.990234,0.986537,0.991277,0.004741,0.987948,0.982528,0.992533,0.971291,0.993136,0.0,24,0.0,24,0.734375,24,151.0,24,,0,0.106228,24
23,12,24,False,native,24,0.980769,0.974269,0.982724,0.008456,0.976739,0.966426,0.985213,0.946984,0.988687,24,0.990291,0.986963,0.991287,0.004323,0.988202,0.982926,0.992552,0.97277,0.994311,0.0,24,0.0,24,0.728516,24,157.5,24,,0,0.106114,24
23,13,24,False,native,24,0.981402,0.97471,0.982836,0.008125,0.976715,0.963315,0.985273,0.945619,0.98629,24,0.990614,0.987191,0.991344,0.004153,0.98819,0.981314,0.992582,0.972049,0.993098,0.0,24,0.0,24,0.710938,24,161.5,24,,0,0.105976,24
23,14,24,False,native,24,0.981067,0.973157,0.982258,0.009101,0.976697,0.964016,0.985475,0.949215,0.986589,24,0.990443,0.986394,0.99105,0.004655,0.988185,0.981679,0.992684,0.973946,0.993249,0.0,24,0.0,24,0.71875,24,154.5,24,,0,0.1059,24
23,15,24,False,native,24,0.981513,0.97388,0.982351,0.008472,0.976234,0.962964,0.983153,0.945045,0.985692,24,0.990671,0.986764,0.991097,0.004333,0.987945,0.981132,0.991505,0.971746,0.992794,0.0,24,0.0,24,0.699219,24,159.0,24,,0,0.105765,24
23,16,24,False,native,24,0.981588,0.973086,0.98224,0.009154,0.976178,0.961219,0.983779,0.948494,0.985617,24,0.990708,0.986357,0.99104,0.004684,0.987918,0.980226,0.991823,0.973566,0.992756,0.0,24,0.0,24,0.710938,24,162.5,24,,0,0.10575,24
23,17,24,False,native,24,0.981439,0.971426,0.98224,0.010814,0.976005,0.960039,0.984115,0.951956,0.985766,24,0.990633,0.985503,0.99104,0.005537,0.987829,0.979612,0.991994,0.975387,0.992832,0.0,24,0.0,24,0.732422,24,157.5,24,,0,0.105669,24
23,18,24,False,native,24,0.981141,0.97231,0.982053,0.009743,0.97586,0.959836,0.982773,0.95333,0.984496,24,0.990481,0.985958,0.990945,0.004987,0.987758,0.979505,0.991311,0.976107,0.992188,0.0,24,0.0,24,0.734375,24,159.5,24,,0,0.105627,24
23,19,24,False,native,24,0.980992,0.972091,0.982035,0.009944,0.975651,0.960388,0.983213,0.952751,0.984197,24,0.990405,0.985845,0.990936,0.005091,0.987651,0.979794,0.991535,0.975804,0.992036,0.0,24,0.0,24,0.742188,24,151.0,24,,0,0.105662,24
23,20,24,False,native,24,0.980472,0.972203,0.981458,0.009254,0.97526,0.961007,0.983056,0.950801,0.983526,24,0.99014,0.985901,0.990642,0.004741,0.987448,0.980116,0.991456,0.97478,0.991694,0.0,24,0.0,24,0.746094,24,160.5,24,0.999742,24,0.105586,24
23,21,24,False,native,24,0.98062,0.972984,0.98237,0.009386,0.975171,0.957115,0.982959,0.951378,0.983451,24,0.990215,0.9863,0.991107,0.004807,0.987401,0.978087,0.991406,0.975083,0.991657,0.0,24,0.0,24,0.732422,24,161.0,24,,0,0.105578,24
23,22,24,False,native,24,0.980435,0.97134,0.981458,0.010117,0.975118,0.95835,0.982802,0.954633,0.985467,24,0.990121,0.985456,0.990642,0.005186,0.987376,0.978732,0.991327,0.97679,0.992681,0.0,24,0.0,24,0.761719,24,161.5,24,,0,0.105534,24
23,23,24,False,native,24,0.979468,0.971913,0.982072,0.010159,0.974922,0.957201,0.983257,0.954271,0.983675,24,0.989628,0.98575,0.990955,0.005205,0.987276,0.978133,0.991558,0.9766,0.99177,0.0,24,0.0,24,0.751953,24,163.5,24,,0,0.105517,24
23,24,24,False,native,24,0.979394,0.972278,0.981774,0.009496,0.974817,0.955053,0.983153,0.954126,0.984571,24,0.98959,0.985939,0.990803,0.004864,0.987219,0.97701,0.991505,0.976525,0.992225,0.0,24,0.0,24,0.761719,24,160.0,24,,0,0.105504,24
23,25,24,False,native,24,0.979691,0.970916,0.982594,0.011678,0.974712,0.956431,0.983056,0.953258,0.984944,24,0.989741,0.985238,0.99122,0.005983,0.987166,0.977731,0.991456,0.976069,0.992415,0.0,24,0.0,24,0.761719,24,168.0,24,,0,0.105453,24
23,26,24,False,native,24,0.97932,0.970845,0.981067,0.010221,0.974294,0.956453,0.983063,0.953692,0.984048,24,0.989552,0.9852,0.990443,0.005243,0.986952,0.977742,0.991459,0.976297,0.99196,0.0,24,0.0,24,0.779297,24,166.0,24,,0,0.105435,24
23,27,24,False,native,24,0.979543,0.970611,0.98142,0.01081,0.974483,0.95731,0.982691,0.955213,0.983675,24,0.989666,0.985077,0.990623,0.005546,0.98705,0.978189,0.99127,0.977093,0.99177,0.0,24,0.0,24,0.775391,24,164.0,24,,0,0.105368,24
23,28,24,False,native,24,0.978725,0.970228,0.980955,0.010727,0.973957,0.956388,0.982109,0.955503,0.983675,24,0.989248,0.984878,0.990386,0.005509,0.98678,0.977708,0.990974,0.977245,0.99177,0.0,24,0.0,24,0.763672,24,158.5,24,,0,0.105305,24
23,29,24,False,native,24,0.979134,0.968706,0.981141,0.012436,0.973864,0.956054,0.982541,0.953981,0.984272,24,0.989457,0.984091,0.990481,0.00639,0.986728,0.977533,0.991194,0.976449,0.992074,0.0,24,0.0,24,0.765625,24,158.5,24,,0,0.105231,24
23,30,24,False,native,24,0.978317,0.968899,0.981402,0.012503,0.973857,0.956903,0.981893,0.954561,0.984571,24,0.98904,0.984195,0.990614,0.006419,0.986728,0.977977,0.990864,0.976752,0.992225,0.0,24,0.0,24,0.779297,24,163.0,24,0.999721,24,0.105182,24
23,31,24,False,native,24,0.9788,0.968791,0.981309,0.012518,0.973692,0.956127,0.982445,0.954778,0.983227,24,0.989286,0.984138,0.990566,0.006428,0.986643,0.977571,0.991145,0.976866,0.991543,0.0,24,0.0,24,0.773438,24,161.0,24,,0,0.105098,24
23,32,24,False,native,24,0.978206,0.969322,0.981123,0.011801,0.97395,0.956954,0.982169,0.955213,0.98375,24,0.988983,0.984413,0.990471,0.006058,0.986777,0.978004,0.991004,0.977093,0.991808,0.0,24,0.0,24,0.777344,24,163.0,24,,0,0.105059,24
23,33,24,False,native,24,0.978391,0.969512,0.981011,0.011499,0.973904,0.957303,0.981945,0.953547,0.982929,24,0.989078,0.984517,0.990415,0.005897,0.986755,0.978186,0.99089,0.976221,0.991391,0.0,24,0.0,24,0.791016,24,156.0,24,,0,0.105053,24
23,34,24,False,native,24,0.977909,0.969017,0.980602,0.011585,0.973596,0.956613,0.982042,0.953402,0.983377,24,0.988831,0.984261,0.990206,0.005945,0.986595,0.977825,0.99094,0.976145,0.991619,0.0,24,0.0,24,0.791016,24,159.0,24,,0,0.104991,24
23,35,24,False,native,24,0.978725,0.968097,0.980881,0.012784,0.97381,0.955845,0.981819,0.953258,0.985168,24,0.989248,0.983787,0.990348,0.006561,0.986704,0.977423,0.990826,0.976069,0.992529,0.0,24,0.0,24,0.769531,24,162.0,24,,0,0.105006,24
23,36,24,False,native,24,0.976908,0.967749,0.980862,0.013113,0.973176,0.955474,0.982087,0.953547,0.983451,24,0.988319,0.983607,0.990339,0.006732,0.986379,0.97723,0.990963,0.976221,0.991657,0.0,24,0.0,24,0.798828,24,160.5,24,,0,0.105032,24
23,37,24,False,native,24,0.978577,0.966186,0.981365,0.015178,0.973444,0.95654,0.981796,0.952751,0.983302,24,0.989172,0.982801,0.990595,0.007794,0.986516,0.977787,0.990815,0.975804,0.991581,0.0,24,0.0,24,0.78125,24,165.0,24,,0,0.105086,24
23,38,24,False,native,24,0.978911,0.96558,0.980267,0.014688,0.973561,0.955612,0.981618,0.953764,0.983824,24,0.989343,0.982488,0.990035,0.007547,0.986578,0.977302,0.990724,0.976335,0.991846,0.0,24,0.0,24,0.777344,24,161.5,24,,0,0.105171,24
23,39,24,False,native,24,0.978763,0.966331,0.980081,0.01375,0.97327,0.955075,0.981365,0.952534,0.983377,24,0.989267,0.982877,0.98994,0.007063,0.986428,0.977021,0.990595,0.97569,0.991619,0.0,24,0.0,24,0.779297,24,159.0,24,,0,0.10525,24
23,40,24,False,native,24,0.978503,0.966679,0.979821,0.013142,0.972898,0.953533,0.981327,0.952101,0.983004,24,0.989135,0.983057,0.989808,0.006751,0.986235,0.976214,0.990576,0.975463,0.991429,0.0,24,0.0,24,0.775391,24,167.5,24,0.999727,24,0.105328,24
23,41,24,False,native,24,0.978354,0.965799,0.979598,0.013799,0.972818,0.954184,0.980702,0.951812,0.982705,24,0.989059,0.982602,0.989694,0.007092,0.986195,0.976555,0.990257,0.975311,0.991277,0.0,24,0.0,24,0.804688,24,165.5,24,,0,0.1054,24
23,42,24,False,native,24,0.978206,0.966954,0.97997,0.013016,0.973296,0.955075,0.981186,0.954633,0.982631,24,0.988983,0.983199,0.989884,0.006684,0.986443,0.977021,0.990504,0.97679,0.991239,0.0,24,0.0,24,0.773438,24,163.5,24,,0,0.105479,24
23,43,24,False,native,24,0.977612,0.968882,0.97854,0.009657,0.972862,0.955394,0.980353,0.953258,0.983377,24,0.988679,0.984195,0.989154,0.004959,0.986222,0.977188,0.990079,0.976069,0.991619,0.0,24,0.0,24,0.789062,24,164.0,24,,0,0.105556,24
23,44,24,False,native,24,0.976834,0.969731,0.978503,0.008772,0.97296,0.954691,0.981454,0.954416,0.984347,24,0.988281,0.984631,0.989135,0.004504,0.986271,0.97682,0.99064,0.976676,0.992112,0.0,24,0.0,24,0.785156,24,156.5,24,,0,0.105737,24
23,45,24,False,native,24,0.97613,0.96937,0.97958,0.01021,0.972541,0.955938,0.980829,0.952968,0.98196,24,0.987921,0.984441,0.989684,0.005243,0.986056,0.977473,0.990322,0.975918,0.990898,0.0,24,0.0,24,0.785156,24,161.0,24,,0,0.105955,24
23,46,24,False,native,24,0.97613,0.970051,0.97815,0.008099,0.97271,0.958277,0.980621,0.953909,0.982184,24,0.987921,0.984792,0.988954,0.004162,0.986146,0.978694,0.990215,0.976411,0.991012,0.0,24,0.0,24,0.808594,24,160.5,24,,0,0.106165,24
23,47,24,False,native,24,0.97576,0.971114,0.979301,0.008187,0.973093,0.960745,0.980799,0.952751,0.9836,24,0.987731,0.985342,0.989542,0.0042,0.986344,0.97998,0.990306,0.975804,0.991732,0.0,24,0.0,24,0.806641,24,160.5,24,,0,0.106409,24
23,48,24,False,native,24,0.976724,0.970987,0.979078,0.008091,0.973591,0.961628,0.98103,0.95514,0.981513,24,0.988224,0.985276,0.989428,0.004153,0.986601,0.980438,0.990424,0.977056,0.990671,0.0,24,0.0,24,0.802734,24,170.5,24,,0,0.106604,24
23,49,24,False,native,24,0.975317,0.96894,0.979562,0.010622,0.973349,0.963132,0.982065,0.955068,0.983227,24,0.987504,0.984223,0.989675,0.005452,0.986477,0.98122,0.990951,0.977018,0.991543,0.0,24,0.0,24,0.806641,24,159.0,24,,0,0.106837,24
24,0,24,False,native,24,0.977168,0.968275,0.981662,0.013387,0.974147,0.964433,0.985019,0.938111,0.985766,24,0.988452,0.983882,0.990746,0.006864,0.98687,0.981895,0.992453,0.968067,0.992832,0.0,24,0.0,24,0.789062,24,152.0,24,0.999702,24,0.106707,24
24,1,24,False,native,24,0.980658,0.974983,0.984477,0.009494,0.978225,0.971027,0.985662,0.949935,0.988012,24,0.990234,0.987333,0.992178,0.004845,0.988975,0.9853,0.992779,0.974325,0.99397,0.0,24,0.0,24,0.753906,24,146.5,24,,0,0.107394,24
24,2,24,False,native,24,0.982743,0.974539,0.984608,0.010069,0.980081,0.971203,0.985094,0.969599,0.990263,24,0.991296,0.987106,0.992244,0.005139,0.989931,0.985391,0.992491,0.984565,0.995108,0.000891,24,0.000937,24,0.693359,24,109.0,24,,0,0.107187,24
24,3,24,False,native,24,0.982407,0.977538,0.984141,0.006603,0.980468,0.973128,0.985475,0.969157,0.991165,24,0.991126,0.988642,0.992007,0.003366,0.99013,0.986381,0.992684,0.984337,0.995563,0.001133,24,0.001125,24,0.714844,24,109.0,24,,0,0.107289,24
24,4,24,False,native,24,0.982221,0.97854,0.985411,0.006872,0.981178,0.97304,0.986529,0.967468,0.989662,24,0.991031,0.989154,0.992652,0.003499,0.990492,0.986336,0.993219,0.983465,0.994804,0.001198,24,0.001194,24,0.708984,24,100.5,24,,0,0.107405,24
24,5,24,False,native,24,0.982743,0.978911,0.984982,0.006071,0.98133,0.971536,0.987436,0.97004,0.990188,24,0.991296,0.989343,0.992434,0.003091,0.990569,0.985562,0.993678,0.984792,0.99507,0.001175,24,0.001209,24,0.695312,24,98.0,24,,0,0.107357,24
24,6,24,False,native,24,0.981551,0.979227,0.984348,0.005121,0.98135,0.972384,0.98835,0.969084,0.989888,24,0.990689,0.989504,0.992112,0.002607,0.990579,0.985998,0.994141,0.984299,0.994918,0.001225,24,0.00119,24,0.703125,24,93.5,24,,0,0.107438,24
24,7,24,False,native,24,0.981961,0.978261,0.984907,0.006645,0.981184,0.971971,0.988005,0.970187,0.989437,24,0.990898,0.989011,0.992396,0.003385,0.990495,0.985786,0.993966,0.984868,0.994691,0.00119,24,0.001225,24,0.716797,24,89.5,24,,0,0.107494,24
24,8,24,False,native,24,0.981886,0.978818,0.984646,0.005827,0.981352,0.974207,0.988485,0.969599,0.989662,24,0.99086,0.989296,0.992263,0.002968,0.99058,0.986935,0.994209,0.984565,0.994804,0.001167,24,0.001156,24,0.710938,24,89.0,24,,0,0.107585,24
24,9,24,False,native,24,0.981104,0.978855,0.985486,0.006631,0.981336,0.974702,0.988417,0.970187,0.989212,24,0.990462,0.989315,0.99269,0.003375,0.990573,0.987189,0.994175,0.984868,0.994577,0.001122,24,0.001148,24,0.720703,24,89.0,24,,0,0.107625,24
24,10,24,False,native,24,0.980992,0.977612,0.984291,0.006678,0.981042,0.973927,0.988837,0.969231,0.990939,24,0.990405,0.988679,0.992083,0.003404,0.990422,0.986791,0.994387,0.984375,0.995449,0.001133,24,0.000992,24,0.746094,24,85.5,24,0.999732,24,0.107689,24
24,11,24,False,native,24,0.980583,0.97765,0.983377,0.005727,0.980791,0.97542,0.98835,0.971513,0.990188,24,0.990196,0.988698,0.991619,0.00292,0.990296,0.987557,0.994141,0.985551,0.99507,0.001083,24,0.001091,24,0.755859,24,90.0,24,,0,0.107709,24
24,12,24,False,native,24,0.980286,0.977279,0.984571,0.007292,0.980913,0.975716,0.988395,0.969893,0.990338,24,0.990045,0.988509,0.992225,0.003717,0.990358,0.987709,0.994163,0.984716,0.995146,0.000969,24,0.001038,24,0.742188,24,81.5,24,,0,0.10782,24
24,13,24,False,native,24,0.979617,0.977557,0.984608,0.007051,0.980644,0.975487,0.988267,0.969599,0.990263,24,0.989703,0.988651,0.992244,0.003593,0.99022,0.987591,0.994099,0.984565,0.995108,0.001118,24,0.000984,24,0.777344,24,75.0,24,,0,0.107899,24
24,14,24,False,native,24,0.979654,0.977538,0.984776,0.007238,0.980612,0.976101,0.988237,0.96901,0.988687,24,0.989722,0.988642,0.99233,0.003688,0.990204,0.987906,0.994084,0.984261,0.994311,0.001057,24,0.000988,24,0.759766,24,81.0,24,,0,0.107946,24
24,15,24,False,native,24,0.978725,0.977167,0.983862,0.006694,0.980063,0.975538,0.987473,0.969893,0.988612,24,0.989248,0.988452,0.991865,0.003413,0.989925,0.987618,0.993697,0.984716,0.994273,0.00095,24,0.000917,24,0.773438,24,89.5,24,,0,0.108013,24
24,16,24,False,native,24,0.979468,0.976464,0.983825,0.007362,0.980248,0.975139,0.987518,0.971071,0.988237,24,0.989628,0.988092,0.991846,0.003755,0.990019,0.987413,0.99372,0.985323,0.994084,0.00098,24,0.000929,24,0.753906,24,87.0,24,,0,0.108055,24
24,17,24,False,native,24,0.979022,0.977408,0.984254,0.006846,0.980124,0.974554,0.987817,0.968422,0.989062,24,0.9894,0.988575,0.992064,0.003489,0.989955,0.987113,0.993871,0.983958,0.994501,0.000933,24,0.000898,24,0.753906,24,85.0,24,,0,0.108149,24
24,18,24,False,native,24,0.979097,0.976501,0.98362,0.007119,0.980017,0.974067,0.987773,0.971587,0.988987,24,0.989438,0.988111,0.991742,0.003631,0.989901,0.986863,0.993849,0.985589,0.994463,0.000942,24,0.000923,24,0.783203,24,80.0,24,,0,0.108233,24
24,19,24,False,native,24,0.978169,0.976741,0.983899,0.007158,0.980007,0.97485,0.9879,0.971218,0.988612,24,0.988964,0.988234,0.991884,0.00365,0.989896,0.987265,0.993913,0.985399,0.994273,0.000895,24,0.000904,24,0.792969,24,89.0,24,,0,0.108291,24
24,20,24,False,native,24,0.978688,0.976334,0.984291,0.007957,0.979901,0.973941,0.987271,0.970114,0.989137,24,0.989229,0.988025,0.992083,0.004058,0.989841,0.986798,0.993595,0.98483,0.994539,0.00099,24,0.000916,24,0.771484,24,86.0,24,0.999729,24,0.108365,24
24,21,24,False,native,24,0.978577,0.975779,0.983881,0.008102,0.979807,0.973896,0.987698,0.971587,0.988687,24,0.989172,0.987741,0.991875,0.004134,0.989793,0.986776,0.993811,0.985589,0.994311,0.000889,24,0.000902,24,0.787109,24,84.5,24,,0,0.108406,24
24,22,24,False,native,24,0.97828,0.97539,0.983265,0.007875,0.979699,0.973941,0.98787,0.970629,0.988987,24,0.989021,0.987542,0.991562,0.00402,0.989738,0.986798,0.993898,0.985096,0.994463,0.000875,24,0.000885,24,0.783203,24,88.0,24,,0,0.108445,24
24,23,24,False,native,24,0.978132,0.975205,0.983359,0.008154,0.979619,0.973476,0.987645,0.971587,0.989737,24,0.988945,0.987447,0.991609,0.004162,0.989697,0.986559,0.993784,0.985589,0.994842,0.000879,24,0.000889,24,0.785156,24,85.5,24,,0,0.108431,24
24,24,24,False,native,24,0.978317,0.975261,0.983881,0.00862,0.979628,0.973778,0.987375,0.972177,0.988762,24,0.98904,0.987475,0.991875,0.004399,0.989702,0.986715,0.993648,0.985892,0.994349,0.000999,24,0.000889,24,0.808594,24,82.5,24,,0,0.108467,24
24,25,24,False,native,24,0.977612,0.975723,0.983657,0.007934,0.979342,0.973313,0.987038,0.971955,0.987862,24,0.988679,0.987712,0.991761,0.004048,0.989556,0.986476,0.993477,0.985778,0.993894,0.000851,24,0.000887,24,0.792969,24,85.0,24,,0,0.108471,24
24,26,24,False,native,24,0.978317,0.974983,0.98375,0.008767,0.979468,0.973424,0.986245,0.971882,0.988162,24,0.98904,0.987333,0.991808,0.004475,0.989621,0.986533,0.993075,0.98574,0.994046,0.000875,24,0.000891,24,0.771484,24,92.5,24,,0,0.108458,24
24,27,24,False,native,24,0.978651,0.97626,0.984683,0.008423,0.979562,0.972663,0.986447,0.972103,0.987488,24,0.98921,0.987987,0.992282,0.004295,0.989669,0.986142,0.993177,0.985854,0.993704,0.00087,24,0.00091,24,0.794922,24,82.0,24,,0,0.108417,24
24,28,24,False,native,24,0.977427,0.975464,0.983507,0.008043,0.97913,0.973335,0.986021,0.971882,0.987413,24,0.988585,0.98758,0.991685,0.004105,0.989449,0.986487,0.992961,0.98574,0.993667,0.000841,24,0.000889,24,0.791016,24,89.0,24,,0,0.108342,24
24,29,24,False,native,24,0.976945,0.975427,0.983321,0.007894,0.97902,0.972929,0.985946,0.972324,0.988612,24,0.988338,0.987561,0.99159,0.00403,0.989392,0.986279,0.992923,0.985968,0.994273,0.000896,24,0.000893,24,0.810547,24,91.5,24,,0,0.108278,24
24,30,24,False,native,24,0.977501,0.975797,0.984608,0.008811,0.979402,0.973786,0.985467,0.973062,0.988912,24,0.988623,0.98775,0.992244,0.004494,0.989588,0.986719,0.992681,0.986347,0.994425,0.000895,24,0.000927,24,0.779297,24,94.0,24,0.999732,24,0.108243,24
24,31,24,False,native,24,0.977279,0.975039,0.983489,0.00845,0.979415,0.974562,0.986485,0.972545,0.989963,24,0.988509,0.987362,0.991676,0.004314,0.989594,0.987117,0.993196,0.986082,0.994956,0.000896,24,0.00087,24,0.798828,24,94.0,24,,0,0.108186,24
24,32,24,False,native,24,0.977649,0.974928,0.984403,0.009475,0.979398,0.973653,0.987286,0.972914,0.988687,24,0.988698,0.987305,0.99214,0.004835,0.989585,0.98665,0.993602,0.986271,0.994311,0.000912,24,0.000866,24,0.800781,24,84.5,24,,0,0.108164,24
24,33,24,False,native,24,0.977835,0.975113,0.984963,0.00985,0.979097,0.973003,0.985423,0.972029,0.988612,24,0.988793,0.987399,0.992425,0.005025,0.989432,0.986317,0.992658,0.985816,0.994273,0.000891,24,0.000885,24,0.783203,24,94.5,24,,0,0.108069,24
24,34,24,False,native,24,0.978243,0.97576,0.983843,0.008083,0.979307,0.973446,0.985991,0.971808,0.987712,24,0.989002,0.987731,0.991856,0.004124,0.989539,0.986544,0.992946,0.985702,0.993818,0.000963,24,0.000898,24,0.796875,24,97.5,24,,0,0.107995,24
24,35,24,False,native,24,0.977649,0.975723,0.983544,0.007821,0.979086,0.974015,0.985056,0.971955,0.987937,24,0.988698,0.987712,0.991704,0.003992,0.989427,0.986836,0.992472,0.985778,0.993932,0.000893,24,0.000891,24,0.794922,24,87.0,24,,0,0.107936,24
24,36,24,False,native,24,0.977798,0.975483,0.982855,0.007372,0.97894,0.973394,0.985901,0.972398,0.988312,24,0.988774,0.987589,0.991353,0.003764,0.989353,0.986518,0.9929,0.986006,0.994122,0.000919,24,0.000919,24,0.798828,24,91.0,24,,0,0.107918,24
24,37,24,False,native,24,0.977575,0.975427,0.984011,0.008584,0.978833,0.972892,0.984526,0.971145,0.986814,24,0.98866,0.987561,0.991941,0.00438,0.989297,0.98626,0.992203,0.985361,0.993363,0.000849,24,0.000866,24,0.796875,24,86.0,24,,0,0.107934,24
24,38,24,False,native,24,0.978132,0.975927,0.983451,0.007524,0.979085,0.973764,0.985438,0.972914,0.987638,24,0.988945,0.987817,0.991657,0.00384,0.989427,0.986707,0.992665,0.986271,0.99378,0.000948,24,0.000927,24,0.783203,24,90.5,24,,0,0.108038,24
24,39,24,False,native,24,0.977835,0.976001,0.983433,0.007432,0.979106,0.973823,0.985595,0.973062,0.98629,24,0.988793,0.987855,0.991647,0.003792,0.989438,0.986738,0.992745,0.986347,0.993098,0.000954,24,0.00091,24,0.798828,24,86.5,24,,0,0.108056,24
24,40,24,False,native,24,0.977872,0.976205,0.983134,0.00693,0.978915,0.973158,0.984772,0.971808,0.987413,24,0.988812,0.987959,0.991495,0.003536,0.98934,0.986396,0.992328,0.985702,0.993667,0.000908,24,0.000902,24,0.787109,24,95.5,24,0.999733,24,0.108097,24
24,41,24,False,native,24,0.977649,0.975927,0.98306,0.007132,0.978662,0.973365,0.984989,0.970629,0.987413,24,0.988698,0.987817,0.991457,0.003641,0.98921,0.986503,0.992438,0.985096,0.993667,0.000935,24,0.000881,24,0.791016,24,89.5,24,,0,0.108107,24
24,42,24,False,native,24,0.97828,0.975705,0.982799,0.007094,0.978717,0.972538,0.984459,0.971366,0.987338,24,0.989021,0.987703,0.991325,0.003622,0.989239,0.986078,0.992169,0.985475,0.993629,0.000946,24,0.000893,24,0.796875,24,89.5,24,,0,0.108188,24
24,43,24,False,native,24,0.977983,0.975834,0.98237,0.006536,0.978974,0.973424,0.98546,0.97225,0.987413,24,0.988869,0.987769,0.991107,0.003337,0.98937,0.986533,0.992677,0.98593,0.993667,0.000881,24,0.000902,24,0.791016,24,89.0,24,,0,0.1082,24
24,44,24,False,native,24,0.978132,0.97676,0.981179,0.004419,0.978861,0.974399,0.985049,0.971439,0.987338,24,0.988945,0.988243,0.9905,0.002257,0.989313,0.987034,0.992468,0.985513,0.993629,0.000937,24,0.000952,24,0.802734,24,91.0,24,,0,0.108386,24
24,45,24,False,native,24,0.977353,0.97626,0.981234,0.004974,0.97861,0.974414,0.985168,0.971587,0.986365,24,0.988547,0.987987,0.990528,0.002541,0.989185,0.987041,0.992529,0.985589,0.993136,0.000856,24,0.00098,24,0.792969,24,91.0,24,,0,0.108641,24
24,46,24,False,native,24,0.978466,0.976297,0.980416,0.004119,0.978921,0.975264,0.983265,0.972398,0.987188,24,0.989116,0.988006,0.990111,0.002105,0.989345,0.987477,0.991562,0.986006,0.993553,0.000984,24,0.000885,24,0.789062,24,92.0,24,,0,0.108876,24
24,47,24,False,native,24,0.978874,0.977093,0.980118,0.003025,0.979059,0.973299,0.984698,0.971439,0.988012,24,0.989324,0.988414,0.989959,0.001545,0.989414,0.986468,0.99229,0.985513,0.99397,0.000946,24,0.000921,24,0.78125,24,98.5,24,,0,0.109185,24
24,48,24,False,native,24,0.9788,0.977334,0.979988,0.002654,0.978948,0.974865,0.982974,0.972545,0.987488,24,0.989286,0.988537,0.989893,0.001356,0.989359,0.987272,0.991414,0.986082,0.993704,0.000999,24,0.000969,24,0.773438,24,96.5,24,,0,0.109382,24
24,49,24,False,native,24,0.97828,0.976927,0.979338,0.002411,0.978823,0.975464,0.983503,0.974539,0.98629,24,0.989021,0.988329,0.989561,0.001233,0.989296,0.98758,0.991683,0.987106,0.993098,0.000977,24,0.000984,24,0.783203,24,101.0,24,,0,0.109715,24
25,0,24,False,native,24,0.973764,0.962738,0.97893,0.016192,0.965689,0.931504,0.982467,0.910794,0.985094,24,0.986707,0.981009,0.989353,0.008343,0.982436,0.964537,0.991156,0.953315,0.992491,0.000182,24,0.0,24,0.839844,24,160.5,24,0.999673,24,0.105971,24
25,1,24,False,native,24,0.973247,0.96001,0.979877,0.019867,0.964697,0.947538,0.983675,0.889231,0.985542,24,0.986442,0.979596,0.989836,0.01024,0.981861,0.973062,0.99177,0.941368,0.992718,0.0,24,0.0,24,0.828125,24,148.5,24,,0,0.106513,24
25,2,24,False,native,24,0.979134,0.976149,0.984291,0.008142,0.972785,0.970614,0.985281,0.885988,0.987563,24,0.989457,0.98793,0.992083,0.004153,0.986045,0.985088,0.992586,0.939548,0.993742,0.000398,24,0.000196,24,0.744141,24,123.0,24,,0,0.108139,24
25,3,24,False,native,24,0.980807,0.976686,0.984048,0.007362,0.973865,0.971811,0.985968,0.895547,0.986964,24,0.99031,0.988205,0.99196,0.003755,0.986614,0.985702,0.992935,0.944895,0.993439,0.000385,24,0.000414,24,0.71875,24,116.0,24,,0,0.10814,24
25,4,24,False,native,24,0.981998,0.977371,0.984646,0.007274,0.974527,0.973145,0.987376,0.893573,0.988162,24,0.990917,0.988556,0.992263,0.003707,0.986937,0.986389,0.993648,0.943796,0.994046,0.000628,24,0.000654,24,0.703125,24,114.5,24,,0,0.108327,24
25,5,24,False,native,24,0.981254,0.977279,0.984254,0.006975,0.974358,0.974407,0.986395,0.894525,0.987413,24,0.990538,0.988509,0.992064,0.003555,0.986857,0.987037,0.993151,0.944326,0.993667,0.000595,24,0.000611,24,0.705078,24,112.0,24,,0,0.108374,24
25,6,24,False,native,24,0.980956,0.977705,0.984067,0.006362,0.97423,0.974392,0.986769,0.890721,0.987862,24,0.990386,0.988727,0.991969,0.003243,0.986782,0.98703,0.99334,0.942203,0.993894,0.000387,24,0.000596,24,0.708984,24,115.0,24,,0,0.108431,24
25,7,24,False,native,24,0.982705,0.977853,0.98416,0.006307,0.974348,0.973535,0.986597,0.891196,0.988762,24,0.991277,0.988803,0.992017,0.003214,0.986842,0.98659,0.993253,0.942468,0.994349,0.000596,24,0.000578,24,0.695312,24,117.0,24,,0,0.108439,24
25,8,24,False,native,24,0.981849,0.976945,0.984347,0.007401,0.974178,0.973815,0.986754,0.891671,0.988612,24,0.990841,0.988338,0.992112,0.003774,0.986755,0.986734,0.993333,0.942734,0.994273,0.000578,24,0.00059,24,0.71875,24,108.5,24,,0,0.10846,24
25,9,24,False,native,24,0.981737,0.977872,0.984814,0.006942,0.974147,0.972908,0.986081,0.891603,0.987712,24,0.990784,0.988812,0.992349,0.003536,0.986739,0.986267,0.992992,0.942696,0.993818,0.000601,24,0.000587,24,0.703125,24,104.5,24,,0,0.108462,24
25,10,24,False,native,24,0.982221,0.977928,0.984459,0.006531,0.974604,0.972841,0.986118,0.894117,0.988237,24,0.991031,0.988841,0.992169,0.003328,0.986985,0.986233,0.99301,0.944099,0.994084,0.000588,24,0.000555,24,0.697266,24,111.0,24,0.999788,24,0.108446,24
25,11,24,False,native,24,0.982221,0.978076,0.983806,0.00573,0.974471,0.970276,0.986283,0.896501,0.989137,24,0.991031,0.988916,0.991837,0.00292,0.986922,0.984914,0.993094,0.945426,0.994539,0.00038,24,0.000568,24,0.695312,24,110.5,24,,0,0.108474,24
25,12,24,False,native,24,0.982445,0.977687,0.98375,0.006063,0.974156,0.968673,0.985385,0.897047,0.988912,24,0.991145,0.988717,0.991808,0.003091,0.986761,0.984087,0.992639,0.94573,0.994425,0.000531,24,0.000554,24,0.699219,24,117.0,24,,0,0.108492,24
25,13,24,False,native,24,0.981849,0.977408,0.98347,0.006062,0.97432,0.966962,0.986522,0.901287,0.988612,24,0.990841,0.988575,0.991666,0.003091,0.986859,0.983203,0.993215,0.948081,0.994273,0.000531,24,0.000519,24,0.705078,24,115.0,24,,0,0.108492,24
25,14,24,False,native,24,0.982147,0.977946,0.984067,0.00612,0.974392,0.967182,0.984944,0.901973,0.988312,24,0.990993,0.98885,0.991969,0.003119,0.986902,0.983317,0.992415,0.94846,0.994122,0.000196,24,0.000393,24,0.705078,24,121.0,24,,0,0.108533,24
25,15,24,False,native,24,0.981774,0.977205,0.983302,0.006097,0.974734,0.967284,0.9862,0.908098,0.988237,24,0.990803,0.988471,0.991581,0.00311,0.987093,0.98337,0.993052,0.951836,0.994084,0.000468,24,0.000463,24,0.703125,24,112.0,24,,0,0.108531,24
25,16,24,False,native,24,0.981774,0.977464,0.983433,0.005968,0.974763,0.966441,0.985363,0.909756,0.988987,24,0.990803,0.988604,0.991647,0.003043,0.987112,0.982934,0.992627,0.952746,0.994463,0.000593,24,0.0005,24,0.699219,24,115.5,24,,0,0.108531,24
25,17,24,False,native,24,0.981327,0.977019,0.983992,0.006973,0.97481,0.964632,0.984631,0.91322,0.987563,24,0.990576,0.988376,0.991932,0.003555,0.987145,0.981997,0.992256,0.954642,0.993742,0.000226,24,0.000405,24,0.714844,24,119.0,24,,0,0.108516,24
25,18,24,False,native,24,0.981923,0.977761,0.984645,0.006885,0.975334,0.966037,0.985595,0.914331,0.988687,24,0.990879,0.988755,0.992263,0.003508,0.987418,0.982725,0.992745,0.955249,0.994311,0.000448,24,0.000543,24,0.716797,24,114.5,24,,0,0.108455,24
25,19,24,False,native,24,0.982035,0.977891,0.984571,0.00668,0.975848,0.965744,0.985146,0.917673,0.988462,24,0.990936,0.988822,0.992225,0.003404,0.987689,0.982574,0.992517,0.957069,0.994198,0.000534,24,0.000426,24,0.697266,24,122.0,24,,0,0.108429,24
25,20,24,False,native,24,0.982072,0.978132,0.985355,0.007223,0.976173,0.965327,0.985699,0.922076,0.988612,24,0.990955,0.988945,0.992624,0.003679,0.987864,0.982357,0.992798,0.959458,0.994273,0.000515,24,0.000502,24,0.707031,24,121.0,24,0.999802,24,0.108398,24
25,21,24,False,native,24,0.981551,0.977501,0.983582,0.006081,0.975714,0.964265,0.985759,0.923548,0.988537,24,0.990689,0.988623,0.991723,0.0031,0.987633,0.981807,0.992828,0.960255,0.994235,0.000479,24,0.000214,24,0.712891,24,126.5,24,,0,0.108441,24
25,22,24,False,native,24,0.980881,0.978299,0.983619,0.005321,0.975784,0.964097,0.985692,0.923268,0.988687,24,0.990348,0.98903,0.991742,0.002712,0.98767,0.98172,0.992794,0.960103,0.994311,0.000507,24,0.000481,24,0.716797,24,126.5,24,,0,0.10847,24
25,23,24,False,native,24,0.981663,0.977371,0.98416,0.006789,0.976041,0.964917,0.986133,0.92411,0.988612,24,0.990746,0.988556,0.992017,0.003461,0.987802,0.982145,0.993018,0.960558,0.994273,0.000452,24,0.00019,24,0.71875,24,128.0,24,,0,0.108506,24
25,24,24,False,native,24,0.981737,0.977131,0.983899,0.006768,0.976111,0.965048,0.985714,0.925866,0.989362,24,0.990784,0.988433,0.991884,0.003451,0.987842,0.982213,0.992806,0.961506,0.994653,0.000461,24,0.00054,24,0.712891,24,121.5,24,,0,0.108502,24
25,25,24,False,native,24,0.982147,0.977909,0.983824,0.005915,0.976256,0.964748,0.984638,0.925304,0.989362,24,0.990993,0.988831,0.991846,0.003015,0.987916,0.982058,0.99226,0.961203,0.994653,0.000237,24,0.0,24,0.701172,24,133.5,24,,0,0.108532,24
25,26,24,False,native,24,0.9817,0.977798,0.984141,0.006344,0.976086,0.963081,0.984847,0.926077,0.990113,24,0.990765,0.988774,0.992007,0.003233,0.987831,0.981193,0.992366,0.96162,0.995032,0.000225,24,0.0,24,0.701172,24,136.0,24,,0,0.108579,24
25,27,24,False,native,24,0.98129,0.977056,0.98403,0.006973,0.975919,0.962525,0.985535,0.925445,0.990188,24,0.990557,0.988395,0.99195,0.003555,0.987747,0.980905,0.992715,0.961279,0.99507,0.0,24,0.00057,24,0.699219,24,121.0,24,,0,0.108639,24
25,28,24,False,native,24,0.98129,0.976556,0.983656,0.0071,0.97585,0.962796,0.985325,0.926148,0.989362,24,0.990557,0.988139,0.991761,0.003622,0.987712,0.981045,0.992608,0.961658,0.994653,0.000257,24,0.000252,24,0.699219,24,130.0,24,,0,0.108646,24
25,29,24,False,native,24,0.981662,0.977446,0.983004,0.005558,0.975994,0.962533,0.985901,0.925585,0.988687,24,0.990746,0.988594,0.991429,0.002835,0.987788,0.980909,0.9929,0.961355,0.994311,0.0,24,0.000252,24,0.71875,24,128.0,24,,0,0.108728,24
25,30,24,False,native,24,0.981439,0.977186,0.98375,0.006564,0.976314,0.964389,0.98632,0.926711,0.990789,24,0.990633,0.988461,0.991808,0.003347,0.987951,0.981872,0.993113,0.961961,0.995373,0.000246,24,0.000263,24,0.716797,24,127.5,24,0.999804,24,0.108799,24
25,31,24,False,native,24,0.980583,0.977631,0.983134,0.005503,0.975992,0.963497,0.985782,0.930166,0.990113,24,0.990196,0.988689,0.991495,0.002806,0.987791,0.981409,0.99284,0.96382,0.995032,0.000614,24,0.0,24,0.724609,24,131.5,24,,0,0.108833,24
25,32,24,False,native,24,0.980732,0.976667,0.982967,0.006299,0.975784,0.963651,0.98543,0.929884,0.989662,24,0.990272,0.988196,0.99141,0.003214,0.987686,0.981489,0.992662,0.963668,0.994804,0.000269,24,0.0,24,0.732422,24,133.5,24,,0,0.108926,24
25,33,24,False,native,24,0.980509,0.97739,0.982519,0.005129,0.976021,0.964829,0.985811,0.931368,0.988162,24,0.990159,0.988566,0.991182,0.002617,0.987812,0.9821,0.992855,0.964465,0.994046,0.0,24,0.0,24,0.71875,24,133.5,24,,0,0.108921,24
25,34,24,False,native,24,0.980844,0.977205,0.983675,0.00647,0.976454,0.965811,0.985789,0.932429,0.988687,24,0.990329,0.988471,0.99177,0.003299,0.988035,0.982608,0.992844,0.965033,0.994311,0.000256,24,0.000244,24,0.71875,24,132.0,24,,0,0.108987,24
25,35,24,False,native,24,0.980174,0.977112,0.983116,0.006004,0.976282,0.966235,0.985774,0.932005,0.987488,24,0.989988,0.988423,0.991486,0.003062,0.987948,0.982828,0.992836,0.964806,0.993704,0.0,24,0.000273,24,0.740234,24,137.0,24,,0,0.108988,24
25,36,24,False,native,24,0.980695,0.977798,0.982929,0.005131,0.976527,0.965488,0.985333,0.934059,0.988387,24,0.990253,0.988774,0.991391,0.002617,0.988074,0.982441,0.992612,0.965906,0.99416,0.0,24,0.0,24,0.710938,24,132.5,24,,0,0.109033,24
25,37,24,False,native,24,0.981216,0.976853,0.983246,0.006394,0.976331,0.965576,0.986126,0.933138,0.988837,24,0.990519,0.988291,0.991552,0.003262,0.987972,0.982486,0.993014,0.965413,0.994387,0.0,24,0.0,24,0.722656,24,138.0,24,,0,0.108998,24
25,38,24,False,native,24,0.981179,0.976908,0.983582,0.006674,0.976788,0.966609,0.986103,0.934982,0.989287,24,0.9905,0.988319,0.991723,0.003404,0.988209,0.983021,0.993003,0.966399,0.994615,0.0,24,0.0,24,0.714844,24,144.0,24,,0,0.10904,24
25,39,24,False,native,24,0.980434,0.975612,0.983134,0.007522,0.976456,0.967769,0.986013,0.93335,0.988462,24,0.990121,0.987655,0.991495,0.00384,0.988038,0.98362,0.992957,0.965526,0.994198,0.0,24,0.0,24,0.746094,24,140.0,24,,0,0.109039,24
25,40,24,False,native,24,0.980174,0.976352,0.983694,0.007341,0.976403,0.968475,0.986066,0.93413,0.988012,24,0.989988,0.988035,0.99178,0.003745,0.988013,0.983984,0.992984,0.965944,0.99397,0.0,24,0.0,24,0.738281,24,137.0,24,0.999791,24,0.10909,24
25,41,24,False,native,24,0.980211,0.976093,0.98265,0.006557,0.976343,0.968099,0.986081,0.935124,0.987413,24,0.990007,0.987902,0.991249,0.003347,0.987984,0.983791,0.992992,0.966475,0.993667,0.000612,24,0.0,24,0.738281,24,132.5,24,,0,0.109116,24
25,42,24,False,native,24,0.980546,0.977371,0.983153,0.005782,0.977014,0.970165,0.986133,0.936474,0.987188,24,0.990177,0.988556,0.991505,0.002949,0.98833,0.984857,0.993018,0.967195,0.993553,0.000309,24,0.0,24,0.716797,24,134.0,24,,0,0.10918,24
25,43,24,False,native,24,0.980323,0.976741,0.982408,0.005666,0.976444,0.967299,0.986343,0.935195,0.987113,24,0.990064,0.988234,0.991126,0.002892,0.988035,0.983378,0.993124,0.966512,0.993515,0.0,24,0.0,24,0.738281,24,140.0,24,,0,0.109146,24
25,44,24,False,native,24,0.979691,0.97639,0.982483,0.006093,0.976317,0.96793,0.986567,0.93619,0.987638,24,0.989741,0.988054,0.991164,0.00311,0.987972,0.983704,0.993238,0.967043,0.99378,0.0,24,0.0,24,0.728516,24,140.5,24,,0,0.10926,24
25,45,24,False,native,24,0.979394,0.976315,0.982501,0.006185,0.976178,0.966638,0.986851,0.935834,0.987263,24,0.98959,0.988016,0.991173,0.003157,0.9879,0.983036,0.993382,0.966854,0.993591,0.0,24,0.0,24,0.75,24,144.0,24,,0,0.109355,24
25,46,24,False,native,24,0.979914,0.975834,0.983116,0.007281,0.976065,0.965693,0.985565,0.938538,0.986739,24,0.989855,0.987769,0.991486,0.003717,0.987847,0.982547,0.99273,0.968295,0.993325,0.0,24,0.0,24,0.728516,24,141.5,24,,0,0.109378,24
25,47,24,False,native,24,0.98036,0.975039,0.982072,0.007033,0.97584,0.964083,0.98659,0.936403,0.987638,24,0.990083,0.987362,0.990955,0.003593,0.987727,0.981713,0.993249,0.967157,0.99378,0.0,24,0.0,24,0.748047,24,143.0,24,,0,0.109473,24
25,48,24,False,native,24,0.97984,0.97589,0.981179,0.005289,0.975824,0.962423,0.986552,0.94025,0.987113,24,0.989817,0.987798,0.9905,0.002702,0.987725,0.980852,0.99323,0.969205,0.993515,0.0,24,0.0,24,0.751953,24,138.0,24,,0,0.109403,24
25,49,24,False,native,24,0.980026,0.975964,0.981272,0.005308,0.976262,0.963548,0.985871,0.944686,0.986514,24,0.989912,0.987836,0.990547,0.002712,0.987957,0.981436,0.992885,0.971556,0.993211,0.0,24,0.0,24,0.738281,24,136.0,24,,0,0.109275,24
26,0,24,False,native,24,0.968349,0.956158,0.973967,0.017809,0.964536,0.943714,0.976767,0.93555,0.98062,24,0.98392,0.977586,0.986812,0.009225,0.981904,0.971041,0.988247,0.966702,0.990215,0.0,24,0.0,24,0.886719,24,195.5,24,0.999525,24,0.107621,24
26,1,24,False,native,24,0.973468,0.963951,0.976167,0.012216,0.968946,0.954065,0.978696,0.944901,0.981439,24,0.986556,0.981644,0.98794,0.006296,0.984201,0.97649,0.989233,0.97167,0.990633,0.0,24,0.0,24,0.849609,24,184.0,24,,0,0.107486,24
26,2,24,False,native,24,0.97576,0.972435,0.978744,0.006309,0.974245,0.968415,0.980375,0.949647,0.985916,24,0.987731,0.986025,0.989258,0.003233,0.986937,0.983954,0.99009,0.974173,0.992908,0.0,24,0.0,24,0.822266,24,166.0,24,,0,0.106691,24
26,3,24,False,native,24,0.978651,0.975242,0.980862,0.00562,0.976312,0.971675,0.98275,0.95008,0.985393,24,0.98921,0.987466,0.990339,0.002873,0.987995,0.985634,0.9913,0.974401,0.992643,0.0,24,0.0,24,0.755859,24,155.5,24,,0,0.107106,24
26,4,24,False,native,24,0.978577,0.975649,0.981644,0.005995,0.976607,0.971912,0.983989,0.947991,0.986066,24,0.989172,0.987674,0.990737,0.003062,0.988142,0.985755,0.99193,0.973301,0.992984,0.0,24,0.0,24,0.771484,24,153.5,24,,0,0.107455,24
26,5,24,False,native,24,0.979022,0.975446,0.982053,0.006608,0.976748,0.971219,0.984832,0.947559,0.986589,24,0.9894,0.98757,0.990945,0.003375,0.988215,0.985399,0.992358,0.973073,0.993249,0.0,24,0.0,24,0.779297,24,148.0,24,,0,0.10771,24
26,6,24,False,native,24,0.97932,0.976612,0.983022,0.006411,0.977397,0.969975,0.98552,0.948278,0.987038,24,0.989552,0.988167,0.991438,0.003271,0.988547,0.984758,0.992707,0.973453,0.993477,0.0,24,0.0,24,0.755859,24,145.0,24,,0,0.107934,24
26,7,24,False,native,24,0.979431,0.975501,0.983433,0.007931,0.977472,0.970026,0.985467,0.951234,0.987188,24,0.989609,0.987599,0.991647,0.004048,0.988586,0.984785,0.992681,0.975008,0.993553,0.0,24,0.0,24,0.765625,24,146.0,24,,0,0.108206,24
26,8,24,False,native,24,0.980137,0.976001,0.983507,0.007507,0.977755,0.968797,0.985857,0.952101,0.988012,24,0.989969,0.987855,0.991685,0.00383,0.988732,0.984151,0.992878,0.975463,0.99397,0.0,24,0.0,24,0.732422,24,137.0,24,,0,0.108384,24
26,9,24,False,native,24,0.979728,0.97626,0.983563,0.007303,0.977815,0.970408,0.985393,0.951595,0.987488,24,0.98976,0.987987,0.991713,0.003726,0.988762,0.984982,0.992643,0.975197,0.993704,0.0,24,0.0,24,0.738281,24,141.0,24,,0,0.108445,24
26,10,24,False,native,24,0.978948,0.975649,0.983843,0.008194,0.977611,0.969989,0.985221,0.952824,0.987488,24,0.989362,0.987674,0.991856,0.004181,0.988659,0.984766,0.992555,0.975842,0.993704,0.0,24,0.0,24,0.769531,24,132.0,24,0.999705,24,0.108422,24
26,11,24,False,native,24,0.980249,0.976409,0.983731,0.007322,0.977818,0.969393,0.984429,0.953619,0.986514,24,0.990026,0.988063,0.991799,0.003736,0.988766,0.984458,0.992153,0.976259,0.993211,0.0,24,0.0,24,0.742188,24,136.5,24,,0,0.108374,24
26,12,24,False,native,24,0.979468,0.975612,0.983824,0.008212,0.977726,0.96993,0.984616,0.956809,0.985542,24,0.989628,0.987655,0.991846,0.004191,0.988722,0.984735,0.992248,0.977928,0.992718,0.0,24,0.0,24,0.757812,24,134.5,24,,0,0.10832,24
26,13,24,False,native,24,0.978874,0.97539,0.983731,0.008341,0.977638,0.971447,0.984123,0.957172,0.985318,24,0.989324,0.987542,0.991799,0.004257,0.988678,0.985517,0.991998,0.978117,0.992605,0.0005,24,0.0,24,0.765625,24,133.0,24,,0,0.108226,24
26,14,24,False,native,24,0.978986,0.974928,0.983041,0.008113,0.977491,0.971543,0.984735,0.958189,0.985542,24,0.989381,0.987305,0.991448,0.004143,0.988604,0.985566,0.992309,0.978648,0.992718,0.0,24,0.0,24,0.751953,24,135.0,24,,0,0.108141,24
26,15,24,False,native,24,0.97802,0.975168,0.983451,0.008283,0.977618,0.971771,0.984451,0.957681,0.985841,24,0.988888,0.987428,0.991657,0.004229,0.988668,0.985683,0.992165,0.978383,0.99287,0.0,24,0.0,24,0.746094,24,137.5,24,,0,0.108011,24
26,16,24,False,native,24,0.977946,0.974909,0.98237,0.007461,0.977188,0.970813,0.983503,0.958699,0.985243,24,0.98885,0.987295,0.991107,0.003811,0.98845,0.98519,0.991683,0.978914,0.992567,0.0,24,0.0,24,0.751953,24,134.0,24,,0,0.107891,24
26,17,24,False,native,24,0.977242,0.974669,0.982221,0.007552,0.976833,0.970644,0.983138,0.958844,0.983675,24,0.98849,0.987172,0.991031,0.003859,0.98827,0.985103,0.991497,0.97899,0.99177,0.0,24,0.0,24,0.763672,24,135.0,24,,0,0.107768,24
26,18,24,False,native,24,0.977464,0.974318,0.981849,0.007531,0.976931,0.971145,0.983354,0.958189,0.985766,24,0.988604,0.986992,0.990841,0.003849,0.988319,0.985361,0.991607,0.978648,0.992832,0.0,24,0.0,24,0.753906,24,138.0,24,,0,0.107631,24
26,19,24,False,native,24,0.977019,0.973837,0.982202,0.008365,0.976733,0.970467,0.983227,0.958917,0.984347,24,0.988376,0.986745,0.991021,0.004276,0.988218,0.985012,0.991543,0.979028,0.992112,0.0,24,0.0,24,0.775391,24,141.0,24,,0,0.107359,24
26,20,24,False,native,24,0.977761,0.975242,0.981179,0.005936,0.976873,0.97102,0.983481,0.95979,0.984795,24,0.988755,0.987466,0.9905,0.003034,0.988291,0.985297,0.991672,0.979483,0.992339,0.0,24,0.0,24,0.767578,24,136.5,24,0.999724,24,0.107158,24
26,21,24,False,native,24,0.977909,0.974576,0.980788,0.006211,0.976504,0.971041,0.983183,0.958044,0.9836,24,0.988831,0.987125,0.990301,0.003176,0.988101,0.985308,0.99152,0.978573,0.991732,0.0,24,0.0,24,0.789062,24,139.5,24,,0,0.106854,24
26,22,24,False,native,24,0.976464,0.974078,0.980937,0.006858,0.976049,0.970872,0.982117,0.959572,0.985467,24,0.988092,0.986869,0.990377,0.003508,0.987869,0.985221,0.990978,0.979369,0.992681,0.0,24,0.0,24,0.783203,24,140.5,24,,0,0.106561,24
26,23,24,False,native,24,0.976167,0.973745,0.980658,0.006912,0.976009,0.971461,0.982683,0.95848,0.98472,24,0.98794,0.986698,0.990234,0.003536,0.987848,0.985524,0.991266,0.9788,0.992301,0.0,24,0.0,24,0.791016,24,143.0,24,,0,0.106236,24
26,24,24,False,native,24,0.976908,0.973357,0.979951,0.006594,0.975894,0.971019,0.982296,0.959208,0.984197,24,0.988319,0.986499,0.989874,0.003375,0.98779,0.985297,0.991069,0.979179,0.992036,0.0,24,0.0,24,0.792969,24,138.5,24,,0,0.106057,24
26,25,24,False,native,24,0.976946,0.973967,0.980156,0.006189,0.976206,0.971204,0.982937,0.959062,0.983526,24,0.988338,0.986812,0.989978,0.003167,0.987949,0.985391,0.991395,0.979103,0.991694,0.0,24,0.0,24,0.783203,24,136.0,24,,0,0.105784,24
26,26,24,False,native,24,0.976686,0.974059,0.980193,0.006134,0.976168,0.970195,0.982959,0.959863,0.984421,24,0.988205,0.986859,0.989997,0.003138,0.98793,0.984872,0.991406,0.979521,0.99215,0.0,24,0.0,24,0.787109,24,136.5,24,,0,0.105504,24
26,27,24,False,native,24,0.976908,0.974817,0.979766,0.004949,0.976221,0.969702,0.982631,0.959499,0.984795,24,0.988319,0.987248,0.989779,0.002531,0.987957,0.984618,0.991239,0.979331,0.992339,0.0,24,0.0,24,0.791016,24,140.0,24,,0,0.105242,24
26,28,24,False,native,24,0.976982,0.974761,0.979376,0.004615,0.976239,0.969577,0.983034,0.959499,0.985393,24,0.988357,0.987219,0.98958,0.002361,0.987967,0.984553,0.991444,0.979331,0.992643,0.0,24,0.0,24,0.792969,24,140.0,24,,0,0.104945,24
26,29,24,False,native,24,0.977205,0.975113,0.979078,0.003966,0.976213,0.970151,0.982199,0.9603,0.984496,24,0.988471,0.987399,0.989428,0.002029,0.987954,0.984849,0.991019,0.979748,0.992188,0.0,24,0.0,24,0.765625,24,139.0,24,,0,0.104776,24
26,30,24,False,native,24,0.977205,0.975834,0.979097,0.003263,0.976513,0.970305,0.983936,0.958626,0.985617,24,0.988471,0.987769,0.989438,0.001669,0.988106,0.984929,0.991903,0.978876,0.992756,0.0,24,0.0,24,0.787109,24,135.5,24,0.999753,24,0.104571,24
26,31,24,False,native,24,0.977353,0.975964,0.979431,0.003468,0.97651,0.971506,0.982735,0.958844,0.98472,24,0.988547,0.987836,0.989609,0.001773,0.988106,0.985547,0.991292,0.97899,0.992301,0.0,24,0.0,24,0.785156,24,137.5,24,,0,0.104448,24
26,32,24,False,native,24,0.977427,0.974909,0.979264,0.004355,0.976565,0.971071,0.983526,0.959281,0.986215,24,0.988585,0.987295,0.989523,0.002228,0.988133,0.985323,0.991694,0.979217,0.99306,0.0,24,0.0,24,0.78125,24,129.5,24,,0,0.104322,24
26,33,24,False,native,24,0.977724,0.975205,0.979598,0.004393,0.976687,0.971049,0.984183,0.958335,0.987188,24,0.988736,0.987447,0.989694,0.002247,0.988194,0.985312,0.992028,0.978724,0.993553,0.0,24,0.000469,24,0.777344,24,129.5,24,,0,0.104212,24
26,34,24,False,native,24,0.977464,0.97539,0.980286,0.004896,0.976942,0.971145,0.983974,0.958917,0.988087,24,0.988604,0.987542,0.990045,0.002503,0.988325,0.985361,0.991922,0.979028,0.994008,0.000452,24,0.000927,24,0.791016,24,122.0,24,,0,0.10409,24
26,35,24,False,native,24,0.977353,0.975076,0.980286,0.00521,0.976908,0.970894,0.983399,0.960373,0.987712,24,0.988547,0.987381,0.990045,0.002664,0.988308,0.985232,0.99163,0.979786,0.993818,0.0,24,0.0,24,0.769531,24,133.5,24,,0,0.104011,24
26,36,24,False,native,24,0.977464,0.975501,0.980026,0.004525,0.97698,0.970997,0.982728,0.960446,0.987862,24,0.988604,0.987599,0.989912,0.002313,0.988346,0.985285,0.991289,0.979824,0.993894,0.000456,24,0.00045,24,0.773438,24,133.5,24,,0,0.10398,24
26,37,24,False,native,24,0.97739,0.975335,0.979988,0.004654,0.9766,0.970224,0.982832,0.959863,0.986889,24,0.988566,0.987513,0.989893,0.00238,0.988152,0.984887,0.991342,0.979521,0.993401,0.0,24,0.000914,24,0.783203,24,121.5,24,,0,0.104047,24
26,38,24,False,native,24,0.976093,0.974595,0.979988,0.005393,0.976307,0.970482,0.983399,0.960811,0.986889,24,0.987902,0.987134,0.989893,0.002759,0.988002,0.98502,0.99163,0.980014,0.993401,0.000443,24,0.000933,24,0.775391,24,125.5,24,,0,0.104028,24
26,39,24,False,native,24,0.975982,0.974558,0.980974,0.006416,0.976503,0.970047,0.984078,0.960738,0.986814,24,0.987845,0.987115,0.990396,0.00328,0.988101,0.984796,0.991975,0.979976,0.993363,0.000452,24,0.000452,24,0.808594,24,125.5,24,,0,0.104042,24
26,40,24,False,native,24,0.97676,0.973967,0.980026,0.006059,0.976295,0.968503,0.983876,0.961029,0.987862,24,0.988243,0.986812,0.989912,0.0031,0.987994,0.984,0.991873,0.980127,0.993894,0.0,24,0.00104,24,0.798828,24,121.5,24,0.999751,24,0.104138,24
26,41,24,False,native,24,0.975945,0.974373,0.980732,0.006359,0.976261,0.969106,0.984511,0.961102,0.985991,24,0.987826,0.98702,0.990272,0.003252,0.987978,0.984311,0.992195,0.980165,0.992946,0.000463,24,0.000446,24,0.791016,24,126.5,24,,0,0.104151,24
26,42,24,False,native,24,0.975834,0.973284,0.981011,0.007727,0.975766,0.967747,0.983742,0.961248,0.985542,24,0.987769,0.986461,0.990415,0.003954,0.987723,0.983609,0.991804,0.980241,0.992718,0.00045,24,0.0,24,0.800781,24,138.0,24,,0,0.104244,24
26,43,24,False,native,24,0.976834,0.972288,0.979821,0.007533,0.975727,0.968195,0.98369,0.960956,0.985841,24,0.988281,0.985949,0.989808,0.003859,0.987703,0.98384,0.991778,0.98009,0.99287,0.000452,24,0.0,24,0.792969,24,138.0,24,,0,0.104384,24
26,44,24,False,native,24,0.977242,0.970647,0.979691,0.009044,0.975358,0.967387,0.983623,0.959426,0.985916,24,0.98849,0.985105,0.989741,0.004636,0.987513,0.983423,0.991744,0.979293,0.992908,0.000446,24,0.0,24,0.798828,24,130.5,24,,0,0.104573,24
26,45,24,False,native,24,0.977612,0.968606,0.97958,0.010973,0.974939,0.965847,0.983548,0.9603,0.983899,24,0.988679,0.984053,0.989684,0.005632,0.987297,0.982627,0.991706,0.979748,0.991884,0.000441,24,0.000441,24,0.787109,24,125.5,24,,0,0.104705,24
26,46,24,False,native,24,0.976982,0.966936,0.978985,0.01205,0.973968,0.963819,0.982259,0.958771,0.984571,24,0.988357,0.98319,0.989381,0.006191,0.986797,0.981576,0.99105,0.978952,0.992225,0.0,24,0.0,24,0.808594,24,131.5,24,,0,0.104938,24
26,47,24,False,native,24,0.97639,0.967541,0.978057,0.010516,0.973665,0.962555,0.982862,0.957463,0.98472,24,0.988054,0.983503,0.988907,0.005404,0.986641,0.98092,0.991357,0.978269,0.992301,0.0,24,0.000896,24,0.824219,24,123.0,24,,0,0.105242,24
26,48,24,False,native,24,0.976352,0.967211,0.978057,0.010847,0.973334,0.962073,0.982169,0.956301,0.983153,24,0.988035,0.983332,0.988907,0.005575,0.98647,0.98067,0.991004,0.977662,0.991505,0.0,24,0.0,24,0.804688,24,129.0,24,,0,0.10555,24
26,49,24,False,native,24,0.976167,0.965435,0.978076,0.012641,0.972597,0.958655,0.981179,0.957317,0.986365,24,0.98794,0.982412,0.988916,0.006504,0.986088,0.978891,0.9905,0.978193,0.993136,0.000406,24,0.00042,24,0.832031,24,127.0,24,,0,0.105743,24
27,0,24,False,native,24,0.958808,0.950945,0.964646,0.0137,0.956357,0.93861,0.970033,0.920886,0.981737,24,0.978971,0.974856,0.982005,0.007149,0.977637,0.968333,0.984788,0.958814,0.990784,0.0,24,0.0,24,0.957031,24,182.5,24,0.999194,24,0.104474,24
27,1,24,False,native,24,0.96633,0.951616,0.97074,0.019124,0.961097,0.940507,0.976101,0.927767,0.980323,24,0.982877,0.975207,0.985152,0.009946,0.98011,0.969342,0.987906,0.96253,0.990064,0.0,24,0.0,24,0.912109,24,156.0,24,,0,0.105823,24
27,2,24,False,native,24,0.967181,0.958571,0.976945,0.018374,0.965879,0.946628,0.978703,0.933705,0.985617,24,0.983313,0.978847,0.988338,0.009491,0.982596,0.97258,0.989237,0.965716,0.992756,0.0,24,0.0,24,0.896484,24,154.0,24,,0,0.105792,24
27,3,24,False,native,24,0.965381,0.959244,0.978113,0.018869,0.966478,0.949503,0.979899,0.940893,0.985019,24,0.982384,0.979198,0.988935,0.009737,0.982912,0.974097,0.989848,0.969546,0.992453,0.0,24,0.0,24,0.917969,24,153.5,24,,0,0.105388,24
27,4,24,False,native,24,0.965565,0.958808,0.978577,0.019769,0.966881,0.95122,0.980338,0.941965,0.985766,24,0.982479,0.978971,0.989172,0.010202,0.983119,0.975,0.990071,0.970115,0.992832,0.0,24,0.0,24,0.912109,24,151.0,24,,0,0.105029,24
27,5,24,False,native,24,0.966771,0.956193,0.97867,0.022477,0.966912,0.950592,0.980702,0.94605,0.985542,24,0.983105,0.977605,0.98922,0.011614,0.983136,0.97467,0.990257,0.972277,0.992718,0.0,24,0.0,24,0.908203,24,150.5,24,,0,0.105028,24
27,6,24,False,native,24,0.968607,0.95681,0.978652,0.021842,0.967289,0.950693,0.980732,0.946409,0.988012,24,0.984053,0.977928,0.98921,0.011283,0.983329,0.974723,0.990272,0.972467,0.99397,0.0,24,0.0,24,0.912109,24,145.0,24,,0,0.104963,24
27,7,24,False,native,24,0.966918,0.95681,0.978745,0.021934,0.967193,0.951617,0.981677,0.947775,0.987638,24,0.98318,0.977928,0.989258,0.01133,0.98328,0.975209,0.990754,0.973187,0.99378,0.0,24,0.0,24,0.908203,24,146.5,24,,0,0.105007,24
27,8,24,False,native,24,0.967579,0.954416,0.979506,0.02509,0.96733,0.949964,0.983041,0.948782,0.988462,24,0.983522,0.976676,0.989647,0.01297,0.983346,0.97434,0.991448,0.973718,0.994198,0.0,24,0.0,24,0.910156,24,141.5,24,,0,0.105088,24
27,9,24,False,native,24,0.967724,0.9542,0.978949,0.024749,0.967297,0.950887,0.983705,0.947919,0.989587,24,0.983598,0.976562,0.989362,0.0128,0.983327,0.974826,0.991785,0.973263,0.994766,0.0,24,0.0,24,0.923828,24,140.5,24,,0,0.105155,24
27,10,24,False,native,24,0.969746,0.953385,0.97893,0.025545,0.967158,0.949561,0.983705,0.948566,0.988087,24,0.98464,0.976136,0.989353,0.013217,0.983255,0.974128,0.991785,0.973604,0.994008,0.0,24,0.0,24,0.890625,24,139.0,24,0.999631,24,0.10521,24
27,11,24,False,native,24,0.96868,0.953258,0.978449,0.025191,0.967174,0.950563,0.984967,0.94871,0.988762,24,0.984091,0.976069,0.989106,0.013037,0.983263,0.974655,0.992426,0.97368,0.994349,0.0,24,0.0,24,0.896484,24,139.5,24,,0,0.105151,24
27,12,24,False,native,24,0.969195,0.952769,0.980435,0.027665,0.967325,0.950498,0.984825,0.948063,0.989287,24,0.984356,0.975813,0.990121,0.014307,0.983338,0.974621,0.992354,0.973339,0.994615,0.0,24,0.000507,24,0.908203,24,126.5,24,,0,0.10512,24
27,13,24,False,native,24,0.967579,0.953493,0.980379,0.026886,0.967086,0.950289,0.983772,0.948998,0.988312,24,0.983522,0.976193,0.990092,0.013899,0.983218,0.974511,0.99182,0.973832,0.994122,0.0,24,0.0,24,0.916016,24,143.0,24,,0,0.105132,24
27,14,24,False,native,24,0.96725,0.953494,0.980769,0.027275,0.967367,0.950195,0.984392,0.948926,0.989062,24,0.983351,0.976193,0.990291,0.014099,0.983361,0.974461,0.992134,0.973794,0.994501,0.0,24,0.0,24,0.902344,24,135.0,24,,0,0.10508,24
27,15,24,False,native,24,0.967986,0.953838,0.980026,0.026188,0.967561,0.95013,0.985348,0.949647,0.989662,24,0.98373,0.976373,0.989912,0.013539,0.983462,0.974427,0.99262,0.974173,0.994804,0.0,24,0.0,24,0.912109,24,134.0,24,,0,0.105153,24
27,16,24,False,native,24,0.968463,0.954128,0.980918,0.02679,0.967412,0.949092,0.985796,0.947487,0.990113,24,0.983977,0.976525,0.990367,0.013843,0.983381,0.973881,0.992847,0.973035,0.995032,0.001003,24,0.0,24,0.898438,24,131.0,24,,0,0.105101,24
27,17,24,False,native,24,0.969895,0.954183,0.981253,0.027071,0.967857,0.949099,0.986028,0.948134,0.989888,24,0.984716,0.976553,0.990538,0.013985,0.98361,0.973885,0.992965,0.973377,0.994918,0.000481,24,0.0,24,0.869141,24,131.5,24,,0,0.105115,24
27,18,24,False,native,24,0.969234,0.954834,0.980491,0.025657,0.967497,0.94825,0.986021,0.946481,0.989137,24,0.984375,0.976894,0.990149,0.013255,0.983424,0.973437,0.992961,0.972505,0.994539,0.001022,24,0.000916,24,0.888672,24,125.5,24,,0,0.105067,24
27,19,24,False,native,24,0.969126,0.95487,0.981383,0.026513,0.967464,0.94812,0.984482,0.947415,0.989362,24,0.984318,0.976913,0.990604,0.013691,0.983408,0.973369,0.99218,0.972998,0.994653,0.0,24,0.0,24,0.886719,24,132.5,24,,0,0.105049,24
27,20,24,False,native,24,0.970301,0.953876,0.980825,0.026949,0.967213,0.948444,0.984548,0.946481,0.988537,24,0.984925,0.976392,0.99032,0.013928,0.983278,0.97354,0.992214,0.972505,0.994235,0.0,24,0.0,24,0.875,24,130.0,24,0.999619,24,0.10508,24
27,21,24,False,native,24,0.969088,0.953983,0.98036,0.026378,0.967109,0.947373,0.98487,0.945619,0.988987,24,0.984299,0.976449,0.990083,0.013634,0.983223,0.972975,0.992377,0.972049,0.994463,0.0005,24,0.000507,24,0.904297,24,125.5,24,,0,0.105034,24
27,22,24,False,native,24,0.970561,0.953205,0.980658,0.027453,0.967444,0.947711,0.985243,0.945404,0.987488,24,0.985058,0.976041,0.990234,0.014193,0.983397,0.973153,0.992567,0.971936,0.993704,0.0,24,0.0,24,0.878906,24,131.5,24,,0,0.104995,24
27,23,24,False,native,24,0.970123,0.954365,0.981607,0.027242,0.967808,0.949308,0.98629,0.945978,0.988687,24,0.98483,0.976648,0.990718,0.01407,0.983583,0.973995,0.993098,0.972239,0.994311,0.000919,24,0.001141,24,0.871094,24,123.5,24,,0,0.104998,24
27,24,24,False,native,24,0.970306,0.954182,0.981588,0.027406,0.967797,0.95039,0.98549,0.945547,0.988462,24,0.984925,0.976553,0.990708,0.014155,0.98358,0.974564,0.992692,0.972012,0.994198,0.00111,24,0.001118,24,0.871094,24,115.0,24,,0,0.104969,24
27,25,24,False,native,24,0.96935,0.955487,0.981849,0.026362,0.967553,0.948603,0.986619,0.944256,0.987113,24,0.984432,0.977236,0.990841,0.013606,0.983452,0.973623,0.993265,0.971329,0.993515,0.001003,24,0.001019,24,0.890625,24,122.0,24,,0,0.10495,24
27,26,24,False,native,24,0.969168,0.955559,0.982351,0.026793,0.967547,0.948797,0.985423,0.944973,0.986964,24,0.984337,0.977274,0.991097,0.013824,0.983451,0.973726,0.992658,0.971708,0.993439,0.000504,24,0.001015,24,0.902344,24,123.0,24,,0,0.104896,24
27,27,24,False,native,24,0.969649,0.955412,0.982184,0.026771,0.967639,0.948098,0.985856,0.944328,0.986814,24,0.984584,0.977198,0.991012,0.013814,0.983496,0.973358,0.992878,0.971367,0.993363,0.001156,24,0.000488,24,0.886719,24,125.5,24,,0,0.104882,24
27,28,24,False,native,24,0.970089,0.954416,0.982054,0.027638,0.967879,0.948444,0.986372,0.945117,0.988012,24,0.984811,0.976676,0.990945,0.014269,0.983618,0.97354,0.993139,0.971784,0.99397,0.001099,24,0.001167,24,0.892578,24,112.0,24,,0,0.104822,24
27,29,24,False,native,24,0.970273,0.954453,0.982594,0.028141,0.967623,0.94628,0.985056,0.945691,0.985766,24,0.984906,0.976695,0.99122,0.014525,0.983485,0.972398,0.992472,0.972087,0.992832,0.000988,24,0.001186,24,0.880859,24,119.0,24,,0,0.104704,24
27,30,24,False,native,24,0.97027,0.954253,0.981774,0.027521,0.967233,0.945921,0.984847,0.943826,0.98644,24,0.984906,0.976591,0.990803,0.014212,0.983283,0.972209,0.992366,0.971101,0.993174,0.00106,24,0.001076,24,0.875,24,122.0,24,0.999624,24,0.104655,24
27,31,24,False,native,24,0.969937,0.953945,0.981812,0.027867,0.967101,0.94661,0.985236,0.943539,0.986589,24,0.984735,0.97643,0.990822,0.014392,0.983214,0.972573,0.992563,0.97095,0.993249,0.000488,24,0.000937,24,0.886719,24,121.0,24,,0,0.10459,24
27,32,24,False,native,24,0.970525,0.953494,0.982258,0.028764,0.966861,0.94577,0.98478,0.94175,0.986739,24,0.985039,0.976193,0.99105,0.014857,0.983086,0.972129,0.992332,0.970002,0.993325,0.001198,24,0.000492,24,0.857422,24,127.0,24,,0,0.104487,24
27,33,24,False,native,24,0.970637,0.953874,0.9809,0.027026,0.966782,0.944952,0.984085,0.94025,0.986964,24,0.985096,0.976392,0.990358,0.013966,0.983044,0.971697,0.991979,0.969205,0.993439,0.001068,24,0.000992,24,0.865234,24,116.5,24,,0,0.104413,24
27,34,24,False,native,24,0.970711,0.953783,0.981049,0.027266,0.966743,0.945152,0.984915,0.938824,0.987038,24,0.985133,0.976344,0.990433,0.014089,0.983022,0.971803,0.9924,0.968447,0.993477,0.001137,24,0.001118,24,0.884766,24,105.5,24,,0,0.104319,24
27,35,24,False,native,24,0.970857,0.953855,0.980881,0.027026,0.966918,0.945353,0.98537,0.938681,0.987638,24,0.985209,0.976382,0.990348,0.013966,0.983112,0.971909,0.992631,0.968371,0.99378,0.001099,24,0.001125,24,0.890625,24,112.0,24,,0,0.104217,24
27,36,24,False,native,24,0.970822,0.954561,0.981756,0.027195,0.966848,0.945396,0.985057,0.937541,0.986514,24,0.98519,0.976752,0.990794,0.014042,0.983076,0.971932,0.992472,0.967764,0.993211,0.001064,24,0.001022,24,0.875,24,115.0,24,,0,0.104147,24
27,37,24,False,native,24,0.971777,0.954108,0.982072,0.027964,0.967154,0.944988,0.985894,0.938467,0.986739,24,0.985683,0.976515,0.990955,0.01444,0.983234,0.971716,0.992897,0.968257,0.993325,0.001133,24,0.001114,24,0.882812,24,113.5,24,,0,0.104114,24
27,38,24,False,native,24,0.972037,0.95476,0.981346,0.026586,0.967501,0.944672,0.986642,0.940536,0.987712,24,0.985816,0.976856,0.990585,0.013729,0.983414,0.971549,0.993276,0.969357,0.993818,0.001144,24,0.001122,24,0.869141,24,111.0,24,,0,0.104003,24
27,39,24,False,native,24,0.97233,0.954325,0.981011,0.026686,0.967228,0.944235,0.986327,0.940036,0.988012,24,0.985968,0.976629,0.990415,0.013786,0.983272,0.971318,0.993117,0.969091,0.99397,0.001068,24,0.001099,24,0.859375,24,110.0,24,,0,0.103907,24
27,40,24,False,native,24,0.972218,0.954019,0.981588,0.027569,0.967612,0.945052,0.986949,0.941179,0.987188,24,0.985911,0.976468,0.990708,0.014241,0.983471,0.97175,0.993431,0.969698,0.993553,0.001118,24,0.001175,24,0.878906,24,104.5,24,0.999641,24,0.10384,24
27,41,24,False,native,24,0.972629,0.954579,0.981234,0.026655,0.967664,0.946495,0.986589,0.938538,0.987338,24,0.98612,0.976762,0.990528,0.013767,0.983498,0.972512,0.993249,0.968295,0.993629,0.001102,24,0.001068,24,0.863281,24,105.5,24,,0,0.103777,24
27,42,24,False,native,24,0.971818,0.954037,0.981309,0.027272,0.967318,0.947127,0.986477,0.937541,0.987638,24,0.985702,0.976477,0.990566,0.014089,0.983318,0.972846,0.993193,0.967764,0.99378,0.001045,24,0.001129,24,0.869141,24,108.5,24,,0,0.103661,24
27,43,24,False,native,24,0.971637,0.952625,0.981104,0.028479,0.967104,0.948372,0.986253,0.938966,0.987338,24,0.985608,0.975738,0.990462,0.014724,0.983207,0.973502,0.993079,0.968522,0.993629,0.001106,24,0.001106,24,0.867188,24,106.0,24,,0,0.103565,24
27,44,24,False,native,24,0.971231,0.952878,0.98183,0.028952,0.967169,0.948422,0.986081,0.938752,0.987188,24,0.985399,0.97587,0.990832,0.014961,0.983242,0.973529,0.992992,0.968409,0.993553,0.000912,24,0.000975,24,0.882812,24,112.5,24,,0,0.103528,24
27,45,24,False,native,24,0.970863,0.952751,0.981756,0.029004,0.967244,0.948876,0.985931,0.938824,0.987413,24,0.985209,0.975804,0.990794,0.01499,0.98328,0.973767,0.992916,0.968447,0.993667,0.001032,24,0.001083,24,0.886719,24,111.5,24,,0,0.103468,24
27,46,24,False,native,24,0.970051,0.95277,0.980713,0.027944,0.966687,0.948631,0.98478,0.936048,0.988987,24,0.984792,0.975813,0.990263,0.014449,0.982991,0.973639,0.992332,0.966968,0.994463,0.001095,24,0.001034,24,0.880859,24,111.0,24,,0,0.103321,24
27,47,24,False,native,24,0.969095,0.952643,0.980231,0.027588,0.966104,0.949373,0.984825,0.933705,0.989662,24,0.984299,0.975747,0.990016,0.014269,0.982686,0.974029,0.992354,0.965716,0.994804,0.000957,24,0.001041,24,0.904297,24,108.5,24,,0,0.103043,24
27,48,24,False,native,24,0.967478,0.952589,0.978949,0.02636,0.965272,0.949452,0.983936,0.931934,0.988462,24,0.983465,0.975719,0.989362,0.013643,0.982259,0.974071,0.991903,0.964768,0.994198,0.001003,24,0.000956,24,0.898438,24,110.5,24,,0,0.102593,24
27,49,24,False,native,24,0.964909,0.951812,0.979413,0.027601,0.964765,0.946374,0.984063,0.931226,0.989512,24,0.982137,0.975311,0.989599,0.014288,0.981992,0.972448,0.991968,0.964389,0.994728,0.000868,24,0.000902,24,0.904297,24,108.0,24,,0,0.101892,24
28,0,24,False,native,24,0.955866,0.936776,0.95959,0.022814,0.949868,0.929199,0.964294,0.926218,0.973653,24,0.977435,0.967356,0.979378,0.012022,0.974236,0.9633,0.981823,0.961696,0.98665,0.0,24,0.0,24,0.964844,24,131.0,24,0.998918,24,0.100831,24
28,1,24,False,native,24,0.946588,0.931723,0.959509,0.027786,0.944822,0.92282,0.970136,0.905065,0.97321,24,0.972561,0.964654,0.979331,0.014677,0.971526,0.95986,0.984841,0.950167,0.986423,0.001163,24,0.000477,24,0.96875,24,129.0,24,,0,0.097769,24
28,2,24,False,native,24,0.949467,0.94034,0.959574,0.019234,0.94815,0.925051,0.97068,0.907476,0.976464,24,0.974078,0.969253,0.979369,0.010116,0.973299,0.961066,0.985122,0.951494,0.988092,0.0,24,0.0,24,0.958984,24,130.5,24,,0,0.099073,24
28,3,24,False,native,24,0.952752,0.937409,0.960051,0.022642,0.949139,0.92396,0.970474,0.908581,0.975575,24,0.975804,0.967688,0.979615,0.011927,0.973819,0.960475,0.985016,0.952101,0.987637,0.000511,24,0.000893,24,0.96875,24,125.5,24,,0,0.0981,24
28,4,24,False,native,24,0.951812,0.940544,0.960629,0.020085,0.949901,0.928734,0.969893,0.908443,0.974539,24,0.975311,0.969357,0.979919,0.010562,0.974235,0.96305,0.984716,0.952025,0.987106,0.000568,24,0.0,24,0.960938,24,130.0,24,,0,0.098524,24
28,5,24,False,native,24,0.952499,0.940202,0.96207,0.021868,0.950222,0.929502,0.968011,0.914401,0.975427,24,0.975671,0.969177,0.980668,0.011491,0.974406,0.963463,0.983745,0.955287,0.987561,0.001163,24,0.000492,24,0.955078,24,126.5,24,,0,0.098487,24
28,6,24,False,native,24,0.952788,0.940293,0.961832,0.021539,0.950388,0.933202,0.968592,0.91024,0.974613,24,0.975823,0.969224,0.980545,0.011321,0.974489,0.965447,0.984045,0.953011,0.987144,0.0,24,0.0,24,0.943359,24,135.0,24,,0,0.098557,24
28,7,24,False,native,24,0.95391,0.94177,0.961157,0.019387,0.950511,0.93267,0.96799,0.910725,0.974392,24,0.976411,0.970011,0.980194,0.010183,0.974559,0.965162,0.983734,0.953277,0.98703,0.000671,24,0.0,24,0.945312,24,129.5,24,,0,0.098683,24
28,8,24,False,native,24,0.954272,0.94277,0.961741,0.018971,0.950887,0.933138,0.967849,0.90941,0.974096,24,0.9766,0.970542,0.980497,0.009955,0.974752,0.965413,0.983662,0.952556,0.986878,0.001144,24,0.0,24,0.945312,24,129.0,24,,0,0.098742,24
28,9,24,False,native,24,0.955686,0.944023,0.961704,0.017681,0.950969,0.932968,0.967739,0.905822,0.971587,24,0.97734,0.971206,0.980478,0.009273,0.974793,0.965322,0.983605,0.950584,0.985589,0.000526,24,0.00071,24,0.945312,24,127.0,24,,0,0.098802,24
28,10,24,False,native,24,0.955504,0.946122,0.963275,0.017154,0.951687,0.933953,0.967424,0.901424,0.973653,24,0.977245,0.972315,0.981294,0.008979,0.975161,0.965849,0.983442,0.948157,0.98665,0.001389,24,0.000874,24,0.960938,24,126.0,24,0.998849,24,0.098843,24
28,11,24,False,native,24,0.956448,0.94864,0.964371,0.015731,0.952126,0.932543,0.966617,0.903552,0.973948,24,0.977738,0.973642,0.981862,0.00822,0.975393,0.965094,0.983025,0.949333,0.986802,0.001213,24,0.0,24,0.953125,24,135.5,24,,0,0.098831,24
28,12,24,False,native,24,0.955285,0.948567,0.965268,0.016701,0.952299,0.93151,0.968033,0.904308,0.974687,24,0.977131,0.973604,0.982327,0.008723,0.97548,0.96454,0.983757,0.94975,0.987181,0.001144,24,0.000523,24,0.958984,24,126.0,24,,0,0.098889,24
28,13,24,False,native,24,0.956884,0.948766,0.964865,0.016099,0.952822,0.930774,0.968305,0.908857,0.974835,24,0.977966,0.973709,0.982118,0.00841,0.975761,0.964146,0.983897,0.952253,0.987257,0.000664,24,0.001213,24,0.958984,24,124.0,24,,0,0.098919,24
28,14,24,False,native,24,0.956628,0.949018,0.965799,0.016781,0.953277,0.930739,0.969165,0.908857,0.974983,24,0.977833,0.973841,0.982602,0.008761,0.975998,0.964127,0.984341,0.952253,0.987333,0.00083,24,0.000862,24,0.949219,24,126.0,24,,0,0.098948,24
28,15,24,False,native,24,0.957063,0.948173,0.966202,0.018029,0.953776,0.931191,0.970188,0.910794,0.975427,24,0.978061,0.973396,0.982811,0.009415,0.976262,0.96437,0.984868,0.953315,0.987561,0.0,24,0.0,24,0.953125,24,128.0,24,,0,0.09903,24
28,16,24,False,native,24,0.957208,0.948894,0.966422,0.017528,0.953932,0.931778,0.969753,0.912041,0.974613,24,0.978136,0.973775,0.982924,0.009149,0.976346,0.964684,0.984644,0.953997,0.987144,0.0,24,0.001202,24,0.947266,24,124.5,24,,0,0.099166,24
28,17,24,False,native,24,0.957208,0.947382,0.967926,0.020545,0.954521,0.932146,0.970658,0.915166,0.975501,24,0.978136,0.972979,0.983702,0.010723,0.976657,0.964882,0.985111,0.955704,0.987599,0.0,24,0.000553,24,0.951172,24,127.0,24,,0,0.099304,24
28,18,24,False,native,24,0.95899,0.947165,0.969672,0.022507,0.955747,0.933145,0.97214,0.916627,0.977056,24,0.979066,0.972865,0.984603,0.011738,0.977297,0.965416,0.985873,0.9565,0.988395,0.0,24,0.0,24,0.945312,24,130.0,24,,0,0.099514,24
28,19,24,False,native,24,0.959064,0.947201,0.969507,0.022306,0.956084,0.933124,0.972095,0.918649,0.976908,24,0.979103,0.972884,0.984517,0.011633,0.977476,0.965405,0.98585,0.9576,0.988319,0.000629,24,0.001081,24,0.955078,24,124.5,24,,0,0.099781,24
28,20,24,False,native,24,0.96034,0.948444,0.970666,0.022222,0.956736,0.934081,0.972715,0.920816,0.976315,24,0.979767,0.973538,0.985115,0.011577,0.977819,0.965917,0.986169,0.958776,0.988016,0.000467,24,0.000784,24,0.949219,24,126.5,24,0.998939,24,0.099938,24
28,21,24,False,native,24,0.960888,0.948859,0.969746,0.020886,0.956919,0.933833,0.971941,0.921166,0.978911,24,0.980052,0.973756,0.98464,0.010884,0.977915,0.965784,0.985771,0.958965,0.989343,0.0,24,0.000885,24,0.947266,24,125.5,24,,0,0.100159,24
28,22,24,False,native,24,0.961619,0.948879,0.969819,0.020941,0.957348,0.933911,0.972487,0.924391,0.977649,24,0.980431,0.973766,0.984678,0.010913,0.978143,0.965826,0.986051,0.96071,0.988698,0.0,24,0.000674,24,0.953125,24,127.0,24,,0,0.1004,24
28,23,24,False,native,24,0.963375,0.949183,0.9705,0.021317,0.958174,0.933733,0.972818,0.928049,0.977724,24,0.981341,0.973927,0.985029,0.011102,0.978576,0.965731,0.986222,0.962682,0.988736,0.001293,24,0.00116,24,0.935547,24,126.5,24,,0,0.100554,24
28,24,24,False,native,24,0.963413,0.948985,0.970555,0.02157,0.958429,0.932961,0.974214,0.930802,0.978095,24,0.98136,0.973822,0.985058,0.011235,0.97871,0.965318,0.986939,0.964161,0.988926,0.0,24,0.001339,24,0.927734,24,121.0,24,,0,0.100654,24
28,25,24,False,native,24,0.964547,0.948699,0.97085,0.022151,0.95874,0.934719,0.974133,0.931226,0.978095,24,0.981948,0.973671,0.985209,0.011539,0.978873,0.966258,0.986897,0.964389,0.988926,0.001144,24,0.001308,24,0.929688,24,124.0,24,,0,0.100707,24
28,26,24,False,native,24,0.964693,0.948915,0.971826,0.022911,0.959168,0.934691,0.974488,0.930731,0.978763,24,0.982024,0.973785,0.985712,0.011927,0.979094,0.966243,0.987079,0.964123,0.989267,0.000492,24,0.000652,24,0.933594,24,127.0,24,,0,0.100773,24
28,27,24,False,native,24,0.965537,0.94814,0.973616,0.025476,0.959656,0.934116,0.974369,0.932429,0.979208,24,0.98246,0.973377,0.986632,0.013255,0.979345,0.965936,0.987018,0.965033,0.989495,0.00111,24,0.001259,24,0.933594,24,126.0,24,,0,0.100717,24
28,28,24,False,native,24,0.965828,0.946826,0.973265,0.026439,0.95942,0.934272,0.974776,0.932146,0.977427,24,0.982611,0.972685,0.986451,0.013767,0.979222,0.966019,0.987227,0.964882,0.988585,0.001278,24,0.0,24,0.917969,24,131.0,24,,0,0.100734,24
28,29,24,False,native,24,0.966523,0.945746,0.973745,0.027999,0.960206,0.934705,0.976967,0.933421,0.978911,24,0.982972,0.972116,0.986698,0.014582,0.97963,0.966251,0.98835,0.965564,0.989343,0.000246,24,0.001282,24,0.904297,24,124.0,24,,0,0.100723,24
28,30,24,False,native,24,0.966523,0.945459,0.973708,0.028249,0.959999,0.936083,0.976219,0.933492,0.978169,24,0.982972,0.971964,0.986679,0.014715,0.979524,0.966986,0.987966,0.965602,0.988964,0.001017,24,0.0,24,0.898438,24,129.5,24,0.999068,24,0.100703,24
28,31,24,False,native,24,0.966816,0.945748,0.975279,0.029531,0.960169,0.935941,0.976197,0.932784,0.97713,24,0.983123,0.972116,0.987485,0.015369,0.979609,0.966911,0.987955,0.965223,0.988433,0.000467,24,0.0,24,0.908203,24,133.0,24,,0,0.100706,24
28,32,24,False,native,24,0.966997,0.94618,0.974299,0.02812,0.960365,0.937093,0.976945,0.932571,0.978095,24,0.983218,0.972343,0.986982,0.014639,0.979713,0.967525,0.988338,0.965109,0.988926,0.000975,24,0.0,24,0.912109,24,130.5,24,,0,0.100679,24
28,33,24,False,native,24,0.96711,0.946217,0.975298,0.02908,0.960519,0.937669,0.977383,0.932146,0.979134,24,0.983275,0.972362,0.987494,0.015132,0.979789,0.967832,0.988562,0.964882,0.989457,0.0,24,0.0,24,0.908203,24,130.0,24,,0,0.100615,24
28,34,24,False,native,24,0.968214,0.945659,0.975945,0.030286,0.961074,0.939522,0.977301,0.933989,0.97958,24,0.983844,0.972068,0.987826,0.015758,0.98008,0.968818,0.98852,0.965868,0.989684,0.000862,24,0.0,24,0.884766,24,133.0,24,,0,0.100611,24
28,35,24,False,native,24,0.967666,0.946628,0.974835,0.028208,0.961069,0.94075,0.976108,0.93328,0.979134,24,0.98356,0.97258,0.987257,0.014677,0.980082,0.969471,0.98791,0.965488,0.989457,0.000626,24,0.0,24,0.890625,24,131.5,24,,0,0.100564,24
28,36,24,False,native,24,0.967704,0.945979,0.97515,0.02917,0.961315,0.939408,0.977301,0.935195,0.980992,24,0.983579,0.972239,0.987418,0.015179,0.980208,0.968758,0.98852,0.966512,0.990405,0.000481,24,0.0,24,0.912109,24,133.0,24,,0,0.100558,24
28,37,24,False,native,24,0.967149,0.946015,0.97515,0.029134,0.961304,0.939936,0.977531,0.936759,0.98062,24,0.983294,0.972258,0.987418,0.01516,0.980205,0.969038,0.988638,0.967347,0.990215,0.000425,24,0.000481,24,0.910156,24,127.5,24,,0,0.1005,24
28,38,24,False,native,24,0.967519,0.946699,0.97552,0.028821,0.961406,0.939037,0.97742,0.938111,0.980323,24,0.983484,0.972618,0.987608,0.01499,0.980259,0.96856,0.988581,0.968067,0.990064,0.000778,24,0.000389,24,0.912109,24,128.0,24,,0,0.100517,24
28,39,24,False,native,24,0.966453,0.947201,0.97478,0.027579,0.961233,0.939273,0.977553,0.938325,0.980992,24,0.982934,0.972884,0.987229,0.014345,0.98017,0.968686,0.988649,0.968181,0.990405,0.0,24,0.0,24,0.921875,24,131.0,24,,0,0.10061,24
28,40,24,False,native,24,0.965827,0.946194,0.975612,0.029418,0.961438,0.939915,0.977086,0.938824,0.982556,24,0.982611,0.972353,0.987655,0.015303,0.980274,0.969027,0.98841,0.968447,0.991201,0.0,24,0.0,24,0.921875,24,132.5,24,0.99939,24,0.100728,24
28,41,24,False,native,24,0.965356,0.94465,0.975279,0.030629,0.961411,0.94248,0.977642,0.938396,0.984048,24,0.982365,0.971537,0.987485,0.015947,0.98026,0.970388,0.988695,0.968219,0.99196,0.000431,24,0.0,24,0.923828,24,133.0,24,,0,0.100875,24
28,42,24,False,native,24,0.96466,0.945978,0.975649,0.029671,0.961349,0.942866,0.976515,0.938253,0.984123,24,0.982005,0.972239,0.987674,0.015435,0.98023,0.970593,0.988118,0.968143,0.991998,0.000383,24,0.0,24,0.914062,24,132.0,24,,0,0.101054,24
28,43,24,False,native,24,0.963888,0.945888,0.975446,0.029557,0.961206,0.942459,0.976812,0.939109,0.984496,24,0.981606,0.972192,0.98757,0.015378,0.980156,0.970377,0.98827,0.968598,0.992188,0.000862,24,0.000441,24,0.927734,24,127.5,24,,0,0.10116,24
28,44,24,False,native,24,0.9636,0.945063,0.97576,0.030697,0.960994,0.941057,0.97719,0.939965,0.983377,24,0.981455,0.971756,0.987731,0.015976,0.980045,0.969634,0.988463,0.969053,0.991619,0.0,24,0.000765,24,0.914062,24,127.0,24,,0,0.101376,24
28,45,24,False,native,24,0.963417,0.945242,0.975649,0.030407,0.961364,0.941758,0.977234,0.941179,0.983974,24,0.98136,0.97185,0.987674,0.015824,0.980238,0.970005,0.988486,0.969698,0.991922,0.000877,24,0.000763,24,0.927734,24,127.0,24,,0,0.101617,24
28,46,24,False,native,24,0.962472,0.947433,0.974891,0.027458,0.961314,0.941243,0.976893,0.940821,0.985692,24,0.980867,0.973007,0.987286,0.014279,0.980214,0.969732,0.988312,0.969508,0.992794,0.0,24,0.000443,24,0.921875,24,128.5,24,,0,0.10175,24
28,47,24,False,native,24,0.960595,0.946301,0.974133,0.027832,0.960733,0.943934,0.976116,0.940679,0.985318,24,0.979881,0.97241,0.986897,0.014487,0.979914,0.971158,0.987913,0.969433,0.992605,0.0,24,0.0,24,0.919922,24,130.0,24,,0,0.101848,24
28,48,24,False,native,24,0.960449,0.947092,0.974798,0.027707,0.961012,0.944421,0.977561,0.940107,0.987113,24,0.979805,0.972827,0.987238,0.014411,0.980055,0.971416,0.988653,0.969129,0.993515,0.001171,24,0.0,24,0.912109,24,128.0,24,,0,0.101646,24
28,49,24,False,native,24,0.961095,0.947847,0.974262,0.026416,0.961938,0.946517,0.978881,0.939893,0.985467,24,0.980146,0.973225,0.986963,0.013738,0.980543,0.972524,0.989328,0.969015,0.992681,0.001064,24,0.000841,24,0.935547,24,121.5,24,,0,0.10078,24
29,0,24,False,native,24,0.960082,0.954959,0.964499,0.00954,0.95709,0.941243,0.968085,0.903414,0.980769,24,0.979634,0.976961,0.981929,0.004968,0.978013,0.969732,0.983783,0.949257,0.990291,0.000711,24,0.0,24,0.951172,24,138.0,24,0.9991,24,0.102022,24
29,1,24,False,native,24,0.962087,0.955959,0.969985,0.014026,0.961191,0.939618,0.973306,0.932075,0.98129,24,0.980677,0.977482,0.984764,0.007282,0.980167,0.968868,0.986472,0.964844,0.990557,0.000423,24,0.000446,24,0.923828,24,122.0,24,,0,0.103873,24
29,2,24,False,native,24,0.969231,0.956637,0.972121,0.015484,0.962901,0.939759,0.972966,0.938325,0.978763,24,0.984375,0.977833,0.985864,0.008031,0.981057,0.968943,0.986298,0.968181,0.989267,0.00053,24,0.000538,24,0.900391,24,120.0,24,,0,0.104518,24
29,3,24,False,native,24,0.967761,0.95907,0.971974,0.012904,0.963451,0.942845,0.974835,0.937399,0.980397,24,0.983617,0.979103,0.985788,0.006684,0.981344,0.970582,0.987257,0.967688,0.990102,0.000401,24,0.000565,24,0.90625,24,123.5,24,,0,0.104718,24
29,4,24,False,native,24,0.966991,0.957738,0.971366,0.013628,0.962909,0.939765,0.975634,0.93861,0.978243,24,0.983218,0.978411,0.985475,0.007063,0.981063,0.968947,0.987667,0.968333,0.989002,0.0005,24,0.00053,24,0.921875,24,123.0,24,,0,0.104975,24
29,5,24,False,native,24,0.966404,0.957647,0.971845,0.014197,0.962698,0.939701,0.976056,0.938253,0.976834,24,0.982915,0.978364,0.985721,0.007357,0.980952,0.968913,0.987883,0.968143,0.988281,0.000565,24,0.000542,24,0.917969,24,124.5,24,,0,0.105068,24
29,6,24,False,native,24,0.965564,0.957648,0.97249,0.014842,0.96229,0.940314,0.975102,0.938111,0.976093,24,0.982479,0.978364,0.986053,0.007689,0.980742,0.969239,0.987394,0.968067,0.987902,0.0005,24,0.000944,24,0.929688,24,120.5,24,,0,0.105022,24
29,7,24,False,native,24,0.964757,0.956555,0.972933,0.016378,0.962564,0.939658,0.976493,0.937257,0.97854,24,0.982062,0.977795,0.986281,0.008486,0.980881,0.96889,0.988107,0.967612,0.989154,0.000526,24,0.000469,24,0.912109,24,123.5,24,,0,0.104996,24
29,8,24,False,native,24,0.964613,0.956356,0.973948,0.017592,0.962522,0.939686,0.976723,0.935479,0.979208,24,0.981986,0.977691,0.986802,0.009111,0.980856,0.968905,0.988224,0.966664,0.989495,0.000507,24,0.000921,24,0.935547,24,117.5,24,,0,0.104841,24
29,9,24,False,native,24,0.963954,0.956355,0.974724,0.018369,0.962502,0.940479,0.976768,0.935124,0.979208,24,0.981644,0.977691,0.9872,0.00951,0.980846,0.969326,0.988247,0.966475,0.989495,0.0005,24,0.000504,24,0.939453,24,124.0,24,,0,0.104767,24
29,10,24,False,native,24,0.963696,0.956119,0.976019,0.0199,0.962349,0.939786,0.976841,0.933847,0.978317,24,0.981512,0.977568,0.987864,0.010297,0.980764,0.968959,0.988285,0.965792,0.98904,0.000492,24,0.000492,24,0.9375,24,125.5,24,0.999251,24,0.104688,24
29,11,24,False,native,24,0.96377,0.95592,0.975279,0.019359,0.962483,0.940243,0.977672,0.934059,0.97802,24,0.98155,0.977463,0.987485,0.010022,0.980834,0.969201,0.98871,0.965906,0.988888,0.000504,24,0.000492,24,0.925781,24,125.0,24,,0,0.104611,24
29,12,24,False,native,24,0.964138,0.9569,0.97663,0.01973,0.962848,0.941272,0.977182,0.932925,0.97854,24,0.981739,0.977975,0.988177,0.010202,0.981022,0.969747,0.988459,0.965299,0.989154,0.000496,24,0.000973,24,0.916016,24,119.0,24,,0,0.104502,24
29,13,24,False,native,24,0.965314,0.956809,0.976334,0.019525,0.963229,0.941236,0.978228,0.933138,0.978985,24,0.982346,0.977928,0.988025,0.010097,0.981218,0.969728,0.988994,0.965413,0.989381,0.000477,24,0.000481,24,0.919922,24,127.0,24,,0,0.104346,24
29,14,24,False,native,24,0.965203,0.957226,0.976501,0.019274,0.963221,0.940857,0.978057,0.932642,0.979431,24,0.982289,0.978146,0.988111,0.009965,0.981213,0.969527,0.988907,0.965147,0.989609,0.000952,24,0.000481,24,0.923828,24,127.5,24,,0,0.104227,24
29,15,24,False,native,24,0.965825,0.957935,0.976371,0.018436,0.963359,0.941086,0.977798,0.931297,0.979134,24,0.982611,0.978516,0.988044,0.009529,0.981284,0.969649,0.988774,0.964427,0.989457,0.000957,24,0.000469,24,0.935547,24,125.5,24,,0,0.104047,24
29,16,24,False,native,24,0.964615,0.957953,0.977279,0.019326,0.963901,0.941579,0.978414,0.931863,0.980546,24,0.981986,0.978525,0.988509,0.009984,0.981564,0.96991,0.989089,0.96473,0.990177,0.000933,24,0.000467,24,0.923828,24,127.5,24,,0,0.103836,24
29,17,24,False,native,24,0.964795,0.958808,0.977483,0.018675,0.964175,0.941872,0.978896,0.933067,0.980249,24,0.982081,0.978971,0.988613,0.009642,0.981708,0.970066,0.989336,0.965375,0.990026,0.000927,24,0.000469,24,0.923828,24,126.5,24,,0,0.10358,24
29,18,24,False,native,24,0.965714,0.958863,0.97802,0.019158,0.964768,0.942187,0.979134,0.933989,0.980472,24,0.982555,0.978999,0.988888,0.009889,0.982016,0.970233,0.989457,0.965868,0.99014,0.000923,24,0.000917,24,0.908203,24,112.0,24,,0,0.103436,24
29,19,24,False,native,24,0.966921,0.958462,0.978985,0.020523,0.965248,0.943432,0.98036,0.93413,0.981811,24,0.98318,0.978791,0.989381,0.01059,0.982262,0.970893,0.990083,0.965944,0.990822,0.00046,24,0.000463,24,0.916016,24,124.5,24,,0,0.103113,24
29,20,24,False,native,24,0.966662,0.958571,0.978558,0.019987,0.965065,0.944328,0.980211,0.933776,0.98196,24,0.983048,0.978847,0.989163,0.010316,0.982171,0.971367,0.990007,0.965754,0.990898,0.00046,24,0.000933,24,0.921875,24,125.0,24,0.999337,24,0.102867,24
29,21,24,False,native,24,0.966884,0.958062,0.977928,0.019865,0.96479,0.944901,0.981052,0.933847,0.981365,24,0.983161,0.978582,0.988841,0.010259,0.982027,0.97167,0.990435,0.965792,0.990595,0.0007,24,0.000929,24,0.912109,24,120.5,24,,0,0.10261,24
29,22,24,False,native,24,0.965783,0.957553,0.977853,0.0203,0.964866,0.946502,0.981216,0.934343,0.981886,24,0.982593,0.978317,0.988803,0.010486,0.982068,0.972516,0.990519,0.966057,0.99086,0.000435,24,0.000862,24,0.919922,24,125.5,24,,0,0.102475,24
29,23,24,False,native,24,0.965708,0.957572,0.978058,0.020486,0.965173,0.946488,0.981409,0.935905,0.982705,24,0.982555,0.978326,0.988907,0.010581,0.982228,0.972508,0.990617,0.966892,0.991277,0.000381,24,0.000889,24,0.927734,24,124.0,24,,0,0.102305,24
29,24,24,False,native,24,0.965012,0.957554,0.978503,0.020949,0.965508,0.947955,0.981268,0.935479,0.983526,24,0.982194,0.978317,0.989135,0.010818,0.982401,0.973282,0.990545,0.966664,0.991694,0.000893,24,0.000435,24,0.912109,24,124.0,24,,0,0.102123,24
29,25,24,False,native,24,0.964133,0.958063,0.978057,0.019994,0.965168,0.947084,0.979855,0.937541,0.983227,24,0.981739,0.978582,0.988907,0.010325,0.982228,0.972823,0.989825,0.967764,0.991543,0.000877,24,0.0,24,0.921875,24,128.0,24,,0,0.102013,24
29,26,24,False,native,24,0.964536,0.958172,0.977668,0.019496,0.96539,0.947501,0.980494,0.938538,0.984571,24,0.981948,0.978639,0.988708,0.010069,0.982343,0.973043,0.990151,0.968295,0.992225,0.000853,24,0.000862,24,0.912109,24,126.0,24,,0,0.101937,24
29,27,24,False,native,24,0.961941,0.957554,0.97906,0.021506,0.965442,0.947164,0.981365,0.940607,0.984347,24,0.980601,0.978317,0.989419,0.011102,0.98237,0.972865,0.990595,0.969395,0.992112,0.0,24,0.00082,24,0.914062,24,119.5,24,,0,0.101826,24
29,28,24,False,native,24,0.961686,0.956991,0.979412,0.022422,0.965564,0.947501,0.983324,0.94175,0.985243,24,0.980469,0.978023,0.989599,0.011577,0.98243,0.973043,0.991592,0.970002,0.992567,0.000793,24,0.0,24,0.929688,24,128.5,24,,0,0.101755,24
29,29,24,False,native,24,0.961066,0.956973,0.979115,0.022142,0.965415,0.947336,0.982117,0.941822,0.985094,24,0.980146,0.978013,0.989447,0.011434,0.982352,0.972956,0.990978,0.970039,0.992491,0.00082,24,0.000412,24,0.929688,24,125.5,24,,0,0.101639,24
29,30,24,False,native,24,0.961102,0.955032,0.980509,0.025478,0.965463,0.948185,0.982482,0.941965,0.985168,24,0.980165,0.976999,0.990159,0.01316,0.982376,0.973403,0.991164,0.970115,0.992529,0.000841,24,0.00087,24,0.933594,24,120.0,24,0.999343,24,0.10156,24
29,31,24,False,native,24,0.960811,0.954506,0.980676,0.02617,0.965453,0.947839,0.981841,0.942895,0.984795,24,0.980014,0.976724,0.990244,0.01352,0.982371,0.973221,0.990837,0.970608,0.992339,0.000851,24,0.000402,24,0.929688,24,128.0,24,,0,0.101444,24
29,32,24,False,native,24,0.960191,0.954307,0.979375,0.025068,0.965382,0.948754,0.982758,0.944543,0.985467,24,0.979691,0.976619,0.98958,0.012961,0.982335,0.973703,0.991304,0.971481,0.992681,0.000948,24,0.000834,24,0.945312,24,117.0,24,,0,0.101303,24
29,33,24,False,native,24,0.961944,0.953764,0.979784,0.02602,0.965576,0.949906,0.982258,0.944328,0.985019,24,0.980601,0.976335,0.989789,0.013454,0.982436,0.97431,0.99105,0.971367,0.992453,0.000828,24,0.000797,24,0.927734,24,124.5,24,,0,0.101179,24
29,34,24,False,native,24,0.961508,0.952842,0.980156,0.027314,0.965674,0.950022,0.982653,0.944758,0.98614,24,0.980374,0.975851,0.989978,0.014127,0.982485,0.97437,0.991251,0.971594,0.993022,0.000395,24,0.000895,24,0.939453,24,124.0,24,,0,0.100992,24
29,35,24,False,native,24,0.96239,0.951902,0.979691,0.027789,0.965569,0.949402,0.982236,0.945404,0.985916,24,0.980829,0.975358,0.989741,0.014383,0.98243,0.974044,0.991038,0.971936,0.992908,0.000395,24,0.000834,24,0.921875,24,126.0,24,,0,0.100846,24
29,36,24,False,native,24,0.963198,0.952769,0.979115,0.026346,0.965867,0.950375,0.982385,0.945906,0.986365,24,0.981246,0.975813,0.989447,0.013634,0.982586,0.974556,0.991114,0.972201,0.993136,0.000393,24,0.0,24,0.917969,24,131.0,24,,0,0.100707,24
29,37,24,False,native,24,0.964192,0.95295,0.97984,0.026889,0.966065,0.948797,0.983265,0.946265,0.987188,24,0.981758,0.975908,0.989817,0.013909,0.982686,0.973726,0.991562,0.972391,0.993553,0.000393,24,0.000401,24,0.919922,24,128.5,24,,0,0.100477,24
29,38,24,False,native,24,0.96394,0.952643,0.97893,0.026287,0.965741,0.948747,0.983287,0.947056,0.985019,24,0.981625,0.975747,0.989353,0.013606,0.98252,0.973699,0.991573,0.972808,0.992453,0.0,24,0.0,24,0.921875,24,130.5,24,,0,0.10027,24
29,39,24,False,native,24,0.96445,0.951216,0.979524,0.028308,0.965714,0.948919,0.982728,0.945978,0.985766,24,0.981891,0.974998,0.989656,0.014658,0.982502,0.97379,0.991289,0.972239,0.992832,0.000416,24,0.000402,24,0.921875,24,128.0,24,,0,0.100109,24
29,40,24,False,native,24,0.964232,0.951487,0.980881,0.029394,0.966085,0.949135,0.983571,0.947703,0.985991,24,0.981777,0.97514,0.990348,0.015208,0.982694,0.973904,0.991717,0.973149,0.992946,0.000399,24,0.0,24,0.931641,24,131.0,24,0.999297,24,0.099977,24
29,41,24,False,native,24,0.964046,0.952842,0.979784,0.026942,0.966561,0.949445,0.984205,0.948998,0.986889,24,0.981682,0.975851,0.989789,0.013937,0.982943,0.974067,0.99204,0.973832,0.993401,0.000809,24,0.0,24,0.923828,24,132.5,24,,0,0.099797,24
29,42,24,False,native,24,0.964442,0.95286,0.980119,0.027259,0.966639,0.949524,0.984213,0.948206,0.986589,24,0.981891,0.975861,0.989959,0.014099,0.982984,0.974109,0.992043,0.973415,0.993249,0.000826,24,0.000853,24,0.927734,24,125.0,24,,0,0.099556,24
29,43,24,False,native,24,0.964329,0.952715,0.980528,0.027813,0.966684,0.950823,0.985647,0.947415,0.986365,24,0.981834,0.975785,0.990168,0.014383,0.983007,0.974791,0.992772,0.972998,0.993136,0.001076,24,0.00091,24,0.919922,24,125.5,24,,0,0.099319,24
29,44,24,False,native,24,0.966343,0.953185,0.981049,0.027863,0.966854,0.94897,0.985804,0.947631,0.986365,24,0.982877,0.976032,0.990433,0.014402,0.983092,0.973817,0.992851,0.973111,0.993136,0.001072,24,0.001022,24,0.900391,24,120.5,24,,0,0.099095,24
29,45,24,False,native,24,0.967554,0.951505,0.980751,0.029246,0.966371,0.947573,0.986043,0.945762,0.986739,24,0.983503,0.97515,0.990282,0.015132,0.982836,0.973081,0.992973,0.972125,0.993325,0.000795,24,0.001129,24,0.908203,24,118.0,24,,0,0.098897,24
29,46,24,False,native,24,0.967995,0.951017,0.981681,0.030664,0.966442,0.949157,0.986006,0.944471,0.986814,24,0.98373,0.974894,0.990756,0.015862,0.982871,0.973915,0.992954,0.971443,0.993363,0.001228,24,0.000801,24,0.914062,24,123.5,24,,0,0.098624,24
29,47,24,False,native,24,0.969462,0.951144,0.981476,0.030332,0.966316,0.946244,0.985131,0.943898,0.986514,24,0.984489,0.97496,0.990652,0.015691,0.982804,0.972379,0.99251,0.971139,0.993211,0.001144,24,0.001205,24,0.904297,24,114.0,24,,0,0.098322,24
29,48,24,False,native,24,0.969612,0.954165,0.98023,0.026066,0.966707,0.947192,0.984026,0.943754,0.985318,24,0.984565,0.976544,0.990016,0.013473,0.983014,0.97288,0.991949,0.971063,0.992605,0.000957,24,0.001129,24,0.890625,24,113.0,24,,0,0.097893,24
29,49,24,False,native,24,0.969458,0.954818,0.980565,0.025747,0.96611,0.942824,0.981849,0.941536,0.984795,24,0.984489,0.976885,0.990187,0.013302,0.982703,0.97057,0.990841,0.969888,0.992339,0.001179,24,0.001205,24,0.898438,24,108.5,24,,0,0.097244,24
