arm,layer,sparsity,arm_label,ladder_position,representation,native_or_simulated,n_cells,jaccard_median,jaccard_iqr,jaccard_p05,recall_median,spearman_rho_median,frac_decisions_changed_median,frac_query_blocks_changed_median,swaps_per_query_block_median,jaccard_pooling_only_median,jaccard_vs_study1_arm_median,deployed_score_ties_median,deployed_score_ties_max,exact_ties_fp64_total,reference_margin_norm_fp64_median,changed_pair_gap_fp64_median,rel_l2_median,cosine_median,sparsification_error_median,wrong_mask_excess_median,wrong_mask_excess_iqr,wrong_mask_excess_p90,abs_wrong_mask_over_sparsification_median,abs_wrong_mask_over_sparsification_p90,frac_cells_arm_worse_than_reference,random_matched_excess_median,isolation_ratio_median_of_medians,isolation_ratio_abs,frac_cells_random_worse_than_arm,pool_semantics,score_semantics
R0,0,0.9,"repr=bf16, pool=fp64/native, score=fp64/native",fp64,bf16,native,144,1.0,0.0,1.0,1.0,1.0,0.0,0.0,0.0,1.0,0.9488343180223907,0.0,0,0,0.0015845494933197323,,0.10181652009487152,0.9950689673423767,0.10181652009487152,0.0,0.0,0.0,0.0,0.0,0.0,,,,,pool=fp64_values_torch_sum_acc_fp64,score=fp64_values_torch_matmul_acc_fp64
R0,1,0.9,"repr=bf16, pool=fp64/native, score=fp64/native",fp64,bf16,native,144,1.0,0.0,1.0,1.0,1.0,0.0,0.0,0.0,1.0,0.9595201295355855,0.0,0,0,0.0014621617224944705,,0.08528706803917885,0.9971911609172821,0.08528706803917885,0.0,0.0,0.0,0.0,0.0,0.0,,,,,pool=fp64_values_torch_sum_acc_fp64,score=fp64_values_torch_matmul_acc_fp64
R0,10,0.9,"repr=bf16, pool=fp64/native, score=fp64/native",fp64,bf16,native,144,1.0,0.0,1.0,1.0,1.0,0.0,0.0,0.0,1.0,0.9797003410641714,0.0,0,0,0.0017174002653127815,,0.22519441694021225,0.9790764451026917,0.22519441694021225,0.0,0.0,0.0,0.0,0.0,0.0,,,,,pool=fp64_values_torch_sum_acc_fp64,score=fp64_values_torch_matmul_acc_fp64
R0,11,0.9,"repr=bf16, pool=fp64/native, score=fp64/native",fp64,bf16,native,144,1.0,0.0,1.0,1.0,1.0,0.0,0.0,0.0,1.0,0.9791116920111225,0.0,0,0,0.0018420240063344194,,0.16614870727062225,0.9881086051464081,0.16614870727062225,0.0,0.0,0.0,0.0,0.0,0.0,,,,,pool=fp64_values_torch_sum_acc_fp64,score=fp64_values_torch_matmul_acc_fp64
R0,12,0.9,"repr=bf16, pool=fp64/native, score=fp64/native",fp64,bf16,native,144,1.0,0.0,1.0,1.0,1.0,0.0,0.0,0.0,1.0,0.9750009299823446,0.0,0,0,0.0017939289491288321,,0.1339883729815483,0.9921842813491821,0.1339883729815483,0.0,0.0,0.0,0.0,0.0,0.0,,,,,pool=fp64_values_torch_sum_acc_fp64,score=fp64_values_torch_matmul_acc_fp64
R0,13,0.9,"repr=bf16, pool=fp64/native, score=fp64/native",fp64,bf16,native,144,1.0,0.0,1.0,1.0,1.0,0.0,0.0,0.0,1.0,0.9790381327584925,0.0,0,0,0.0017646420694665639,,0.17700379341840744,0.9863202273845673,0.17700379341840744,0.0,0.0,0.0,0.0,0.0,0.0,,,,,pool=fp64_values_torch_sum_acc_fp64,score=fp64_values_torch_matmul_acc_fp64
R0,14,0.9,"repr=bf16, pool=fp64/native, score=fp64/native",fp64,bf16,native,144,1.0,0.0,1.0,1.0,1.0,0.0,0.0,0.0,1.0,0.9766872076620388,0.0,0,0,0.001631054214635811,,0.20659282058477402,0.9839386641979218,0.20659282058477402,0.0,0.0,0.0,0.0,0.0,0.0,,,,,pool=fp64_values_torch_sum_acc_fp64,score=fp64_values_torch_matmul_acc_fp64
R0,15,0.9,"repr=bf16, pool=fp64/native, score=fp64/native",fp64,bf16,native,144,1.0,0.0,1.0,1.0,1.0,0.0,0.0,0.0,1.0,0.9739027392011493,0.0,0,0,0.0016562620474651403,,0.23342520743608475,0.9777235686779022,0.23342520743608475,0.0,0.0,0.0,0.0,0.0,0.0,,,,,pool=fp64_values_torch_sum_acc_fp64,score=fp64_values_torch_matmul_acc_fp64
R0,16,0.9,"repr=bf16, pool=fp64/native, score=fp64/native",fp64,bf16,native,144,1.0,0.0,1.0,1.0,1.0,0.0,0.0,0.0,1.0,0.9737563940988954,0.0,0,0,0.0016627490551838423,,0.16769471764564514,0.987874835729599,0.16769471764564514,0.0,0.0,0.0,0.0,0.0,0.0,,,,,pool=fp64_values_torch_sum_acc_fp64,score=fp64_values_torch_matmul_acc_fp64
R0,17,0.9,"repr=bf16, pool=fp64/native, score=fp64/native",fp64,bf16,native,144,1.0,0.0,1.0,1.0,1.0,0.0,0.0,0.0,1.0,0.9769807678027772,0.0,0,0,0.0018375250511544735,,0.09434860572218895,0.9964774250984192,0.09434860572218895,0.0,0.0,0.0,0.0,0.0,0.0,,,,,pool=fp64_values_torch_sum_acc_fp64,score=fp64_values_torch_matmul_acc_fp64
R0,18,0.9,"repr=bf16, pool=fp64/native, score=fp64/native",fp64,bf16,native,144,1.0,0.0,1.0,1.0,1.0,0.0,0.0,0.0,1.0,0.9755871358771746,0.0,0,0,0.0019240415058883885,,0.31923356652259827,0.9614248871803284,0.31923356652259827,0.0,0.0,0.0,0.0,0.0,0.0,,,,,pool=fp64_values_torch_sum_acc_fp64,score=fp64_values_torch_matmul_acc_fp64
R0,19,0.9,"repr=bf16, pool=fp64/native, score=fp64/native",fp64,bf16,native,144,1.0,0.0,1.0,1.0,1.0,0.0,0.0,0.0,1.0,0.9771275805732957,0.0,0,0,0.0017894356227208205,,0.15037209540605545,0.9924807846546173,0.15037209540605545,0.0,0.0,0.0,0.0,0.0,0.0,,,,,pool=fp64_values_torch_sum_acc_fp64,score=fp64_values_torch_matmul_acc_fp64
R0,2,0.9,"repr=bf16, pool=fp64/native, score=fp64/native",fp64,bf16,native,144,1.0,0.0,1.0,1.0,1.0,0.0,0.0,0.0,1.0,0.9653059825107515,0.0,0,0,0.001511628849490534,,0.09361639991402626,0.9961626529693604,0.09361639991402626,0.0,0.0,0.0,0.0,0.0,0.0,,,,,pool=fp64_values_torch_sum_acc_fp64,score=fp64_values_torch_matmul_acc_fp64
R0,20,0.9,"repr=bf16, pool=fp64/native, score=fp64/native",fp64,bf16,native,144,1.0,0.0,1.0,1.0,1.0,0.0,0.0,0.0,1.0,0.9668304456041943,0.0,0,0,0.0017665611843413033,,0.06276556476950645,0.9982771873474121,0.06276556476950645,0.0,0.0,0.0,0.0,0.0,0.0,,,,,pool=fp64_values_torch_sum_acc_fp64,score=fp64_values_torch_matmul_acc_fp64
R0,21,0.9,"repr=bf16, pool=fp64/native, score=fp64/native",fp64,bf16,native,144,1.0,0.0,1.0,1.0,1.0,0.0,0.0,0.0,1.0,0.9725865115321921,0.0,0,0,0.001788848840842198,,0.10695641115307808,0.9951632022857666,0.10695641115307808,0.0,0.0,0.0,0.0,0.0,0.0,,,,,pool=fp64_values_torch_sum_acc_fp64,score=fp64_values_torch_matmul_acc_fp64
R0,22,0.9,"repr=bf16, pool=fp64/native, score=fp64/native",fp64,bf16,native,144,1.0,0.0,1.0,1.0,1.0,0.0,0.0,0.0,1.0,0.9771275805732957,0.0,0,0,0.001947465792261445,,0.26304690539836884,0.9711042046546936,0.26304690539836884,0.0,0.0,0.0,0.0,0.0,0.0,,,,,pool=fp64_values_torch_sum_acc_fp64,score=fp64_values_torch_matmul_acc_fp64
R0,23,0.9,"repr=bf16, pool=fp64/native, score=fp64/native",fp64,bf16,native,144,1.0,0.0,1.0,1.0,1.0,0.0,0.0,0.0,1.0,0.9733175214942188,0.0,0,0,0.0017077393594301517,,0.1957385465502739,0.9825698435306549,0.1957385465502739,0.0,0.0,0.0,0.0,0.0,0.0,,,,,pool=fp64_values_torch_sum_acc_fp64,score=fp64_values_torch_matmul_acc_fp64
R0,24,0.9,"repr=bf16, pool=fp64/native, score=fp64/native",fp64,bf16,native,144,1.0,0.0,1.0,1.0,1.0,0.0,0.0,0.0,1.0,0.9803629872061886,0.0,0,0,0.0021475877848179696,,0.24836669862270355,0.9806753993034363,0.24836669862270355,0.0,0.0,0.0,0.0,0.0,0.0,,,,,pool=fp64_values_torch_sum_acc_fp64,score=fp64_values_torch_matmul_acc_fp64
R0,25,0.9,"repr=bf16, pool=fp64/native, score=fp64/native",fp64,bf16,native,144,1.0,0.0,1.0,1.0,1.0,0.0,0.0,0.0,1.0,0.972659581116601,0.0,0,0,0.0014645521781915935,,0.1193726547062397,0.9936130344867706,0.1193726547062397,0.0,0.0,0.0,0.0,0.0,0.0,,,,,pool=fp64_values_torch_sum_acc_fp64,score=fp64_values_torch_matmul_acc_fp64
R0,26,0.9,"repr=bf16, pool=fp64/native, score=fp64/native",fp64,bf16,native,144,1.0,0.0,1.0,1.0,1.0,0.0,0.0,0.0,1.0,0.9715639918541557,0.0,0,0,0.0017387365062641186,,0.05248250439763069,0.9986871778964996,0.05248250439763069,0.0,0.0,0.0,0.0,0.0,0.0,,,,,pool=fp64_values_torch_sum_acc_fp64,score=fp64_values_torch_matmul_acc_fp64
R0,27,0.9,"repr=bf16, pool=fp64/native, score=fp64/native",fp64,bf16,native,144,1.0,0.0,1.0,1.0,1.0,0.0,0.0,0.0,1.0,0.9636390696508547,0.0,0,0,0.0017355860370812668,,0.03238777071237564,0.9995347559452057,0.03238777071237564,0.0,0.0,0.0,0.0,0.0,0.0,,,,,pool=fp64_values_torch_sum_acc_fp64,score=fp64_values_torch_matmul_acc_fp64
R0,28,0.9,"repr=bf16, pool=fp64/native, score=fp64/native",fp64,bf16,native,144,1.0,0.0,1.0,1.0,1.0,0.0,0.0,0.0,1.0,0.9392526768155001,0.0,0,0,0.0014355490645908075,,0.06457894295454025,0.998043566942215,0.06457894295454025,0.0,0.0,0.0,0.0,0.0,0.0,,,,,pool=fp64_values_torch_sum_acc_fp64,score=fp64_values_torch_matmul_acc_fp64
R0,29,0.9,"repr=bf16, pool=fp64/native, score=fp64/native",fp64,bf16,native,144,1.0,0.0,1.0,1.0,1.0,0.0,0.0,0.0,1.0,0.9533382245047689,0.0,0,0,0.0015924839017478092,,0.06058032438158989,0.9983710646629333,0.06058032438158989,0.0,0.0,0.0,0.0,0.0,0.0,,,,,pool=fp64_values_torch_sum_acc_fp64,score=fp64_values_torch_matmul_acc_fp64
R0,3,0.9,"repr=bf16, pool=fp64/native, score=fp64/native",fp64,bf16,native,144,1.0,0.0,1.0,1.0,1.0,0.0,0.0,0.0,1.0,0.9733175214942188,0.0,0,0,0.0014567122377988516,,0.18105003237724304,0.987170547246933,0.18105003237724304,0.0,0.0,0.0,0.0,0.0,0.0,,,,,pool=fp64_values_torch_sum_acc_fp64,score=fp64_values_torch_matmul_acc_fp64
R0,4,0.9,"repr=bf16, pool=fp64/native, score=fp64/native",fp64,bf16,native,144,1.0,0.0,1.0,1.0,1.0,0.0,0.0,0.0,1.0,0.9759536885854238,0.0,0,0,0.001614402604234,,0.13836897909641266,0.992186963558197,0.13836897909641266,0.0,0.0,0.0,0.0,0.0,0.0,,,,,pool=fp64_values_torch_sum_acc_fp64,score=fp64_values_torch_matmul_acc_fp64
R0,5,0.9,"repr=bf16, pool=fp64/native, score=fp64/native",fp64,bf16,native,144,1.0,0.0,1.0,1.0,1.0,0.0,0.0,0.0,1.0,0.9684300267977634,0.0,0,0,0.0016829995339602121,,0.0838133804500103,0.9969726204872131,0.0838133804500103,0.0,0.0,0.0,0.0,0.0,0.0,,,,,pool=fp64_values_torch_sum_acc_fp64,score=fp64_values_torch_matmul_acc_fp64
R0,6,0.9,"repr=bf16, pool=fp64/native, score=fp64/native",fp64,bf16,native,144,1.0,0.0,1.0,1.0,1.0,0.0,0.0,0.0,1.0,0.9792588214537483,0.0,0,0,0.0015256340605509146,,0.2393656000494957,0.9770519137382507,0.2393656000494957,0.0,0.0,0.0,0.0,0.0,0.0,,,,,pool=fp64_values_torch_sum_acc_fp64,score=fp64_values_torch_matmul_acc_fp64
R0,7,0.9,"repr=bf16, pool=fp64/native, score=fp64/native",fp64,bf16,native,144,1.0,0.0,1.0,1.0,1.0,0.0,0.0,0.0,1.0,0.9774947106413303,0.0,0,0,0.0016920336225688293,,0.15891379863023758,0.9899204969406128,0.15891379863023758,0.0,0.0,0.0,0.0,0.0,0.0,,,,,pool=fp64_values_torch_sum_acc_fp64,score=fp64_values_torch_matmul_acc_fp64
R0,8,0.9,"repr=bf16, pool=fp64/native, score=fp64/native",fp64,bf16,native,144,1.0,0.0,1.0,1.0,1.0,0.0,0.0,0.0,1.0,0.9730250590051126,0.0,0,0,0.001601046764294153,,0.11539429426193237,0.9947774112224579,0.11539429426193237,0.0,0.0,0.0,0.0,0.0,0.0,,,,,pool=fp64_values_torch_sum_acc_fp64,score=fp64_values_torch_matmul_acc_fp64
R0,9,0.9,"repr=bf16, pool=fp64/native, score=fp64/native",fp64,bf16,native,144,1.0,0.0,1.0,1.0,1.0,0.0,0.0,0.0,1.0,0.9796267380474385,0.0,0,0,0.0018502076505641121,,0.20188315957784653,0.983690083026886,0.20188315957784653,0.0,0.0,0.0,0.0,0.0,0.0,,,,,pool=fp64_values_torch_sum_acc_fp64,score=fp64_values_torch_matmul_acc_fp64
R1,0,0.9,"repr=nvfp4, pool=fp64/native, score=fp64/native",fp64,nvfp4,native,144,0.9488343180223907,0.026845303975529866,0.9073209964258794,0.9737454927884616,0.9997168762170011,0.00533294677734375,0.84375,1.365234375,0.9488343180223907,,0.0,0,0,0.0015845494933197323,0.006703730732522303,0.10200007259845734,0.9950771629810333,0.10181652009487152,-6.423518061637878e-05,0.001078159548342228,0.0011298987083137035,0.0038420087445657034,0.036547850475326195,0.4027777777777778,0.0003174394369125366,-4.9418314678420225,4.9418314678420225,0.5277777777777778,pool=fp64_values_torch_sum_acc_fp64,score=fp64_values_torch_matmul_acc_fp64
R1,1,0.9,"repr=nvfp4, pool=fp64/native, score=fp64/native",fp64,nvfp4,native,144,0.9595201295355855,0.01991583853467238,0.9296179510496317,0.9793419471153846,0.9996648146208196,0.0041961669921875,0.748046875,1.07421875,0.9595201295355855,,0.0,0,0,0.0014621617224944705,0.0044935362433981205,0.08567993342876434,0.9972984194755554,0.08528706803917885,8.913688361644745e-06,0.0006675663171336055,0.001658020168542862,0.005305555202850346,0.0390222620663381,0.5069444444444444,0.008894604630768299,997.8590533904503,997.8590533904503,0.7916666666666666,pool=fp64_values_torch_sum_acc_fp64,score=fp64_values_torch_matmul_acc_fp64
R1,10,0.9,"repr=nvfp4, pool=fp64/native, score=fp64/native",fp64,nvfp4,native,144,0.9797003410641714,0.012083731467834258,0.9587992937021778,0.98974609375,0.9997685181925543,0.00208282470703125,0.48046875,0.533203125,0.9797003410641714,,0.0,0,0,0.0017174002653127815,0.002495798488556921,0.2250228077173233,0.9791260063648224,0.22519441694021225,-1.566857099533081e-05,0.000416511669754982,0.0003476843237876892,0.0008974191894138934,0.002726027210927002,0.4861111111111111,0.00013509392738342285,-8.621968616262482,8.621968616262482,0.5138888888888888,pool=fp64_values_torch_sum_acc_fp64,score=fp64_values_torch_matmul_acc_fp64
R1,11,0.9,"repr=nvfp4, pool=fp64/native, score=fp64/native",fp64,nvfp4,native,144,0.9791116920111225,0.009336879143222121,0.9632626162116399,0.9894456129807693,0.999804071392842,0.00214385986328125,0.49609375,0.548828125,0.9791116920111225,,0.0,0,0,0.0018420240063344194,0.002539687352876167,0.16619302332401276,0.9881052374839783,0.16614870727062225,2.5257468223571777e-05,0.0003160722553730011,0.0004589065909385681,0.0010588592103592106,0.0030916371286154798,0.5277777777777778,0.00023795291781425476,9.421091445427729,9.421091445427729,0.5972222222222222,pool=fp64_values_torch_sum_acc_fp64,score=fp64_values_torch_matmul_acc_fp64
R1,12,0.9,"repr=nvfp4, pool=fp64/native, score=fp64/native",fp64,nvfp4,native,144,0.9750009299823446,0.014282596544858195,0.953116128718898,0.9873422475961539,0.9998321870226767,0.00257110595703125,0.564453125,0.658203125,0.9750009299823446,,0.0,0,0,0.0017939289491288321,0.002981219165538519,0.13418613374233246,0.9921765923500061,0.1339883729815483,1.8194317817687988e-05,0.0002684071660041809,0.0003644227981567383,0.001093929755210154,0.005297799698765369,0.5833333333333334,0.0009157322347164154,50.33067158067158,50.33067158067158,0.6041666666666666,pool=fp64_values_torch_sum_acc_fp64,score=fp64_values_torch_matmul_acc_fp64
R1,13,0.9,"repr=nvfp4, pool=fp64/native, score=fp64/native",fp64,nvfp4,native,144,0.9790381327584925,0.014680837366197741,0.9597292833601602,0.9894080528846154,0.9997024533513458,0.0021514892578125,0.48828125,0.55078125,0.9790381327584925,,0.0,0,0,0.0017646420694665639,0.0025609893383932996,0.17703211307525635,0.9863114356994629,0.17700379341840744,-4.842877388000488e-06,0.00025685690343379974,0.0002725079655647278,0.0007995259178840321,0.0021506320141732468,0.4791666666666667,-6.079673767089844e-06,1.2553846153846153,1.2553846153846153,0.4930555555555556,pool=fp64_values_torch_sum_acc_fp64,score=fp64_values_torch_matmul_acc_fp64
R1,14,0.9,"repr=nvfp4, pool=fp64/native, score=fp64/native",fp64,nvfp4,native,144,0.9766872076620388,0.008061277939395595,0.9631539958381262,0.9882061298076923,0.9998105284515066,0.0023956298828125,0.53515625,0.61328125,0.9766872076620388,,0.0,0,0,0.001631054214635811,0.0026788959598565846,0.20659168809652328,0.983988881111145,0.20659282058477402,1.4341436326503754e-05,0.0003563538193702698,0.00039259642362594606,0.0009397610942161749,0.0033574939333166362,0.5208333333333334,0.00025779008865356445,17.97519319436327,17.97519319436327,0.5555555555555556,pool=fp64_values_torch_sum_acc_fp64,score=fp64_values_torch_matmul_acc_fp64
R1,15,0.9,"repr=nvfp4, pool=fp64/native, score=fp64/native",fp64,nvfp4,native,144,0.9739027392011493,0.013712641145666504,0.9553681935620014,0.9867788461538461,0.9997938134758361,0.002685546875,0.580078125,0.6875,0.9739027392011493,,0.0,0,0,0.0016562620474651403,0.0030386754782330753,0.23342498391866684,0.9777572751045227,0.23342520743608475,4.8883259296417236e-05,0.0004412606358528137,0.0008392632007598877,0.0008609243053704503,0.003548580048845124,0.5902777777777778,-0.00024563074111938477,-5.024843773814967,5.024843773814967,0.3819444444444444,pool=fp64_values_torch_sum_acc_fp64,score=fp64_values_torch_matmul_acc_fp64
R1,16,0.9,"repr=nvfp4, pool=fp64/native, score=fp64/native",fp64,nvfp4,native,144,0.9737563940988954,0.013375851298304209,0.9546934716075212,0.9867037259615384,0.9997540609260402,0.0027008056640625,0.58203125,0.69140625,0.9737563940988954,,0.0,0,0,0.0016627490551838423,0.003101508595695991,0.16778424382209778,0.9878918528556824,0.16769471764564514,1.3709068298339844e-06,0.0003041960299015045,0.00047767311334609983,0.0010187890635220754,0.003636845148666824,0.5,0.0004468783736228943,325.9728260869565,325.9728260869565,0.5555555555555556,pool=fp64_values_torch_sum_acc_fp64,score=fp64_values_torch_matmul_acc_fp64
R1,17,0.9,"repr=nvfp4, pool=fp64/native, score=fp64/native",fp64,nvfp4,native,144,0.9769807678027772,0.011899699138998132,0.9553538972683852,0.9883563701923077,0.9997910841082042,0.0023651123046875,0.53515625,0.60546875,0.9769807678027772,,0.0,0,0,0.0018375250511544735,0.002875672816656204,0.09430308640003204,0.996506929397583,0.09434860572218895,3.79243865609169e-05,0.00033366959542036057,0.000565638393163681,0.0015397175653838573,0.010571285358571408,0.5763888888888888,0.0015825927257537842,41.730212912256576,41.730212912256576,0.7777777777777778,pool=fp64_values_torch_sum_acc_fp64,score=fp64_values_torch_matmul_acc_fp64
R1,18,0.9,"repr=nvfp4, pool=fp64/native, score=fp64/native",fp64,nvfp4,native,144,0.9755871358771746,0.01714557308079523,0.954887411669108,0.9876427283653846,0.9995414073896638,0.00251007080078125,0.55859375,0.642578125,0.9755871358771746,,0.0,0,0,0.0019240415058883885,0.0031451125665953477,0.3192116320133209,0.9611279666423798,0.31923356652259827,5.723536014556885e-05,0.0017217285931110382,0.0023274660110473634,0.0023801272876864234,0.00845410637264561,0.5208333333333334,0.000921107828617096,16.09333506899245,16.09333506899245,0.6736111111111112,pool=fp64_values_torch_sum_acc_fp64,score=fp64_values_torch_matmul_acc_fp64
R1,19,0.9,"repr=nvfp4, pool=fp64/native, score=fp64/native",fp64,nvfp4,native,144,0.9771275805732957,0.013800039982787227,0.9537397729473188,0.9884314903846154,0.9995959631354222,0.002349853515625,0.533203125,0.6015625,0.9771275805732957,,0.0,0,0,0.0017894356227208205,0.0026905863961679236,0.1501634269952774,0.9925218820571899,0.15037209540605545,5.0202012062072754e-05,0.0004348456859588623,0.0006375543773174286,0.0017143426367768953,0.00872020504917092,0.5694444444444444,0.0008204840123653412,16.343647966755714,16.343647966755714,0.6805555555555556,pool=fp64_values_torch_sum_acc_fp64,score=fp64_values_torch_matmul_acc_fp64
R1,2,0.9,"repr=nvfp4, pool=fp64/native, score=fp64/native",fp64,nvfp4,native,144,0.9653059825107515,0.022378015667364193,0.9342230540202665,0.9823467548076923,0.9998037451958659,0.0035858154296875,0.697265625,0.91796875,0.9653059825107515,,0.0,0,0,0.001511628849490534,0.003936556024727833,0.09449021145701408,0.9961673021316528,0.09361639991402626,0.00015484727919101715,0.0012989602982997894,0.0033630192279815673,0.00461742442752939,0.022112060560898306,0.6805555555555556,0.003862489014863968,24.943861041944835,24.943861041944835,0.6805555555555556,pool=fp64_values_torch_sum_acc_fp64,score=fp64_values_torch_matmul_acc_fp64
R1,20,0.9,"repr=nvfp4, pool=fp64/native, score=fp64/native",fp64,nvfp4,native,144,0.9668304456041943,0.02740641345344852,0.9352071982777442,0.9831355168269231,0.999716246174876,0.00342559814453125,0.6875,0.876953125,0.9668304456041943,,0.0,0,0,0.0017665611843413033,0.004188180029146735,0.06309779733419418,0.9982670843601227,0.06276556476950645,5.409214645624161e-05,0.0002690134570002556,0.0005140163004398346,0.002056826020897429,0.03734097853949132,0.5972222222222222,0.006186390295624733,114.36762452437114,114.36762452437114,0.9305555555555556,pool=fp64_values_torch_sum_acc_fp64,score=fp64_values_torch_matmul_acc_fp64
R1,21,0.9,"repr=nvfp4, pool=fp64/native, score=fp64/native",fp64,nvfp4,native,144,0.9725865115321921,0.02149692880472942,0.9412393690533862,0.9861027644230769,0.999528808468021,0.0028228759765625,0.58984375,0.72265625,0.9725865115321921,,0.0,0,0,0.001788848840842198,0.0035150552445328935,0.10705877467989922,0.9951399266719818,0.10695641115307808,0.00011494755744934082,0.0005458497907966375,0.0008019537664949894,0.0028901428847838122,0.0232726569099298,0.5972222222222222,0.004511389881372452,39.247374902774176,39.247374902774176,0.8402777777777778,pool=fp64_values_torch_sum_acc_fp64,score=fp64_values_torch_matmul_acc_fp64
R1,22,0.9,"repr=nvfp4, pool=fp64/native, score=fp64/native",fp64,nvfp4,native,144,0.9771275805732957,0.016937988887171462,0.9392956890930542,0.9884314903846154,0.999743880192687,0.002349853515625,0.52734375,0.6015625,0.9771275805732957,,0.0,0,0,0.001947465792261445,0.0031102881329068076,0.2631903886795044,0.971127837896347,0.26304690539836884,-1.689046621322632e-05,0.0005342923104763031,0.0006582513451576233,0.0011287191227676348,0.0040086336564044405,0.4791666666666667,0.00030481070280075073,-18.046316718129688,18.046316718129688,0.5625,pool=fp64_values_torch_sum_acc_fp64,score=fp64_values_torch_matmul_acc_fp64
R1,23,0.9,"repr=nvfp4, pool=fp64/native, score=fp64/native",fp64,nvfp4,native,144,0.9733175214942188,0.01807271693610224,0.9430105732570183,0.9864783653846154,0.9997698152970182,0.00274658203125,0.595703125,0.703125,0.9733175214942188,,0.0,0,0,0.0017077393594301517,0.003239976448459383,0.19545050710439682,0.9826380908489227,0.1957385465502739,6.288290023803711e-05,0.0007632635533809662,0.0013692580163478852,0.0019159080741257373,0.007822687171526404,0.5486111111111112,0.0005490444600582123,8.731220379146919,8.731220379146919,0.5902777777777778,pool=fp64_values_torch_sum_acc_fp64,score=fp64_values_torch_matmul_acc_fp64
R1,24,0.9,"repr=nvfp4, pool=fp64/native, score=fp64/native",fp64,nvfp4,native,144,0.9803629872061886,0.01289600254625034,0.9589650403307084,0.9900841346153846,0.9996502777259215,0.00201416015625,0.46875,0.515625,0.9803629872061886,,0.0,0,0,0.0021475877848179696,0.0028632269678228813,0.24805843085050583,0.9806366562843323,0.24836669862270355,9.735673666000366e-05,0.0006711147725582123,0.0015687907114624977,0.0012852865521228783,0.006372268989514464,0.5902777777777778,0.0015164539217948914,15.576260809673222,15.576260809673222,0.7013888888888888,pool=fp64_values_torch_sum_acc_fp64,score=fp64_values_torch_matmul_acc_fp64
R1,25,0.9,"repr=nvfp4, pool=fp64/native, score=fp64/native",fp64,nvfp4,native,144,0.972659581116601,0.022323481726607253,0.8708010985297406,0.9861403245192307,0.9997652132653758,0.00281524658203125,0.591796875,0.720703125,0.972659581116601,,0.0,0,0,0.0014645521781915935,0.0029847203472103787,0.11909152194857597,0.9936003386974335,0.1193726547062397,2.745911478996277e-05,0.0004227813333272934,0.0005818814039230347,0.0014702653556723927,0.005127334688245899,0.5694444444444444,0.0006562080234289169,23.8976393976394,23.8976393976394,0.6666666666666666,pool=fp64_values_torch_sum_acc_fp64,score=fp64_values_torch_matmul_acc_fp64
R1,26,0.9,"repr=nvfp4, pool=fp64/native, score=fp64/native",fp64,nvfp4,native,144,0.9715639918541557,0.016273537515523406,0.936438846619436,0.9855769230769231,0.9997273557314175,0.0029296875,0.6171875,0.75,0.9715639918541557,,0.0,0,0,0.0017387365062641186,0.003521193510459015,0.05254640057682991,0.9986890256404877,0.05248250439763069,5.577225238084793e-05,0.0002151215448975563,0.0002867799252271652,0.0019292902188446852,0.008616809678139239,0.625,0.0008564144372940063,15.355564832595809,15.355564832595809,0.75,pool=fp64_values_torch_sum_acc_fp64,score=fp64_values_torch_matmul_acc_fp64
R1,27,0.9,"repr=nvfp4, pool=fp64/native, score=fp64/native",fp64,nvfp4,native,144,0.9636390696508547,0.027144073583605488,0.929380252244302,0.9814828725961539,0.9997615262616533,0.00376129150390625,0.740234375,0.962890625,0.9636390696508547,,0.0,0,0,0.0017355860370812668,0.004956703712772714,0.032425884157419205,0.9995343685150146,0.03238777071237564,4.0481798350811005e-05,0.00040534883737564087,0.0007541656494140625,0.0034362364860841955,0.03412220308927742,0.5694444444444444,0.0029859566129744053,73.76047346262682,73.76047346262682,0.8055555555555556,pool=fp64_values_torch_sum_acc_fp64,score=fp64_values_torch_matmul_acc_fp64
R1,28,0.9,"repr=nvfp4, pool=fp64/native, score=fp64/native",fp64,nvfp4,native,144,0.9392526768155001,0.03870344104485535,0.8581992424918228,0.9686748798076923,0.996650997812382,0.0063629150390625,0.87890625,1.62890625,0.9392526768155001,,0.0,0,0,0.0014355490645908075,0.0069178244014750905,0.06398095935583115,0.9980400204658508,0.06457894295454025,1.9926810637116432e-06,0.0004894528537988663,0.0009511057287454605,0.004756911830540897,0.0628336269136143,0.5069444444444444,0.0055144671350717545,2767.3606356254018,2767.3606356254018,0.7986111111111112,pool=fp64_values_torch_sum_acc_fp64,score=fp64_values_torch_matmul_acc_fp64
R1,29,0.9,"repr=nvfp4, pool=fp64/native, score=fp64/native",fp64,nvfp4,native,144,0.9533382245047689,0.039625158640072544,0.9097077968853562,0.9761117788461539,0.9987297996271023,0.004852294921875,0.818359375,1.2421875,0.9533382245047689,,0.0,0,0,0.0015924839017478092,0.006352309364595424,0.060430094599723816,0.9983779489994049,0.06058032438158989,6.834371015429497e-05,0.00045022787526249886,0.0008218206465244293,0.0027977823801578,0.04711757567657644,0.5902777777777778,0.0029633454978466034,43.359447287196716,43.359447287196716,0.6666666666666666,pool=fp64_values_torch_sum_acc_fp64,score=fp64_values_torch_matmul_acc_fp64
R1,3,0.9,"repr=nvfp4, pool=fp64/native, score=fp64/native",fp64,nvfp4,native,144,0.9733175214942188,0.015442134766230353,0.9413818174956429,0.9864783653846154,0.9997218784860468,0.00274658203125,0.58203125,0.703125,0.9733175214942188,,0.0,0,0,0.0014567122377988516,0.0029248619203967987,0.18091744929552078,0.9871638715267181,0.18105003237724304,1.2896955013275146e-05,0.00046934932470321655,0.0009423770010471344,0.001506081825140537,0.019369931113848056,0.5208333333333334,0.000736631453037262,57.11669555170422,57.11669555170422,0.6458333333333334,pool=fp64_values_torch_sum_acc_fp64,score=fp64_values_torch_matmul_acc_fp64
R1,4,0.9,"repr=nvfp4, pool=fp64/native, score=fp64/native",fp64,nvfp4,native,144,0.9759536885854238,0.010378397077658419,0.9463416378436429,0.9878305288461539,0.9997373426325205,0.002471923828125,0.541015625,0.6328125,0.9759536885854238,,0.0,0,0,0.001614402604234,0.002690553301927655,0.13849390298128128,0.9921970367431641,0.13836897909641266,-6.455928087234497e-06,0.00030973926186561584,0.00039007961750030516,0.0011754355923122822,0.006416700767568164,0.4861111111111111,0.0005517173558473587,-85.45903058280439,85.45903058280439,0.6041666666666666,pool=fp64_values_torch_sum_acc_fp64,score=fp64_values_torch_matmul_acc_fp64
R1,5,0.9,"repr=nvfp4, pool=fp64/native, score=fp64/native",fp64,nvfp4,native,144,0.9684300267977634,0.013964282013323115,0.944173682578111,0.9839618389423077,0.999490834460089,0.00325775146484375,0.650390625,0.833984375,0.9684300267977634,,0.0,0,0,0.0016829995339602121,0.00391020198785175,0.08386468142271042,0.9969742298126221,0.0838133804500103,1.2870877981185913e-05,0.00033128028735518456,0.00044408738613128663,0.0014705513675488955,0.02242638735549734,0.5277777777777778,0.007314577698707581,568.304486251809,568.304486251809,0.7638888888888888,pool=fp64_values_torch_sum_acc_fp64,score=fp64_values_torch_matmul_acc_fp64
R1,6,0.9,"repr=nvfp4, pool=fp64/native, score=fp64/native",fp64,nvfp4,native,144,0.9792588214537483,0.011598308643220645,0.9553323388744012,0.9895207331730769,0.9998719376516125,0.00212860107421875,0.48828125,0.544921875,0.9792588214537483,,0.0,0,0,0.0015256340605509146,0.0021982487688732835,0.2395138517022133,0.9770709276199341,0.2393656000494957,8.29249620437622e-06,0.0003799125552177429,0.0004536265507340431,0.0008324353675492648,0.00303091952436824,0.5069444444444444,0.00011168420314788818,13.468104222821204,13.468104222821204,0.4791666666666667,pool=fp64_values_torch_sum_acc_fp64,score=fp64_values_torch_matmul_acc_fp64
R1,7,0.9,"repr=nvfp4, pool=fp64/native, score=fp64/native",fp64,nvfp4,native,144,0.9774947106413303,0.011298801831845728,0.9534027289592363,0.9886192908653846,0.999699453317058,0.00231170654296875,0.5078125,0.591796875,0.9774947106413303,,0.0,0,0,0.0016920336225688293,0.0025875018214042106,0.15894675254821777,0.9898885190486908,0.15891379863023758,7.45728611946106e-05,0.00031377747654914856,0.0004457145929336548,0.0010104591482289474,0.004436723606310445,0.6180555555555556,0.0005295872688293457,7.1016085523029275,7.1016085523029275,0.6180555555555556,pool=fp64_values_torch_sum_acc_fp64,score=fp64_values_torch_matmul_acc_fp64
R1,8,0.9,"repr=nvfp4, pool=fp64/native, score=fp64/native",fp64,nvfp4,native,144,0.9730250590051126,0.009617440130843646,0.9613606984315689,0.986328125,0.9996750397085796,0.002777099609375,0.6015625,0.7109375,0.9730250590051126,,0.0,0,0,0.001601046764294153,0.0030270149443552665,0.11519402638077736,0.9947970509529114,0.11539429426193237,4.6527013182640076e-05,0.0003050845116376877,0.0005322627723217011,0.001309998684627457,0.007598919618066707,0.5972222222222222,0.0007362402975559235,15.823932102966491,15.823932102966491,0.6527777777777778,pool=fp64_values_torch_sum_acc_fp64,score=fp64_values_torch_matmul_acc_fp64
R1,9,0.9,"repr=nvfp4, pool=fp64/native, score=fp64/native",fp64,nvfp4,native,144,0.9796267380474385,0.007505302204954378,0.965617929951506,0.9897085336538461,0.999791993722791,0.0020904541015625,0.470703125,0.53515625,0.9796267380474385,,0.0,0,0,0.0018502076505641121,0.0025341369445278372,0.20179137587547302,0.9836831986904144,0.20188315957784653,4.649162292480469e-05,0.00031816959381103516,0.0005778968334197998,0.0009094800097876986,0.00463240458621309,0.5416666666666666,0.00036498159170150757,7.850480769230769,7.850480769230769,0.6388888888888888,pool=fp64_values_torch_sum_acc_fp64,score=fp64_values_torch_matmul_acc_fp64
R2,0,0.9,"repr=bf16, pool=fp32/native, score=fp32/native",fp32,bf16,native,144,1.0,0.0,1.0,1.0,0.9999999995634409,0.0,0.0,0.0,1.0,0.9488343180223907,0.0,0,0,0.0015845494933197323,,0.10181652009487152,0.9950689673423767,0.10181652009487152,0.0,0.0,0.0,0.0,0.0,0.0,0.0,,,0.0,pool=fp32_values_torch_sum_acc_fp32,score=fp32_values_torch_matmul_acc_fp32_tf32_disabled
R2,1,0.9,"repr=bf16, pool=fp32/native, score=fp32/native",fp32,bf16,native,144,1.0,0.0,1.0,1.0,0.9999999992141936,0.0,0.0,0.0,1.0,0.9595201295355855,0.0,0,0,0.0014621617224944705,,0.08528706803917885,0.9971911609172821,0.08528706803917885,0.0,0.0,0.0,0.0,0.0,0.0,0.0,,,0.0,pool=fp32_values_torch_sum_acc_fp32,score=fp32_values_torch_matmul_acc_fp32_tf32_disabled
R2,10,0.9,"repr=bf16, pool=fp32/native, score=fp32/native",fp32,bf16,native,144,1.0,0.0,1.0,1.0,0.9999999995634409,0.0,0.0,0.0,1.0,0.9797003410641714,0.0,0,0,0.0017174002653127815,,0.22519441694021225,0.9790764451026917,0.22519441694021225,0.0,0.0,0.0,0.0,0.0,0.0,0.0,,,0.0,pool=fp32_values_torch_sum_acc_fp32,score=fp32_values_torch_matmul_acc_fp32_tf32_disabled
R2,11,0.9,"repr=bf16, pool=fp32/native, score=fp32/native",fp32,bf16,native,144,1.0,0.0,1.0,1.0,0.9999999991705377,0.0,0.0,0.0,1.0,0.9791116920111225,0.0,0,0,0.0018420240063344194,2.2108217601057678e-08,0.16614870727062225,0.9881086051464081,0.16614870727062225,0.0,0.0,0.0,0.0,0.0,0.006944444444444444,0.0,,,0.0,pool=fp32_values_torch_sum_acc_fp32,score=fp32_values_torch_matmul_acc_fp32_tf32_disabled
R2,12,0.9,"repr=bf16, pool=fp32/native, score=fp32/native",fp32,bf16,native,144,1.0,0.0,1.0,1.0,0.9999999995634409,0.0,0.0,0.0,1.0,0.9750009299823446,0.0,1,0,0.0017939289491288321,1.8961955879869528e-07,0.1339883729815483,0.9921842813491821,0.1339883729815483,0.0,0.0,0.0,0.0,0.0,0.006944444444444444,0.0,,,0.0,pool=fp32_values_torch_sum_acc_fp32,score=fp32_values_torch_matmul_acc_fp32_tf32_disabled
R2,13,0.9,"repr=bf16, pool=fp32/native, score=fp32/native",fp32,bf16,native,144,1.0,0.0,1.0,1.0,0.9999999987776345,0.0,0.0,0.0,1.0,0.9790381327584925,0.0,0,0,0.0017646420694665639,7.3915563808882585e-09,0.17700379341840744,0.9863202273845673,0.17700379341840744,0.0,0.0,0.0,0.0,0.0,0.006944444444444444,0.0,,,0.0,pool=fp32_values_torch_sum_acc_fp32,score=fp32_values_torch_matmul_acc_fp32_tf32_disabled
R2,14,0.9,"repr=bf16, pool=fp32/native, score=fp32/native",fp32,bf16,native,144,1.0,0.0,1.0,1.0,0.9999999989086021,0.0,0.0,0.0,1.0,0.9766872076620388,0.0,0,0,0.001631054214635811,1.2683268301042986e-07,0.20659282058477402,0.9839386641979218,0.20659282058477402,0.0,0.0,0.0,0.0,0.0,0.0,0.0,,,0.006944444444444444,pool=fp32_values_torch_sum_acc_fp32,score=fp32_values_torch_matmul_acc_fp32_tf32_disabled
R2,15,0.9,"repr=bf16, pool=fp32/native, score=fp32/native",fp32,bf16,native,144,1.0,0.0,1.0,1.0,0.999999999476129,0.0,0.0,0.0,1.0,0.9739027392011493,0.0,1,0,0.0016562620474651403,3.0933840491558914e-08,0.23342520743608475,0.9777235686779022,0.23342520743608475,0.0,0.0,0.0,0.0,0.0,0.0,0.0,,,0.006944444444444444,pool=fp32_values_torch_sum_acc_fp32,score=fp32_values_torch_matmul_acc_fp32_tf32_disabled
R2,16,0.9,"repr=bf16, pool=fp32/native, score=fp32/native",fp32,bf16,native,144,1.0,0.0,1.0,1.0,0.9999999997380645,0.0,0.0,0.0,1.0,0.9737563940988954,0.0,1,0,0.0016627490551838423,7.298292666209903e-08,0.16769471764564514,0.9878749251365662,0.16769471764564514,0.0,0.0,0.0,0.0,0.0,0.006944444444444444,0.0,,,0.0,pool=fp32_values_torch_sum_acc_fp32,score=fp32_values_torch_matmul_acc_fp32_tf32_disabled
R2,17,0.9,"repr=bf16, pool=fp32/native, score=fp32/native",fp32,bf16,native,144,1.0,0.0,1.0,1.0,0.9999999993015054,0.0,0.0,0.0,1.0,0.9769807678027772,0.0,0,0,0.0018375250511544735,5.811084691327879e-08,0.09434860572218895,0.9964774250984192,0.09434860572218895,0.0,0.0,0.0,0.0,0.0,0.006944444444444444,0.0,,,0.006944444444444444,pool=fp32_values_torch_sum_acc_fp32,score=fp32_values_torch_matmul_acc_fp32_tf32_disabled
R2,18,0.9,"repr=bf16, pool=fp32/native, score=fp32/native",fp32,bf16,native,144,1.0,0.0,1.0,1.0,0.9999999989959141,0.0,0.0,0.0,1.0,0.9755871358771746,0.0,0,0,0.0019240415058883885,,0.31923356652259827,0.9614248871803284,0.31923356652259827,0.0,0.0,0.0,0.0,0.0,0.0,0.0,,,0.0,pool=fp32_values_torch_sum_acc_fp32,score=fp32_values_torch_matmul_acc_fp32_tf32_disabled
R2,19,0.9,"repr=bf16, pool=fp32/native, score=fp32/native",fp32,bf16,native,144,1.0,0.0,1.0,1.0,0.9999999982537635,0.0,0.0,0.0,1.0,0.9771275805732957,0.0,1,0,0.0017894356227208205,,0.15037209540605545,0.9924807846546173,0.15037209540605545,0.0,0.0,0.0,0.0,0.0,0.0,0.0,,,0.0,pool=fp32_values_torch_sum_acc_fp32,score=fp32_values_torch_matmul_acc_fp32_tf32_disabled
R2,2,0.9,"repr=bf16, pool=fp32/native, score=fp32/native",fp32,bf16,native,144,1.0,0.0,1.0,1.0,0.9999999985593548,0.0,0.0,0.0,1.0,0.9653059825107515,0.0,1,0,0.001511628849490534,,0.09361639991402626,0.9961626529693604,0.09361639991402626,0.0,0.0,0.0,0.0,0.0,0.0,0.0,,,0.0,pool=fp32_values_torch_sum_acc_fp32,score=fp32_values_torch_matmul_acc_fp32_tf32_disabled
R2,20,0.9,"repr=bf16, pool=fp32/native, score=fp32/native",fp32,bf16,native,144,1.0,0.0,1.0,1.0,0.9999999991705377,0.0,0.0,0.0,1.0,0.9668304456041943,0.0,0,0,0.0017665611843413033,,0.06276556476950645,0.9982771873474121,0.06276556476950645,0.0,0.0,0.0,0.0,0.0,0.0,0.0,,,0.0,pool=fp32_values_torch_sum_acc_fp32,score=fp32_values_torch_matmul_acc_fp32_tf32_disabled
R2,21,0.9,"repr=bf16, pool=fp32/native, score=fp32/native",fp32,bf16,native,144,1.0,0.0,1.0,1.0,0.9999999992141936,0.0,0.0,0.0,1.0,0.9725865115321921,0.0,0,0,0.001788848840842198,2.4701838843832973e-07,0.10695641115307808,0.9951632022857666,0.10695641115307808,0.0,0.0,0.0,0.0,0.0,0.0,0.0,,,0.006944444444444444,pool=fp32_values_torch_sum_acc_fp32,score=fp32_values_torch_matmul_acc_fp32_tf32_disabled
R2,22,0.9,"repr=bf16, pool=fp32/native, score=fp32/native",fp32,bf16,native,144,1.0,0.0,1.0,1.0,0.9999999973806453,0.0,0.0,0.0,1.0,0.9771275805732957,0.0,0,0,0.001947465792261445,4.119375751638271e-09,0.26304690539836884,0.9711042046546936,0.26304690539836884,0.0,0.0,0.0,0.0,0.0,0.006944444444444444,0.0,,,0.0,pool=fp32_values_torch_sum_acc_fp32,score=fp32_values_torch_matmul_acc_fp32_tf32_disabled
R2,23,0.9,"repr=bf16, pool=fp32/native, score=fp32/native",fp32,bf16,native,144,1.0,0.0,1.0,1.0,0.9999999986030108,0.0,0.0,0.0,1.0,0.9733175214942188,0.0,0,0,0.0017077393594301517,6.835215155336105e-08,0.1957385465502739,0.9825698435306549,0.1957385465502739,0.0,0.0,0.0,0.0,0.0,0.0,0.0,,,0.013888888888888888,pool=fp32_values_torch_sum_acc_fp32,score=fp32_values_torch_matmul_acc_fp32_tf32_disabled
R2,24,0.9,"repr=bf16, pool=fp32/native, score=fp32/native",fp32,bf16,native,144,1.0,0.0,1.0,1.0,0.9999999996070967,0.0,0.0,0.0,1.0,0.9803629872061886,0.0,0,0,0.0021475877848179696,4.340610311258074e-09,0.24836669862270355,0.9806753993034363,0.24836669862270355,0.0,0.0,0.0,0.0,0.0,0.013888888888888888,0.0,,,0.013888888888888888,pool=fp32_values_torch_sum_acc_fp32,score=fp32_values_torch_matmul_acc_fp32_tf32_disabled
R2,25,0.9,"repr=bf16, pool=fp32/native, score=fp32/native",fp32,bf16,native,144,1.0,0.0,1.0,1.0,0.9999999980791399,0.0,0.0,0.0,1.0,0.972659581116601,0.0,1,0,0.0014645521781915935,,0.1193726547062397,0.9936130344867706,0.1193726547062397,0.0,0.0,0.0,0.0,0.0,0.0,0.0,,,0.0,pool=fp32_values_torch_sum_acc_fp32,score=fp32_values_torch_matmul_acc_fp32_tf32_disabled
R2,26,0.9,"repr=bf16, pool=fp32/native, score=fp32/native",fp32,bf16,native,144,1.0,0.0,1.0,1.0,0.9999999986030108,0.0,0.0,0.0,1.0,0.9715639918541557,0.0,1,0,0.0017387365062641186,,0.05248250439763069,0.9986871778964996,0.05248250439763069,0.0,0.0,0.0,0.0,0.0,0.0,0.0,,,0.0,pool=fp32_values_torch_sum_acc_fp32,score=fp32_values_torch_matmul_acc_fp32_tf32_disabled
R2,27,0.9,"repr=bf16, pool=fp32/native, score=fp32/native",fp32,bf16,native,144,1.0,0.0,1.0,1.0,0.9999999986903226,0.0,0.0,0.0,1.0,0.9636390696508547,0.0,0,0,0.0017355860370812668,,0.03238777071237564,0.9995347559452057,0.03238777071237564,0.0,0.0,0.0,0.0,0.0,0.0,0.0,,,0.0,pool=fp32_values_torch_sum_acc_fp32,score=fp32_values_torch_matmul_acc_fp32_tf32_disabled
R2,28,0.9,"repr=bf16, pool=fp32/native, score=fp32/native",fp32,bf16,native,144,1.0,0.0,1.0,1.0,0.999999999476129,0.0,0.0,0.0,1.0,0.9392526768155001,0.0,1,0,0.0014355490645908075,2.5070976483801135e-07,0.06457894295454025,0.998043566942215,0.06457894295454025,0.0,0.0,0.0,0.0,0.0,0.006944444444444444,0.0,,,0.0,pool=fp32_values_torch_sum_acc_fp32,score=fp32_values_torch_matmul_acc_fp32_tf32_disabled
R2,29,0.9,"repr=bf16, pool=fp32/native, score=fp32/native",fp32,bf16,native,144,1.0,0.0,1.0,1.0,0.9999999996507527,0.0,0.0,0.0,1.0,0.9533382245047689,0.0,0,0,0.0015924839017478092,4.079696435456594e-07,0.06058032438158989,0.9983710646629333,0.06058032438158989,0.0,0.0,0.0,0.0,0.0,0.006944444444444444,0.0,,,0.0,pool=fp32_values_torch_sum_acc_fp32,score=fp32_values_torch_matmul_acc_fp32_tf32_disabled
R2,3,0.9,"repr=bf16, pool=fp32/native, score=fp32/native",fp32,bf16,native,144,1.0,0.0,1.0,1.0,0.9999999993888172,0.0,0.0,0.0,1.0,0.9733175214942188,0.0,1,0,0.0014567122377988516,6.636521004422736e-07,0.18105003237724304,0.987170547246933,0.18105003237724304,0.0,0.0,0.0,0.0,0.0,0.006944444444444444,0.0,,,0.0,pool=fp32_values_torch_sum_acc_fp32,score=fp32_values_torch_matmul_acc_fp32_tf32_disabled
R2,4,0.9,"repr=bf16, pool=fp32/native, score=fp32/native",fp32,bf16,native,144,1.0,0.0,1.0,1.0,0.9999999996507527,0.0,0.0,0.0,1.0,0.9759536885854238,0.0,0,0,0.001614402604234,,0.13836897909641266,0.992186963558197,0.13836897909641266,0.0,0.0,0.0,0.0,0.0,0.0,0.0,,,0.0,pool=fp32_values_torch_sum_acc_fp32,score=fp32_values_torch_matmul_acc_fp32_tf32_disabled
R2,5,0.9,"repr=bf16, pool=fp32/native, score=fp32/native",fp32,bf16,native,144,1.0,0.0,1.0,1.0,0.9999999993015054,0.0,0.0,0.0,1.0,0.9684300267977634,0.0,0,0,0.0016829995339602121,8.801956237984793e-08,0.0838133804500103,0.9969726204872131,0.0838133804500103,0.0,0.0,0.0,0.0,0.0,0.0,0.0,,,0.006944444444444444,pool=fp32_values_torch_sum_acc_fp32,score=fp32_values_torch_matmul_acc_fp32_tf32_disabled
R2,6,0.9,"repr=bf16, pool=fp32/native, score=fp32/native",fp32,bf16,native,144,1.0,0.0,1.0,1.0,0.999999999519785,0.0,0.0,0.0,1.0,0.9792588214537483,0.0,0,0,0.0015256340605509146,2.8588900928088463e-07,0.2393656000494957,0.9770519137382507,0.2393656000494957,0.0,0.0,0.0,0.0,0.0,0.006944444444444444,0.0,,,0.0,pool=fp32_values_torch_sum_acc_fp32,score=fp32_values_torch_matmul_acc_fp32_tf32_disabled
R2,7,0.9,"repr=bf16, pool=fp32/native, score=fp32/native",fp32,bf16,native,144,1.0,0.0,1.0,1.0,0.9999999993888172,0.0,0.0,0.0,1.0,0.9774947106413303,0.0,0,0,0.0016920336225688293,,0.15891379863023758,0.9899204969406128,0.15891379863023758,0.0,0.0,0.0,0.0,0.0,0.0,0.0,,,0.0,pool=fp32_values_torch_sum_acc_fp32,score=fp32_values_torch_matmul_acc_fp32_tf32_disabled
R2,8,0.9,"repr=bf16, pool=fp32/native, score=fp32/native",fp32,bf16,native,144,1.0,0.0,1.0,1.0,0.9999999993888172,0.0,0.0,0.0,1.0,0.9730250590051126,0.0,0,0,0.001601046764294153,6.844106859353808e-08,0.11539429426193237,0.9947774112224579,0.11539429426193237,0.0,0.0,0.0,0.0,0.0,0.0,0.0,,,0.013888888888888888,pool=fp32_values_torch_sum_acc_fp32,score=fp32_values_torch_matmul_acc_fp32_tf32_disabled
R2,9,0.9,"repr=bf16, pool=fp32/native, score=fp32/native",fp32,bf16,native,144,1.0,0.0,1.0,1.0,0.9999999993888172,0.0,0.0,0.0,1.0,0.9796267380474385,0.0,0,0,0.0018502076505641121,6.497868871566822e-08,0.20188315957784653,0.983690083026886,0.20188315957784653,0.0,0.0,0.0,0.0,0.0,0.006944444444444444,0.0,,,0.006944444444444444,pool=fp32_values_torch_sum_acc_fp32,score=fp32_values_torch_matmul_acc_fp32_tf32_disabled
R3,0,0.9,"repr=nvfp4, pool=fp32/native, score=fp32/native",fp32,nvfp4,native,144,0.9488343180223907,0.026845303975529866,0.9073209964258794,0.9737454927884616,0.9997168721133038,0.00533294677734375,0.84375,1.365234375,0.9488343180223907,1.0,0.0,0,0,0.0015845494933197323,0.006703730732522303,0.10200007259845734,0.9950771629810333,0.10181652009487152,-6.423518061637878e-05,0.001078159548342228,0.0011298987083137035,0.0038420087445657034,0.036547850475326195,0.4027777777777778,-3.476068377494812e-05,0.5411471321695761,0.5411471321695761,0.5,pool=fp32_values_torch_sum_acc_fp32,score=fp32_values_torch_matmul_acc_fp32_tf32_disabled
R3,1,0.9,"repr=nvfp4, pool=fp32/native, score=fp32/native",fp32,nvfp4,native,144,0.9595201295355855,0.01991583853467238,0.9296179510496317,0.9793419471153846,0.999664814839043,0.0041961669921875,0.748046875,1.07421875,0.9595201295355855,1.0,0.0,0,0,0.0014621617224944705,0.0044935362433981205,0.08567993342876434,0.9972984194755554,0.08528706803917885,8.913688361644745e-06,0.0006675663171336055,0.001658020168542862,0.005305555202850346,0.0390222620663381,0.5069444444444444,0.009137078188359737,1025.061435586668,1025.061435586668,0.7986111111111112,pool=fp32_values_torch_sum_acc_fp32,score=fp32_values_torch_matmul_acc_fp32_tf32_disabled
R3,10,0.9,"repr=nvfp4, pool=fp32/native, score=fp32/native",fp32,nvfp4,native,144,0.9797003410641714,0.012083731467834258,0.9587992937021778,0.98974609375,0.99976851710115,0.00208282470703125,0.48046875,0.533203125,0.9797003410641714,1.0,0.0,0,0,0.0017174002653127815,0.002495798488556921,0.2250228077173233,0.9791260063648224,0.22519441694021225,-1.566857099533081e-05,0.000416511669754982,0.0003476843237876892,0.0008974191894138934,0.002726027210927002,0.4861111111111111,-7.227063179016113e-07,0.0461245839277223,0.0461245839277223,0.5138888888888888,pool=fp32_values_torch_sum_acc_fp32,score=fp32_values_torch_matmul_acc_fp32_tf32_disabled
R3,11,0.9,"repr=nvfp4, pool=fp32/native, score=fp32/native",fp32,nvfp4,native,144,0.9791116920111225,0.009336879143222121,0.9632626162116399,0.9894456129807693,0.9998040699084602,0.00214385986328125,0.49609375,0.548828125,0.9791116920111225,1.0,0.0,0,0,0.0018420240063344194,0.002539687352876167,0.16619302332401276,0.9881052374839783,0.16614870727062225,2.5257468223571777e-05,0.0003160722553730011,0.0004589065909385681,0.0010588592103592106,0.0030916371286154798,0.5277777777777778,0.00027213990688323975,10.774631268436579,10.774631268436579,0.5763888888888888,pool=fp32_values_torch_sum_acc_fp32,score=fp32_values_torch_matmul_acc_fp32_tf32_disabled
R3,12,0.9,"repr=nvfp4, pool=fp32/native, score=fp32/native",fp32,nvfp4,native,144,0.9750009299823446,0.014282596544858195,0.953116128718898,0.9873422475961539,0.9998321867170799,0.00257110595703125,0.564453125,0.658203125,0.9750009299823446,1.0,0.0,0,0,0.0017939289491288321,0.002981219165538519,0.13418613374233246,0.9921765923500061,0.1339883729815483,1.8194317817687988e-05,0.0002684071660041809,0.0003644227981567383,0.001093929755210154,0.005297799698765369,0.5833333333333334,0.00083131343126297,45.69082719082719,45.69082719082719,0.5902777777777778,pool=fp32_values_torch_sum_acc_fp32,score=fp32_values_torch_matmul_acc_fp32_tf32_disabled
R3,13,0.9,"repr=nvfp4, pool=fp32/native, score=fp32/native",fp32,nvfp4,native,144,0.9790381327584925,0.014680837366197741,0.9597292833601602,0.9894080528846154,0.9997024561889002,0.0021514892578125,0.48828125,0.55078125,0.9790381327584925,1.0,0.0,0,0,0.0017646420694665639,0.0025609893383932996,0.17703211307525635,0.9863114356994629,0.17700379341840744,-4.842877388000488e-06,0.00025685690343379974,0.0002725079655647278,0.0007995259178840321,0.0021506320141732468,0.4791666666666667,7.026642560958862e-05,-14.509230769230768,14.509230769230768,0.5069444444444444,pool=fp32_values_torch_sum_acc_fp32,score=fp32_values_torch_matmul_acc_fp32_tf32_disabled
R3,14,0.9,"repr=nvfp4, pool=fp32/native, score=fp32/native",fp32,nvfp4,native,144,0.9766872076620388,0.008061277939395595,0.9631539958381262,0.9882061298076923,0.9998105259630998,0.0023956298828125,0.53515625,0.61328125,0.9766872076620388,1.0,0.0,0,0,0.001631054214635811,0.0026788959598565846,0.20659168809652328,0.983988881111145,0.20659282058477402,1.4341436326503754e-05,0.0003563538193702698,0.00039259642362594606,0.0009397610942161749,0.0033574939333166362,0.5208333333333334,0.00019688904285430908,13.728683680758492,13.728683680758492,0.5416666666666666,pool=fp32_values_torch_sum_acc_fp32,score=fp32_values_torch_matmul_acc_fp32_tf32_disabled
R3,15,0.9,"repr=nvfp4, pool=fp32/native, score=fp32/native",fp32,nvfp4,native,144,0.9739027392011493,0.013712641145666504,0.9553681935620014,0.9867788461538461,0.9997938142616094,0.002685546875,0.580078125,0.6875,0.9739027392011493,1.0,0.0,0,0,0.0016562620474651403,0.0030386754782330753,0.23342498391866684,0.9777572751045227,0.23342520743608475,4.8883259296417236e-05,0.0004412606358528137,0.0008392632007598877,0.0008609243053704503,0.003548580048845124,0.5902777777777778,-0.00030106306076049805,-6.1588172534674595,6.1588172534674595,0.3819444444444444,pool=fp32_values_torch_sum_acc_fp32,score=fp32_values_torch_matmul_acc_fp32_tf32_disabled
R3,16,0.9,"repr=nvfp4, pool=fp32/native, score=fp32/native",fp32,nvfp4,native,144,0.9737563940988954,0.013375851298304209,0.9546934716075212,0.9867037259615384,0.9997540602275456,0.0027008056640625,0.58203125,0.69140625,0.9737563940988954,1.0,0.0,0,0,0.0016627490551838423,0.003101508595695991,0.16778424382209778,0.9878918528556824,0.16769471764564514,1.3709068298339844e-06,0.0003041960299015045,0.00047767311334609983,0.0010187890635220754,0.003636845148666824,0.5,0.0004829317331314087,352.2717391304348,352.2717391304348,0.5763888888888888,pool=fp32_values_torch_sum_acc_fp32,score=fp32_values_torch_matmul_acc_fp32_tf32_disabled
R3,17,0.9,"repr=nvfp4, pool=fp32/native, score=fp32/native",fp32,nvfp4,native,144,0.9769807678027772,0.011899699138998132,0.9553538972683852,0.9883563701923077,0.999791085243241,0.0023651123046875,0.53515625,0.60546875,0.9769807678027772,1.0,0.0,0,0,0.0018375250511544735,0.002875672816656204,0.09430308640003204,0.996506929397583,0.09434860572218895,3.79243865609169e-05,0.00033366959542036057,0.000565638393163681,0.0015397175653838573,0.010571285358571408,0.5763888888888888,0.0016858987510204315,44.45421281402716,44.45421281402716,0.7569444444444444,pool=fp32_values_torch_sum_acc_fp32,score=fp32_values_torch_matmul_acc_fp32_tf32_disabled
R3,18,0.9,"repr=nvfp4, pool=fp32/native, score=fp32/native",fp32,nvfp4,native,144,0.9755871358771746,0.01714557308079523,0.954887411669108,0.9876427283653846,0.9995414083063681,0.00251007080078125,0.55859375,0.642578125,0.9755871358771746,1.0,0.0,1,0,0.0019240415058883885,0.0031451125665953477,0.3192116320133209,0.9611279666423798,0.31923356652259827,5.723536014556885e-05,0.0017217285931110382,0.0023274660110473634,0.0023801272876864234,0.00845410637264561,0.5208333333333334,0.001094181090593338,19.117222077583964,19.117222077583964,0.6736111111111112,pool=fp32_values_torch_sum_acc_fp32,score=fp32_values_torch_matmul_acc_fp32_tf32_disabled
R3,19,0.9,"repr=nvfp4, pool=fp32/native, score=fp32/native",fp32,nvfp4,native,144,0.9771275805732957,0.013800039982787227,0.9537397729473188,0.9884314903846154,0.9995959601229967,0.002349853515625,0.533203125,0.6015625,0.9771275805732957,1.0,0.0,0,0,0.0017894356227208205,0.0026905863961679236,0.1501634269952774,0.9925218820571899,0.15037209540605545,5.0202012062072754e-05,0.0004348456859588623,0.0006375543773174286,0.0017143426367768953,0.00872020504917092,0.5694444444444444,0.0006665624678134918,13.27760463045414,13.27760463045414,0.6458333333333334,pool=fp32_values_torch_sum_acc_fp32,score=fp32_values_torch_matmul_acc_fp32_tf32_disabled
R3,2,0.9,"repr=nvfp4, pool=fp32/native, score=fp32/native",fp32,nvfp4,native,144,0.9653059825107515,0.022378015667364193,0.9342230540202665,0.9823467548076923,0.999803745588741,0.0035858154296875,0.697265625,0.91796875,0.9653059825107515,1.0,0.0,1,0,0.001511628849490534,0.003936556024727833,0.09449021145701408,0.9961673021316528,0.09361639991402626,0.00015484727919101715,0.0012989602982997894,0.0033630192279815673,0.00461742442752939,0.022112060560898306,0.6805555555555556,0.004750750958919525,30.680235285626647,30.680235285626647,0.6805555555555556,pool=fp32_values_torch_sum_acc_fp32,score=fp32_values_torch_matmul_acc_fp32_tf32_disabled
R3,20,0.9,"repr=nvfp4, pool=fp32/native, score=fp32/native",fp32,nvfp4,native,144,0.9668304456041943,0.02740641345344852,0.9352071982777442,0.9831355168269231,0.9997162491434554,0.00342559814453125,0.6875,0.876953125,0.9668304456041943,1.0,0.0,0,0,0.0017665611843413033,0.004188180029146735,0.06309779733419418,0.9982670843601227,0.06276556476950645,5.409214645624161e-05,0.0002690134570002556,0.0005140163004398346,0.002056826020897429,0.03734097853949132,0.5972222222222222,0.0066970717161893845,123.8085776760042,123.8085776760042,0.9166666666666666,pool=fp32_values_torch_sum_acc_fp32,score=fp32_values_torch_matmul_acc_fp32_tf32_disabled
R3,21,0.9,"repr=nvfp4, pool=fp32/native, score=fp32/native",fp32,nvfp4,native,144,0.9725865115321921,0.02149692880472942,0.9412393690533862,0.9861027644230769,0.9995288054557443,0.0028228759765625,0.58984375,0.72265625,0.9725865115321921,1.0,0.0,0,0,0.001788848840842198,0.0035150552445328935,0.10705877467989922,0.9951399266719818,0.10695641115307808,0.00011494755744934082,0.0005458497907966375,0.0008019537664949894,0.0028901428847838122,0.0232726569099298,0.5972222222222222,0.004173889756202698,36.311252268602544,36.311252268602544,0.8541666666666666,pool=fp32_values_torch_sum_acc_fp32,score=fp32_values_torch_matmul_acc_fp32_tf32_disabled
R3,22,0.9,"repr=nvfp4, pool=fp32/native, score=fp32/native",fp32,nvfp4,native,144,0.9771275805732957,0.016937988887171462,0.9392956890930542,0.9884314903846154,0.9997438765255455,0.002349853515625,0.52734375,0.6015625,0.9771275805732957,1.0,0.0,1,0,0.001947465792261445,0.0031102881329068076,0.2631903886795044,0.971127837896347,0.26304690539836884,-1.689046621322632e-05,0.0005342923104763031,0.0006582513451576233,0.0011287191227676348,0.0040086336564044405,0.4791666666666667,0.00033739209175109863,-19.975297750330835,19.975297750330835,0.5902777777777778,pool=fp32_values_torch_sum_acc_fp32,score=fp32_values_torch_matmul_acc_fp32_tf32_disabled
R3,23,0.9,"repr=nvfp4, pool=fp32/native, score=fp32/native",fp32,nvfp4,native,144,0.9733175214942188,0.01807271693610224,0.9430105732570183,0.9864783653846154,0.9997698086612454,0.00274658203125,0.595703125,0.703125,0.9733175214942188,1.0,0.0,1,0,0.0017077393594301517,0.003239976448459383,0.19545050710439682,0.9826380908489227,0.1957385465502739,6.288290023803711e-05,0.0007632635533809662,0.0013692580163478852,0.0019159080741257373,0.007822687171526404,0.5486111111111112,0.00049595907330513,7.887026066350711,7.887026066350711,0.5833333333333334,pool=fp32_values_torch_sum_acc_fp32,score=fp32_values_torch_matmul_acc_fp32_tf32_disabled
R3,24,0.9,"repr=nvfp4, pool=fp32/native, score=fp32/native",fp32,nvfp4,native,144,0.9803629872061886,0.01289600254625034,0.9589650403307084,0.9900841346153846,0.999650276023323,0.00201416015625,0.46875,0.515625,0.9803629872061886,1.0,0.0,0,0,0.0021475877848179696,0.0028574256651749848,0.24805843085050583,0.9806366562843323,0.24836669862270355,9.735673666000366e-05,0.0006711147725582123,0.0015687907114624977,0.0012852865521228783,0.006372268989514464,0.5902777777777778,0.001407615840435028,14.458330144639167,14.458330144639167,0.6666666666666666,pool=fp32_values_torch_sum_acc_fp32,score=fp32_values_torch_matmul_acc_fp32_tf32_disabled
R3,25,0.9,"repr=nvfp4, pool=fp32/native, score=fp32/native",fp32,nvfp4,native,144,0.972659581116601,0.022323481726607253,0.8708010985297406,0.9861403245192307,0.9997652107769524,0.00281524658203125,0.591796875,0.720703125,0.972659581116601,1.0,0.0,0,0,0.0014645521781915935,0.0029847203472103787,0.11909152194857597,0.9936003386974335,0.1193726547062397,2.745911478996277e-05,0.0004227813333272934,0.0005818814039230347,0.0014702653556723927,0.005127334688245899,0.5694444444444444,0.0006902646273374557,25.137905304571973,25.137905304571973,0.6736111111111112,pool=fp32_values_torch_sum_acc_fp32,score=fp32_values_torch_matmul_acc_fp32_tf32_disabled
R3,26,0.9,"repr=nvfp4, pool=fp32/native, score=fp32/native",fp32,nvfp4,native,144,0.9715639918541557,0.016273537515523406,0.936438846619436,0.9855769230769231,0.9997273545526497,0.0029296875,0.6171875,0.75,0.9715639918541557,1.0,0.0,1,0,0.0017387365062641186,0.003521193510459015,0.05254640057682991,0.9986890256404877,0.05248250439763069,5.577225238084793e-05,0.0002151215448975563,0.0002867799252271652,0.0019292902188446852,0.008616809678139239,0.625,0.0006733173504471779,12.072622526509143,12.072622526509143,0.7569444444444444,pool=fp32_values_torch_sum_acc_fp32,score=fp32_values_torch_matmul_acc_fp32_tf32_disabled
R3,27,0.9,"repr=nvfp4, pool=fp32/native, score=fp32/native",fp32,nvfp4,native,144,0.9636390696508547,0.027144073583605488,0.929380252244302,0.9814828725961539,0.9997615255194737,0.00376129150390625,0.740234375,0.962890625,0.9636390696508547,1.0,0.0,1,0,0.0017355860370812668,0.004956703712772714,0.032425884157419205,0.9995343685150146,0.03238777071237564,4.0481798350811005e-05,0.00040534883737564087,0.0007541656494140625,0.0034362364860841955,0.03412220308927742,0.5694444444444444,0.0029312213882803917,72.40837877010145,72.40837877010145,0.8333333333333334,pool=fp32_values_torch_sum_acc_fp32,score=fp32_values_torch_matmul_acc_fp32_tf32_disabled
R3,28,0.9,"repr=nvfp4, pool=fp32/native, score=fp32/native",fp32,nvfp4,native,144,0.9392526768155001,0.03870344104485535,0.8581992424918228,0.9686748798076923,0.9966509873784407,0.0063629150390625,0.87890625,1.62890625,0.9392526768155001,1.0,0.0,1,0,0.0014355490645908075,0.0069178244014750905,0.06398095935583115,0.9980400204658508,0.06457894295454025,1.9926810637116432e-06,0.0004894528537988663,0.0009511057287454605,0.004756911830540897,0.0628336269136143,0.5069444444444444,0.005441166460514069,2730.5756849915288,2730.5756849915288,0.7638888888888888,pool=fp32_values_torch_sum_acc_fp32,score=fp32_values_torch_matmul_acc_fp32_tf32_disabled
R3,29,0.9,"repr=nvfp4, pool=fp32/native, score=fp32/native",fp32,nvfp4,native,144,0.9533382245047689,0.039625158640072544,0.9097077968853562,0.9761117788461539,0.9987297999763496,0.004852294921875,0.818359375,1.2421875,0.9533382245047689,1.0,0.0,0,0,0.0015924839017478092,0.006352309364595424,0.060430094599723816,0.9983779489994049,0.06058032438158989,6.834371015429497e-05,0.00045022787526249886,0.0008218206465244293,0.0027977823801578,0.04711757567657644,0.5902777777777778,0.0037870611995458603,55.41199315922517,55.41199315922517,0.6944444444444444,pool=fp32_values_torch_sum_acc_fp32,score=fp32_values_torch_matmul_acc_fp32_tf32_disabled
R3,3,0.9,"repr=nvfp4, pool=fp32/native, score=fp32/native",fp32,nvfp4,native,144,0.9733175214942188,0.015442134766230353,0.9413818174956429,0.9864783653846154,0.9997218780058239,0.00274658203125,0.58203125,0.703125,0.9733175214942188,1.0,0.0,0,0,0.0014567122377988516,0.0029248619203967987,0.18091338127851486,0.9871638715267181,0.18105003237724304,1.2896955013275146e-05,0.00046934932470321655,0.0009423770010471344,0.001506081825140537,0.019369931113848056,0.5208333333333334,0.0009169876575469971,71.10109763142692,71.10109763142692,0.6875,pool=fp32_values_torch_sum_acc_fp32,score=fp32_values_torch_matmul_acc_fp32_tf32_disabled
R3,4,0.9,"repr=nvfp4, pool=fp32/native, score=fp32/native",fp32,nvfp4,native,144,0.9759536885854238,0.010341529805841132,0.9463416378436429,0.9878305288461539,0.9997373417594022,0.002471923828125,0.541015625,0.6328125,0.9759536885854238,1.0,0.0,0,0,0.001614402604234,0.002690553301927655,0.13849390298128128,0.9921970367431641,0.13836897909641266,-6.455928087234497e-06,0.00030973926186561584,0.00039007961750030516,0.0011754355923122822,0.006416700767568164,0.4861111111111111,0.0006205737590789795,-96.12463935372188,96.12463935372188,0.6111111111111112,pool=fp32_values_torch_sum_acc_fp32,score=fp32_values_torch_matmul_acc_fp32_tf32_disabled
R3,5,0.9,"repr=nvfp4, pool=fp32/native, score=fp32/native",fp32,nvfp4,native,144,0.9684300267977634,0.013964282013323115,0.944173682578111,0.9839618389423077,0.9994908362499593,0.00325775146484375,0.650390625,0.833984375,0.9684300267977634,1.0,0.0,0,0,0.0016829995339602121,0.00391020198785175,0.08386468142271042,0.9969742298126221,0.0838133804500103,1.2870877981185913e-05,0.00033128028735518456,0.00044408738613128663,0.0014705513675488955,0.02242638735549734,0.5277777777777778,0.00574764609336853,446.56208393632414,446.56208393632414,0.7847222222222222,pool=fp32_values_torch_sum_acc_fp32,score=fp32_values_torch_matmul_acc_fp32_tf32_disabled
R3,6,0.9,"repr=nvfp4, pool=fp32/native, score=fp32/native",fp32,nvfp4,native,144,0.9792588214537483,0.011598308643220645,0.9553323388744012,0.9895207331730769,0.9998719362546233,0.00212860107421875,0.48828125,0.544921875,0.9792588214537483,1.0,0.0,0,0,0.0015256340605509146,0.0021982487688732835,0.2395138517022133,0.9770709276199341,0.2393656000494957,8.29249620437622e-06,0.0003799125552177429,0.0004536265507340431,0.0008324353675492648,0.00303091952436824,0.5069444444444444,8.106976747512817e-05,9.776280323450134,9.776280323450134,0.4930555555555556,pool=fp32_values_torch_sum_acc_fp32,score=fp32_values_torch_matmul_acc_fp32_tf32_disabled
R3,7,0.9,"repr=nvfp4, pool=fp32/native, score=fp32/native",fp32,nvfp4,native,144,0.9774947106413303,0.011298801831845728,0.9534027289592363,0.9886192908653846,0.9996994523565859,0.00231170654296875,0.5078125,0.591796875,0.9774947106413303,1.0,0.0,0,0,0.0016920336225688293,0.0025875018214042106,0.15894675254821777,0.9898885190486908,0.15891379863023758,7.45728611946106e-05,0.00031377747654914856,0.0004457145929336548,0.0010104591482289474,0.004436723606310445,0.6180555555555556,0.0005299076437950134,7.105904685782796,7.105904685782796,0.5833333333333334,pool=fp32_values_torch_sum_acc_fp32,score=fp32_values_torch_matmul_acc_fp32_tf32_disabled
R3,8,0.9,"repr=nvfp4, pool=fp32/native, score=fp32/native",fp32,nvfp4,native,144,0.9730250590051126,0.009617440130843646,0.9613606984315689,0.986328125,0.9996750389227266,0.002777099609375,0.6015625,0.7109375,0.9730250590051126,1.0,0.0,0,0,0.001601046764294153,0.0030270149443552665,0.11519402638077736,0.9947970509529114,0.11539429426193237,4.6527013182640076e-05,0.0003050845116376877,0.00047751814126968385,0.001309998684627457,0.007383014600314208,0.5972222222222222,0.0007066130638122559,15.187157212058128,15.187157212058128,0.6388888888888888,pool=fp32_values_torch_sum_acc_fp32,score=fp32_values_torch_matmul_acc_fp32_tf32_disabled
R3,9,0.9,"repr=nvfp4, pool=fp32/native, score=fp32/native",fp32,nvfp4,native,144,0.9796267380474385,0.007505302204954378,0.965617929951506,0.9897085336538461,0.99979199127806,0.0020904541015625,0.470703125,0.53515625,0.9796267380474385,1.0,0.0,0,0,0.0018502076505641121,0.0025341369445278372,0.20179137587547302,0.9836831986904144,0.20188315957784653,4.649162292480469e-05,0.00031816959381103516,0.0005778968334197998,0.0009094800097876986,0.00463240458621309,0.5416666666666666,0.0004534684121608734,9.753766025641026,9.753766025641026,0.6388888888888888,pool=fp32_values_torch_sum_acc_fp32,score=fp32_values_torch_matmul_acc_fp32_tf32_disabled
R4,0,0.9,"repr=bf16, pool=bf16/native, score=bf16/native",bf16_acc_fp32,bf16,native,144,0.9896125275321119,0.013547971864887542,0.9711115391189811,0.9947791466346154,0.9999889091548331,0.00106048583984375,0.267578125,0.271484375,0.9957272993815662,0.9477651825240474,103.5,215,0,0.0015845494933197323,0.0010991575297117516,0.10189436748623848,0.9950606524944305,0.10181652009487152,8.980277925729752e-07,0.0004237070679664612,0.0006521344184875488,0.001356182290977853,0.005834701683043618,0.5277777777777778,8.665025234222412e-05,96.4894996110967,96.4894996110967,0.5277777777777778,pool=bf16_values_torch_sum_acc_fp32,score=bf16_values_torch_matmul_acc_fp32
R4,1,0.9,"repr=bf16, pool=bf16/native, score=bf16/native",bf16_acc_fp32,bf16,native,144,0.9904306220095693,0.005317734584140421,0.9731202597751741,0.9951923076923077,0.9999912260094348,0.0009765625,0.2421875,0.25,0.9960265425205983,0.9575750917968835,91.5,233,0,0.0014621617224944705,0.0007037575258824584,0.08529462665319443,0.9971900582313538,0.08528706803917885,2.874992787837982e-06,0.00023553520441055298,0.00048371050506830217,0.0011299269390827981,0.006830809611929828,0.5208333333333334,0.0022102855145931244,768.7968901846452,768.7968901846452,0.7777777777777778,pool=bf16_values_torch_sum_acc_fp32,score=bf16_values_torch_matmul_acc_fp32
R4,10,0.9,"repr=bf16, pool=bf16/native, score=bf16/native",bf16_acc_fp32,bf16,native,144,0.9901330542682015,0.011544508174205714,0.9628283973439908,0.9950420673076923,0.999989387905815,0.001007080078125,0.251953125,0.2578125,0.9971495011627035,0.9772744260561071,99.5,222,0,0.0017174002653127815,0.0010188486722614845,0.22520268708467484,0.9790719151496887,0.22519441694021225,3.993511199951172e-06,0.00021983124315738678,0.00033262968063354494,0.0004612461353282846,0.001789217514008708,0.5277777777777778,1.3731420040130615e-05,3.4384328358208953,3.4384328358208953,0.5277777777777778,pool=bf16_values_torch_sum_acc_fp32,score=bf16_values_torch_matmul_acc_fp32
R4,11,0.9,"repr=bf16, pool=bf16/native, score=bf16/native",bf16_acc_fp32,bf16,native,144,0.9907282787498131,0.006844078245883067,0.9736614005341444,0.9953425480769231,0.9999812038905525,0.000946044921875,0.236328125,0.2421875,0.9971495011627035,0.9777150606827321,95.0,205,0,0.0018420240063344194,0.0010314015784296476,0.1660609096288681,0.9881322383880615,0.16614870727062225,-3.028661012649536e-05,0.0001637488603591919,0.00026389434933662417,0.0005739819077527351,0.002094834727121302,0.3958333333333333,0.00012784823775291443,-4.221279212792128,4.221279212792128,0.625,pool=bf16_values_torch_sum_acc_fp32,score=bf16_values_torch_matmul_acc_fp32
R4,12,0.9,"repr=bf16, pool=bf16/native, score=bf16/native",bf16_acc_fp32,bf16,native,144,0.9904306220095693,0.00791019961653916,0.9615268924219722,0.9951923076923077,0.9999912211195359,0.0009765625,0.244140625,0.25,0.9967001649917504,0.9735369577965571,96.0,229,0,0.0017939289491288321,0.0009965048491246543,0.13385111093521118,0.9921814799308777,0.1339883729815483,7.37607479095459e-07,0.00016144150868058205,0.00026388466358184814,0.0006494853205754158,0.002031669633520395,0.5,0.000295102596282959,400.0808080808081,400.0808080808081,0.6597222222222222,pool=bf16_values_torch_sum_acc_fp32,score=bf16_values_torch_matmul_acc_fp32
R4,13,0.9,"repr=bf16, pool=bf16/native, score=bf16/native",bf16_acc_fp32,bf16,native,144,0.9887950997236125,0.00879132093428403,0.9694275319824872,0.9943659855769231,0.9999626179527143,0.0011444091796875,0.28125,0.29296875,0.9971495011627035,0.9760270404858121,109.0,218,0,0.0017646420694665639,0.0013232970698905913,0.17706411331892014,0.9863291084766388,0.17700379341840744,-4.743412137031555e-05,0.000186871737241745,0.00019210129976272584,0.0006217258581001422,0.001537055054092525,0.3680555555555556,1.0505318641662598e-05,-0.2214717662766041,0.2214717662766041,0.5347222222222222,pool=bf16_values_torch_sum_acc_fp32,score=bf16_values_torch_matmul_acc_fp32
R4,14,0.9,"repr=bf16, pool=bf16/native, score=bf16/native",bf16_acc_fp32,bf16,native,144,0.988201030542902,0.0050104954886447395,0.9750375895946162,0.9940655048076923,0.9999830749462655,0.0012054443359375,0.29296875,0.30859375,0.9969248106090141,0.9747811897344608,113.0,193,0,0.001631054214635811,0.0011846764339495238,0.20662488788366318,0.9839454591274261,0.20659282058477402,-4.067085683345795e-05,0.0002048015594482422,0.00018736347556114197,0.0005915784188910843,0.0016817959032683657,0.4027777777777778,0.0001709088683128357,-4.202244103503549,4.202244103503549,0.6388888888888888,pool=bf16_values_torch_sum_acc_fp32,score=bf16_values_torch_matmul_acc_fp32
R4,15,0.9,"repr=bf16, pool=bf16/native, score=bf16/native",bf16_acc_fp32,bf16,native,144,0.9865691798410168,0.012928110588772523,0.9590156240615174,0.9932391826923077,0.9999871900458877,0.001373291015625,0.330078125,0.3515625,0.9964007198560288,0.9698864293912577,123.0,216,0,0.0016562620474651403,0.001270088812410721,0.2333703115582466,0.9777346551418304,0.23342520743608475,-5.362182855606079e-05,0.0002918560057878494,0.0002698451280593872,0.0005867387349468547,0.0018991959312274636,0.4375,-0.00016639381647109985,3.1030985132694178,3.1030985132694178,0.4305555555555556,pool=bf16_values_torch_sum_acc_fp32,score=bf16_values_torch_matmul_acc_fp32
R4,16,0.9,"repr=bf16, pool=bf16/native, score=bf16/native",bf16_acc_fp32,bf16,native,144,0.9857542447903733,0.016027245241259758,0.9663873737812956,0.9928260216346154,0.9999900337158555,0.00145721435546875,0.353515625,0.373046875,0.9965504311961005,0.9709802031128419,131.5,208,0,0.0016627490551838423,0.001437343672048842,0.1679021716117859,0.9878576993942261,0.16769471764564514,-6.51925802230835e-08,0.00019567087292671204,0.0003943249583244324,0.0006426750897383372,0.0023278456698046218,0.5,0.00014355778694152832,-2202.057142857143,2202.057142857143,0.5972222222222222,pool=bf16_values_torch_sum_acc_fp32,score=bf16_values_torch_matmul_acc_fp32
R4,17,0.9,"repr=bf16, pool=bf16/native, score=bf16/native",bf16_acc_fp32,bf16,native,144,0.9929635451755371,0.00532707518684028,0.9781999803078397,0.9964693509615384,0.9999899176346956,0.0007171630859375,0.18359375,0.18359375,0.9971495011627035,0.9751474488395291,76.0,190,0,0.0018375250511544735,0.000726853935236799,0.09423194080591202,0.9964746236801147,0.09434860572218895,-1.4293938875198364e-05,0.00014774245209991932,9.640082716941834e-05,0.0007054950050002444,0.002651175162084805,0.3680555555555556,0.0005321428179740906,-37.22856398227782,37.22856398227782,0.8819444444444444,pool=bf16_values_torch_sum_acc_fp32,score=bf16_values_torch_matmul_acc_fp32
R4,18,0.9,"repr=bf16, pool=bf16/native, score=bf16/native",bf16_acc_fp32,bf16,native,144,0.9931873507246602,0.009009500770629786,0.9752646824060776,0.99658203125,0.9999854871563456,0.00069427490234375,0.17578125,0.177734375,0.996999699969997,0.9743419047564632,65.5,208,0,0.0019240415058883885,0.0007420306808833431,0.31891876459121704,0.9614448547363281,0.31923356652259827,-0.000162467360496521,0.0006094947457313538,0.00043894946575164797,0.0011527940910241244,0.004021856688563049,0.3472222222222222,0.0003339610993862152,-2.055558103274328,2.055558103274328,0.75,pool=bf16_values_torch_sum_acc_fp32,score=bf16_values_torch_matmul_acc_fp32
R4,19,0.9,"repr=bf16, pool=bf16/native, score=bf16/native",bf16_acc_fp32,bf16,native,144,0.9911749308204323,0.008149130278020555,0.9775755624161657,0.9955679086538461,0.9999399925629421,0.0009002685546875,0.22265625,0.23046875,0.996999699969997,0.9763203827840963,93.5,206,0,0.0017894356227208205,0.0009890682344287022,0.15030203014612198,0.9924847483634949,0.15037209540605545,-5.653500556945801e-05,0.00027076248079538345,9.640902280807495e-05,0.0007950245669825725,0.004490364808335651,0.2916666666666667,0.00040411390364170074,-7.1480297838692675,7.1480297838692675,0.75,pool=bf16_values_torch_sum_acc_fp32,score=bf16_values_torch_matmul_acc_fp32
R4,2,0.9,"repr=bf16, pool=bf16/native, score=bf16/native",bf16_acc_fp32,bf16,native,144,0.9916217833632556,0.004651847215096039,0.9814167769084502,0.9957932692307693,0.9999790769482442,0.0008544921875,0.216796875,0.21875,0.9965504311961005,0.9642909842113029,81.0,183,0,0.001511628849490534,0.00068984085405367,0.09365405142307281,0.996154248714447,0.09361639991402626,2.934131771326065e-06,0.0002148267813026905,0.0006468921899795532,0.0009268942630808736,0.0030653767189955513,0.5208333333333334,0.0008434224873781204,287.4521504523092,287.4521504523092,0.7083333333333334,pool=bf16_values_torch_sum_acc_fp32,score=bf16_values_torch_matmul_acc_fp32
R4,20,0.9,"repr=bf16, pool=bf16/native, score=bf16/native",bf16_acc_fp32,bf16,native,144,0.9922178988326849,0.0033159586395983265,0.9792293966596916,0.99609375,0.9999881610297221,0.00079345703125,0.203125,0.203125,0.996999699969997,0.9656687243000242,82.0,213,0,0.0017665611843413033,0.0007728844862869177,0.06272992491722107,0.9982961714267731,0.06276556476950645,3.429129719734192e-06,9.99821349978447e-05,0.0001356553751975298,0.0006515603195996339,0.0031517057562611833,0.5486111111111112,0.0014346670359373093,418.37642585551333,418.37642585551333,0.9305555555555556,pool=bf16_values_torch_sum_acc_fp32,score=bf16_values_torch_matmul_acc_fp32
R4,21,0.9,"repr=bf16, pool=bf16/native, score=bf16/native",bf16_acc_fp32,bf16,native,144,0.9919943165059297,0.006559250606334888,0.9830623412811355,0.9959810697115384,0.9999890444620414,0.00081634521484375,0.20703125,0.208984375,0.996999699969997,0.9714910088098296,78.0,223,0,0.001788848840842198,0.0007831701641014906,0.10701844096183777,0.9951598644256592,0.10695641115307808,-2.9476359486579895e-07,0.00011858856305480003,0.00015024319291114807,0.000614189620496798,0.002420875850261181,0.4930555555555556,0.0010123029351234436,-3434.2875197472354,3434.2875197472354,0.875,pool=bf16_values_torch_sum_acc_fp32,score=bf16_values_torch_matmul_acc_fp32
R4,22,0.9,"repr=bf16, pool=bf16/native, score=bf16/native",bf16_acc_fp32,bf16,native,144,0.9892408846383742,0.01402667654579448,0.9616788264503248,0.9945913461538461,0.9999600823610164,0.0010986328125,0.271484375,0.28125,0.9968499212480312,0.9750741839762611,107.5,234,0,0.001947465792261445,0.0012825919878534284,0.2629089951515198,0.9710957407951355,0.26304690539836884,-5.616620182991028e-05,0.0004712343215942383,0.00028842389583587645,0.0008632515543813753,0.0032886056205240336,0.3888888888888889,0.00012383610010147095,-2.2048152815546858,2.2048152815546858,0.6597222222222222,pool=bf16_values_torch_sum_acc_fp32,score=bf16_values_torch_matmul_acc_fp32
R4,23,0.9,"repr=bf16, pool=bf16/native, score=bf16/native",bf16_acc_fp32,bf16,native,144,0.9864209505334627,0.0161670349820231,0.944947779197079,0.9931640625,0.999969489843688,0.0013885498046875,0.3359375,0.35546875,0.9960265425205983,0.9678480599622716,121.5,247,0,0.0017077393594301517,0.001573016526310486,0.19593727588653564,0.9825499653816223,0.1957385465502739,-8.23289155960083e-05,0.0006712004542350769,0.000636386126279831,0.0014447146808681875,0.005777866108740548,0.3819444444444444,0.00023723766207695007,-2.8815837104072397,2.8815837104072397,0.6875,pool=bf16_values_torch_sum_acc_fp32,score=bf16_values_torch_matmul_acc_fp32
R4,24,0.9,"repr=bf16, pool=bf16/native, score=bf16/native",bf16_acc_fp32,bf16,native,144,0.9933365804896668,0.007268301536151323,0.9800979638388527,0.9966571514423077,0.999989246864665,0.00067901611328125,0.16796875,0.173828125,0.9974491709805687,0.9794059946555955,65.0,192,0,0.0021475877848179696,0.0009223793449903453,0.24817264080047607,0.9808023869991302,0.24836669862270355,-0.00015795975923538208,0.0006470680236816406,0.000210648775100708,0.0011118944284997552,0.004212333463735429,0.2638888888888889,0.0004803091287612915,-3.0407056270930615,3.0407056270930615,0.8263888888888888,pool=bf16_values_torch_sum_acc_fp32,score=bf16_values_torch_matmul_acc_fp32
R4,25,0.9,"repr=bf16, pool=bf16/native, score=bf16/native",bf16_acc_fp32,bf16,native,144,0.9890922674635786,0.014876703516959355,0.9590447569495675,0.9945162259615384,0.9999689402171168,0.0011138916015625,0.2734375,0.28515625,0.9963258754112565,0.968139193953595,97.5,221,0,0.0014645521781915935,0.0010847415506995313,0.11937383189797401,0.993595153093338,0.1193726547062397,8.847564458847046e-07,0.0001772996038198471,0.0003171056509017944,0.0006973125012772988,0.0030380638102913064,0.5138888888888888,0.000232793390750885,263.11578947368423,263.11578947368423,0.6736111111111112,pool=bf16_values_torch_sum_acc_fp32,score=bf16_values_torch_matmul_acc_fp32
R4,26,0.9,"repr=bf16, pool=bf16/native, score=bf16/native",bf16_acc_fp32,bf16,native,144,0.9893895240230143,0.011385404974084246,0.958165418335964,0.9946664663461539,0.9999775345963543,0.0010833740234375,0.26171875,0.27734375,0.9967001649917504,0.9690851376105036,106.5,233,0,0.0017387365062641186,0.0014611646449176141,0.052466241642832756,0.9986776113510132,0.05248250439763069,5.639158189296722e-07,0.00010356074199080467,0.00022372826933860778,0.0010023111256333103,0.00423907368197139,0.5138888888888888,0.000334419310092926,593.0305532617672,593.0305532617672,0.7291666666666666,pool=bf16_values_torch_sum_acc_fp32,score=bf16_values_torch_matmul_acc_fp32
R4,27,0.9,"repr=bf16, pool=bf16/native, score=bf16/native",bf16_acc_fp32,bf16,native,144,0.9900586790139124,0.008542973697157952,0.9671356171357338,0.9950045072115384,0.9999859615455327,0.00101470947265625,0.25390625,0.259765625,0.9965504311961005,0.9619026591608846,102.0,227,0,0.0017355860370812668,0.001021745390907877,0.03242436982691288,0.9995319545269012,0.03238777071237564,-1.0237563401460648e-06,0.00017434521578252316,0.0005583077669143677,0.0019537797961148846,0.00571377136941621,0.5,0.0006518121808767319,-636.6868319308619,636.6868319308619,0.7777777777777778,pool=bf16_values_torch_sum_acc_fp32,score=bf16_values_torch_matmul_acc_fp32
R4,28,0.9,"repr=bf16, pool=bf16/native, score=bf16/native",bf16_acc_fp32,bf16,native,144,0.9893895240230143,0.008937697321953042,0.9693037359501047,0.9946664663461539,0.9999889858866103,0.0010833740234375,0.271484375,0.27734375,0.9958020989505247,0.9382644557683056,104.0,235,0,0.0014355490645908075,0.0008787307154690866,0.06456132233142853,0.9980425536632538,0.06457894295454025,-9.813811630010605e-08,0.0001143480185419321,0.00025755241513252257,0.000736059358514363,0.0045173878422656005,0.4722222222222222,0.0010597403161227703,-10798.457888493476,10798.457888493476,0.75,pool=bf16_values_torch_sum_acc_fp32,score=bf16_values_torch_matmul_acc_fp32
R4,29,0.9,"repr=bf16, pool=bf16/native, score=bf16/native",bf16_acc_fp32,bf16,native,144,0.9902074406423612,0.00743588386514582,0.9742620720700554,0.9950796274038461,0.9999910749156917,0.00099945068359375,0.248046875,0.255859375,0.9967001649917504,0.9511909124221326,95.0,223,0,0.0015924839017478092,0.0009522172970457816,0.06049606390297413,0.9983735084533691,0.06058032438158989,-1.9064173102378845e-06,8.407328277826309e-05,0.00019102655351161958,0.0006717568095984468,0.004191921915575774,0.4166666666666667,0.0004534665495157242,-237.86321446018565,237.86321446018565,0.7083333333333334,pool=bf16_values_torch_sum_acc_fp32,score=bf16_values_torch_matmul_acc_fp32
R4,3,0.9,"repr=bf16, pool=bf16/native, score=bf16/native",bf16_acc_fp32,bf16,native,144,0.9899843148770007,0.008909751287291323,0.9650617912562197,0.9949669471153846,0.9999900675521207,0.0010223388671875,0.244140625,0.26171875,0.9961761977444508,0.9714179933358016,95.5,220,0,0.0014567122377988516,0.0008965554075379581,0.181087464094162,0.9871530532836914,0.18105003237724304,1.850724220275879e-05,0.0003301640972495079,0.0006782218813896179,0.0008589883135065321,0.004416788115489743,0.6041666666666666,0.000506693497300148,27.378119967793882,27.378119967793882,0.6388888888888888,pool=bf16_values_torch_sum_acc_fp32,score=bf16_values_torch_matmul_acc_fp32
R4,4,0.9,"repr=bf16, pool=bf16/native, score=bf16/native",bf16_acc_fp32,bf16,native,144,0.9916962810734136,0.006401072093693672,0.977612223025439,0.9958308293269231,0.9999903341585687,0.00084686279296875,0.20703125,0.216796875,0.996999699969997,0.9742686616439763,84.5,217,0,0.001614402604234,0.0008121152183920102,0.13820654898881912,0.992203950881958,0.13836897909641266,1.1883676052093506e-05,0.00022975681349635124,0.0005830228328704834,0.0007800005001636577,0.002329653553922595,0.5763888888888888,0.00030222535133361816,25.431974921630093,25.431974921630093,0.6041666666666666,pool=bf16_values_torch_sum_acc_fp32,score=bf16_values_torch_matmul_acc_fp32
R4,5,0.9,"repr=bf16, pool=bf16/native, score=bf16/native",bf16_acc_fp32,bf16,native,144,0.9924415369337127,0.004808254048699223,0.98392679641352,0.9962064302884616,0.9999901861234164,0.00077056884765625,0.19140625,0.197265625,0.9968499212480312,0.9661042223298599,75.0,169,0,0.0016829995339602121,0.0006540598169583663,0.08401884511113167,0.9969702959060669,0.0838133804500103,1.2574717402458191e-05,0.00013942178338766098,0.00020874738693237304,0.0005366686169341347,0.002463137304050847,0.6111111111111112,0.0009172409772872925,72.94326766404977,72.94326766404977,0.7569444444444444,pool=bf16_values_torch_sum_acc_fp32,score=bf16_values_torch_matmul_acc_fp32
R4,6,0.9,"repr=bf16, pool=bf16/native, score=bf16/native",bf16_acc_fp32,bf16,native,144,0.9890922674635786,0.006422787911404715,0.9705887093597383,0.9945162259615384,0.9999914660663339,0.0011138916015625,0.27734375,0.28515625,0.996999699969997,0.9773478433446543,108.0,209,0,0.0015256340605509146,0.0010021184921362065,0.239897683262825,0.9770510494709015,0.2393656000494957,1.2610107660293579e-05,0.0001969924196600914,0.0003391489386558533,0.0005762779844823707,0.0023360749765376663,0.5208333333333334,1.9788742065429688e-05,1.5692762186115214,1.5692762186115214,0.4861111111111111,pool=bf16_values_torch_sum_acc_fp32,score=bf16_values_torch_matmul_acc_fp32
R4,7,0.9,"repr=bf16, pool=bf16/native, score=bf16/native",bf16_acc_fp32,bf16,native,144,0.9913983348096571,0.009663060942736945,0.9748325697159081,0.9956805889423077,0.9999883117040784,0.00087738037109375,0.216796875,0.224609375,0.9967750431198907,0.9755871358771746,87.5,196,0,0.0016920336225688293,0.0009409906470335618,0.15886279940605164,0.9899095892906189,0.15891379863023758,9.01147723197937e-06,0.0001527378335595131,0.0002499133348464966,0.0004695576667043794,0.0021417761662054576,0.5555555555555556,0.00020046532154083252,22.245556014882183,22.245556014882183,0.6041666666666666,pool=bf16_values_torch_sum_acc_fp32,score=bf16_values_torch_matmul_acc_fp32
R4,8,0.9,"repr=bf16, pool=bf16/native, score=bf16/native",bf16_acc_fp32,bf16,native,144,0.9910260245288662,0.006031169689496241,0.9839933455793158,0.9954927884615384,0.9999900194430918,0.00091552734375,0.228515625,0.234375,0.9965504311961005,0.9717830058513416,91.0,182,0,0.001601046764294153,0.0008198832718208338,0.11518027633428574,0.9947963953018188,0.11539429426193237,-1.6028061509132385e-05,0.00013754167594015598,0.000217399001121521,0.0006092431012075813,0.0023411789894652356,0.4444444444444444,0.0003218837082386017,-20.082510168506683,20.082510168506683,0.7152777777777778,pool=bf16_values_torch_sum_acc_fp32,score=bf16_values_torch_matmul_acc_fp32
R4,9,0.9,"repr=bf16, pool=bf16/native, score=bf16/native",bf16_acc_fp32,bf16,native,144,0.9915472967979416,0.006144120038468426,0.9790602005342816,0.9957557091346154,0.9999901688754792,0.00086212158203125,0.21484375,0.220703125,0.9971495011627035,0.9780823980639236,88.5,180,0,0.0018502076505641121,0.0008395474213929988,0.20203465223312378,0.9836970269680023,0.20188315957784653,-1.9177794456481934e-05,0.00020314473658800125,0.00016916096210479737,0.00047244885502805496,0.001603710835246633,0.4236111111111111,0.00018284469842910767,-9.534188034188034,9.534188034188034,0.6666666666666666,pool=bf16_values_torch_sum_acc_fp32,score=bf16_values_torch_matmul_acc_fp32
R4L,0,0.9,"repr=bf16, pool=bf16/low, score=bf16/low",bf16_acc_bf16,bf16,native,144,0.9486917395382825,0.02841167960843871,0.9034682403663978,0.9736703725961539,0.9996939388614114,0.00534820556640625,0.83984375,1.369140625,0.9610356795029047,0.9280179694127302,101.5,201,0,0.0015845494933197323,0.006492951795945215,0.1016693115234375,0.9950658679008484,0.10181652009487152,2.45729461312294e-05,0.0010138456709682941,0.002350856550037861,0.005244867288187335,0.036102900547177984,0.5416666666666666,4.488229751586914e-05,1.826492325184764,1.826492325184764,0.5555555555555556,pool=bf16_values_sequential_acc_bf16,score=bf16_values_sequential_rank1_acc_bf16
R4L,1,0.9,"repr=bf16, pool=bf16/low, score=bf16/low",bf16_acc_bf16,bf16,native,144,0.9473376347595477,0.01912058385852866,0.8931277219161986,0.9729567307692308,0.9996615896254545,0.0054931640625,0.86328125,1.40625,0.9632770551414915,0.9329171003579824,93.0,225,0,0.0014621617224944705,0.006738784353238037,0.08651700988411903,0.9971415400505066,0.08528706803917885,7.890164852142334e-05,0.0010226250160485506,0.0016718953847885132,0.00705333135425801,0.04025291832169844,0.5694444444444444,0.012483194470405579,158.21208687440983,158.21208687440983,0.7777777777777778,pool=bf16_values_sequential_acc_bf16,score=bf16_values_sequential_rank1_acc_bf16
R4L,10,0.9,"repr=bf16, pool=bf16/low, score=bf16/low",bf16_acc_bf16,bf16,native,144,0.9563524244069594,0.03394964004919998,0.8783027048836292,0.9776893028846154,0.9997499904410163,0.0045318603515625,0.796875,1.16015625,0.9856802019761839,0.9509050026979884,100.0,220,0,0.0017174002653127815,0.006270065135217459,0.22456765174865723,0.9791022837162018,0.22519441694021225,-5.0298869609832764e-05,0.0006472915410995483,0.0005055487155914307,0.0012945193409916117,0.004040998720452378,0.4375,0.0001500546932220459,-2.9832617390016294,2.9832617390016294,0.5277777777777778,pool=bf16_values_sequential_acc_bf16,score=bf16_values_sequential_rank1_acc_bf16
R4L,11,0.9,"repr=bf16, pool=bf16/low, score=bf16/low",bf16_acc_bf16,bf16,native,144,0.9597364864055807,0.01776686941507344,0.9131598648318878,0.9794546274038461,0.9996396298228536,0.00417327880859375,0.7734375,1.068359375,0.985828298649959,0.9554902680866691,94.5,210,0,0.0018420240063344194,0.005915494668063287,0.16629989445209503,0.9881005883216858,0.16614870727062225,-4.336237907409668e-06,0.00036692991852760315,0.0005663782358169556,0.0011484969100721432,0.0040426688334392145,0.4930555555555556,0.0006923601031303406,-159.6683848797251,159.6683848797251,0.5833333333333334,pool=bf16_values_sequential_acc_bf16,score=bf16_values_sequential_rank1_acc_bf16
R4L,12,0.9,"repr=bf16, pool=bf16/low, score=bf16/low",bf16_acc_bf16,bf16,native,144,0.9590154914121252,0.024835644686855396,0.874416145069393,0.9790790264423077,0.9997973022092613,0.00424957275390625,0.771484375,1.087890625,0.9846440551621319,0.9538400731273753,97.0,215,0,0.0017939289491288321,0.0061591439914630485,0.13396188616752625,0.9921656548976898,0.1339883729815483,-1.619383692741394e-05,0.00039818789809942245,0.0005057469010353088,0.001577835457014969,0.006712379142570129,0.4583333333333333,0.001755405217409134,-108.39958592132506,108.39958592132506,0.6319444444444444,pool=bf16_values_sequential_acc_bf16,score=bf16_values_sequential_rank1_acc_bf16
R4L,13,0.9,"repr=bf16, pool=bf16/low, score=bf16/low",bf16_acc_bf16,bf16,native,144,0.9585111078416949,0.030259212651979506,0.8960735665089242,0.9788161057692307,0.9992018292794276,0.004302978515625,0.787109375,1.1015625,0.986643288964675,0.9543419638725685,109.0,215,0,0.0017646420694665639,0.007386456485085248,0.17692000418901443,0.9863415658473969,0.17700379341840744,-3.330409526824951e-05,0.00042883120477199554,0.0005553185939788819,0.0014303895460134797,0.005147714191611409,0.4513888888888889,0.00010038912296295166,-3.014317673378076,3.014317673378076,0.5277777777777778,pool=bf16_values_sequential_acc_bf16,score=bf16_values_sequential_rank1_acc_bf16
R4L,14,0.9,"repr=bf16, pool=bf16/low, score=bf16/low",bf16_acc_bf16,bf16,native,144,0.9519061688490927,0.022518998453025407,0.9144527875552697,0.9753605769230769,0.9995809206049542,0.0050048828125,0.83203125,1.28125,0.9846440551621319,0.9479075316444188,111.0,192,0,0.001631054214635811,0.007205385755152546,0.20650935173034668,0.9840893447399139,0.20659282058477402,-2.3871660232543945e-05,0.0004481375217437744,0.0004375346004962921,0.0011992667246419166,0.003984689004078742,0.4722222222222222,0.0004093870520591736,-17.149500624219726,17.149500624219726,0.5694444444444444,pool=bf16_values_sequential_acc_bf16,score=bf16_values_sequential_rank1_acc_bf16
R4L,15,0.9,"repr=bf16, pool=bf16/low, score=bf16/low",bf16_acc_bf16,bf16,native,144,0.9516199970678786,0.031570434107015766,0.8739607446988339,0.9752103365384616,0.9997817472169622,0.005035400390625,0.818359375,1.2890625,0.9831657355679702,0.9459854574102766,121.5,218,0,0.0016562620474651403,0.0067522963993874256,0.23413608223199844,0.9777950048446655,0.23342520743608475,-9.384006261825562e-05,0.0005352161824703217,0.00048290342092514036,0.0010886713240053619,0.005377811975793946,0.3611111111111111,-0.0008320808410644531,8.867010718539102,8.867010718539102,0.4652777777777778,pool=bf16_values_sequential_acc_bf16,score=bf16_values_sequential_rank1_acc_bf16
R4L,16,0.9,"repr=bf16, pool=bf16/low, score=bf16/low",bf16_acc_bf16,bf16,native,144,0.9451327341612538,0.05091066154886159,0.8771047400969106,0.9717923677884616,0.9997898398447669,0.00572967529296875,0.861328125,1.466796875,0.9819846646318767,0.9422236121366134,133.5,204,0,0.0016627490551838423,0.008742667211363336,0.16858752071857452,0.9878599047660828,0.16769471764564514,-6.330013275146484e-05,0.0005434136837720871,0.0003012150526046753,0.0016016657858558413,0.006071868857460179,0.4097222222222222,0.001245599240064621,-19.677671845574388,19.677671845574388,0.6111111111111112,pool=bf16_values_sequential_acc_bf16,score=bf16_values_sequential_rank1_acc_bf16
R4L,17,0.9,"repr=bf16, pool=bf16/low, score=bf16/low",bf16_acc_bf16,bf16,native,144,0.9606023812434106,0.014085486572383288,0.9192623518153311,0.9799053485576923,0.9996351809388191,0.00408172607421875,0.763671875,1.044921875,0.9830918801480548,0.9542701975162122,78.0,200,0,0.0018375250511544735,0.005712367539877869,0.09441077336668968,0.9965012967586517,0.09434860572218895,-1.1686235666275024e-05,0.00038203317672014236,0.0003703795373439789,0.001988523997725353,0.0077876601632593575,0.4791666666666667,0.0029042549431324005,-248.5192859419828,248.5192859419828,0.8402777777777778,pool=bf16_values_sequential_acc_bf16,score=bf16_values_sequential_rank1_acc_bf16
R4L,18,0.9,"repr=bf16, pool=bf16/low, score=bf16/low",bf16_acc_bf16,bf16,native,144,0.9668304456041943,0.03415590389714118,0.9103793455039133,0.9831355168269231,0.9996401862112003,0.00342559814453125,0.67578125,0.876953125,0.9822798004616187,0.9561369354984968,68.0,219,0,0.0019240415058883885,0.005060194339926995,0.31931306421756744,0.9614353477954865,0.31923356652259827,-0.0002535805106163025,0.0010780338197946548,0.0010130822658538819,0.0021482924933268104,0.008365237423444551,0.3402777777777778,0.0019991733133792877,-7.8837814014984575,7.8837814014984575,0.7291666666666666,pool=bf16_values_sequential_acc_bf16,score=bf16_values_sequential_rank1_acc_bf16
R4L,19,0.9,"repr=bf16, pool=bf16/low, score=bf16/low",bf16_acc_bf16,bf16,native,144,0.9590155126248765,0.029130135334371143,0.9170576552114278,0.9790790264423077,0.9987051771792445,0.00424957275390625,0.783203125,1.087890625,0.9839046199701937,0.953338235019199,89.0,211,0,0.0017894356227208205,0.006489386932699811,0.15009070932865143,0.9924679100513458,0.15037209540605545,-8.34297388792038e-05,0.0004976121708750725,0.00030037760734558105,0.0018681565073013083,0.009915513097636827,0.4236111111111111,0.0016431882977485657,-19.69547453729544,19.69547453729544,0.6944444444444444,pool=bf16_values_sequential_acc_bf16,score=bf16_values_sequential_rank1_acc_bf16
R4L,2,0.9,"repr=bf16, pool=bf16/low, score=bf16/low",bf16_acc_bf16,bf16,native,144,0.9494765007675443,0.02001582315268091,0.9116550722057918,0.9740835336538461,0.9995289519094746,0.0052642822265625,0.845703125,1.34765625,0.9654511520634284,0.9391114348142753,84.0,195,0,0.001511628849490534,0.00647147672581401,0.09643885120749474,0.9960975348949432,0.09361639991402626,9.851343929767609e-05,0.001028232742100954,0.004942382872104645,0.006462761236469632,0.047714932526607634,0.5972222222222222,0.005916239693760872,60.055153245476376,60.055153245476376,0.7152777777777778,pool=bf16_values_sequential_acc_bf16,score=bf16_values_sequential_rank1_acc_bf16
R4L,20,0.9,"repr=bf16, pool=bf16/low, score=bf16/low",bf16_acc_bf16,bf16,native,144,0.9579350010286058,0.020509099647213258,0.9280389038770707,0.978515625,0.9995007826265622,0.004364013671875,0.787109375,1.1171875,0.9774212715389186,0.9493337238248646,83.0,206,0,0.0017665611843413033,0.006727641377571066,0.06297910958528519,0.9982436299324036,0.06276556476950645,7.429998368024826e-05,0.00039143115282058716,0.0010447144508361817,0.0035585927398975644,0.04483119364609922,0.6180555555555556,0.010185860097408295,137.0910139259705,137.0910139259705,0.9166666666666666,pool=bf16_values_sequential_acc_bf16,score=bf16_values_sequential_rank1_acc_bf16
R4L,21,0.9,"repr=bf16, pool=bf16/low, score=bf16/low",bf16_acc_bf16,bf16,native,144,0.9596643709878885,0.02286837593744484,0.9229979664062216,0.9794170673076923,0.9994064588918136,0.004180908203125,0.767578125,1.0703125,0.9795531678623242,0.950476200944471,78.0,213,0,0.001788848840842198,0.006315422318174321,0.10754198953509331,0.9951295554637909,0.10695641115307808,4.502013325691223e-05,0.00050300732254982,0.0006728249602019787,0.0026242815680714206,0.019144631403582264,0.5486111111111112,0.007182672619819641,159.54356640463385,159.54356640463385,0.8680555555555556,pool=bf16_values_sequential_acc_bf16,score=bf16_values_sequential_rank1_acc_bf16
R4L,22,0.9,"repr=bf16, pool=bf16/low, score=bf16/low",bf16_acc_bf16,bf16,native,144,0.9560651164053542,0.03956388703066105,0.8656996490487263,0.9775390625,0.9987855219532986,0.0045623779296875,0.8046875,1.16796875,0.9833134684147795,0.9492623667078053,111.5,215,0,0.001947465792261445,0.007131550569097039,0.26305611431598663,0.9711210429668427,0.26304690539836884,-3.585033118724823e-05,0.0008648354560136795,0.0005892395973205566,0.0016813117770864009,0.006826425150486676,0.4652777777777778,0.0009334161877632141,-26.036473216605184,26.036473216605184,0.6041666666666666,pool=bf16_values_sequential_acc_bf16,score=bf16_values_sequential_rank1_acc_bf16
R4L,23,0.9,"repr=bf16, pool=bf16/low, score=bf16/low",bf16_acc_bf16,bf16,native,144,0.9430740451932623,0.047103712895940175,0.8309110028981154,0.970703125,0.9993678498290319,0.005950927734375,0.890625,1.5234375,0.979626748992125,0.9343917111364368,127.5,249,0,0.0017077393594301517,0.00881447476272629,0.1957801803946495,0.9825709760189056,0.1957385465502739,-1.1399388313293457e-06,0.0017416588962078094,0.0016549646854400635,0.0036708765358319092,0.013166568451777317,0.5,0.001631028950214386,-1430.8039215686274,1430.8039215686274,0.6319444444444444,pool=bf16_values_sequential_acc_bf16,score=bf16_values_sequential_rank1_acc_bf16
R4L,24,0.9,"repr=bf16, pool=bf16/low, score=bf16/low",bf16_acc_bf16,bf16,native,144,0.9680664050632269,0.02875609449618155,0.9178188402108418,0.9837740384615385,0.9995105759057041,0.0032958984375,0.68359375,0.84375,0.9853100210290717,0.9637840143385251,64.0,199,0,0.0021475877848179696,0.005644027130169671,0.24850665032863617,0.980615109205246,0.24836669862270355,-0.00010557472705841064,0.0009710080921649933,0.0006351694464683533,0.001753025624727378,0.009505604984241271,0.4375,0.002964101731777191,-28.075864502470008,28.075864502470008,0.8055555555555556,pool=bf16_values_sequential_acc_bf16,score=bf16_values_sequential_rank1_acc_bf16
R4L,25,0.9,"repr=bf16, pool=bf16/low, score=bf16/low",bf16_acc_bf16,bf16,native,144,0.9467680608365019,0.05783780828680496,0.8526844330097209,0.97265625,0.9992603386012512,0.00555419921875,0.83984375,1.421875,0.9797003410641714,0.9398181080776915,98.5,219,0,0.0014645521781915935,0.00699860202420585,0.11949808523058891,0.993600606918335,0.1193726547062397,-1.1263415217399597e-05,0.0005154814571142197,0.000634438544511795,0.0023406542182546532,0.008898285004366926,0.4930555555555556,0.001261407509446144,-111.99156606581776,111.99156606581776,0.6805555555555556,pool=bf16_values_sequential_acc_bf16,score=bf16_values_sequential_rank1_acc_bf16
R4L,26,0.9,"repr=bf16, pool=bf16/low, score=bf16/low",bf16_acc_bf16,bf16,native,144,0.9503333193810779,0.03902780868698352,0.8596977428833364,0.9745342548076923,0.9994996601814472,0.0051727294921875,0.841796875,1.32421875,0.978155880823241,0.9452034881362252,101.0,225,0,0.0017387365062641186,0.008220433752838933,0.05269883573055267,0.9986556470394135,0.05248250439763069,8.011423051357269e-05,0.00045572826638817787,0.0005192324519157409,0.004992470546011169,0.020115035605801954,0.6319444444444444,0.00142752006649971,17.81855804329125,17.81855804329125,0.7291666666666666,pool=bf16_values_sequential_acc_bf16,score=bf16_values_sequential_rank1_acc_bf16
R4L,27,0.9,"repr=bf16, pool=bf16/low, score=bf16/low",bf16_acc_bf16,bf16,native,144,0.9489056438035283,0.01541205211308505,0.8951763258116792,0.9737830528846154,0.9995386198844333,0.0053253173828125,0.859375,1.36328125,0.9665398704667314,0.9343214181923859,102.0,222,0,0.0017355860370812668,0.007609178152002881,0.03281547129154205,0.9995247721672058,0.03238777071237564,0.00010112300515174866,0.000648104352876544,0.0011701859533786775,0.006513086031788797,0.03948312251483869,0.5694444444444444,0.004236271604895592,41.89226376864984,41.89226376864984,0.8263888888888888,pool=bf16_values_sequential_acc_bf16,score=bf16_values_sequential_rank1_acc_bf16
R4L,28,0.9,"repr=bf16, pool=bf16/low, score=bf16/low",bf16_acc_bf16,bf16,native,144,0.936220524113637,0.031946753087638946,0.8601922555755712,0.9670597956730769,0.9984344949261486,0.00669097900390625,0.91015625,1.712890625,0.9500476190455753,0.9164987042902389,103.0,231,0,0.0014355490645908075,0.008496641762351279,0.06382742151618004,0.9980305135250092,0.06457894295454025,-9.722309187054634e-06,0.0007989166770130396,0.0016999423503875732,0.007539166165443473,0.041409656888566404,0.4652777777777778,0.008402221370488405,-864.2207534066144,864.2207534066144,0.7847222222222222,pool=bf16_values_sequential_acc_bf16,score=bf16_values_sequential_rank1_acc_bf16
R4L,29,0.9,"repr=bf16, pool=bf16/low, score=bf16/low",bf16_acc_bf16,bf16,native,144,0.9475512991928567,0.023394641386119686,0.9001332035236468,0.9730694110576923,0.9990853185860502,0.00547027587890625,0.87109375,1.400390625,0.957647069407694,0.9270411117544876,98.0,221,0,0.0015924839017478092,0.007917985291834403,0.06460196524858475,0.998337596654892,0.06058032438158989,-1.648440957069397e-07,0.0005201837047934532,0.0007065817713737488,0.00410948764072167,0.026969822027450175,0.4930555555555556,0.0027226973325014114,-16516.802259887005,16516.802259887005,0.7013888888888888,pool=bf16_values_sequential_acc_bf16,score=bf16_values_sequential_rank1_acc_bf16
R4L,3,0.9,"repr=bf16, pool=bf16/low, score=bf16/low",bf16_acc_bf16,bf16,native,144,0.9486916769008359,0.02166784485317419,0.8698628340633114,0.9736703725961539,0.9995661795288986,0.00534820556640625,0.84375,1.369140625,0.979332391643744,0.9423652562066336,97.0,217,0,0.0014567122377988516,0.006604169564697723,0.18106462061405182,0.9871486723423004,0.18105003237724304,6.870180368423462e-05,0.0004894360899925232,0.0009050721302628518,0.0016442924709418555,0.024546935249001856,0.6180555555555556,0.0021281838417053223,30.97711744930051,30.97711744930051,0.6180555555555556,pool=bf16_values_sequential_acc_bf16,score=bf16_values_sequential_rank1_acc_bf16
R4L,4,0.9,"repr=bf16, pool=bf16/low, score=bf16/low",bf16_acc_bf16,bf16,native,144,0.9597364864055807,0.01986829207927876,0.9107383703985124,0.9794546274038461,0.999614159573055,0.00417327880859375,0.76171875,1.068359375,0.9821322325467476,0.9543419217499817,83.5,213,0,0.001614402604234,0.005795500616450859,0.13858069479465485,0.9922227263450623,0.13836897909641266,4.0753744542598724e-05,0.0004661679267883301,0.0007311731576919555,0.0015332542425431474,0.00856820388942946,0.5555555555555556,0.0010830797255039215,26.57620146712676,26.57620146712676,0.5902777777777778,pool=bf16_values_sequential_acc_bf16,score=bf16_values_sequential_rank1_acc_bf16
R4L,5,0.9,"repr=bf16, pool=bf16/low, score=bf16/low",bf16_acc_bf16,bf16,native,144,0.9581509973893788,0.018989974049414493,0.9252504740272279,0.9786283052884616,0.9996131878453749,0.00434112548828125,0.787109375,1.111328125,0.9762470308788599,0.9486916977799843,80.0,176,0,0.0016829995339602121,0.005674838059403991,0.08426780253648758,0.996974766254425,0.0838133804500103,-9.585171937942505e-06,0.00044289417564868927,0.0006113573908805847,0.002598414040851209,0.0320692626634579,0.4930555555555556,0.007608328014612198,-793.7602020987174,793.7602020987174,0.7569444444444444,pool=bf16_values_sequential_acc_bf16,score=bf16_values_sequential_rank1_acc_bf16
R4L,6,0.9,"repr=bf16, pool=bf16/low, score=bf16/low",bf16_acc_bf16,bf16,native,144,0.9553466509988249,0.021364343357331173,0.9020959742227233,0.9771634615384616,0.9998298399140217,0.004638671875,0.8046875,1.1875,0.9857542447903733,0.9515484724766206,109.0,208,0,0.0015256340605509146,0.006026448994832468,0.2407405599951744,0.9769979119300842,0.2393656000494957,-3.7711113691329956e-05,0.0005442574620246887,0.0007422715425491333,0.0012159055743035706,0.00715172705636683,0.4583333333333333,0.00019503384828567505,-5.171787019658204,5.171787019658204,0.4930555555555556,pool=bf16_values_sequential_acc_bf16,score=bf16_values_sequential_rank1_acc_bf16
R4L,7,0.9,"repr=bf16, pool=bf16/low, score=bf16/low",bf16_acc_bf16,bf16,native,144,0.9592317421574635,0.031132096048252844,0.9121494790219599,0.9791917067307692,0.9997100740560628,0.0042266845703125,0.767578125,1.08203125,0.9836090111598783,0.9546292611439436,86.0,196,0,0.0016920336225688293,0.006347907458194291,0.15894515812397003,0.9899357855319977,0.15891379863023758,-1.5616416931152344e-05,0.0004687737673521042,0.0005611851811408997,0.00155078943533903,0.0090135657659418,0.4930555555555556,0.0009994469583034515,-63.999761450381676,63.999761450381676,0.6388888888888888,pool=bf16_values_sequential_acc_bf16,score=bf16_values_sequential_rank1_acc_bf16
R4L,8,0.9,"repr=bf16, pool=bf16/low, score=bf16/low",bf16_acc_bf16,bf16,native,144,0.9578630022424605,0.016728010931948423,0.9289753001499139,0.9784780649038461,0.9997017010048737,0.00437164306640625,0.783203125,1.119140625,0.9819846646318767,0.9502618786005317,87.5,162,0,0.001601046764294153,0.006175418547269483,0.1151050552725792,0.9948008358478546,0.11539429426193237,-8.646398782730103e-06,0.0004128348082304001,0.00041448399424552916,0.0016082936858570892,0.007438938813054842,0.4930555555555556,0.0020190849900245667,-233.51744937526928,233.51744937526928,0.6666666666666666,pool=bf16_values_sequential_acc_bf16,score=bf16_values_sequential_rank1_acc_bf16
R4L,9,0.9,"repr=bf16, pool=bf16/low, score=bf16/low",bf16_acc_bf16,bf16,native,144,0.9607467714475244,0.018966093173960363,0.9273552804742504,0.97998046875,0.9997711681987613,0.00406646728515625,0.755859375,1.041015625,0.9855321053024089,0.9572153201499669,87.0,186,0,0.0018502076505641121,0.005920859022446027,0.20150849223136902,0.9837426245212555,0.20188315957784653,1.5927478671073914e-05,0.0004462096840143204,0.0005116485059261322,0.0010845030039925124,0.006408941395621722,0.5208333333333334,0.000875912606716156,54.993801894515265,54.993801894515265,0.6458333333333334,pool=bf16_values_sequential_acc_bf16,score=bf16_values_sequential_rank1_acc_bf16
R5,0,0.9,"repr=nvfp4, pool=bf16/native, score=bf16/native",bf16_acc_fp32,nvfp4,native,144,0.9484777621925766,0.026092112764667608,0.9042208766683496,0.9735576923076923,0.9997169264164758,0.00537109375,0.837890625,1.375,0.9492623667078053,0.9899843037596233,101.0,199,0,0.0015845494933197323,0.00719838383911945,0.10204316675662994,0.9950635731220245,0.10181652009487152,-1.5889410860836506e-05,0.0013017912860959768,0.0017508715391159058,0.004302546761518527,0.04534639463052621,0.4861111111111111,-0.00011834874749183655,7.448277883199379,7.448277883199379,0.5555555555555556,pool=bf16_values_torch_sum_acc_fp32,score=bf16_values_torch_matmul_acc_fp32
R5,1,0.9,"repr=nvfp4, pool=bf16/native, score=bf16/native",bf16_acc_fp32,nvfp4,native,144,0.9572153201499669,0.0202890974038471,0.929338287151271,0.9781400240384616,0.9996657888457567,0.0044403076171875,0.7734375,1.13671875,0.9594480459592727,0.9908027096284024,91.0,223,0,0.0014621617224944705,0.004749275156395545,0.08567456156015396,0.9972988367080688,0.08528706803917885,8.974224328994751e-06,0.0008873776532709599,0.0016860112547874451,0.006745899787562719,0.047112591250651606,0.5069444444444444,0.008403539657592773,936.4084682440847,936.4084682440847,0.7916666666666666,pool=bf16_values_torch_sum_acc_fp32,score=bf16_values_torch_matmul_acc_fp32
R5,10,0.9,"repr=nvfp4, pool=bf16/native, score=bf16/native",bf16_acc_fp32,nvfp4,native,144,0.9771275805732957,0.016872520288166104,0.945857473117305,0.9884314903846154,0.9997678036523376,0.002349853515625,0.53125,0.6015625,0.979332391643744,0.9901330542682015,99.0,217,0,0.0017174002653127815,0.002851982285449093,0.224808007478714,0.9791357517242432,0.22519441694021225,3.2186508178710938e-06,0.0005164220929145813,0.0006316706538200378,0.0011894880562125668,0.002994794897333796,0.5069444444444444,9.156763553619385e-05,28.449074074074073,28.449074074074073,0.5486111111111112,pool=bf16_values_torch_sum_acc_fp32,score=bf16_values_torch_matmul_acc_fp32
R5,11,0.9,"repr=nvfp4, pool=bf16/native, score=bf16/native",bf16_acc_fp32,nvfp4,native,144,0.9775681497437421,0.011772431857088206,0.9599745299305835,0.9886568509615384,0.9998013941876689,0.0023040771484375,0.53125,0.58984375,0.9790381327584925,0.9902818270165209,96.0,201,0,0.0018420240063344194,0.0028200286476385665,0.16612888872623444,0.9881393015384674,0.16614870727062225,1.8849968910217285e-06,0.00036381185054779053,0.0005124509334564209,0.0011710919004277792,0.004796299817252931,0.5,0.00024706870317459106,131.07114624505928,131.07114624505928,0.5902777777777778,pool=bf16_values_torch_sum_acc_fp32,score=bf16_values_torch_matmul_acc_fp32
R5,12,0.9,"repr=nvfp4, pool=bf16/native, score=bf16/native",bf16_acc_fp32,nvfp4,native,144,0.9734638015180508,0.016571729983603456,0.9412327543535876,0.9865534855769231,0.9998321198242867,0.0027313232421875,0.583984375,0.69921875,0.9747079574719919,0.9898355754857997,95.5,230,0,0.0017939289491288321,0.0033089266968825914,0.13420116156339645,0.9921887516975403,0.1339883729815483,3.254413604736328e-05,0.0003354288637638092,0.0004977941513061524,0.0012070856356184677,0.005913996735244847,0.5833333333333334,0.000853314995765686,26.220238095238095,26.220238095238095,0.6111111111111112,pool=bf16_values_torch_sum_acc_fp32,score=bf16_values_torch_matmul_acc_fp32
R5,13,0.9,"repr=nvfp4, pool=bf16/native, score=bf16/native",bf16_acc_fp32,nvfp4,native,144,0.9758805869924527,0.0173059636115781,0.952858410522986,0.98779296875,0.9996895826942941,0.00247955322265625,0.548828125,0.634765625,0.9790381436934192,0.9886465491484911,109.0,211,0,0.0017646420694665639,0.00311655541196423,0.17729009687900543,0.9863071739673615,0.17700379341840744,-5.61252236366272e-05,0.0002581123262643814,0.0003266185522079468,0.0008009589928974032,0.0026274873731575747,0.4027777777777778,4.541128873825073e-05,-0.8091065976370636,0.8091065976370636,0.5416666666666666,pool=bf16_values_torch_sum_acc_fp32,score=bf16_values_torch_matmul_acc_fp32
R5,14,0.9,"repr=nvfp4, pool=bf16/native, score=bf16/native",bf16_acc_fp32,nvfp4,native,144,0.9748544328614445,0.010885031521415067,0.9592317315475751,0.9872671274038461,0.9998086863335482,0.00258636474609375,0.5703125,0.662109375,0.976907372318377,0.988201030542902,111.5,192,0,0.001631054214635811,0.0030477013430040382,0.20660246163606644,0.9840321838855743,0.20659282058477402,-1.547485589981079e-05,0.0003923177719116211,0.0003949910402297974,0.0010361049224179852,0.003736202862716559,0.4722222222222222,0.0003098621964454651,-20.02359171882523,20.02359171882523,0.5486111111111112,pool=bf16_values_torch_sum_acc_fp32,score=bf16_values_torch_matmul_acc_fp32
R5,15,0.9,"repr=nvfp4, pool=bf16/native, score=bf16/native",bf16_acc_fp32,nvfp4,native,144,0.9701050870047749,0.014178847873093536,0.9425707222743384,0.9848257211538461,0.9997923540113167,0.003082275390625,0.623046875,0.7890625,0.9738295612250112,0.9870881096448625,120.5,225,0,0.0016562620474651403,0.0034688623438916036,0.2334005981683731,0.9777352511882782,0.23342520743608475,-2.205371856689453e-06,0.00047963298857212067,0.0009011879563331604,0.001053749541413102,0.004213823022780146,0.4930555555555556,-0.0003739297389984131,169.55405405405406,169.55405405405406,0.4375,pool=bf16_values_torch_sum_acc_fp32,score=bf16_values_torch_matmul_acc_fp32
R5,16,0.9,"repr=nvfp4, pool=bf16/native, score=bf16/native",bf16_acc_fp32,nvfp4,native,144,0.9714179933358016,0.01791170313853141,0.9462201718688613,0.9855018028846154,0.9997537795750144,0.0029449462890625,0.625,0.75390625,0.9740490843034033,0.9853100210290717,132.0,202,0,0.0016627490551838423,0.0035630821922887227,0.1679229959845543,0.9878627061843872,0.16769471764564514,-9.24430787563324e-06,0.00032644346356391907,0.0006483137607574463,0.0012546301907130166,0.003899293799670528,0.4791666666666667,0.0006119981408119202,-66.20269997985089,66.20269997985089,0.5694444444444444,pool=bf16_values_torch_sum_acc_fp32,score=bf16_values_torch_matmul_acc_fp32
R5,17,0.9,"repr=nvfp4, pool=bf16/native, score=bf16/native",bf16_acc_fp32,nvfp4,native,144,0.975220713702797,0.00991548848276147,0.9547939234499958,0.9874549278846154,0.9997910215981676,0.0025482177734375,0.560546875,0.65234375,0.976907372318377,0.9927397954633357,78.5,202,0,0.0018375250511544735,0.0031922754228111807,0.09428931400179863,0.9965136051177979,0.09434860572218895,-4.040077328681946e-06,0.0002774684689939022,0.00039549916982650757,0.0014713367002861981,0.007700494159770416,0.4861111111111111,0.0016146451234817505,-399.65698478561546,399.65698478561546,0.7986111111111112,pool=bf16_values_torch_sum_acc_fp32,score=bf16_values_torch_matmul_acc_fp32
R5,18,0.9,"repr=nvfp4, pool=bf16/native, score=bf16/native",bf16_acc_fp32,nvfp4,native,144,0.9743418613274009,0.02010955343653842,0.9489556846926943,0.9870042067307693,0.9995419302399662,0.0026397705078125,0.576171875,0.67578125,0.9754405517821039,0.9930381433019473,66.5,206,0,0.0019240415058883885,0.003402142698676517,0.31836503744125366,0.9611880779266357,0.31923356652259827,-8.410215377807617e-05,0.001950092613697052,0.00207693874835968,0.002986006049374661,0.008641026322670622,0.4791666666666667,0.001343797892332077,-15.97816265060241,15.97816265060241,0.6875,pool=bf16_values_torch_sum_acc_fp32,score=bf16_values_torch_matmul_acc_fp32
R5,19,0.9,"repr=nvfp4, pool=bf16/native, score=bf16/native",bf16_acc_fp32,nvfp4,native,144,0.9765404602821084,0.014060772767618634,0.9477027179407577,0.9881310096153846,0.9995698464348897,0.002410888671875,0.546875,0.6171875,0.9772744260561071,0.9909515825179289,90.5,205,0,0.0017894356227208205,0.002984525236607338,0.15014025568962097,0.9924661219120026,0.15037209540605545,-5.525350570678711e-05,0.0005050487816333771,0.0003796551376581192,0.0018123011687709585,0.00953745648372184,0.4236111111111111,0.0010839104652404785,-19.617044228694713,19.617044228694713,0.7430555555555556,pool=bf16_values_torch_sum_acc_fp32,score=bf16_values_torch_matmul_acc_fp32
R5,2,0.9,"repr=nvfp4, pool=bf16/native, score=bf16/native",bf16_acc_fp32,nvfp4,native,144,0.9635666453880434,0.02140792369119715,0.9340825436891951,0.9814453125,0.9997974057926915,0.0037689208984375,0.712890625,0.96484375,0.9647983495996129,0.9913238593866867,86.5,182,0,0.001511628849490534,0.004094679002134999,0.09426920115947723,0.996148943901062,0.09361639991402626,0.00018884241580963135,0.0012345397844910622,0.0036343909800052644,0.0056182468520603575,0.022266448772959625,0.6944444444444444,0.0037067700177431107,19.62890594176596,19.62890594176596,0.6805555555555556,pool=bf16_values_torch_sum_acc_fp32,score=bf16_values_torch_matmul_acc_fp32
R5,20,0.9,"repr=nvfp4, pool=bf16/native, score=bf16/native",bf16_acc_fp32,nvfp4,native,144,0.9653059718018749,0.026568774776468462,0.9354463506833381,0.9823467548076923,0.999715329417324,0.0035858154296875,0.701171875,0.91796875,0.9665398704667314,0.9920688365132809,82.5,204,0,0.0017665611843413033,0.0043103377429463356,0.06309917569160461,0.9982658326625824,0.06276556476950645,5.984306335449219e-05,0.0002999217249453068,0.0005874432623386383,0.0023227977895588863,0.04101440179046394,0.6319444444444444,0.006332173943519592,105.81299800796813,105.81299800796813,0.9305555555555556,pool=bf16_values_torch_sum_acc_fp32,score=bf16_values_torch_matmul_acc_fp32
R5,21,0.9,"repr=nvfp4, pool=bf16/native, score=bf16/native",bf16_acc_fp32,nvfp4,native,144,0.9722942548415952,0.019977122175684037,0.9394010673788769,0.9859525240384616,0.9995286552585373,0.0028533935546875,0.607421875,0.73046875,0.9725865115321921,0.9924415369337127,76.0,206,0,0.001788848840842198,0.003850049462764426,0.107058335095644,0.99514240026474,0.10695641115307808,0.00010387226939201355,0.0005358094349503517,0.0007953427731990815,0.0031317042019148936,0.02387154843749529,0.6111111111111112,0.004220400005578995,40.63067101818312,40.63067101818312,0.8541666666666666,pool=bf16_values_torch_sum_acc_fp32,score=bf16_values_torch_matmul_acc_fp32
R5,22,0.9,"repr=nvfp4, pool=bf16/native, score=bf16/native",bf16_acc_fp32,nvfp4,native,144,0.9751474488395291,0.020823753407557377,0.9299468344153604,0.9874173677884616,0.9997291922937396,0.00255584716796875,0.55859375,0.654296875,0.9769807678027772,0.9890179699786144,105.5,226,0,0.001947465792261445,0.003466170858301282,0.2630370557308197,0.971093088388443,0.26304690539836884,-2.3242086172103882e-05,0.0005905777215957642,0.0007043346762657165,0.00131627070538995,0.005407006155228588,0.4375,0.000528186559677124,-22.725436768712935,22.725436768712935,0.6180555555555556,pool=bf16_values_torch_sum_acc_fp32,score=bf16_values_torch_matmul_acc_fp32
R5,23,0.9,"repr=nvfp4, pool=bf16/native, score=bf16/native",bf16_acc_fp32,nvfp4,native,144,0.9676298869263174,0.021862218673628364,0.9207437779635008,0.9835486778846154,0.9997608806742493,0.0033416748046875,0.666015625,0.85546875,0.9730981610817397,0.9864209505334627,123.0,240,0,0.0017077393594301517,0.0038303226999685386,0.19580528885126114,0.9825868606567383,0.1957385465502739,3.972649574279785e-05,0.0010722652077674866,0.0014086097478866577,0.0025616656618594785,0.009857421418273466,0.5277777777777778,0.0006748326122760773,16.986965491372843,16.986965491372843,0.6527777777777778,pool=bf16_values_torch_sum_acc_fp32,score=bf16_values_torch_matmul_acc_fp32
R5,24,0.9,"repr=nvfp4, pool=bf16/native, score=bf16/native",bf16_acc_fp32,nvfp4,native,144,0.9792588214537483,0.01383444982960258,0.9531234147203568,0.9895207331730769,0.9996497344497481,0.00212860107421875,0.494140625,0.544921875,0.9802893403862851,0.9932619600209628,64.5,202,0,0.0021475877848179696,0.0031208837807248347,0.24808714538812637,0.9806402921676636,0.24836669862270355,4.254281520843506e-06,0.0009189629927277565,0.0012424945831298827,0.002163840992847324,0.005489030820061266,0.5069444444444444,0.001528322696685791,359.2434325744308,359.2434325744308,0.8194444444444444,pool=bf16_values_torch_sum_acc_fp32,score=bf16_values_torch_matmul_acc_fp32
R5,25,0.9,"repr=nvfp4, pool=bf16/native, score=bf16/native",bf16_acc_fp32,nvfp4,native,144,0.9680663297847854,0.025154354718535554,0.8698177968730679,0.9837740384615385,0.9997577861686063,0.0032958984375,0.646484375,0.84375,0.9723673027765588,0.989538185622478,99.0,219,0,0.0014645521781915935,0.0034320901211807447,0.11911491677165031,0.9935954213142395,0.1193726547062397,5.570799112319946e-05,0.0004711993969976902,0.0006540223956108093,0.0020117293914960217,0.005757631222606471,0.6041666666666666,0.0006318464875221252,11.342115821853685,11.342115821853685,0.6736111111111112,pool=bf16_values_torch_sum_acc_fp32,score=bf16_values_torch_matmul_acc_fp32
R5,26,0.9,"repr=nvfp4, pool=bf16/native, score=bf16/native",bf16_acc_fp32,nvfp4,native,144,0.9686483288967761,0.019726284415363282,0.9332048749298506,0.9840745192307693,0.9997223920875864,0.00323486328125,0.646484375,0.828125,0.9712720272471494,0.9896125275321119,103.5,233,0,0.0017387365062641186,0.004057033942366153,0.05255822092294693,0.9986875355243683,0.05248250439763069,4.4937245547771454e-05,0.00018019601702690125,0.00034672319889068605,0.0020336641970853057,0.00994968386376824,0.6319444444444444,0.0008063558489084244,17.944042610515844,17.944042610515844,0.75,pool=bf16_values_torch_sum_acc_fp32,score=bf16_values_torch_matmul_acc_fp32
R5,27,0.9,"repr=nvfp4, pool=bf16/native, score=bf16/native",bf16_acc_fp32,nvfp4,native,144,0.9611800696929149,0.02616350010577151,0.9290587043058075,0.9802058293269231,0.9997598770922486,0.00402069091796875,0.76171875,1.029296875,0.9629875396298754,0.9901330653880721,101.0,226,0,0.0017355860370812668,0.005960052357036231,0.03234343230724335,0.9995332360267639,0.03238777071237564,7.975753396749496e-05,0.0005814130418002605,0.0009497970342636109,0.004796790114373893,0.03355011205785516,0.6111111111111112,0.003610999323427677,45.27471128808136,45.27471128808136,0.7847222222222222,pool=bf16_values_torch_sum_acc_fp32,score=bf16_values_torch_matmul_acc_fp32
R5,28,0.9,"repr=nvfp4, pool=bf16/native, score=bf16/native",bf16_acc_fp32,nvfp4,native,144,0.9379119158863576,0.03876096277405172,0.8580695601206066,0.9679612379807692,0.9966501353769501,0.00650787353515625,0.890625,1.666015625,0.9388996129556286,0.9893895240230143,103.0,239,0,0.0014355490645908075,0.007032075899564657,0.06382447481155396,0.9980436861515045,0.06457894295454025,3.441702574491501e-06,0.0005465792492032051,0.0009462364017963409,0.005172802934500943,0.0518796417191751,0.5347222222222222,0.0054965876042842865,1597.0547963739684,1597.0547963739684,0.7569444444444444,pool=bf16_values_torch_sum_acc_fp32,score=bf16_values_torch_matmul_acc_fp32
R5,29,0.9,"repr=nvfp4, pool=bf16/native, score=bf16/native",bf16_acc_fp32,nvfp4,native,144,0.9520493124488929,0.03753875002798246,0.9082568807339448,0.9754356971153846,0.9987297849771458,0.0049896240234375,0.8359375,1.27734375,0.9528367650133515,0.9905794392523365,94.5,226,0,0.0015924839017478092,0.006416110216795334,0.06049893610179424,0.9983771741390228,0.06058032438158989,8.864514529705048e-05,0.0005332399159669876,0.0008556140586733818,0.002801586545962592,0.04575438787001367,0.625,0.0026986468583345413,30.44325607782984,30.44325607782984,0.7083333333333334,pool=bf16_values_torch_sum_acc_fp32,score=bf16_values_torch_matmul_acc_fp32
R5,3,0.9,"repr=nvfp4, pool=bf16/native, score=bf16/native",bf16_acc_fp32,nvfp4,native,144,0.9714909871892279,0.015550169965480864,0.9388713758688061,0.9855393629807693,0.9997218981381877,0.00293731689453125,0.62109375,0.751953125,0.9730250481695568,0.9898355866006845,102.0,222,0,0.0014567122377988516,0.003165894976866739,0.1810598522424698,0.9871399402618408,0.18105003237724304,7.90916383266449e-05,0.0005507078021764755,0.0012838415801525115,0.001806921438873117,0.023058044431726044,0.5972222222222222,0.0011620596051216125,14.692572182186426,14.692572182186426,0.6597222222222222,pool=bf16_values_torch_sum_acc_fp32,score=bf16_values_torch_matmul_acc_fp32
R5,4,0.9,"repr=nvfp4, pool=bf16/native, score=bf16/native",bf16_acc_fp32,nvfp4,native,144,0.9744150718680908,0.009364750547502632,0.9434995255128111,0.9870417668269231,0.9997361946723882,0.00263214111328125,0.56640625,0.673828125,0.9758803693390941,0.9914728102326277,87.5,210,0,0.001614402604234,0.0029904695558949,0.13851099461317062,0.9922125041484833,0.13836897909641266,2.731545828282833e-05,0.0004329979419708252,0.000670771300792694,0.0012204506444660557,0.005748855558748426,0.5902777777777778,0.0006332062184810638,23.181240890222384,23.181240890222384,0.5972222222222222,pool=bf16_values_torch_sum_acc_fp32,score=bf16_values_torch_matmul_acc_fp32
R5,5,0.9,"repr=nvfp4, pool=bf16/native, score=bf16/native",bf16_acc_fp32,nvfp4,native,144,0.9670484037924275,0.014062186777171637,0.9435633817326184,0.9832481971153846,0.999491565056628,0.0034027099609375,0.66015625,0.87109375,0.9685755507700147,0.9926652196691864,75.0,172,0,0.0016829995339602121,0.004038633199597385,0.08390446752309799,0.9969733953475952,0.0838133804500103,2.33454629778862e-05,0.0003586942330002785,0.0004991687834262848,0.0017141312243309944,0.01646407529570688,0.5625,0.006222227588295937,266.52834403797823,266.52834403797823,0.75,pool=bf16_values_torch_sum_acc_fp32,score=bf16_values_torch_matmul_acc_fp32
R5,6,0.9,"repr=nvfp4, pool=bf16/native, score=bf16/native",bf16_acc_fp32,nvfp4,native,144,0.9770541741880365,0.01339569626466186,0.9494836615883997,0.9883939302884616,0.9998725191095726,0.00235748291015625,0.53125,0.603515625,0.9794795539033457,0.9883495145631068,109.5,203,0,0.0015256340605509146,0.002614535840195154,0.24008386582136154,0.9770085215568542,0.2393656000494957,5.4989010095596313e-05,0.00044097378849983215,0.0005604207515716552,0.0009542368771681608,0.003038661374260602,0.5694444444444444,5.580484867095947e-05,1.0148363931982929,1.0148363931982929,0.4861111111111111,pool=bf16_values_torch_sum_acc_fp32,score=bf16_values_torch_matmul_acc_fp32
R5,7,0.9,"repr=nvfp4, pool=bf16/native, score=bf16/native",bf16_acc_fp32,nvfp4,native,144,0.9756604442420489,0.01564640915050597,0.9499262126220366,0.9876802884615384,0.9996970859065517,0.00250244140625,0.5390625,0.640625,0.9778619716217221,0.9912494173807469,87.0,195,0,0.0016920336225688293,0.002887374764876171,0.15891902893781662,0.9898922443389893,0.15891379863023758,6.807222962379456e-05,0.00039913132786750793,0.0006713941693305969,0.0011634556723678895,0.005490565575271915,0.5972222222222222,0.0005839690566062927,8.5786679800799,8.5786679800799,0.6319444444444444,pool=bf16_values_torch_sum_acc_fp32,score=bf16_values_torch_matmul_acc_fp32
R5,8,0.9,"repr=nvfp4, pool=bf16/native, score=bf16/native",bf16_acc_fp32,nvfp4,native,144,0.9718560213301733,0.008940955451414823,0.959333099955639,0.9857271634615384,0.9996744306618175,0.002899169921875,0.6171875,0.7421875,0.972732661529342,0.9913983348096571,90.5,180,0,0.001601046764294153,0.0032663206671686186,0.11509112641215324,0.9948054850101471,0.11539429426193237,4.809722304344177e-05,0.00036994367837905884,0.0005630329251289368,0.0016982914088392786,0.008476673619703494,0.5833333333333334,0.0010655857622623444,22.154829215397722,22.154829215397722,0.6458333333333334,pool=bf16_values_torch_sum_acc_fp32,score=bf16_values_torch_matmul_acc_fp32
R5,9,0.9,"repr=nvfp4, pool=bf16/native, score=bf16/native",bf16_acc_fp32,nvfp4,native,144,0.9783763727848636,0.008152675142902521,0.9616931173001216,0.9890700120192307,0.9997909880436067,0.00222015380859375,0.5,0.568359375,0.9796267380474385,0.9912494173807469,88.5,182,0,0.0018502076505641121,0.0028166156211601955,0.2017698809504509,0.9836962521076202,0.20188315957784653,3.337860107421875e-06,0.00038747116923332214,0.0004543721675872803,0.0010325309535633353,0.0046688020808827975,0.5138888888888888,0.0006032511591911316,180.72991071428572,180.72991071428572,0.6736111111111112,pool=bf16_values_torch_sum_acc_fp32,score=bf16_values_torch_matmul_acc_fp32
R5L,0,0.9,"repr=nvfp4, pool=bf16/low, score=bf16/low",bf16_acc_bf16,nvfp4,native,144,0.9225186868401821,0.031617906788153904,0.8587376539894702,0.9596980168269231,0.9992825807720114,0.00818634033203125,0.943359375,2.095703125,0.9326369682213167,0.9400300843554725,105.0,198,0,0.0015845494933197323,0.011276250810723908,0.10146038606762886,0.9951055943965912,0.10181652009487152,-4.929676651954651e-05,0.002669132314622402,0.0019505470991134644,0.008389962468971078,0.09913754564571534,0.4583333333333333,-4.528835415840149e-05,0.9186881281644373,0.9186881281644373,0.5833333333333334,pool=bf16_values_sequential_acc_bf16,score=bf16_values_sequential_rank1_acc_bf16
R5L,1,0.9,"repr=nvfp4, pool=bf16/low, score=bf16/low",bf16_acc_bf16,nvfp4,native,144,0.9323559399222949,0.028277744294863516,0.8654530253697065,0.9649939903846154,0.999347777940621,0.007110595703125,0.92578125,1.8203125,0.9432869510070341,0.9422943669833256,88.5,226,0,0.0014621617224944705,0.009739236581582197,0.08658677712082863,0.9971073567867279,0.08528706803917885,0.00011479668319225311,0.001362526323646307,0.0025723752565681933,0.010145079590909772,0.0672068966747282,0.5416666666666666,0.016112562268972397,140.35738508218267,140.35738508218267,0.8263888888888888,pool=bf16_values_sequential_acc_bf16,score=bf16_values_sequential_rank1_acc_bf16
R5L,10,0.9,"repr=nvfp4, pool=bf16/low, score=bf16/low",bf16_acc_bf16,nvfp4,native,144,0.9519061583577713,0.032659461352609886,0.8714569816267469,0.9753605769230769,0.9995419148966822,0.0050048828125,0.8203125,1.28125,0.9746347252095231,0.9552748530017992,97.0,233,0,0.0017174002653127815,0.006996353709636539,0.22426732629537582,0.9791066944599152,0.22519441694021225,-4.894286394119263e-05,0.0006540305912494659,0.0009164512157440186,0.0014547015265229354,0.005548004803848055,0.4236111111111111,0.0003222525119781494,-6.5842594002131225,6.5842594002131225,0.5416666666666666,pool=bf16_values_sequential_acc_bf16,score=bf16_values_sequential_rank1_acc_bf16
R5L,11,0.9,"repr=nvfp4, pool=bf16/low, score=bf16/low",bf16_acc_bf16,nvfp4,native,144,0.9554902786358896,0.020388955486060345,0.9091329503184833,0.9772385817307692,0.9994837850068794,0.0046234130859375,0.8125,1.18359375,0.9748544328614445,0.9593759305415803,95.5,213,0,0.0018420240063344194,0.007030949477399321,0.16627227514982224,0.9881087839603424,0.16614870727062225,0.00010870024561882019,0.00043695420026779175,0.0009149096906185151,0.0016758461616779873,0.00541817459544887,0.625,0.000573284924030304,5.273998423523767,5.273998423523767,0.5625,pool=bf16_values_sequential_acc_bf16,score=bf16_values_sequential_rank1_acc_bf16
R5L,12,0.9,"repr=nvfp4, pool=bf16/low, score=bf16/low",bf16_acc_bf16,nvfp4,native,144,0.9514054337785065,0.023638528311457074,0.8685279907162048,0.97509765625,0.9996445883140301,0.00505828857421875,0.83984375,1.294921875,0.9693764439436876,0.9572153201499669,96.5,223,0,0.0017939289491288321,0.007769547478546423,0.1339394748210907,0.9921870529651642,0.1339883729815483,1.7859041690826416e-05,0.0006869621574878693,0.0005878342315554618,0.0025182895808367133,0.00997078973083582,0.5208333333333334,0.0021348632872104645,119.53963287442636,119.53963287442636,0.625,pool=bf16_values_sequential_acc_bf16,score=bf16_values_sequential_rank1_acc_bf16
R5L,13,0.9,"repr=nvfp4, pool=bf16/low, score=bf16/low",bf16_acc_bf16,nvfp4,native,144,0.9539116395126963,0.03267461854939213,0.8936594808922138,0.9764122596153846,0.9988884493689517,0.004791259765625,0.8203125,1.2265625,0.9751475140628971,0.9588713560704252,112.0,214,0,0.0017646420694665639,0.00822114412536775,0.17743168026208878,0.9863205254077911,0.17700379341840744,-4.233792424201965e-05,0.0005459897220134735,0.0005234062671661377,0.0015292791554587363,0.004807421913788544,0.4513888888888889,0.0004922188818454742,-11.62595688517378,11.62595688517378,0.5486111111111112,pool=bf16_values_sequential_acc_bf16,score=bf16_values_sequential_rank1_acc_bf16
R5L,14,0.9,"repr=nvfp4, pool=bf16/low, score=bf16/low",bf16_acc_bf16,nvfp4,native,144,0.9469816107057015,0.021725179987208687,0.9085032840614428,0.9727689302884616,0.9994286237096244,0.00553131103515625,0.86328125,1.416015625,0.9720020739204503,0.9517630672238105,112.0,195,0,0.001631054214635811,0.008045499651557217,0.20616323500871658,0.9840484261512756,0.20659282058477402,4.2244791984558105e-06,0.0005714278668165207,0.0006312057375907898,0.0015713554379720605,0.0054127723015067715,0.5138888888888888,0.0004299432039260864,101.7742504409171,101.7742504409171,0.5625,pool=bf16_values_sequential_acc_bf16,score=bf16_values_sequential_rank1_acc_bf16
R5L,15,0.9,"repr=nvfp4, pool=bf16/low, score=bf16/low",bf16_acc_bf16,nvfp4,native,144,0.9461988304093567,0.032148373543190556,0.8679052203259656,0.9723557692307693,0.9996095708611173,0.005615234375,0.85546875,1.4375,0.9690123810324549,0.9521924035782373,119.0,211,0,0.0016562620474651403,0.0076460566152113186,0.23401501774787903,0.9777370095252991,0.23342520743608475,-4.4133514165878296e-05,0.0007398985326290131,0.0006734058260917664,0.0013101537094943106,0.005698430604436078,0.4722222222222222,-0.0008861124515533447,20.077994428969358,20.077994428969358,0.4305555555555556,pool=bf16_values_sequential_acc_bf16,score=bf16_values_sequential_rank1_acc_bf16
R5L,16,0.9,"repr=nvfp4, pool=bf16/low, score=bf16/low",bf16_acc_bf16,nvfp4,native,144,0.9406663942949758,0.050097383516748084,0.8713589805025052,0.9694260817307692,0.9995770632561055,0.0062103271484375,0.880859375,1.58984375,0.9677026005215474,0.9457012372136636,133.5,209,0,0.0016627490551838423,0.00931502609426844,0.16837473958730698,0.9878436625003815,0.16769471764564514,-3.5651028156280518e-06,0.0006196200847625732,0.00045023858547210693,0.0021439221804268305,0.008145623170301425,0.4861111111111111,0.0013342499732971191,-374.2528735632184,374.2528735632184,0.6319444444444444,pool=bf16_values_sequential_acc_bf16,score=bf16_values_sequential_rank1_acc_bf16
R5L,17,0.9,"repr=nvfp4, pool=bf16/low, score=bf16/low",bf16_acc_bf16,nvfp4,native,144,0.9530516431924883,0.017416548613798266,0.9131370078965982,0.9759615384615384,0.9994582362911941,0.0048828125,0.828125,1.25,0.9699593044765076,0.9590875643855776,78.5,196,0,0.0018375250511544735,0.007211922394955167,0.09369772672653198,0.9964808821678162,0.09434860572218895,2.2852793335914612e-05,0.0006166663952171803,0.0005810856819152832,0.002582106489474824,0.014716907603735924,0.5277777777777778,0.002846546471118927,124.56011084847991,124.56011084847991,0.8541666666666666,pool=bf16_values_sequential_acc_bf16,score=bf16_values_sequential_rank1_acc_bf16
R5L,18,0.9,"repr=nvfp4, pool=bf16/low, score=bf16/low",bf16_acc_bf16,nvfp4,native,144,0.9562805630936799,0.03612580475601457,0.9061803731025352,0.9776517427884616,0.9992344405174856,0.00453948974609375,0.798828125,1.162109375,0.9685027834044726,0.9658864465154589,68.0,213,0,0.0019240415058883885,0.006537859065545539,0.3190075606107712,0.96124467253685,0.31923356652259827,-0.0001103077083826065,0.0018039792776107788,0.002188509702682495,0.0032274726057093194,0.012203519258611992,0.4652777777777778,0.002425573766231537,-21.989159250941388,21.989159250941388,0.7430555555555556,pool=bf16_values_sequential_acc_bf16,score=bf16_values_sequential_rank1_acc_bf16
R5L,19,0.9,"repr=nvfp4, pool=bf16/low, score=bf16/low",bf16_acc_bf16,nvfp4,native,144,0.9531233042864196,0.030957371993690308,0.9094408527256215,0.9759990985576923,0.9983978355943116,0.00487518310546875,0.828125,1.248046875,0.9705425317035952,0.9580070104059233,99.0,213,0,0.0017894356227208205,0.007623297733539647,0.14995434880256653,0.992472916841507,0.15037209540605545,-7.035955786705017e-05,0.0006212219595909119,0.00041933339089155196,0.002073334166800716,0.0104965183799006,0.4305555555555556,0.0013271495699882507,-18.862392121565097,18.862392121565097,0.6944444444444444,pool=bf16_values_sequential_acc_bf16,score=bf16_values_sequential_rank1_acc_bf16
R5L,2,0.9,"repr=nvfp4, pool=bf16/low, score=bf16/low",bf16_acc_bf16,nvfp4,native,144,0.9360101369401591,0.03284456398962532,0.8928797729828972,0.9669471153846154,0.9993469391526779,0.0067138671875,0.912109375,1.71875,0.9501904482859654,0.9447061857135943,81.0,181,0,0.001511628849490534,0.00832041239430262,0.09639371186494827,0.9960922002792358,0.09361639991402626,0.00011244881898164749,0.0011081704869866371,0.0064448554068803785,0.006176197877494486,0.04930144095757126,0.6180555555555556,0.007061785086989403,62.79999337424736,62.79999337424736,0.7083333333333334,pool=bf16_values_sequential_acc_bf16,score=bf16_values_sequential_rank1_acc_bf16
R5L,20,0.9,"repr=nvfp4, pool=bf16/low, score=bf16/low",bf16_acc_bf16,nvfp4,native,144,0.9433576642335766,0.0257585669230318,0.9014698901988465,0.9708533653846154,0.999223451210272,0.00592041015625,0.88671875,1.515625,0.956496178718401,0.9539833637418305,81.0,209,0,0.0017665611843413033,0.009273022142492857,0.06344697251915932,0.998244047164917,0.06276556476950645,0.000125005841255188,0.0005351733416318893,0.0009057685732841491,0.004383556773004759,0.059724127724103813,0.6736111111111112,0.014149973168969154,113.19449576826797,113.19449576826797,0.9236111111111112,pool=bf16_values_sequential_acc_bf16,score=bf16_values_sequential_rank1_acc_bf16
R5L,21,0.9,"repr=nvfp4, pool=bf16/low, score=bf16/low",bf16_acc_bf16,nvfp4,native,144,0.9514056434435181,0.028608983698393597,0.9005943235291941,0.97509765625,0.99900711052088,0.00505828857421875,0.83984375,1.294921875,0.965015868329766,0.9571433848618108,78.0,205,0,0.001788848840842198,0.007624313605448934,0.10746880620718002,0.9951176047325134,0.10695641115307808,0.00018272176384925842,0.0007750862278044224,0.0012379080057144166,0.003815588114743607,0.048496493918476546,0.6527777777777778,0.007844164967536926,42.929560235682686,42.929560235682686,0.875,pool=bf16_values_sequential_acc_bf16,score=bf16_values_sequential_rank1_acc_bf16
R5L,22,0.9,"repr=nvfp4, pool=bf16/low, score=bf16/low",bf16_acc_bf16,nvfp4,native,144,0.9469104621192108,0.04016606781242227,0.8499750673006938,0.9727313701923077,0.9986062500100594,0.0055389404296875,0.8515625,1.41796875,0.9715639918541557,0.9531949233365123,107.0,223,0,0.001947465792261445,0.008202593048527163,0.26285502314567566,0.9712018072605133,0.26304690539836884,-0.00011581927537918091,0.0009921938180923462,0.0006952017545700073,0.0021700185999598692,0.007655997098379175,0.4027777777777778,0.0012386105954647064,-10.694339015760695,10.694339015760695,0.6388888888888888,pool=bf16_values_sequential_acc_bf16,score=bf16_values_sequential_rank1_acc_bf16
R5L,23,0.9,"repr=nvfp4, pool=bf16/low, score=bf16/low",bf16_acc_bf16,nvfp4,native,144,0.9333381744245153,0.04816922314143768,0.8227877403132547,0.9655198317307693,0.9991813335889456,0.0070037841796875,0.923828125,1.79296875,0.9666125088835946,0.9401713778087286,125.5,243,0,0.0017077393594301517,0.010427191044059834,0.19543716311454773,0.9826279282569885,0.1957385465502739,4.7791749238967896e-05,0.0016962699592113495,0.0017296388745307923,0.003884229682851995,0.016021218652182014,0.5138888888888888,0.0013456232845783234,28.155974744718996,28.155974744718996,0.6111111111111112,pool=bf16_values_sequential_acc_bf16,score=bf16_values_sequential_rank1_acc_bf16
R5L,24,0.9,"repr=nvfp4, pool=bf16/low, score=bf16/low",bf16_acc_bf16,nvfp4,native,144,0.9631323240679606,0.033958110753161797,0.9052526119937025,0.9812199519230769,0.9992415714148268,0.003814697265625,0.7265625,0.9765625,0.9756604442420489,0.9679207735575017,66.0,194,0,0.0021475877848179696,0.007177877198448042,0.2478124499320984,0.9805200695991516,0.24836669862270355,-0.00013691186904907227,0.0011601336300373077,0.001021362841129303,0.0022011965807308695,0.01150596115325101,0.4305555555555556,0.003147922456264496,-22.992326948193295,22.992326948193295,0.7638888888888888,pool=bf16_values_sequential_acc_bf16,score=bf16_values_sequential_rank1_acc_bf16
R5L,25,0.9,"repr=nvfp4, pool=bf16/low, score=bf16/low",bf16_acc_bf16,nvfp4,native,144,0.9343215100852617,0.06091782205724716,0.8206810164501487,0.9660456730769231,0.9989975525905023,0.00689697265625,0.876953125,1.765625,0.965015868329766,0.9447062064648977,100.5,215,0,0.0014645521781915935,0.008957559710320424,0.11943908408284187,0.9935673177242279,0.1193726547062397,3.020837903022766e-05,0.0006268857978284359,0.0007188305258750916,0.0026693304649848177,0.010896709239462609,0.5138888888888888,0.0014841705560684204,49.131088913552844,49.131088913552844,0.6805555555555556,pool=bf16_values_sequential_acc_bf16,score=bf16_values_sequential_rank1_acc_bf16
R5L,26,0.9,"repr=nvfp4, pool=bf16/low, score=bf16/low",bf16_acc_bf16,nvfp4,native,144,0.9422943876575174,0.041014023950715406,0.8579863149801991,0.9702899639423077,0.9992781911615946,0.00603485107421875,0.880859375,1.544921875,0.9624811355527891,0.9485490566584295,101.5,229,0,0.0017387365062641186,0.009798512191546236,0.052416855469346046,0.9986739158630371,0.05248250439763069,0.00012718141078948975,0.0003995993174612522,0.0006320912390947342,0.005419874641323685,0.017919968918358647,0.6736111111111112,0.001684531569480896,13.245108377270064,13.245108377270064,0.7430555555555556,pool=bf16_values_sequential_acc_bf16,score=bf16_values_sequential_rank1_acc_bf16
R5L,27,0.9,"repr=nvfp4, pool=bf16/low, score=bf16/low",bf16_acc_bf16,nvfp4,native,144,0.9266227758461822,0.02836145473943974,0.8843388120704526,0.9619140625,0.9993440578449297,0.0077362060546875,0.943359375,1.98046875,0.9423652562066336,0.9415861466106186,99.0,223,0,0.0017355860370812668,0.012257625020006317,0.03276456892490387,0.9995295107364655,0.03238777071237564,0.00020802905783057213,0.0007926102261990309,0.0016711322590708733,0.007584141531995322,0.07070413227457957,0.6736111111111112,0.005533325020223856,26.598808252693406,26.598808252693406,0.7986111111111112,pool=bf16_values_sequential_acc_bf16,score=bf16_values_sequential_rank1_acc_bf16
R5L,28,0.9,"repr=nvfp4, pool=bf16/low, score=bf16/low",bf16_acc_bf16,nvfp4,native,144,0.9099680984462439,0.03623372600992247,0.7755489213990557,0.9528620793269231,0.9956072412635322,0.00957489013671875,0.97265625,2.451171875,0.9151201365097543,0.9294851117602756,105.5,233,0,0.0014355490645908075,0.013317385678543563,0.06360448151826859,0.998033195734024,0.06457894295454025,2.4369568563997746e-05,0.0007942115771584213,0.002475479245185852,0.009255357105551242,0.05051472138837598,0.5555555555555556,0.009407810401171446,386.0474745978895,386.0474745978895,0.7916666666666666,pool=bf16_values_sequential_acc_bf16,score=bf16_values_sequential_rank1_acc_bf16
R5L,29,0.9,"repr=nvfp4, pool=bf16/low, score=bf16/low",bf16_acc_bf16,nvfp4,native,144,0.9213395553494111,0.04144604077459735,0.8598867621083359,0.9590594951923077,0.9978714717614652,0.0083160400390625,0.955078125,2.12890625,0.9338297963084505,0.9392526768155001,97.5,220,0,0.0015924839017478092,0.012223878969708843,0.062276897951960564,0.9983467757701874,0.06058032438158989,0.00016269925981760025,0.0007865438237786293,0.002513350173830986,0.005140172067465643,0.06922571386178421,0.6111111111111112,0.005315965041518211,32.67356623181852,32.67356623181852,0.6736111111111112,pool=bf16_values_sequential_acc_bf16,score=bf16_values_sequential_rank1_acc_bf16
R5L,3,0.9,"repr=nvfp4, pool=bf16/low, score=bf16/low",bf16_acc_bf16,nvfp4,native,144,0.9422943876575174,0.027992675469178496,0.8580633016304022,0.9702899639423077,0.999275706691668,0.00603485107421875,0.890625,1.544921875,0.9659590205864792,0.9468392614755725,100.0,214,0,0.0014567122377988516,0.007809784878850109,0.18088140338659286,0.9871322512626648,0.18105003237724304,1.8008053302764893e-05,0.0007768459618091583,0.0011107198894023894,0.0020893367431552537,0.026763824638119882,0.5069444444444444,0.0022354386746883392,124.13549855192387,124.13549855192387,0.6111111111111112,pool=bf16_values_sequential_acc_bf16,score=bf16_values_sequential_rank1_acc_bf16
R5L,4,0.9,"repr=nvfp4, pool=bf16/low, score=bf16/low",bf16_acc_bf16,nvfp4,native,144,0.9536965720668551,0.018460528853351255,0.8969786742890866,0.9762995793269231,0.9994099366852929,0.00481414794921875,0.814453125,1.232421875,0.9707613188104605,0.9585111184398802,85.0,208,0,0.001614402604234,0.006895860875934469,0.13861802220344543,0.9922205805778503,0.13836897909641266,3.783218562602997e-05,0.000513952225446701,0.0009121045470237732,0.0017538645371492439,0.007725155136075398,0.6041666666666666,0.001563139259815216,41.317709615479295,41.317709615479295,0.5972222222222222,pool=bf16_values_sequential_acc_bf16,score=bf16_values_sequential_rank1_acc_bf16
R5L,5,0.9,"repr=nvfp4, pool=bf16/low, score=bf16/low",bf16_acc_bf16,nvfp4,native,144,0.9442091530579273,0.02399755610202403,0.9044213292791048,0.9713040865384616,0.999093096697294,0.005828857421875,0.8671875,1.4921875,0.9575031353520675,0.9541986417357027,77.0,183,0,0.0016829995339602121,0.008163786489752335,0.08412634581327438,0.996979147195816,0.0838133804500103,9.825080633163452e-05,0.000519867055118084,0.0008242849260568618,0.0031579340177000396,0.03884623861014984,0.6041666666666666,0.00959969125688076,97.70597937362554,97.70597937362554,0.7569444444444444,pool=bf16_values_sequential_acc_bf16,score=bf16_values_sequential_rank1_acc_bf16
R5L,6,0.9,"repr=nvfp4, pool=bf16/low, score=bf16/low",bf16_acc_bf16,nvfp4,native,144,0.9519061583577713,0.02357775178637167,0.8861876808183773,0.9753605769230769,0.9997303051155142,0.0050048828125,0.837890625,1.28125,0.9752939894378356,0.9553466931864111,110.5,207,0,0.0015256340605509146,0.006699949863342368,0.240828737616539,0.9770445823669434,0.2393656000494957,4.5765191316604614e-06,0.0005887895822525024,0.0008049830794334412,0.0012718866379364158,0.006496040731079502,0.5,6.794929504394531e-05,14.847374847374848,14.847374847374848,0.4930555555555556,pool=bf16_values_sequential_acc_bf16,score=bf16_values_sequential_rank1_acc_bf16
R5L,7,0.9,"repr=nvfp4, pool=bf16/low, score=bf16/low",bf16_acc_bf16,nvfp4,native,144,0.9524788272712226,0.03505507032447852,0.9031296477119835,0.9756610576923077,0.9994239043304805,0.00494384765625,0.8203125,1.265625,0.9714909871892279,0.9585831490065533,88.5,196,0,0.0016920336225688293,0.007539094820068124,0.15900826454162598,0.9898970723152161,0.15891379863023758,3.400444984436035e-05,0.0005343756638467312,0.0006618857383728028,0.0015171910529519239,0.009458668187659993,0.5277777777777778,0.001332797110080719,39.19478527607362,39.19478527607362,0.6319444444444444,pool=bf16_values_sequential_acc_bf16,score=bf16_values_sequential_rank1_acc_bf16
R5L,8,0.9,"repr=nvfp4, pool=bf16/low, score=bf16/low",bf16_acc_bf16,nvfp4,native,144,0.9497619919443427,0.013919122783670024,0.916969518069133,0.9742337740384616,0.9994410724163063,0.0052337646484375,0.8515625,1.33984375,0.9663946472747382,0.9552030655493464,90.0,171,0,0.001601046764294153,0.007790372611950344,0.11501698568463326,0.9948199093341827,0.11539429426193237,5.403254181146622e-05,0.0004363181069493294,0.0005672257393598557,0.0022467502804047147,0.011294517098397894,0.5416666666666666,0.0020528174936771393,37.99224365272248,37.99224365272248,0.6597222222222222,pool=bf16_values_sequential_acc_bf16,score=bf16_values_sequential_rank1_acc_bf16
R5L,9,0.9,"repr=nvfp4, pool=bf16/low, score=bf16/low",bf16_acc_bf16,nvfp4,native,144,0.9572153201499669,0.01879426901161807,0.9226576473132679,0.9781400240384616,0.9995925413869297,0.0044403076171875,0.7890625,1.13671875,0.9744882824087808,0.960097180298903,87.0,193,0,0.0018502076505641121,0.007003265050034614,0.201702281832695,0.9836988151073456,0.20188315957784653,1.839175820350647e-05,0.0006023254245519638,0.0006279438734054565,0.001569505685341773,0.007028542175491303,0.5069444444444444,0.0009148344397544861,49.741543447437714,49.741543447437714,0.6458333333333334,pool=bf16_values_sequential_acc_bf16,score=bf16_values_sequential_rank1_acc_bf16
R6,0,0.9,"repr=bf16, pool=fp32+fp8_e4m3/native, score=fp8_e4m3/native",fp8,bf16,native,144,0.9540550458715596,0.05067624923192071,0.8775745246534828,0.9764873798076923,0.9994338587798044,0.0047760009765625,0.80859375,1.22265625,0.9540550458715596,0.9286467620175648,0.0,0,0,0.0015845494933197323,0.006177793090154437,0.10148058086633682,0.9950836896896362,0.10181652009487152,1.1408701539039612e-08,0.0010093152523040771,0.0026278793811798096,0.003656118544367822,0.018049011792698372,0.5,6.26780092716217e-05,5493.877551020408,5493.877551020408,0.5416666666666666,pool=fp32_values_torch_sum_acc_fp32+pooled_rounded_to_fp8_e4m3_per_head_amax,score=fp8_e4m3_torch_scaled_mm_acc_fp32_native
R6,1,0.9,"repr=bf16, pool=fp32+fp8_e4m3/native, score=fp8_e4m3/native",fp8,bf16,native,144,0.9509764644173969,0.022067824069332165,0.906961547582466,0.9748722956730769,0.9994281208213259,0.00510406494140625,0.84375,1.306640625,0.9509764644173969,0.936572592377073,0.0,0,0,0.0014621617224944705,0.006184863444236653,0.08566237986087799,0.9972779750823975,0.08528706803917885,1.3684853911399841e-05,0.0008352184668183327,0.001289898157119751,0.004008245572134481,0.03793926672255778,0.5486111111111112,0.013994692824780941,1022.6410099360284,1022.6410099360284,0.7291666666666666,pool=fp32_values_torch_sum_acc_fp32+pooled_rounded_to_fp8_e4m3_per_head_amax,score=fp8_e4m3_torch_scaled_mm_acc_fp32_native
R6,10,0.9,"repr=bf16, pool=fp32+fp8_e4m3/native, score=fp8_e4m3/native",fp8,bf16,native,144,0.961830373590745,0.018603427005103312,0.920805723867552,0.9805438701923077,0.9993166140606449,0.0039520263671875,0.74609375,1.01171875,0.961830373590745,0.9577910140451503,0.0,0,0,0.0017174002653127815,0.005297409462571505,0.2251662090420723,0.9790103137493134,0.22519441694021225,-6.501376628875732e-05,0.00047534704208374023,0.00048377960920333864,0.0011271930594995486,0.004165997484934858,0.4097222222222222,0.00027457624673843384,-4.223355489342196,4.223355489342196,0.5277777777777778,pool=fp32_values_torch_sum_acc_fp32+pooled_rounded_to_fp8_e4m3_per_head_amax,score=fp8_e4m3_torch_scaled_mm_acc_fp32_native
R6,11,0.9,"repr=bf16, pool=fp32+fp8_e4m3/native, score=fp8_e4m3/native",fp8,bf16,native,144,0.9628428192273666,0.014862843139053283,0.9237481754382344,0.9810697115384616,0.9995059677383036,0.00384521484375,0.732421875,0.984375,0.9628428192273666,0.9593759199293495,0.0,0,0,0.0018420240063344194,0.005433085102596321,0.16630662232637405,0.9881237745285034,0.16614870727062225,3.15643846988678e-05,0.0004140585660934448,0.0004908710718154908,0.0014556308774516108,0.004100635903541462,0.5347222222222222,0.0007785148918628693,24.6643455682757,24.6643455682757,0.6041666666666666,pool=fp32_values_torch_sum_acc_fp32+pooled_rounded_to_fp8_e4m3_per_head_amax,score=fp8_e4m3_torch_scaled_mm_acc_fp32_native
R6,12,0.9,"repr=bf16, pool=fp32+fp8_e4m3/native, score=fp8_e4m3/native",fp8,bf16,native,144,0.9587272419367947,0.032544383082818595,0.9148722740741413,0.9789287860576923,0.9994443950467775,0.00428009033203125,0.77734375,1.095703125,0.9587272419367947,0.9541267595770012,0.0,0,0,0.0017939289491288321,0.005738509012335948,0.13393548876047134,0.9922069013118744,0.1339883729815483,1.1291354894638062e-05,0.0003422945737838745,0.00029035806655883787,0.00170594229847201,0.0056945850749477766,0.5208333333333334,0.0016250647604465485,143.92114813592875,143.92114813592875,0.6180555555555556,pool=fp32_values_torch_sum_acc_fp32+pooled_rounded_to_fp8_e4m3_per_head_amax,score=fp8_e4m3_torch_scaled_mm_acc_fp32_native
R6,13,0.9,"repr=bf16, pool=fp32+fp8_e4m3/native, score=fp8_e4m3/native",fp8,bf16,native,144,0.9619026591608846,0.02526375277648063,0.9276481406663326,0.9805814302884616,0.9989493218969379,0.00394439697265625,0.755859375,1.009765625,0.9619026591608846,0.9587993043050422,0.0,1,0,0.0017646420694665639,0.005309348833925627,0.17723314464092255,0.9863062798976898,0.17700379341840744,-1.043081283569336e-07,0.0004493948072195053,0.00039569437503814695,0.0011552284568290606,0.00338214040189625,0.5,0.00028280168771743774,-2711.214285714286,2711.214285714286,0.5486111111111112,pool=fp32_values_torch_sum_acc_fp32+pooled_rounded_to_fp8_e4m3_per_head_amax,score=fp8_e4m3_torch_scaled_mm_acc_fp32_native
R6,14,0.9,"repr=bf16, pool=fp32+fp8_e4m3/native, score=fp8_e4m3/native",fp8,bf16,native,144,0.957647069407694,0.01391170979310108,0.9281371098493902,0.9783653846153846,0.9993045016840764,0.00439453125,0.787109375,1.125,0.957647069407694,0.9536965931072909,0.0,1,0,0.001631054214635811,0.0056549657256864325,0.2068173736333847,0.9838342666625977,0.20659282058477402,-9.663403034210205e-06,0.00038446858525276184,0.00042079687118530275,0.0011146863459476392,0.003699601211005721,0.4930555555555556,0.0004895702004432678,-50.66229760986893,50.66229760986893,0.5694444444444444,pool=fp32_values_torch_sum_acc_fp32+pooled_rounded_to_fp8_e4m3_per_head_amax,score=fp8_e4m3_torch_scaled_mm_acc_fp32_native
R6,15,0.9,"repr=bf16, pool=fp32+fp8_e4m3/native, score=fp8_e4m3/native",fp8,bf16,native,144,0.9544854018117797,0.022189982041978973,0.9209305131824669,0.9767127403846154,0.9994312463662731,0.004730224609375,0.802734375,1.2109375,0.9544854018117797,0.9483351628247347,0.0,0,0,0.0016562620474651403,0.005823016972913868,0.23341788351535797,0.9776694476604462,0.23342520743608475,-1.1824071407318115e-05,0.0004826188087463379,0.0006618916988372803,0.001115204298952858,0.0040205561726928615,0.4930555555555556,-0.0006641298532485962,56.167611846250786,56.167611846250786,0.4236111111111111,pool=fp32_values_torch_sum_acc_fp32+pooled_rounded_to_fp8_e4m3_per_head_amax,score=fp8_e4m3_torch_scaled_mm_acc_fp32_native
R6,16,0.9,"repr=bf16, pool=fp32+fp8_e4m3/native, score=fp8_e4m3/native",fp8,bf16,native,144,0.9564243596671562,0.02166025731699317,0.9206188444355872,0.9777268629807692,0.9992491955370342,0.00452423095703125,0.8046875,1.158203125,0.9564243596671562,0.9506906175236489,0.0,1,0,0.0016627490551838423,0.006355796672765203,0.16757626831531525,0.9879108667373657,0.16769471764564514,-2.7023255825042725e-05,0.00044055632315576077,0.000545954704284668,0.00164982739883798,0.004546258154037114,0.4444444444444444,0.0008719116449356079,-32.2652329749104,32.2652329749104,0.5902777777777778,pool=fp32_values_torch_sum_acc_fp32+pooled_rounded_to_fp8_e4m3_per_head_amax,score=fp8_e4m3_torch_scaled_mm_acc_fp32_native
R6,17,0.9,"repr=bf16, pool=fp32+fp8_e4m3/native, score=fp8_e4m3/native",fp8,bf16,native,144,0.9613967986221156,0.009140302983928539,0.9411689167772517,0.9803185096153846,0.9993673875019979,0.003997802734375,0.75390625,1.0234375,0.9613967986221156,0.9558494057608888,0.0,1,0,0.0018375250511544735,0.005719878629440359,0.09445970505475998,0.9964541792869568,0.09434860572218895,4.6452973037958145e-05,0.00031508784741163254,0.0007194586098194123,0.0019170463482956449,0.00831353180069168,0.6041666666666666,0.0028707273304462433,61.7985705263791,61.7985705263791,0.8055555555555556,pool=fp32_values_torch_sum_acc_fp32+pooled_rounded_to_fp8_e4m3_per_head_amax,score=fp8_e4m3_torch_scaled_mm_acc_fp32_native
R6,18,0.9,"repr=bf16, pool=fp32+fp8_e4m3/native, score=fp8_e4m3/native",fp8,bf16,native,144,0.962698130828485,0.03021815628982094,0.9308564310938282,0.9809945913461539,0.9989929407019458,0.0038604736328125,0.74609375,0.98828125,0.962698130828485,0.9549877031896652,0.0,1,0,0.0019240415058883885,0.00575351784422534,0.32016636431217194,0.9616684317588806,0.31923356652259827,8.965283632278442e-05,0.0009704194962978363,0.0016609400510787964,0.0016630014712307479,0.009182210113184406,0.5555555555555556,0.0017784703522920609,19.83730158730159,19.83730158730159,0.6597222222222222,pool=fp32_values_torch_sum_acc_fp32+pooled_rounded_to_fp8_e4m3_per_head_amax,score=fp8_e4m3_torch_scaled_mm_acc_fp32_native
R6,19,0.9,"repr=bf16, pool=fp32+fp8_e4m3/native, score=fp8_e4m3/native",fp8,bf16,native,144,0.9606023812434106,0.020141530144023312,0.9128363836402471,0.9799053485576923,0.9989194463665076,0.00408172607421875,0.775390625,1.044921875,0.9606023812434106,0.9562805630936799,0.0,0,0,0.0017894356227208205,0.005711325909832685,0.15045419335365295,0.9925144910812378,0.15037209540605545,-5.513429641723633e-07,0.0006296215578913689,0.0006218273192644119,0.002521305200507958,0.00846045564044728,0.5,0.001703888177871704,-3090.4324324324325,3090.4324324324325,0.6736111111111112,pool=fp32_values_torch_sum_acc_fp32+pooled_rounded_to_fp8_e4m3_per_head_amax,score=fp8_e4m3_torch_scaled_mm_acc_fp32_native
R6,2,0.9,"repr=bf16, pool=fp32+fp8_e4m3/native, score=fp8_e4m3/native",fp8,bf16,native,144,0.9552030655493464,0.01490855578741368,0.8835255905856902,0.9770883413461539,0.9994369949766819,0.0046539306640625,0.8125,1.19140625,0.9552030655493464,0.9413737889427923,0.0,0,0,0.001511628849490534,0.00589591425548322,0.09428860619664192,0.9961037337779999,0.09361639991402626,4.963018000125885e-06,0.0005901269614696503,0.0013760223984718323,0.0032209026069279344,0.02436634842023131,0.5069444444444444,0.005726376548409462,1153.809345092888,1153.809345092888,0.7222222222222222,pool=fp32_values_torch_sum_acc_fp32+pooled_rounded_to_fp8_e4m3_per_head_amax,score=fp8_e4m3_torch_scaled_mm_acc_fp32_native
R6,20,0.9,"repr=bf16, pool=fp32+fp8_e4m3/native, score=fp8_e4m3/native",fp8,bf16,native,144,0.9603858331492526,0.015169017495232695,0.9391538105012248,0.9797926682692307,0.9992522209354658,0.0041046142578125,0.767578125,1.05078125,0.9603858331492526,0.9501904587496459,0.0,1,0,0.0017665611843413033,0.00572869592808155,0.0630556270480156,0.9982701241970062,0.06276556476950645,4.079751670360565e-05,0.0002839814405888319,0.0004557240754365921,0.0022673476962507136,0.03170551959652028,0.625,0.008453162387013435,207.1979637492581,207.1979637492581,0.9027777777777778,pool=fp32_values_torch_sum_acc_fp32+pooled_rounded_to_fp8_e4m3_per_head_amax,score=fp8_e4m3_torch_scaled_mm_acc_fp32_native
R6,21,0.9,"repr=bf16, pool=fp32+fp8_e4m3/native, score=fp8_e4m3/native",fp8,bf16,native,144,0.9603858331492526,0.01740770201761277,0.9242488281475623,0.9797926682692307,0.9993871214149896,0.0041046142578125,0.76953125,1.05078125,0.9603858331492526,0.9525503308128799,0.0,0,0,0.001788848840842198,0.00580653659724378,0.10710162296891212,0.9951256513595581,0.10695641115307808,3.530923277139664e-05,0.0005238726735115051,0.0006844453513622284,0.002451945717508202,0.016645423322574883,0.5347222222222222,0.005974214524030685,169.19695091393453,169.19695091393453,0.8611111111111112,pool=fp32_values_torch_sum_acc_fp32+pooled_rounded_to_fp8_e4m3_per_head_amax,score=fp8_e4m3_torch_scaled_mm_acc_fp32_native
R6,22,0.9,"repr=bf16, pool=fp32+fp8_e4m3/native, score=fp8_e4m3/native",fp8,bf16,native,144,0.9618303842429068,0.02552029637331288,0.8908855285564871,0.9805438701923077,0.9991280361487119,0.0039520263671875,0.75,1.01171875,0.9618303842429068,0.9566399752918773,0.0,0,0,0.001947465792261445,0.0062253496185133185,0.2630505710840225,0.9710823595523834,0.26304690539836884,5.119293928146362e-05,0.0007668454200029373,0.0009712457656860351,0.0016228488096367703,0.006255977549017739,0.5694444444444444,0.0006058365106582642,11.834376364430215,11.834376364430215,0.5625,pool=fp32_values_torch_sum_acc_fp32+pooled_rounded_to_fp8_e4m3_per_head_amax,score=fp8_e4m3_torch_scaled_mm_acc_fp32_native
R6,23,0.9,"repr=bf16, pool=fp32+fp8_e4m3/native, score=fp8_e4m3/native",fp8,bf16,native,144,0.9527651459586328,0.04335300731908176,0.8781195198371432,0.9758112980769231,0.9993353176505767,0.004913330078125,0.833984375,1.2578125,0.9527651459586328,0.9452745432018941,0.0,1,0,0.0017077393594301517,0.006585126571468376,0.19547775387763977,0.9826184809207916,0.1957385465502739,-6.464123725891113e-05,0.0011888034641742706,0.001433306932449341,0.0026500844484092538,0.011320445432477594,0.4652777777777778,0.0007468126714229584,-11.553192715537113,11.553192715537113,0.6388888888888888,pool=fp32_values_torch_sum_acc_fp32+pooled_rounded_to_fp8_e4m3_per_head_amax,score=fp8_e4m3_torch_scaled_mm_acc_fp32_native
R6,24,0.9,"repr=bf16, pool=fp32+fp8_e4m3/native, score=fp8_e4m3/native",fp8,bf16,native,144,0.9676299299139592,0.02142705744828599,0.9274876302514684,0.9835486778846154,0.9991811136617573,0.0033416748046875,0.67578125,0.85546875,0.9676299299139592,0.9634218395866608,0.0,0,0,0.0021475877848179696,0.005387291800204459,0.24868466705083847,0.9806694984436035,0.24836669862270355,-3.579258918762207e-05,0.000798642635345459,0.0008952468633651733,0.0018793725834466682,0.009400384478381252,0.4513888888888889,0.002265132963657379,-63.28497085761865,63.28497085761865,0.7291666666666666,pool=fp32_values_torch_sum_acc_fp32+pooled_rounded_to_fp8_e4m3_per_head_amax,score=fp8_e4m3_torch_scaled_mm_acc_fp32_native
R6,25,0.9,"repr=bf16, pool=fp32+fp8_e4m3/native, score=fp8_e4m3/native",fp8,bf16,native,144,0.9469109306131064,0.034533893289983575,0.8633458941881198,0.9727313701923077,0.9991929635786008,0.0055389404296875,0.849609375,1.41796875,0.9469109306131064,0.9410906969962088,0.0,0,0,0.0014645521781915935,0.006497660751400797,0.11964089423418045,0.9936096966266632,0.1193726547062397,-3.0606985092163086e-05,0.0003790156915783882,0.00045985877513885496,0.0017322743528574848,0.0074569892673119545,0.4722222222222222,0.0011613741517066956,-37.944741966893865,37.944741966893865,0.7013888888888888,pool=fp32_values_torch_sum_acc_fp32+pooled_rounded_to_fp8_e4m3_per_head_amax,score=fp8_e4m3_torch_scaled_mm_acc_fp32_native
R6,26,0.9,"repr=bf16, pool=fp32+fp8_e4m3/native, score=fp8_e4m3/native",fp8,bf16,native,144,0.9561368087822385,0.027890068227891196,0.9014360702888713,0.9775766225961539,0.9992313461187381,0.00455474853515625,0.796875,1.166015625,0.9561368087822385,0.94819259476072,0.0,0,0,0.0017387365062641186,0.006339689936544093,0.052566319704055786,0.998667299747467,0.05248250439763069,2.107582986354828e-05,0.00028213439509272575,0.0003421515226364136,0.0022438042041854657,0.013166921463755931,0.5694444444444444,0.001083187758922577,51.39478568272205,51.39478568272205,0.7291666666666666,pool=fp32_values_torch_sum_acc_fp32+pooled_rounded_to_fp8_e4m3_per_head_amax,score=fp8_e4m3_torch_scaled_mm_acc_fp32_native
R6,27,0.9,"repr=bf16, pool=fp32+fp8_e4m3/native, score=fp8_e4m3/native",fp8,bf16,native,144,0.9557057359176422,0.02053920672720988,0.9139643803916127,0.9773512620192307,0.9993847573163612,0.00460052490234375,0.82421875,1.177734375,0.9557057359176422,0.9387584223772127,0.0,0,0,0.0017355860370812668,0.00636807962685717,0.03229355998337269,0.9995260238647461,0.03238777071237564,5.468563176691532e-05,0.00031362392473965883,0.0005077164154499769,0.003658122123251348,0.024693595097569125,0.5972222222222222,0.004083667881786823,74.67533518114044,74.67533518114044,0.8402777777777778,pool=fp32_values_torch_sum_acc_fp32+pooled_rounded_to_fp8_e4m3_per_head_amax,score=fp8_e4m3_torch_scaled_mm_acc_fp32_native
R6,28,0.9,"repr=bf16, pool=fp32+fp8_e4m3/native, score=fp8_e4m3/native",fp8,bf16,native,144,0.9476225415123787,0.029847136425426357,0.8514603616133518,0.9731069711538461,0.9991549150940015,0.005462646484375,0.8671875,1.3984375,0.9476225415123787,0.9184320507277706,0.0,0,0,0.0014355490645908075,0.0066964787296552,0.06462538614869118,0.9980428218841553,0.06457894295454025,6.351619958877563e-07,0.0004132557660341263,0.000538308173418045,0.003136546705199586,0.03873506808190434,0.5208333333333334,0.007095973938703537,11171.91202346041,11171.91202346041,0.7708333333333334,pool=fp32_values_torch_sum_acc_fp32+pooled_rounded_to_fp8_e4m3_per_head_amax,score=fp8_e4m3_torch_scaled_mm_acc_fp32_native
R6,29,0.9,"repr=bf16, pool=fp32+fp8_e4m3/native, score=fp8_e4m3/native",fp8,bf16,native,144,0.9599528857479388,0.01773447001671946,0.911318763766556,0.9795673076923077,0.9994357613917235,0.004150390625,0.78515625,1.0625,0.9599528857479388,0.9353057034754344,0.0,0,0,0.0015924839017478092,0.0056336178119951825,0.06153109855949879,0.9983636140823364,0.06058032438158989,1.7656013369560242e-05,0.00032002851366996765,0.00040046218782663345,0.0018699246697416157,0.02041708618952124,0.5486111111111112,0.0019591636955738068,110.96297077750818,110.96297077750818,0.6666666666666666,pool=fp32_values_torch_sum_acc_fp32+pooled_rounded_to_fp8_e4m3_per_head_amax,score=fp8_e4m3_torch_scaled_mm_acc_fp32_native
R6,3,0.9,"repr=bf16, pool=fp32+fp8_e4m3/native, score=fp8_e4m3/native",fp8,bf16,native,144,0.9528367650133515,0.01873053680818626,0.8994891895575252,0.9758488581730769,0.9993541662216741,0.00490570068359375,0.822265625,1.255859375,0.9528367650133515,0.9464834456229293,0.0,0,0,0.0014567122377988516,0.006205429342901847,0.181072436273098,0.9871511459350586,0.18105003237724304,6.135739386081696e-05,0.0005044844001531601,0.0008284568786621094,0.0016087557732161993,0.02288100998811,0.5833333333333334,0.0016805902123451233,27.39018244740597,27.39018244740597,0.6319444444444444,pool=fp32_values_torch_sum_acc_fp32+pooled_rounded_to_fp8_e4m3_per_head_amax,score=fp8_e4m3_torch_scaled_mm_acc_fp32_native
R6,4,0.9,"repr=bf16, pool=fp32+fp8_e4m3/native, score=fp8_e4m3/native",fp8,bf16,native,144,0.9612523126685311,0.014192809936228512,0.9325104709976412,0.9802433894230769,0.9993303066504016,0.0040130615234375,0.75390625,1.02734375,0.9612523126685311,0.9556339484791362,0.0,0,0,0.001614402604234,0.005380235774879767,0.1379617378115654,0.9921866953372955,0.13836897909641266,2.2881897166371346e-05,0.00042729079723358154,0.00045259296894073486,0.0012963036927101626,0.006161362326918508,0.5625,0.000935826450586319,40.89811451306002,40.89811451306002,0.6041666666666666,pool=fp32_values_torch_sum_acc_fp32+pooled_rounded_to_fp8_e4m3_per_head_amax,score=fp8_e4m3_torch_scaled_mm_acc_fp32_native
R6,5,0.9,"repr=bf16, pool=fp32+fp8_e4m3/native, score=fp8_e4m3/native",fp8,bf16,native,144,0.9595201295355855,0.01148069749328029,0.9339420537711971,0.9793419471153846,0.9992712342639387,0.0041961669921875,0.775390625,1.07421875,0.9595201295355855,0.9493337238248646,0.0,1,0,0.0016829995339602121,0.005787998087641031,0.08418851718306541,0.9969576001167297,0.0838133804500103,1.1914875358343124e-05,0.0004663364961743355,0.0006162218749523162,0.0018833340759953133,0.04260996090217797,0.5138888888888888,0.009020255878567696,757.0583499433307,757.0583499433307,0.7638888888888888,pool=fp32_values_torch_sum_acc_fp32+pooled_rounded_to_fp8_e4m3_per_head_amax,score=fp8_e4m3_torch_scaled_mm_acc_fp32_native
R6,6,0.9,"repr=bf16, pool=fp32+fp8_e4m3/native, score=fp8_e4m3/native",fp8,bf16,native,144,0.9637114725503646,0.020817669841160402,0.8899802938562473,0.9815204326923077,0.9996331300327466,0.003753662109375,0.7265625,0.9609375,0.9637114725503646,0.959231827036574,0.0,0,0,0.0015256340605509146,0.004740794853065844,0.23945841938257217,0.9770456552505493,0.2393656000494957,-2.434477210044861e-05,0.00043473020195961,0.0002813622355461121,0.0008881926685001141,0.004090576047576894,0.4791666666666667,0.00010479241609573364,-4.30451415455241,4.30451415455241,0.5069444444444444,pool=fp32_values_torch_sum_acc_fp32+pooled_rounded_to_fp8_e4m3_per_head_amax,score=fp8_e4m3_torch_scaled_mm_acc_fp32_native
R6,7,0.9,"repr=bf16, pool=fp32+fp8_e4m3/native, score=fp8_e4m3/native",fp8,bf16,native,144,0.9605301914580265,0.022602373289218658,0.9063665524389426,0.9798677884615384,0.9991397375922771,0.00408935546875,0.763671875,1.046875,0.9605301914580265,0.9550595222688691,0.0,1,0,0.0016920336225688293,0.005535980561624161,0.1590891107916832,0.9899412989616394,0.15891379863023758,1.4696270227432251e-05,0.00036781560629606247,0.000488997995853424,0.00115866585668808,0.006866796241806359,0.5416666666666666,0.0009820759296417236,66.82484157160964,66.82484157160964,0.6527777777777778,pool=fp32_values_torch_sum_acc_fp32+pooled_rounded_to_fp8_e4m3_per_head_amax,score=fp8_e4m3_torch_scaled_mm_acc_fp32_native
R6,8,0.9,"repr=bf16, pool=fp32+fp8_e4m3/native, score=fp8_e4m3/native",fp8,bf16,native,144,0.957647069407694,0.008159135881503854,0.9460992546109234,0.9783653846153846,0.9993253086159525,0.00439453125,0.78515625,1.125,0.957647069407694,0.9503333089150978,0.0,0,0,0.001601046764294153,0.005747032374122222,0.1151459626853466,0.9947961866855621,0.11539429426193237,-1.189415343105793e-05,0.0003682095557451248,0.00039978157728910447,0.00147359854772887,0.00835629006892757,0.4861111111111111,0.0014027580618858337,-117.93677204658901,117.93677204658901,0.6319444444444444,pool=fp32_values_torch_sum_acc_fp32+pooled_rounded_to_fp8_e4m3_per_head_amax,score=fp8_e4m3_torch_scaled_mm_acc_fp32_native
R6,9,0.9,"repr=bf16, pool=fp32+fp8_e4m3/native, score=fp8_e4m3/native",fp8,bf16,native,144,0.9634218289085545,0.011468976390887176,0.9447772096420743,0.9813701923076923,0.9993025295284192,0.0037841796875,0.728515625,0.96875,0.9634218289085545,0.9593759199293495,0.0,0,0,0.0018502076505641121,0.005448179047346527,0.20204423367977142,0.9836951196193695,0.20188315957784653,2.6971101760864258e-06,0.00036975182592868805,0.00041961669921875,0.0010436727024456293,0.0037173862350767086,0.5069444444444444,0.0005031228065490723,186.5414364640884,186.5414364640884,0.6388888888888888,pool=fp32_values_torch_sum_acc_fp32+pooled_rounded_to_fp8_e4m3_per_head_amax,score=fp8_e4m3_torch_scaled_mm_acc_fp32_native
R7,0,0.9,"repr=nvfp4, pool=fp32+fp8_e4m3/native, score=fp8_e4m3/native",fp8,nvfp4,native,144,0.9306047086658773,0.049489852614540086,0.8528153775365039,0.9640549879807692,0.9992595904900173,0.00730133056640625,0.9296875,1.869140625,0.9306047086658773,0.9545571997809527,0.0,0,0,0.0015845494933197323,0.010437905562473569,0.1017475537955761,0.995090514421463,0.10181652009487152,-6.0729216784238815e-06,0.0013284815941005945,0.002503037452697754,0.005768751557771432,0.028903598727804913,0.4861111111111111,-0.00023110955953598022,38.055745121343406,38.055745121343406,0.5,pool=fp32_values_torch_sum_acc_fp32+pooled_rounded_to_fp8_e4m3_per_head_amax,score=fp8_e4m3_torch_scaled_mm_acc_fp32_native
R7,1,0.9,"repr=nvfp4, pool=fp32+fp8_e4m3/native, score=fp8_e4m3/native",fp8,nvfp4,native,144,0.9364318326841836,0.02535690469192764,0.8838348598225558,0.9671724759615385,0.9991474184570943,0.0066680908203125,0.91015625,1.70703125,0.9364318326841836,0.9514769478853624,0.0,0,0,0.0014621617224944705,0.00856575623216575,0.08674126118421555,0.9972066581249237,0.08528706803917885,7.764622569084167e-05,0.0009921093005686998,0.0019307143986225129,0.0054064178875670565,0.05529735688089079,0.5625,0.01529710367321968,197.0102672360025,197.0102672360025,0.75,pool=fp32_values_torch_sum_acc_fp32+pooled_rounded_to_fp8_e4m3_per_head_amax,score=fp8_e4m3_torch_scaled_mm_acc_fp32_native
R7,10,0.9,"repr=nvfp4, pool=fp32+fp8_e4m3/native, score=fp8_e4m3/native",fp8,nvfp4,native,144,0.9584390772750218,0.02266050540523923,0.9149479754112999,0.9787785456730769,0.9991465848910721,0.00431060791015625,0.77734375,1.103515625,0.9584390772750218,0.9622641509433962,0.0,0,0,0.0017174002653127815,0.0060058334858298906,0.22542258352041245,0.9790985584259033,0.22519441694021225,-4.260241985321045e-05,0.0005969386547803879,0.0005964100360870362,0.0015233050080207383,0.004234042213327975,0.4583333333333333,0.00014737248420715332,-3.459251486533753,3.459251486533753,0.5416666666666666,pool=fp32_values_torch_sum_acc_fp32+pooled_rounded_to_fp8_e4m3_per_head_amax,score=fp8_e4m3_torch_scaled_mm_acc_fp32_native
R7,11,0.9,"repr=nvfp4, pool=fp32+fp8_e4m3/native, score=fp8_e4m3/native",fp8,nvfp4,native,144,0.9586552007719363,0.01773729975320515,0.9139913536680719,0.9788912259615384,0.9993390671695607,0.0042877197265625,0.78515625,1.09765625,0.9586552007719363,0.9621195478372102,0.0,0,0,0.0018420240063344194,0.006051968012323897,0.1661960557103157,0.9881339073181152,0.16614870727062225,6.698817014694214e-05,0.0004957281053066254,0.0007542923092842102,0.0014872974536563372,0.004659023659584272,0.5763888888888888,0.0004824399948120117,7.201868535201869,7.201868535201869,0.5833333333333334,pool=fp32_values_torch_sum_acc_fp32+pooled_rounded_to_fp8_e4m3_per_head_amax,score=fp8_e4m3_torch_scaled_mm_acc_fp32_native
R7,12,0.9,"repr=nvfp4, pool=fp32+fp8_e4m3/native, score=fp8_e4m3/native",fp8,nvfp4,native,144,0.9539116500363889,0.03666496152846699,0.9002771081976209,0.9764122596153846,0.9993028609204992,0.004791259765625,0.810546875,1.2265625,0.9539116500363889,0.9580071163059662,0.0,0,0,0.0017939289491288321,0.006898540165184541,0.13416464626789093,0.9922177791595459,0.1339883729815483,2.54753977060318e-05,0.0006054136902093887,0.0005512680858373642,0.002014118820153804,0.008023346157923461,0.5069444444444444,0.0013326369225978851,52.310740659501356,52.310740659501356,0.6388888888888888,pool=fp32_values_torch_sum_acc_fp32+pooled_rounded_to_fp8_e4m3_per_head_amax,score=fp8_e4m3_torch_scaled_mm_acc_fp32_native
R7,13,0.9,"repr=nvfp4, pool=fp32+fp8_e4m3/native, score=fp8_e4m3/native",fp8,nvfp4,native,144,0.9582950267375223,0.02869588917012922,0.9209721336441264,0.9787034254807693,0.9987166110011116,0.00432586669921875,0.78515625,1.107421875,0.9582950267375223,0.9621195371803375,0.0,0,0,0.0017646420694665639,0.006187197383071934,0.1774393692612648,0.9863226115703583,0.17700379341840744,-2.4355947971343994e-05,0.0004725772887468338,0.00042606890201568604,0.0014639562021966103,0.003633861250281566,0.4444444444444444,0.00018937885761260986,-7.775466503517896,7.775466503517896,0.5138888888888888,pool=fp32_values_torch_sum_acc_fp32+pooled_rounded_to_fp8_e4m3_per_head_amax,score=fp8_e4m3_torch_scaled_mm_acc_fp32_native
R7,14,0.9,"repr=nvfp4, pool=fp32+fp8_e4m3/native, score=fp8_e4m3/native",fp8,nvfp4,native,144,0.953338235019199,0.015561629932718146,0.9191719988161966,0.9761117788461539,0.9991587495671654,0.004852294921875,0.82421875,1.2421875,0.953338235019199,0.9576470588235294,0.0,1,0,0.001631054214635811,0.006425088997159009,0.20668760687112808,0.9840250313282013,0.20659282058477402,2.9787421226501465e-05,0.0005298880860209465,0.00046600401401519775,0.001479201138536839,0.004782014366431641,0.5347222222222222,0.0004496574401855469,15.095547773886944,15.095547773886944,0.5625,pool=fp32_values_torch_sum_acc_fp32+pooled_rounded_to_fp8_e4m3_per_head_amax,score=fp8_e4m3_torch_scaled_mm_acc_fp32_native
R7,15,0.9,"repr=nvfp4, pool=fp32+fp8_e4m3/native, score=fp8_e4m3/native",fp8,nvfp4,native,144,0.9470528009360831,0.025765125330925343,0.9115178214889446,0.9728064903846154,0.9992513104476428,0.005523681640625,0.84375,1.4140625,0.9470528009360831,0.9534098856033273,0.0,1,0,0.0016562620474651403,0.006903239970243152,0.23408429324626923,0.9777388274669647,0.23342520743608475,3.453344106674194e-05,0.0007086433470249176,0.0011939600110054017,0.001406790145153899,0.006063283477630433,0.5694444444444444,-0.000790715217590332,-22.897087378640776,22.897087378640776,0.3888888888888889,pool=fp32_values_torch_sum_acc_fp32+pooled_rounded_to_fp8_e4m3_per_head_amax,score=fp8_e4m3_torch_scaled_mm_acc_fp32_native
R7,16,0.9,"repr=nvfp4, pool=fp32+fp8_e4m3/native, score=fp8_e4m3/native",fp8,nvfp4,native,144,0.9511194192771663,0.025547182606244223,0.9093722334548797,0.9749474158653846,0.9990206133116177,0.00508880615234375,0.845703125,1.302734375,0.9511194192771663,0.9557058625501458,0.0,1,0,0.0016627490551838423,0.007355220739784748,0.16735883802175522,0.9879298210144043,0.16769471764564514,-4.314817488193512e-05,0.0006247481796890497,0.0004275456070899963,0.0023521257378592356,0.005727263070140228,0.4513888888888889,0.0011460110545158386,-26.559896395424133,26.559896395424133,0.5763888888888888,pool=fp32_values_torch_sum_acc_fp32+pooled_rounded_to_fp8_e4m3_per_head_amax,score=fp8_e4m3_torch_scaled_mm_acc_fp32_native
R7,17,0.9,"repr=nvfp4, pool=fp32+fp8_e4m3/native, score=fp8_e4m3/native",fp8,nvfp4,native,144,0.9556339168244996,0.013318456368489162,0.9330574312059827,0.9773137019230769,0.9991695319228432,0.004608154296875,0.80859375,1.1796875,0.9556339168244996,0.9615412952184484,0.0,0,0,0.0018375250511544735,0.006727418059068616,0.09412182122468948,0.9964727461338043,0.09434860572218895,6.571970880031586e-05,0.0004755444824695587,0.0009297430515289307,0.002538628065178829,0.012616841359656766,0.625,0.0026963017880916595,41.02729359748321,41.02729359748321,0.7569444444444444,pool=fp32_values_torch_sum_acc_fp32+pooled_rounded_to_fp8_e4m3_per_head_amax,score=fp8_e4m3_torch_scaled_mm_acc_fp32_native
R7,18,0.9,"repr=nvfp4, pool=fp32+fp8_e4m3/native, score=fp8_e4m3/native",fp8,nvfp4,native,144,0.95656807172122,0.034737189856338335,0.9192415288267481,0.9778019831730769,0.9985679749306737,0.00450897216796875,0.80078125,1.154296875,0.95656807172122,0.9613968305574182,0.0,0,0,0.0019240415058883885,0.007014278450815314,0.3198768049478531,0.9613142311573029,0.31923356652259827,6.891414523124695e-05,0.0015362724661827087,0.0027996450662612915,0.002496655710498018,0.012108874138633286,0.5208333333333334,0.002118963748216629,30.74787826368993,30.74787826368993,0.7361111111111112,pool=fp32_values_torch_sum_acc_fp32+pooled_rounded_to_fp8_e4m3_per_head_amax,score=fp8_e4m3_torch_scaled_mm_acc_fp32_native
R7,19,0.9,"repr=nvfp4, pool=fp32+fp8_e4m3/native, score=fp8_e4m3/native",fp8,nvfp4,native,144,0.9557775655623302,0.02434225229185094,0.9053087659070289,0.9773888221153846,0.9986441637966006,0.0045928955078125,0.818359375,1.17578125,0.9557775655623302,0.9602415067240778,0.0,1,0,0.0017894356227208205,0.006544085424356298,0.1504649817943573,0.9924829602241516,0.15037209540605545,3.748387098312378e-05,0.0005758176557719707,0.0007323905825614929,0.001936118850897513,0.011687009719468382,0.5277777777777778,0.0019477978348731995,51.96362552176506,51.96362552176506,0.6736111111111112,pool=fp32_values_torch_sum_acc_fp32+pooled_rounded_to_fp8_e4m3_per_head_amax,score=fp8_e4m3_torch_scaled_mm_acc_fp32_native
R7,2,0.9,"repr=nvfp4, pool=fp32+fp8_e4m3/native, score=fp8_e4m3/native",fp8,nvfp4,native,144,0.9405247916499757,0.024947127354580823,0.876279631073038,0.9693509615384616,0.9992768821165511,0.0062255859375,0.896484375,1.59375,0.9405247916499757,0.9541984732824428,0.0,0,0,0.001511628849490534,0.008254879696330845,0.09514835476875305,0.9961049854755402,0.09361639991402626,9.191874414682388e-05,0.0009421408176422119,0.003497175872325897,0.00552794033945535,0.03599531645356005,0.625,0.006685445085167885,72.73211951731055,72.73211951731055,0.6944444444444444,pool=fp32_values_torch_sum_acc_fp32+pooled_rounded_to_fp8_e4m3_per_head_amax,score=fp8_e4m3_torch_scaled_mm_acc_fp32_native
R7,20,0.9,"repr=nvfp4, pool=fp32+fp8_e4m3/native, score=fp8_e4m3/native",fp8,nvfp4,native,144,0.9492623667078053,0.030424543938880166,0.9154163546779671,0.9739708533653846,0.998967837679445,0.00528717041015625,0.853515625,1.353515625,0.9492623667078053,0.9606023812434106,0.0,0,0,0.0017665611843413033,0.007749524328783997,0.06347820907831192,0.9982584416866302,0.06276556476950645,8.126534521579742e-05,0.0004791100509464741,0.0008408034220337868,0.002981505181934233,0.057698351448675154,0.6319444444444444,0.010016947984695435,123.26223383529305,123.26223383529305,0.9097222222222222,pool=fp32_values_torch_sum_acc_fp32+pooled_rounded_to_fp8_e4m3_per_head_amax,score=fp8_e4m3_torch_scaled_mm_acc_fp32_native
R7,21,0.9,"repr=nvfp4, pool=fp32+fp8_e4m3/native, score=fp8_e4m3/native",fp8,nvfp4,native,144,0.9539116500363889,0.02792671441950001,0.9095297230704474,0.9764122596153846,0.9989259239873707,0.004791259765625,0.818359375,1.2265625,0.9539116500363889,0.9616858344045967,0.0,0,0,0.001788848840842198,0.00740446975497328,0.10766076669096947,0.9950885772705078,0.10695641115307808,0.00020331330597400665,0.0005937532987445593,0.0010595504194498063,0.0036149653463415786,0.024529251442670607,0.7291666666666666,0.007101552560925484,34.92910868230832,34.92910868230832,0.8402777777777778,pool=fp32_values_torch_sum_acc_fp32+pooled_rounded_to_fp8_e4m3_per_head_amax,score=fp8_e4m3_torch_scaled_mm_acc_fp32_native
R7,22,0.9,"repr=nvfp4, pool=fp32+fp8_e4m3/native, score=fp8_e4m3/native",fp8,nvfp4,native,144,0.955993117828924,0.03204159085514946,0.8815294050882077,0.9775015024038461,0.9989501190539904,0.00457000732421875,0.794921875,1.169921875,0.955993117828924,0.9612523020257827,0.0,1,0,0.001947465792261445,0.007200449065216951,0.2633681446313858,0.9710665047168732,0.26304690539836884,-2.9675662517547607e-05,0.0010374058037996292,0.001111149787902832,0.0021398883374563046,0.0070594861206218495,0.4791666666666667,0.0009062550961971283,-30.53866432337434,30.53866432337434,0.6180555555555556,pool=fp32_values_torch_sum_acc_fp32+pooled_rounded_to_fp8_e4m3_per_head_amax,score=fp8_e4m3_torch_scaled_mm_acc_fp32_native
R7,23,0.9,"repr=nvfp4, pool=fp32+fp8_e4m3/native, score=fp8_e4m3/native",fp8,nvfp4,native,144,0.9453457748254226,0.047475721560441,0.8706224482643246,0.9719050480769231,0.9991542109238705,0.005706787109375,0.873046875,1.4609375,0.9453457748254226,0.9514054547450056,0.0,1,0,0.0017077393594301517,0.007534732127401983,0.19473896920681,0.9827505350112915,0.1957385465502739,6.764382123947144e-05,0.0011231563985347748,0.002215979993343353,0.0027895305136989438,0.014704228979688618,0.5416666666666666,0.000392034649848938,5.795572199581452,5.795572199581452,0.5347222222222222,pool=fp32_values_torch_sum_acc_fp32+pooled_rounded_to_fp8_e4m3_per_head_amax,score=fp8_e4m3_torch_scaled_mm_acc_fp32_native
R7,24,0.9,"repr=nvfp4, pool=fp32+fp8_e4m3/native, score=fp8_e4m3/native",fp8,nvfp4,native,144,0.9632047269674704,0.02462521758789138,0.9151614601284013,0.9812575120192308,0.9988692969866455,0.00380706787109375,0.736328125,0.974609375,0.9632047269674704,0.9676299836485145,0.0,1,0,0.0021475877848179696,0.006578415887888673,0.24794572591781616,0.9806454181671143,0.24836669862270355,5.185231566429138e-05,0.0010014437139034271,0.0014642149209976197,0.0019924504339991576,0.01139107764590477,0.5486111111111112,0.0025801360607147217,49.759321790358506,49.759321790358506,0.7777777777777778,pool=fp32_values_torch_sum_acc_fp32+pooled_rounded_to_fp8_e4m3_per_head_amax,score=fp8_e4m3_torch_scaled_mm_acc_fp32_native
R7,25,0.9,"repr=nvfp4, pool=fp32+fp8_e4m3/native, score=fp8_e4m3/native",fp8,nvfp4,native,144,0.9437838178975113,0.041769651303481314,0.8228195779705236,0.9710787259615384,0.9990312650048603,0.0058746337890625,0.875,1.50390625,0.9437838178975113,0.9487631592927923,0.0,1,0,0.0014645521781915935,0.007385094664256433,0.11933058127760887,0.9935370981693268,0.1193726547062397,0.00010716170072555542,0.0005819071084260941,0.0010285802185535432,0.00249723396494503,0.009255301106136277,0.6388888888888888,0.0012329816818237305,11.505805464784816,11.505805464784816,0.6597222222222222,pool=fp32_values_torch_sum_acc_fp32+pooled_rounded_to_fp8_e4m3_per_head_amax,score=fp8_e4m3_torch_scaled_mm_acc_fp32_native
R7,26,0.9,"repr=nvfp4, pool=fp32+fp8_e4m3/native, score=fp8_e4m3/native",fp8,nvfp4,native,144,0.9479075316444188,0.029341557887130443,0.8897349907370451,0.9732572115384616,0.9990152893856546,0.00543212890625,0.84765625,1.390625,0.9479075316444188,0.9559212459594475,0.0,1,0,0.0017387365062641186,0.007905963212262525,0.05235559865832329,0.9986850619316101,0.05248250439763069,6.49578869342804e-05,0.0002691112458705902,0.0004147980362176895,0.00282519672437523,0.01590403201142412,0.6388888888888888,0.0013781478628516197,21.216020531054653,21.216020531054653,0.7638888888888888,pool=fp32_values_torch_sum_acc_fp32+pooled_rounded_to_fp8_e4m3_per_head_amax,score=fp8_e4m3_torch_scaled_mm_acc_fp32_native
R7,27,0.9,"repr=nvfp4, pool=fp32+fp8_e4m3/native, score=fp8_e4m3/native",fp8,nvfp4,native,144,0.9376298428422005,0.029012063203074367,0.9030057349729812,0.9678109975961539,0.9991898860553876,0.00653839111328125,0.90625,1.673828125,0.9376298428422005,0.9551312675523207,0.0,1,0,0.0017355860370812668,0.009688460962945806,0.032271940261125565,0.9995288848876953,0.03238777071237564,8.227955549955368e-05,0.0004663486033678055,0.0008972235023975373,0.004976488679582124,0.04481629499618686,0.6319444444444444,0.004676618613302708,56.83816088831539,56.83816088831539,0.7916666666666666,pool=fp32_values_torch_sum_acc_fp32+pooled_rounded_to_fp8_e4m3_per_head_amax,score=fp8_e4m3_torch_scaled_mm_acc_fp32_native
R7,28,0.9,"repr=nvfp4, pool=fp32+fp8_e4m3/native, score=fp8_e4m3/native",fp8,nvfp4,native,144,0.9186394288593192,0.036121483854175795,0.8162778816596568,0.9575946514423077,0.9959259953469755,0.00861358642578125,0.95703125,2.205078125,0.9186394288593192,0.9479076880490803,0.0,0,0,0.0014355490645908075,0.010687016379779085,0.06413375958800316,0.9980524480342865,0.06457894295454025,1.2689270079135895e-05,0.0007856376469135284,0.0012795701622962952,0.0059364795889529625,0.05403548276774763,0.5486111111111112,0.01021653541829437,805.1318440366972,805.1318440366972,0.7708333333333334,pool=fp32_values_torch_sum_acc_fp32+pooled_rounded_to_fp8_e4m3_per_head_amax,score=fp8_e4m3_torch_scaled_mm_acc_fp32_native
R7,29,0.9,"repr=nvfp4, pool=fp32+fp8_e4m3/native, score=fp8_e4m3/native",fp8,nvfp4,native,144,0.935446442736632,0.03498269146896105,0.879157884095332,0.9666466346153846,0.9981778865671934,0.00677490234375,0.91796875,1.734375,0.935446442736632,0.9585831490065533,0.0,1,0,0.0015924839017478092,0.009425731178470328,0.060352204367518425,0.9983842372894287,0.06058032438158989,7.171649485826492e-05,0.0007912111468613148,0.0017122752964496613,0.004678402207892793,0.08406551392989632,0.5763888888888888,0.004094485193490982,57.09265632101812,57.09265632101812,0.7013888888888888,pool=fp32_values_torch_sum_acc_fp32+pooled_rounded_to_fp8_e4m3_per_head_amax,score=fp8_e4m3_torch_scaled_mm_acc_fp32_native
R7,3,0.9,"repr=nvfp4, pool=fp32+fp8_e4m3/native, score=fp8_e4m3/native",fp8,nvfp4,native,144,0.9454877603215199,0.025102727224143084,0.8844113623175673,0.9719801682692307,0.9991124270647691,0.0056915283203125,0.8671875,1.45703125,0.9454877603215199,0.9514769478853624,0.0,1,0,0.0014567122377988516,0.007505315182130421,0.18095256388187408,0.9871319234371185,0.18105003237724304,-2.4063512682914734e-05,0.0006025088950991631,0.0011035352945327759,0.002039919883369793,0.026881766291768694,0.4583333333333333,0.00185374915599823,-77.03568387646102,77.03568387646102,0.6111111111111112,pool=fp32_values_torch_sum_acc_fp32+pooled_rounded_to_fp8_e4m3_per_head_amax,score=fp8_e4m3_torch_scaled_mm_acc_fp32_native
R7,4,0.9,"repr=nvfp4, pool=fp32+fp8_e4m3/native, score=fp8_e4m3/native",fp8,nvfp4,native,144,0.9562086806563694,0.018011489290390204,0.9167401911383616,0.9776141826923077,0.9991383416942419,0.004547119140625,0.80078125,1.1640625,0.9562086806563694,0.9611800909760599,0.0,1,0,0.001614402604234,0.006146362275399039,0.13804125785827637,0.9922236502170563,0.13836897909641266,1.0308227501809597e-05,0.00046067871153354645,0.00048490148037672043,0.0016872953040863244,0.007960854670530499,0.5208333333333334,0.0012494996190071106,121.2138186499825,121.2138186499825,0.6041666666666666,pool=fp32_values_torch_sum_acc_fp32+pooled_rounded_to_fp8_e4m3_per_head_amax,score=fp8_e4m3_torch_scaled_mm_acc_fp32_native
R7,5,0.9,"repr=nvfp4, pool=fp32+fp8_e4m3/native, score=fp8_e4m3/native",fp8,nvfp4,native,144,0.9484777517564403,0.017271183760441455,0.9188123054295604,0.9735576923076923,0.9988073436155553,0.00537109375,0.841796875,1.375,0.9484777517564403,0.9591596479665765,0.0,1,0,0.0016829995339602121,0.007610836646632379,0.08432740345597267,0.99695685505867,0.0838133804500103,0.00010925531387329102,0.00042894110083580017,0.001032378152012825,0.0028369222515954888,0.03193984137365818,0.625,0.011967239901423454,109.53462561374795,109.53462561374795,0.7638888888888888,pool=fp32_values_torch_sum_acc_fp32+pooled_rounded_to_fp8_e4m3_per_head_amax,score=fp8_e4m3_torch_scaled_mm_acc_fp32_native
R7,6,0.9,"repr=nvfp4, pool=fp32+fp8_e4m3/native, score=fp8_e4m3/native",fp8,nvfp4,native,144,0.9593038257384623,0.022561719977140737,0.8895092036066206,0.9792292668269231,0.9995384532377096,0.00421905517578125,0.77734375,1.080078125,0.9593038257384623,0.9633494580410014,0.0,0,0,0.0015256340605509146,0.005409297880361289,0.23973467200994492,0.9769618213176727,0.2393656000494957,-5.930662155151367e-06,0.0005660615861415863,0.0006345920264720917,0.0010809434611859753,0.005527511916947636,0.4861111111111111,-0.00010512769222259521,17.72613065326633,17.72613065326633,0.5,pool=fp32_values_torch_sum_acc_fp32+pooled_rounded_to_fp8_e4m3_per_head_amax,score=fp8_e4m3_torch_scaled_mm_acc_fp32_native
R7,7,0.9,"repr=nvfp4, pool=fp32+fp8_e4m3/native, score=fp8_e4m3/native",fp8,nvfp4,native,144,0.9544854018117797,0.0249241496056134,0.8973109238132743,0.9767127403846154,0.998869743630423,0.004730224609375,0.81640625,1.2109375,0.9544854018117797,0.9601693381983397,0.0,1,0,0.0016920336225688293,0.006314411417883099,0.15905984491109848,0.9899170696735382,0.15891379863023758,0.0001284005120396614,0.000522407703101635,0.000988943874835968,0.0018274471143585312,0.010358179252650892,0.6527777777777778,0.0010816901922225952,8.424344849095881,8.424344849095881,0.6319444444444444,pool=fp32_values_torch_sum_acc_fp32+pooled_rounded_to_fp8_e4m3_per_head_amax,score=fp8_e4m3_torch_scaled_mm_acc_fp32_native
R7,8,0.9,"repr=nvfp4, pool=fp32+fp8_e4m3/native, score=fp8_e4m3/native",fp8,nvfp4,native,144,0.9503333193810779,0.010928531552503173,0.9366431567221657,0.9745342548076923,0.9990159211304837,0.0051727294921875,0.83984375,1.32421875,0.9503333193810779,0.9567118682946963,0.0,1,0,0.001601046764294153,0.006927376547817592,0.11528315022587776,0.9947817623615265,0.11539429426193237,8.445465937256813e-05,0.00047802645713090897,0.0006207754835486412,0.0020583928162578747,0.00897739709923331,0.5833333333333334,0.0018695816397666931,22.13710473354837,22.13710473354837,0.6388888888888888,pool=fp32_values_torch_sum_acc_fp32+pooled_rounded_to_fp8_e4m3_per_head_amax,score=fp8_e4m3_torch_scaled_mm_acc_fp32_native
R7,9,0.9,"repr=nvfp4, pool=fp32+fp8_e4m3/native, score=fp8_e4m3/native",fp8,nvfp4,native,144,0.9587272419367947,0.0129718617720197,0.938610203625748,0.9789287860576923,0.9991342428407228,0.00428009033203125,0.77734375,1.095703125,0.9587272419367947,0.9631322813744285,0.0,1,0,0.0018502076505641121,0.006114440313541199,0.20205234736204147,0.9836976528167725,0.20188315957784653,2.8606504201889038e-05,0.00051084253937006,0.0008932843804359436,0.0015033167615854494,0.0064097055411073715,0.5555555555555556,0.000922083854675293,32.233363719234276,32.233363719234276,0.6458333333333334,pool=fp32_values_torch_sum_acc_fp32+pooled_rounded_to_fp8_e4m3_per_head_amax,score=fp8_e4m3_torch_scaled_mm_acc_fp32_native
R8,0,0.9,"repr=bf16, pool=fp32+nvfp4/native, score=fp32/native",nvfp4_like,bf16,simulated,144,0.870451180449377,0.10348228291046324,0.6904051523701901,0.9307391826923077,0.9946086919460824,0.014068603515625,0.99609375,3.6015625,0.870451180449377,0.8873569514910791,0.0,1,0,0.0015845494933197323,0.022774293802606052,0.10333804041147232,0.995033323764801,0.10181652009487152,0.0001791922841221094,0.00356425903737545,0.003945611417293549,0.018812130467097406,0.11319499952590144,0.5138888888888888,-0.00016060471534729004,-0.8962702614909859,0.8962702614909859,0.5138888888888888,pool=fp32_values_torch_sum_acc_fp32+pooled_rounded_to_nvfp4_e2m1_per16_e4m3_sf,score=fp32_values_torch_matmul_acc_fp32_tf32_disabled
R8,1,0.9,"repr=bf16, pool=fp32+nvfp4/native, score=fp32/native",nvfp4_like,bf16,simulated,144,0.8749295774647887,0.05500907236558483,0.7764650924040162,0.9332932692307693,0.9946266944634934,0.0135498046875,0.9921875,3.46875,0.8749295774647887,0.8804277401024678,0.0,1,0,0.0014621617224944705,0.0202941391114771,0.08700292184948921,0.9969702064990997,0.08528706803917885,0.0005156621336936951,0.0034703295677900314,0.005811368301510811,0.018766419346696817,0.10266073217246274,0.6736111111111112,0.028182169888168573,54.652393586279636,54.652393586279636,0.7361111111111112,pool=fp32_values_torch_sum_acc_fp32+pooled_rounded_to_nvfp4_e2m1_per16_e4m3_sf,score=fp32_values_torch_matmul_acc_fp32_tf32_disabled
R8,10,0.9,"repr=bf16, pool=fp32+nvfp4/native, score=fp32/native",nvfp4_like,bf16,simulated,144,0.8899024171675435,0.05518737981624999,0.7850726108961279,0.9417442908653846,0.9927707595694982,0.01183319091796875,0.98828125,3.029296875,0.8899024171675435,0.8906405435491676,0.0,2,0,0.0017174002653127815,0.020460458331341955,0.22507985681295395,0.9791692197322845,0.22519441694021225,-7.950514554977417e-05,0.0016774851828813553,0.0017212189733982087,0.00442276260332223,0.015817837076041005,0.4791666666666667,0.00028174370527267456,-3.5437166151251054,3.5437166151251054,0.5208333333333334,pool=fp32_values_torch_sum_acc_fp32+pooled_rounded_to_nvfp4_e2m1_per16_e4m3_sf,score=fp32_values_torch_matmul_acc_fp32_tf32_disabled
R8,11,0.9,"repr=bf16, pool=fp32+nvfp4/native, score=fp32/native",nvfp4_like,bf16,simulated,144,0.8936662259007253,0.039045054006238256,0.8220018197113808,0.94384765625,0.994862321860763,0.01140594482421875,0.984375,2.919921875,0.8936662259007253,0.8931949947807521,0.0,2,0,0.0018420240063344194,0.020512734810640525,0.16653426736593246,0.9879714846611023,0.16614870727062225,0.00019328296184539795,0.0013774354010820389,0.0016513116657733916,0.004821245508498051,0.013815766956142148,0.5694444444444444,0.0012948177754878998,6.699078714054429,6.699078714054429,0.5694444444444444,pool=fp32_values_torch_sum_acc_fp32+pooled_rounded_to_nvfp4_e2m1_per16_e4m3_sf,score=fp32_values_torch_matmul_acc_fp32_tf32_disabled
R8,12,0.9,"repr=bf16, pool=fp32+nvfp4/native, score=fp32/native",nvfp4_like,bf16,simulated,144,0.8831518271885399,0.05641836934981359,0.7805837352515842,0.9379507211538461,0.9949122387825242,0.012603759765625,0.98828125,3.2265625,0.8831518271885399,0.8840850989431801,0.0,2,0,0.0017939289491288321,0.02172576761834803,0.13381491601467133,0.992242157459259,0.1339883729815483,0.00027090124785900116,0.001753995195031166,0.0014658208936452865,0.0065734847862266,0.023263186317025144,0.5902777777777778,0.004745405167341232,17.51710339042485,17.51710339042485,0.5972222222222222,pool=fp32_values_torch_sum_acc_fp32+pooled_rounded_to_nvfp4_e2m1_per16_e4m3_sf,score=fp32_values_torch_matmul_acc_fp32_tf32_disabled
R8,13,0.9,"repr=bf16, pool=fp32+nvfp4/native, score=fp32/native",nvfp4_like,bf16,simulated,144,0.8933968661709478,0.07367052018614384,0.7923282327821897,0.9436974158653846,0.9932255593955405,0.01143646240234375,0.98828125,2.927734375,0.8933968661709478,0.89232032699192,0.0,1,0,0.0017646420694665639,0.020516625000193432,0.17709296941757202,0.986313670873642,0.17700379341840744,-0.00012396275997161865,0.0014312248677015305,0.0010909378528594972,0.004202889093615913,0.013168551426281044,0.4166666666666667,0.0006294623017311096,-5.0778338742637334,5.0778338742637334,0.5625,pool=fp32_values_torch_sum_acc_fp32+pooled_rounded_to_nvfp4_e2m1_per16_e4m3_sf,score=fp32_values_torch_matmul_acc_fp32_tf32_disabled
R8,14,0.9,"repr=bf16, pool=fp32+nvfp4/native, score=fp32/native",nvfp4_like,bf16,simulated,144,0.8818873744112867,0.03474216441976863,0.8305391401279625,0.9372370793269231,0.9944251351768799,0.01274871826171875,0.9921875,3.263671875,0.8818873744112867,0.8839513255951754,0.0,2,0,0.001631054214635811,0.0207739803638807,0.20652830600738525,0.9841558933258057,0.20659282058477402,8.45193862915039e-05,0.00142776221036911,0.0009443625807762146,0.0036700811615990674,0.011300016871628477,0.5138888888888888,0.0007949098944664001,9.405059943582511,9.405059943582511,0.5625,pool=fp32_values_torch_sum_acc_fp32+pooled_rounded_to_nvfp4_e2m1_per16_e4m3_sf,score=fp32_values_torch_matmul_acc_fp32_tf32_disabled
R8,15,0.9,"repr=bf16, pool=fp32+nvfp4/native, score=fp32/native",nvfp4_like,bf16,simulated,144,0.8739399342424581,0.0654691387738362,0.7784550016844094,0.9327298677884615,0.9941510239077866,0.01366424560546875,0.9921875,3.498046875,0.8739399342424581,0.8721608980836528,0.0,2,0,0.0016562620474651403,0.02225526262683393,0.23233740776777267,0.9778053164482117,0.23342520743608475,-0.00040687620639801025,0.0027701444923877716,0.0021356940269470215,0.005270578669956913,0.017160215607544892,0.4027777777777778,-0.0018732249736785889,4.603918696209486,4.603918696209486,0.4583333333333333,pool=fp32_values_torch_sum_acc_fp32+pooled_rounded_to_nvfp4_e2m1_per16_e4m3_sf,score=fp32_values_torch_matmul_acc_fp32_tf32_disabled
R8,16,0.9,"repr=bf16, pool=fp32+nvfp4/native, score=fp32/native",nvfp4_like,bf16,simulated,144,0.8709770405501922,0.06333517292054247,0.784235211306744,0.9310396634615384,0.9932921212107158,0.014007568359375,0.99609375,3.5859375,0.8709770405501922,0.8711747198594182,0.0,1,0,0.0016627490551838423,0.024130958017275477,0.1670624241232872,0.9879324734210968,0.16769471764564514,0.0001119077205657959,0.0023988354951143265,0.0009902045130729675,0.0073793880040382695,0.01814525064525747,0.5555555555555556,0.002982262521982193,26.649300932090547,26.649300932090547,0.625,pool=fp32_values_torch_sum_acc_fp32+pooled_rounded_to_nvfp4_e2m1_per16_e4m3_sf,score=fp32_values_torch_matmul_acc_fp32_tf32_disabled
R8,17,0.9,"repr=bf16, pool=fp32+nvfp4/native, score=fp32/native",nvfp4_like,bf16,simulated,144,0.8886287862665816,0.02748741693182455,0.815734290992911,0.9410306490384616,0.9947654341157663,0.0119781494140625,0.9921875,3.06640625,0.8886287862665816,0.8910433979686058,0.0,1,0,0.0018375250511544735,0.020895029875380007,0.09460124373435974,0.9964102804660797,0.09434860572218895,0.00038446858525276184,0.0013449457474052906,0.0018117785453796386,0.008110173554407926,0.03227316161635792,0.6597222222222222,0.009225666522979736,23.99589167191512,23.99589167191512,0.8125,pool=fp32_values_torch_sum_acc_fp32+pooled_rounded_to_nvfp4_e2m1_per16_e4m3_sf,score=fp32_values_torch_matmul_acc_fp32_tf32_disabled
R8,18,0.9,"repr=bf16, pool=fp32+nvfp4/native, score=fp32/native",nvfp4_like,bf16,simulated,144,0.892186469287247,0.09169749376784853,0.776637595706475,0.9430213341346154,0.9883535107774513,0.01157379150390625,0.98828125,2.962890625,0.892186469287247,0.8926571842566035,0.0,2,0,0.0019240415058883885,0.021527207740463294,0.3218274265527725,0.9612325727939606,0.31923356652259827,0.000749632716178894,0.006072010844945908,0.010405969619750977,0.00846201222701211,0.03296888200663138,0.6041666666666666,0.006662091240286827,8.887140457590395,8.887140457590395,0.6875,pool=fp32_values_torch_sum_acc_fp32+pooled_rounded_to_nvfp4_e2m1_per16_e4m3_sf,score=fp32_values_torch_matmul_acc_fp32_tf32_disabled
R8,19,0.9,"repr=bf16, pool=fp32+nvfp4/native, score=fp32/native",nvfp4_like,bf16,simulated,144,0.8872231296113786,0.061115356787541764,0.8268964881097356,0.9402418870192308,0.9890235114702088,0.01213836669921875,0.986328125,3.107421875,0.8872231296113786,0.8872231296113786,0.0,2,0,0.0017894356227208205,0.020935773802895442,0.15129228681325912,0.9924216270446777,0.15037209540605545,0.00036349520087242126,0.0014545712620019913,0.001887352764606476,0.006107549735721066,0.038204603506180934,0.6527777777777778,0.004381533712148666,12.053897002305918,12.053897002305918,0.6805555555555556,pool=fp32_values_torch_sum_acc_fp32+pooled_rounded_to_nvfp4_e2m1_per16_e4m3_sf,score=fp32_values_torch_matmul_acc_fp32_tf32_disabled
R8,2,0.9,"repr=bf16, pool=fp32+nvfp4/native, score=fp32/native",nvfp4_like,bf16,simulated,144,0.8832850062401314,0.034785160286742944,0.7738810276211529,0.9380258413461539,0.9944343872530799,0.0125885009765625,0.99609375,3.22265625,0.8832850062401314,0.8892318632971329,0.0,1,0,0.001511628849490534,0.018770793889532365,0.09545222669839859,0.9961185455322266,0.09361639991402626,0.00048127397894859314,0.0018868674524128437,0.004080501943826675,0.012110713468077211,0.0603566597983626,0.6666666666666666,0.012206720188260078,25.363349614137206,25.363349614137206,0.6805555555555556,pool=fp32_values_torch_sum_acc_fp32+pooled_rounded_to_nvfp4_e2m1_per16_e4m3_sf,score=fp32_values_torch_matmul_acc_fp32_tf32_disabled
R8,20,0.9,"repr=bf16, pool=fp32+nvfp4/native, score=fp32/native",nvfp4_like,bf16,simulated,144,0.8907748410705061,0.038221504232238135,0.8538454650717935,0.9422325721153846,0.9934391681530953,0.0117340087890625,0.9921875,3.00390625,0.8907748410705061,0.8965664720830836,0.0,1,0,0.0017665611843413033,0.019626445188987887,0.06428242847323418,0.9981685280799866,0.06276556476950645,0.0006384332664310932,0.0010523777455091476,0.0030002981424331666,0.012721650601327314,0.10011850627875285,0.7916666666666666,0.021392442286014557,33.5077186776317,33.5077186776317,0.8958333333333334,pool=fp32_values_torch_sum_acc_fp32+pooled_rounded_to_nvfp4_e2m1_per16_e4m3_sf,score=fp32_values_torch_matmul_acc_fp32_tf32_disabled
R8,21,0.9,"repr=bf16, pool=fp32+nvfp4/native, score=fp32/native",nvfp4_like,bf16,simulated,144,0.8918496507092415,0.042636732363752206,0.8004778023337238,0.9428335336538461,0.9957951537678275,0.0116119384765625,0.98828125,2.97265625,0.8918496507092415,0.8983244206773618,0.0,1,0,0.001788848840842198,0.019697866194888437,0.10794736072421074,0.9950741231441498,0.10695641115307808,0.0005461573600769043,0.0016295704990625381,0.002816518396139145,0.010002296378147889,0.056863310985698204,0.6597222222222222,0.016528569161891937,30.263382625777584,30.263382625777584,0.8472222222222222,pool=fp32_values_torch_sum_acc_fp32+pooled_rounded_to_nvfp4_e2m1_per16_e4m3_sf,score=fp32_values_torch_matmul_acc_fp32_tf32_disabled
R8,22,0.9,"repr=bf16, pool=fp32+nvfp4/native, score=fp32/native",nvfp4_like,bf16,simulated,144,0.884418079315338,0.07364383861036539,0.7205208279244995,0.9386643629807692,0.9909916548329585,0.01245880126953125,0.9921875,3.189453125,0.884418079315338,0.8877583602270773,0.0,2,0,0.001947465792261445,0.023954501895219256,0.26339538395404816,0.9711414277553558,0.26304690539836884,0.0002532936632633209,0.0034900158643722534,0.0034227252006530763,0.007790415340134825,0.022164967786861913,0.5138888888888888,0.00240514799952507,9.49549218301884,9.49549218301884,0.6041666666666666,pool=fp32_values_torch_sum_acc_fp32+pooled_rounded_to_nvfp4_e2m1_per16_e4m3_sf,score=fp32_values_torch_matmul_acc_fp32_tf32_disabled
R8,23,0.9,"repr=bf16, pool=fp32+nvfp4/native, score=fp32/native",nvfp4_like,bf16,simulated,144,0.8628604873695866,0.0737555365347774,0.7092588099406256,0.9263822115384615,0.9930414550712062,0.01495361328125,0.99609375,3.828125,0.8628604873695866,0.864099424654583,0.0,1,0,0.0017077393594301517,0.024775499475462225,0.19172552973031998,0.9837484657764435,0.1957385465502739,0.00010534003376960754,0.004468862898647785,0.005165727436542511,0.009271352460132283,0.04191528293560207,0.5347222222222222,0.0032078735530376434,30.45255861654348,30.45255861654348,0.6319444444444444,pool=fp32_values_torch_sum_acc_fp32+pooled_rounded_to_nvfp4_e2m1_per16_e4m3_sf,score=fp32_values_torch_matmul_acc_fp32_tf32_disabled
R8,24,0.9,"repr=bf16, pool=fp32+nvfp4/native, score=fp32/native",nvfp4_like,bf16,simulated,144,0.9067537194672737,0.06984978778407713,0.7960705010094012,0.9510967548076923,0.9930657297077552,0.0099334716796875,0.97265625,2.54296875,0.9067537194672737,0.9061392738182654,0.0,1,0,0.0021475877848179696,0.020484586471025884,0.2479957789182663,0.9804800152778625,0.24836669862270355,0.000294435303658247,0.002890821546316147,0.003908322751522064,0.006410970149973437,0.03293494012633243,0.5763888888888888,0.0071463435888290405,24.271354352003417,24.271354352003417,0.7847222222222222,pool=fp32_values_torch_sum_acc_fp32+pooled_rounded_to_nvfp4_e2m1_per16_e4m3_sf,score=fp32_values_torch_matmul_acc_fp32_tf32_disabled
R8,25,0.9,"repr=bf16, pool=fp32+nvfp4/native, score=fp32/native",nvfp4_like,bf16,simulated,144,0.8671061420620938,0.07919086709995782,0.6878628301009846,0.9288236177884616,0.9933544113461146,0.01445770263671875,0.98828125,3.701171875,0.8671061420620938,0.8718976398516913,0.0,1,0,0.0014645521781915935,0.021642761881792136,0.12069303542375565,0.9934077262878418,0.1193726547062397,0.0002026781439781189,0.001753194723278284,0.001793539524078369,0.007355239719770948,0.02574722064243487,0.5833333333333334,0.0032850783318281174,16.208350181965223,16.208350181965223,0.6666666666666666,pool=fp32_values_torch_sum_acc_fp32+pooled_rounded_to_nvfp4_e2m1_per16_e4m3_sf,score=fp32_values_torch_matmul_acc_fp32_tf32_disabled
R8,26,0.9,"repr=bf16, pool=fp32+nvfp4/native, score=fp32/native",nvfp4_like,bf16,simulated,144,0.8834182229767968,0.06153303363285201,0.7560846909834443,0.9381009615384616,0.9921115346282083,0.0125732421875,0.98828125,3.21875,0.8834182229767968,0.889768253081157,0.0,1,0,0.0017387365062641186,0.021013233454867553,0.05276126600801945,0.9986777603626251,0.05248250439763069,0.00037147849798202515,0.0007605142891407013,0.0013764450326561929,0.012039546927330443,0.032899124172863614,0.7152777777777778,0.003220079466700554,8.66827954832628,8.66827954832628,0.75,pool=fp32_values_torch_sum_acc_fp32+pooled_rounded_to_nvfp4_e2m1_per16_e4m3_sf,score=fp32_values_torch_matmul_acc_fp32_tf32_disabled
R8,27,0.9,"repr=bf16, pool=fp32+nvfp4/native, score=fp32/native",nvfp4_like,bf16,simulated,144,0.8870893646347846,0.03599576018214923,0.7756788817659128,0.9401667668269231,0.9947360819572433,0.01215362548828125,0.9921875,3.111328125,0.8870893646347846,0.8930603053614381,0.0,3,0,0.0017355860370812668,0.020663211673650372,0.03223249316215515,0.9995202422142029,0.03238777071237564,0.0003559454344213009,0.0010025433730334044,0.00189911974593997,0.015385980800106357,0.10897885072250926,0.7291666666666666,0.009824180975556374,27.60024437882905,27.60024437882905,0.8263888888888888,pool=fp32_values_torch_sum_acc_fp32+pooled_rounded_to_nvfp4_e2m1_per16_e4m3_sf,score=fp32_values_torch_matmul_acc_fp32_tf32_disabled
R8,28,0.9,"repr=bf16, pool=fp32+nvfp4/native, score=fp32/native",nvfp4_like,bf16,simulated,144,0.8669097630537941,0.0565580728399091,0.7776428131754175,0.9287109375,0.9915103482984491,0.0144805908203125,0.99609375,3.70703125,0.8669097630537941,0.8889639727505351,0.0,1,0,0.0014355490645908075,0.019800780917039337,0.06476424261927605,0.9979962706565857,0.06457894295454025,4.6005938202142715e-05,0.0010720957070589066,0.0035909802652895452,0.009419238805078427,0.07868039735598364,0.5972222222222222,0.013776438776403666,299.44914319260704,299.44914319260704,0.7638888888888888,pool=fp32_values_torch_sum_acc_fp32+pooled_rounded_to_nvfp4_e2m1_per16_e4m3_sf,score=fp32_values_torch_matmul_acc_fp32_tf32_disabled
R8,29,0.9,"repr=bf16, pool=fp32+nvfp4/native, score=fp32/native",nvfp4_like,bf16,simulated,144,0.8866882781992185,0.03867084683602773,0.7975233527657056,0.93994140625,0.9955259106506499,0.01219940185546875,0.99609375,3.123046875,0.8866882781992185,0.8958912297959525,0.0,2,0,0.0015924839017478092,0.020000005133570312,0.06537436321377754,0.9983011484146118,0.06058032438158989,0.0004055500030517578,0.0015017492696642876,0.005316200945526361,0.011459472210596088,0.14471165142177073,0.6666666666666666,0.007819216698408127,19.2805243239271,19.2805243239271,0.6736111111111112,pool=fp32_values_torch_sum_acc_fp32+pooled_rounded_to_nvfp4_e2m1_per16_e4m3_sf,score=fp32_values_torch_matmul_acc_fp32_tf32_disabled
R8,3,0.9,"repr=bf16, pool=fp32+nvfp4/native, score=fp32/native",nvfp4_like,bf16,simulated,144,0.8766476444829341,0.03656859169230675,0.798895683370264,0.9342698317307692,0.9960148808313698,0.0133514404296875,0.9921875,3.41796875,0.8766476444829341,0.8786339260513689,0.0,2,0,0.0014567122377988516,0.01912891583323472,0.18087628483772278,0.9871035516262054,0.18105003237724304,0.0004451349377632141,0.001602256204932928,0.002231283113360405,0.007098321750185311,0.04696787639470853,0.6319444444444444,0.004692532122135162,10.541819399112896,10.541819399112896,0.5972222222222222,pool=fp32_values_torch_sum_acc_fp32+pooled_rounded_to_nvfp4_e2m1_per16_e4m3_sf,score=fp32_values_torch_matmul_acc_fp32_tf32_disabled
R8,4,0.9,"repr=bf16, pool=fp32+nvfp4/native, score=fp32/native",nvfp4_like,bf16,simulated,144,0.889231920374041,0.04286738773142684,0.8233306064588847,0.9413686899038461,0.9947418298534398,0.01190948486328125,0.98828125,3.048828125,0.889231920374041,0.8896341270825168,0.0,1,0,0.001614402604234,0.018536873102779922,0.13880174607038498,0.9921951591968536,0.13836897909641266,0.00017027370631694794,0.0010322146117687225,0.0016549712046980858,0.004928382606735303,0.02281613647482331,0.6041666666666666,0.0034774262458086014,20.422567412350272,20.422567412350272,0.5972222222222222,pool=fp32_values_torch_sum_acc_fp32+pooled_rounded_to_nvfp4_e2m1_per16_e4m3_sf,score=fp32_values_torch_matmul_acc_fp32_tf32_disabled
R8,5,0.9,"repr=bf16, pool=fp32+nvfp4/native, score=fp32/native",nvfp4_like,bf16,simulated,144,0.8846181166139593,0.027540098315874895,0.840001945184305,0.9387770432692308,0.9939866945465927,0.0124359130859375,0.990234375,3.18359375,0.8846181166139593,0.891580902986617,0.0,1,0,0.0016829995339602121,0.01989994723654798,0.08405033126473427,0.9970119893550873,0.0838133804500103,0.0006421692669391632,0.0015983455814421177,0.0027698099613189696,0.008693096481304279,0.14347696961410503,0.75,0.023398658260703087,36.43690139864602,36.43690139864602,0.75,pool=fp32_values_torch_sum_acc_fp32+pooled_rounded_to_nvfp4_e2m1_per16_e4m3_sf,score=fp32_values_torch_matmul_acc_fp32_tf32_disabled
R8,6,0.9,"repr=bf16, pool=fp32+nvfp4/native, score=fp32/native",nvfp4_like,bf16,simulated,144,0.8944074396412625,0.06222256307161045,0.8001476036799474,0.9442608173076923,0.9963658207415019,0.011322021484375,0.98828125,2.8984375,0.8944074396412625,0.894542436014183,0.0,2,0,0.0015256340605509146,0.018117646159892312,0.23998992145061493,0.9770298302173615,0.2393656000494957,2.183765172958374e-05,0.001512882299721241,0.0015636458992958069,0.0033863254163658454,0.015800087282901228,0.5138888888888888,0.0005019307136535645,22.984646878198568,22.984646878198568,0.5069444444444444,pool=fp32_values_torch_sum_acc_fp32+pooled_rounded_to_nvfp4_e2m1_per16_e4m3_sf,score=fp32_values_torch_matmul_acc_fp32_tf32_disabled
R8,7,0.9,"repr=bf16, pool=fp32+nvfp4/native, score=fp32/native",nvfp4_like,bf16,simulated,144,0.8881603955593744,0.053152767180126514,0.8125004640533433,0.9407677283653846,0.9926259615808756,0.01203155517578125,0.9921875,3.080078125,0.8881603955593744,0.8874237912944846,0.0,1,0,0.0016920336225688293,0.0204116920027025,0.15980688482522964,0.989835798740387,0.15891379863023758,0.00034312903881073,0.001245293766260147,0.002331428974866867,0.00459445931183835,0.03895493325424344,0.6597222222222222,0.0030518323183059692,8.894124288878274,8.894124288878274,0.6319444444444444,pool=fp32_values_torch_sum_acc_fp32+pooled_rounded_to_nvfp4_e2m1_per16_e4m3_sf,score=fp32_values_torch_matmul_acc_fp32_tf32_disabled
R8,8,0.9,"repr=bf16, pool=fp32+nvfp4/native, score=fp32/native",nvfp4_like,bf16,simulated,144,0.8789653857335532,0.029194400128941922,0.8464910196701565,0.9355844350961539,0.9948635526656382,0.01308441162109375,0.9921875,3.349609375,0.8789653857335532,0.8818872615836556,0.0,1,0,0.001601046764294153,0.020529123497566523,0.1158624030649662,0.9947570562362671,0.11539429426193237,0.0002807567361742258,0.0012875944375991821,0.0013258591294288634,0.006687090773623713,0.02459457232720699,0.6180555555555556,0.0045930445194244385,16.359516719036755,16.359516719036755,0.625,pool=fp32_values_torch_sum_acc_fp32+pooled_rounded_to_nvfp4_e2m1_per16_e4m3_sf,score=fp32_values_torch_matmul_acc_fp32_tf32_disabled
R8,9,0.9,"repr=bf16, pool=fp32+nvfp4/native, score=fp32/native",nvfp4_like,bf16,simulated,144,0.8944073245467157,0.03955552952815744,0.8322628631820645,0.9442608173076923,0.9927267956883403,0.011322021484375,0.98046875,2.8984375,0.8944073245467157,0.8948117571703081,0.0,1,0,0.0018502076505641121,0.020123563115704537,0.20154037326574326,0.983511209487915,0.20188315957784653,0.00024040788412094116,0.0016085226088762283,0.002900293469429016,0.005583634106527409,0.015560761041839233,0.5763888888888888,0.002011924982070923,8.36879784299749,8.36879784299749,0.6319444444444444,pool=fp32_values_torch_sum_acc_fp32+pooled_rounded_to_nvfp4_e2m1_per16_e4m3_sf,score=fp32_values_torch_matmul_acc_fp32_tf32_disabled
R9,0,0.9,"repr=nvfp4, pool=fp32+nvfp4/native, score=fp32/native",nvfp4_like,nvfp4,simulated,144,0.8677611153625073,0.10275413330193495,0.6797401294275452,0.92919921875,0.9945232257196988,0.01438140869140625,0.99609375,3.681640625,0.8677611153625073,0.8860867953046632,0.0,2,0,0.0015845494933197323,0.022930008306310368,0.10367707163095474,0.9949914216995239,0.10181652009487152,4.759221337735653e-05,0.004235384985804558,0.003919951617717743,0.014127016634625901,0.10721579753304462,0.5138888888888888,-0.0005800500512123108,-12.187919200418772,12.187919200418772,0.5277777777777778,pool=fp32_values_torch_sum_acc_fp32+pooled_rounded_to_nvfp4_e2m1_per16_e4m3_sf,score=fp32_values_torch_matmul_acc_fp32_tf32_disabled
R9,1,0.9,"repr=nvfp4, pool=fp32+nvfp4/native, score=fp32/native",nvfp4_like,nvfp4,simulated,144,0.8694003743336386,0.05364932607052564,0.7790018070082734,0.9301382211538461,0.9942352735903512,0.014190673828125,0.99609375,3.6328125,0.8694003743336386,0.8809566449219052,0.0,2,0,0.0014621617224944705,0.021279777985565983,0.08695891872048378,0.9972718954086304,0.08528706803917885,0.0007488764822483063,0.003596823662519455,0.006337357684969902,0.021993434134231268,0.0999599880504283,0.6736111111111112,0.026938906870782375,35.972430046014175,35.972430046014175,0.75,pool=fp32_values_torch_sum_acc_fp32+pooled_rounded_to_nvfp4_e2m1_per16_e4m3_sf,score=fp32_values_torch_matmul_acc_fp32_tf32_disabled
R9,10,0.9,"repr=nvfp4, pool=fp32+nvfp4/native, score=fp32/native",nvfp4_like,nvfp4,simulated,144,0.8907748124620728,0.05864510043402538,0.7821510705247057,0.9422325721153846,0.9925744312000644,0.0117340087890625,0.98828125,3.00390625,0.8907748124620728,0.8927238689616965,0.0,2,0,0.0017174002653127815,0.020528524154335145,0.22411172091960907,0.9792249798774719,0.22519441694021225,-5.6646764278411865e-05,0.0016680695116519928,0.0019975081086158752,0.004069845117501384,0.016464785827356485,0.4930555555555556,0.00037229806184768677,-6.572274102328028,6.572274102328028,0.5069444444444444,pool=fp32_values_torch_sum_acc_fp32+pooled_rounded_to_nvfp4_e2m1_per16_e4m3_sf,score=fp32_values_torch_matmul_acc_fp32_tf32_disabled
R9,11,0.9,"repr=nvfp4, pool=fp32+nvfp4/native, score=fp32/native",nvfp4_like,nvfp4,simulated,144,0.8921859722965497,0.039046033968078264,0.8216278327720238,0.9430213341346154,0.9947102782663394,0.01157379150390625,0.984375,2.962890625,0.8921859722965497,0.8944746884193346,0.0,2,0,0.0018420240063344194,0.02100917719850998,0.16640524566173553,0.9880533814430237,0.16614870727062225,0.00023531168699264526,0.001263197511434555,0.0016732215881347656,0.004035194874091411,0.015501381261863966,0.6180555555555556,0.001554533839225769,6.60627552797391,6.60627552797391,0.6111111111111112,pool=fp32_values_torch_sum_acc_fp32+pooled_rounded_to_nvfp4_e2m1_per16_e4m3_sf,score=fp32_values_torch_matmul_acc_fp32_tf32_disabled
R9,12,0.9,"repr=nvfp4, pool=fp32+nvfp4/native, score=fp32/native",nvfp4_like,nvfp4,simulated,144,0.8824195071560943,0.05607867345007378,0.7753061486308109,0.9375375600961539,0.9947524108637725,0.01268768310546875,0.98828125,3.248046875,0.8824195071560943,0.8863539842462285,0.0,1,0,0.0017939289491288321,0.021796032089152602,0.1336977183818817,0.9921373128890991,0.1339883729815483,0.0003306148573756218,0.0017312206327915192,0.0015211142599582672,0.007243238827641282,0.024809988544905404,0.625,0.004573240876197815,13.832532852575389,13.832532852575389,0.6041666666666666,pool=fp32_values_torch_sum_acc_fp32+pooled_rounded_to_nvfp4_e2m1_per16_e4m3_sf,score=fp32_values_torch_matmul_acc_fp32_tf32_disabled
R9,13,0.9,"repr=nvfp4, pool=fp32+nvfp4/native, score=fp32/native",nvfp4_like,nvfp4,simulated,144,0.8925894952450835,0.07484718746351227,0.7960132944013455,0.9432466947115385,0.993166315611874,0.01152801513671875,0.98828125,2.951171875,0.8925894952450835,0.8942726543160027,0.0,1,0,0.0017646420694665639,0.02099006501035334,0.17730771750211716,0.986251175403595,0.17700379341840744,-0.00015345215797424316,0.0018551535904407501,0.001181483268737793,0.005239570048643413,0.014880951067792905,0.4166666666666667,0.0007885843515396118,-5.138959021169159,5.138959021169159,0.5555555555555556,pool=fp32_values_torch_sum_acc_fp32+pooled_rounded_to_nvfp4_e2m1_per16_e4m3_sf,score=fp32_values_torch_matmul_acc_fp32_tf32_disabled
R9,14,0.9,"repr=nvfp4, pool=fp32+nvfp4/native, score=fp32/native",nvfp4_like,nvfp4,simulated,144,0.8800268919059587,0.03211630718261049,0.8304824423396958,0.9361853966346154,0.994122500124247,0.01296234130859375,0.9921875,3.318359375,0.8800268919059587,0.8823529505857544,0.0,2,0,0.001631054214635811,0.021431737186827497,0.20669808983802795,0.9841509759426117,0.20659282058477402,-5.983375012874603e-05,0.0015441114082932472,0.0011307276785373689,0.00393403353085732,0.012919709458728352,0.4722222222222222,0.0009589940309524536,-16.027643744357626,16.027643744357626,0.5694444444444444,pool=fp32_values_torch_sum_acc_fp32+pooled_rounded_to_nvfp4_e2m1_per16_e4m3_sf,score=fp32_values_torch_matmul_acc_fp32_tf32_disabled
R9,15,0.9,"repr=nvfp4, pool=fp32+nvfp4/native, score=fp32/native",nvfp4_like,nvfp4,simulated,144,0.872424258157301,0.0677957863044335,0.7718524355290495,0.9318659855769231,0.993951120129599,0.0138397216796875,0.9921875,3.54296875,0.872424258157301,0.8736760826691162,0.0,2,0,0.0016562620474651403,0.022563059924815977,0.2327772006392479,0.9773966372013092,0.23342520743608475,-0.0002804696559906006,0.0027008838951587677,0.002611944079399109,0.004807558635187465,0.02074074353837546,0.4027777777777778,-0.0020370110869407654,7.26285729465519,7.26285729465519,0.4444444444444444,pool=fp32_values_torch_sum_acc_fp32+pooled_rounded_to_nvfp4_e2m1_per16_e4m3_sf,score=fp32_values_torch_matmul_acc_fp32_tf32_disabled
R9,16,0.9,"repr=nvfp4, pool=fp32+nvfp4/native, score=fp32/native",nvfp4_like,nvfp4,simulated,144,0.8678922828583473,0.06563854146304227,0.7790966176101255,0.9292743389423077,0.9931452396764029,0.01436614990234375,0.99609375,3.677734375,0.8678922828583473,0.8712398458021149,0.0,2,0,0.0016627490551838423,0.024480589326876245,0.16713017970323563,0.9879757463932037,0.16769471764564514,0.000167173333466053,0.002748969942331314,0.0010206326842308044,0.007459567617360676,0.02033653507549538,0.5694444444444444,0.0028686411678791046,17.15968156166261,17.15968156166261,0.625,pool=fp32_values_torch_sum_acc_fp32+pooled_rounded_to_nvfp4_e2m1_per16_e4m3_sf,score=fp32_values_torch_matmul_acc_fp32_tf32_disabled
R9,17,0.9,"repr=nvfp4, pool=fp32+nvfp4/native, score=fp32/native",nvfp4_like,nvfp4,simulated,144,0.8872899978733962,0.029609309426019692,0.8136619694086613,0.9402794471153846,0.9946578332968783,0.0121307373046875,0.9921875,3.10546875,0.8872899978733962,0.8917824494581028,0.0,1,0,0.0018375250511544735,0.02138798448692645,0.09478658437728882,0.9963631927967072,0.09434860572218895,0.0004223659634590149,0.0013251062482595444,0.002145102247595787,0.00842256282359633,0.032929598014152926,0.7013888888888888,0.008786957710981369,20.804133076963783,20.804133076963783,0.8194444444444444,pool=fp32_values_torch_sum_acc_fp32+pooled_rounded_to_nvfp4_e2m1_per16_e4m3_sf,score=fp32_values_torch_matmul_acc_fp32_tf32_disabled
R9,18,0.9,"repr=nvfp4, pool=fp32+nvfp4/native, score=fp32/native",nvfp4_like,nvfp4,simulated,144,0.8907764145356704,0.09149165344575028,0.7719258385538937,0.9422325721153846,0.9877998190611204,0.0117340087890625,0.98828125,3.00390625,0.8907764145356704,0.8931286551052932,0.0,1,0,0.0019240415058883885,0.022345520545958862,0.320831835269928,0.9608879685401917,0.31923356652259827,0.0008269473910331726,0.006197940558195114,0.012943863868713379,0.009029035557555125,0.0401626674497851,0.6527777777777778,0.006980240345001221,8.44097269147949,8.44097269147949,0.7430555555555556,pool=fp32_values_torch_sum_acc_fp32+pooled_rounded_to_nvfp4_e2m1_per16_e4m3_sf,score=fp32_values_torch_matmul_acc_fp32_tf32_disabled
R9,19,0.9,"repr=nvfp4, pool=fp32+nvfp4/native, score=fp32/native",nvfp4_like,nvfp4,simulated,144,0.8842181269342058,0.06480847292859082,0.8243936683925994,0.9385516826923077,0.9891670800432518,0.012481689453125,0.98828125,3.1953125,0.8842181269342058,0.887892277020623,0.0,1,0,0.0017894356227208205,0.02122061934671718,0.15096265077590942,0.9924321174621582,0.15037209540605545,0.00041006505489349365,0.0015072710812091827,0.0021390601992607116,0.006546003668422378,0.03576292065907885,0.6458333333333334,0.003865908831357956,9.427550056324721,9.427550056324721,0.6944444444444444,pool=fp32_values_torch_sum_acc_fp32+pooled_rounded_to_nvfp4_e2m1_per16_e4m3_sf,score=fp32_values_torch_matmul_acc_fp32_tf32_disabled
R9,2,0.9,"repr=nvfp4, pool=fp32+nvfp4/native, score=fp32/native",nvfp4_like,nvfp4,simulated,144,0.8794959795653362,0.034559671964004,0.7701839656828197,0.9358849158653846,0.9941627118336978,0.01302337646484375,0.99609375,3.333984375,0.8794959795653362,0.8899695134987118,0.0,1,0,0.001511628849490534,0.019526831134652377,0.09781244769692421,0.9961218535900116,0.09361639991402626,0.0009728670120239258,0.0027919320855289698,0.006545737385749817,0.015309570286583862,0.07815624681249553,0.7708333333333334,0.014551302418112755,14.957134159416738,14.957134159416738,0.6805555555555556,pool=fp32_values_torch_sum_acc_fp32+pooled_rounded_to_nvfp4_e2m1_per16_e4m3_sf,score=fp32_values_torch_matmul_acc_fp32_tf32_disabled
R9,20,0.9,"repr=nvfp4, pool=fp32+nvfp4/native, score=fp32/native",nvfp4_like,nvfp4,simulated,144,0.8874238007800161,0.039492842428702435,0.8474263611836825,0.9403545673076923,0.9933120886247845,0.012115478515625,0.9921875,3.1015625,0.8874238007800161,0.8982567490524982,0.0,1,0,0.0017665611843413033,0.020232628074489806,0.06419964507222176,0.9981536865234375,0.06276556476950645,0.0006144065409898758,0.000979514792561531,0.002784399315714836,0.011622609146113436,0.11966634732235079,0.7986111111111112,0.024119071662425995,39.25588361017047,39.25588361017047,0.8958333333333334,pool=fp32_values_torch_sum_acc_fp32+pooled_rounded_to_nvfp4_e2m1_per16_e4m3_sf,score=fp32_values_torch_matmul_acc_fp32_tf32_disabled
R9,21,0.9,"repr=nvfp4, pool=fp32+nvfp4/native, score=fp32/native",nvfp4_like,nvfp4,simulated,144,0.8886287957702922,0.04456243976922125,0.7940380016754176,0.9410306490384616,0.9956280275856279,0.0119781494140625,0.98828125,3.06640625,0.8886287957702922,0.8979861204373898,0.0,1,0,0.001788848840842198,0.020201568882464868,0.10843070968985558,0.9950239658355713,0.10695641115307808,0.0007821209728717804,0.0021010544151067734,0.003669258952140808,0.011416085139136806,0.07134592345386047,0.6875,0.017935464158654213,22.931828682203772,22.931828682203772,0.8402777777777778,pool=fp32_values_torch_sum_acc_fp32+pooled_rounded_to_nvfp4_e2m1_per16_e4m3_sf,score=fp32_values_torch_matmul_acc_fp32_tf32_disabled
R9,22,0.9,"repr=nvfp4, pool=fp32+nvfp4/native, score=fp32/native",nvfp4_like,nvfp4,simulated,144,0.8830852141085732,0.07496772569969723,0.7216548257617489,0.9379131610576923,0.9908126487169987,0.01261138916015625,0.9921875,3.228515625,0.8830852141085732,0.8866881645058751,0.0,1,0,0.001947465792261445,0.02360203285421271,0.2631571441888809,0.9711881875991821,0.26304690539836884,-7.966533303260803e-06,0.0038731880486011505,0.002591124176979065,0.008168245276721952,0.023547343118247095,0.5,0.0020930543541908264,-262.7308861351415,262.7308861351415,0.625,pool=fp32_values_torch_sum_acc_fp32+pooled_rounded_to_nvfp4_e2m1_per16_e4m3_sf,score=fp32_values_torch_matmul_acc_fp32_tf32_disabled
R9,23,0.9,"repr=nvfp4, pool=fp32+nvfp4/native, score=fp32/native",nvfp4_like,nvfp4,simulated,144,0.8588933518901786,0.0753747052274768,0.6977805982508609,0.9240910456730769,0.9928989170352462,0.01541900634765625,0.99609375,3.947265625,0.8588933518901786,0.8655362108173212,0.0,1,0,0.0017077393594301517,0.025121572327001407,0.19217060506343842,0.983786553144455,0.1957385465502739,0.0001627029851078987,0.003543458878993988,0.006998506188392639,0.009237699079640262,0.03898520925302108,0.5625,0.003449123352766037,21.198894110508814,21.198894110508814,0.6111111111111112,pool=fp32_values_torch_sum_acc_fp32+pooled_rounded_to_nvfp4_e2m1_per16_e4m3_sf,score=fp32_values_torch_matmul_acc_fp32_tf32_disabled
R9,24,0.9,"repr=nvfp4, pool=fp32+nvfp4/native, score=fp32/native",nvfp4_like,nvfp4,simulated,144,0.9067536021077385,0.07041031395885855,0.7951357018567258,0.9510967548076923,0.9927923704786075,0.0099334716796875,0.9765625,2.54296875,0.9067536021077385,0.9094201623864131,0.0,2,0,0.0021475877848179696,0.020569093141359476,0.2478671669960022,0.9803949594497681,0.24836669862270355,0.0003191940486431122,0.002449330873787403,0.003917086124420166,0.005243624180649116,0.028457565268604646,0.5833333333333334,0.007186628878116608,22.514921279600387,22.514921279600387,0.7916666666666666,pool=fp32_values_torch_sum_acc_fp32+pooled_rounded_to_nvfp4_e2m1_per16_e4m3_sf,score=fp32_values_torch_matmul_acc_fp32_tf32_disabled
R9,25,0.9,"repr=nvfp4, pool=fp32+nvfp4/native, score=fp32/native",nvfp4_like,nvfp4,simulated,144,0.8642952539860647,0.0834262090126664,0.6840454106694257,0.9272085336538461,0.9930331561240304,0.0147857666015625,0.9921875,3.78515625,0.8642952539860647,0.8723583834114316,0.0,1,0,0.0014645521781915935,0.02191712214339381,0.12057004123926163,0.9934428334236145,0.1193726547062397,0.00026514753699302673,0.001629809383302927,0.001941194385290146,0.0068122605630825455,0.027559861433777512,0.6319444444444444,0.0031962692737579346,12.054682121531437,12.054682121531437,0.6736111111111112,pool=fp32_values_torch_sum_acc_fp32+pooled_rounded_to_nvfp4_e2m1_per16_e4m3_sf,score=fp32_values_torch_matmul_acc_fp32_tf32_disabled
R9,26,0.9,"repr=nvfp4, pool=fp32+nvfp4/native, score=fp32/native",nvfp4_like,nvfp4,simulated,144,0.883352646566846,0.06435102049926578,0.7447492682254138,0.9380634014423077,0.9921021811903129,0.01258087158203125,0.9921875,3.220703125,0.883352646566846,0.8912450875859399,0.0,1,0,0.0017387365062641186,0.021986563272337355,0.05291392654180527,0.9986708462238312,0.05248250439763069,0.0004635327495634556,0.0008115624077618122,0.0015439070761203767,0.012839479017845466,0.03733679909300426,0.7291666666666666,0.0032017622143030167,6.907305292491981,6.907305292491981,0.7152777777777778,pool=fp32_values_torch_sum_acc_fp32+pooled_rounded_to_nvfp4_e2m1_per16_e4m3_sf,score=fp32_values_torch_matmul_acc_fp32_tf32_disabled
R9,27,0.9,"repr=nvfp4, pool=fp32+nvfp4/native, score=fp32/native",nvfp4_like,nvfp4,simulated,144,0.884818352239805,0.036771921562392285,0.7642847753782878,0.9388897235576923,0.994496710835787,0.01241302490234375,0.994140625,3.177734375,0.884818352239805,0.8939356814546389,0.0,1,0,0.0017355860370812668,0.021198050433548558,0.03289851360023022,0.9995163977146149,0.03238777071237564,0.0004356643185019493,0.0010457143653184175,0.0032469630241394043,0.01718518125620975,0.08632864969067698,0.75,0.008882237132638693,20.38780032108356,20.38780032108356,0.7986111111111112,pool=fp32_values_torch_sum_acc_fp32+pooled_rounded_to_nvfp4_e2m1_per16_e4m3_sf,score=fp32_values_torch_matmul_acc_fp32_tf32_disabled
R9,28,0.9,"repr=nvfp4, pool=fp32+nvfp4/native, score=fp32/native",nvfp4_like,nvfp4,simulated,144,0.8644912387735215,0.05733204735684827,0.763190678079761,0.9273212139423077,0.9909472215573616,0.01476287841796875,0.99609375,3.779296875,0.8644912387735215,0.894137734775185,0.0,2,0,0.0014355490645908075,0.020707099642958554,0.06398679316043854,0.9980212152004242,0.06457894295454025,9.232654701918364e-05,0.0015274472534656525,0.002745678648352623,0.016036066496954736,0.09583846666288656,0.6458333333333334,0.014397770632058382,155.94399549099143,155.94399549099143,0.75,pool=fp32_values_torch_sum_acc_fp32+pooled_rounded_to_nvfp4_e2m1_per16_e4m3_sf,score=fp32_values_torch_matmul_acc_fp32_tf32_disabled
R9,29,0.9,"repr=nvfp4, pool=fp32+nvfp4/native, score=fp32/native",nvfp4_like,nvfp4,simulated,144,0.8818207614510649,0.046763650991837546,0.7859152428876726,0.9371995192307692,0.9949139775653228,0.01275634765625,0.9921875,3.265625,0.8818207614510649,0.897986159020078,0.0,1,0,0.0015924839017478092,0.02079758639831084,0.06522835046052933,0.9983090460300446,0.06058032438158989,0.00033252499997615814,0.0014560609124600887,0.004684985801577568,0.009770990959251939,0.1423651255231586,0.6388888888888888,0.007261490449309349,21.837427110232294,21.837427110232294,0.6875,pool=fp32_values_torch_sum_acc_fp32+pooled_rounded_to_nvfp4_e2m1_per16_e4m3_sf,score=fp32_values_torch_matmul_acc_fp32_tf32_disabled
R9,3,0.9,"repr=nvfp4, pool=fp32+nvfp4/native, score=fp32/native",nvfp4_like,nvfp4,simulated,144,0.8753257823549414,0.041328544005378776,0.796024650509034,0.9335186298076923,0.9958683825020302,0.0135040283203125,0.9921875,3.45703125,0.8753257823549414,0.8825525920649309,0.0,2,0,0.0014567122377988516,0.01969171912497031,0.18096981197595596,0.9870800971984863,0.18105003237724304,0.00037202099338173866,0.0020723033230751753,0.0031424447894096374,0.007921700338367272,0.049857912173794906,0.6388888888888888,0.004794303327798843,12.8871848984052,12.8871848984052,0.5972222222222222,pool=fp32_values_torch_sum_acc_fp32+pooled_rounded_to_nvfp4_e2m1_per16_e4m3_sf,score=fp32_values_torch_matmul_acc_fp32_tf32_disabled
R9,4,0.9,"repr=nvfp4, pool=fp32+nvfp4/native, score=fp32/native",nvfp4_like,nvfp4,simulated,144,0.8878255226899492,0.04355998212834111,0.8205067925688265,0.9405799278846154,0.9944817554311103,0.0120697021484375,0.9921875,3.08984375,0.8878255226899492,0.8911105801210226,0.0,1,0,0.001614402604234,0.018836320604739575,0.13862736523151398,0.9921791255474091,0.13836897909641266,0.0001488635316491127,0.0013914136216044426,0.001841025799512863,0.0052876168669442865,0.026014633107792985,0.5972222222222222,0.003750007599592209,25.19090846528738,25.19090846528738,0.5972222222222222,pool=fp32_values_torch_sum_acc_fp32+pooled_rounded_to_nvfp4_e2m1_per16_e4m3_sf,score=fp32_values_torch_matmul_acc_fp32_tf32_disabled
R9,5,0.9,"repr=nvfp4, pool=fp32+nvfp4/native, score=fp32/native",nvfp4_like,nvfp4,simulated,144,0.8812224012175427,0.02861496632519611,0.8360872981684129,0.9368614783653846,0.9937720491655698,0.01282501220703125,0.9921875,3.283203125,0.8812224012175427,0.8906405721515065,0.0,1,0,0.0016829995339602121,0.020626880516387294,0.08433078974485397,0.9969962537288666,0.0838133804500103,0.000765729695558548,0.0019552158191800117,0.0032517701387405396,0.01121927690298684,0.10717029953379287,0.75,0.022118862252682447,28.88599251273419,28.88599251273419,0.75,pool=fp32_values_torch_sum_acc_fp32+pooled_rounded_to_nvfp4_e2m1_per16_e4m3_sf,score=fp32_values_torch_matmul_acc_fp32_tf32_disabled
R9,6,0.9,"repr=nvfp4, pool=fp32+nvfp4/native, score=fp32/native",nvfp4_like,nvfp4,simulated,144,0.8951489698918754,0.06515483321184112,0.7957823676513777,0.9446739783653846,0.9962495681028661,0.01123809814453125,0.98828125,2.876953125,0.8951489698918754,0.8956212271247912,0.0,1,0,0.0015256340605509146,0.018327153491608305,0.24061103910207748,0.9771198034286499,0.2393656000494957,8.963048458099365e-05,0.0014501288533210754,0.001686045341193676,0.003523428680183044,0.0198831731804954,0.5486111111111112,0.0004828423261642456,5.387032418952619,5.387032418952619,0.4930555555555556,pool=fp32_values_torch_sum_acc_fp32+pooled_rounded_to_nvfp4_e2m1_per16_e4m3_sf,score=fp32_values_torch_matmul_acc_fp32_tf32_disabled
R9,7,0.9,"repr=nvfp4, pool=fp32+nvfp4/native, score=fp32/native",nvfp4_like,nvfp4,simulated,144,0.8868220621367924,0.05657055354858076,0.8100175326631087,0.9400165264423077,0.9924537253401949,0.01218414306640625,0.9921875,3.119140625,0.8868220621367924,0.8890308312844762,0.0,2,0,0.0016920336225688293,0.020645208449712824,0.15950246900320053,0.9897826910018921,0.15891379863023758,0.00040014833211898804,0.0013512130826711655,0.0019234903156757355,0.005215257093506478,0.03853796615435075,0.6527777777777778,0.0033637210726737976,8.406185413447037,8.406185413447037,0.6319444444444444,pool=fp32_values_torch_sum_acc_fp32+pooled_rounded_to_nvfp4_e2m1_per16_e4m3_sf,score=fp32_values_torch_matmul_acc_fp32_tf32_disabled
R9,8,0.9,"repr=nvfp4, pool=fp32+nvfp4/native, score=fp32/native",nvfp4_like,nvfp4,simulated,144,0.8763170159289441,0.029880272047821732,0.8424977800533784,0.93408203125,0.9945914225767514,0.01338958740234375,0.9921875,3.427734375,0.8763170159289441,0.8822198750842059,0.0,1,0,0.001601046764294153,0.021088248860421703,0.11557917669415474,0.9947576820850372,0.11539429426193237,0.0003448585048317909,0.0013023004867136478,0.0017842799425125122,0.006449971086454932,0.031572192436450486,0.6597222222222222,0.00497136265039444,14.415659120308732,14.415659120308732,0.6180555555555556,pool=fp32_values_torch_sum_acc_fp32+pooled_rounded_to_nvfp4_e2m1_per16_e4m3_sf,score=fp32_values_torch_matmul_acc_fp32_tf32_disabled
R9,9,0.9,"repr=nvfp4, pool=fp32+nvfp4/native, score=fp32/native",nvfp4_like,nvfp4,simulated,144,0.8944072861818699,0.04009597637749396,0.8346704794641934,0.9442608173076923,0.9924661312045095,0.011322021484375,0.984375,2.8984375,0.8944072861818699,0.8964313793776679,0.0,1,0,0.0018502076505641121,0.02021842126993281,0.20150931924581528,0.9835445880889893,0.20188315957784653,0.00015861913561820984,0.0018765013664960861,0.004065532982349396,0.00627797636619558,0.018595342037164692,0.5208333333333334,0.001968134194612503,12.407924094036966,12.407924094036966,0.6458333333333334,pool=fp32_values_torch_sum_acc_fp32+pooled_rounded_to_nvfp4_e2m1_per16_e4m3_sf,score=fp32_values_torch_matmul_acc_fp32_tf32_disabled
