layer,timestep,n,insufficient_n,native_or_simulated,n_jaccard,jaccard_median,jaccard_q1,jaccard_q3,jaccard_iqr,jaccard_mean,jaccard_p10,jaccard_p90,jaccard_min,jaccard_max,n_recall,recall_median,recall_q1,recall_q3,recall_iqr,recall_mean,recall_p10,recall_p90,recall_min,recall_max,decision_margin_reference_median,n_decision_margin_reference,decision_margin_candidate_median,n_decision_margin_candidate,frac_query_blocks_changed_median,n_frac_query_blocks_changed,boundary_ties_median,n_boundary_ties,spearman_rho_median,n_spearman_rho,sat_frac_q_median,n_sat_frac_q
0,0,24,False,native,24,0.954439,0.940565,0.965814,0.025249,0.951954,0.933619,0.973025,0.915671,0.974195,24,0.976675,0.96937,0.98261,0.01324,0.975304,0.96567,0.986328,0.95598,0.986929,0.0,24,0.000801,24,0.753906,24,127.0,24,0.99926,24,0.096604,24
0,1,24,False,native,24,0.954278,0.941487,0.963748,0.022261,0.951404,0.931515,0.971272,0.916913,0.973318,24,0.9766,0.969858,0.981539,0.011681,0.975023,0.964543,0.985427,0.956656,0.986478,0.0,24,0.000801,24,0.767578,24,118.0,24,,0,0.09667,24
0,2,24,False,native,24,0.951484,0.941729,0.963169,0.021439,0.951428,0.932636,0.968212,0.923144,0.976687,24,0.975135,0.969989,0.981239,0.011249,0.975048,0.965144,0.983849,0.960036,0.988206,0.00079,24,0.000763,24,0.771484,24,134.0,24,,0,0.096382,24
0,3,24,False,native,24,0.954275,0.944674,0.966651,0.021977,0.952403,0.929835,0.97098,0.918017,0.973464,24,0.9766,0.971548,0.983042,0.011493,0.975548,0.963642,0.985276,0.957257,0.986553,0.000851,24,0.000782,24,0.787109,24,133.5,24,,0,0.096028,24
0,4,24,False,native,24,0.953769,0.944743,0.966468,0.021725,0.953566,0.926205,0.974635,0.9194,0.977568,24,0.976337,0.971586,0.982948,0.011362,0.976149,0.961689,0.987154,0.958008,0.988657,0.000763,24,0.000824,24,0.787109,24,127.5,24,,0,0.09569,24
0,5,24,False,native,24,0.953123,0.945773,0.96654,0.020767,0.953851,0.924673,0.975221,0.923421,0.975514,24,0.975999,0.97213,0.982985,0.010855,0.976306,0.960862,0.987455,0.960186,0.987605,0.000824,24,0.000816,24,0.792969,24,120.5,24,,0,0.095452,24
0,6,24,False,native,24,0.95585,0.945986,0.965633,0.019647,0.953876,0.924673,0.975514,0.921617,0.97566,24,0.977426,0.972243,0.982516,0.010273,0.976318,0.960862,0.987605,0.95921,0.98768,0.000816,24,0.001774,24,0.808594,24,120.5,24,,0,0.095203,24
0,7,24,False,native,24,0.954773,0.945453,0.964546,0.019093,0.953182,0.922588,0.97361,0.920508,0.978009,24,0.976863,0.971961,0.981952,0.009991,0.975949,0.959736,0.986629,0.958609,0.988882,0.000813,24,0.000944,24,0.789062,24,121.5,24,,0,0.095028,24
0,8,24,False,native,24,0.951263,0.946952,0.965125,0.018173,0.953158,0.927739,0.976247,0.919123,0.978597,24,0.975023,0.97275,0.982253,0.009503,0.975936,0.962515,0.987981,0.957858,0.989183,0.00079,24,0.001781,24,0.808594,24,113.0,24,,0,0.094885,24
0,9,24,False,native,24,0.953912,0.949013,0.963965,0.014952,0.953997,0.928437,0.9761,0.918156,0.978744,24,0.976412,0.973839,0.981652,0.007812,0.976381,0.962891,0.987906,0.957332,0.989258,0.001278,24,0.001259,24,0.78125,24,119.0,24,,0,0.094766,24
0,10,24,False,native,24,0.954271,0.947803,0.963821,0.016018,0.953641,0.930674,0.974488,0.913056,0.979921,24,0.9766,0.973201,0.981577,0.008376,0.976187,0.964093,0.987079,0.954552,0.989859,0.000778,24,0.001659,24,0.78125,24,109.5,24,0.999281,24,0.094698,24
0,11,24,False,native,24,0.954988,0.947767,0.96259,0.014823,0.953087,0.928018,0.9761,0.911682,0.978597,24,0.976976,0.973182,0.980938,0.007756,0.975893,0.962665,0.987906,0.953801,0.989183,0.000763,24,0.000843,24,0.779297,24,121.0,24,,0,0.094647,24
0,12,24,False,native,24,0.954846,0.949338,0.960567,0.011229,0.952287,0.926344,0.972879,0.912094,0.976394,24,0.976901,0.974008,0.979887,0.005878,0.97548,0.961764,0.986253,0.954026,0.988056,0.001232,24,0.000744,24,0.798828,24,126.0,24,,0,0.094613,24
0,13,24,False,native,24,0.952264,0.949445,0.959629,0.010184,0.951369,0.925508,0.972879,0.91182,0.976247,24,0.975548,0.974065,0.979398,0.005334,0.974997,0.961313,0.986253,0.953876,0.987981,0.0,24,0.00172,24,0.816406,24,125.5,24,,0,0.094589,24
0,14,24,False,native,24,0.953342,0.945671,0.960928,0.015257,0.951034,0.925369,0.973756,0.910859,0.975514,24,0.976112,0.972074,0.980074,0.008,0.974816,0.961238,0.986704,0.95335,0.987605,0.000736,24,0.001253,24,0.814453,24,121.5,24,,0,0.094588,24
0,15,24,False,native,24,0.953124,0.943367,0.961905,0.018538,0.950626,0.923421,0.975367,0.9073,0.976834,24,0.975999,0.970853,0.980581,0.009728,0.974584,0.960186,0.98753,0.951397,0.988281,0.001236,24,0.000748,24,0.794922,24,121.0,24,,0,0.094613,24
0,16,24,False,native,24,0.95248,0.941304,0.964001,0.022697,0.950465,0.924256,0.974049,0.904844,0.976394,24,0.975661,0.969764,0.981671,0.011907,0.974497,0.960637,0.986854,0.950045,0.988056,0.001873,24,0.001862,24,0.777344,24,112.0,24,,0,0.09462,24
0,17,24,False,native,24,0.954132,0.944565,0.963097,0.018533,0.950713,0.920646,0.974488,0.905389,0.974781,24,0.976525,0.971492,0.981201,0.009709,0.974628,0.958684,0.987079,0.950346,0.98723,0.000763,24,0.001274,24,0.818359,24,124.0,24,,0,0.09464,24
0,18,24,False,native,24,0.952049,0.943146,0.962266,0.01912,0.95003,0.923283,0.974049,0.901578,0.974195,24,0.975436,0.970741,0.980769,0.010029,0.974265,0.960111,0.986854,0.948242,0.986929,0.001812,24,0.001446,24,0.792969,24,122.0,24,,0,0.094679,24
0,19,24,False,native,24,0.952407,0.941981,0.96194,0.019959,0.949988,0.927599,0.973464,0.904844,0.9761,24,0.975623,0.970121,0.9806,0.010479,0.974253,0.96244,0.986553,0.950045,0.987906,0.000706,24,0.000816,24,0.800781,24,123.5,24,,0,0.094721,24
0,20,24,False,native,24,0.953412,0.941268,0.962085,0.020817,0.949881,0.923838,0.973171,0.903346,0.974781,24,0.976149,0.969745,0.980675,0.01093,0.97419,0.960412,0.986403,0.949219,0.98723,0.00071,24,0.000656,24,0.804688,24,128.0,24,0.999256,24,0.094779,24
0,21,24,False,native,24,0.955494,0.940065,0.963857,0.023791,0.950062,0.925369,0.974781,0.898731,0.974928,24,0.977239,0.969107,0.981596,0.012489,0.974271,0.961238,0.98723,0.946665,0.987305,0.000694,24,0.001411,24,0.789062,24,116.0,24,,0,0.09483,24
0,22,24,False,native,24,0.955134,0.940136,0.963965,0.023829,0.949338,0.914982,0.974195,0.901307,0.975074,24,0.977051,0.969144,0.981652,0.012508,0.973883,0.955604,0.986929,0.948092,0.98738,0.001728,24,0.000971,24,0.822266,24,119.5,24,,0,0.094894,24
0,23,24,False,native,24,0.954414,0.939783,0.964037,0.024255,0.948546,0.917327,0.971856,0.896702,0.973756,24,0.976675,0.968957,0.981689,0.012733,0.973464,0.956881,0.985727,0.945538,0.986704,0.000702,24,0.00071,24,0.802734,24,122.5,24,,0,0.094946,24
0,24,24,False,native,24,0.955637,0.938159,0.961253,0.023094,0.948077,0.914845,0.973025,0.897783,0.975221,24,0.977314,0.968093,0.980243,0.012151,0.973213,0.955529,0.986328,0.946139,0.987455,0.001743,24,0.001282,24,0.806641,24,113.5,24,,0,0.095012,24
0,25,24,False,native,24,0.955567,0.936996,0.960278,0.023283,0.948215,0.918432,0.973464,0.899272,0.974635,24,0.977276,0.967473,0.979736,0.012263,0.973295,0.957482,0.986553,0.946965,0.987154,0.000687,24,0.000729,24,0.810547,24,121.0,24,,0,0.095076,24
0,26,24,False,native,24,0.953912,0.9339,0.959379,0.025479,0.947331,0.918294,0.971418,0.900628,0.975514,24,0.976412,0.96582,0.979267,0.013447,0.972832,0.957407,0.985502,0.947716,0.987605,0.001038,24,0.001625,24,0.832031,24,116.5,24,,0,0.095122,24
0,27,24,False,native,24,0.952765,0.935095,0.959847,0.024752,0.947128,0.913056,0.973171,0.900357,0.973318,24,0.975811,0.966459,0.979511,0.013052,0.972719,0.954552,0.986403,0.947566,0.986478,0.000687,24,0.000729,24,0.835938,24,122.0,24,,0,0.095179,24
0,28,24,False,native,24,0.953841,0.935587,0.957939,0.022352,0.947004,0.917327,0.970834,0.897377,0.974342,24,0.976375,0.966722,0.978516,0.011794,0.972656,0.956881,0.985201,0.945913,0.987004,0.001984,24,0.000687,24,0.828125,24,124.0,24,,0,0.095225,24
0,29,24,False,native,24,0.953841,0.933128,0.960748,0.02762,0.947006,0.919123,0.97171,0.897513,0.973025,24,0.976375,0.965407,0.97998,0.014573,0.972656,0.957858,0.985652,0.945989,0.986328,0.002052,24,0.001812,24,0.828125,24,115.5,24,,0,0.095277,24
0,30,24,False,native,24,0.950835,0.93404,0.959088,0.025047,0.94506,0.915396,0.969668,0.892926,0.970688,24,0.974797,0.965895,0.979117,0.013221,0.971623,0.955829,0.9846,0.943434,0.985126,0.001991,24,0.001858,24,0.847656,24,119.0,24,0.999218,24,0.095326,24
0,31,24,False,native,24,0.950264,0.934463,0.958547,0.024085,0.944779,0.913056,0.96894,0.89185,0.972733,24,0.974497,0.966121,0.978835,0.012714,0.971467,0.954552,0.984225,0.942834,0.986178,0.001503,24,0.001084,24,0.847656,24,120.0,24,,0,0.095364,24
0,32,24,False,native,24,0.949049,0.934743,0.958767,0.024024,0.943479,0.911682,0.96894,0.88582,0.970688,24,0.973858,0.966271,0.978948,0.012677,0.970766,0.953801,0.984225,0.939453,0.985126,0.000984,24,0.002251,24,0.849609,24,114.5,24,,0,0.095386,24
0,33,24,False,native,24,0.946769,0.935834,0.958009,0.022176,0.942723,0.912232,0.967339,0.883285,0.969668,24,0.972656,0.966853,0.978553,0.0117,0.970365,0.954102,0.983398,0.938026,0.9846,0.00164,24,0.000763,24,0.869141,24,122.0,24,,0,0.095425,24
0,34,24,False,native,24,0.946982,0.933234,0.956749,0.023515,0.941934,0.919123,0.966467,0.882885,0.96763,24,0.972769,0.965463,0.977896,0.012432,0.969958,0.957858,0.982948,0.9378,0.983549,0.001625,24,0.000706,24,0.873047,24,123.0,24,,0,0.095466,24
0,35,24,False,native,24,0.944848,0.935165,0.956143,0.020977,0.941007,0.920785,0.964001,0.872029,0.968648,24,0.971642,0.966496,0.977577,0.01108,0.969439,0.958759,0.981671,0.931641,0.984075,0.00148,24,0.001495,24,0.865234,24,121.5,24,,0,0.095527,24
0,36,24,False,native,24,0.943571,0.934922,0.952996,0.018074,0.938278,0.914019,0.963422,0.867434,0.963856,24,0.970966,0.966365,0.975924,0.009559,0.967974,0.955078,0.98137,0.929011,0.981596,0.001381,24,0.001202,24,0.882812,24,117.5,24,,0,0.095563,24
0,37,24,False,native,24,0.941233,0.933759,0.951709,0.017949,0.937598,0.9194,0.962553,0.864556,0.964871,24,0.969727,0.965745,0.975248,0.009503,0.967611,0.958008,0.980919,0.927359,0.982121,0.001404,24,0.001598,24,0.900391,24,116.5,24,,0,0.095602,24
0,38,24,False,native,24,0.940386,0.932181,0.952311,0.02013,0.937074,0.92509,0.962409,0.862209,0.963277,24,0.969276,0.9649,0.975567,0.010667,0.967329,0.961088,0.980844,0.926007,0.981295,0.0,24,0.001499,24,0.919922,24,118.5,24,,0,0.095623,24
0,39,24,False,native,24,0.938476,0.928299,0.949737,0.021439,0.934234,0.924534,0.957935,0.852104,0.961397,24,0.968262,0.962816,0.974215,0.011399,0.965783,0.960787,0.978516,0.920147,0.980319,0.000742,24,0.001362,24,0.917969,24,120.5,24,,0,0.095616,24
0,40,24,False,native,24,0.940599,0.928682,0.947562,0.01888,0.934871,0.926623,0.960386,0.848761,0.963132,24,0.969389,0.963022,0.973069,0.010047,0.966108,0.961914,0.979793,0.918194,0.98122,0.001027,24,0.001469,24,0.888672,24,111.0,24,0.998782,24,0.095583,24
0,41,24,False,native,24,0.940737,0.929246,0.944931,0.015685,0.932974,0.921894,0.957359,0.845045,0.958655,24,0.969464,0.963323,0.97168,0.008357,0.965088,0.95936,0.978215,0.916016,0.978891,0.000885,24,0.001747,24,0.900391,24,116.0,24,,0,0.09549,24
0,42,24,False,native,24,0.941586,0.929462,0.945636,0.016174,0.93208,0.914707,0.956496,0.842109,0.962553,24,0.969914,0.963435,0.972055,0.00862,0.964587,0.955454,0.977764,0.914288,0.980919,0.001135,24,0.001724,24,0.898438,24,114.5,24,,0,0.095285,24
0,43,24,False,native,24,0.938547,0.931694,0.944038,0.012344,0.931343,0.912919,0.957503,0.836898,0.961108,24,0.968299,0.964637,0.97121,0.006573,0.964174,0.954477,0.97829,0.911208,0.980168,0.00045,24,0.001392,24,0.912109,24,115.0,24,,0,0.094927,24
0,44,24,False,native,24,0.940172,0.92803,0.944635,0.016605,0.929509,0.912644,0.956065,0.829828,0.957503,24,0.969163,0.962665,0.971529,0.008864,0.96316,0.954327,0.977539,0.907001,0.97829,0.001169,24,0.001488,24,0.916016,24,108.5,24,,0,0.09442,24
0,45,24,False,native,24,0.939115,0.92853,0.943783,0.015254,0.928633,0.915258,0.953052,0.826063,0.955921,24,0.9686,0.962928,0.971079,0.008151,0.962678,0.955754,0.975962,0.904748,0.977464,0.001492,24,0.001408,24,0.902344,24,112.5,24,,0,0.093636,24
0,46,24,False,native,24,0.937996,0.92204,0.945275,0.023235,0.92748,0.911682,0.954629,0.827316,0.95952,24,0.967999,0.959435,0.971867,0.012432,0.962052,0.953801,0.976788,0.905499,0.979342,0.00156,24,0.001507,24,0.919922,24,105.0,24,,0,0.092607,24
0,47,24,False,native,24,0.933835,0.912953,0.94595,0.032997,0.924825,0.910037,0.952336,0.820818,0.959953,24,0.965783,0.954496,0.972224,0.017728,0.960587,0.9529,0.975586,0.901593,0.979567,0.001484,24,0.001507,24,0.933594,24,99.0,24,,0,0.091023,24
0,48,24,False,native,24,0.934538,0.913745,0.945772,0.032028,0.923931,0.903482,0.950048,0.826564,0.959953,24,0.966158,0.954928,0.97213,0.017203,0.96013,0.949294,0.974384,0.905048,0.979567,0.001328,24,0.00148,24,0.931641,24,100.5,24,,0,0.089447,24
0,49,24,False,native,24,0.939677,0.910414,0.946982,0.036569,0.924852,0.901035,0.950619,0.83969,0.951906,24,0.9689,0.953106,0.972769,0.019663,0.960681,0.947942,0.974684,0.912861,0.975361,0.001472,24,0.001488,24,0.914062,24,103.5,24,,0,0.088911,24
1,0,24,False,native,24,0.959953,0.951371,0.963495,0.012124,0.957368,0.94136,0.967834,0.93404,0.975074,24,0.979567,0.975079,0.981408,0.006329,0.97819,0.969794,0.983654,0.965895,0.98738,0.001289,24,0.001427,24,0.753906,24,109.5,24,0.999648,24,0.101109,24
1,1,24,False,native,24,0.959088,0.951207,0.962481,0.011274,0.954994,0.937193,0.968227,0.919262,0.97566,24,0.979117,0.974985,0.980882,0.005897,0.976929,0.967578,0.983857,0.957933,0.98768,0.001434,24,0.00148,24,0.777344,24,113.5,24,,0,0.100976,24
1,2,24,False,native,24,0.957431,0.948276,0.96277,0.014495,0.954856,0.937291,0.969027,0.930814,0.97244,24,0.978253,0.973445,0.981032,0.007587,0.976866,0.967631,0.98427,0.964168,0.986028,0.001472,24,0.001511,24,0.767578,24,109.0,24,,0,0.101126,24
1,3,24,False,native,24,0.959377,0.949926,0.963567,0.013641,0.955576,0.936643,0.971287,0.919123,0.972733,24,0.979267,0.974309,0.981445,0.007136,0.977232,0.967285,0.985434,0.957858,0.986178,0.001457,24,0.001564,24,0.746094,24,109.5,24,,0,0.101491,24
1,4,24,False,native,24,0.959376,0.949805,0.965778,0.015973,0.956683,0.936858,0.972895,0.922449,0.9761,24,0.979267,0.974253,0.982591,0.008338,0.977811,0.967398,0.986261,0.95966,0.987906,0.00145,24,0.001556,24,0.720703,24,106.0,24,,0,0.101703,24
1,5,24,False,native,24,0.958728,0.950906,0.968795,0.017889,0.957967,0.939444,0.971418,0.929835,0.975367,24,0.978929,0.974835,0.98415,0.009315,0.978491,0.968773,0.985502,0.963642,0.98753,0.001549,24,0.001583,24,0.728516,24,108.0,24,,0,0.101922,24
1,6,24,False,native,24,0.959232,0.952157,0.969559,0.017402,0.958697,0.939119,0.972499,0.927878,0.976394,24,0.979192,0.975492,0.984544,0.009052,0.978869,0.9686,0.986058,0.96259,0.988056,0.001476,24,0.001694,24,0.710938,24,111.0,24,,0,0.102169,24
1,7,24,False,native,24,0.958367,0.953448,0.970032,0.016584,0.958707,0.938736,0.973713,0.923977,0.975807,24,0.978741,0.976168,0.984788,0.00862,0.978869,0.968397,0.986681,0.960487,0.987755,0.001667,24,0.001553,24,0.720703,24,104.5,24,,0,0.102416,24
1,8,24,False,native,24,0.957288,0.953052,0.971601,0.018549,0.958974,0.938945,0.974342,0.929136,0.975074,24,0.978178,0.975962,0.985596,0.009634,0.97901,0.96851,0.987004,0.963266,0.98738,0.001575,24,0.001537,24,0.726562,24,100.0,24,,0,0.102599,24
1,9,24,False,native,24,0.957071,0.952228,0.97171,0.019482,0.958493,0.938603,0.974166,0.927739,0.9761,24,0.978065,0.97553,0.985652,0.010122,0.97876,0.968329,0.986914,0.962515,0.987906,0.001392,24,0.001553,24,0.726562,24,98.5,24,,0,0.102777,24
1,10,24,False,native,24,0.957359,0.952944,0.970252,0.017307,0.958517,0.939169,0.973537,0.928577,0.975954,24,0.978215,0.975905,0.984901,0.008996,0.978772,0.96863,0.986591,0.962966,0.987831,0.001461,24,0.001476,24,0.732422,24,98.0,24,0.999635,24,0.102938,24
1,11,24,False,native,24,0.958223,0.952121,0.971018,0.018897,0.958741,0.94085,0.974942,0.924951,0.976687,24,0.978666,0.975473,0.985295,0.009822,0.978885,0.969524,0.987312,0.961013,0.988206,0.001637,24,0.001495,24,0.732422,24,105.0,24,,0,0.103073,24
1,12,24,False,native,24,0.958439,0.951477,0.970288,0.018811,0.958526,0.940794,0.972762,0.926623,0.97566,24,0.978779,0.975135,0.98492,0.009784,0.978779,0.969494,0.986193,0.961914,0.98768,0.001507,24,0.001488,24,0.736328,24,101.0,24,,0,0.103181,24
1,13,24,False,native,24,0.960747,0.949726,0.969013,0.019286,0.95822,0.937419,0.97462,0.923838,0.976834,24,0.97998,0.974215,0.984262,0.010047,0.97861,0.967698,0.987147,0.960412,0.988281,0.001293,24,0.001385,24,0.71875,24,102.5,24,,0,0.103263,24
1,14,24,False,native,24,0.959448,0.951156,0.969668,0.018511,0.957643,0.936363,0.972674,0.922449,0.976394,24,0.979304,0.974966,0.9846,0.009634,0.978309,0.967135,0.986148,0.95966,0.988056,0.001495,24,0.001472,24,0.722656,24,103.5,24,,0,0.103306,24
1,15,24,False,native,24,0.960891,0.950298,0.967957,0.017659,0.957397,0.934913,0.9744,0.916775,0.9761,24,0.980056,0.974515,0.983718,0.009202,0.978174,0.966361,0.987034,0.956581,0.987906,0.001549,24,0.001568,24,0.732422,24,105.5,24,,0,0.103321,24
1,16,24,False,native,24,0.961108,0.952085,0.967194,0.015109,0.957785,0.939776,0.974489,0.916913,0.979185,24,0.980168,0.975454,0.983323,0.007869,0.978378,0.968953,0.987079,0.956656,0.989483,0.001419,24,0.001484,24,0.728516,24,103.5,24,,0,0.103324,24
1,17,24,False,native,24,0.961325,0.951155,0.965886,0.014731,0.957019,0.937998,0.974943,0.914982,0.977421,24,0.980281,0.974966,0.982647,0.007681,0.977974,0.968006,0.987312,0.955604,0.988582,0.001358,24,0.001419,24,0.726562,24,107.0,24,,0,0.103306,24
1,18,24,False,native,24,0.961108,0.953195,0.965886,0.012692,0.957495,0.941006,0.974723,0.918156,0.979332,24,0.980168,0.976037,0.982647,0.006611,0.978225,0.969606,0.9872,0.957332,0.989558,0.001385,24,0.001385,24,0.728516,24,105.0,24,,0,0.103259,24
1,19,24,False,native,24,0.959593,0.951477,0.965705,0.014228,0.957402,0.943585,0.974269,0.913881,0.980363,24,0.97938,0.975135,0.982553,0.007418,0.978174,0.970974,0.986967,0.955003,0.990084,0.001404,24,0.001503,24,0.742188,24,109.0,24,,0,0.103231,24
1,20,24,False,native,24,0.960386,0.951548,0.965379,0.01383,0.957954,0.94553,0.973743,0.919539,0.981542,24,0.979793,0.975173,0.982384,0.007212,0.978472,0.972003,0.986696,0.958083,0.990685,0.001469,24,0.001495,24,0.740234,24,107.5,24,0.999626,24,0.103205,24
1,21,24,False,native,24,0.96053,0.95291,0.965342,0.012432,0.958064,0.947067,0.974518,0.919677,0.978009,24,0.979868,0.975886,0.982366,0.006479,0.978534,0.972814,0.987094,0.958158,0.988882,0.00153,24,0.001488,24,0.740234,24,107.0,24,,0,0.103137,24
1,22,24,False,native,24,0.960169,0.9542,0.965596,0.011396,0.958315,0.947125,0.972733,0.921201,0.980068,24,0.97968,0.976562,0.982497,0.005934,0.978669,0.972844,0.986178,0.958984,0.989934,0.001484,24,0.001484,24,0.753906,24,110.0,24,,0,0.103043,24
1,23,24,False,native,24,0.96053,0.953052,0.965596,0.012545,0.958333,0.949063,0.974928,0.917879,0.978891,24,0.979868,0.975962,0.982497,0.006535,0.978675,0.973866,0.987305,0.957181,0.989333,0.001488,24,0.001465,24,0.763672,24,110.5,24,,0,0.102939,24
1,24,24,False,native,24,0.960169,0.952837,0.963639,0.010802,0.957292,0.948535,0.973362,0.913881,0.978744,24,0.97968,0.975849,0.981483,0.005634,0.978124,0.973588,0.986501,0.955003,0.989258,0.001503,24,0.00156,24,0.753906,24,112.0,24,,0,0.102863,24
1,25,24,False,native,24,0.95981,0.952192,0.963893,0.0117,0.957118,0.947523,0.974503,0.909626,0.978156,24,0.979492,0.975511,0.981614,0.006104,0.978027,0.973054,0.987087,0.952674,0.988957,0.001411,24,0.001534,24,0.75,24,108.0,24,,0,0.102773,24
1,26,24,False,native,24,0.958151,0.951906,0.963386,0.011479,0.956274,0.949163,0.97462,0.907847,0.976247,24,0.978628,0.975361,0.981351,0.005991,0.977586,0.973918,0.987147,0.951698,0.987981,0.001442,24,0.001385,24,0.763672,24,104.0,24,,0,0.102678,24
1,27,24,False,native,24,0.957575,0.952586,0.964291,0.011705,0.955441,0.9461,0.973508,0.903346,0.975954,24,0.978328,0.975717,0.981821,0.006104,0.977135,0.972303,0.986576,0.949219,0.987831,0.001495,24,0.001419,24,0.769531,24,101.5,24,,0,0.102564,24
1,28,24,False,native,24,0.95844,0.95044,0.962699,0.012258,0.954964,0.946285,0.97285,0.900493,0.974635,24,0.978779,0.974591,0.980995,0.006404,0.976882,0.972401,0.986238,0.947641,0.987154,0.001488,24,0.001514,24,0.779297,24,109.0,24,,0,0.102413,24
1,29,24,False,native,24,0.957,0.949155,0.964001,0.014846,0.955148,0.94654,0.973128,0.904844,0.975807,24,0.978027,0.973915,0.981671,0.007756,0.976985,0.972536,0.986381,0.950045,0.987755,0.001602,24,0.001541,24,0.777344,24,114.0,24,,0,0.102295,24
1,30,24,False,native,24,0.956281,0.947551,0.963787,0.016235,0.954796,0.944195,0.974138,0.909215,0.977862,24,0.977652,0.973069,0.981558,0.008489,0.976804,0.971297,0.986899,0.952449,0.988807,0.001431,24,0.001507,24,0.794922,24,109.0,24,0.999493,24,0.10209,24
1,31,24,False,native,24,0.955418,0.945843,0.96328,0.017437,0.954105,0.941303,0.972485,0.915947,0.975074,24,0.977201,0.972168,0.981295,0.009127,0.976453,0.969764,0.98605,0.95613,0.98738,0.001404,24,0.001591,24,0.794922,24,108.5,24,,0,0.101968,24
1,32,24,False,native,24,0.954198,0.945026,0.963137,0.018111,0.954496,0.940823,0.973099,0.922866,0.976981,24,0.976562,0.971736,0.98122,0.009484,0.976666,0.969509,0.986366,0.959886,0.988356,0.00148,24,0.001511,24,0.800781,24,116.5,24,,0,0.101815,24
1,33,24,False,native,24,0.954342,0.945133,0.963207,0.018074,0.954098,0.936999,0.973581,0.919262,0.978009,24,0.976638,0.971792,0.981258,0.009465,0.976453,0.967473,0.986614,0.957933,0.988882,0.001572,24,0.001308,24,0.808594,24,111.0,24,,0,0.101635,24
1,34,24,False,native,24,0.954558,0.944956,0.963677,0.018722,0.953715,0.935418,0.97171,0.923283,0.97654,24,0.97675,0.971698,0.981502,0.009803,0.976256,0.966632,0.985652,0.960111,0.988131,0.001572,24,0.001396,24,0.792969,24,110.5,24,,0,0.101418,24
1,35,24,False,native,24,0.955421,0.943961,0.962375,0.018414,0.953708,0.935334,0.971433,0.923005,0.977715,24,0.977201,0.971173,0.980826,0.009653,0.976253,0.966587,0.985509,0.959961,0.988732,0.001514,24,0.001293,24,0.777344,24,111.0,24,,0,0.101218,24
1,36,24,False,native,24,0.95427,0.94194,0.964585,0.022644,0.953496,0.935237,0.973683,0.919539,0.976834,24,0.9766,0.970102,0.981971,0.011869,0.976131,0.966534,0.986666,0.958083,0.988281,0.001511,24,0.001411,24,0.773438,24,114.0,24,,0,0.101004,24
1,37,24,False,native,24,0.955993,0.940491,0.966435,0.025944,0.953415,0.932959,0.973874,0.918709,0.976247,24,0.977502,0.969332,0.982929,0.013597,0.97608,0.965317,0.986764,0.957632,0.987981,0.001392,24,0.001511,24,0.763672,24,112.0,24,,0,0.100796,24
1,38,24,False,native,24,0.956568,0.94074,0.963212,0.022472,0.952192,0.929458,0.972791,0.9194,0.978156,24,0.977802,0.969464,0.981258,0.011794,0.975436,0.963439,0.986208,0.958008,0.988957,0.001461,24,0.001488,24,0.804688,24,113.5,24,,0,0.100468,24
1,39,24,False,native,24,0.95549,0.939366,0.963243,0.023878,0.951438,0.928675,0.972748,0.923421,0.976981,24,0.977239,0.968731,0.981276,0.012545,0.975041,0.963018,0.986185,0.960186,0.988356,0.001423,24,0.001431,24,0.816406,24,114.0,24,,0,0.100154,24
1,40,24,False,native,24,0.954414,0.935413,0.96444,0.029027,0.951548,0.928271,0.973493,0.926344,0.977128,24,0.976675,0.966628,0.981896,0.015268,0.975098,0.9628,0.986569,0.961764,0.988431,0.001434,24,0.001411,24,0.816406,24,101.0,24,0.999289,24,0.099915,24
1,41,24,False,native,24,0.953126,0.936467,0.965816,0.029349,0.951453,0.931627,0.97228,0.923838,0.973903,24,0.975999,0.967191,0.98261,0.015418,0.975054,0.964603,0.985945,0.960412,0.986779,0.001438,24,0.00148,24,0.808594,24,111.5,24,,0,0.099593,24
1,42,24,False,native,24,0.953342,0.93696,0.966432,0.029472,0.951076,0.927867,0.970849,0.924673,0.977274,24,0.976112,0.967454,0.982929,0.015475,0.974854,0.962583,0.985209,0.960862,0.988507,0.001453,24,0.001453,24,0.806641,24,106.5,24,,0,0.099333,24
1,43,24,False,native,24,0.949694,0.936542,0.964764,0.028222,0.94962,0.925829,0.971827,0.918156,0.973025,24,0.974196,0.967229,0.982065,0.014836,0.97408,0.961486,0.985712,0.957332,0.986328,0.001453,24,0.001461,24,0.832031,24,101.5,24,,0,0.099096,24
1,44,24,False,native,24,0.948909,0.937917,0.95946,0.021543,0.947926,0.923491,0.969624,0.913468,0.974195,24,0.973783,0.967961,0.979304,0.011343,0.973188,0.960224,0.984578,0.954778,0.986929,0.001286,24,0.001396,24,0.857422,24,105.5,24,,0,0.098877,24
1,45,24,False,native,24,0.948766,0.938698,0.959638,0.020941,0.947604,0.922102,0.968605,0.917327,0.972148,24,0.973708,0.968374,0.979398,0.011024,0.973019,0.959473,0.984052,0.956881,0.985877,0.0014,24,0.001415,24,0.851562,24,103.0,24,,0,0.098628,24
1,46,24,False,native,24,0.947409,0.938345,0.961217,0.022871,0.946836,0.92127,0.966772,0.917189,0.97361,24,0.972994,0.968187,0.980225,0.012038,0.972616,0.959022,0.983105,0.956806,0.986629,0.001335,24,0.00135,24,0.861328,24,105.0,24,,0,0.098132,24
1,47,24,False,native,24,0.94748,0.935589,0.960424,0.024835,0.946605,0.922574,0.968503,0.913606,0.97171,24,0.973032,0.966722,0.979811,0.01309,0.972493,0.959728,0.983999,0.954853,0.985652,0.00132,24,0.00148,24,0.853516,24,93.0,24,,0,0.097557,24
1,48,24,False,native,24,0.950119,0.937982,0.963821,0.025838,0.947654,0.925204,0.96747,0.906071,0.971126,24,0.974422,0.967999,0.981577,0.013578,0.973044,0.961148,0.983466,0.950721,0.985352,0.001614,24,0.001381,24,0.84375,24,96.5,24,,0,0.097133,24
1,49,24,False,native,24,0.950476,0.940391,0.962662,0.022271,0.947796,0.928424,0.964958,0.9073,0.968212,24,0.974609,0.969276,0.980976,0.0117,0.973126,0.962883,0.982166,0.951397,0.983849,0.001408,24,0.001545,24,0.810547,24,101.5,24,,0,0.097252,24
2,0,24,False,native,24,0.96654,0.96165,0.975441,0.013791,0.965675,0.95196,0.977627,0.932917,0.980658,24,0.982985,0.98045,0.987568,0.007118,0.9825,0.975383,0.988687,0.965294,0.990234,0.001736,24,0.001698,24,0.697266,24,96.0,24,0.999684,24,0.102926,24
2,1,24,False,native,24,0.966104,0.955526,0.972952,0.017426,0.963024,0.947359,0.976189,0.930254,0.976834,24,0.98276,0.977257,0.986291,0.009033,0.98112,0.972964,0.987951,0.963867,0.988281,0.001785,24,0.001602,24,0.693359,24,103.5,24,,0,0.103118,24
2,2,24,False,native,24,0.971053,0.954414,0.973427,0.019014,0.963793,0.950248,0.974811,0.930254,0.978156,24,0.985314,0.976675,0.986535,0.00986,0.981517,0.974489,0.987245,0.963867,0.988957,0.001724,24,0.001804,24,0.634766,24,103.0,24,,0,0.103125,24
2,3,24,False,native,24,0.968649,0.956389,0.974525,0.018136,0.964151,0.947539,0.97773,0.929975,0.980363,24,0.984075,0.977708,0.987098,0.00939,0.981702,0.973062,0.988739,0.963717,0.990084,0.00177,24,0.001671,24,0.660156,24,107.5,24,,0,0.103041,24
2,4,24,False,native,24,0.968649,0.956424,0.97277,0.016346,0.964377,0.942977,0.978274,0.940666,0.98051,24,0.984075,0.977727,0.986197,0.00847,0.981824,0.970651,0.989017,0.969426,0.990159,0.001804,24,0.00185,24,0.683594,24,100.0,24,,0,0.102865,24
2,5,24,False,native,24,0.967557,0.956388,0.97186,0.015472,0.964126,0.944694,0.979303,0.939677,0.9811,24,0.983511,0.977708,0.985727,0.008019,0.981696,0.971559,0.989543,0.9689,0.99046,0.001976,24,0.001869,24,0.691406,24,99.5,24,,0,0.102663,24
2,6,24,False,native,24,0.967194,0.95772,0.974342,0.016622,0.964927,0.948079,0.978685,0.941374,0.982132,24,0.983323,0.978403,0.987004,0.008601,0.982115,0.973347,0.989228,0.969802,0.990986,0.001923,24,0.001865,24,0.681641,24,106.5,24,,0,0.102467,24
2,7,24,False,native,24,0.966395,0.958731,0.972624,0.013894,0.964601,0.950176,0.977142,0.941232,0.983166,24,0.98291,0.978929,0.986122,0.007193,0.981949,0.974452,0.988439,0.969727,0.991511,0.001923,24,0.001892,24,0.697266,24,108.0,24,,0,0.102264,24
2,8,24,False,native,24,0.966032,0.957288,0.971712,0.014424,0.964258,0.950834,0.979628,0.935728,0.982575,24,0.982722,0.978178,0.985652,0.007474,0.981768,0.974797,0.989709,0.966797,0.991211,0.001984,24,0.001938,24,0.689453,24,108.0,24,,0,0.102099,24
2,9,24,False,native,24,0.965959,0.956137,0.975697,0.01956,0.964474,0.948793,0.978626,0.938688,0.985088,24,0.982685,0.977577,0.987699,0.010122,0.981877,0.973723,0.989198,0.968374,0.992488,0.001854,24,0.001873,24,0.703125,24,108.5,24,,0,0.101908,24
2,10,24,False,native,24,0.964944,0.955814,0.974891,0.019077,0.964114,0.948851,0.97973,0.935728,0.983905,24,0.982159,0.977408,0.987286,0.009878,0.981686,0.973753,0.989761,0.966797,0.991887,0.001907,24,0.001961,24,0.710938,24,102.0,24,0.999723,24,0.101796,24
2,11,24,False,native,24,0.965741,0.955275,0.974014,0.018739,0.963878,0.946398,0.979686,0.939253,0.985088,24,0.982572,0.977126,0.986835,0.009709,0.981564,0.972461,0.989739,0.968675,0.992488,0.001884,24,0.001938,24,0.705078,24,104.5,24,,0,0.101623,24
2,12,24,False,native,24,0.964943,0.954916,0.973721,0.018805,0.963961,0.949949,0.980644,0.940666,0.98287,24,0.982159,0.976938,0.986685,0.009747,0.981611,0.974331,0.990227,0.969426,0.991361,0.001904,24,0.001945,24,0.699219,24,100.5,24,,0,0.101485,24
2,13,24,False,native,24,0.964222,0.954198,0.974343,0.020144,0.96401,0.949605,0.97998,0.941232,0.9842,24,0.981783,0.976562,0.987004,0.010442,0.981636,0.974151,0.989889,0.969727,0.992037,0.00193,24,0.001907,24,0.712891,24,107.5,24,,0,0.101417,24
2,14,24,False,native,24,0.963716,0.954701,0.972661,0.017961,0.9641,0.950519,0.981822,0.943074,0.983609,24,0.98152,0.976825,0.98614,0.009315,0.981683,0.974632,0.990828,0.970703,0.991737,0.001869,24,0.00193,24,0.720703,24,99.0,24,,0,0.10127,24
2,15,24,False,native,24,0.961544,0.95402,0.973903,0.019883,0.963459,0.949676,0.980201,0.945061,0.986125,24,0.980394,0.976469,0.986779,0.01031,0.981351,0.974189,0.990002,0.971755,0.993014,0.001839,24,0.001873,24,0.728516,24,105.5,24,,0,0.101193,24
2,16,24,False,native,24,0.961689,0.95298,0.97372,0.02074,0.963549,0.950491,0.981616,0.943216,0.984052,24,0.980469,0.975924,0.986685,0.010761,0.981395,0.974617,0.990723,0.970778,0.991962,0.001884,24,0.001858,24,0.710938,24,99.0,24,,0,0.101052,24
2,17,24,False,native,24,0.963281,0.951334,0.973647,0.022313,0.963339,0.949619,0.980186,0.943358,0.984644,24,0.981295,0.97506,0.986647,0.011587,0.981286,0.974159,0.989994,0.970853,0.992263,0.001839,24,0.001808,24,0.697266,24,98.0,24,,0,0.101008,24
2,18,24,False,native,24,0.96212,0.952479,0.975954,0.023475,0.963575,0.949291,0.979878,0.94279,0.983905,24,0.980694,0.975661,0.987831,0.012169,0.981408,0.973986,0.989836,0.970553,0.991887,0.001862,24,0.001705,24,0.716797,24,96.0,24,,0,0.100812,24
2,19,24,False,native,24,0.961837,0.952729,0.972989,0.020259,0.962864,0.949077,0.98001,0.9435,0.985976,24,0.980544,0.975793,0.986309,0.010517,0.981038,0.973873,0.989904,0.970928,0.992939,0.001797,24,0.00169,24,0.720703,24,97.0,24,,0,0.10074,24
2,20,24,False,native,24,0.961409,0.950941,0.973281,0.02234,0.962758,0.947608,0.980967,0.942649,0.985384,24,0.980319,0.974854,0.98646,0.011606,0.980976,0.973099,0.990392,0.970478,0.992638,0.001743,24,0.001659,24,0.724609,24,100.0,24,0.999681,24,0.100685,24
2,21,24,False,native,24,0.96033,0.950226,0.974525,0.024299,0.962179,0.946426,0.979848,0.942649,0.98494,24,0.979755,0.974478,0.987098,0.01262,0.980675,0.972476,0.989821,0.970478,0.992413,0.001656,24,0.001823,24,0.724609,24,95.5,24,,0,0.100543,24
2,22,24,False,native,24,0.960477,0.950083,0.974928,0.024844,0.962236,0.948364,0.979082,0.942082,0.984496,24,0.97983,0.974403,0.987305,0.012902,0.980707,0.973498,0.989431,0.970177,0.992188,0.001675,24,0.001785,24,0.730469,24,96.0,24,,0,0.100395,24
2,23,24,False,native,24,0.959823,0.949691,0.973903,0.024212,0.962295,0.947637,0.97948,0.941657,0.984792,24,0.979492,0.974196,0.986779,0.012583,0.980738,0.973114,0.989633,0.969952,0.992338,0.001747,24,0.001755,24,0.748047,24,89.5,24,,0,0.100266,24
2,24,24,False,native,24,0.95932,0.949476,0.974818,0.025341,0.961999,0.945346,0.979332,0.941657,0.983461,24,0.979229,0.974084,0.987248,0.013165,0.980578,0.971905,0.989558,0.969952,0.991662,0.001652,24,0.001656,24,0.744141,24,99.5,24,,0,0.100205,24
2,25,24,False,native,24,0.961703,0.949977,0.974964,0.024987,0.962214,0.945091,0.97845,0.940808,0.985088,24,0.980469,0.974346,0.987323,0.012977,0.980691,0.97177,0.989108,0.969501,0.992488,0.001732,24,0.001633,24,0.720703,24,97.5,24,,0,0.100081,24
2,26,24,False,native,24,0.960258,0.949049,0.974818,0.025769,0.961507,0.945246,0.979039,0.941515,0.983609,24,0.979718,0.973858,0.987248,0.01339,0.980325,0.971852,0.989408,0.969877,0.991737,0.001659,24,0.001637,24,0.75,24,98.0,24,,0,0.099963,24
2,27,24,False,native,24,0.959821,0.948728,0.972477,0.023749,0.96118,0.944721,0.97773,0.942365,0.9842,24,0.979492,0.973689,0.986046,0.012357,0.980156,0.971575,0.988739,0.970328,0.992037,0.001713,24,0.001724,24,0.736328,24,94.0,24,,0,0.0998,24
2,28,24,False,native,24,0.961409,0.948086,0.974232,0.026146,0.961432,0.945246,0.977803,0.940101,0.983461,24,0.980319,0.973351,0.986948,0.013597,0.980284,0.971852,0.988777,0.969126,0.991662,0.001694,24,0.001724,24,0.738281,24,98.5,24,,0,0.099674,24
2,29,24,False,native,24,0.960317,0.949013,0.973245,0.024232,0.961026,0.945161,0.978259,0.940383,0.983461,24,0.979755,0.973839,0.986441,0.012601,0.980074,0.971807,0.98901,0.969276,0.991662,0.001595,24,0.001682,24,0.738281,24,101.0,24,,0,0.099565,24
2,30,24,False,native,24,0.960465,0.946519,0.97394,0.027421,0.960566,0.943472,0.978657,0.939394,0.98287,24,0.97983,0.972525,0.986798,0.014273,0.979833,0.970913,0.989213,0.96875,0.991361,0.001705,24,0.001705,24,0.732422,24,94.0,24,0.999672,24,0.099339,24
2,31,24,False,native,24,0.960464,0.946163,0.973501,0.027337,0.960861,0.944238,0.978362,0.939818,0.984052,24,0.97983,0.972337,0.986572,0.014235,0.979987,0.971319,0.989062,0.968975,0.991962,0.001587,24,0.001747,24,0.744141,24,98.5,24,,0,0.099189,24
2,32,24,False,native,24,0.96003,0.946163,0.973428,0.027265,0.960479,0.944806,0.977847,0.938688,0.983757,24,0.979605,0.972337,0.986535,0.014198,0.979786,0.97162,0.9888,0.968374,0.991812,0.001656,24,0.001705,24,0.761719,24,97.5,24,,0,0.09905,24
2,33,24,False,native,24,0.959312,0.945772,0.972587,0.026815,0.959591,0.943202,0.978171,0.9377,0.982575,24,0.979229,0.97213,0.986103,0.013972,0.979323,0.970771,0.988965,0.967849,0.991211,0.001656,24,0.001579,24,0.767578,24,97.0,24,,0,0.098882,24
2,34,24,False,native,24,0.959523,0.944919,0.974635,0.029716,0.959107,0.942691,0.977201,0.936713,0.982427,24,0.979342,0.97168,0.987154,0.015475,0.97907,0.9705,0.988469,0.967323,0.991136,0.001678,24,0.00164,24,0.759766,24,94.0,24,,0,0.098684,24
2,35,24,False,native,24,0.959524,0.944351,0.974087,0.029736,0.959045,0.942635,0.97867,0.938406,0.980805,24,0.979342,0.971379,0.986873,0.015494,0.979035,0.97047,0.98922,0.968224,0.990309,0.001572,24,0.001606,24,0.75,24,95.5,24,,0,0.098492,24
2,36,24,False,native,24,0.960747,0.943712,0.973867,0.030154,0.958774,0.941784,0.979244,0.935587,0.980952,24,0.97998,0.971041,0.98676,0.015719,0.978891,0.97002,0.989513,0.966722,0.990385,0.001549,24,0.001617,24,0.748047,24,97.5,24,,0,0.098297,24
2,37,24,False,native,24,0.957218,0.944067,0.973612,0.029544,0.958726,0.940879,0.9797,0.938829,0.981247,24,0.97814,0.971229,0.986629,0.0154,0.978866,0.969539,0.989746,0.96845,0.990535,0.001629,24,0.001713,24,0.783203,24,95.5,24,,0,0.098104,24
2,38,24,False,native,24,0.958225,0.943961,0.972952,0.028991,0.958024,0.942918,0.976599,0.937982,0.982427,24,0.978666,0.971173,0.986291,0.015118,0.978506,0.97062,0.988161,0.967999,0.991136,0.001598,24,0.001671,24,0.761719,24,93.0,24,,0,0.097833,24
2,39,24,False,native,24,0.955999,0.94272,0.972331,0.029611,0.957276,0.941544,0.977333,0.937982,0.97845,24,0.977502,0.970515,0.985971,0.015456,0.978115,0.969892,0.988537,0.967999,0.989108,0.001652,24,0.001602,24,0.759766,24,90.5,24,,0,0.09759,24
2,40,24,False,native,24,0.956928,0.943643,0.971491,0.027849,0.956807,0.939479,0.976599,0.936713,0.979332,24,0.97799,0.971004,0.985539,0.014536,0.977871,0.968795,0.988161,0.967323,0.989558,0.001568,24,0.001713,24,0.779297,24,92.0,24,0.999617,24,0.097336,24
2,41,24,False,native,24,0.955706,0.942933,0.969413,0.02648,0.956043,0.938039,0.975734,0.936291,0.978303,24,0.977351,0.970628,0.984469,0.013841,0.977473,0.968029,0.987718,0.967097,0.989032,0.001595,24,0.00161,24,0.775391,24,92.0,24,,0,0.09703,24
2,42,24,False,native,24,0.957143,0.940808,0.968794,0.027986,0.955311,0.937785,0.974855,0.936291,0.978744,24,0.978102,0.969501,0.98415,0.014648,0.977088,0.967894,0.987267,0.967097,0.989258,0.001637,24,0.001637,24,0.751953,24,92.5,24,,0,0.096678,24
2,43,24,False,native,24,0.957431,0.939253,0.968686,0.029433,0.954828,0.935912,0.975957,0.934743,0.97948,24,0.978253,0.968675,0.984093,0.015418,0.976829,0.966895,0.987831,0.966271,0.989633,0.001614,24,0.001579,24,0.757812,24,97.0,24,,0,0.096427,24
2,44,24,False,native,24,0.956352,0.938724,0.969777,0.031054,0.954187,0.935011,0.975338,0.931095,0.978744,24,0.977689,0.968393,0.984657,0.016264,0.976487,0.966414,0.987515,0.964318,0.989258,0.001503,24,0.001606,24,0.775391,24,95.0,24,,0,0.096019,24
2,45,24,False,native,24,0.954557,0.935939,0.968175,0.032237,0.953095,0.934167,0.970499,0.930534,0.977421,24,0.97675,0.96691,0.98383,0.016921,0.975921,0.965963,0.985029,0.964017,0.988582,0.001511,24,0.001553,24,0.765625,24,92.0,24,,0,0.09569,24
2,46,24,False,native,24,0.956856,0.934743,0.966903,0.03216,0.952395,0.932384,0.970222,0.931795,0.975954,24,0.977952,0.966271,0.983173,0.016902,0.975552,0.965009,0.984886,0.964694,0.987831,0.001495,24,0.001545,24,0.757812,24,103.0,24,,0,0.095445,24
2,47,24,False,native,24,0.957143,0.933303,0.96585,0.032547,0.951813,0.931823,0.970805,0.92732,0.980363,24,0.978102,0.965501,0.982628,0.017127,0.975235,0.964709,0.985186,0.96229,0.990084,0.001595,24,0.001518,24,0.769531,24,99.5,24,,0,0.095234,24
2,48,24,False,native,24,0.955779,0.933514,0.966504,0.03299,0.950585,0.926571,0.968226,0.921617,0.978303,24,0.977389,0.965614,0.982966,0.017353,0.974581,0.961884,0.983857,0.95921,0.989032,0.001522,24,0.001499,24,0.798828,24,103.5,24,,0,0.095256,24
2,49,24,False,native,24,0.958729,0.932391,0.966685,0.034294,0.952234,0.93038,0.971112,0.918156,0.979921,24,0.978929,0.965013,0.98306,0.018048,0.975442,0.963935,0.985344,0.957332,0.989859,0.001472,24,0.001564,24,0.751953,24,97.5,24,,0,0.09559,24
3,0,24,False,native,24,0.966467,0.961469,0.971893,0.010423,0.962359,0.936052,0.973932,0.925787,0.979038,24,0.982948,0.980356,0.985746,0.00539,0.980763,0.966947,0.986794,0.961463,0.989408,0.000614,24,0.000557,24,0.679688,24,118.5,24,0.999698,24,0.106381,24
3,1,24,False,native,24,0.969668,0.961216,0.975441,0.014225,0.965154,0.940299,0.980231,0.924395,0.981985,24,0.9846,0.980225,0.987568,0.007343,0.9822,0.969231,0.990017,0.960712,0.99091,0.000629,24,0.001217,24,0.630859,24,106.0,24,,0,0.106774,24
3,2,24,False,native,24,0.971491,0.964049,0.97592,0.011871,0.968257,0.947495,0.982679,0.93615,0.987607,24,0.985539,0.981689,0.987812,0.006122,0.983824,0.973039,0.991264,0.967022,0.993765,0.000633,24,0.00127,24,0.619141,24,102.0,24,,0,0.106982,24
3,3,24,False,native,24,0.971345,0.965313,0.97621,0.010897,0.96707,0.943418,0.98259,0.927041,0.988053,24,0.985464,0.982347,0.987962,0.005615,0.983195,0.970883,0.991218,0.962139,0.99399,0.000637,24,0.001301,24,0.625,24,104.5,24,,0,0.107121,24
3,4,24,False,native,24,0.970397,0.964698,0.977275,0.012576,0.9671,0.94539,0.979803,0.9339,0.984052,24,0.984976,0.982027,0.988507,0.006479,0.983226,0.971928,0.989799,0.96582,0.991962,0.001324,24,0.001286,24,0.644531,24,105.0,24,,0,0.107127,24
3,5,24,False,native,24,0.97047,0.964985,0.978376,0.013391,0.967273,0.942483,0.980731,0.929835,0.985532,24,0.985014,0.982178,0.98907,0.006892,0.983308,0.970388,0.990272,0.963642,0.992713,0.001369,24,0.000614,24,0.615234,24,109.5,24,,0,0.107154,24
3,6,24,False,native,24,0.971564,0.965528,0.978009,0.012481,0.967091,0.93961,0.979921,0.931795,0.983018,24,0.985577,0.982459,0.988882,0.006423,0.983214,0.968863,0.989859,0.964694,0.991436,0.000637,24,0.000652,24,0.630859,24,112.0,24,,0,0.107167,24
3,7,24,False,native,24,0.970105,0.963713,0.975624,0.011911,0.966335,0.940666,0.980629,0.931935,0.983757,24,0.984826,0.98152,0.987662,0.006141,0.982823,0.969426,0.990219,0.964769,0.991812,0.000656,24,0.001469,24,0.644531,24,103.0,24,,0,0.107164,24
3,8,24,False,native,24,0.971929,0.964984,0.976467,0.011483,0.966734,0.942111,0.979848,0.930254,0.984052,24,0.985765,0.982178,0.988093,0.005916,0.983032,0.970192,0.989821,0.963867,0.991962,0.000717,24,0.000706,24,0.615234,24,110.5,24,,0,0.107161,24
3,9,24,False,native,24,0.971637,0.964185,0.976394,0.012209,0.966365,0.939906,0.978362,0.927739,0.980216,24,0.985614,0.981765,0.988056,0.006291,0.982838,0.96902,0.989062,0.962515,0.990009,0.00148,24,0.00135,24,0.625,24,107.5,24,,0,0.107113,24
3,10,24,False,native,24,0.973244,0.963823,0.975954,0.012131,0.966809,0.939578,0.979553,0.930394,0.981542,24,0.986441,0.981577,0.987831,0.006254,0.983067,0.968848,0.989671,0.963942,0.990685,0.000671,24,0.001518,24,0.597656,24,104.0,24,0.99981,24,0.107071,24
3,11,24,False,native,24,0.972952,0.965165,0.976174,0.011009,0.966865,0.938053,0.97845,0.934884,0.983018,24,0.986291,0.982272,0.987943,0.005672,0.983098,0.968036,0.989108,0.966346,0.991436,0.000736,24,0.00156,24,0.597656,24,108.5,24,,0,0.107019,24
3,12,24,False,native,24,0.973537,0.965453,0.976137,0.010684,0.966711,0.937602,0.977789,0.934181,0.982132,24,0.986591,0.982422,0.987924,0.005503,0.983017,0.967796,0.98877,0.965971,0.990986,0.001545,24,0.001637,24,0.576172,24,102.5,24,,0,0.10694,24
3,13,24,False,native,24,0.972879,0.964908,0.975734,0.010826,0.966367,0.936644,0.978376,0.931375,0.982575,24,0.986253,0.98214,0.987718,0.005578,0.982835,0.967285,0.98907,0.964468,0.991211,0.000763,24,0.00066,24,0.607422,24,119.5,24,,0,0.106885,24
3,14,24,False,native,24,0.971638,0.965489,0.977017,0.011528,0.967016,0.938928,0.97895,0.93615,0.9842,24,0.985614,0.982441,0.988375,0.005934,0.983179,0.968502,0.989363,0.967022,0.992037,0.000763,24,0.001575,24,0.601562,24,111.5,24,,0,0.106823,24
3,15,24,False,native,24,0.97361,0.963603,0.976577,0.012974,0.967298,0.937362,0.978656,0.936009,0.983905,24,0.986629,0.981464,0.98815,0.006686,0.98332,0.967668,0.989213,0.966947,0.991887,0.001541,24,0.000801,24,0.582031,24,116.5,24,,0,0.106769,24
3,16,24,False,native,24,0.97171,0.962626,0.9761,0.013475,0.966277,0.936249,0.978833,0.934321,0.9811,24,0.985652,0.980957,0.987906,0.006949,0.982791,0.967075,0.989303,0.966046,0.99046,0.001545,24,0.001572,24,0.603516,24,115.0,24,,0,0.106685,24
3,17,24,False,native,24,0.971345,0.964762,0.977091,0.012329,0.967023,0.938448,0.979568,0.935446,0.983018,24,0.985464,0.982065,0.988413,0.006348,0.983179,0.968247,0.989678,0.966647,0.991436,0.000736,24,0.001568,24,0.615234,24,108.5,24,,0,0.106644,24
3,18,24,False,native,24,0.971637,0.963495,0.977678,0.014184,0.966862,0.938815,0.9797,0.937982,0.981542,24,0.985614,0.981408,0.988713,0.007305,0.983101,0.968442,0.989746,0.967999,0.990685,0.000736,24,0.001534,24,0.628906,24,113.5,24,,0,0.106577,24
3,19,24,False,native,24,0.971783,0.964655,0.976724,0.012069,0.966861,0.940426,0.979686,0.936713,0.981837,24,0.98569,0.982009,0.988225,0.006216,0.983101,0.969298,0.989739,0.967323,0.990835,0.001518,24,0.001675,24,0.628906,24,107.0,24,,0,0.106545,24
3,20,24,False,native,24,0.971199,0.962809,0.976247,0.013438,0.966958,0.941374,0.979436,0.935446,0.983757,24,0.985389,0.981051,0.987981,0.00693,0.983151,0.969802,0.989611,0.966647,0.991812,0.001583,24,0.001671,24,0.615234,24,112.0,24,0.999806,24,0.10648,24
3,21,24,False,native,24,0.97171,0.962482,0.975917,0.013435,0.967294,0.942344,0.979789,0.939111,0.983461,24,0.985652,0.980882,0.987812,0.00693,0.98333,0.970312,0.989791,0.9686,0.991662,0.001614,24,0.00164,24,0.605469,24,106.5,24,,0,0.10646,24
3,22,24,False,native,24,0.970688,0.963534,0.976651,0.013116,0.967214,0.941971,0.979612,0.939959,0.981395,24,0.985126,0.981427,0.988187,0.006761,0.983289,0.970117,0.989701,0.96905,0.99061,0.001637,24,0.001667,24,0.619141,24,111.0,24,,0,0.106438,24
3,23,24,False,native,24,0.972879,0.962702,0.976724,0.014022,0.967589,0.942852,0.978994,0.940525,0.9811,24,0.986253,0.980995,0.988225,0.00723,0.983483,0.970583,0.989386,0.969351,0.99046,0.001602,24,0.001614,24,0.583984,24,109.0,24,,0,0.106409,24
3,24,24,False,native,24,0.970907,0.963426,0.976797,0.013371,0.96721,0.944071,0.980113,0.935446,0.983166,24,0.985239,0.98137,0.988262,0.006892,0.983286,0.971229,0.989956,0.966647,0.991511,0.001656,24,0.001572,24,0.611328,24,108.5,24,,0,0.10638,24
3,25,24,False,native,24,0.9712,0.962991,0.976358,0.013366,0.967038,0.943812,0.980466,0.936854,0.983313,24,0.985389,0.981145,0.988037,0.006892,0.983195,0.971094,0.990137,0.967398,0.991587,0.001656,24,0.001518,24,0.601562,24,115.0,24,,0,0.106364,24
3,26,24,False,native,24,0.971054,0.962342,0.976724,0.014382,0.967113,0.944735,0.981557,0.933198,0.982575,24,0.985314,0.980807,0.988225,0.007418,0.983233,0.971582,0.990693,0.965445,0.991211,0.001625,24,0.001682,24,0.613281,24,110.0,24,,0,0.10633,24
3,27,24,False,native,24,0.97244,0.96303,0.977128,0.014098,0.967563,0.945447,0.980732,0.935869,0.983461,24,0.986028,0.981164,0.988431,0.007268,0.983467,0.971958,0.990272,0.966872,0.991662,0.001606,24,0.001225,24,0.605469,24,117.0,24,,0,0.106321,24
3,28,24,False,native,24,0.971199,0.963209,0.976248,0.013039,0.967278,0.944681,0.980201,0.93615,0.983018,24,0.985389,0.981258,0.987981,0.006723,0.98332,0.971552,0.990002,0.967022,0.991436,0.001606,24,0.001678,24,0.613281,24,110.5,24,,0,0.106278,24
3,29,24,False,native,24,0.972221,0.96057,0.977605,0.017035,0.966965,0.945389,0.980024,0.934462,0.984052,24,0.985915,0.979887,0.988676,0.008789,0.983154,0.971928,0.989911,0.966121,0.991962,0.001678,24,0.001354,24,0.601562,24,122.0,24,,0,0.106243,24
3,30,24,False,native,24,0.971856,0.962598,0.977825,0.015228,0.96785,0.947425,0.980628,0.935446,0.984644,24,0.985727,0.980938,0.988788,0.00785,0.983614,0.973002,0.990219,0.966647,0.992263,0.001583,24,0.001633,24,0.609375,24,114.0,24,0.999809,24,0.106252,24
3,31,24,False,native,24,0.971564,0.962125,0.976321,0.014196,0.96722,0.945616,0.980407,0.936009,0.984496,24,0.985577,0.980694,0.988018,0.007324,0.983289,0.972048,0.990107,0.966947,0.992188,0.001686,24,0.001633,24,0.601562,24,114.0,24,,0,0.106194,24
3,32,24,False,native,24,0.970324,0.962775,0.976577,0.013803,0.9673,0.947013,0.980997,0.9339,0.983609,24,0.984938,0.981032,0.98815,0.007118,0.98333,0.972784,0.990407,0.96582,0.991737,0.00164,24,0.001488,24,0.626953,24,110.5,24,,0,0.106164,24
3,33,24,False,native,24,0.970032,0.961944,0.976945,0.015001,0.967092,0.946387,0.981837,0.931095,0.983018,24,0.984788,0.9806,0.988338,0.007737,0.98322,0.972453,0.990835,0.964318,0.991436,0.001617,24,0.001469,24,0.603516,24,112.5,24,,0,0.10611,24
3,34,24,False,native,24,0.969814,0.962051,0.977716,0.015665,0.967794,0.951978,0.981527,0.931655,0.983757,24,0.984675,0.980657,0.988732,0.008075,0.983586,0.975398,0.990678,0.964618,0.991812,0.001755,24,0.001514,24,0.621094,24,115.5,24,,0,0.106058,24
3,35,24,False,native,24,0.96894,0.962923,0.978891,0.015968,0.967376,0.950291,0.981011,0.933619,0.98287,24,0.984225,0.981107,0.989333,0.008226,0.98337,0.974512,0.990415,0.96567,0.991361,0.001663,24,0.001698,24,0.644531,24,111.5,24,,0,0.106008,24
3,36,24,False,native,24,0.968648,0.959125,0.978009,0.018884,0.966753,0.951135,0.980068,0.930814,0.984052,24,0.984075,0.979135,0.988882,0.009747,0.983045,0.974955,0.989934,0.964168,0.991962,0.001625,24,0.001499,24,0.634766,24,111.0,24,,0,0.10595,24
3,37,24,False,native,24,0.967485,0.961909,0.977605,0.015696,0.967266,0.954198,0.981498,0.932216,0.983018,24,0.983474,0.980581,0.988676,0.008094,0.983314,0.976562,0.990663,0.964919,0.991436,0.001289,24,0.001511,24,0.660156,24,110.0,24,,0,0.105895,24
3,38,24,False,native,24,0.967412,0.960747,0.977054,0.016307,0.96708,0.95529,0.981218,0.928856,0.984792,24,0.983436,0.97998,0.988394,0.008413,0.983217,0.977133,0.99052,0.963116,0.992338,0.001629,24,0.001476,24,0.65625,24,109.0,24,,0,0.105841,24
3,39,24,False,native,24,0.968067,0.960133,0.978634,0.0185,0.966917,0.954159,0.981425,0.928577,0.98228,24,0.983774,0.979661,0.989201,0.00954,0.983129,0.97654,0.990625,0.962966,0.991061,0.001469,24,0.001518,24,0.666016,24,106.5,24,,0,0.105729,24
3,40,24,False,native,24,0.968285,0.96053,0.978818,0.018287,0.967435,0.958367,0.980776,0.926065,0.983757,24,0.983887,0.979868,0.989295,0.009428,0.983398,0.978741,0.990294,0.961614,0.991812,0.001534,24,0.001629,24,0.658203,24,108.5,24,0.999822,24,0.105632,24
3,41,24,False,native,24,0.967848,0.959881,0.979737,0.019856,0.967388,0.957719,0.98228,0.932216,0.983018,24,0.983661,0.97953,0.989765,0.010235,0.983373,0.978403,0.991061,0.964919,0.991436,0.001625,24,0.001389,24,0.666016,24,110.0,24,,0,0.105477,24
3,42,24,False,native,24,0.967121,0.959773,0.978818,0.019045,0.967253,0.957474,0.98194,0.932075,0.983018,24,0.983286,0.979473,0.989295,0.009822,0.983305,0.978275,0.990888,0.964844,0.991436,0.001614,24,0.001637,24,0.664062,24,110.5,24,,0,0.10534,24
3,43,24,False,native,24,0.969086,0.958655,0.978376,0.019721,0.967014,0.957057,0.98141,0.928577,0.984052,24,0.9843,0.978891,0.98907,0.010179,0.983176,0.978057,0.990617,0.962966,0.991962,0.001553,24,0.001656,24,0.654297,24,109.0,24,,0,0.105273,24
3,44,24,False,native,24,0.96763,0.958871,0.979296,0.020424,0.967521,0.954959,0.982369,0.931935,0.983905,24,0.983549,0.979004,0.98954,0.010536,0.983442,0.976961,0.991106,0.964769,0.991887,0.001656,24,0.001598,24,0.646484,24,115.0,24,,0,0.105091,24
3,45,24,False,native,24,0.968212,0.958475,0.979664,0.021188,0.967752,0.956424,0.981793,0.933759,0.984792,24,0.983849,0.978797,0.989727,0.01093,0.983561,0.977727,0.990813,0.965745,0.992338,0.001633,24,0.001637,24,0.65625,24,102.5,24,,0,0.104899,24
3,46,24,False,native,24,0.969085,0.957323,0.979958,0.022635,0.967181,0.954414,0.980569,0.931935,0.98287,24,0.9843,0.978196,0.989878,0.011681,0.983264,0.976675,0.990189,0.964769,0.991361,0.001595,24,0.001507,24,0.632812,24,110.0,24,,0,0.104762,24
3,47,24,False,native,24,0.972587,0.956316,0.979443,0.023126,0.967346,0.95394,0.980864,0.932917,0.981542,24,0.986103,0.977671,0.989615,0.011944,0.983348,0.976427,0.99034,0.965294,0.990685,0.001602,24,0.001472,24,0.587891,24,107.5,24,,0,0.10465,24
3,48,24,False,native,24,0.974854,0.955311,0.978046,0.022735,0.966454,0.951521,0.981557,0.924534,0.98287,24,0.987267,0.977145,0.988901,0.011756,0.982873,0.975158,0.990693,0.960787,0.991361,0.001602,24,0.00153,24,0.5625,24,115.5,24,,0,0.104613,24
3,49,24,False,native,24,0.97171,0.954055,0.976541,0.022486,0.966346,0.949148,0.983772,0.929415,0.985236,24,0.985652,0.976487,0.988131,0.011644,0.982819,0.973911,0.991819,0.963416,0.992563,0.001587,24,0.001663,24,0.617188,24,108.5,24,,0,0.104187,24
4,0,24,False,native,24,0.969741,0.962379,0.975477,0.013098,0.967478,0.950907,0.979877,0.939677,0.987311,24,0.984638,0.980826,0.987586,0.006761,0.98343,0.974835,0.989836,0.9689,0.993615,0.001553,24,0.001415,24,0.634766,24,124.5,24,0.999675,24,0.106997,24
4,1,24,False,native,24,0.972879,0.965197,0.976249,0.011052,0.971208,0.961023,0.982147,0.941374,0.988647,24,0.986253,0.98229,0.987981,0.00569,0.985367,0.980123,0.990993,0.969802,0.994291,0.001797,24,0.001862,24,0.603516,24,96.5,24,,0,0.106088,24
4,2,24,False,native,24,0.972952,0.968577,0.978487,0.00991,0.973631,0.962076,0.986362,0.955921,0.988944,24,0.986291,0.984037,0.989126,0.005089,0.986619,0.980672,0.993134,0.977464,0.994441,0.001659,24,0.001705,24,0.59375,24,75.5,24,,0,0.10581,24
4,3,24,False,native,24,0.973903,0.967884,0.978414,0.010529,0.973896,0.962857,0.985621,0.958799,0.991026,24,0.986779,0.98368,0.989089,0.005409,0.986757,0.981077,0.992758,0.978966,0.995493,0.001659,24,0.001682,24,0.599609,24,91.0,24,,0,0.105749,24
4,4,24,False,native,24,0.974342,0.970032,0.97937,0.009338,0.974744,0.96535,0.986987,0.955634,0.990579,24,0.987004,0.984788,0.989577,0.004789,0.987192,0.982369,0.99345,0.977314,0.995267,0.001728,24,0.001793,24,0.572266,24,85.5,24,,0,0.105651,24
4,5,24,False,native,24,0.974415,0.970834,0.979223,0.008389,0.974432,0.965553,0.986406,0.955921,0.988498,24,0.987042,0.985201,0.989502,0.004301,0.987032,0.982474,0.993157,0.977464,0.994216,0.001606,24,0.00169,24,0.568359,24,88.5,24,,0,0.105507,24
4,6,24,False,native,24,0.972513,0.970324,0.97948,0.009156,0.974054,0.968037,0.985785,0.955203,0.989836,24,0.986065,0.984938,0.989633,0.004695,0.986838,0.983759,0.992841,0.977088,0.994892,0.001652,24,0.001625,24,0.587891,24,93.5,24,,0,0.105409,24
4,7,24,False,native,24,0.975001,0.969959,0.97834,0.008381,0.974361,0.966961,0.986169,0.953338,0.989836,24,0.987342,0.984751,0.989051,0.004301,0.986995,0.983203,0.993036,0.976112,0.994892,0.00161,24,0.001663,24,0.564453,24,87.5,24,,0,0.105386,24
4,8,24,False,native,24,0.973683,0.971309,0.978892,0.007583,0.974161,0.962308,0.985785,0.952192,0.990133,24,0.986666,0.985445,0.989333,0.003887,0.986888,0.980792,0.992841,0.975511,0.995042,0.001583,24,0.001591,24,0.5625,24,88.5,24,,0,0.105356,24
4,9,24,False,native,24,0.974415,0.972367,0.978487,0.00612,0.974165,0.962684,0.985621,0.952908,0.989538,24,0.987042,0.98599,0.989126,0.003136,0.986892,0.980987,0.992758,0.975886,0.994742,0.001598,24,0.001534,24,0.583984,24,93.0,24,,0,0.105299,24
4,10,24,False,native,24,0.974416,0.972404,0.978413,0.006009,0.973776,0.958655,0.985591,0.953195,0.989538,24,0.987042,0.986009,0.989089,0.00308,0.986691,0.978891,0.992743,0.976037,0.994742,0.001549,24,0.001572,24,0.564453,24,88.0,24,0.999849,24,0.105248,24
4,11,24,False,native,24,0.974928,0.971783,0.979038,0.007255,0.973685,0.957676,0.985814,0.950476,0.988795,24,0.987305,0.98569,0.989408,0.003718,0.986641,0.97838,0.992856,0.974609,0.994366,0.001572,24,0.001476,24,0.552734,24,89.0,24,,0,0.105227,24
4,12,24,False,native,24,0.975074,0.972258,0.978744,0.006486,0.973956,0.956727,0.987266,0.951191,0.989538,24,0.98738,0.985934,0.989258,0.003324,0.986779,0.977885,0.993592,0.974985,0.994742,0.001556,24,0.001534,24,0.556641,24,80.5,24,,0,0.105203,24
4,13,24,False,native,24,0.975221,0.973244,0.97856,0.005316,0.973963,0.954744,0.986154,0.950048,0.989984,24,0.987455,0.986441,0.989164,0.002723,0.986782,0.976848,0.993029,0.974384,0.994967,0.001564,24,0.001541,24,0.546875,24,90.0,24,,0,0.105176,24
4,14,24,False,native,24,0.973903,0.97255,0.981174,0.008624,0.973978,0.95595,0.986095,0.950333,0.989092,24,0.986779,0.986084,0.990497,0.004413,0.986788,0.977479,0.992999,0.974534,0.994516,0.001526,24,0.001457,24,0.576172,24,94.0,24,,0,0.105135,24
4,15,24,False,native,24,0.975074,0.97171,0.9804,0.00869,0.973971,0.955189,0.986821,0.950762,0.988498,24,0.98738,0.985652,0.990103,0.004451,0.986785,0.977081,0.993367,0.97476,0.994216,0.001545,24,0.001534,24,0.537109,24,91.5,24,,0,0.105101,24
4,16,24,False,native,24,0.975661,0.97266,0.979369,0.00671,0.973975,0.954903,0.986732,0.95019,0.987904,24,0.98768,0.98614,0.989577,0.003437,0.986788,0.976931,0.993322,0.974459,0.993915,0.001553,24,0.001442,24,0.529297,24,91.5,24,,0,0.105094,24
4,17,24,False,native,24,0.975734,0.973683,0.978928,0.005245,0.973878,0.952422,0.986569,0.950333,0.988201,24,0.987718,0.986666,0.989352,0.002686,0.986735,0.975631,0.993239,0.974534,0.994066,0.001648,24,0.00153,24,0.535156,24,93.5,24,,0,0.10504,24
4,18,24,False,native,24,0.974415,0.972696,0.980695,0.007998,0.97373,0.951706,0.987563,0.950048,0.988201,24,0.987042,0.986159,0.990253,0.004094,0.986657,0.975255,0.993742,0.974384,0.994066,0.001465,24,0.001411,24,0.550781,24,90.5,24,,0,0.104984,24
4,19,24,False,native,24,0.975367,0.973281,0.980068,0.006787,0.973277,0.949877,0.985873,0.94805,0.988795,24,0.98753,0.98646,0.989934,0.003474,0.986422,0.974294,0.992886,0.973332,0.994366,0.001549,24,0.001591,24,0.564453,24,91.0,24,,0,0.104971,24
4,20,24,False,native,24,0.974855,0.972002,0.979884,0.007882,0.9729,0.949805,0.985592,0.948193,0.987904,24,0.987267,0.985802,0.98984,0.004038,0.986228,0.974256,0.992743,0.973407,0.993915,0.00145,24,0.001446,24,0.550781,24,88.0,24,0.999845,24,0.104892,24
4,21,24,False,native,24,0.976688,0.973025,0.978634,0.005609,0.973384,0.950562,0.986318,0.946341,0.989241,24,0.988206,0.986328,0.989201,0.002873,0.986475,0.974654,0.993111,0.972431,0.994591,0.00161,24,0.001671,24,0.521484,24,89.5,24,,0,0.104838,24
4,22,24,False,native,24,0.975001,0.972587,0.979884,0.007298,0.973002,0.949006,0.986288,0.947338,0.988201,24,0.987342,0.986103,0.98984,0.003737,0.986278,0.973836,0.993096,0.972957,0.994066,0.001614,24,0.001461,24,0.556641,24,85.5,24,,0,0.104809,24
4,23,24,False,native,24,0.975734,0.97255,0.980363,0.007813,0.973311,0.950005,0.985991,0.946626,0.988795,24,0.987718,0.986084,0.990084,0.004,0.986438,0.974361,0.992946,0.972581,0.994366,0.001522,24,0.001526,24,0.548828,24,87.0,24,,0,0.104743,24
4,24,24,False,native,24,0.974855,0.971528,0.978781,0.007253,0.972738,0.950391,0.985828,0.947765,0.985976,24,0.987267,0.985558,0.989277,0.003718,0.986147,0.974564,0.992864,0.973182,0.992939,0.001492,24,0.001614,24,0.556641,24,84.0,24,,0,0.104662,24
4,25,24,False,native,24,0.975074,0.972806,0.979884,0.007079,0.97334,0.951062,0.986288,0.948906,0.98835,24,0.98738,0.986215,0.98984,0.003625,0.986456,0.974917,0.993096,0.973783,0.994141,0.001488,24,0.001522,24,0.546875,24,98.5,24,,0,0.104614,24
4,26,24,False,native,24,0.97566,0.97255,0.979664,0.007114,0.97345,0.950005,0.986999,0.94862,0.988944,24,0.98768,0.986084,0.989727,0.003643,0.98651,0.974361,0.993457,0.973633,0.994441,0.001614,24,0.001648,24,0.529297,24,91.5,24,,0,0.104542,24
4,27,24,False,native,24,0.97588,0.973354,0.978266,0.004912,0.973413,0.951363,0.986851,0.948193,0.987607,24,0.987793,0.986497,0.989014,0.002517,0.986494,0.975075,0.993382,0.973407,0.993765,0.001572,24,0.001457,24,0.541016,24,91.5,24,,0,0.104483,24
4,28,24,False,native,24,0.975221,0.972696,0.97959,0.006894,0.973447,0.949662,0.986895,0.94691,0.989984,24,0.987455,0.986159,0.98969,0.003531,0.986507,0.974181,0.993404,0.972731,0.994967,0.001503,24,0.001572,24,0.542969,24,86.5,24,,0,0.104417,24
4,29,24,False,native,24,0.976174,0.97372,0.979921,0.006201,0.973629,0.950048,0.985873,0.948906,0.987904,24,0.987943,0.986685,0.989859,0.003174,0.986604,0.974384,0.992886,0.973783,0.993915,0.001614,24,0.00145,24,0.546875,24,92.0,24,,0,0.104337,24
4,30,24,False,native,24,0.977128,0.9735,0.978854,0.005354,0.97377,0.950562,0.98571,0.948478,0.988944,24,0.988431,0.986572,0.989314,0.002742,0.986676,0.974654,0.992803,0.973558,0.994441,0.001575,24,0.001656,24,0.527344,24,94.5,24,0.999828,24,0.104257,24
4,31,24,False,native,24,0.97566,0.972587,0.979222,0.006636,0.973401,0.950734,0.985429,0.948906,0.988201,24,0.98768,0.986103,0.989502,0.003399,0.986488,0.974745,0.992661,0.973783,0.994066,0.001591,24,0.001614,24,0.542969,24,89.5,24,,0,0.104154,24
4,32,24,False,native,24,0.976614,0.971345,0.978818,0.007472,0.973082,0.949577,0.985739,0.945061,0.98835,24,0.988169,0.985464,0.989295,0.003831,0.986319,0.974136,0.992819,0.971755,0.994141,0.001644,24,0.00169,24,0.521484,24,93.0,24,,0,0.104069,24
4,33,24,False,native,24,0.976687,0.972258,0.979553,0.007295,0.973305,0.94942,0.985073,0.947623,0.988647,24,0.988206,0.985934,0.989671,0.003737,0.986435,0.974053,0.99248,0.973107,0.994291,0.001541,24,0.001541,24,0.523438,24,94.0,24,,0,0.103975,24
4,34,24,False,native,24,0.976541,0.972513,0.97959,0.007077,0.973331,0.948621,0.984703,0.947195,0.988647,24,0.988131,0.986065,0.98969,0.003625,0.986447,0.973633,0.992293,0.972882,0.994291,0.001667,24,0.001606,24,0.53125,24,102.0,24,,0,0.103851,24
4,35,24,False,native,24,0.976541,0.972806,0.978597,0.005791,0.973048,0.947409,0.98651,0.944919,0.988647,24,0.988131,0.986215,0.989183,0.002967,0.986297,0.972994,0.993209,0.97168,0.994291,0.001705,24,0.001591,24,0.53125,24,93.0,24,,0,0.103741,24
4,36,24,False,native,24,0.976834,0.972952,0.979222,0.00627,0.973081,0.946469,0.98577,0.944209,0.987904,24,0.988281,0.986291,0.989502,0.003211,0.986312,0.972498,0.992834,0.971304,0.993915,0.00172,24,0.001656,24,0.529297,24,89.5,24,,0,0.103597,24
4,37,24,False,native,24,0.975734,0.972587,0.978597,0.00601,0.972441,0.945573,0.986569,0.94194,0.988053,24,0.987718,0.986103,0.989183,0.00308,0.985981,0.972025,0.993239,0.970102,0.99399,0.001774,24,0.001717,24,0.541016,24,96.0,24,,0,0.103516,24
4,38,24,False,native,24,0.976761,0.973429,0.97845,0.005021,0.972563,0.945815,0.985147,0.9435,0.987311,24,0.988244,0.986535,0.989108,0.002573,0.986046,0.972153,0.992518,0.970928,0.993615,0.001766,24,0.001797,24,0.519531,24,97.0,24,,0,0.103363,24
4,39,24,False,native,24,0.975734,0.973171,0.978744,0.005573,0.972372,0.944408,0.984008,0.943925,0.988944,24,0.987718,0.986403,0.989258,0.002855,0.985946,0.971409,0.99194,0.971154,0.994441,0.001625,24,0.001579,24,0.537109,24,98.0,24,,0,0.10328,24
4,40,24,False,native,24,0.975734,0.97361,0.978744,0.005134,0.972257,0.944678,0.984186,0.942365,0.986421,24,0.987718,0.986629,0.989258,0.002629,0.985887,0.971552,0.99203,0.970328,0.993164,0.001534,24,0.001717,24,0.535156,24,92.0,24,0.999821,24,0.103134,24
4,41,24,False,native,24,0.975954,0.971272,0.979001,0.007729,0.971715,0.944139,0.984718,0.941232,0.987162,24,0.987831,0.985427,0.989389,0.003963,0.985605,0.971267,0.9923,0.969727,0.99354,0.00156,24,0.001637,24,0.53125,24,96.5,24,,0,0.102989,24
4,42,24,False,native,24,0.975221,0.972185,0.978892,0.006707,0.971464,0.942847,0.983003,0.941515,0.986125,24,0.987455,0.985896,0.989333,0.003437,0.985477,0.970583,0.991429,0.969877,0.993014,0.001553,24,0.00164,24,0.5625,24,89.5,24,,0,0.102843,24
4,43,24,False,native,24,0.975147,0.970798,0.979921,0.009123,0.97121,0.943996,0.983018,0.938264,0.986717,24,0.987417,0.985183,0.989859,0.004676,0.985342,0.971191,0.991436,0.968149,0.993314,0.001602,24,0.001534,24,0.544922,24,102.5,24,,0,0.102767,24
4,44,24,False,native,24,0.974415,0.97171,0.980327,0.008617,0.970845,0.942196,0.983786,0.932636,0.986569,24,0.987042,0.985652,0.990065,0.004413,0.985145,0.970237,0.991827,0.965144,0.993239,0.001583,24,0.00164,24,0.554688,24,92.0,24,,0,0.102622,24
4,45,24,False,native,24,0.973318,0.970178,0.9804,0.010222,0.969919,0.943117,0.98352,0.928996,0.98494,24,0.986478,0.984863,0.990103,0.00524,0.984663,0.970726,0.991692,0.963191,0.992413,0.001671,24,0.00161,24,0.568359,24,103.0,24,,0,0.102444,24
4,46,24,False,native,24,0.974415,0.969595,0.980768,0.011173,0.969326,0.938688,0.983195,0.927599,0.987162,24,0.987042,0.984563,0.990291,0.005728,0.984347,0.968374,0.991526,0.96244,0.99354,0.001644,24,0.001625,24,0.560547,24,93.0,24,,0,0.102411,24
4,47,24,False,native,24,0.97383,0.971783,0.980105,0.008322,0.968667,0.932819,0.983447,0.923699,0.9842,24,0.986741,0.98569,0.989953,0.004263,0.983993,0.965242,0.991654,0.960337,0.992037,0.001629,24,0.001595,24,0.568359,24,102.5,24,,0,0.102325,24
4,48,24,False,native,24,0.973318,0.969595,0.978671,0.009075,0.967523,0.9264,0.983343,0.923421,0.985236,24,0.986478,0.984563,0.98922,0.004657,0.983392,0.961794,0.991602,0.960186,0.992563,0.001648,24,0.001614,24,0.589844,24,108.5,24,,0,0.102308,24
4,49,24,False,native,24,0.973976,0.969449,0.979884,0.010435,0.967976,0.931249,0.981336,0.925926,0.984348,24,0.986816,0.984488,0.98984,0.005352,0.983639,0.964401,0.99058,0.961538,0.992112,0.001595,24,0.001667,24,0.574219,24,102.0,24,,0,0.102234,24
5,0,24,False,native,24,0.97098,0.964545,0.973647,0.009102,0.96938,0.962525,0.975866,0.955203,0.97654,24,0.985276,0.981952,0.986647,0.004695,0.984444,0.980904,0.987785,0.977088,0.988131,0.001999,24,0.002029,24,0.623047,24,100.5,24,0.999687,24,0.106006,24
5,1,24,False,native,24,0.973025,0.963205,0.974195,0.010991,0.96934,0.959866,0.975939,0.949476,0.984644,24,0.986328,0.981258,0.986929,0.005672,0.984413,0.979522,0.987823,0.974084,0.992263,0.0019,24,0.001923,24,0.613281,24,90.0,24,,0,0.105493,24
5,2,24,False,native,24,0.969231,0.966467,0.975147,0.00868,0.97041,0.961411,0.978657,0.956496,0.985384,24,0.984375,0.982948,0.987417,0.00447,0.98497,0.980326,0.989213,0.977764,0.992638,0.001732,24,0.001755,24,0.636719,24,92.0,24,,0,0.105777,24
5,3,24,False,native,24,0.96894,0.966722,0.97555,0.008829,0.970086,0.961282,0.977172,0.957359,0.984348,24,0.984225,0.983079,0.987624,0.004545,0.984804,0.980258,0.988454,0.978215,0.992112,0.001694,24,0.001762,24,0.644531,24,96.5,24,,0,0.105123,24
5,4,24,False,native,24,0.969085,0.964146,0.974049,0.009903,0.969135,0.962264,0.977466,0.955778,0.98568,24,0.9843,0.981746,0.986854,0.005108,0.984312,0.980769,0.988604,0.977389,0.992788,0.001713,24,0.001724,24,0.644531,24,89.0,24,,0,0.10491,24
5,5,24,False,native,24,0.967121,0.963711,0.971966,0.008254,0.968515,0.960906,0.975792,0.957647,0.986569,24,0.983286,0.98152,0.985784,0.004263,0.983993,0.980063,0.987748,0.978365,0.993239,0.001648,24,0.001633,24,0.681641,24,93.5,24,,0,0.10453,24
5,6,24,False,native,24,0.966395,0.964653,0.974013,0.009359,0.969304,0.963856,0.978421,0.956209,0.984644,24,0.98291,0.982009,0.986835,0.004826,0.9844,0.981596,0.989093,0.977614,0.992263,0.001579,24,0.001602,24,0.662109,24,90.0,24,,0,0.104298,24
5,7,24,False,native,24,0.96683,0.96382,0.973025,0.009205,0.96887,0.961845,0.976056,0.960097,0.984348,24,0.983136,0.981577,0.986328,0.004751,0.984178,0.980551,0.987883,0.979642,0.992112,0.001637,24,0.001701,24,0.640625,24,89.5,24,,0,0.10411,24
5,8,24,False,native,24,0.96683,0.963494,0.971418,0.007924,0.968481,0.961079,0.977101,0.958511,0.987756,24,0.983136,0.981408,0.985502,0.004094,0.983974,0.980153,0.988416,0.978816,0.99384,0.001652,24,0.001694,24,0.667969,24,91.5,24,,0,0.103939,24
5,9,24,False,native,24,0.966758,0.962264,0.973354,0.01109,0.96867,0.961151,0.97654,0.95952,0.98568,24,0.983098,0.980769,0.986497,0.005728,0.984071,0.980191,0.988131,0.979342,0.992788,0.001614,24,0.00172,24,0.669922,24,94.0,24,,0,0.103768,24
5,10,24,False,native,24,0.966324,0.962156,0.972806,0.01065,0.968155,0.960718,0.97632,0.958943,0.985532,24,0.982873,0.980713,0.986215,0.005503,0.983805,0.979965,0.988018,0.979041,0.992713,0.001659,24,0.001694,24,0.683594,24,85.5,24,0.999645,24,0.103614,24
5,11,24,False,native,24,0.967414,0.96165,0.972989,0.011339,0.968391,0.960574,0.977098,0.959232,0.984348,24,0.983436,0.98045,0.986309,0.005859,0.983927,0.97989,0.988416,0.979192,0.992112,0.001644,24,0.001656,24,0.673828,24,95.5,24,,0,0.103448,24
5,12,24,False,native,24,0.967051,0.962626,0.973099,0.010473,0.968694,0.961238,0.976863,0.95952,0.986717,24,0.983248,0.980957,0.986366,0.005409,0.984084,0.980236,0.988296,0.979342,0.993314,0.001602,24,0.001656,24,0.685547,24,90.0,24,,0,0.103273,24
5,13,24,False,native,24,0.967486,0.96165,0.971857,0.010207,0.967973,0.960126,0.977436,0.957215,0.9842,24,0.983474,0.98045,0.985727,0.005277,0.983711,0.979657,0.988589,0.97814,0.992037,0.001945,24,0.001637,24,0.667969,24,91.5,24,,0,0.103109,24
5,14,24,False,native,24,0.968139,0.962373,0.971126,0.008753,0.968069,0.959563,0.977098,0.957503,0.985088,24,0.983812,0.980826,0.985352,0.004526,0.983762,0.979364,0.988416,0.97829,0.992488,0.001823,24,0.001762,24,0.662109,24,85.5,24,,0,0.10298,24
5,15,24,False,native,24,0.967921,0.960963,0.971491,0.010528,0.967507,0.959016,0.977289,0.956928,0.984496,24,0.983699,0.980093,0.985539,0.005446,0.98347,0.979079,0.988514,0.97799,0.992188,0.001755,24,0.0019,24,0.664062,24,87.0,24,,0,0.102823,24
5,16,24,False,native,24,0.96843,0.961217,0.971856,0.01064,0.967844,0.958742,0.977157,0.955778,0.986125,24,0.983962,0.980225,0.985727,0.005503,0.983643,0.978936,0.988447,0.977389,0.993014,0.001953,24,0.001961,24,0.667969,24,86.5,24,,0,0.102673,24
5,17,24,False,native,24,0.967122,0.960494,0.972806,0.012312,0.967336,0.957331,0.979377,0.951763,0.986717,24,0.983286,0.979849,0.986215,0.006366,0.983377,0.9782,0.989581,0.975285,0.993314,0.001938,24,0.001968,24,0.693359,24,94.0,24,,0,0.102537,24
5,18,24,False,native,24,0.968648,0.961758,0.973391,0.011632,0.968364,0.956396,0.980393,0.953482,0.987311,24,0.984075,0.980506,0.986516,0.00601,0.983905,0.977712,0.990099,0.976187,0.993615,0.001923,24,0.00193,24,0.667969,24,89.0,24,,0,0.102386,24
5,19,24,False,native,24,0.967049,0.96035,0.971601,0.01125,0.966957,0.955677,0.979716,0.952192,0.985828,24,0.983248,0.979774,0.985596,0.005822,0.983179,0.977336,0.989754,0.975511,0.992864,0.001938,24,0.001968,24,0.675781,24,89.0,24,,0,0.102222,24
5,20,24,False,native,24,0.966105,0.96017,0.972806,0.012636,0.966699,0.953038,0.979789,0.951191,0.986273,24,0.98276,0.97968,0.986215,0.006535,0.983042,0.975954,0.989791,0.974985,0.993089,0.00193,24,0.001915,24,0.691406,24,99.0,24,0.999546,24,0.102097,24
5,21,24,False,native,24,0.964944,0.960891,0.97361,0.012719,0.96677,0.954141,0.980276,0.948763,0.987311,24,0.982159,0.980056,0.986629,0.006573,0.983076,0.976532,0.990039,0.973708,0.993615,0.00185,24,0.001923,24,0.691406,24,98.0,24,,0,0.101939,24
5,22,24,False,native,24,0.964581,0.960675,0.97244,0.011765,0.966373,0.955835,0.979789,0.947623,0.987607,24,0.981971,0.979943,0.986028,0.006085,0.982873,0.977419,0.989791,0.973107,0.993765,0.00193,24,0.00193,24,0.675781,24,90.5,24,,0,0.101812,24
5,23,24,False,native,24,0.966177,0.962266,0.972149,0.009884,0.966595,0.953381,0.978421,0.944919,0.986866,24,0.982797,0.980769,0.985877,0.005108,0.982985,0.976134,0.989093,0.97168,0.993389,0.001873,24,0.001907,24,0.691406,24,96.0,24,,0,0.101666,24
5,24,24,False,native,24,0.965596,0.961397,0.972477,0.01108,0.966664,0.953425,0.981262,0.945914,0.987311,24,0.982497,0.980319,0.986046,0.005728,0.98302,0.976157,0.990542,0.972206,0.993615,0.001907,24,0.001896,24,0.683594,24,90.0,24,,0,0.101496,24
5,25,24,False,native,24,0.965669,0.960494,0.972222,0.011728,0.966225,0.949466,0.979921,0.945914,0.986866,24,0.982535,0.979849,0.985915,0.006066,0.982791,0.974076,0.989859,0.972206,0.993389,0.001896,24,0.001915,24,0.679688,24,87.5,24,,0,0.101366,24
5,26,24,False,native,24,0.965669,0.959953,0.972002,0.012049,0.965582,0.948907,0.979494,0.944635,0.98494,24,0.982535,0.979567,0.985802,0.006235,0.982459,0.973783,0.989641,0.971529,0.992413,0.001663,24,0.001881,24,0.685547,24,95.0,24,,0,0.101278,24
5,27,24,False,native,24,0.964582,0.959232,0.971091,0.011859,0.964471,0.944763,0.979583,0.943925,0.986125,24,0.981971,0.979192,0.985333,0.006141,0.981877,0.971597,0.989686,0.971154,0.993014,0.001755,24,0.001904,24,0.691406,24,95.5,24,,0,0.101115,24
5,28,24,False,native,24,0.964364,0.960278,0.970944,0.010666,0.96399,0.942124,0.979495,0.940808,0.986125,24,0.981858,0.979736,0.985258,0.005521,0.981624,0.9702,0.989641,0.969501,0.993014,0.001846,24,0.001904,24,0.701172,24,91.0,24,,0,0.101009,24
5,29,24,False,native,24,0.963639,0.960098,0.971454,0.011357,0.963872,0.942564,0.97973,0.939111,0.986717,24,0.981483,0.979642,0.985521,0.005878,0.981561,0.970433,0.989761,0.9686,0.993314,0.001865,24,0.001945,24,0.714844,24,94.5,24,,0,0.100906,24
5,30,24,False,native,24,0.963277,0.958187,0.970361,0.012174,0.962929,0.941659,0.980142,0.93615,0.985236,24,0.981295,0.978647,0.984957,0.00631,0.98107,0.969952,0.989971,0.967022,0.992563,0.001865,24,0.001869,24,0.710938,24,92.5,24,0.99945,24,0.100773,24
5,31,24,False,native,24,0.962915,0.958691,0.971638,0.012946,0.963037,0.941657,0.980054,0.932075,0.985088,24,0.981107,0.97891,0.985614,0.006704,0.98112,0.969952,0.989926,0.964844,0.992488,0.001938,24,0.001785,24,0.722656,24,93.0,24,,0,0.100646,24
5,32,24,False,native,24,0.962336,0.959052,0.973208,0.014156,0.963308,0.942167,0.980717,0.933338,0.987014,24,0.980807,0.979098,0.986422,0.007324,0.981261,0.970222,0.990264,0.96552,0.993465,0.002045,24,0.001953,24,0.720703,24,91.0,24,,0,0.100557,24
5,33,24,False,native,24,0.963494,0.958475,0.971783,0.013308,0.962952,0.942125,0.981144,0.929275,0.988647,24,0.981408,0.978797,0.98569,0.006892,0.981067,0.9702,0.990482,0.963341,0.994291,0.001858,24,0.001961,24,0.714844,24,90.0,24,,0,0.10043,24
5,34,24,False,native,24,0.962192,0.957863,0.970653,0.01279,0.962456,0.942351,0.98256,0.924951,0.987607,24,0.980732,0.978478,0.985107,0.006629,0.980807,0.97032,0.991203,0.961013,0.993765,0.001953,24,0.001888,24,0.736328,24,92.0,24,,0,0.100353,24
5,35,24,False,native,24,0.962481,0.958907,0.970251,0.011344,0.962094,0.942876,0.981262,0.925508,0.986421,24,0.980882,0.979023,0.984901,0.005878,0.980619,0.970598,0.990542,0.961313,0.993164,0.002007,24,0.001873,24,0.716797,24,90.0,24,,0,0.100273,24
5,36,24,False,native,24,0.96053,0.958079,0.971347,0.013268,0.961914,0.943727,0.981218,0.925787,0.986125,24,0.979868,0.978591,0.985464,0.006873,0.980525,0.971049,0.99052,0.961463,0.993014,0.002007,24,0.001804,24,0.720703,24,91.0,24,,0,0.100182,24
5,37,24,False,native,24,0.961108,0.956425,0.970215,0.01379,0.961395,0.944195,0.98051,0.923977,0.986569,24,0.980168,0.977727,0.984882,0.007155,0.980253,0.971297,0.990159,0.960487,0.993239,0.001938,24,0.001774,24,0.732422,24,89.5,24,,0,0.100056,24
5,38,24,False,native,24,0.961758,0.956388,0.971493,0.015104,0.961579,0.945005,0.982044,0.916775,0.988053,24,0.980506,0.977708,0.985539,0.007831,0.980337,0.971725,0.990941,0.956581,0.99399,0.001945,24,0.001968,24,0.744141,24,85.0,24,,0,0.099996,24
5,39,24,False,native,24,0.962192,0.955167,0.970689,0.015522,0.961325,0.944409,0.980511,0.916775,0.987311,24,0.980732,0.97707,0.985126,0.008057,0.980203,0.971409,0.990159,0.956581,0.993615,0.001938,24,0.002014,24,0.746094,24,95.0,24,,0,0.099919,24
5,40,24,False,native,24,0.961686,0.955383,0.97299,0.017608,0.960742,0.942564,0.981174,0.915258,0.985976,24,0.980469,0.977182,0.986309,0.009127,0.979896,0.970433,0.990497,0.955754,0.992939,0.001999,24,0.001923,24,0.740234,24,89.0,24,0.999378,24,0.099818,24
5,41,24,False,native,24,0.959304,0.955709,0.970765,0.015056,0.960169,0.943528,0.980039,0.914156,0.986273,24,0.979229,0.977351,0.985164,0.007813,0.979599,0.970944,0.989919,0.955153,0.993089,0.001984,24,0.001846,24,0.757812,24,94.5,24,,0,0.099757,24
5,42,24,False,native,24,0.95952,0.951906,0.972294,0.020388,0.959831,0.943457,0.980569,0.91182,0.986717,24,0.979342,0.975361,0.985953,0.010592,0.979417,0.970906,0.990189,0.953876,0.993314,0.001953,24,0.001984,24,0.751953,24,96.0,24,,0,0.099711,24
5,43,24,False,native,24,0.959448,0.952837,0.971309,0.018472,0.959052,0.941346,0.97948,0.906344,0.986421,24,0.979304,0.975849,0.985445,0.009597,0.979001,0.969787,0.989633,0.950871,0.993164,0.001926,24,0.001984,24,0.722656,24,94.0,24,,0,0.099619,24
5,44,24,False,native,24,0.959304,0.952873,0.96934,0.016468,0.95815,0.939762,0.979362,0.90812,0.986866,24,0.979229,0.975868,0.984431,0.008564,0.978534,0.968945,0.989573,0.951848,0.993389,0.002022,24,0.001923,24,0.744141,24,94.0,24,,0,0.099532,24
5,45,24,False,native,24,0.956784,0.951692,0.969231,0.01754,0.957914,0.938886,0.981707,0.912232,0.987756,24,0.977915,0.975248,0.984375,0.009127,0.978415,0.96848,0.990768,0.954102,0.99384,0.001915,24,0.001892,24,0.783203,24,93.5,24,,0,0.099471,24
5,46,24,False,native,24,0.955778,0.95205,0.968175,0.016126,0.956707,0.934772,0.980452,0.916361,0.986273,24,0.977389,0.975436,0.98383,0.008395,0.977789,0.966286,0.990129,0.956355,0.993089,0.001938,24,0.001862,24,0.783203,24,96.0,24,,0,0.099397,24
5,47,24,False,native,24,0.955347,0.951442,0.968648,0.017206,0.957286,0.934098,0.981867,0.924534,0.986273,24,0.977163,0.975116,0.984075,0.008958,0.978102,0.965925,0.99085,0.960787,0.993089,0.001846,24,0.001846,24,0.798828,24,90.0,24,,0,0.09927,24
5,48,24,False,native,24,0.953267,0.949838,0.964835,0.014997,0.956004,0.931908,0.978612,0.928716,0.986717,24,0.976074,0.974271,0.982103,0.007831,0.977439,0.964754,0.98919,0.963041,0.993314,0.001823,24,0.001896,24,0.792969,24,85.0,24,,0,0.09917,24
5,49,24,False,native,24,0.954055,0.943723,0.964798,0.021075,0.954119,0.932174,0.979157,0.924395,0.984792,24,0.976487,0.971041,0.982084,0.011043,0.976444,0.964896,0.989468,0.960712,0.992338,0.001869,24,0.001793,24,0.787109,24,98.5,24,,0,0.099184,24
6,0,24,False,native,24,0.964943,0.961398,0.969996,0.008598,0.964577,0.954802,0.977436,0.936291,0.983166,24,0.982159,0.980319,0.984769,0.004451,0.981937,0.976878,0.988589,0.967097,0.991511,0.0,24,0.0,24,0.6875,24,144.0,24,0.999747,24,0.109792,24
6,1,24,False,native,24,0.969595,0.962409,0.975697,0.013288,0.96765,0.958482,0.979538,0.934603,0.986569,24,0.984563,0.980844,0.987699,0.006855,0.983521,0.978801,0.989663,0.966196,0.993239,0.000614,24,0.001152,24,0.636719,24,126.5,24,,0,0.110105,24
6,2,24,False,native,24,0.971346,0.965959,0.975954,0.009995,0.969901,0.961094,0.98054,0.937418,0.988498,24,0.985464,0.982685,0.987831,0.005146,0.984688,0.980161,0.990174,0.967698,0.994216,0.001324,24,0.001129,24,0.611328,24,121.0,24,,0,0.109942,24
6,3,24,False,native,24,0.971856,0.965705,0.978634,0.012929,0.96977,0.958166,0.980083,0.941515,0.982575,24,0.985727,0.982553,0.989201,0.006648,0.984622,0.978636,0.989941,0.969877,0.991211,0.00116,24,0.001076,24,0.603516,24,124.5,24,,0,0.110043,24
6,4,24,False,native,24,0.972221,0.968394,0.97856,0.010166,0.970201,0.954257,0.980658,0.94279,0.983018,24,0.985915,0.983943,0.989164,0.005221,0.984845,0.976593,0.990234,0.970553,0.991436,0.000786,24,0.0,24,0.59375,24,129.0,24,,0,0.110095,24
6,5,24,False,native,24,0.973464,0.966577,0.978487,0.01191,0.970357,0.956151,0.980525,0.941515,0.981395,24,0.986553,0.983004,0.989126,0.006122,0.984923,0.977584,0.990167,0.969877,0.99061,0.001122,24,0.001194,24,0.572266,24,121.0,24,,0,0.110084,24
6,6,24,False,native,24,0.974195,0.968832,0.978413,0.009581,0.970716,0.95374,0.980805,0.940383,0.984348,24,0.986929,0.984168,0.989089,0.00492,0.985104,0.976322,0.990309,0.969276,0.992112,0.001167,24,0.0,24,0.566406,24,130.5,24,,0,0.110196,24
6,7,24,False,native,24,0.974928,0.967739,0.979369,0.01163,0.970978,0.952165,0.981498,0.938547,0.98228,24,0.987305,0.983605,0.989577,0.005972,0.985239,0.975496,0.990663,0.968299,0.991061,0.001064,24,0.000858,24,0.558594,24,127.0,24,,0,0.110264,24
6,8,24,False,native,24,0.975001,0.971164,0.979296,0.008132,0.971449,0.951706,0.981822,0.943358,0.983313,24,0.987342,0.98537,0.98954,0.004169,0.985483,0.975255,0.990828,0.970853,0.991587,0.0,24,0.0,24,0.564453,24,132.5,24,,0,0.110279,24
6,9,24,False,native,24,0.975148,0.969304,0.97867,0.009367,0.970865,0.951907,0.98082,0.940242,0.982427,24,0.987417,0.984413,0.98922,0.004808,0.985183,0.975361,0.990317,0.969201,0.991136,0.0,24,0.001007,24,0.558594,24,125.5,24,,0,0.110343,24
6,10,24,False,native,24,0.974488,0.967994,0.9797,0.011707,0.971154,0.951348,0.981749,0.940666,0.983905,24,0.987079,0.983736,0.989746,0.00601,0.985327,0.975068,0.99079,0.969426,0.991887,0.000549,24,0.000441,24,0.550781,24,127.5,24,0.999877,24,0.110353,24
6,11,24,False,native,24,0.974342,0.969631,0.978744,0.009113,0.971731,0.952194,0.982147,0.946626,0.983757,24,0.987004,0.984582,0.989258,0.004676,0.985633,0.975511,0.990993,0.972581,0.991812,0.000448,24,0.000238,24,0.580078,24,127.5,24,,0,0.110382,24
6,12,24,False,native,24,0.97632,0.969959,0.978266,0.008307,0.971811,0.950463,0.981601,0.944635,0.984348,24,0.988018,0.984751,0.989014,0.004263,0.985671,0.974602,0.990715,0.971529,0.992112,0.0005,24,0.0,24,0.550781,24,133.0,24,,0,0.110384,24
6,13,24,False,native,24,0.975954,0.971856,0.979664,0.007807,0.972336,0.949849,0.982295,0.946199,0.983461,24,0.987831,0.985727,0.989727,0.004,0.98594,0.974279,0.991068,0.972356,0.991662,0.0,24,0.0,24,0.541016,24,129.5,24,,0,0.110387,24
6,14,24,False,native,24,0.975147,0.972039,0.979516,0.007478,0.972482,0.95012,0.98023,0.948906,0.985236,24,0.987417,0.985821,0.989652,0.003831,0.986018,0.974422,0.990017,0.973783,0.992563,0.0005,24,0.0,24,0.564453,24,130.5,24,,0,0.110398,24
6,15,24,False,native,24,0.976761,0.972587,0.980584,0.007997,0.972795,0.949408,0.981557,0.945914,0.985236,24,0.988244,0.986103,0.990197,0.004094,0.986175,0.974046,0.990693,0.972206,0.992563,0.0,24,0.000422,24,0.509766,24,127.5,24,,0,0.110401,24
6,16,24,False,native,24,0.976907,0.972258,0.979443,0.007184,0.972844,0.952278,0.981837,0.946483,0.984792,24,0.988319,0.985934,0.989615,0.003681,0.986203,0.975556,0.990835,0.972506,0.992338,0.000467,24,0.0,24,0.525391,24,131.0,24,,0,0.110419,24
6,17,24,False,native,24,0.977275,0.973098,0.979553,0.006455,0.973248,0.950678,0.982752,0.945488,0.983905,24,0.988507,0.986366,0.989671,0.003305,0.98641,0.974715,0.991301,0.97198,0.991887,0.0,24,0.000496,24,0.513672,24,126.5,24,,0,0.110423,24
6,18,24,False,native,24,0.977128,0.973903,0.981174,0.007271,0.973336,0.949763,0.983373,0.946057,0.984348,24,0.988431,0.986779,0.990497,0.003718,0.986453,0.974234,0.991617,0.972281,0.992112,0.0,24,0.0005,24,0.527344,24,127.5,24,,0,0.110451,24
6,19,24,False,native,24,0.977642,0.974781,0.978928,0.004147,0.973823,0.953295,0.983594,0.946341,0.985088,24,0.988694,0.98723,0.989352,0.002122,0.986707,0.976089,0.991729,0.972431,0.992488,0.0,24,0.000484,24,0.53125,24,126.5,24,,0,0.110467,24
6,20,24,False,native,24,0.977348,0.974343,0.980179,0.005836,0.974022,0.952365,0.984555,0.947053,0.986421,24,0.988544,0.987004,0.98999,0.002986,0.986807,0.975601,0.992218,0.972806,0.993164,0.0,24,0.0,24,0.523438,24,131.5,24,0.999872,24,0.110481,24
6,21,24,False,native,24,0.977054,0.974635,0.980253,0.005618,0.974033,0.955175,0.983639,0.945772,0.984644,24,0.988394,0.987154,0.990028,0.002873,0.986816,0.977073,0.991752,0.97213,0.992263,0.001072,24,0.000912,24,0.527344,24,125.5,24,,0,0.110463,24
6,22,24,False,native,24,0.977128,0.975331,0.97959,0.004259,0.974042,0.955333,0.982147,0.945488,0.986717,24,0.988431,0.987511,0.98969,0.002178,0.98682,0.977156,0.990993,0.97198,0.993314,0.001507,24,0.0,24,0.529297,24,131.5,24,,0,0.110447,24
6,23,24,False,native,24,0.978009,0.975551,0.979259,0.003708,0.974159,0.955031,0.982427,0.944209,0.986273,24,0.988882,0.987624,0.989521,0.001897,0.986879,0.976998,0.991136,0.971304,0.993089,0.0,24,0.000963,24,0.515625,24,126.0,24,,0,0.110457,24
6,24,24,False,native,24,0.978523,0.975514,0.980253,0.004739,0.974582,0.95595,0.983373,0.942365,0.984792,24,0.989145,0.987605,0.990028,0.002423,0.987095,0.977479,0.991617,0.970328,0.992338,0.000994,24,0.00108,24,0.503906,24,125.5,24,,0,0.110459,24
6,25,24,False,native,24,0.977862,0.976064,0.980658,0.004594,0.974967,0.957403,0.983299,0.946199,0.986273,24,0.988807,0.987887,0.990234,0.002348,0.987295,0.978238,0.991579,0.972356,0.993089,0.001682,24,0.000851,24,0.509766,24,126.5,24,,0,0.110434,24
6,26,24,False,native,24,0.978523,0.975844,0.981063,0.005219,0.975061,0.957591,0.983476,0.945346,0.98568,24,0.989145,0.987774,0.990441,0.002667,0.987342,0.978335,0.991669,0.971905,0.992788,0.001854,24,0.000481,24,0.498047,24,128.0,24,,0,0.110441,24
6,27,24,False,native,24,0.978597,0.976174,0.981321,0.005147,0.975266,0.958194,0.982531,0.947053,0.986421,24,0.989183,0.987943,0.990572,0.002629,0.987449,0.978651,0.991188,0.972806,0.993164,0.0,24,0.001865,24,0.501953,24,121.0,24,,0,0.110422,24
6,28,24,False,native,24,0.977789,0.975477,0.979701,0.004223,0.974525,0.955821,0.983373,0.945203,0.985236,24,0.98877,0.987586,0.989746,0.00216,0.987067,0.977411,0.991617,0.97183,0.992563,0.000523,24,0.0,24,0.513672,24,129.5,24,,0,0.110404,24
6,29,24,False,native,24,0.979406,0.976577,0.980989,0.004412,0.975377,0.956669,0.983772,0.946626,0.984792,24,0.989596,0.98815,0.990403,0.002254,0.987505,0.977855,0.991819,0.972581,0.992338,0.001076,24,0.001419,24,0.494141,24,124.5,24,,0,0.110378,24
6,30,24,False,native,24,0.980289,0.977972,0.981985,0.004013,0.976498,0.958641,0.983905,0.949334,0.98568,24,0.990047,0.988863,0.99091,0.002047,0.988081,0.978884,0.991887,0.974008,0.992788,0.00153,24,0.001667,24,0.458984,24,118.0,24,0.999876,24,0.11034,24
6,31,24,False,native,24,0.979112,0.977495,0.981063,0.003568,0.975649,0.958195,0.983565,0.947195,0.985384,24,0.989446,0.988619,0.990441,0.001822,0.987646,0.978651,0.991714,0.972882,0.992638,0.001072,24,0.001907,24,0.494141,24,118.5,24,,0,0.110287,24
6,32,24,False,native,24,0.979038,0.977165,0.980916,0.003751,0.975569,0.959275,0.982354,0.947623,0.987311,24,0.989408,0.98845,0.990366,0.001916,0.987605,0.979214,0.991098,0.973107,0.993615,0.001213,24,0.00161,24,0.488281,24,122.0,24,,0,0.110266,24
6,33,24,False,native,24,0.97845,0.976651,0.980363,0.003712,0.97534,0.960227,0.982265,0.94691,0.985532,24,0.989108,0.988187,0.990084,0.001897,0.987489,0.97971,0.991053,0.972731,0.992713,0.001595,24,0.00164,24,0.5,24,119.0,24,,0,0.110211,24
6,34,24,False,native,24,0.979038,0.977201,0.979848,0.002647,0.975495,0.962018,0.981793,0.945914,0.985088,24,0.989408,0.988469,0.989821,0.001352,0.987571,0.980642,0.990813,0.972206,0.992488,0.0019,24,0.001556,24,0.505859,24,117.0,24,,0,0.110189,24
6,35,24,False,native,24,0.979038,0.976614,0.980068,0.003454,0.9757,0.963321,0.982738,0.948193,0.986273,24,0.989408,0.988169,0.989934,0.001765,0.987677,0.981318,0.991294,0.973407,0.993089,0.001717,24,0.001396,24,0.494141,24,118.5,24,,0,0.110145,24
6,36,24,False,native,24,0.979185,0.977092,0.980952,0.003861,0.975959,0.960849,0.98324,0.949334,0.985976,24,0.989483,0.988413,0.990385,0.001972,0.987809,0.980033,0.991549,0.974008,0.992939,0.001751,24,0.001816,24,0.482422,24,117.5,24,,0,0.110095,24
6,37,24,False,native,24,0.978965,0.975954,0.981468,0.005515,0.975863,0.95801,0.983432,0.951048,0.987904,24,0.98937,0.987831,0.990648,0.002817,0.987759,0.978553,0.991647,0.97491,0.993915,0.001945,24,0.001961,24,0.494141,24,107.5,24,,0,0.110092,24
6,38,24,False,native,24,0.979406,0.976908,0.98051,0.003603,0.975994,0.962366,0.981955,0.947908,0.986125,24,0.989596,0.988319,0.990159,0.00184,0.987827,0.980822,0.990895,0.973257,0.993014,0.0019,24,0.001976,24,0.494141,24,116.0,24,,0,0.110058,24
6,39,24,False,native,24,0.97845,0.975367,0.981542,0.006175,0.975641,0.961108,0.982826,0.95162,0.984792,24,0.989108,0.98753,0.990685,0.003155,0.987649,0.980168,0.991339,0.97521,0.992338,0.001892,24,0.001766,24,0.496094,24,116.5,24,,0,0.110002,24
6,40,24,False,native,24,0.978597,0.977274,0.980916,0.003641,0.97602,0.960776,0.982797,0.951334,0.985532,24,0.989183,0.988507,0.990366,0.001859,0.987843,0.979995,0.991324,0.97506,0.992713,0.001968,24,0.001884,24,0.494141,24,114.0,24,0.999876,24,0.109973,24
6,41,24,False,native,24,0.978597,0.976907,0.981432,0.004524,0.976031,0.961585,0.982398,0.95162,0.986125,24,0.989183,0.988319,0.990629,0.00231,0.987849,0.980416,0.991121,0.97521,0.993014,0.001839,24,0.001938,24,0.490234,24,114.5,24,,0,0.109931,24
6,42,24,False,native,24,0.97867,0.977825,0.980695,0.002869,0.975792,0.960285,0.983225,0.950619,0.984052,24,0.98922,0.988788,0.990253,0.001465,0.987724,0.97974,0.991541,0.974684,0.991962,0.001762,24,0.001724,24,0.494141,24,120.5,24,,0,0.109861,24
6,43,24,False,native,24,0.979995,0.977642,0.9811,0.003458,0.976293,0.962612,0.982132,0.948193,0.984644,24,0.989896,0.988694,0.99046,0.001765,0.987981,0.98095,0.990986,0.973407,0.992263,0.001984,24,0.001835,24,0.472656,24,117.0,24,,0,0.109808,24
6,44,24,False,native,24,0.978744,0.976908,0.982428,0.00552,0.976279,0.96225,0.984304,0.949191,0.98494,24,0.989258,0.988319,0.991136,0.002817,0.987971,0.980762,0.99209,0.973933,0.992413,0.001915,24,0.0019,24,0.507812,24,116.0,24,,0,0.109746,24
6,45,24,False,native,24,0.979848,0.977385,0.9811,0.003715,0.976312,0.96231,0.98324,0.945914,0.986569,24,0.989821,0.988563,0.99046,0.001897,0.987987,0.980792,0.991549,0.972206,0.993239,0.001865,24,0.001854,24,0.472656,24,117.5,24,,0,0.109678,24
6,46,24,False,native,24,0.97948,0.975697,0.981874,0.006177,0.976003,0.96441,0.984496,0.943074,0.986273,24,0.989633,0.987699,0.990854,0.003155,0.987824,0.981881,0.992188,0.970703,0.993089,0.001842,24,0.001865,24,0.480469,24,117.0,24,,0,0.109546,24
6,47,24,False,native,24,0.979921,0.976174,0.981985,0.005811,0.975827,0.963914,0.983432,0.940525,0.985384,24,0.989859,0.987943,0.99091,0.002967,0.98773,0.981626,0.991647,0.969351,0.992638,0.001804,24,0.001965,24,0.458984,24,111.0,24,,0,0.109378,24
6,48,24,False,native,24,0.9797,0.9761,0.983609,0.007509,0.976019,0.967775,0.985014,0.936713,0.985828,24,0.989746,0.987906,0.991737,0.003831,0.987821,0.983624,0.99245,0.967323,0.992864,0.001789,24,0.001781,24,0.484375,24,109.5,24,,0,0.109139,24
6,49,24,False,native,24,0.979553,0.975587,0.982907,0.00732,0.976747,0.968054,0.984718,0.944351,0.987459,24,0.989671,0.987643,0.99138,0.003737,0.988206,0.983767,0.9923,0.971379,0.99369,0.00206,24,0.001762,24,0.486328,24,99.5,24,,0,0.108895,24
7,0,24,False,native,24,0.972442,0.960242,0.978119,0.017877,0.967898,0.943715,0.981749,0.940808,0.987756,24,0.986028,0.979718,0.988939,0.009221,0.983636,0.971041,0.99079,0.969501,0.99384,0.001438,24,0.001518,24,0.583984,24,113.5,24,0.999793,24,0.107719,24
7,1,24,False,native,24,0.973098,0.964943,0.978928,0.013984,0.970608,0.952423,0.980953,0.944493,0.986717,24,0.986366,0.982159,0.989352,0.007193,0.985054,0.975631,0.990385,0.971454,0.993314,0.001717,24,0.001785,24,0.609375,24,108.5,24,,0,0.107895,24
7,2,24,False,native,24,0.973834,0.964872,0.981542,0.016671,0.972102,0.96004,0.984378,0.945203,0.98835,24,0.986741,0.982121,0.990685,0.008564,0.985818,0.979612,0.992127,0.97183,0.994141,0.001858,24,0.001923,24,0.564453,24,97.5,24,,0,0.107204,24
7,3,24,False,native,24,0.977716,0.963387,0.980473,0.017087,0.971636,0.9588,0.983875,0.940101,0.98835,24,0.988732,0.981351,0.99014,0.008789,0.985571,0.978966,0.991872,0.969126,0.994141,0.001915,24,0.001869,24,0.533203,24,103.0,24,,0,0.10689,24
7,4,24,False,native,24,0.976617,0.963748,0.982169,0.018421,0.97191,0.959866,0.983816,0.933759,0.985532,24,0.988169,0.981539,0.991004,0.009465,0.985712,0.979522,0.991842,0.965745,0.992713,0.001984,24,0.001953,24,0.539062,24,108.0,24,,0,0.106688,24
7,5,24,False,native,24,0.976251,0.960891,0.981911,0.02102,0.97193,0.95624,0.986273,0.940101,0.986866,24,0.987981,0.980056,0.990873,0.010817,0.985721,0.977629,0.993089,0.969126,0.993389,0.001972,24,0.001949,24,0.533203,24,105.0,24,,0,0.106455,24
7,6,24,False,native,24,0.975736,0.962698,0.981726,0.019028,0.972823,0.959333,0.983875,0.949048,0.987756,24,0.987718,0.980995,0.990779,0.009784,0.986194,0.979244,0.991872,0.973858,0.99384,0.001877,24,0.001869,24,0.544922,24,107.5,24,,0,0.106361,24
7,7,24,False,native,24,0.975662,0.962626,0.983055,0.020429,0.972798,0.957057,0.985459,0.949905,0.987014,24,0.98768,0.980957,0.991455,0.010498,0.986178,0.978057,0.992676,0.974309,0.993465,0.001839,24,0.001862,24,0.546875,24,104.5,24,,0,0.106289,24
7,8,24,False,native,24,0.977276,0.963893,0.981837,0.017944,0.973188,0.958612,0.985251,0.952908,0.985976,24,0.988507,0.981614,0.990835,0.009221,0.986381,0.978869,0.992571,0.975886,0.992939,0.001915,24,0.001904,24,0.517578,24,102.0,24,,0,0.106252,24
7,9,24,False,native,24,0.97823,0.961578,0.982022,0.020443,0.973848,0.958554,0.985058,0.956928,0.986717,24,0.988995,0.980412,0.990929,0.010517,0.986723,0.978839,0.992473,0.97799,0.993314,0.00182,24,0.00182,24,0.498047,24,101.5,24,,0,0.106234,24
7,10,24,False,native,24,0.977862,0.961252,0.982944,0.021692,0.974043,0.959203,0.985266,0.956784,0.986273,24,0.988807,0.980243,0.991399,0.011155,0.986823,0.979177,0.992578,0.977915,0.993089,0.001869,24,0.001793,24,0.5,24,102.5,24,0.99984,24,0.106183,24
7,11,24,False,native,24,0.978746,0.962337,0.981616,0.019279,0.973761,0.959318,0.984008,0.956209,0.985532,24,0.989258,0.980807,0.990723,0.009916,0.986679,0.979237,0.99194,0.977614,0.992713,0.001789,24,0.001827,24,0.484375,24,104.0,24,,0,0.106155,24
7,12,24,False,native,24,0.976468,0.961433,0.981948,0.020515,0.97348,0.95903,0.984526,0.957071,0.986569,24,0.988093,0.980337,0.990892,0.010554,0.986535,0.979087,0.992203,0.978065,0.993239,0.001781,24,0.001808,24,0.544922,24,103.0,24,,0,0.106107,24
7,13,24,False,native,24,0.978452,0.964255,0.981579,0.017324,0.973465,0.958871,0.983712,0.954916,0.984496,24,0.989108,0.981802,0.990704,0.008902,0.986528,0.979004,0.991789,0.976938,0.992188,0.001831,24,0.001755,24,0.507812,24,108.0,24,,0,0.106101,24
7,14,24,False,native,24,0.978084,0.962301,0.982022,0.019721,0.973494,0.958353,0.984378,0.955634,0.98494,24,0.98892,0.980788,0.990929,0.010141,0.986541,0.978733,0.992127,0.977314,0.992413,0.001778,24,0.001793,24,0.5,24,108.5,24,,0,0.106067,24
7,15,24,False,native,24,0.977348,0.962553,0.981616,0.019063,0.973468,0.958655,0.984186,0.954342,0.985532,24,0.988544,0.980919,0.990723,0.009803,0.986528,0.978891,0.99203,0.976638,0.992713,0.001751,24,0.001781,24,0.523438,24,105.5,24,,0,0.106084,24
7,16,24,False,native,24,0.978524,0.964581,0.981763,0.017182,0.973699,0.957489,0.983772,0.953768,0.985384,24,0.989145,0.981971,0.990798,0.008827,0.986647,0.978283,0.991819,0.976337,0.992638,0.001907,24,0.001759,24,0.503906,24,104.5,24,,0,0.106082,24
7,17,24,False,native,24,0.978156,0.965632,0.982649,0.017016,0.974061,0.958929,0.983417,0.955203,0.98494,24,0.988957,0.982516,0.991248,0.008733,0.986835,0.979034,0.991639,0.977088,0.992413,0.001747,24,0.001762,24,0.501953,24,106.5,24,,0,0.106074,24
7,18,24,False,native,24,0.976541,0.963422,0.982354,0.018932,0.9737,0.959564,0.983624,0.953768,0.98494,24,0.988131,0.98137,0.991098,0.009728,0.986647,0.979364,0.991744,0.976337,0.992413,0.001774,24,0.001766,24,0.546875,24,99.0,24,,0,0.106102,24
7,19,24,False,native,24,0.977937,0.965923,0.983277,0.017354,0.974154,0.958915,0.984363,0.952908,0.984496,24,0.988845,0.982666,0.991568,0.008902,0.986879,0.979026,0.99212,0.975886,0.992188,0.001789,24,0.001736,24,0.509766,24,107.5,24,,0,0.106099,24
7,20,24,False,native,24,0.977936,0.966468,0.98335,0.016883,0.973819,0.957261,0.984363,0.952049,0.98494,24,0.988845,0.982948,0.991605,0.008658,0.986707,0.978163,0.99212,0.975436,0.992413,0.001793,24,0.001778,24,0.519531,24,95.0,24,0.999836,24,0.106086,24
7,21,24,False,native,24,0.978229,0.964653,0.982022,0.017368,0.973684,0.961267,0.983417,0.953338,0.985088,24,0.988995,0.982009,0.990929,0.008921,0.986641,0.980251,0.991639,0.976112,0.992488,0.001789,24,0.001732,24,0.503906,24,105.5,24,,0,0.106098,24
7,22,24,False,native,24,0.978229,0.967267,0.982391,0.015123,0.97374,0.959059,0.983417,0.952336,0.983905,24,0.988995,0.983361,0.991117,0.007756,0.986669,0.979102,0.991639,0.975586,0.991887,0.001724,24,0.001778,24,0.511719,24,99.0,24,,0,0.106102,24
7,23,24,False,native,24,0.976614,0.966032,0.980695,0.014663,0.973518,0.961499,0.983313,0.952049,0.984644,24,0.988169,0.982722,0.990253,0.007531,0.986557,0.980371,0.991587,0.975436,0.992263,0.001724,24,0.001778,24,0.539062,24,105.0,24,,0,0.10612,24
7,24,24,False,native,24,0.977789,0.965961,0.981874,0.015913,0.973542,0.960877,0.982944,0.950333,0.98568,24,0.98877,0.982685,0.990854,0.008169,0.986566,0.980048,0.991399,0.974534,0.992788,0.00177,24,0.001736,24,0.519531,24,104.5,24,,0,0.10613,24
7,25,24,False,native,24,0.978523,0.963639,0.982464,0.018825,0.973412,0.961368,0.983535,0.949048,0.986125,24,0.989145,0.981483,0.991155,0.009672,0.986497,0.980303,0.991699,0.973858,0.993014,0.001808,24,0.001724,24,0.496094,24,103.0,24,,0,0.106138,24
7,26,24,False,native,24,0.97823,0.965161,0.981468,0.016308,0.973614,0.960602,0.983432,0.94563,0.987459,24,0.988995,0.982272,0.990648,0.008376,0.9866,0.979905,0.991647,0.972055,0.99369,0.001774,24,0.001762,24,0.517578,24,101.5,24,,0,0.106139,24
7,27,24,False,native,24,0.976247,0.964363,0.981468,0.017105,0.973076,0.959407,0.983077,0.947623,0.984644,24,0.987981,0.981858,0.990648,0.008789,0.986325,0.979282,0.991466,0.973107,0.992263,0.001755,24,0.001743,24,0.517578,24,101.5,24,,0,0.106149,24
7,28,24,False,native,24,0.977863,0.96665,0.981542,0.014893,0.973522,0.960386,0.984023,0.948478,0.986125,24,0.988807,0.983042,0.990685,0.007643,0.986553,0.979793,0.991947,0.973558,0.993014,0.001766,24,0.001854,24,0.507812,24,100.5,24,,0,0.106145,24
7,29,24,False,native,24,0.978451,0.966976,0.982206,0.01523,0.973699,0.957777,0.983461,0.949191,0.984792,24,0.989108,0.983211,0.991023,0.007813,0.986644,0.978433,0.991662,0.973933,0.992338,0.001827,24,0.001862,24,0.507812,24,95.5,24,,0,0.106112,24
7,30,24,False,native,24,0.977569,0.968648,0.98169,0.013041,0.973483,0.957331,0.98287,0.949619,0.985828,24,0.988657,0.984075,0.99076,0.006686,0.986535,0.9782,0.991361,0.974159,0.992864,0.001728,24,0.00182,24,0.513672,24,96.5,24,0.999832,24,0.106116,24
7,31,24,False,native,24,0.977055,0.965197,0.981616,0.016419,0.973252,0.959722,0.983565,0.949619,0.984348,24,0.988394,0.98229,0.990723,0.008432,0.986416,0.979447,0.991714,0.974159,0.992112,0.001743,24,0.001747,24,0.511719,24,98.5,24,,0,0.106122,24
7,32,24,False,native,24,0.977201,0.967049,0.982022,0.014973,0.973871,0.959665,0.984156,0.948763,0.985384,24,0.988469,0.983248,0.990929,0.007681,0.986735,0.979417,0.992015,0.973708,0.992638,0.001839,24,0.001804,24,0.527344,24,95.5,24,,0,0.1061,24
7,33,24,False,native,24,0.976834,0.967994,0.981763,0.01377,0.973672,0.958743,0.984881,0.94563,0.986717,24,0.988281,0.983736,0.990798,0.007061,0.986629,0.978936,0.992383,0.972055,0.993314,0.001766,24,0.001911,24,0.527344,24,97.0,24,,0,0.106078,24
7,34,24,False,native,24,0.977276,0.967375,0.9818,0.014425,0.973958,0.960069,0.984703,0.949476,0.986717,24,0.988507,0.983417,0.990817,0.007399,0.986779,0.979627,0.992293,0.974084,0.993314,0.001759,24,0.001812,24,0.525391,24,90.5,24,,0,0.106081,24
7,35,24,False,native,24,0.97654,0.967703,0.982501,0.014799,0.973725,0.961224,0.984555,0.949334,0.985976,24,0.988131,0.983586,0.991173,0.007587,0.98666,0.980228,0.992218,0.974008,0.992939,0.001751,24,0.001854,24,0.507812,24,96.5,24,,0,0.106047,24
7,36,24,False,native,24,0.97588,0.966976,0.980584,0.013608,0.973174,0.959246,0.984156,0.948478,0.987162,24,0.987793,0.983211,0.990197,0.006986,0.986378,0.979199,0.992015,0.973558,0.99354,0.001759,24,0.001793,24,0.535156,24,91.0,24,,0,0.106036,24
7,37,24,False,native,24,0.976981,0.967921,0.980473,0.012553,0.973009,0.958482,0.983639,0.947053,0.986273,24,0.988356,0.983699,0.99014,0.006442,0.986291,0.978801,0.991752,0.972806,0.993089,0.001804,24,0.001751,24,0.53125,24,100.0,24,,0,0.106033,24
7,38,24,False,native,24,0.975808,0.969486,0.980068,0.010582,0.973216,0.958354,0.98497,0.947338,0.987162,24,0.987755,0.984506,0.989934,0.005427,0.986397,0.978733,0.992428,0.972957,0.99354,0.001747,24,0.00177,24,0.537109,24,99.0,24,,0,0.106038,24
7,39,24,False,native,24,0.975441,0.968721,0.980731,0.01201,0.973216,0.961658,0.983565,0.944067,0.986125,24,0.987568,0.984112,0.990272,0.00616,0.986397,0.980454,0.991714,0.971229,0.993014,0.001816,24,0.001743,24,0.535156,24,99.5,24,,0,0.106074,24
7,40,24,False,native,24,0.974781,0.970069,0.980695,0.010626,0.973234,0.960862,0.983077,0.946057,0.988795,24,0.98723,0.984807,0.990253,0.005446,0.986406,0.980041,0.991466,0.972281,0.994366,0.001816,24,0.001877,24,0.535156,24,98.5,24,0.999815,24,0.106054,24
7,41,24,False,native,24,0.973538,0.968648,0.981505,0.012857,0.972558,0.95978,0.982737,0.945914,0.987311,24,0.986591,0.984075,0.990666,0.006592,0.986059,0.979477,0.991294,0.972206,0.993615,0.001785,24,0.001793,24,0.580078,24,90.0,24,,0,0.106065,24
7,42,24,False,native,24,0.97449,0.969814,0.980326,0.010513,0.973147,0.960429,0.982974,0.945488,0.988795,24,0.987079,0.984675,0.990065,0.00539,0.986359,0.979815,0.991414,0.97198,0.994366,0.001762,24,0.001816,24,0.544922,24,101.0,24,,0,0.106073,24
7,43,24,False,native,24,0.974198,0.968503,0.979443,0.01094,0.972158,0.957633,0.9829,0.946057,0.987459,24,0.986929,0.983999,0.989615,0.005615,0.985852,0.978358,0.991376,0.972281,0.99369,0.001839,24,0.001736,24,0.568359,24,92.0,24,,0,0.106034,24
7,44,24,False,native,24,0.975516,0.96796,0.979737,0.011778,0.972459,0.960011,0.983373,0.946199,0.988053,24,0.987605,0.983718,0.989765,0.006047,0.986006,0.979597,0.991617,0.972356,0.99399,0.001686,24,0.001732,24,0.554688,24,91.5,24,,0,0.105979,24
7,45,24,False,native,24,0.975514,0.96865,0.978745,0.010095,0.972416,0.959593,0.984718,0.942507,0.987904,24,0.987605,0.984075,0.989258,0.005183,0.985981,0.97938,0.9923,0.970403,0.993915,0.001698,24,0.00209,24,0.546875,24,93.0,24,,0,0.105932,24
7,46,24,False,native,24,0.974489,0.968069,0.979516,0.011447,0.971556,0.957188,0.9833,0.940242,0.987162,24,0.987079,0.983774,0.989652,0.005878,0.985533,0.978125,0.991579,0.969201,0.99354,0.001835,24,0.001713,24,0.554688,24,95.0,24,,0,0.105807,24
7,47,24,False,native,24,0.975807,0.966547,0.979921,0.013375,0.97059,0.955807,0.983122,0.933479,0.989241,24,0.987755,0.982985,0.989859,0.006873,0.985023,0.977404,0.991489,0.965595,0.994591,0.001774,24,0.001717,24,0.544922,24,92.5,24,,0,0.105639,24
7,48,24,False,native,24,0.975514,0.96288,0.9804,0.01752,0.969921,0.953095,0.982944,0.929975,0.988647,24,0.987605,0.981088,0.990103,0.009014,0.984669,0.975984,0.991399,0.963717,0.994291,0.001526,24,0.001591,24,0.558594,24,90.5,24,,0,0.10536,24
7,49,24,False,native,24,0.973683,0.966177,0.979701,0.013524,0.970014,0.952708,0.981955,0.932216,0.987904,24,0.986666,0.982797,0.989746,0.006949,0.984726,0.975781,0.990895,0.964919,0.993915,0.001572,24,0.001568,24,0.587891,24,92.0,24,,0,0.10476,24
8,0,24,False,native,24,0.971783,0.970214,0.973647,0.003432,0.970831,0.967427,0.976071,0.951763,0.976687,24,0.98569,0.984882,0.986647,0.001765,0.985192,0.983444,0.987891,0.975285,0.988206,0.001522,24,0.001514,24,0.607422,24,108.0,24,0.999743,24,0.108673,24
8,1,24,False,native,24,0.971856,0.968503,0.975404,0.006901,0.971869,0.965422,0.979347,0.962264,0.98051,24,0.985727,0.983999,0.987549,0.003549,0.985727,0.982407,0.989566,0.980769,0.990159,0.001686,24,0.001556,24,0.615234,24,94.5,24,,0,0.108837,24
8,2,24,False,native,24,0.969814,0.966431,0.97632,0.009889,0.970599,0.964581,0.978965,0.955059,0.982575,24,0.984675,0.982929,0.988018,0.005089,0.98507,0.981971,0.98937,0.977013,0.991211,0.001568,24,0.001751,24,0.642578,24,108.5,24,,0,0.108575,24
8,3,24,False,native,24,0.969886,0.966213,0.972075,0.005862,0.970285,0.96361,0.97923,0.960963,0.982723,24,0.984713,0.982816,0.98584,0.003024,0.98491,0.981468,0.989506,0.980093,0.991286,0.001335,24,0.0014,24,0.648438,24,116.5,24,,0,0.108201,24
8,4,24,False,native,24,0.969012,0.966431,0.973025,0.006594,0.970067,0.96419,0.979774,0.960097,0.982427,24,0.984262,0.982929,0.986328,0.003399,0.984798,0.981768,0.989784,0.979642,0.991136,0.001305,24,0.001343,24,0.646484,24,108.5,24,,0,0.107994,24
8,5,24,False,native,24,0.968721,0.965705,0.973611,0.007906,0.970305,0.964726,0.97948,0.961975,0.982575,24,0.984112,0.982553,0.986629,0.004075,0.98492,0.982046,0.989633,0.980619,0.991211,0.001511,24,0.001366,24,0.646484,24,109.5,24,,0,0.107694,24
8,6,24,False,native,24,0.967921,0.966177,0.974378,0.008202,0.970378,0.963929,0.979038,0.962264,0.983461,24,0.983699,0.982797,0.987023,0.004226,0.984957,0.981633,0.989408,0.980769,0.991662,0.001541,24,0.001438,24,0.65625,24,112.0,24,,0,0.107533,24
8,7,24,False,native,24,0.96945,0.965814,0.973683,0.007869,0.970613,0.964813,0.979156,0.96212,0.98169,24,0.984488,0.98261,0.986666,0.004056,0.985079,0.982091,0.989468,0.980694,0.99076,0.001389,24,0.001266,24,0.634766,24,109.5,24,,0,0.10733,24
8,8,24,False,native,24,0.967993,0.965524,0.975001,0.009477,0.970087,0.962887,0.979641,0.961397,0.982427,24,0.983736,0.982459,0.987342,0.004883,0.984807,0.981092,0.989716,0.980319,0.991136,0.001381,24,0.001442,24,0.646484,24,107.0,24,,0,0.107212,24
8,9,24,False,native,24,0.96763,0.966032,0.974342,0.008311,0.97014,0.96319,0.978979,0.962553,0.980658,24,0.983549,0.982722,0.987004,0.004282,0.984835,0.98125,0.989378,0.980919,0.990234,0.00153,24,0.001549,24,0.664062,24,112.0,24,,0,0.107072,24
8,10,24,False,native,24,0.967994,0.966467,0.974635,0.008168,0.970456,0.964552,0.979789,0.961975,0.98228,24,0.983736,0.982948,0.987154,0.004207,0.984998,0.981956,0.989791,0.980619,0.991061,0.001324,24,0.001518,24,0.669922,24,104.5,24,0.999731,24,0.106966,24
8,11,24,False,native,24,0.96945,0.965814,0.973647,0.007833,0.970632,0.96461,0.979215,0.962698,0.982427,24,0.984488,0.98261,0.986647,0.004038,0.985089,0.981986,0.989498,0.980995,0.991136,0.001434,24,0.001381,24,0.646484,24,107.5,24,,0,0.106815,24
8,12,24,False,native,24,0.970032,0.967812,0.974488,0.006677,0.970977,0.963813,0.978921,0.960675,0.982575,24,0.984788,0.983643,0.987079,0.003437,0.985267,0.981573,0.989348,0.979943,0.991211,0.001484,24,0.00153,24,0.626953,24,109.5,24,,0,0.106656,24
8,13,24,False,native,24,0.970397,0.96683,0.97566,0.00883,0.971153,0.964798,0.977671,0.961397,0.98287,24,0.984976,0.983136,0.98768,0.004545,0.985358,0.982084,0.988709,0.980319,0.991361,0.001446,24,0.001362,24,0.611328,24,110.5,24,,0,0.106543,24
8,14,24,False,native,24,0.969449,0.966613,0.974964,0.008352,0.97069,0.965495,0.977965,0.960386,0.981247,24,0.984488,0.983023,0.987323,0.004301,0.98512,0.982444,0.98886,0.979793,0.990535,0.001556,24,0.001499,24,0.640625,24,108.0,24,,0,0.106477,24
8,15,24,False,native,24,0.969814,0.966213,0.975697,0.009484,0.970888,0.96461,0.978068,0.958943,0.981247,24,0.984675,0.982816,0.987699,0.004883,0.98522,0.981986,0.988912,0.979041,0.990535,0.001522,24,0.001484,24,0.615234,24,113.5,24,,0,0.106379,24
8,16,24,False,native,24,0.969085,0.966794,0.974415,0.007621,0.970553,0.964668,0.97867,0.958367,0.981837,24,0.9843,0.983117,0.987042,0.003925,0.985048,0.982016,0.98922,0.978741,0.990835,0.001564,24,0.001369,24,0.640625,24,109.0,24,,0,0.106305,24
8,17,24,False,native,24,0.970251,0.967157,0.974232,0.007075,0.970907,0.964914,0.979658,0.958223,0.983461,24,0.984901,0.983305,0.986948,0.003643,0.985229,0.982144,0.989724,0.978666,0.991662,0.00153,24,0.001503,24,0.648438,24,110.0,24,,0,0.106236,24
8,18,24,False,native,24,0.970398,0.966721,0.975038,0.008316,0.970524,0.964813,0.979244,0.952479,0.983166,24,0.984976,0.983079,0.987361,0.004282,0.985029,0.982091,0.989513,0.975661,0.991511,0.001423,24,0.001541,24,0.632812,24,114.0,24,,0,0.106116,24
8,19,24,False,native,24,0.971419,0.966032,0.974086,0.008054,0.970402,0.964378,0.979009,0.952622,0.98228,24,0.985502,0.982722,0.986873,0.00415,0.984967,0.981866,0.989393,0.975736,0.991061,0.001465,24,0.001328,24,0.619141,24,120.5,24,,0,0.10603,24
8,20,24,False,native,24,0.969449,0.966104,0.974671,0.008567,0.97001,0.96377,0.977304,0.954485,0.98287,24,0.984488,0.98276,0.987173,0.004413,0.984766,0.98155,0.988522,0.976713,0.991361,0.001457,24,0.001423,24,0.644531,24,117.0,24,0.99969,24,0.105972,24
8,21,24,False,native,24,0.97098,0.965887,0.974964,0.009078,0.970345,0.964233,0.97723,0.954342,0.9811,24,0.985276,0.982647,0.987323,0.004676,0.984938,0.981791,0.988484,0.976638,0.99046,0.001522,24,0.001438,24,0.617188,24,117.0,24,,0,0.105889,24
8,22,24,False,native,24,0.971418,0.967994,0.975514,0.00752,0.971004,0.963074,0.978465,0.953625,0.984052,24,0.985502,0.983736,0.987605,0.003869,0.985276,0.98119,0.989115,0.976262,0.991962,0.001408,24,0.001343,24,0.611328,24,115.5,24,,0,0.105826,24
8,23,24,False,native,24,0.969741,0.967666,0.975367,0.007701,0.970746,0.965161,0.978788,0.956496,0.982723,24,0.984638,0.983567,0.98753,0.003963,0.985145,0.982272,0.98928,0.977764,0.991286,0.001499,24,0.001396,24,0.638672,24,110.0,24,,0,0.105763,24
8,24,24,False,native,24,0.971637,0.967739,0.975001,0.007262,0.970909,0.963958,0.978965,0.955778,0.980952,24,0.985614,0.983605,0.987342,0.003737,0.985229,0.981648,0.98937,0.977389,0.990385,0.001598,24,0.001492,24,0.609375,24,112.0,24,,0,0.105637,24
8,25,24,False,native,24,0.971345,0.966867,0.974086,0.007219,0.970688,0.966032,0.978494,0.956352,0.982427,24,0.985464,0.983154,0.986873,0.003718,0.985117,0.982722,0.98913,0.977689,0.991136,0.001331,24,0.001431,24,0.623047,24,118.5,24,,0,0.105595,24
8,26,24,False,native,24,0.970616,0.967048,0.974781,0.007733,0.970702,0.965277,0.97867,0.954629,0.980805,24,0.985089,0.983248,0.98723,0.003981,0.985123,0.982332,0.98922,0.976788,0.990309,0.001553,24,0.001526,24,0.630859,24,113.0,24,,0,0.105588,24
8,27,24,False,native,24,0.970543,0.966286,0.975734,0.009448,0.97078,0.964538,0.977421,0.956209,0.98169,24,0.985051,0.982854,0.987718,0.004864,0.985164,0.981949,0.988582,0.977614,0.99076,0.001404,24,0.001476,24,0.628906,24,113.0,24,,0,0.105545,24
8,28,24,False,native,24,0.970688,0.966504,0.974379,0.007875,0.9708,0.964798,0.978612,0.955059,0.983313,24,0.985126,0.982966,0.987023,0.004056,0.985173,0.982084,0.98919,0.977013,0.991587,0.001606,24,0.001518,24,0.632812,24,113.5,24,,0,0.105543,24
8,29,24,False,native,24,0.970324,0.968066,0.975917,0.007851,0.971245,0.964031,0.979921,0.955203,0.983018,24,0.984938,0.983774,0.987812,0.004038,0.985402,0.981686,0.989859,0.977088,0.991436,0.001709,24,0.001438,24,0.638672,24,111.5,24,,0,0.105522,24
8,30,24,False,native,24,0.970615,0.967994,0.974379,0.006385,0.970902,0.964378,0.978715,0.955347,0.981985,24,0.985089,0.983736,0.987023,0.003287,0.985226,0.981866,0.989243,0.977163,0.99091,0.001694,24,0.001518,24,0.623047,24,114.0,24,0.999658,24,0.1055,24
8,31,24,False,native,24,0.970397,0.967339,0.976174,0.008835,0.970813,0.964103,0.979656,0.954342,0.982132,24,0.984976,0.983398,0.987943,0.004545,0.985179,0.981723,0.989724,0.976638,0.990986,0.001503,24,0.0014,24,0.644531,24,109.5,24,,0,0.105487,24
8,32,24,False,native,24,0.969814,0.967121,0.974928,0.007807,0.970729,0.963857,0.979672,0.956352,0.983461,24,0.984675,0.983286,0.987305,0.004019,0.985136,0.981596,0.989731,0.977689,0.991662,0.001545,24,0.001583,24,0.630859,24,114.0,24,,0,0.105513,24
8,33,24,False,native,24,0.969959,0.967303,0.974818,0.007515,0.970431,0.963031,0.979318,0.955059,0.981837,24,0.984751,0.98338,0.987248,0.003869,0.984982,0.981167,0.989551,0.977013,0.990835,0.001408,24,0.001411,24,0.650391,24,123.5,24,,0,0.105504,24
8,34,24,False,native,24,0.970834,0.966576,0.974415,0.007839,0.970262,0.962814,0.977377,0.955059,0.983018,24,0.985201,0.983004,0.987042,0.004038,0.984895,0.981055,0.988559,0.977013,0.991436,0.001633,24,0.001423,24,0.632812,24,117.0,24,,0,0.105496,24
8,35,24,False,native,24,0.970543,0.965161,0.975221,0.01006,0.969835,0.962944,0.978804,0.95162,0.98228,24,0.985051,0.982272,0.987455,0.005183,0.984672,0.981122,0.989288,0.97521,0.991061,0.001469,24,0.001472,24,0.623047,24,112.0,24,,0,0.105506,24
8,36,24,False,native,24,0.971637,0.963965,0.976467,0.012502,0.970038,0.96095,0.978773,0.952765,0.983905,24,0.985614,0.981652,0.988093,0.006442,0.984776,0.980086,0.989273,0.975811,0.991887,0.001446,24,0.001408,24,0.628906,24,120.5,24,,0,0.105462,24
8,37,24,False,native,24,0.969596,0.965052,0.975367,0.010315,0.969863,0.960718,0.980525,0.952908,0.983609,24,0.984563,0.982215,0.98753,0.005315,0.984685,0.979965,0.990167,0.975886,0.991737,0.001431,24,0.001411,24,0.654297,24,110.5,24,,0,0.105397,24
8,38,24,False,native,24,0.971126,0.963965,0.977201,0.013236,0.970214,0.961195,0.98001,0.950048,0.983757,24,0.985352,0.981652,0.988469,0.006817,0.984863,0.980213,0.989904,0.974384,0.991812,0.001472,24,0.001553,24,0.640625,24,115.0,24,,0,0.105312,24
8,39,24,False,native,24,0.971929,0.963024,0.976137,0.013113,0.96973,0.959348,0.979892,0.945914,0.98568,24,0.985765,0.981164,0.987924,0.006761,0.98461,0.979252,0.989844,0.972206,0.992788,0.001785,24,0.001438,24,0.625,24,108.5,24,,0,0.10528,24
8,40,24,False,native,24,0.972952,0.962264,0.977054,0.01479,0.970013,0.959622,0.980761,0.949191,0.985828,24,0.986291,0.980769,0.988394,0.007625,0.984754,0.979395,0.990287,0.973933,0.992864,0.001423,24,0.001469,24,0.603516,24,111.5,24,0.999606,24,0.105241,24
8,41,24,False,native,24,0.971856,0.961361,0.977568,0.016208,0.969477,0.959217,0.979244,0.946199,0.987014,24,0.985727,0.9803,0.988657,0.008357,0.984475,0.979184,0.989513,0.972356,0.993465,0.001492,24,0.001945,24,0.617188,24,113.0,24,,0,0.105145,24
8,42,24,False,native,24,0.973244,0.963711,0.977312,0.0136,0.970692,0.96157,0.980157,0.946483,0.983609,24,0.986441,0.98152,0.988525,0.007005,0.985104,0.980409,0.989979,0.972506,0.991737,0.001511,24,0.001728,24,0.595703,24,109.5,24,,0,0.105033,24
8,43,24,False,native,24,0.972002,0.964835,0.977385,0.01255,0.970109,0.959708,0.981233,0.945061,0.985088,24,0.985802,0.982103,0.988563,0.00646,0.984801,0.97944,0.990527,0.971755,0.992488,0.001675,24,0.002052,24,0.617188,24,104.5,24,,0,0.104954,24
8,44,24,False,native,24,0.971783,0.964798,0.978781,0.013982,0.970249,0.959664,0.980923,0.940242,0.986273,24,0.98569,0.982084,0.989277,0.007193,0.984866,0.979417,0.99037,0.969201,0.993089,0.00206,24,0.001549,24,0.621094,24,109.0,24,,0,0.104764,24
8,45,24,False,native,24,0.971783,0.963639,0.978193,0.014554,0.970124,0.959751,0.981395,0.934743,0.986421,24,0.98569,0.981483,0.988976,0.007493,0.984798,0.979462,0.99061,0.966271,0.993164,0.002136,24,0.002098,24,0.615234,24,108.0,24,,0,0.104559,24
8,46,24,False,native,24,0.973903,0.965306,0.977715,0.012409,0.970699,0.959016,0.97998,0.941091,0.987756,24,0.986779,0.982347,0.988732,0.006385,0.985098,0.979079,0.989889,0.969651,0.99384,0.002029,24,0.00219,24,0.576172,24,100.0,24,,0,0.104398,24
8,47,24,False,native,24,0.973976,0.966213,0.978634,0.012421,0.970811,0.958713,0.981395,0.939394,0.986717,24,0.986816,0.982816,0.989201,0.006385,0.985154,0.978921,0.99061,0.96875,0.993314,0.002174,24,0.002144,24,0.570312,24,100.5,24,,0,0.104271,24
8,48,24,False,native,24,0.973391,0.967306,0.977752,0.010446,0.970942,0.960458,0.981144,0.942932,0.986717,24,0.986516,0.98338,0.988751,0.005371,0.985229,0.97983,0.990482,0.970628,0.993314,0.002197,24,0.002228,24,0.578125,24,91.5,24,,0,0.104188,24
8,49,24,False,native,24,0.971856,0.967086,0.975588,0.008501,0.971079,0.959449,0.981529,0.957935,0.987607,24,0.985727,0.983267,0.987643,0.004376,0.985311,0.979304,0.990678,0.978516,0.993765,0.00222,24,0.002136,24,0.615234,24,99.5,24,,0,0.103928,24
9,0,24,False,native,24,0.972002,0.964074,0.976174,0.0121,0.969495,0.958425,0.977803,0.950762,0.980363,24,0.985802,0.981708,0.987943,0.006235,0.984494,0.978771,0.988777,0.97476,0.990084,0.0,24,0.0,24,0.625,24,143.5,24,0.999705,24,0.108061,24
9,1,24,False,native,24,0.973098,0.969269,0.977642,0.008372,0.97258,0.96322,0.980879,0.956352,0.982427,24,0.986366,0.984394,0.988694,0.004301,0.986087,0.981265,0.990347,0.977689,0.991136,0.000587,24,0.0,24,0.591797,24,136.0,24,,0,0.108796,24
9,2,24,False,native,24,0.977642,0.970907,0.980547,0.00964,0.975542,0.96763,0.983402,0.956496,0.984792,24,0.988694,0.985239,0.990178,0.004939,0.987605,0.983549,0.991632,0.977764,0.992338,0.001781,24,0.002235,24,0.53125,24,107.0,24,,0,0.10842,24
9,3,24,False,native,24,0.977568,0.971893,0.980179,0.008286,0.975497,0.967426,0.982989,0.953768,0.986866,24,0.988657,0.985746,0.98999,0.004244,0.98758,0.983444,0.991421,0.976337,0.993389,0.002121,24,0.001945,24,0.503906,24,104.0,24,,0,0.108659,24
9,4,24,False,native,24,0.97948,0.973903,0.98276,0.008857,0.977213,0.970149,0.984171,0.952049,0.988647,24,0.989633,0.986779,0.991305,0.004526,0.988457,0.984848,0.992022,0.975436,0.994291,0.002113,24,0.002083,24,0.472656,24,96.0,24,,0,0.108562,24
9,5,24,False,native,24,0.978597,0.971564,0.98169,0.010126,0.976414,0.966177,0.983949,0.955059,0.987756,24,0.989183,0.985577,0.99076,0.005183,0.98805,0.982797,0.99191,0.977013,0.99384,0.001953,24,0.002052,24,0.488281,24,91.5,24,,0,0.108634,24
9,6,24,False,native,24,0.979553,0.974452,0.983055,0.008603,0.977458,0.965193,0.984186,0.957503,0.988053,24,0.989671,0.987061,0.991455,0.004395,0.988585,0.982287,0.99203,0.97829,0.99399,0.002029,24,0.002106,24,0.488281,24,95.0,24,,0,0.108637,24
9,7,24,False,native,24,0.979553,0.975294,0.982612,0.007318,0.977729,0.969071,0.984644,0.957791,0.988201,24,0.989671,0.987492,0.99123,0.003737,0.988726,0.984292,0.992263,0.978441,0.994066,0.001945,24,0.001953,24,0.498047,24,96.5,24,,0,0.108666,24
9,8,24,False,native,24,0.980511,0.975184,0.983831,0.008647,0.978288,0.969274,0.986095,0.954055,0.987459,24,0.990159,0.987436,0.991849,0.004413,0.989007,0.984398,0.992999,0.976487,0.99369,0.002235,24,0.002151,24,0.457031,24,96.0,24,,0,0.108685,24
9,9,24,False,native,24,0.980216,0.974671,0.983535,0.008864,0.978362,0.969989,0.985458,0.958655,0.98835,24,0.990009,0.987173,0.991699,0.004526,0.989048,0.984766,0.992676,0.978891,0.994141,0.001999,24,0.002197,24,0.472656,24,83.5,24,,0,0.108689,24
9,10,24,False,native,24,0.98029,0.975551,0.983498,0.007948,0.978518,0.968665,0.985458,0.958511,0.989241,24,0.990047,0.987624,0.99168,0.004056,0.989129,0.984082,0.992676,0.978816,0.994591,0.002121,24,0.002037,24,0.464844,24,88.0,24,0.999806,24,0.108663,24
9,11,24,False,native,24,0.980437,0.976908,0.984311,0.007404,0.979371,0.969335,0.985236,0.965451,0.990282,24,0.990122,0.988319,0.992094,0.003775,0.989568,0.984428,0.992563,0.982422,0.995117,0.002167,24,0.002106,24,0.460938,24,88.0,24,,0,0.108611,24
9,12,24,False,native,24,0.981026,0.976174,0.983313,0.007139,0.979493,0.968881,0.987325,0.966467,0.987904,24,0.990422,0.987943,0.991587,0.003643,0.98963,0.984195,0.993622,0.982948,0.993915,0.002045,24,0.002014,24,0.451172,24,82.0,24,,0,0.108577,24
9,13,24,False,native,24,0.980879,0.976247,0.985236,0.008989,0.980105,0.971857,0.986199,0.965596,0.989092,24,0.990347,0.987981,0.992563,0.004582,0.989943,0.985727,0.993051,0.982497,0.994516,0.00219,24,0.002098,24,0.451172,24,84.0,24,,0,0.108518,24
9,14,24,False,native,24,0.981542,0.976504,0.984422,0.007918,0.98001,0.97247,0.985384,0.967194,0.987756,24,0.990685,0.988112,0.99215,0.004038,0.989896,0.986043,0.992638,0.983323,0.99384,0.002029,24,0.002129,24,0.435547,24,85.0,24,,0,0.10843,24
9,15,24,False,native,24,0.981247,0.976981,0.983609,0.006628,0.979727,0.971535,0.985414,0.968794,0.98835,24,0.990535,0.988356,0.991737,0.00338,0.989752,0.985562,0.992653,0.98415,0.994141,0.00206,24,0.001991,24,0.451172,24,86.0,24,,0,0.108346,24
9,16,24,False,native,24,0.980289,0.977056,0.984977,0.007921,0.979907,0.971214,0.986777,0.969376,0.987904,24,0.990047,0.988394,0.992432,0.004038,0.989843,0.985397,0.993344,0.98445,0.993915,0.002113,24,0.002151,24,0.462891,24,89.0,24,,0,0.108279,24
9,17,24,False,native,24,0.981616,0.976871,0.983831,0.00696,0.980635,0.972456,0.987162,0.970251,0.989836,24,0.990723,0.9883,0.991849,0.003549,0.990216,0.986035,0.99354,0.984901,0.994892,0.002235,24,0.001968,24,0.449219,24,91.0,24,,0,0.108191,24
9,18,24,False,native,24,0.982132,0.976357,0.98457,0.008213,0.980716,0.973493,0.986821,0.970251,0.990282,24,0.990986,0.988037,0.992225,0.004188,0.990256,0.986569,0.993367,0.984901,0.995117,0.00222,24,0.001953,24,0.429688,24,85.5,24,,0,0.108085,24
9,19,24,False,native,24,0.981173,0.975661,0.985125,0.009464,0.980483,0.97244,0.987533,0.968503,0.987756,24,0.990497,0.98768,0.992507,0.004826,0.990137,0.986028,0.993727,0.983999,0.99384,0.001968,24,0.001968,24,0.453125,24,85.0,24,,0,0.107965,24
9,20,24,False,native,24,0.98169,0.974671,0.983461,0.00879,0.980238,0.972791,0.987281,0.968503,0.988647,24,0.99076,0.987173,0.991662,0.004488,0.990012,0.986208,0.9936,0.983999,0.994291,0.002052,24,0.002052,24,0.445312,24,89.5,24,0.9998,24,0.107868,24
9,21,24,False,native,24,0.981837,0.975221,0.983424,0.008204,0.980355,0.973376,0.988023,0.968212,0.989687,24,0.990835,0.987455,0.991643,0.004188,0.990072,0.986508,0.993975,0.983849,0.994817,0.001976,24,0.001991,24,0.433594,24,87.0,24,,0,0.107737,24
9,22,24,False,native,24,0.980658,0.975331,0.983498,0.008167,0.980112,0.972499,0.988959,0.968066,0.990877,24,0.990234,0.987511,0.99168,0.004169,0.989946,0.986058,0.994449,0.983774,0.995418,0.001945,24,0.001999,24,0.466797,24,86.0,24,,0,0.107601,24
9,23,24,False,native,24,0.981616,0.977128,0.983572,0.006444,0.980488,0.972587,0.987949,0.969814,0.990728,24,0.990723,0.988431,0.991718,0.003287,0.99014,0.986103,0.993938,0.984675,0.995343,0.001976,24,0.002136,24,0.429688,24,91.0,24,,0,0.107476,24
9,24,24,False,native,24,0.981247,0.977642,0.983794,0.006152,0.98093,0.973479,0.988305,0.969814,0.990579,24,0.990535,0.988694,0.991831,0.003136,0.990366,0.986561,0.994118,0.984675,0.995267,0.00209,24,0.002075,24,0.451172,24,93.5,24,,0,0.107342,24
9,25,24,False,native,24,0.980879,0.976651,0.983942,0.007291,0.98044,0.971915,0.98835,0.971272,0.989241,24,0.990347,0.988187,0.991906,0.003718,0.990115,0.985757,0.994141,0.985427,0.994591,0.002136,24,0.001991,24,0.464844,24,91.5,24,,0,0.107192,24
9,26,24,False,native,24,0.981542,0.976871,0.983498,0.006628,0.980417,0.97244,0.988424,0.968212,0.990728,24,0.990685,0.9883,0.99168,0.00338,0.990103,0.986028,0.994178,0.983849,0.995343,0.002151,24,0.002083,24,0.447266,24,86.0,24,,0,0.107077,24
9,27,24,False,native,24,0.980584,0.978193,0.983498,0.005306,0.980324,0.972105,0.988795,0.969231,0.989687,24,0.990197,0.988976,0.99168,0.002704,0.990056,0.985855,0.994366,0.984375,0.994817,0.002167,24,0.002136,24,0.470703,24,82.5,24,,0,0.106909,24
9,28,24,False,native,24,0.980437,0.977091,0.983868,0.006777,0.980365,0.973215,0.987949,0.971126,0.989984,24,0.990122,0.988413,0.991868,0.003456,0.990078,0.986426,0.993938,0.985352,0.994967,0.002396,24,0.002121,24,0.457031,24,87.0,24,,0,0.106775,24
9,29,24,False,native,24,0.981837,0.976651,0.9842,0.00755,0.980586,0.972908,0.987667,0.970397,0.989092,24,0.990835,0.988187,0.992037,0.00385,0.990191,0.986268,0.993795,0.984976,0.994516,0.002319,24,0.002289,24,0.443359,24,83.0,24,,0,0.106643,24
9,30,24,False,native,24,0.981395,0.975734,0.984052,0.008318,0.980313,0.97228,0.987993,0.969959,0.990431,24,0.99061,0.987718,0.991962,0.004244,0.99005,0.985945,0.99396,0.984751,0.995192,0.002022,24,0.002266,24,0.441406,24,92.5,24,0.9998,24,0.10645,24
9,31,24,False,native,24,0.980289,0.975734,0.984016,0.008282,0.980237,0.973215,0.987474,0.970688,0.991473,24,0.990047,0.987718,0.991943,0.004226,0.990012,0.986426,0.993697,0.985126,0.995718,0.002205,24,0.001976,24,0.462891,24,91.0,24,,0,0.106311,24
9,32,24,False,native,24,0.980511,0.976027,0.984237,0.00821,0.980317,0.974342,0.986836,0.968794,0.990579,24,0.990159,0.987868,0.992056,0.004188,0.990053,0.987004,0.993374,0.98415,0.995267,0.002319,24,0.002121,24,0.462891,24,90.0,24,,0,0.106149,24
9,33,24,False,native,24,0.98051,0.975404,0.983461,0.008057,0.980328,0.973874,0.987919,0.972294,0.989984,24,0.990159,0.987549,0.991662,0.004113,0.990059,0.986764,0.993923,0.985953,0.994967,0.002464,24,0.001968,24,0.478516,24,91.0,24,,0,0.106015,24
9,34,24,False,native,24,0.979774,0.975038,0.983166,0.008128,0.979613,0.972747,0.987489,0.969522,0.990728,24,0.989784,0.987361,0.991511,0.00415,0.989693,0.986185,0.993705,0.984525,0.995343,0.002274,24,0.00219,24,0.472656,24,88.0,24,,0,0.105863,24
9,35,24,False,native,24,0.979921,0.976248,0.983535,0.007288,0.98006,0.973347,0.988453,0.970543,0.989687,24,0.989859,0.987981,0.991699,0.003718,0.989921,0.986493,0.994193,0.985051,0.994817,0.002182,24,0.002335,24,0.482422,24,90.0,24,,0,0.10571,24
9,36,24,False,native,24,0.980437,0.977348,0.983757,0.006409,0.980525,0.972996,0.987459,0.971126,0.990579,24,0.990122,0.988544,0.991812,0.003268,0.990159,0.986313,0.99369,0.985352,0.995267,0.002281,24,0.002251,24,0.466797,24,87.0,24,,0,0.105523,24
9,37,24,False,native,24,0.980216,0.974562,0.983387,0.008826,0.97989,0.97266,0.988158,0.971126,0.992218,24,0.990009,0.987117,0.991624,0.004507,0.989834,0.98614,0.994043,0.985352,0.996094,0.002335,24,0.002266,24,0.476562,24,83.5,24,,0,0.105401,24
9,38,24,False,native,24,0.979332,0.976027,0.983757,0.00773,0.980336,0.973625,0.987074,0.971272,0.991771,24,0.989558,0.987868,0.991812,0.003944,0.990062,0.986636,0.993495,0.985427,0.995868,0.002289,24,0.002266,24,0.486328,24,90.0,24,,0,0.105141,24
9,39,24,False,native,24,0.979332,0.975807,0.98324,0.007433,0.98011,0.973844,0.987726,0.970251,0.993113,24,0.989558,0.987755,0.991549,0.003794,0.989946,0.986749,0.993825,0.984901,0.996544,0.002388,24,0.002327,24,0.488281,24,86.0,24,,0,0.10496,24
9,40,24,False,native,24,0.9797,0.974818,0.983018,0.0082,0.979697,0.973727,0.987518,0.970105,0.990579,24,0.989746,0.987248,0.991436,0.004188,0.989737,0.986689,0.99372,0.984826,0.995267,0.002235,24,0.002266,24,0.46875,24,81.0,24,0.999787,24,0.104767,24
9,41,24,False,native,24,0.979627,0.975257,0.982465,0.007208,0.979526,0.973098,0.986095,0.971126,0.99192,24,0.989709,0.987474,0.991155,0.003681,0.989649,0.986366,0.992999,0.985352,0.995944,0.002304,24,0.002243,24,0.482422,24,83.0,24,,0,0.104526,24
9,42,24,False,native,24,0.977715,0.97566,0.982576,0.006915,0.979255,0.973274,0.985503,0.971272,0.99192,24,0.988732,0.98768,0.991211,0.003531,0.989511,0.986456,0.992698,0.985427,0.995944,0.002182,24,0.002228,24,0.513672,24,87.0,24,,0,0.104263,24
9,43,24,False,native,24,0.979259,0.976064,0.982059,0.005994,0.979492,0.973581,0.986436,0.971126,0.990728,24,0.989521,0.987887,0.990948,0.003061,0.989633,0.986614,0.993172,0.985352,0.995343,0.002197,24,0.002205,24,0.492188,24,85.0,24,,0,0.104151,24
9,44,24,False,native,24,0.978009,0.975954,0.981985,0.006032,0.979577,0.974606,0.986643,0.972294,0.989092,24,0.988882,0.987831,0.99091,0.00308,0.989677,0.987139,0.993277,0.985953,0.994516,0.002304,24,0.002342,24,0.507812,24,85.5,24,,0,0.103889,24
9,45,24,False,native,24,0.979627,0.976504,0.981874,0.00537,0.979914,0.974679,0.985399,0.970834,0.992218,24,0.989709,0.988112,0.990854,0.002742,0.989849,0.987177,0.992646,0.985201,0.996094,0.002304,24,0.002129,24,0.474609,24,90.5,24,,0,0.103636,24
9,46,24,False,native,24,0.979995,0.975441,0.981874,0.006434,0.979846,0.974313,0.986006,0.972879,0.990877,24,0.989896,0.987568,0.990854,0.003287,0.989815,0.986989,0.992954,0.986253,0.995418,0.002251,24,0.002014,24,0.474609,24,82.5,24,,0,0.103487,24
9,47,24,False,native,24,0.977642,0.976504,0.981247,0.004743,0.97892,0.973961,0.985651,0.972002,0.98939,24,0.988694,0.988112,0.990535,0.002423,0.989342,0.986809,0.992773,0.985802,0.994666,0.001923,24,0.001846,24,0.503906,24,82.0,24,,0,0.103236,24
9,48,24,False,native,24,0.978744,0.976174,0.980363,0.004189,0.978978,0.972543,0.987504,0.969376,0.989241,24,0.989258,0.987943,0.990084,0.002141,0.98937,0.98608,0.993712,0.98445,0.994591,0.002266,24,0.002296,24,0.494141,24,77.0,24,,0,0.10306,24
9,49,24,False,native,24,0.978156,0.976504,0.979995,0.003491,0.978916,0.974284,0.987266,0.969085,0.98939,24,0.988957,0.988112,0.989896,0.001784,0.989339,0.986974,0.993592,0.9843,0.994666,0.002228,24,0.002327,24,0.494141,24,82.0,24,,0,0.102835,24
10,0,24,False,native,24,0.962626,0.953953,0.968581,0.014629,0.961183,0.943685,0.977642,0.930674,0.983313,24,0.980957,0.976431,0.984037,0.007606,0.980156,0.971026,0.988694,0.964093,0.991587,0.0,24,0.0,24,0.722656,24,164.0,24,0.999662,24,0.107521,24
10,1,24,False,native,24,0.966614,0.960459,0.97482,0.01436,0.965045,0.945034,0.980289,0.932356,0.984496,24,0.983023,0.97983,0.987248,0.007418,0.982162,0.97174,0.990047,0.964994,0.992188,0.000607,24,0.000488,24,0.683594,24,128.5,24,,0,0.108362,24
10,2,24,False,native,24,0.968794,0.963422,0.980289,0.016868,0.967951,0.955593,0.982442,0.917189,0.986273,24,0.98415,0.98137,0.990047,0.008676,0.983652,0.977291,0.991143,0.956806,0.993089,0.000637,24,0.001217,24,0.640625,24,120.5,24,,0,0.108725,24
10,3,24,False,native,24,0.972733,0.965197,0.980437,0.015239,0.969084,0.95539,0.982191,0.915947,0.984052,24,0.986178,0.98229,0.990122,0.007831,0.984231,0.977186,0.991016,0.95613,0.991962,0.00135,24,0.001904,24,0.595703,24,115.0,24,,0,0.1087,24
10,4,24,False,native,24,0.97383,0.965959,0.981395,0.015436,0.969889,0.959809,0.982575,0.923144,0.984496,24,0.986741,0.982685,0.99061,0.007925,0.984654,0.979492,0.991211,0.960036,0.992188,0.001907,24,0.001453,24,0.578125,24,118.0,24,,0,0.108682,24
10,5,24,False,native,24,0.973025,0.96625,0.9818,0.015551,0.970235,0.961368,0.982974,0.920508,0.985384,24,0.986328,0.982835,0.990817,0.007982,0.984826,0.980303,0.991414,0.958609,0.992638,0.001259,24,0.001511,24,0.585938,24,116.0,24,,0,0.108607,24
10,6,24,False,native,24,0.975734,0.96654,0.982317,0.015777,0.970895,0.960748,0.983816,0.918017,0.985088,24,0.987718,0.982985,0.991079,0.008094,0.985164,0.97998,0.991842,0.957257,0.992488,0.001945,24,0.001579,24,0.556641,24,112.5,24,,0,0.108631,24
10,7,24,False,native,24,0.975441,0.967812,0.981284,0.013472,0.971289,0.964262,0.982605,0.916361,0.986125,24,0.987568,0.983643,0.990554,0.006911,0.985367,0.981806,0.991226,0.956355,0.993014,0.001682,24,0.001541,24,0.568359,24,112.0,24,,0,0.108645,24
10,8,24,False,native,24,0.975588,0.968285,0.9804,0.012115,0.971624,0.96432,0.983624,0.919677,0.985976,24,0.987643,0.983887,0.990103,0.006216,0.985542,0.981836,0.991744,0.958158,0.992939,0.001389,24,0.002007,24,0.539062,24,106.5,24,,0,0.108626,24
10,9,24,False,native,24,0.9761,0.967812,0.9811,0.013288,0.971376,0.961153,0.983905,0.921201,0.985236,24,0.987906,0.983643,0.99046,0.006817,0.985417,0.980191,0.991887,0.958984,0.992563,0.001518,24,0.001923,24,0.546875,24,106.5,24,,0,0.108617,24
10,10,24,False,native,24,0.97588,0.968976,0.980879,0.011903,0.971837,0.963813,0.983018,0.925369,0.986273,24,0.987793,0.984244,0.990347,0.006104,0.985658,0.981573,0.991436,0.961238,0.993089,0.001953,24,0.002022,24,0.544922,24,111.0,24,0.999837,24,0.108602,24
10,11,24,False,native,24,0.976175,0.968612,0.979922,0.01131,0.97207,0.96577,0.983402,0.922727,0.986421,24,0.987943,0.984056,0.989859,0.005803,0.985777,0.982587,0.991632,0.959811,0.993164,0.00169,24,0.001896,24,0.556641,24,114.0,24,,0,0.108574,24
10,12,24,False,native,24,0.97823,0.970652,0.981358,0.010706,0.973433,0.966875,0.983491,0.927739,0.989092,24,0.988995,0.985107,0.990591,0.005484,0.986481,0.983158,0.991677,0.962515,0.994516,0.00174,24,0.001736,24,0.53125,24,104.5,24,,0,0.108528,24
10,13,24,False,native,24,0.976981,0.971346,0.980584,0.009238,0.97282,0.967136,0.983018,0.922866,0.987311,24,0.988356,0.985464,0.990197,0.004733,0.986162,0.983293,0.991436,0.959886,0.993615,0.001961,24,0.00185,24,0.527344,24,110.5,24,,0,0.108501,24
10,14,24,False,native,24,0.977274,0.968794,0.98287,0.014076,0.972575,0.964002,0.983964,0.925508,0.988647,24,0.988507,0.98415,0.991361,0.007212,0.986034,0.981671,0.991917,0.961313,0.994291,0.001926,24,0.00177,24,0.533203,24,101.5,24,,0,0.108486,24
10,15,24,False,native,24,0.977715,0.970762,0.981321,0.01056,0.973647,0.967528,0.984467,0.926902,0.990431,24,0.988732,0.985164,0.990572,0.005409,0.986591,0.983496,0.992172,0.962064,0.995192,0.001465,24,0.001888,24,0.513672,24,102.5,24,,0,0.108486,24
10,16,24,False,native,24,0.978523,0.971126,0.9818,0.010674,0.974316,0.968765,0.984807,0.930674,0.987162,24,0.989145,0.985352,0.990817,0.005465,0.986942,0.984135,0.992345,0.964093,0.99354,0.001831,24,0.0019,24,0.511719,24,101.5,24,,0,0.10849,24
10,17,24,False,native,24,0.978377,0.970944,0.981468,0.010525,0.974322,0.968052,0.985562,0.931935,0.98835,24,0.98907,0.985258,0.990648,0.00539,0.986945,0.983767,0.992728,0.964769,0.994141,0.001602,24,0.001465,24,0.503906,24,106.0,24,,0,0.108504,24
10,18,24,False,native,24,0.977642,0.971236,0.981432,0.010196,0.974224,0.969275,0.985296,0.930674,0.98835,24,0.988694,0.985408,0.990629,0.005221,0.986895,0.984398,0.992593,0.964093,0.994141,0.001793,24,0.001804,24,0.515625,24,111.0,24,,0,0.108502,24
10,19,24,False,native,24,0.977862,0.971966,0.981874,0.009908,0.974809,0.970032,0.985134,0.932636,0.989092,24,0.988807,0.985784,0.990854,0.005071,0.987198,0.984788,0.992511,0.965144,0.994516,0.001888,24,0.001888,24,0.515625,24,104.5,24,,0,0.10847,24
10,20,24,False,native,24,0.978082,0.97266,0.982317,0.009657,0.974717,0.971053,0.985193,0.932917,0.986866,24,0.98892,0.98614,0.991079,0.004939,0.987151,0.985314,0.992541,0.965294,0.993389,0.00193,24,0.001942,24,0.509766,24,104.0,24,0.999849,24,0.108465,24
10,21,24,False,native,24,0.979259,0.973062,0.981026,0.007964,0.97484,0.968634,0.986215,0.933338,0.989241,24,0.989521,0.986347,0.990422,0.004075,0.987211,0.984067,0.993059,0.96552,0.994591,0.002045,24,0.002022,24,0.501953,24,103.0,24,,0,0.108475,24
10,22,24,False,native,24,0.9797,0.974379,0.982059,0.00768,0.975907,0.970236,0.986066,0.935587,0.988944,24,0.989746,0.987023,0.990948,0.003925,0.987762,0.984893,0.992984,0.966722,0.994441,0.002014,24,0.001984,24,0.472656,24,110.5,24,,0,0.108474,24
10,23,24,False,native,24,0.980068,0.973354,0.981726,0.008372,0.975121,0.96993,0.986125,0.930254,0.988053,24,0.989934,0.986497,0.990779,0.004282,0.987352,0.984736,0.993014,0.963867,0.99399,0.001976,24,0.002075,24,0.472656,24,99.0,24,,0,0.108502,24
10,24,24,False,native,24,0.980142,0.972148,0.982169,0.010021,0.975316,0.96859,0.986732,0.930254,0.98835,24,0.989971,0.985877,0.991004,0.005127,0.987455,0.984044,0.993322,0.963867,0.994141,0.001999,24,0.001892,24,0.464844,24,107.5,24,,0,0.108549,24
10,25,24,False,native,24,0.97867,0.97361,0.981985,0.008374,0.97506,0.967238,0.986392,0.934603,0.987459,24,0.98922,0.986629,0.99091,0.004282,0.987327,0.983346,0.993149,0.966196,0.99369,0.002045,24,0.002014,24,0.496094,24,103.5,24,,0,0.108583,24
10,26,24,False,native,24,0.979921,0.972587,0.98335,0.010764,0.975419,0.968867,0.986347,0.934181,0.988647,24,0.989859,0.986103,0.991605,0.005503,0.987508,0.984187,0.993127,0.965971,0.994291,0.001999,24,0.002083,24,0.480469,24,107.0,24,,0,0.108599,24
10,27,24,False,native,24,0.980437,0.973354,0.982907,0.009553,0.975524,0.966584,0.986451,0.932075,0.98835,24,0.990122,0.986497,0.99138,0.004883,0.987564,0.983008,0.993179,0.964844,0.994141,0.00193,24,0.002068,24,0.470703,24,109.0,24,,0,0.108658,24
10,28,24,False,native,24,0.97845,0.971893,0.982797,0.010904,0.975053,0.967296,0.986065,0.93404,0.987311,24,0.989108,0.985746,0.991324,0.005578,0.987323,0.983376,0.992984,0.965895,0.993615,0.002029,24,0.002014,24,0.503906,24,115.5,24,,0,0.108658,24
10,29,24,False,native,24,0.980584,0.972952,0.982354,0.009401,0.975854,0.969173,0.986511,0.935587,0.989538,24,0.990197,0.986291,0.991098,0.004808,0.987737,0.984345,0.993209,0.966722,0.994742,0.002159,24,0.002136,24,0.466797,24,110.0,24,,0,0.10871,24
10,30,24,False,native,24,0.979627,0.974122,0.98276,0.008637,0.975933,0.970426,0.986821,0.935024,0.98835,24,0.989709,0.986892,0.991305,0.004413,0.987777,0.984991,0.993367,0.966421,0.994141,0.002113,24,0.002007,24,0.492188,24,110.0,24,0.999848,24,0.108737,24
10,31,24,False,native,24,0.97948,0.973756,0.984385,0.010629,0.976191,0.970485,0.986406,0.936713,0.987904,24,0.989633,0.986704,0.992131,0.005427,0.987909,0.985021,0.993157,0.967323,0.993915,0.002129,24,0.002083,24,0.486328,24,115.0,24,,0,0.108786,24
10,32,24,False,native,24,0.978892,0.974891,0.983203,0.008311,0.976332,0.968519,0.986628,0.938264,0.989092,24,0.989333,0.987286,0.99153,0.004244,0.987984,0.984007,0.993269,0.968149,0.994516,0.002068,24,0.00222,24,0.484375,24,107.0,24,,0,0.108821,24
10,33,24,False,native,24,0.979995,0.974342,0.983203,0.008861,0.976354,0.968463,0.986421,0.933759,0.989836,24,0.989896,0.987004,0.99153,0.004526,0.98799,0.983977,0.993164,0.965745,0.994892,0.002266,24,0.002159,24,0.482422,24,111.5,24,,0,0.108863,24
10,34,24,False,native,24,0.978745,0.974232,0.984237,0.010005,0.976267,0.967893,0.986436,0.936854,0.989092,24,0.989258,0.986948,0.992056,0.005108,0.987949,0.983684,0.993172,0.967398,0.994516,0.00219,24,0.002113,24,0.492188,24,113.0,24,,0,0.10891,24
10,35,24,False,native,24,0.97845,0.973793,0.985162,0.011369,0.97653,0.968636,0.987029,0.939111,0.98939,24,0.989108,0.986723,0.992526,0.005803,0.988084,0.984067,0.993472,0.9686,0.994666,0.002136,24,0.002022,24,0.486328,24,112.0,24,,0,0.108915,24
10,36,24,False,native,24,0.979921,0.976174,0.984311,0.008138,0.977109,0.968854,0.986273,0.94194,0.988498,24,0.989859,0.987943,0.992094,0.00415,0.988388,0.98418,0.993089,0.970102,0.994216,0.002068,24,0.001991,24,0.482422,24,109.5,24,,0,0.108919,24
10,37,24,False,native,24,0.98051,0.975222,0.985273,0.010051,0.977044,0.967241,0.986095,0.939959,0.987904,24,0.990159,0.987455,0.992582,0.005127,0.98835,0.983346,0.992999,0.96905,0.993915,0.00222,24,0.002312,24,0.462891,24,108.5,24,,0,0.109009,24
10,38,24,False,native,24,0.981321,0.974708,0.9842,0.009492,0.976922,0.968299,0.985932,0.941515,0.987459,24,0.990572,0.987192,0.992037,0.004845,0.988291,0.983894,0.992916,0.969877,0.99369,0.002373,24,0.002434,24,0.460938,24,106.0,24,,0,0.108974,24
10,39,24,False,native,24,0.980658,0.975367,0.983757,0.00839,0.977518,0.967652,0.987222,0.939394,0.98939,24,0.990234,0.98753,0.991812,0.004282,0.988597,0.983556,0.99357,0.96875,0.994666,0.00235,24,0.002296,24,0.462891,24,108.5,24,,0,0.108992,24
10,40,24,False,native,24,0.981026,0.974122,0.985273,0.011151,0.977263,0.966923,0.986125,0.946199,0.988201,24,0.990422,0.986892,0.992582,0.00569,0.988472,0.983181,0.993014,0.972356,0.994066,0.002159,24,0.002312,24,0.453125,24,118.0,24,0.999837,24,0.10901,24
10,41,24,False,native,24,0.979406,0.975441,0.98568,0.01024,0.97796,0.968578,0.987296,0.945203,0.989836,24,0.989596,0.987568,0.992788,0.005221,0.988826,0.984037,0.993607,0.97183,0.994892,0.00235,24,0.002205,24,0.480469,24,108.5,24,,0,0.109009,24
10,42,24,False,native,24,0.98051,0.975368,0.985976,0.010608,0.977891,0.966355,0.986673,0.948763,0.987311,24,0.990159,0.98753,0.992939,0.005409,0.988795,0.982888,0.993292,0.973708,0.993615,0.002533,24,0.002228,24,0.460938,24,116.5,24,,0,0.108977,24
10,43,24,False,native,24,0.979333,0.973976,0.985865,0.011889,0.97783,0.967373,0.986717,0.951048,0.987607,24,0.989558,0.986816,0.992882,0.006066,0.988766,0.983413,0.993314,0.97491,0.993765,0.002487,24,0.002449,24,0.488281,24,104.5,24,,0,0.109065,24
10,44,24,False,native,24,0.979185,0.976394,0.985606,0.009212,0.978456,0.970412,0.986821,0.952622,0.98835,24,0.989483,0.988056,0.992751,0.004695,0.989089,0.984983,0.993367,0.975736,0.994141,0.002396,24,0.00251,24,0.46875,24,103.5,24,,0,0.109096,24
10,45,24,False,native,24,0.979995,0.975881,0.985569,0.009689,0.978691,0.968566,0.986332,0.951334,0.989241,24,0.989896,0.987793,0.992732,0.004939,0.989208,0.984029,0.993119,0.97506,0.994591,0.0028,24,0.002335,24,0.482422,24,110.5,24,,0,0.109126,24
10,46,24,False,native,24,0.979112,0.97621,0.986051,0.00984,0.978825,0.968227,0.988305,0.953768,0.989241,24,0.989446,0.987962,0.992976,0.005014,0.989277,0.983857,0.994118,0.976337,0.994591,0.002686,24,0.002678,24,0.484375,24,99.0,24,,0,0.109242,24
10,47,24,False,native,24,0.979774,0.976688,0.984829,0.008141,0.978415,0.967704,0.986495,0.953195,0.987311,24,0.989784,0.988206,0.992357,0.00415,0.98907,0.983586,0.993202,0.976037,0.993615,0.002419,24,0.002472,24,0.482422,24,114.0,24,,0,0.109236,24
10,48,24,False,native,24,0.980658,0.97577,0.984274,0.008504,0.978776,0.972163,0.98786,0.953052,0.98835,24,0.990234,0.987737,0.992075,0.004338,0.989255,0.985885,0.993893,0.975962,0.994141,0.002335,24,0.00248,24,0.46875,24,110.0,24,,0,0.109251,24
10,49,24,False,native,24,0.97948,0.974671,0.984422,0.009751,0.979044,0.972309,0.987059,0.961975,0.988647,24,0.989633,0.987173,0.99215,0.004977,0.989399,0.98596,0.993487,0.980619,0.994291,0.002487,24,0.002464,24,0.478516,24,113.0,24,,0,0.109372,24
11,0,24,False,native,24,0.968503,0.961939,0.978487,0.016548,0.967602,0.945209,0.981852,0.929835,0.98835,24,0.983999,0.9806,0.989126,0.008526,0.98348,0.971807,0.990843,0.963642,0.994141,0.0,24,0.0,24,0.658203,24,130.0,24,0.999804,24,0.108311,24
11,1,24,False,native,24,0.97361,0.967557,0.979406,0.011849,0.972825,0.964262,0.982339,0.949905,0.985088,24,0.986629,0.983511,0.989596,0.006085,0.986206,0.981806,0.991091,0.974309,0.992488,0.001621,24,0.001644,24,0.59375,24,119.5,24,,0,0.1087,24
11,2,24,False,native,24,0.975294,0.96927,0.980768,0.011498,0.973464,0.95867,0.98457,0.951477,0.990579,24,0.987492,0.984394,0.990291,0.005897,0.986525,0.978899,0.992225,0.975135,0.995267,0.0,24,0.000759,24,0.560547,24,124.0,24,,0,0.10804,24
11,3,24,False,native,24,0.974416,0.964438,0.982132,0.017694,0.9733,0.955921,0.983609,0.951906,0.989241,24,0.987042,0.981896,0.990986,0.00909,0.986438,0.977464,0.991737,0.975361,0.994591,0.001434,24,0.00153,24,0.558594,24,119.0,24,,0,0.107819,24
11,4,24,False,native,24,0.975514,0.966003,0.982501,0.016499,0.97371,0.957575,0.985769,0.953195,0.990282,24,0.987605,0.982704,0.991173,0.00847,0.986647,0.978328,0.992834,0.976037,0.995117,0.001747,24,0.001705,24,0.554688,24,109.0,24,,0,0.107656,24
11,5,24,False,native,24,0.975954,0.967308,0.983609,0.016301,0.973837,0.954399,0.987281,0.949762,0.991473,24,0.987831,0.98338,0.991737,0.008357,0.986707,0.976668,0.9936,0.974234,0.995718,0.001675,24,0.001804,24,0.535156,24,111.0,24,,0,0.107426,24
11,6,24,False,native,24,0.976247,0.96913,0.984644,0.015515,0.9747,0.955165,0.986554,0.950333,0.990728,24,0.987981,0.984319,0.992263,0.007944,0.987151,0.977066,0.993232,0.974534,0.995343,0.001595,24,0.001873,24,0.529297,24,107.5,24,,0,0.107354,24
11,7,24,False,native,24,0.976101,0.969782,0.984312,0.01453,0.975111,0.95978,0.988587,0.950048,0.992218,24,0.987906,0.984657,0.992094,0.007437,0.987364,0.979477,0.994261,0.974384,0.996094,0.001614,24,0.001827,24,0.546875,24,101.5,24,,0,0.107256,24
11,8,24,False,native,24,0.977128,0.969458,0.985014,0.015556,0.975522,0.959535,0.989375,0.951334,0.991175,24,0.988431,0.984488,0.99245,0.007963,0.987574,0.979349,0.994659,0.97506,0.995568,0.001785,24,0.001831,24,0.539062,24,107.0,24,,0,0.107197,24
11,9,24,False,native,24,0.977716,0.969642,0.984535,0.014893,0.97545,0.95978,0.988647,0.949619,0.991175,24,0.988732,0.984582,0.992206,0.007625,0.987536,0.979477,0.994291,0.974159,0.995568,0.001789,24,0.001839,24,0.521484,24,101.5,24,,0,0.107109,24
11,10,24,False,native,24,0.976761,0.970984,0.9835,0.012516,0.975349,0.957575,0.98832,0.94805,0.991175,24,0.988244,0.985276,0.99168,0.006404,0.987486,0.978328,0.994126,0.973332,0.995568,0.001751,24,0.001778,24,0.533203,24,102.5,24,0.999819,24,0.107032,24
11,11,24,False,native,24,0.976027,0.971576,0.983721,0.012145,0.975346,0.959477,0.989568,0.950762,0.990877,24,0.987868,0.985577,0.991793,0.006216,0.987486,0.979319,0.994757,0.97476,0.995418,0.001781,24,0.001774,24,0.521484,24,105.5,24,,0,0.106959,24
11,12,24,False,native,24,0.976907,0.972015,0.98631,0.014295,0.976146,0.960285,0.98936,0.954342,0.990133,24,0.988319,0.985802,0.993108,0.007305,0.987899,0.97974,0.994651,0.976638,0.995042,0.001778,24,0.001926,24,0.533203,24,101.0,24,,0,0.106907,24
11,13,24,False,native,24,0.977715,0.97281,0.983426,0.010616,0.976275,0.959419,0.988676,0.956928,0.989984,24,0.988732,0.986215,0.991643,0.005427,0.987968,0.979289,0.994306,0.97799,0.994967,0.001766,24,0.001793,24,0.509766,24,103.0,24,,0,0.106843,24
11,14,24,False,native,24,0.977495,0.971567,0.983646,0.012079,0.976353,0.961483,0.988647,0.955203,0.990431,24,0.988619,0.985577,0.991756,0.006179,0.988009,0.980364,0.994291,0.977088,0.995192,0.001816,24,0.002007,24,0.513672,24,93.0,24,,0,0.106782,24
11,15,24,False,native,24,0.978156,0.972847,0.98435,0.011503,0.977131,0.962235,0.989806,0.960963,0.990728,24,0.988957,0.986234,0.992112,0.005878,0.98841,0.980754,0.994877,0.980093,0.995343,0.001911,24,0.002426,24,0.507812,24,104.5,24,,0,0.106759,24
11,16,24,False,native,24,0.978523,0.972667,0.981322,0.008655,0.976973,0.962597,0.990475,0.95952,0.991324,24,0.989145,0.98614,0.990572,0.004432,0.988328,0.980942,0.995215,0.979342,0.995643,0.001965,24,0.002151,24,0.515625,24,101.5,24,,0,0.106689,24
11,17,24,False,native,24,0.978376,0.972919,0.98217,0.009251,0.977213,0.963422,0.989836,0.959809,0.99192,24,0.98907,0.986272,0.991004,0.004733,0.988453,0.98137,0.994892,0.979492,0.995944,0.00206,24,0.002403,24,0.496094,24,102.0,24,,0,0.106625,24
11,18,24,False,native,24,0.978082,0.973398,0.981875,0.008476,0.977644,0.964175,0.990207,0.963856,0.991771,24,0.98892,0.986516,0.990854,0.004338,0.988676,0.981761,0.99508,0.981596,0.995868,0.001812,24,0.002502,24,0.5,24,95.5,24,,0,0.106567,24
11,19,24,False,native,24,0.978523,0.973543,0.983018,0.009475,0.978105,0.965974,0.989746,0.963567,0.991771,24,0.989145,0.986591,0.991436,0.004845,0.988914,0.982692,0.994847,0.981445,0.995868,0.002041,24,0.002388,24,0.5,24,98.0,24,,0,0.106507,24
11,20,24,False,native,24,0.97948,0.974235,0.983203,0.008968,0.978269,0.964205,0.989702,0.962988,0.992814,24,0.989633,0.986948,0.99153,0.004582,0.988995,0.981776,0.994824,0.981145,0.996394,0.00185,24,0.002155,24,0.472656,24,101.0,24,0.999817,24,0.106447,24
11,21,24,False,native,24,0.978009,0.973612,0.981727,0.008115,0.978129,0.966526,0.990832,0.963277,0.992516,24,0.988882,0.986629,0.990779,0.00415,0.988926,0.982978,0.995395,0.981295,0.996244,0.001678,24,0.002113,24,0.513672,24,102.0,24,,0,0.106389,24
11,22,24,False,native,24,0.979848,0.974124,0.98287,0.008746,0.978773,0.966933,0.991086,0.963132,0.992516,24,0.989821,0.986892,0.991361,0.00447,0.989255,0.983188,0.995523,0.98122,0.996244,0.002068,24,0.002533,24,0.478516,24,97.5,24,,0,0.106342,24
11,23,24,False,native,24,0.978818,0.975079,0.981837,0.006758,0.978443,0.967994,0.990684,0.964871,0.991473,24,0.989295,0.98738,0.990835,0.003456,0.989089,0.983736,0.99532,0.982121,0.995718,0.00209,24,0.002064,24,0.490234,24,99.5,24,,0,0.106301,24
11,24,24,False,native,24,0.978597,0.974234,0.982022,0.007788,0.97807,0.968183,0.989687,0.96212,0.990431,24,0.989183,0.986948,0.990929,0.003981,0.988898,0.983834,0.994817,0.980694,0.995192,0.002434,24,0.002106,24,0.490234,24,101.5,24,,0,0.106349,24
11,25,24,False,native,24,0.979774,0.973649,0.9818,0.008152,0.978091,0.968416,0.989524,0.958799,0.990728,24,0.989784,0.986647,0.990817,0.004169,0.988907,0.983954,0.994734,0.978966,0.995343,0.00169,24,0.002327,24,0.474609,24,103.0,24,,0,0.106307,24
11,26,24,False,native,24,0.977789,0.974745,0.982169,0.007425,0.978057,0.967179,0.990252,0.959953,0.991771,24,0.98877,0.987211,0.991004,0.003794,0.988888,0.983316,0.995102,0.979567,0.995868,0.002464,24,0.002113,24,0.509766,24,102.0,24,,0,0.106279,24
11,27,24,False,native,24,0.978965,0.973903,0.9818,0.007898,0.978022,0.967776,0.990341,0.961252,0.991324,24,0.98937,0.986779,0.990817,0.004038,0.988873,0.983624,0.995147,0.980243,0.995643,0.001976,24,0.001728,24,0.486328,24,99.5,24,,0,0.106265,24
11,28,24,False,native,24,0.978229,0.975477,0.9818,0.006323,0.978007,0.966279,0.98933,0.959232,0.991771,24,0.988995,0.987586,0.990817,0.00323,0.988863,0.98285,0.994636,0.979192,0.995868,0.002541,24,0.002411,24,0.496094,24,100.0,24,,0,0.106236,24
11,29,24,False,native,24,0.978744,0.975551,0.982944,0.007394,0.978964,0.970193,0.990237,0.962698,0.992665,24,0.989258,0.987624,0.991399,0.003775,0.989355,0.984871,0.995095,0.980995,0.996319,0.002426,24,0.001823,24,0.492188,24,107.0,24,,0,0.106233,24
11,30,24,False,native,24,0.978156,0.974708,0.982649,0.007941,0.978573,0.971141,0.990744,0.959953,0.993262,24,0.988957,0.987192,0.991248,0.004056,0.989155,0.985359,0.99535,0.979567,0.99662,0.001656,24,0.001881,24,0.509766,24,101.5,24,0.999815,24,0.10624,24
11,31,24,False,native,24,0.977862,0.975111,0.981137,0.006026,0.978254,0.969552,0.990222,0.961252,0.993113,24,0.988807,0.987399,0.990479,0.00308,0.988992,0.98454,0.995087,0.980243,0.996544,0.002388,24,0.002281,24,0.501953,24,103.0,24,,0,0.106193,24
11,32,24,False,native,24,0.978817,0.976137,0.982022,0.005885,0.978907,0.970616,0.990654,0.96212,0.991622,24,0.989295,0.987924,0.990929,0.003005,0.989327,0.985089,0.995305,0.980694,0.995793,0.002525,24,0.002396,24,0.488281,24,98.0,24,,0,0.10617,24
11,33,24,False,native,24,0.977054,0.975917,0.981874,0.005957,0.978533,0.969129,0.989955,0.964001,0.992516,24,0.988394,0.987812,0.990854,0.003042,0.989136,0.984322,0.994952,0.981671,0.996244,0.002022,24,0.001595,24,0.511719,24,100.0,24,,0,0.106156,24
11,34,24,False,native,24,0.979259,0.975844,0.982206,0.006362,0.979049,0.968663,0.990594,0.963856,0.99371,24,0.989521,0.987774,0.991023,0.003249,0.989399,0.984082,0.995275,0.981596,0.996845,0.002525,24,0.002197,24,0.484375,24,106.5,24,,0,0.106164,24
11,35,24,False,native,24,0.978891,0.976944,0.981911,0.004967,0.97872,0.965901,0.990699,0.962698,0.99192,24,0.989333,0.988338,0.990873,0.002535,0.98923,0.982655,0.995328,0.980995,0.995944,0.002281,24,0.002182,24,0.488281,24,103.0,24,,0,0.106119,24
11,36,24,False,native,24,0.977715,0.97588,0.981911,0.006031,0.978449,0.9667,0.989256,0.964146,0.993411,24,0.988732,0.987793,0.990873,0.00308,0.989092,0.983068,0.994599,0.981746,0.996695,0.001896,24,0.001648,24,0.517578,24,104.0,24,,0,0.106095,24
11,37,24,False,native,24,0.978597,0.976504,0.980805,0.004301,0.978782,0.969188,0.989464,0.963711,0.993113,24,0.989183,0.988112,0.990309,0.002197,0.989264,0.984352,0.994704,0.98152,0.996544,0.002388,24,0.002182,24,0.496094,24,108.0,24,,0,0.106206,24
11,38,24,False,native,24,0.978744,0.974781,0.981026,0.006245,0.978677,0.97082,0.98887,0.964726,0.992367,24,0.989258,0.98723,0.990422,0.003193,0.989211,0.985194,0.994404,0.982046,0.996169,0.002441,24,0.002319,24,0.484375,24,108.0,24,,0,0.106227,24
11,39,24,False,native,24,0.980069,0.974745,0.982575,0.00783,0.979351,0.969175,0.988617,0.964871,0.991771,24,0.989934,0.987211,0.991211,0.004,0.989555,0.984345,0.994276,0.982121,0.995868,0.002327,24,0.002625,24,0.478516,24,102.5,24,,0,0.106229,24
11,40,24,False,native,24,0.978303,0.974855,0.982169,0.007314,0.97883,0.970441,0.989003,0.965016,0.993411,24,0.989032,0.987267,0.991004,0.003737,0.989289,0.984998,0.994471,0.982197,0.996695,0.002121,24,0.001896,24,0.521484,24,104.5,24,0.999819,24,0.106196,24
11,41,24,False,native,24,0.979406,0.974232,0.982206,0.007974,0.978896,0.971477,0.988498,0.965886,0.991622,24,0.989596,0.986948,0.991023,0.004075,0.989324,0.985532,0.994216,0.982647,0.995793,0.002247,24,0.002068,24,0.482422,24,100.5,24,,0,0.106181,24
11,42,24,False,native,24,0.97845,0.975367,0.981948,0.00658,0.978715,0.972017,0.986258,0.966467,0.991771,24,0.989108,0.98753,0.990892,0.003362,0.989233,0.98581,0.993081,0.982948,0.995868,0.001919,24,0.00267,24,0.494141,24,97.0,24,,0,0.106224,24
11,43,24,False,native,24,0.979627,0.974232,0.981837,0.007605,0.97837,0.971199,0.98737,0.962264,0.992218,24,0.989709,0.986948,0.990835,0.003887,0.989054,0.985389,0.993645,0.980769,0.996094,0.002132,24,0.002209,24,0.484375,24,103.0,24,,0,0.106414,24
11,44,24,False,native,24,0.977568,0.974598,0.98121,0.006612,0.978368,0.970443,0.987177,0.964871,0.992069,24,0.988657,0.987136,0.990516,0.00338,0.989054,0.984998,0.993547,0.982121,0.996019,0.002602,24,0.002205,24,0.517578,24,99.0,24,,0,0.106397,24
11,45,24,False,native,24,0.979774,0.973793,0.981542,0.007749,0.978881,0.971681,0.985577,0.967775,0.993113,24,0.989784,0.986723,0.990685,0.003963,0.989317,0.985637,0.992736,0.983624,0.996544,0.002556,24,0.002579,24,0.492188,24,93.0,24,,0,0.106382,24
11,46,24,False,native,24,0.977935,0.97383,0.982243,0.008413,0.978435,0.97012,0.987326,0.966467,0.992218,24,0.988845,0.986741,0.991042,0.004301,0.989089,0.984833,0.993622,0.982948,0.996094,0.002075,24,0.00172,24,0.505859,24,102.0,24,,0,0.106514,24
11,47,24,False,native,24,0.978082,0.974562,0.981948,0.007386,0.978845,0.971477,0.987667,0.96763,0.992665,24,0.98892,0.987117,0.990892,0.003775,0.989299,0.985532,0.993795,0.983549,0.996319,0.002594,24,0.002426,24,0.517578,24,96.0,24,,0,0.106473,24
11,48,24,False,native,24,0.979112,0.97244,0.983868,0.011427,0.978037,0.968795,0.98755,0.963856,0.991771,24,0.989446,0.986028,0.991868,0.005841,0.988882,0.98415,0.993735,0.981596,0.995868,0.00267,24,0.002609,24,0.501953,24,101.0,24,,0,0.106472,24
11,49,24,False,native,24,0.97801,0.972623,0.983794,0.011171,0.977725,0.97171,0.986139,0.958367,0.992069,24,0.988882,0.986122,0.991831,0.005709,0.988719,0.985652,0.993021,0.978741,0.996019,0.002563,24,0.002525,24,0.505859,24,95.5,24,,0,0.106198,24
12,0,24,False,native,24,0.971199,0.963856,0.97599,0.012134,0.965836,0.943219,0.979451,0.911408,0.984052,24,0.985389,0.981596,0.987849,0.006254,0.982547,0.970778,0.989618,0.953651,0.991962,0.001465,24,0.0,24,0.613281,24,132.0,24,0.9997,24,0.107329,24
12,1,24,False,native,24,0.971564,0.967594,0.976651,0.009057,0.968235,0.943004,0.980246,0.931375,0.98568,24,0.985577,0.98353,0.988187,0.004657,0.983812,0.970666,0.990024,0.964468,0.992788,0.001694,24,0.001472,24,0.603516,24,125.0,24,,0,0.107892,24
12,2,24,False,native,24,0.973537,0.962376,0.978597,0.016221,0.967108,0.943534,0.980216,0.920785,0.983313,24,0.986591,0.980826,0.989183,0.008357,0.983214,0.970944,0.990009,0.958759,0.991587,0.001682,24,0.001705,24,0.59375,24,117.0,24,,0,0.107407,24
12,3,24,False,native,24,0.974563,0.959052,0.979369,0.020317,0.967138,0.94332,0.981409,0.917051,0.985976,24,0.987117,0.979098,0.989577,0.010479,0.983217,0.970831,0.990617,0.956731,0.992939,0.001549,24,0.002068,24,0.5625,24,120.0,24,,0,0.107007,24
12,4,24,False,native,24,0.975808,0.958187,0.979995,0.021808,0.967463,0.942185,0.982221,0.915533,0.985088,24,0.987755,0.978647,0.989896,0.011249,0.983377,0.970222,0.991031,0.955904,0.992488,0.001434,24,0.001526,24,0.533203,24,121.5,24,,0,0.106663,24
12,5,24,False,native,24,0.973976,0.952407,0.980584,0.028177,0.965896,0.94451,0.981808,0.913744,0.983757,24,0.986816,0.975623,0.990197,0.014573,0.982553,0.971462,0.99082,0.954928,0.991812,0.001507,24,0.00174,24,0.578125,24,123.5,24,,0,0.106355,24
12,6,24,False,native,24,0.975514,0.955709,0.980363,0.024655,0.967127,0.944702,0.982236,0.922033,0.987459,24,0.987605,0.977351,0.990084,0.012733,0.983208,0.971559,0.991038,0.959435,0.99369,0.00219,24,0.002274,24,0.548828,24,116.0,24,,0,0.106113,24
12,7,24,False,native,24,0.975515,0.957435,0.980842,0.023407,0.967276,0.945649,0.98324,0.923144,0.984348,24,0.987605,0.978253,0.990328,0.012076,0.983283,0.972063,0.991549,0.960036,0.992112,0.001751,24,0.001629,24,0.539062,24,115.5,24,,0,0.105972,24
12,8,24,False,native,24,0.975369,0.953553,0.980363,0.02681,0.966685,0.94515,0.981837,0.920231,0.98287,24,0.98753,0.976224,0.990084,0.01386,0.982979,0.9718,0.990835,0.958459,0.991361,0.002281,24,0.002266,24,0.548828,24,120.0,24,,0,0.105773,24
12,9,24,False,native,24,0.974781,0.954593,0.9804,0.025807,0.966891,0.945377,0.981896,0.920924,0.985088,24,0.98723,0.976769,0.990103,0.013334,0.983085,0.97192,0.990865,0.958834,0.992488,0.001251,24,0.00219,24,0.554688,24,113.5,24,,0,0.105612,24
12,10,24,False,native,24,0.975807,0.953984,0.980216,0.026232,0.967248,0.944174,0.982443,0.92509,0.9842,24,0.987755,0.97645,0.990009,0.013559,0.983273,0.971282,0.991143,0.961088,0.992037,0.00267,24,0.002296,24,0.548828,24,117.5,24,0.999773,24,0.105454,24
12,11,24,False,native,24,0.975734,0.955817,0.9804,0.024583,0.967304,0.945579,0.983033,0.924812,0.983609,24,0.987718,0.977408,0.990103,0.012695,0.983298,0.972025,0.991444,0.960938,0.991737,0.00264,24,0.002495,24,0.541016,24,118.0,24,,0,0.105288,24
12,12,24,False,native,24,0.976541,0.956355,0.979884,0.023529,0.967942,0.947311,0.983712,0.92509,0.985236,24,0.988131,0.977689,0.98984,0.012151,0.983633,0.972942,0.991789,0.961088,0.992563,0.002472,24,0.002617,24,0.53125,24,110.5,24,,0,0.105145,24
12,13,24,False,native,24,0.975224,0.957288,0.980879,0.023591,0.967869,0.946514,0.982737,0.921894,0.98494,24,0.987455,0.978178,0.990347,0.012169,0.983596,0.972521,0.991294,0.95936,0.992413,0.002533,24,0.002632,24,0.546875,24,112.0,24,,0,0.105021,24
12,14,24,False,native,24,0.975075,0.955311,0.979811,0.0245,0.967572,0.946273,0.983712,0.926762,0.985532,24,0.98738,0.977145,0.989802,0.012658,0.983442,0.972393,0.991789,0.961989,0.992713,0.002579,24,0.002686,24,0.556641,24,113.0,24,,0,0.104884,24
12,15,24,False,native,24,0.977421,0.956604,0.980216,0.023612,0.968375,0.949994,0.983373,0.929136,0.984348,24,0.988582,0.977821,0.990009,0.012188,0.983865,0.974354,0.991617,0.963266,0.992112,0.002609,24,0.002502,24,0.519531,24,106.0,24,,0,0.104778,24
12,16,24,False,native,24,0.97515,0.957144,0.980989,0.023846,0.968457,0.949607,0.984126,0.927878,0.985088,24,0.987417,0.978102,0.990403,0.012301,0.983902,0.974151,0.992,0.96259,0.992488,0.00251,24,0.00251,24,0.550781,24,109.5,24,,0,0.104632,24
12,17,24,False,native,24,0.975883,0.957539,0.980326,0.022787,0.968644,0.952452,0.983772,0.927041,0.985384,24,0.987793,0.978309,0.990065,0.011756,0.984003,0.975646,0.991819,0.962139,0.992638,0.002533,24,0.002533,24,0.537109,24,113.5,24,,0,0.104534,24
12,18,24,False,native,24,0.975222,0.95603,0.980768,0.024739,0.968594,0.950463,0.98324,0.932636,0.984496,24,0.987455,0.97752,0.990291,0.01277,0.983984,0.974602,0.991549,0.965144,0.992188,0.002472,24,0.002472,24,0.552734,24,111.0,24,,0,0.104402,24
12,19,24,False,native,24,0.97493,0.957503,0.980768,0.023265,0.968592,0.951292,0.982782,0.930814,0.984052,24,0.987305,0.97829,0.990291,0.012,0.983984,0.975038,0.991316,0.964168,0.991962,0.002464,24,0.002449,24,0.556641,24,110.0,24,,0,0.104285,24
12,20,24,False,native,24,0.973249,0.957216,0.980253,0.023037,0.96826,0.95175,0.981247,0.934321,0.983461,24,0.986441,0.97814,0.990028,0.011888,0.983818,0.975278,0.990535,0.966046,0.991662,0.002449,24,0.002441,24,0.589844,24,105.5,24,0.999759,24,0.104164,24
12,21,24,False,native,24,0.974711,0.958439,0.980953,0.022513,0.969621,0.952024,0.984378,0.934603,0.984792,24,0.987192,0.978779,0.990385,0.011606,0.984519,0.975421,0.992127,0.966196,0.992338,0.002457,24,0.002449,24,0.568359,24,108.5,24,,0,0.104052,24
12,22,24,False,native,24,0.975151,0.957935,0.981874,0.023939,0.969877,0.953768,0.984067,0.934462,0.987311,24,0.987417,0.978516,0.990854,0.012338,0.98465,0.976337,0.99197,0.966121,0.993615,0.002373,24,0.002396,24,0.556641,24,104.5,24,,0,0.103963,24
12,23,24,False,native,24,0.974494,0.958439,0.981395,0.022956,0.970086,0.954959,0.984259,0.938123,0.986273,24,0.987079,0.978779,0.99061,0.011831,0.984763,0.976961,0.992067,0.968074,0.993089,0.002403,24,0.002365,24,0.574219,24,103.5,24,,0,0.10387,24
12,24,24,False,native,24,0.974929,0.959448,0.980842,0.021394,0.969764,0.954342,0.983654,0.938123,0.984348,24,0.987305,0.979304,0.990328,0.011024,0.9846,0.976638,0.991759,0.968074,0.992112,0.002296,24,0.002411,24,0.568359,24,111.5,24,,0,0.103786,24
12,25,24,False,native,24,0.973611,0.959448,0.979516,0.020068,0.969554,0.957489,0.982339,0.939253,0.985976,24,0.986629,0.979304,0.989652,0.010348,0.9845,0.978283,0.991091,0.968675,0.992939,0.00238,24,0.002342,24,0.59375,24,110.5,24,,0,0.103704,24
12,26,24,False,native,24,0.974637,0.960061,0.980253,0.020191,0.969779,0.956683,0.982826,0.938406,0.985088,24,0.987154,0.979624,0.990028,0.010404,0.984613,0.977862,0.991339,0.968224,0.992488,0.002357,24,0.002281,24,0.585938,24,109.5,24,,0,0.103645,24
12,27,24,False,native,24,0.976028,0.958691,0.980805,0.022114,0.970325,0.956468,0.983077,0.937841,0.985532,24,0.987868,0.97891,0.990309,0.011399,0.984895,0.977749,0.991466,0.967924,0.992713,0.002403,24,0.00235,24,0.546875,24,106.5,24,,0,0.103532,24
12,28,24,False,native,24,0.975588,0.960855,0.979921,0.019066,0.970631,0.959131,0.983048,0.941515,0.986866,24,0.987643,0.980037,0.989859,0.009822,0.985057,0.979139,0.991451,0.969877,0.993389,0.002342,24,0.002373,24,0.556641,24,105.5,24,,0,0.103447,24
12,29,24,False,native,24,0.97508,0.957971,0.981026,0.023055,0.970803,0.956309,0.984378,0.9435,0.986421,24,0.98738,0.978534,0.990422,0.011888,0.985142,0.977667,0.992127,0.970928,0.993164,0.002342,24,0.002342,24,0.558594,24,107.5,24,,0,0.103391,24
12,30,24,False,native,24,0.974637,0.959484,0.9811,0.021616,0.970842,0.957777,0.984659,0.942507,0.985828,24,0.987154,0.979323,0.99046,0.011137,0.985164,0.978433,0.99227,0.970403,0.992864,0.002357,24,0.002319,24,0.568359,24,105.5,24,0.999761,24,0.103307,24
12,31,24,False,native,24,0.974343,0.961074,0.98121,0.020136,0.970227,0.953984,0.985459,0.940101,0.987162,24,0.987004,0.980149,0.990516,0.010367,0.984841,0.97645,0.992676,0.969126,0.99354,0.002327,24,0.002342,24,0.574219,24,105.0,24,,0,0.103218,24
12,32,24,False,native,24,0.975075,0.961001,0.980989,0.019988,0.970589,0.954028,0.984496,0.941091,0.987904,24,0.98738,0.980112,0.990403,0.010291,0.985029,0.976472,0.992188,0.969651,0.993915,0.002319,24,0.002335,24,0.564453,24,100.0,24,,0,0.103126,24
12,33,24,False,native,24,0.974855,0.96223,0.981985,0.019755,0.970911,0.95374,0.985147,0.9435,0.985532,24,0.987267,0.98075,0.99091,0.01016,0.985195,0.976322,0.992518,0.970928,0.992713,0.002312,24,0.002312,24,0.564453,24,99.0,24,,0,0.103041,24
12,34,24,False,native,24,0.976101,0.96194,0.982317,0.020377,0.971367,0.955605,0.985547,0.940666,0.985976,24,0.987906,0.9806,0.991079,0.010479,0.98543,0.977299,0.992721,0.969426,0.992939,0.002281,24,0.002327,24,0.539062,24,96.0,24,,0,0.102947,24
12,35,24,False,native,24,0.974928,0.961073,0.98228,0.021207,0.971608,0.955763,0.986243,0.940808,0.987756,24,0.987305,0.980149,0.991061,0.010911,0.985552,0.977381,0.993074,0.969501,0.99384,0.002228,24,0.002274,24,0.572266,24,103.5,24,,0,0.102853,24
12,36,24,False,native,24,0.974562,0.963209,0.981432,0.018223,0.971315,0.954529,0.985592,0.943925,0.988944,24,0.987117,0.981258,0.990629,0.009371,0.985405,0.976735,0.992743,0.971154,0.994441,0.002235,24,0.002281,24,0.574219,24,102.0,24,,0,0.102779,24
12,37,24,False,native,24,0.976174,0.963677,0.982391,0.018713,0.972478,0.955708,0.985991,0.944067,0.989092,24,0.987943,0.981502,0.991117,0.009615,0.986006,0.977351,0.992946,0.971229,0.994516,0.002274,24,0.002243,24,0.541016,24,105.5,24,,0,0.102746,24
12,38,24,False,native,24,0.975075,0.96426,0.982428,0.018168,0.971977,0.954129,0.985947,0.944777,0.988201,24,0.98738,0.981802,0.991136,0.009334,0.985746,0.976525,0.992924,0.971605,0.994066,0.002205,24,0.002258,24,0.568359,24,96.5,24,,0,0.102676,24
12,39,24,False,native,24,0.975368,0.965637,0.981837,0.016201,0.972594,0.956396,0.985488,0.945203,0.98835,24,0.98753,0.982516,0.990835,0.00832,0.986068,0.977712,0.992691,0.97183,0.994141,0.002197,24,0.002213,24,0.544922,24,100.5,24,,0,0.102603,24
12,40,24,False,native,24,0.973464,0.963897,0.981358,0.017461,0.971612,0.953068,0.985369,0.946199,0.988795,24,0.986553,0.981614,0.990591,0.008977,0.985561,0.975969,0.992631,0.972356,0.994366,0.002182,24,0.002121,24,0.59375,24,110.0,24,0.999793,24,0.102482,24
12,41,24,False,native,24,0.973756,0.964511,0.981358,0.016847,0.971692,0.951821,0.985799,0.945203,0.988053,24,0.986704,0.981934,0.990591,0.008658,0.985602,0.975316,0.992849,0.97183,0.99399,0.002151,24,0.002136,24,0.589844,24,109.5,24,,0,0.102418,24
12,42,24,False,native,24,0.972806,0.965345,0.981432,0.016087,0.971874,0.954715,0.987356,0.94805,0.98939,24,0.986215,0.982366,0.990629,0.008263,0.985699,0.976833,0.993637,0.973332,0.994666,0.002121,24,0.002136,24,0.597656,24,104.0,24,,0,0.102384,24
12,43,24,False,native,24,0.973976,0.966039,0.980437,0.014398,0.971955,0.954486,0.985458,0.948478,0.987311,24,0.986816,0.982722,0.990122,0.007399,0.985743,0.976713,0.992676,0.973558,0.993615,0.002113,24,0.00209,24,0.578125,24,108.5,24,,0,0.102327,24
12,44,24,False,native,24,0.975074,0.966726,0.980621,0.013895,0.972208,0.953153,0.987207,0.94691,0.990431,24,0.98738,0.983079,0.990216,0.007136,0.985868,0.976014,0.993562,0.972731,0.995192,0.002052,24,0.002121,24,0.578125,24,105.0,24,,0,0.102201,24
12,45,24,False,native,24,0.974196,0.966327,0.980953,0.014625,0.971643,0.951835,0.986378,0.943641,0.989984,24,0.986929,0.982873,0.990385,0.007512,0.985574,0.975323,0.993142,0.971004,0.994967,0.002068,24,0.002052,24,0.5625,24,109.5,24,,0,0.101958,24
12,46,24,False,native,24,0.974197,0.963824,0.979995,0.016171,0.971093,0.955663,0.986762,0.942082,0.989836,24,0.986929,0.981577,0.989896,0.00832,0.985292,0.977329,0.993337,0.970177,0.994892,0.002052,24,0.001984,24,0.587891,24,99.0,24,,0,0.101708,24
12,47,24,False,native,24,0.97383,0.964776,0.978377,0.013601,0.970176,0.950934,0.985251,0.943641,0.986866,24,0.986741,0.982065,0.98907,0.007005,0.984819,0.97485,0.992571,0.971004,0.993389,0.001984,24,0.001961,24,0.597656,24,102.0,24,,0,0.101302,24
12,48,24,False,native,24,0.973904,0.962925,0.977862,0.014937,0.969688,0.951649,0.984585,0.942649,0.985976,24,0.986779,0.981107,0.988807,0.0077,0.984569,0.975225,0.992233,0.970478,0.992939,0.001968,24,0.001968,24,0.582031,24,99.5,24,,0,0.10093,24
12,49,24,False,native,24,0.973537,0.952944,0.978707,0.025763,0.967788,0.949948,0.981498,0.942507,0.984496,24,0.986591,0.975905,0.989239,0.013334,0.983583,0.974331,0.990663,0.970403,0.992188,0.001839,24,0.001869,24,0.595703,24,95.5,24,,0,0.100385,24
13,0,24,False,native,24,0.960025,0.954414,0.967884,0.013471,0.960745,0.949763,0.973844,0.926205,0.98228,24,0.979605,0.976675,0.98368,0.007005,0.979943,0.974234,0.986749,0.961689,0.991061,0.0,24,0.0,24,0.736328,24,157.5,24,0.999688,24,0.10749,24
13,1,24,False,native,24,0.962264,0.960205,0.971637,0.011432,0.964474,0.952436,0.975397,0.949762,0.983609,24,0.980769,0.979699,0.985614,0.005916,0.981896,0.975639,0.987545,0.974234,0.991737,0.0,24,0.0,24,0.707031,24,149.0,24,,0,0.108384,24
13,2,24,False,native,24,0.97047,0.965161,0.977495,0.012334,0.968667,0.954587,0.982841,0.937277,0.985976,24,0.985014,0.982272,0.988619,0.006348,0.984043,0.976765,0.991346,0.967623,0.992939,0.000328,24,0.0,24,0.638672,24,129.5,24,,0,0.108834,24
13,3,24,False,native,24,0.971126,0.964327,0.978855,0.014527,0.969502,0.959578,0.983417,0.930254,0.9842,24,0.985352,0.98184,0.989314,0.007474,0.984469,0.979372,0.991639,0.963867,0.992037,0.000683,24,0.0,24,0.605469,24,130.5,24,,0,0.109146,24
13,4,24,False,native,24,0.974049,0.96556,0.979259,0.013699,0.97049,0.95631,0.983594,0.931515,0.986125,24,0.986854,0.982478,0.989521,0.007043,0.984976,0.977667,0.991729,0.964543,0.993014,0.0,24,0.000437,24,0.580078,24,128.5,24,,0,0.109217,24
13,5,24,False,native,24,0.975001,0.969415,0.980916,0.011501,0.971247,0.953639,0.98225,0.929415,0.985236,24,0.987342,0.984469,0.990366,0.005897,0.985361,0.97627,0.991046,0.963416,0.992563,0.0,24,0.001534,24,0.568359,24,123.5,24,,0,0.109341,24
13,6,24,False,native,24,0.975514,0.969632,0.980952,0.011321,0.972017,0.956914,0.983993,0.9339,0.986866,24,0.987605,0.984582,0.990385,0.005803,0.985762,0.977982,0.991932,0.96582,0.993389,0.000744,24,0.001423,24,0.546875,24,126.0,24,,0,0.109383,24
13,7,24,False,native,24,0.975441,0.969414,0.982354,0.012939,0.972393,0.95654,0.98457,0.934181,0.985828,24,0.987568,0.984469,0.991098,0.006629,0.985956,0.977787,0.992225,0.965971,0.992864,0.000668,24,0.001438,24,0.544922,24,122.5,24,,0,0.109375,24
13,8,24,False,native,24,0.976908,0.97215,0.981616,0.009466,0.973377,0.956787,0.983934,0.936009,0.987607,24,0.988319,0.985877,0.990723,0.004845,0.986463,0.977915,0.991902,0.966947,0.993765,0.001568,24,0.000721,24,0.513672,24,124.5,24,,0,0.1094,24
13,9,24,False,native,24,0.976761,0.972734,0.981911,0.009177,0.973187,0.957331,0.983964,0.931235,0.986125,24,0.988244,0.986178,0.990873,0.004695,0.986363,0.9782,0.991917,0.964393,0.993014,0.001743,24,0.001553,24,0.529297,24,124.0,24,,0,0.109408,24
13,10,24,False,native,24,0.978229,0.970871,0.981505,0.010635,0.973477,0.959333,0.983565,0.933338,0.987014,24,0.988995,0.98522,0.990666,0.005446,0.986513,0.979244,0.991714,0.96552,0.993465,0.001667,24,0.001328,24,0.517578,24,115.5,24,0.999791,24,0.109434,24
13,11,24,False,native,24,0.978303,0.97226,0.98287,0.01061,0.974425,0.960618,0.985015,0.937982,0.987607,24,0.989032,0.985934,0.991361,0.005427,0.987004,0.979913,0.99245,0.967999,0.993765,0.001396,24,0.001415,24,0.509766,24,120.5,24,,0,0.109477,24
13,12,24,False,native,24,0.978083,0.975038,0.982243,0.007205,0.974689,0.959969,0.984644,0.932216,0.988201,24,0.98892,0.987361,0.991042,0.003681,0.987133,0.979575,0.992263,0.964919,0.994066,0.002174,24,0.002213,24,0.496094,24,113.0,24,,0,0.109493,24
13,13,24,False,native,24,0.979553,0.974672,0.983055,0.008383,0.975512,0.962655,0.98611,0.937136,0.989241,24,0.989671,0.987173,0.991455,0.004282,0.987558,0.980972,0.993006,0.967548,0.994591,0.002251,24,0.002174,24,0.464844,24,112.5,24,,0,0.109529,24
13,14,24,False,native,24,0.981911,0.972989,0.984274,0.011285,0.976015,0.960979,0.986643,0.938264,0.988053,24,0.990873,0.986309,0.992075,0.005765,0.987815,0.980101,0.993277,0.968149,0.99399,0.001793,24,0.002113,24,0.429688,24,113.5,24,,0,0.109564,24
13,15,24,False,native,24,0.980289,0.974598,0.982944,0.008346,0.975842,0.961831,0.985562,0.937136,0.987904,24,0.990047,0.987136,0.991399,0.004263,0.98773,0.980544,0.992728,0.967548,0.993915,0.002678,24,0.002205,24,0.462891,24,115.0,24,,0,0.10956,24
13,16,24,False,native,24,0.981174,0.972222,0.983905,0.011683,0.975934,0.962945,0.985799,0.939394,0.987459,24,0.990497,0.985915,0.991887,0.005972,0.98778,0.981122,0.992849,0.96875,0.99369,0.002197,24,0.002037,24,0.451172,24,114.0,24,,0,0.109595,24
13,17,24,False,native,24,0.981174,0.974232,0.983683,0.009451,0.976406,0.961716,0.985251,0.939111,0.987459,24,0.990497,0.986948,0.991774,0.004826,0.988025,0.980484,0.992571,0.9686,0.99369,0.002274,24,0.002434,24,0.455078,24,109.0,24,,0,0.109674,24
13,18,24,False,native,24,0.981247,0.973903,0.984052,0.01015,0.976527,0.963393,0.984896,0.942932,0.989241,24,0.990535,0.986779,0.991962,0.005183,0.988087,0.981355,0.99239,0.970628,0.994591,0.002625,24,0.002083,24,0.458984,24,108.5,24,,0,0.109728,24
13,19,24,False,native,24,0.980732,0.975184,0.983351,0.008167,0.976586,0.963742,0.986748,0.942224,0.988498,24,0.990272,0.987436,0.991605,0.004169,0.988118,0.981535,0.993329,0.970252,0.994216,0.001923,24,0.002663,24,0.460938,24,110.5,24,,0,0.109798,24
13,20,24,False,native,24,0.979848,0.973464,0.983942,0.010478,0.976406,0.964045,0.985443,0.944209,0.986717,24,0.989821,0.986553,0.991906,0.005352,0.988031,0.981693,0.992668,0.971304,0.993314,0.002197,24,0.002502,24,0.488281,24,112.0,24,0.999791,24,0.10985,24
13,21,24,False,native,24,0.980879,0.974599,0.98457,0.009971,0.977071,0.962323,0.986228,0.945203,0.988201,24,0.990347,0.987136,0.992225,0.005089,0.988372,0.980799,0.993066,0.97183,0.994066,0.002419,24,0.002525,24,0.464844,24,116.5,24,,0,0.109885,24
13,22,24,False,native,24,0.981026,0.973648,0.984496,0.010848,0.976953,0.966482,0.986821,0.945346,0.987607,24,0.990422,0.986647,0.992188,0.00554,0.988309,0.982955,0.993367,0.971905,0.993765,0.002365,24,0.002472,24,0.455078,24,109.5,24,,0,0.109938,24
13,23,24,False,native,24,0.982723,0.974086,0.984533,0.010447,0.977642,0.964277,0.985665,0.948193,0.988498,24,0.991286,0.986873,0.992206,0.005334,0.988666,0.981813,0.992781,0.973407,0.994216,0.00248,24,0.002434,24,0.417969,24,108.5,24,,0,0.109996,24
13,24,24,False,native,24,0.981247,0.974342,0.984237,0.009895,0.977442,0.964074,0.986673,0.946341,0.988795,24,0.990535,0.987004,0.992056,0.005052,0.988563,0.981708,0.993292,0.972431,0.994366,0.002457,24,0.002464,24,0.455078,24,112.5,24,,0,0.10999,24
13,25,24,False,native,24,0.982132,0.975917,0.9842,0.008283,0.977707,0.963625,0.985488,0.94691,0.986866,24,0.990986,0.987812,0.992037,0.004226,0.988701,0.981475,0.992691,0.972731,0.993389,0.002632,24,0.002434,24,0.435547,24,110.0,24,,0,0.110041,24
13,26,24,False,native,24,0.982501,0.976431,0.984755,0.008324,0.978339,0.964264,0.98691,0.946057,0.988647,24,0.991173,0.988075,0.992319,0.004244,0.989023,0.981806,0.993412,0.972281,0.994291,0.002625,24,0.002335,24,0.433594,24,106.5,24,,0,0.110064,24
13,27,24,False,native,24,0.981174,0.973318,0.984644,0.011327,0.977883,0.966104,0.986777,0.945488,0.98939,24,0.990497,0.986478,0.992263,0.005784,0.988788,0.98276,0.993344,0.97198,0.994666,0.002457,24,0.002243,24,0.445312,24,109.5,24,,0,0.110101,24
13,28,24,False,native,24,0.981616,0.975111,0.984792,0.009681,0.978444,0.965074,0.986228,0.952908,0.98939,24,0.990723,0.987399,0.992338,0.004939,0.989079,0.982227,0.993066,0.975886,0.994666,0.002586,24,0.002533,24,0.427734,24,110.5,24,,0,0.110147,24
13,29,24,False,native,24,0.980952,0.975734,0.984311,0.008578,0.978425,0.966368,0.986777,0.951906,0.98939,24,0.990385,0.987718,0.992094,0.004376,0.989073,0.982895,0.993344,0.975361,0.994666,0.00248,24,0.002159,24,0.466797,24,110.0,24,,0,0.110184,24
13,30,24,False,native,24,0.980879,0.974452,0.984496,0.010044,0.978244,0.966961,0.986036,0.953052,0.987756,24,0.990347,0.987061,0.992188,0.005127,0.988982,0.983203,0.992969,0.975962,0.99384,0.002014,24,0.001999,24,0.449219,24,110.0,24,0.999785,24,0.110204,24
13,31,24,False,native,24,0.981026,0.975661,0.984792,0.009131,0.97876,0.968372,0.986451,0.955778,0.988201,24,0.990422,0.98768,0.992338,0.004657,0.989248,0.983932,0.993179,0.977389,0.994066,0.002663,24,0.002518,24,0.449219,24,111.5,24,,0,0.110264,24
13,32,24,False,native,24,0.981837,0.974342,0.983942,0.0096,0.978499,0.96673,0.986599,0.954198,0.989687,24,0.990835,0.987004,0.991906,0.004902,0.989114,0.983083,0.993254,0.976562,0.994817,0.002602,24,0.001549,24,0.445312,24,121.0,24,,0,0.1103,24
13,33,24,False,native,24,0.980658,0.975001,0.983868,0.008867,0.978345,0.968459,0.986377,0.954055,0.988053,24,0.990234,0.987342,0.991868,0.004526,0.989036,0.983977,0.993142,0.976487,0.99399,0.002274,24,0.002609,24,0.455078,24,109.0,24,,0,0.110327,24
13,34,24,False,native,24,0.981837,0.973756,0.984163,0.010407,0.978626,0.969188,0.987667,0.956065,0.989241,24,0.990835,0.986704,0.992018,0.005315,0.98918,0.984352,0.993795,0.977539,0.994591,0.00219,24,0.002716,24,0.443359,24,117.5,24,,0,0.110346,24
13,35,24,False,native,24,0.981026,0.975738,0.984903,0.009165,0.978628,0.969144,0.985932,0.956928,0.987014,24,0.990422,0.987718,0.992394,0.004676,0.989183,0.98433,0.992916,0.97799,0.993465,0.002365,24,0.002678,24,0.4375,24,109.5,24,,0,0.110366,24
13,36,24,False,native,24,0.98051,0.975663,0.984459,0.008796,0.978845,0.969595,0.987711,0.95664,0.98835,24,0.990159,0.98768,0.992169,0.004488,0.989292,0.984563,0.993818,0.97784,0.994141,0.002518,24,0.002609,24,0.464844,24,117.0,24,,0,0.110355,24
13,37,24,False,native,24,0.980879,0.976762,0.985088,0.008326,0.978809,0.969129,0.986376,0.958367,0.988795,24,0.990347,0.988244,0.992488,0.004244,0.989273,0.984322,0.993142,0.978741,0.994366,0.002686,24,0.002602,24,0.462891,24,117.5,24,,0,0.110364,24
13,38,24,False,native,24,0.980953,0.975551,0.984459,0.008908,0.978731,0.968634,0.986851,0.958511,0.988647,24,0.990385,0.987624,0.992169,0.004545,0.989236,0.984067,0.993382,0.978816,0.994291,0.002647,24,0.002525,24,0.447266,24,114.5,24,,0,0.110355,24
13,39,24,False,native,24,0.980805,0.975697,0.984348,0.008651,0.979002,0.971243,0.986362,0.960819,0.988201,24,0.990309,0.987699,0.992112,0.004413,0.989377,0.985412,0.993134,0.980018,0.994066,0.002388,24,0.002716,24,0.458984,24,115.0,24,,0,0.110366,24
13,40,24,False,native,24,0.979921,0.977091,0.984052,0.006962,0.978767,0.968707,0.986525,0.959953,0.989241,24,0.989859,0.988413,0.991962,0.003549,0.989255,0.984105,0.993217,0.979567,0.994591,0.002617,24,0.002823,24,0.470703,24,107.5,24,0.999789,24,0.110348,24
13,41,24,False,native,24,0.980584,0.976028,0.983831,0.007803,0.978861,0.970324,0.986481,0.96183,0.989092,24,0.990197,0.987868,0.991849,0.003981,0.989305,0.984938,0.993194,0.980544,0.994516,0.002373,24,0.002396,24,0.46875,24,117.0,24,,0,0.110321,24
13,42,24,False,native,24,0.980584,0.975954,0.983572,0.007618,0.97896,0.969348,0.988023,0.963277,0.988944,24,0.990197,0.987831,0.991718,0.003887,0.989355,0.984435,0.993975,0.981295,0.994441,0.002419,24,0.002625,24,0.462891,24,115.0,24,,0,0.11029,24
13,43,24,False,native,24,0.980142,0.975807,0.985569,0.009762,0.979306,0.9705,0.987771,0.961541,0.990579,24,0.989971,0.987755,0.992732,0.004977,0.98953,0.985029,0.993848,0.980394,0.995267,0.001633,24,0.002533,24,0.466797,24,114.5,24,,0,0.110283,24
13,44,24,False,native,24,0.980952,0.974891,0.983461,0.00857,0.979193,0.968301,0.988127,0.962698,0.990877,24,0.990385,0.987286,0.991662,0.004376,0.989474,0.983894,0.994028,0.980995,0.995418,0.002823,24,0.002686,24,0.458984,24,115.0,24,,0,0.110222,24
13,45,24,False,native,24,0.980216,0.976174,0.984237,0.008064,0.979499,0.967179,0.988617,0.965596,0.989687,24,0.990009,0.987943,0.992056,0.004113,0.98963,0.983316,0.994276,0.982497,0.994817,0.002144,24,0.001793,24,0.476562,24,121.0,24,,0,0.11015,24
13,46,24,False,native,24,0.980584,0.973208,0.983203,0.009994,0.97904,0.969828,0.989286,0.964871,0.989984,24,0.990197,0.986422,0.99153,0.005108,0.989396,0.984683,0.994614,0.982121,0.994967,0.002655,24,0.002014,24,0.460938,24,119.0,24,,0,0.109989,24
13,47,24,False,native,24,0.979995,0.973939,0.983498,0.009559,0.979005,0.967587,0.988602,0.963567,0.990282,24,0.989896,0.986798,0.99168,0.004883,0.989377,0.983526,0.994268,0.981445,0.995117,0.00264,24,0.002411,24,0.464844,24,120.5,24,,0,0.109731,24
13,48,24,False,native,24,0.979553,0.975112,0.984089,0.008978,0.979257,0.970178,0.988483,0.965741,0.989538,24,0.989671,0.987399,0.991981,0.004582,0.989508,0.984863,0.994208,0.982572,0.994742,0.002617,24,0.002426,24,0.482422,24,119.5,24,,0,0.109309,24
13,49,24,False,native,24,0.980805,0.97588,0.98568,0.0098,0.980581,0.971856,0.989271,0.969085,0.991622,24,0.990309,0.987793,0.992788,0.004995,0.990184,0.985727,0.994606,0.9843,0.995793,0.002861,24,0.002495,24,0.458984,24,105.5,24,,0,0.108603,24
14,0,24,False,native,24,0.965889,0.960639,0.971491,0.010852,0.96587,0.956266,0.977377,0.94279,0.978597,24,0.982647,0.979924,0.985539,0.005615,0.982619,0.977644,0.988559,0.970553,0.989183,0.0,24,0.0,24,0.693359,24,147.5,24,0.999781,24,0.108484,24
14,1,24,False,native,24,0.967412,0.961325,0.975258,0.013934,0.967342,0.957287,0.978112,0.942365,0.981985,24,0.983436,0.980281,0.987474,0.007193,0.983377,0.978178,0.988935,0.970328,0.99091,0.0,24,0.0,24,0.677734,24,151.0,24,,0,0.109046,24
14,2,24,False,native,24,0.968139,0.964981,0.971929,0.006948,0.968712,0.959737,0.979583,0.954342,0.984052,24,0.983812,0.982178,0.985765,0.003587,0.984093,0.979455,0.989686,0.976638,0.991962,0.0,24,0.0,24,0.669922,24,148.0,24,,0,0.109022,24
14,3,24,False,native,24,0.968794,0.963313,0.971163,0.007849,0.969115,0.961195,0.98147,0.957935,0.983609,24,0.98415,0.981314,0.98537,0.004056,0.984303,0.980213,0.990648,0.978516,0.991737,0.0,24,0.0,24,0.662109,24,137.5,24,,0,0.109041,24
14,4,24,False,native,24,0.969814,0.964074,0.972769,0.008696,0.969742,0.962178,0.980792,0.956496,0.985384,24,0.984675,0.981708,0.986197,0.004488,0.984625,0.980724,0.990302,0.977764,0.992638,0.0,24,0.0,24,0.65625,24,141.5,24,,0,0.109032,24
14,5,24,False,native,24,0.970105,0.966576,0.975074,0.008498,0.970345,0.960862,0.979656,0.960097,0.982723,24,0.984826,0.983004,0.98738,0.004376,0.984938,0.980041,0.989724,0.979642,0.991286,0.0,24,0.0,24,0.634766,24,136.0,24,,0,0.10915,24
14,6,24,False,native,24,0.972367,0.969595,0.974598,0.005003,0.971742,0.962438,0.978274,0.960386,0.983757,24,0.98599,0.984563,0.987136,0.002573,0.985658,0.980859,0.989017,0.979793,0.991812,0.0,24,0.0,24,0.59375,24,138.0,24,,0,0.109273,24
14,7,24,False,native,24,0.972002,0.96694,0.974232,0.007292,0.97078,0.961223,0.979673,0.956496,0.982427,24,0.985802,0.983192,0.986948,0.003756,0.985161,0.980228,0.989731,0.977764,0.991136,0.0,24,0.0,24,0.607422,24,131.5,24,,0,0.109306,24
14,8,24,False,native,24,0.972733,0.966686,0.975257,0.008572,0.971666,0.963292,0.980631,0.958367,0.98494,24,0.986178,0.98306,0.987474,0.004413,0.985618,0.981303,0.990219,0.978741,0.992413,0.0,24,0.000648,24,0.607422,24,130.0,24,,0,0.109323,24
14,9,24,False,native,24,0.972367,0.969704,0.975221,0.005516,0.971772,0.964741,0.979658,0.956209,0.982132,24,0.98599,0.984619,0.987455,0.002836,0.985674,0.982054,0.989724,0.977614,0.990986,0.0,24,0.0,24,0.601562,24,131.5,24,,0,0.109308,24
14,10,24,False,native,24,0.973171,0.96894,0.975331,0.006391,0.972075,0.965437,0.977935,0.956352,0.983313,24,0.986403,0.984225,0.987511,0.003287,0.98583,0.982414,0.988845,0.977689,0.991587,0.00029,24,0.0,24,0.589844,24,130.0,24,0.999832,24,0.109266,24
14,11,24,False,native,24,0.973244,0.968977,0.975587,0.006611,0.972238,0.963465,0.979127,0.960963,0.982575,24,0.986441,0.984244,0.987643,0.003399,0.985915,0.981393,0.989453,0.980093,0.991211,0.0,24,0.0,24,0.59375,24,128.5,24,,0,0.109285,24
14,12,24,False,native,24,0.97361,0.970035,0.976357,0.006323,0.972378,0.9639,0.977348,0.96053,0.982427,24,0.986629,0.984788,0.988037,0.003249,0.985987,0.981618,0.988544,0.979868,0.991136,0.0,24,0.0,24,0.576172,24,128.5,24,,0,0.109263,24
14,13,24,False,native,24,0.973683,0.969852,0.977238,0.007385,0.973026,0.964871,0.980452,0.960963,0.984496,24,0.986666,0.984694,0.988488,0.003794,0.986319,0.982121,0.990129,0.980093,0.992188,0.0,24,0.0,24,0.580078,24,131.5,24,,0,0.109231,24
14,14,24,False,native,24,0.973976,0.968466,0.976027,0.007561,0.973209,0.967092,0.979421,0.962553,0.983757,24,0.986816,0.983981,0.987868,0.003887,0.986416,0.983271,0.989603,0.980919,0.991812,0.0,24,0.0,24,0.582031,24,132.5,24,,0,0.109199,24
14,15,24,False,native,24,0.975221,0.969887,0.976981,0.007093,0.973447,0.965741,0.978229,0.963711,0.982575,24,0.987455,0.984713,0.988356,0.003643,0.986538,0.982572,0.988995,0.98152,0.991211,0.0,24,0.000805,24,0.572266,24,127.5,24,,0,0.109224,24
14,16,24,False,native,24,0.975514,0.970616,0.977054,0.006439,0.97423,0.967077,0.979215,0.965161,0.981395,24,0.987605,0.985089,0.988394,0.003305,0.986942,0.983263,0.989498,0.982272,0.99061,0.000671,24,0.0,24,0.556641,24,129.0,24,,0,0.1092,24
14,17,24,False,native,24,0.974635,0.971641,0.976467,0.004826,0.973277,0.964567,0.978303,0.963132,0.980952,24,0.987154,0.985614,0.988093,0.002479,0.98645,0.981964,0.989032,0.98122,0.990385,0.0,24,0.0,24,0.566406,24,130.0,24,,0,0.109173,24
14,18,24,False,native,24,0.974928,0.972295,0.977458,0.005163,0.974133,0.966947,0.9792,0.964291,0.980068,24,0.987305,0.985953,0.988601,0.002648,0.986892,0.983196,0.989491,0.981821,0.989934,0.0,24,0.000786,24,0.558594,24,128.0,24,,0,0.109139,24
14,19,24,False,native,24,0.975514,0.972991,0.977422,0.00443,0.974606,0.966816,0.980319,0.963132,0.983018,24,0.987605,0.986309,0.988582,0.002272,0.987133,0.983128,0.990062,0.98122,0.991436,0.001507,24,0.000759,24,0.548828,24,128.5,24,,0,0.109112,24
14,20,24,False,native,24,0.975294,0.97204,0.977862,0.005822,0.974515,0.966395,0.980084,0.964871,0.984348,24,0.987492,0.985821,0.988807,0.002986,0.987086,0.98291,0.989941,0.982121,0.992112,0.0,24,0.001743,24,0.560547,24,118.5,24,0.999823,24,0.109085,24
14,21,24,False,native,24,0.976174,0.971346,0.978597,0.007251,0.974297,0.965509,0.980363,0.963422,0.982427,24,0.987943,0.985464,0.989183,0.003718,0.986973,0.982452,0.990084,0.98137,0.991136,0.001678,24,0.001579,24,0.544922,24,125.0,24,,0,0.109032,24
14,22,24,False,native,24,0.973976,0.970908,0.977054,0.006147,0.973831,0.965814,0.980289,0.964146,0.982427,24,0.986816,0.985239,0.988394,0.003155,0.986735,0.98261,0.990047,0.981746,0.991136,0.001472,24,0.0,24,0.572266,24,130.0,24,,0,0.109016,24
14,23,24,False,native,24,0.975734,0.973318,0.97834,0.005022,0.974484,0.965916,0.98023,0.962553,0.981985,24,0.987718,0.986478,0.989051,0.002573,0.98707,0.982662,0.990017,0.980919,0.99091,0.00069,24,0.0,24,0.558594,24,128.0,24,,0,0.108994,24
14,24,24,False,native,24,0.975514,0.970288,0.978634,0.008345,0.974058,0.965959,0.980731,0.964146,0.98169,24,0.987605,0.98492,0.989201,0.004282,0.986851,0.982685,0.990272,0.981746,0.99076,0.0,24,0.001614,24,0.548828,24,121.5,24,,0,0.108973,24
14,25,24,False,native,24,0.9761,0.970506,0.978009,0.007503,0.97424,0.967267,0.980024,0.962698,0.980658,24,0.987906,0.985032,0.988882,0.00385,0.986945,0.983361,0.989911,0.980995,0.990234,0.001194,24,0.001484,24,0.542969,24,126.5,24,,0,0.108986,24
14,26,24,False,native,24,0.973976,0.971163,0.977054,0.005891,0.973586,0.966744,0.979509,0.962843,0.981395,24,0.986816,0.98537,0.988394,0.003024,0.98661,0.98309,0.989648,0.98107,0.99061,0.001514,24,0.0,24,0.572266,24,128.5,24,,0,0.108943,24
14,27,24,False,native,24,0.97383,0.971236,0.977642,0.006406,0.973953,0.967179,0.980363,0.963132,0.98228,24,0.986741,0.985408,0.988694,0.003287,0.986798,0.983316,0.990084,0.98122,0.991061,0.000626,24,0.001389,24,0.587891,24,126.5,24,,0,0.108942,24
14,28,24,False,native,24,0.97566,0.973756,0.977899,0.004142,0.974862,0.96763,0.981159,0.96212,0.981837,24,0.98768,0.986704,0.988826,0.002122,0.987264,0.983549,0.99049,0.980694,0.990835,0.000713,24,0.001598,24,0.537109,24,122.5,24,,0,0.108932,24
14,29,24,False,native,24,0.975367,0.971637,0.977899,0.006261,0.974453,0.966468,0.980039,0.963422,0.984644,24,0.98753,0.985614,0.988826,0.003211,0.987054,0.982948,0.989919,0.98137,0.992263,0.002312,24,0.00164,24,0.544922,24,120.5,24,,0,0.10895,24
14,30,24,False,native,24,0.97566,0.97109,0.978046,0.006956,0.974301,0.96622,0.97945,0.96212,0.984052,24,0.98768,0.985333,0.988901,0.003568,0.986976,0.98282,0.989618,0.980694,0.991962,0.001644,24,0.001511,24,0.542969,24,125.5,24,0.999822,24,0.108931,24
14,31,24,False,native,24,0.976027,0.972477,0.977678,0.005201,0.974207,0.96432,0.97948,0.960675,0.984348,24,0.987868,0.986046,0.988713,0.002667,0.986926,0.981836,0.989633,0.979943,0.992112,0.001465,24,0.001595,24,0.537109,24,126.5,24,,0,0.108922,24
14,32,24,False,native,24,0.976027,0.973135,0.978156,0.005021,0.97507,0.967717,0.980496,0.96183,0.984496,24,0.987868,0.986384,0.988957,0.002573,0.98737,0.983594,0.990152,0.980544,0.992188,0.0,24,0.000763,24,0.550781,24,127.5,24,,0,0.108953,24
14,33,24,False,native,24,0.9761,0.973318,0.978487,0.005169,0.975108,0.967168,0.97998,0.961397,0.984052,24,0.987906,0.986478,0.989126,0.002648,0.987389,0.983308,0.989889,0.980319,0.991962,0.001499,24,0.001728,24,0.546875,24,122.0,24,,0,0.108975,24
14,34,24,False,native,24,0.975954,0.974269,0.978193,0.003923,0.975111,0.968446,0.979421,0.961541,0.984052,24,0.987831,0.986967,0.988976,0.002009,0.987392,0.983969,0.989603,0.980394,0.991962,0.001648,24,0.001511,24,0.544922,24,123.5,24,,0,0.109029,24
14,35,24,False,native,24,0.975587,0.973135,0.977311,0.004176,0.974714,0.968095,0.97998,0.963567,0.983166,24,0.987643,0.986384,0.988525,0.002141,0.987189,0.983789,0.989889,0.981445,0.991511,0.001507,24,0.001591,24,0.552734,24,125.5,24,,0,0.109051,24
14,36,24,False,native,24,0.975807,0.973244,0.977789,0.004544,0.974647,0.966369,0.97867,0.962988,0.983166,24,0.987755,0.986441,0.98877,0.002329,0.987154,0.982895,0.98922,0.981145,0.991511,0.001488,24,0.00164,24,0.558594,24,121.5,24,,0,0.10914,24
14,37,24,False,native,24,0.975734,0.973903,0.976871,0.002968,0.975055,0.967704,0.979185,0.964581,0.985236,24,0.987718,0.986779,0.9883,0.001521,0.987364,0.983586,0.989483,0.981971,0.992563,0.001484,24,0.00148,24,0.554688,24,123.5,24,,0,0.109216,24
14,38,24,False,native,24,0.976027,0.974305,0.976687,0.002382,0.974817,0.967965,0.979156,0.962409,0.983166,24,0.987868,0.986985,0.988206,0.001221,0.987242,0.983721,0.989468,0.980844,0.991511,0.00172,24,0.001606,24,0.548828,24,119.0,24,,0,0.10931,24
14,39,24,False,native,24,0.97566,0.973683,0.976834,0.003151,0.974853,0.967297,0.979303,0.964001,0.983757,24,0.98768,0.986666,0.988281,0.001615,0.987261,0.983376,0.989543,0.981671,0.991812,0.002327,24,0.002151,24,0.552734,24,120.0,24,,0,0.109398,24
14,40,24,False,native,24,0.975954,0.973537,0.978413,0.004876,0.975207,0.965801,0.981057,0.960675,0.984644,24,0.987831,0.986591,0.989089,0.002498,0.987439,0.982602,0.990437,0.979943,0.992263,0.001709,24,0.001541,24,0.541016,24,126.0,24,0.999813,24,0.109409,24
14,41,24,False,native,24,0.975807,0.975074,0.977642,0.002567,0.975241,0.966905,0.978715,0.963277,0.984792,24,0.987755,0.98738,0.988694,0.001315,0.987458,0.983173,0.989243,0.981295,0.992338,0.001659,24,0.002022,24,0.544922,24,119.0,24,,0,0.109435,24
14,42,24,False,native,24,0.975514,0.974342,0.978634,0.004292,0.975687,0.970266,0.981793,0.962409,0.984644,24,0.987605,0.987004,0.989201,0.002197,0.987687,0.984908,0.990813,0.980844,0.992263,0.002274,24,0.001938,24,0.539062,24,118.0,24,,0,0.109463,24
14,43,24,False,native,24,0.975954,0.973098,0.978082,0.004984,0.975008,0.969027,0.979568,0.961541,0.984496,24,0.987831,0.986366,0.98892,0.002554,0.987339,0.98427,0.989678,0.980394,0.992188,0.002197,24,0.001698,24,0.542969,24,122.5,24,,0,0.109469,24
14,44,24,False,native,24,0.975734,0.97383,0.977825,0.003996,0.975604,0.970105,0.98026,0.965306,0.985384,24,0.987718,0.986741,0.988788,0.002047,0.987646,0.984826,0.990032,0.982347,0.992638,0.002243,24,0.002129,24,0.548828,24,116.5,24,,0,0.109595,24
14,45,24,False,native,24,0.975734,0.972112,0.978413,0.006302,0.975326,0.970382,0.979921,0.964871,0.985976,24,0.987718,0.985859,0.989089,0.00323,0.987502,0.984968,0.989859,0.982121,0.992939,0.002144,24,0.00206,24,0.539062,24,113.5,24,,0,0.109715,24
14,46,24,False,native,24,0.976394,0.973574,0.979259,0.005685,0.975832,0.968605,0.979627,0.965161,0.985384,24,0.988056,0.98661,0.989521,0.002911,0.987762,0.984052,0.989709,0.982272,0.992638,0.002213,24,0.002228,24,0.535156,24,113.5,24,,0,0.109836,24
14,47,24,False,native,24,0.976247,0.973647,0.979333,0.005686,0.976412,0.97209,0.982811,0.964726,0.985088,24,0.987981,0.986647,0.989558,0.002911,0.988059,0.985847,0.991331,0.982046,0.992488,0.002182,24,0.002235,24,0.546875,24,110.5,24,,0,0.110045,24
14,48,24,False,native,24,0.976687,0.973391,0.979332,0.005942,0.976495,0.971549,0.982487,0.963277,0.987904,24,0.988206,0.986516,0.989558,0.003042,0.9881,0.985569,0.991166,0.981295,0.993915,0.002144,24,0.002213,24,0.537109,24,107.5,24,,0,0.110104,24
14,49,24,False,native,24,0.97588,0.974378,0.978744,0.004365,0.97635,0.972236,0.982502,0.961686,0.989241,24,0.987793,0.987023,0.989258,0.002235,0.988025,0.985922,0.991173,0.980469,0.994591,0.002159,24,0.00209,24,0.544922,24,104.5,24,,0,0.109773,24
15,0,24,False,native,24,0.964581,0.95772,0.96654,0.00882,0.961006,0.944181,0.970572,0.937418,0.973171,24,0.981971,0.978403,0.982985,0.004582,0.98009,0.971289,0.985066,0.967698,0.986403,0.0,24,0.0,24,0.703125,24,155.0,24,0.999594,24,0.10804,24
15,1,24,False,native,24,0.965596,0.96288,0.97109,0.008209,0.9634,0.942181,0.973347,0.930674,0.980952,24,0.982497,0.981088,0.985333,0.004244,0.98132,0.97023,0.986493,0.964093,0.990385,0.0,24,0.0,24,0.671875,24,142.0,24,,0,0.108587,24
15,2,24,False,native,24,0.968139,0.959593,0.974488,0.014896,0.965799,0.951765,0.980599,0.936432,0.983609,24,0.983812,0.97938,0.987079,0.0077,0.982566,0.975285,0.990204,0.967172,0.991737,0.0,24,0.0,24,0.654297,24,135.0,24,,0,0.108059,24
15,3,24,False,native,24,0.966032,0.956532,0.975697,0.019165,0.965424,0.952192,0.984231,0.938547,0.986125,24,0.982722,0.977783,0.987699,0.009916,0.982362,0.975511,0.992052,0.968299,0.993014,0.000446,24,0.0,24,0.6875,24,131.0,24,,0,0.108185,24
15,4,24,False,native,24,0.966903,0.955634,0.978891,0.023257,0.965684,0.94805,0.984245,0.933619,0.986717,24,0.983173,0.977314,0.989333,0.012019,0.982488,0.973332,0.99206,0.96567,0.993314,0.0,24,0.0,24,0.677734,24,133.0,24,,0,0.108063,24
15,5,24,False,native,24,0.969886,0.95639,0.978671,0.022282,0.966786,0.943163,0.98608,0.933198,0.990282,24,0.984713,0.977708,0.98922,0.011512,0.983048,0.970748,0.992991,0.965445,0.995117,0.0,24,0.0,24,0.648438,24,130.5,24,,0,0.108086,24
15,6,24,False,native,24,0.968139,0.955203,0.978009,0.022806,0.965952,0.944465,0.986347,0.927181,0.98835,24,0.983812,0.977088,0.988882,0.011794,0.982613,0.971439,0.993127,0.962215,0.994141,0.0,24,0.0,24,0.640625,24,141.0,24,,0,0.107996,24
15,7,24,False,native,24,0.96894,0.955562,0.978414,0.022851,0.965996,0.939352,0.988647,0.92746,0.990728,24,0.984225,0.977276,0.989089,0.011813,0.982625,0.968727,0.994291,0.962365,0.995343,0.0,24,0.0,24,0.640625,24,136.5,24,,0,0.107989,24
15,8,24,False,native,24,0.971783,0.958623,0.978082,0.01946,0.967129,0.940313,0.98829,0.930954,0.990133,24,0.98569,0.978872,0.98892,0.010047,0.983214,0.969238,0.994111,0.964243,0.995042,0.0,24,0.0,24,0.609375,24,139.0,24,,0,0.107987,24
15,9,24,False,native,24,0.971783,0.958301,0.979811,0.02151,0.967243,0.939905,0.987207,0.932917,0.990431,24,0.98569,0.978703,0.989802,0.011099,0.98327,0.96902,0.993562,0.965294,0.995192,0.0,24,0.0,24,0.607422,24,138.0,24,,0,0.107985,24
15,10,24,False,native,24,0.97266,0.958048,0.980032,0.021984,0.967542,0.940356,0.987711,0.932636,0.989836,24,0.98614,0.978572,0.989915,0.011343,0.983427,0.969261,0.993818,0.965144,0.994892,0.0,24,0.000797,24,0.605469,24,129.5,24,0.99975,24,0.107931,24
15,11,24,False,native,24,0.973318,0.958523,0.980732,0.022209,0.967938,0.940186,0.987236,0.92746,0.991771,24,0.986478,0.978816,0.990272,0.011456,0.983624,0.969171,0.993577,0.962365,0.995868,0.0,24,0.0,24,0.599609,24,133.0,24,,0,0.10788,24
15,12,24,False,native,24,0.973683,0.960391,0.98029,0.019899,0.9682,0.939882,0.988395,0.929275,0.990431,24,0.986666,0.979793,0.990047,0.010254,0.983762,0.969005,0.994163,0.963341,0.995192,0.001884,24,0.0,24,0.583984,24,135.5,24,,0,0.107841,24
15,13,24,False,native,24,0.974488,0.957397,0.981137,0.02374,0.968945,0.94272,0.987429,0.930954,0.989984,24,0.987079,0.978234,0.990479,0.012245,0.98415,0.970515,0.993675,0.964243,0.994967,0.0,24,0.000839,24,0.570312,24,132.0,24,,0,0.107761,24
15,14,24,False,native,24,0.973025,0.958838,0.981506,0.022669,0.968862,0.943897,0.987459,0.931235,0.989984,24,0.986328,0.978985,0.990666,0.011681,0.984112,0.971139,0.99369,0.964393,0.994967,0.0,24,0.0,24,0.580078,24,129.5,24,,0,0.107664,24
15,15,24,False,native,24,0.975147,0.960209,0.981506,0.021297,0.969411,0.944992,0.985384,0.928716,0.989538,24,0.987417,0.979699,0.990666,0.010968,0.984397,0.971717,0.992638,0.963041,0.994742,0.0,24,0.0,24,0.548828,24,135.0,24,,0,0.107619,24
15,16,24,False,native,24,0.974928,0.957433,0.980879,0.023446,0.968889,0.945531,0.983712,0.928437,0.991622,24,0.987305,0.978253,0.990347,0.012094,0.984125,0.972003,0.991789,0.962891,0.995793,0.0,24,0.0,24,0.556641,24,131.5,24,,0,0.107563,24
15,17,24,False,native,24,0.975294,0.958871,0.980216,0.021345,0.96948,0.945603,0.985828,0.926902,0.991771,24,0.987492,0.979004,0.990009,0.011005,0.984428,0.97204,0.992864,0.962064,0.995868,0.0,24,0.0,24,0.5625,24,134.0,24,,0,0.107514,24
15,18,24,False,native,24,0.975807,0.960173,0.979921,0.019748,0.969374,0.948264,0.985591,0.927878,0.989836,24,0.987755,0.97968,0.989859,0.010179,0.984375,0.973445,0.992743,0.96259,0.994892,0.000999,24,0.000999,24,0.554688,24,129.5,24,,0,0.107486,24
15,19,24,False,native,24,0.97632,0.961216,0.979296,0.018079,0.96952,0.946996,0.986347,0.923838,0.988944,24,0.988018,0.980225,0.98954,0.009315,0.98445,0.972776,0.993127,0.960412,0.994441,0.000893,24,0.000622,24,0.535156,24,128.0,24,,0,0.107468,24
15,20,24,False,native,24,0.976614,0.957899,0.980547,0.022648,0.970372,0.94882,0.984896,0.933619,0.987756,24,0.988169,0.978497,0.990178,0.011681,0.984901,0.973738,0.99239,0.96567,0.99384,0.0,24,0.0,24,0.523438,24,131.0,24,0.999764,24,0.107444,24
15,21,24,False,native,24,0.976834,0.958944,0.979333,0.020389,0.969961,0.946501,0.984363,0.935165,0.989092,24,0.988281,0.979041,0.989558,0.010517,0.984688,0.972514,0.99212,0.966496,0.994516,0.0,24,0.001911,24,0.525391,24,123.5,24,,0,0.107391,24
15,22,24,False,native,24,0.976027,0.960963,0.9797,0.018737,0.970584,0.952508,0.984423,0.936854,0.988647,24,0.987868,0.980093,0.989746,0.009653,0.98502,0.975676,0.99215,0.967398,0.994291,0.0,24,0.0,24,0.539062,24,132.0,24,,0,0.107358,24
15,23,24,False,native,24,0.976834,0.959773,0.980327,0.020554,0.970634,0.948809,0.985488,0.934603,0.987607,24,0.988281,0.979473,0.990065,0.010592,0.985039,0.97373,0.992691,0.966196,0.993765,0.0,24,0.000946,24,0.521484,24,127.0,24,,0,0.107277,24
15,24,24,False,native,24,0.975587,0.959701,0.979737,0.020036,0.970281,0.953155,0.985059,0.93615,0.987162,24,0.987643,0.979436,0.989765,0.010329,0.984863,0.976014,0.992473,0.967022,0.99354,0.002213,24,0.002228,24,0.554688,24,123.0,24,,0,0.107251,24
15,25,24,False,native,24,0.977128,0.959484,0.979443,0.019959,0.970621,0.950633,0.985029,0.938829,0.987014,24,0.988431,0.979323,0.989615,0.010291,0.985039,0.974692,0.992458,0.96845,0.993465,0.0,24,0.002205,24,0.525391,24,125.0,24,,0,0.107185,24
15,26,24,False,native,24,0.976394,0.960891,0.979517,0.018625,0.970723,0.951864,0.98568,0.938123,0.987459,24,0.988056,0.980056,0.989652,0.009597,0.985092,0.975338,0.992788,0.968074,0.99369,0.0,24,0.002129,24,0.527344,24,121.5,24,,0,0.107123,24
15,27,24,False,native,24,0.976248,0.960855,0.9797,0.018845,0.971145,0.953869,0.984601,0.939111,0.988647,24,0.987981,0.980037,0.989746,0.009709,0.985314,0.97639,0.99224,0.9686,0.994291,0.00106,24,0.002151,24,0.537109,24,122.0,24,,0,0.107088,24
15,28,24,False,native,24,0.977789,0.961072,0.980142,0.01907,0.971624,0.955476,0.985088,0.939535,0.98939,24,0.98877,0.980149,0.989971,0.009822,0.985561,0.977231,0.992488,0.968825,0.994666,0.0,24,0.0,24,0.521484,24,132.5,24,,0,0.107018,24
15,29,24,False,native,24,0.976687,0.961939,0.97959,0.017651,0.971258,0.953268,0.983373,0.942082,0.987756,24,0.988206,0.9806,0.98969,0.00909,0.985377,0.976074,0.991617,0.970177,0.99384,0.0,24,0.0,24,0.513672,24,130.5,24,,0,0.106913,24
15,30,24,False,native,24,0.976394,0.965162,0.978965,0.013802,0.971841,0.954733,0.983476,0.944493,0.986866,24,0.988056,0.982272,0.98937,0.007099,0.985683,0.97684,0.991669,0.971454,0.993389,0.002151,24,0.0,24,0.535156,24,129.5,24,0.999773,24,0.106815,24
15,31,24,False,native,24,0.977274,0.964402,0.979884,0.015483,0.971917,0.953169,0.983921,0.945914,0.98568,24,0.988507,0.981877,0.98984,0.007963,0.985721,0.976022,0.991895,0.972206,0.992788,0.0,24,0.000977,24,0.523438,24,132.0,24,,0,0.106715,24
15,32,24,False,native,24,0.976687,0.964038,0.979958,0.01592,0.971746,0.954587,0.982147,0.944635,0.987459,24,0.988206,0.981689,0.989878,0.008188,0.985633,0.976765,0.990993,0.971529,0.99369,0.0,24,0.0,24,0.537109,24,132.0,24,,0,0.106653,24
15,33,24,False,native,24,0.977201,0.964078,0.979149,0.015071,0.972072,0.955736,0.981395,0.948763,0.987904,24,0.988469,0.981708,0.989464,0.007756,0.985805,0.977366,0.99061,0.973708,0.993915,0.001968,24,0.0,24,0.533203,24,130.0,24,,0,0.106596,24
15,34,24,False,native,24,0.976834,0.963241,0.978229,0.014988,0.971885,0.955939,0.979789,0.950048,0.985976,24,0.988281,0.981276,0.988995,0.007719,0.985715,0.977471,0.989791,0.974384,0.992939,0.00193,24,0.000969,24,0.53125,24,127.0,24,,0,0.106521,24
15,35,24,False,native,24,0.975954,0.963605,0.97867,0.015066,0.97146,0.953376,0.980864,0.949476,0.98568,24,0.987831,0.981464,0.98922,0.007756,0.985492,0.976127,0.99034,0.974084,0.992788,0.0,24,0.0,24,0.552734,24,132.5,24,,0,0.106448,24
15,36,24,False,native,24,0.975367,0.963894,0.977752,0.013858,0.971573,0.955738,0.980319,0.946626,0.98835,24,0.98753,0.981614,0.988751,0.007136,0.985552,0.977366,0.990062,0.972581,0.994141,0.000919,24,0.0,24,0.552734,24,130.5,24,,0,0.106351,24
15,37,24,False,native,24,0.975807,0.962917,0.978597,0.01568,0.971414,0.954629,0.980466,0.950619,0.987756,24,0.987755,0.981107,0.989183,0.008075,0.985467,0.976788,0.990137,0.974684,0.99384,0.0,24,0.001774,24,0.544922,24,121.0,24,,0,0.106323,24
15,38,24,False,native,24,0.975441,0.965452,0.979516,0.014064,0.972539,0.958626,0.982162,0.951906,0.988201,24,0.987568,0.982422,0.989652,0.00723,0.986053,0.978876,0.991001,0.975361,0.994066,0.000874,24,0.000893,24,0.548828,24,124.5,24,,0,0.106256,24
15,39,24,False,native,24,0.974635,0.964655,0.978891,0.014236,0.971485,0.95575,0.980186,0.952765,0.986273,24,0.987154,0.982009,0.989333,0.007324,0.985511,0.977374,0.989994,0.975811,0.993089,0.001675,24,0.001938,24,0.560547,24,123.5,24,,0,0.106136,24
15,40,24,False,native,24,0.975148,0.964726,0.977825,0.013099,0.972178,0.958497,0.982147,0.954629,0.986273,24,0.987417,0.982046,0.988788,0.006742,0.985871,0.978809,0.990993,0.976788,0.993089,0.000816,24,0.0,24,0.572266,24,130.0,24,0.999772,24,0.106107,24
15,41,24,False,native,24,0.974415,0.966179,0.978781,0.012602,0.972486,0.959405,0.982339,0.955203,0.986866,24,0.987042,0.982797,0.989277,0.006479,0.986031,0.979282,0.991091,0.977088,0.993389,0.001801,24,0.0,24,0.568359,24,130.5,24,,0,0.106053,24
15,42,24,False,native,24,0.973318,0.966577,0.9804,0.013823,0.972418,0.957346,0.981999,0.954198,0.986866,24,0.986478,0.983004,0.990103,0.007099,0.985993,0.978208,0.990918,0.976562,0.993389,0.001656,24,0.000839,24,0.572266,24,129.5,24,,0,0.106032,24
15,43,24,False,native,24,0.97383,0.966833,0.978744,0.011911,0.972497,0.959448,0.980334,0.957647,0.987311,24,0.986741,0.983136,0.989258,0.006122,0.986037,0.979304,0.990069,0.978365,0.993615,0.000767,24,0.001751,24,0.558594,24,124.0,24,,0,0.106088,24
15,44,24,False,native,24,0.973464,0.968067,0.978928,0.010861,0.972689,0.961354,0.982562,0.956784,0.986717,24,0.986553,0.983774,0.989352,0.005578,0.986137,0.980296,0.991203,0.977915,0.993314,0.000763,24,0.001503,24,0.568359,24,116.5,24,,0,0.106108,24
15,45,24,False,native,24,0.972149,0.967778,0.97959,0.011812,0.972605,0.961354,0.982488,0.956496,0.987756,24,0.985877,0.983624,0.98969,0.006066,0.986093,0.980296,0.991166,0.977764,0.99384,0.000801,24,0.000767,24,0.582031,24,122.5,24,,0,0.106195,24
15,46,24,False,native,24,0.970688,0.969122,0.979222,0.0101,0.972386,0.960112,0.980953,0.956784,0.987459,24,0.985126,0.984319,0.989502,0.005183,0.985981,0.97965,0.990385,0.977915,0.99369,0.00164,24,0.00079,24,0.605469,24,128.0,24,,0,0.106293,24
15,47,24,False,native,24,0.971567,0.967049,0.978597,0.011548,0.972148,0.959434,0.981661,0.956352,0.987904,24,0.985577,0.983248,0.989183,0.005934,0.985859,0.979297,0.990745,0.977689,0.993915,0.001583,24,0.000763,24,0.585938,24,123.0,24,,0,0.106466,24
15,48,24,False,native,24,0.971492,0.966467,0.977607,0.011139,0.971828,0.959809,0.982649,0.953625,0.986125,24,0.985539,0.982948,0.988676,0.005728,0.985693,0.979492,0.991248,0.976262,0.993014,0.00153,24,0.001656,24,0.589844,24,114.5,24,,0,0.106626,24
15,49,24,False,native,24,0.972148,0.967266,0.977791,0.010525,0.972988,0.961585,0.985739,0.960675,0.989241,24,0.985877,0.983361,0.98877,0.005409,0.986291,0.980416,0.992819,0.979943,0.994591,0.001698,24,0.001648,24,0.597656,24,109.0,24,,0,0.10681,24
16,0,24,False,native,24,0.96017,0.952873,0.975588,0.022715,0.960908,0.940755,0.978935,0.925369,0.981247,24,0.97968,0.975868,0.987643,0.011775,0.980002,0.969471,0.989355,0.961238,0.990535,0.0,24,0.0,24,0.753906,24,168.5,24,0.999666,24,0.108138,24
16,1,24,False,native,24,0.961691,0.948941,0.977017,0.028076,0.961523,0.946655,0.978626,0.931095,0.98051,24,0.980469,0.973802,0.988375,0.014573,0.980331,0.972596,0.989198,0.964318,0.990159,0.0,24,0.0,24,0.722656,24,169.5,24,,0,0.108744,24
16,2,24,False,native,24,0.959667,0.951978,0.977091,0.025113,0.962607,0.943429,0.98225,0.931235,0.984644,24,0.979417,0.975398,0.988413,0.013015,0.980882,0.970891,0.991046,0.964393,0.992263,0.0,24,0.0,24,0.748047,24,163.5,24,,0,0.108465,24
16,3,24,False,native,24,0.957863,0.95162,0.978011,0.02639,0.962873,0.940115,0.984142,0.933198,0.986717,24,0.978478,0.97521,0.988882,0.013672,0.981013,0.969133,0.992007,0.965445,0.993314,0.0,24,0.0,24,0.763672,24,156.0,24,,0,0.108828,24
16,4,24,False,native,24,0.959953,0.949869,0.977752,0.027883,0.962456,0.938829,0.984792,0.930254,0.987459,24,0.979567,0.97429,0.988751,0.014461,0.980788,0.96845,0.992338,0.963867,0.99369,0.0,24,0.0,24,0.748047,24,165.5,24,,0,0.108756,24
16,5,24,False,native,24,0.961831,0.950334,0.977385,0.027051,0.963558,0.943035,0.985399,0.930954,0.986569,24,0.980544,0.974534,0.988563,0.014029,0.98137,0.970681,0.992646,0.964243,0.993239,0.0,24,0.0,24,0.722656,24,161.0,24,,0,0.108896,24
16,6,24,False,native,24,0.961326,0.952336,0.978377,0.026041,0.96345,0.936393,0.985932,0.928856,0.988795,24,0.980281,0.975586,0.98907,0.013484,0.981301,0.96715,0.992916,0.963116,0.994366,0.0,24,0.0,24,0.71875,24,168.5,24,,0,0.108924,24
16,7,24,False,native,24,0.962047,0.954883,0.978561,0.023678,0.964012,0.941034,0.98574,0.926205,0.987014,24,0.980657,0.976919,0.989164,0.012245,0.981596,0.969621,0.992819,0.961689,0.993465,0.0,24,0.0,24,0.708984,24,162.0,24,,0,0.10899,24
16,8,24,False,native,24,0.963785,0.955454,0.97823,0.022775,0.964405,0.940457,0.98697,0.927878,0.988498,24,0.981558,0.97722,0.988995,0.011775,0.981799,0.969313,0.993442,0.96259,0.994216,0.0,24,0.0,24,0.714844,24,167.0,24,,0,0.109033,24
16,9,24,False,native,24,0.964946,0.954557,0.979112,0.024555,0.965182,0.943443,0.987162,0.924534,0.988201,24,0.982159,0.97675,0.989446,0.012695,0.9822,0.970898,0.99354,0.960787,0.994066,0.0,24,0.0,24,0.693359,24,162.5,24,,0,0.10909,24
16,10,24,False,native,24,0.965311,0.955167,0.978818,0.02365,0.965597,0.944465,0.986244,0.926762,0.989538,24,0.982347,0.97707,0.989295,0.012226,0.982422,0.971439,0.993074,0.961989,0.994742,0.0,24,0.0,24,0.679688,24,161.5,24,0.999764,24,0.109145,24
16,11,24,False,native,24,0.965308,0.954988,0.978046,0.023058,0.965172,0.945147,0.986376,0.924534,0.988498,24,0.982347,0.976976,0.988901,0.011925,0.982203,0.9718,0.993142,0.960787,0.994216,0.0,24,0.0,24,0.685547,24,162.5,24,,0,0.10918,24
16,12,24,False,native,24,0.966105,0.954917,0.979296,0.024379,0.965488,0.946385,0.984792,0.929275,0.989538,24,0.98276,0.976938,0.98954,0.012601,0.982369,0.972453,0.992338,0.963341,0.994742,0.0,24,0.0,24,0.675781,24,157.5,24,,0,0.10924,24
16,13,24,False,native,24,0.967198,0.957289,0.97948,0.022191,0.966178,0.943443,0.986821,0.931795,0.989241,24,0.983323,0.978178,0.989633,0.011456,0.982725,0.970898,0.993367,0.964694,0.994591,0.0,24,0.0,24,0.673828,24,163.0,24,,0,0.109306,24
16,14,24,False,native,24,0.96698,0.958156,0.979259,0.021103,0.966117,0.944764,0.986599,0.923421,0.988498,24,0.983211,0.978628,0.989521,0.010892,0.982691,0.971597,0.993254,0.960186,0.994216,0.0,24,0.0,24,0.666016,24,158.0,24,,0,0.109355,24
16,15,24,False,native,24,0.969234,0.955742,0.97948,0.023738,0.966539,0.942225,0.986969,0.931935,0.989241,24,0.984375,0.97737,0.989633,0.012263,0.982916,0.970252,0.993442,0.964769,0.994591,0.0,24,0.0,24,0.640625,24,157.5,24,,0,0.10937,24
16,16,24,False,native,24,0.969455,0.955814,0.979296,0.023482,0.966536,0.945418,0.987711,0.930394,0.989836,24,0.984488,0.977408,0.98954,0.012132,0.982913,0.971943,0.993818,0.963942,0.994892,0.0,24,0.0,24,0.650391,24,156.5,24,,0,0.109389,24
16,17,24,False,native,24,0.969523,0.957827,0.980105,0.022278,0.96725,0.945929,0.987904,0.932496,0.990877,24,0.984525,0.978459,0.989953,0.011493,0.983283,0.972213,0.993915,0.965069,0.995418,0.0,24,0.0,24,0.673828,24,147.5,24,,0,0.109413,24
16,18,24,False,native,24,0.97069,0.958007,0.978193,0.020185,0.967383,0.947252,0.987815,0.931655,0.988795,24,0.985126,0.978553,0.988976,0.010423,0.983358,0.972912,0.99387,0.964618,0.994366,0.0,24,0.0,24,0.632812,24,156.5,24,,0,0.109405,24
16,19,24,False,native,24,0.972952,0.955599,0.978487,0.022888,0.967894,0.945204,0.987088,0.9377,0.991324,24,0.986291,0.977295,0.989126,0.011831,0.983624,0.97183,0.993502,0.967849,0.995643,0.0,24,0.0,24,0.601562,24,146.0,24,,0,0.1094,24
16,20,24,False,native,24,0.972514,0.953984,0.978266,0.024283,0.968089,0.948364,0.98783,0.938688,0.988498,24,0.986065,0.97645,0.989014,0.012564,0.983727,0.973498,0.993878,0.968374,0.994216,0.0,24,0.0,24,0.587891,24,157.5,24,0.999738,24,0.109386,24
16,21,24,False,native,24,0.971711,0.953338,0.977899,0.02456,0.967514,0.947738,0.986881,0.938406,0.989538,24,0.985652,0.976112,0.988826,0.012714,0.98343,0.973167,0.993397,0.968224,0.994742,0.0,24,0.0,24,0.603516,24,153.5,24,,0,0.109358,24
16,22,24,False,native,24,0.97215,0.955095,0.978707,0.023612,0.968508,0.950305,0.986925,0.941657,0.990579,24,0.985877,0.977032,0.989239,0.012207,0.983949,0.974519,0.993419,0.969952,0.995267,0.0,24,0.0,24,0.611328,24,150.0,24,,0,0.109351,24
16,23,24,False,native,24,0.972662,0.954127,0.976797,0.022671,0.968171,0.950176,0.987593,0.942649,0.989241,24,0.98614,0.976525,0.988262,0.011738,0.983774,0.974452,0.993758,0.970478,0.994591,0.0,24,0.0,24,0.599609,24,149.5,24,,0,0.109288,24
16,24,24,False,native,24,0.970984,0.955311,0.97643,0.02112,0.968679,0.952078,0.988617,0.945488,0.989538,24,0.985276,0.977145,0.988075,0.01093,0.984043,0.975451,0.994276,0.97198,0.994742,0.0,24,0.0,24,0.654297,24,144.0,24,,0,0.109258,24
16,25,24,False,native,24,0.973244,0.954593,0.97845,0.023857,0.968831,0.95045,0.987993,0.941374,0.989687,24,0.986441,0.976769,0.989108,0.012338,0.984115,0.974594,0.99396,0.969802,0.994817,0.0,24,0.0,24,0.595703,24,148.5,24,,0,0.109202,24
16,26,24,False,native,24,0.972733,0.955095,0.977568,0.022473,0.968446,0.947836,0.986303,0.946626,0.989538,24,0.986178,0.977032,0.988657,0.011625,0.983921,0.97322,0.993104,0.972581,0.994742,0.0,24,0.0,24,0.605469,24,144.0,24,,0,0.109148,24
16,27,24,False,native,24,0.973318,0.954773,0.976687,0.021915,0.968717,0.951249,0.986406,0.944777,0.98939,24,0.986478,0.976863,0.988206,0.011343,0.984065,0.975015,0.993157,0.971605,0.994666,0.0,24,0.0,24,0.585938,24,153.0,24,,0,0.109092,24
16,28,24,False,native,24,0.972441,0.95549,0.977274,0.021784,0.969537,0.952322,0.988513,0.949191,0.989538,24,0.986028,0.977239,0.988507,0.011268,0.984491,0.975578,0.994223,0.973933,0.994742,0.0,24,0.0,24,0.59375,24,145.5,24,,0,0.109037,24
16,29,24,False,native,24,0.971053,0.953876,0.976467,0.022591,0.968833,0.951735,0.987325,0.948335,0.991175,24,0.985314,0.976393,0.988093,0.0117,0.984125,0.97527,0.993622,0.973483,0.995568,0.0,24,0.0,24,0.617188,24,143.5,24,,0,0.109015,24
16,30,24,False,native,24,0.970615,0.956029,0.976981,0.020952,0.969403,0.953941,0.986836,0.948193,0.989241,24,0.985089,0.97752,0.988356,0.010836,0.984425,0.976427,0.993374,0.973407,0.994591,0.0,24,0.0,24,0.615234,24,145.5,24,0.99971,24,0.109019,24
16,31,24,False,native,24,0.973098,0.957215,0.976504,0.019289,0.96957,0.951921,0.987251,0.949048,0.988944,24,0.986366,0.97814,0.988112,0.009972,0.98451,0.975368,0.993585,0.973858,0.994441,0.0,24,0.0,24,0.605469,24,138.0,24,,0,0.108992,24
16,32,24,False,native,24,0.971856,0.957755,0.978009,0.020254,0.96998,0.95417,0.98743,0.950333,0.991771,24,0.985727,0.978422,0.988882,0.01046,0.984722,0.976547,0.993675,0.974534,0.995868,0.0,24,0.0,24,0.599609,24,138.0,24,,0,0.108977,24
16,33,24,False,native,24,0.972367,0.958692,0.977348,0.018656,0.970105,0.952407,0.987533,0.952049,0.989538,24,0.98599,0.97891,0.988544,0.009634,0.984788,0.975623,0.993727,0.975436,0.994742,0.0,24,0.0,24,0.609375,24,143.5,24,,0,0.10899,24
16,34,24,False,native,24,0.972513,0.958404,0.978854,0.020451,0.970472,0.954342,0.986881,0.952049,0.989538,24,0.986065,0.97876,0.989314,0.010554,0.984976,0.976638,0.993397,0.975436,0.994742,0.0,24,0.0,24,0.587891,24,140.0,24,,0,0.109048,24
16,35,24,False,native,24,0.97266,0.958979,0.977899,0.018919,0.970769,0.955678,0.987533,0.951191,0.989836,24,0.98614,0.97906,0.988826,0.009766,0.985132,0.977336,0.993727,0.974985,0.994892,0.0,24,0.0,24,0.59375,24,133.0,24,,0,0.109058,24
16,36,24,False,native,24,0.972075,0.959448,0.977202,0.017754,0.971193,0.957273,0.987444,0.95549,0.991622,24,0.98584,0.979304,0.988469,0.009165,0.985355,0.97817,0.993682,0.977239,0.995793,0.0,24,0.0,24,0.615234,24,135.0,24,,0,0.109089,24
16,37,24,False,native,24,0.97383,0.960892,0.978193,0.017301,0.971684,0.955261,0.987355,0.953052,0.98939,24,0.986741,0.980056,0.988976,0.008921,0.985605,0.977118,0.993637,0.975962,0.994666,0.0,24,0.0,24,0.574219,24,136.5,24,,0,0.109215,24
16,38,24,False,native,24,0.973903,0.961505,0.979406,0.017901,0.972602,0.95916,0.987296,0.955778,0.992069,24,0.986779,0.980375,0.989596,0.009221,0.986081,0.979154,0.993607,0.977389,0.996019,0.0,24,0.0,24,0.576172,24,135.0,24,,0,0.10923,24
16,39,24,False,native,24,0.973537,0.960061,0.977972,0.017911,0.972186,0.958295,0.987341,0.956352,0.990877,24,0.986591,0.979624,0.988863,0.00924,0.985868,0.978703,0.99363,0.977689,0.995418,0.0,24,0.0,24,0.572266,24,133.5,24,,0,0.109277,24
16,40,24,False,native,24,0.971418,0.961108,0.977715,0.016607,0.972126,0.960083,0.987934,0.958943,0.991175,24,0.985502,0.980168,0.988732,0.008564,0.98584,0.979635,0.99393,0.979041,0.995568,0.0,24,0.0,24,0.615234,24,144.5,24,0.999731,24,0.109314,24
16,41,24,False,native,24,0.971564,0.961722,0.978965,0.017243,0.972434,0.960285,0.987489,0.957503,0.991622,24,0.985577,0.980488,0.98937,0.008883,0.985996,0.97974,0.993705,0.97829,0.995793,0.000843,24,0.000835,24,0.605469,24,130.0,24,,0,0.109308,24
16,42,24,False,native,24,0.97244,0.963349,0.978854,0.015505,0.972357,0.959852,0.986347,0.956928,0.990877,24,0.986028,0.981333,0.989314,0.007982,0.985959,0.979515,0.993127,0.97799,0.995418,0.0,24,0.0,24,0.597656,24,135.0,24,,0,0.109264,24
16,43,24,False,native,24,0.971491,0.96353,0.9779,0.014369,0.972732,0.960747,0.98887,0.959376,0.991324,24,0.985539,0.981427,0.988826,0.007399,0.986153,0.97998,0.994404,0.979267,0.995643,0.0,24,0.000759,24,0.597656,24,131.0,24,,0,0.109274,24
16,44,24,False,native,24,0.971199,0.965524,0.978119,0.012596,0.973121,0.961903,0.987,0.959088,0.991324,24,0.985389,0.982459,0.988939,0.006479,0.986356,0.980581,0.993457,0.979117,0.995643,0.00156,24,0.0,24,0.582031,24,132.5,24,,0,0.10924,24
16,45,24,False,native,24,0.971492,0.96585,0.978009,0.012159,0.973315,0.964146,0.98783,0.959664,0.991622,24,0.985539,0.982628,0.988882,0.006254,0.986456,0.981746,0.993878,0.979417,0.995793,0.0,24,0.0,24,0.603516,24,133.0,24,,0,0.109148,24
16,46,24,False,native,24,0.972295,0.965995,0.978597,0.012601,0.973352,0.963176,0.987518,0.961975,0.991175,24,0.985953,0.982704,0.989183,0.006479,0.986475,0.981242,0.99372,0.980619,0.995568,0.000767,24,0.00079,24,0.583984,24,128.0,24,,0,0.109094,24
16,47,24,False,native,24,0.97288,0.967994,0.979958,0.011965,0.97491,0.967339,0.987637,0.965306,0.990728,24,0.986253,0.983736,0.989878,0.006141,0.98728,0.983398,0.99378,0.982347,0.995343,0.002014,24,0.001793,24,0.609375,24,117.0,24,,0,0.108869,24
16,48,24,False,native,24,0.97244,0.967921,0.978266,0.010345,0.97464,0.967077,0.988513,0.964581,0.990728,24,0.986028,0.983699,0.989014,0.005315,0.987142,0.983263,0.994223,0.981971,0.995343,0.001415,24,0.001869,24,0.595703,24,119.5,24,,0,0.108554,24
16,49,24,False,native,24,0.97266,0.969741,0.977789,0.008048,0.974851,0.966555,0.988394,0.964726,0.989687,24,0.98614,0.984638,0.98877,0.004132,0.987251,0.982993,0.994163,0.982046,0.994817,0.001682,24,0.00156,24,0.591797,24,116.5,24,,0,0.107903,24
17,0,24,False,native,24,0.975001,0.970324,0.979811,0.009487,0.971746,0.955539,0.981174,0.935587,0.988647,24,0.987342,0.984938,0.989802,0.004864,0.985627,0.977261,0.990497,0.966722,0.994291,0.001724,24,0.000751,24,0.570312,24,121.5,24,0.999806,24,0.106673,24
17,1,24,False,native,24,0.977862,0.974196,0.980216,0.00602,0.97393,0.953446,0.98194,0.944919,0.985828,24,0.988807,0.986929,0.990009,0.00308,0.98676,0.976164,0.990888,0.97168,0.992864,0.002258,24,0.002487,24,0.511719,24,103.0,24,,0,0.107031,24
17,2,24,False,native,24,0.979185,0.977201,0.981727,0.004526,0.977179,0.963195,0.986036,0.955059,0.988498,24,0.989483,0.988469,0.990779,0.00231,0.988438,0.98125,0.992969,0.977013,0.994216,0.002365,24,0.002434,24,0.494141,24,95.5,24,,0,0.105789,24
17,3,24,False,native,24,0.979259,0.976761,0.981837,0.005076,0.977576,0.966279,0.986821,0.955634,0.990282,24,0.989521,0.988244,0.990835,0.002592,0.988641,0.98285,0.993367,0.977314,0.995117,0.002289,24,0.002396,24,0.496094,24,86.5,24,,0,0.10524,24
17,4,24,False,native,24,0.979259,0.975443,0.981284,0.005841,0.978118,0.967821,0.987934,0.958511,0.991622,24,0.989521,0.987568,0.990554,0.002986,0.988923,0.983646,0.99393,0.978816,0.995793,0.002243,24,0.002304,24,0.484375,24,84.5,24,,0,0.104753,24
17,5,24,False,native,24,0.979038,0.975955,0.983129,0.007174,0.978978,0.96791,0.988395,0.962988,0.989984,24,0.989408,0.987831,0.991493,0.003662,0.989364,0.983691,0.994163,0.981145,0.994967,0.002205,24,0.002182,24,0.482422,24,80.0,24,,0,0.104501,24
17,6,24,False,native,24,0.978597,0.975404,0.98457,0.009166,0.979083,0.970368,0.989494,0.962698,0.990728,24,0.989183,0.987549,0.992225,0.004676,0.989417,0.984961,0.994719,0.980995,0.995343,0.002235,24,0.002213,24,0.490234,24,80.0,24,,0,0.104234,24
17,7,24,False,native,24,0.979038,0.974416,0.982944,0.008529,0.978523,0.967616,0.987608,0.964726,0.989836,24,0.989408,0.987042,0.991399,0.004357,0.989133,0.983541,0.993765,0.982046,0.994892,0.002235,24,0.00219,24,0.488281,24,75.5,24,,0,0.104042,24
17,8,24,False,native,24,0.977862,0.974525,0.983055,0.00853,0.978719,0.968911,0.989702,0.967484,0.990877,24,0.988807,0.987098,0.991455,0.004357,0.989233,0.98421,0.994824,0.983474,0.995418,0.002213,24,0.002197,24,0.521484,24,71.5,24,,0,0.103832,24
17,9,24,False,native,24,0.977348,0.97361,0.982464,0.008854,0.978136,0.970878,0.988736,0.965016,0.989687,24,0.988544,0.986629,0.991155,0.004526,0.988935,0.985224,0.994336,0.982197,0.994817,0.002174,24,0.002129,24,0.537109,24,85.5,24,,0,0.103649,24
17,10,24,False,native,24,0.978229,0.975148,0.983277,0.008129,0.979077,0.97136,0.98887,0.967775,0.992069,24,0.988995,0.987417,0.991568,0.00415,0.989417,0.985472,0.994404,0.983624,0.996019,0.002106,24,0.002167,24,0.507812,24,76.5,24,0.999811,24,0.103491,24
17,11,24,False,native,24,0.9761,0.974379,0.982206,0.007827,0.978325,0.97028,0.989003,0.968212,0.99192,24,0.987906,0.987023,0.991023,0.004,0.989032,0.984916,0.994471,0.983849,0.995944,0.002197,24,0.00209,24,0.556641,24,76.5,24,,0,0.103308,24
17,12,24,False,native,24,0.9761,0.973427,0.981874,0.008447,0.978097,0.970499,0.988572,0.969085,0.991026,24,0.987906,0.986535,0.990854,0.004319,0.988917,0.985029,0.994253,0.9843,0.995493,0.002052,24,0.002045,24,0.537109,24,78.5,24,,0,0.103177,24
17,13,24,False,native,24,0.975807,0.97361,0.9818,0.00819,0.978132,0.972177,0.988364,0.968503,0.990282,24,0.987755,0.986629,0.990817,0.004188,0.988935,0.985892,0.994148,0.983999,0.995117,0.002144,24,0.002022,24,0.539062,24,79.0,24,,0,0.103027,24
17,14,24,False,native,24,0.97566,0.97244,0.982649,0.010208,0.977026,0.970062,0.987325,0.965886,0.988944,24,0.98768,0.986028,0.991248,0.005221,0.988369,0.984803,0.993622,0.982647,0.994441,0.002014,24,0.00198,24,0.558594,24,83.0,24,,0,0.102913,24
17,15,24,False,native,24,0.97566,0.97372,0.983018,0.009298,0.977786,0.971243,0.988201,0.965741,0.991324,24,0.98768,0.986685,0.991436,0.004751,0.988757,0.985412,0.994066,0.982572,0.995643,0.002075,24,0.002151,24,0.550781,24,81.5,24,,0,0.102845,24
17,16,24,False,native,24,0.975148,0.972879,0.981874,0.008995,0.977392,0.970893,0.986777,0.967775,0.98939,24,0.987417,0.986253,0.990854,0.004601,0.988557,0.985231,0.993344,0.983624,0.994666,0.002014,24,0.001987,24,0.564453,24,75.5,24,,0,0.102741,24
17,17,24,False,native,24,0.975294,0.97266,0.981948,0.009288,0.977489,0.97152,0.987429,0.96894,0.989538,24,0.987492,0.98614,0.990892,0.004751,0.988607,0.985554,0.993675,0.984225,0.994742,0.001991,24,0.002007,24,0.554688,24,78.5,24,,0,0.102665,24
17,18,24,False,native,24,0.975587,0.971564,0.981432,0.009868,0.976828,0.970338,0.98608,0.968648,0.987904,24,0.987643,0.985577,0.990629,0.005052,0.988269,0.984946,0.992991,0.984075,0.993915,0.001919,24,0.002029,24,0.550781,24,77.0,24,,0,0.102572,24
17,19,24,False,native,24,0.974415,0.971382,0.981468,0.010087,0.976403,0.969114,0.985902,0.967048,0.988944,24,0.987042,0.985483,0.990648,0.005165,0.98805,0.984315,0.992901,0.983248,0.994441,0.001923,24,0.001965,24,0.566406,24,77.0,24,,0,0.102515,24
17,20,24,False,native,24,0.975074,0.970688,0.98169,0.011001,0.97622,0.96843,0.985991,0.965306,0.988053,24,0.98738,0.985126,0.99076,0.005634,0.987956,0.983962,0.992946,0.982347,0.99399,0.001999,24,0.002052,24,0.566406,24,77.5,24,0.999775,24,0.102395,24
17,21,24,False,native,24,0.975954,0.970579,0.981284,0.010705,0.976536,0.969712,0.985517,0.968503,0.988795,24,0.987831,0.98507,0.990554,0.005484,0.988118,0.984623,0.992706,0.983999,0.994366,0.002052,24,0.001961,24,0.554688,24,70.5,24,,0,0.102312,24
17,22,24,False,native,24,0.975954,0.970652,0.981542,0.01089,0.976329,0.968881,0.983964,0.967484,0.989836,24,0.987831,0.985107,0.990685,0.005578,0.988012,0.984195,0.991917,0.983474,0.994892,0.002029,24,0.002037,24,0.550781,24,79.0,24,,0,0.102212,24
17,23,24,False,native,24,0.97588,0.970652,0.981468,0.010816,0.976081,0.967688,0.984481,0.965016,0.988795,24,0.987793,0.985107,0.990648,0.00554,0.987884,0.983579,0.99218,0.982197,0.994366,0.002014,24,0.002014,24,0.539062,24,80.5,24,,0,0.102089,24
17,24,24,False,native,24,0.974562,0.970798,0.979995,0.009197,0.975266,0.966903,0.983269,0.965886,0.987162,24,0.987117,0.985183,0.989896,0.004714,0.987467,0.983173,0.991564,0.982647,0.99354,0.001999,24,0.002098,24,0.578125,24,79.5,24,,0,0.10199,24
17,25,24,False,native,24,0.975442,0.970652,0.979333,0.00868,0.975216,0.96747,0.983374,0.965886,0.988498,24,0.987568,0.985107,0.989558,0.004451,0.987442,0.983466,0.991617,0.982647,0.994216,0.002007,24,0.00209,24,0.552734,24,72.5,24,,0,0.101887,24
17,26,24,False,native,24,0.975074,0.969668,0.979038,0.00937,0.974624,0.966075,0.982546,0.962988,0.986125,24,0.98738,0.9846,0.989408,0.004808,0.987139,0.982745,0.991196,0.981145,0.993014,0.001961,24,0.002022,24,0.550781,24,78.5,24,,0,0.101769,24
17,27,24,False,native,24,0.975441,0.968685,0.978744,0.010059,0.973977,0.966322,0.980348,0.962409,0.984348,24,0.987568,0.984093,0.989258,0.005165,0.986807,0.982873,0.990077,0.980844,0.992112,0.001984,24,0.001976,24,0.558594,24,76.5,24,,0,0.101721,24
17,28,24,False,native,24,0.974196,0.968357,0.978009,0.009652,0.9736,0.967339,0.980068,0.958943,0.986125,24,0.986929,0.983924,0.988882,0.004958,0.986613,0.983398,0.989934,0.979041,0.993014,0.001968,24,0.001945,24,0.566406,24,77.5,24,,0,0.101664,24
17,29,24,False,native,24,0.97383,0.967157,0.979553,0.012396,0.973527,0.96593,0.981026,0.962264,0.983461,24,0.986741,0.983305,0.989671,0.006366,0.986575,0.98267,0.990422,0.980769,0.991662,0.001999,24,0.002014,24,0.570312,24,80.0,24,,0,0.101631,24
17,30,24,False,native,24,0.97383,0.966939,0.97856,0.011621,0.973175,0.965103,0.979789,0.96053,0.984496,24,0.986741,0.983192,0.989164,0.005972,0.986394,0.982242,0.989791,0.979868,0.992188,0.001907,24,0.001953,24,0.570312,24,74.5,24,0.999758,24,0.101545,24
17,31,24,False,native,24,0.972587,0.966068,0.978744,0.012676,0.972541,0.965045,0.978994,0.961252,0.98494,24,0.986103,0.982741,0.989258,0.006517,0.986068,0.982212,0.989386,0.980243,0.992413,0.002037,24,0.001976,24,0.601562,24,78.0,24,,0,0.101534,24
17,32,24,False,native,24,0.973464,0.965233,0.978928,0.013694,0.97285,0.963596,0.981321,0.96053,0.98568,24,0.986553,0.982309,0.989352,0.007043,0.986225,0.98146,0.990572,0.979868,0.992788,0.001892,24,0.00193,24,0.591797,24,78.0,24,,0,0.101525,24
17,33,24,False,native,24,0.972221,0.964146,0.978524,0.014378,0.971856,0.962828,0.980731,0.961108,0.98228,24,0.985915,0.981746,0.989145,0.007399,0.985715,0.981062,0.990272,0.980168,0.991061,0.001911,24,0.0019,24,0.623047,24,74.5,24,,0,0.101532,24
17,34,24,False,native,24,0.971126,0.96382,0.976834,0.013014,0.97098,0.962481,0.978847,0.960819,0.983609,24,0.985352,0.981577,0.988281,0.006704,0.985264,0.980882,0.98931,0.980018,0.991737,0.001907,24,0.001881,24,0.603516,24,71.5,24,,0,0.101521,24
17,35,24,False,native,24,0.971929,0.96527,0.976284,0.011014,0.971395,0.963784,0.979244,0.962409,0.981542,24,0.985765,0.982328,0.988,0.005672,0.98548,0.981558,0.989513,0.980844,0.990685,0.001881,24,0.001888,24,0.607422,24,82.0,24,,0,0.10153,24
17,36,24,False,native,24,0.971418,0.964219,0.975807,0.011589,0.970472,0.962872,0.978318,0.959664,0.980952,24,0.985502,0.981783,0.987755,0.005972,0.985004,0.981085,0.98904,0.979417,0.990385,0.001884,24,0.001915,24,0.632812,24,80.5,24,,0,0.101534,24
17,37,24,False,native,24,0.973025,0.964508,0.976467,0.011959,0.971277,0.961859,0.978112,0.960386,0.982723,24,0.986328,0.981934,0.988093,0.00616,0.985417,0.980559,0.988935,0.979793,0.991286,0.001888,24,0.001881,24,0.603516,24,77.0,24,,0,0.101545,24
17,38,24,False,native,24,0.972003,0.965706,0.975587,0.009882,0.970897,0.961961,0.977789,0.960386,0.980952,24,0.985802,0.982553,0.987643,0.005089,0.985223,0.980611,0.98877,0.979793,0.990385,0.001888,24,0.001854,24,0.615234,24,77.5,24,,0,0.101622,24
17,39,24,False,native,24,0.972367,0.965887,0.976577,0.010691,0.970798,0.96131,0.977642,0.959809,0.978891,24,0.98599,0.982647,0.98815,0.005503,0.985173,0.980273,0.988694,0.979492,0.989333,0.001873,24,0.001881,24,0.611328,24,80.0,24,,0,0.101666,24
17,40,24,False,native,24,0.971053,0.965161,0.974671,0.00951,0.970347,0.961686,0.978303,0.960819,0.980216,24,0.985314,0.982272,0.987173,0.004902,0.984942,0.980469,0.989032,0.980018,0.990009,0.00182,24,0.001907,24,0.615234,24,77.0,24,0.999729,24,0.101729,24
17,41,24,False,native,24,0.970688,0.965089,0.973574,0.008485,0.969754,0.961151,0.97751,0.958943,0.980216,24,0.985126,0.982234,0.98661,0.004376,0.984635,0.980191,0.988627,0.979041,0.990009,0.00182,24,0.001858,24,0.630859,24,79.5,24,,0,0.101868,24
17,42,24,False,native,24,0.97171,0.964327,0.974635,0.010307,0.969232,0.95965,0.97635,0.958367,0.978156,24,0.985652,0.98184,0.987154,0.005315,0.984366,0.97941,0.988033,0.978741,0.988957,0.001816,24,0.001907,24,0.603516,24,79.5,24,,0,0.102061,24
17,43,24,False,native,24,0.97098,0.964255,0.974562,0.010307,0.969418,0.959376,0.977671,0.957359,0.97948,24,0.985276,0.981802,0.987117,0.005315,0.98446,0.979267,0.988709,0.978215,0.989633,0.00193,24,0.00177,24,0.636719,24,78.5,24,,0,0.102198,24
17,44,24,False,native,24,0.969304,0.962085,0.973903,0.011818,0.967882,0.957633,0.975866,0.954629,0.981542,24,0.984413,0.980675,0.986779,0.006104,0.983664,0.978358,0.987785,0.976788,0.990685,0.001823,24,0.001808,24,0.640625,24,73.5,24,,0,0.102427,24
17,45,24,False,native,24,0.969959,0.962015,0.975184,0.013169,0.967782,0.954644,0.977333,0.951906,0.979332,24,0.984751,0.980638,0.987436,0.006798,0.983608,0.976795,0.988537,0.975361,0.989558,0.001705,24,0.001648,24,0.640625,24,76.0,24,,0,0.102742,24
17,46,24,False,native,24,0.969376,0.961621,0.973574,0.011952,0.966769,0.952307,0.974942,0.95019,0.97948,24,0.98445,0.980431,0.98661,0.006179,0.983082,0.975571,0.987312,0.974459,0.989633,0.001637,24,0.001686,24,0.662109,24,79.0,24,,0,0.103032,24
17,47,24,False,native,24,0.969814,0.96332,0.974122,0.010802,0.967277,0.954184,0.975822,0.951763,0.977274,24,0.984675,0.981314,0.986892,0.005578,0.983348,0.976555,0.987763,0.975285,0.988507,0.00177,24,0.001751,24,0.634766,24,76.0,24,,0,0.103441,24
17,48,24,False,native,24,0.967194,0.962636,0.974708,0.012073,0.967068,0.953955,0.978303,0.950048,0.982427,24,0.983323,0.980957,0.987192,0.006235,0.983236,0.976435,0.989032,0.974384,0.991136,0.001762,24,0.001709,24,0.679688,24,76.5,24,,0,0.103772,24
17,49,24,False,native,24,0.964726,0.959954,0.971564,0.01161,0.965057,0.951234,0.97462,0.949334,0.981985,24,0.982046,0.979567,0.985577,0.00601,0.982197,0.975008,0.987147,0.974008,0.99091,0.001564,24,0.001575,24,0.710938,24,79.0,24,,0,0.104057,24
18,0,24,False,native,24,0.959953,0.953195,0.962988,0.009793,0.958272,0.94815,0.96894,0.9377,0.972733,24,0.979567,0.976037,0.981145,0.005108,0.978672,0.973385,0.984225,0.967849,0.986178,0.0,24,0.0,24,0.755859,24,173.0,24,0.999775,24,0.105669,24
18,1,24,False,native,24,0.964436,0.958655,0.970981,0.012325,0.964159,0.94885,0.976644,0.943216,0.983313,24,0.981896,0.978891,0.985276,0.006385,0.981724,0.973745,0.988184,0.970778,0.991587,0.0,24,0.0,24,0.714844,24,157.5,24,,0,0.107161,24
18,2,24,False,native,24,0.97845,0.971127,0.98324,0.012113,0.974644,0.955778,0.985532,0.944493,0.986866,24,0.989108,0.985352,0.991549,0.006197,0.987123,0.977389,0.992713,0.971454,0.993389,0.002213,24,0.002113,24,0.486328,24,112.5,24,,0,0.106603,24
18,3,24,False,native,24,0.980731,0.975923,0.984533,0.00861,0.975693,0.957834,0.986732,0.932496,0.989241,24,0.990272,0.987812,0.992206,0.004395,0.987643,0.978463,0.993322,0.965069,0.994591,0.002243,24,0.002472,24,0.462891,24,96.0,24,,0,0.106518,24
18,4,24,False,native,24,0.982427,0.977433,0.985347,0.007914,0.977189,0.959248,0.987444,0.938829,0.989687,24,0.991136,0.988582,0.992619,0.004038,0.988413,0.979199,0.993682,0.96845,0.994817,0.003021,24,0.00312,24,0.421875,24,86.0,24,,0,0.10659,24
18,5,24,False,native,24,0.983757,0.979519,0.985236,0.005717,0.977256,0.95818,0.986969,0.932496,0.987459,24,0.991812,0.989652,0.992563,0.002911,0.988438,0.978643,0.993442,0.965069,0.99369,0.003143,24,0.003098,24,0.400391,24,80.0,24,,0,0.106448,24
18,6,24,False,native,24,0.983905,0.97952,0.985162,0.005642,0.978286,0.957403,0.988008,0.937841,0.988944,24,0.991887,0.989652,0.992526,0.002873,0.988976,0.978238,0.993968,0.967924,0.994441,0.003044,24,0.003128,24,0.390625,24,78.0,24,,0,0.106381,24
18,7,24,False,native,24,0.9842,0.981322,0.985643,0.004321,0.978653,0.961643,0.987563,0.9377,0.991473,24,0.992037,0.990572,0.99277,0.002197,0.989161,0.980446,0.993742,0.967849,0.995718,0.002998,24,0.003067,24,0.382812,24,78.5,24,,0,0.106254,24
18,8,24,False,native,24,0.984126,0.979885,0.986125,0.006239,0.979084,0.961701,0.987978,0.941232,0.989092,24,0.992,0.98984,0.993014,0.003174,0.989389,0.980476,0.993953,0.969727,0.994516,0.003052,24,0.002739,24,0.390625,24,71.5,24,,0,0.106131,24
18,9,24,False,native,24,0.984275,0.979333,0.986977,0.007644,0.978993,0.959535,0.988067,0.939253,0.989092,24,0.992075,0.989558,0.993446,0.003887,0.989339,0.979349,0.993998,0.968675,0.994516,0.002892,24,0.003044,24,0.388672,24,66.0,24,,0,0.106024,24
18,10,24,False,native,24,0.983979,0.979995,0.987051,0.007056,0.979034,0.957289,0.988112,0.944351,0.989836,24,0.991925,0.989896,0.993483,0.003587,0.989361,0.978178,0.99402,0.971379,0.994892,0.003113,24,0.00312,24,0.396484,24,64.0,24,0.999731,24,0.105929,24
18,11,24,False,native,24,0.98531,0.9811,0.986569,0.005469,0.979693,0.960762,0.987667,0.943074,0.988647,24,0.992601,0.99046,0.993239,0.002779,0.989702,0.979988,0.993795,0.970703,0.994291,0.003067,24,0.003036,24,0.367188,24,58.5,24,,0,0.105822,24
18,12,24,False,native,24,0.985162,0.979921,0.986458,0.006537,0.979621,0.957448,0.987014,0.947053,0.989241,24,0.992526,0.989859,0.993183,0.003324,0.989668,0.97826,0.993465,0.972806,0.994591,0.003021,24,0.00296,24,0.369141,24,54.5,24,,0,0.105809,24
18,13,24,False,native,24,0.984644,0.981358,0.98694,0.005581,0.979855,0.958786,0.987756,0.944351,0.989984,24,0.992263,0.990591,0.993427,0.002836,0.989787,0.978959,0.99384,0.971379,0.994967,0.00309,24,0.002975,24,0.384766,24,59.5,24,,0,0.1058,24
18,14,24,False,native,24,0.984496,0.981579,0.986606,0.005027,0.980593,0.960921,0.988127,0.953768,0.990282,24,0.992188,0.990704,0.993258,0.002554,0.990172,0.980071,0.994028,0.976337,0.995117,0.00296,24,0.003052,24,0.392578,24,58.0,24,,0,0.105761,24
18,15,24,False,native,24,0.984644,0.981616,0.98631,0.004694,0.98032,0.959463,0.987073,0.952479,0.988053,24,0.992263,0.990723,0.993108,0.002385,0.990034,0.979312,0.993495,0.975661,0.99399,0.003014,24,0.002968,24,0.382812,24,47.0,24,,0,0.105704,24
18,16,24,False,native,24,0.984792,0.982427,0.986532,0.004105,0.98071,0.958886,0.987889,0.953482,0.989836,24,0.992338,0.991136,0.99322,0.002085,0.990231,0.979011,0.993908,0.976187,0.994892,0.002892,24,0.002716,24,0.363281,24,50.0,24,,0,0.105652,24
18,17,24,False,native,24,0.984866,0.981727,0.986495,0.004769,0.980185,0.958944,0.987014,0.953052,0.988201,24,0.992375,0.990779,0.993202,0.002423,0.989965,0.979041,0.993465,0.975962,0.994066,0.0028,24,0.002869,24,0.375,24,44.5,24,,0,0.105603,24
18,18,24,False,native,24,0.984348,0.982243,0.986421,0.004178,0.980155,0.958224,0.987414,0.951906,0.989092,24,0.992112,0.991042,0.993164,0.002122,0.989946,0.978666,0.993667,0.975361,0.994516,0.002937,24,0.002823,24,0.392578,24,48.5,24,,0,0.105526,24
18,19,24,False,native,24,0.984496,0.982169,0.986013,0.003844,0.980683,0.960228,0.986969,0.957071,0.990431,24,0.992188,0.991004,0.992957,0.001953,0.990222,0.97971,0.993442,0.978065,0.995192,0.003067,24,0.002754,24,0.375,24,47.5,24,,0,0.105439,24
18,20,24,False,native,24,0.984718,0.982723,0.985643,0.002921,0.980442,0.958785,0.98734,0.955059,0.988498,24,0.9923,0.991286,0.99277,0.001484,0.990097,0.978959,0.99363,0.977013,0.994216,0.002922,24,0.002884,24,0.371094,24,44.0,24,0.999686,24,0.105391,24
18,21,24,False,native,24,0.985014,0.982833,0.986236,0.003402,0.980629,0.95854,0.987756,0.954916,0.98835,24,0.99245,0.991342,0.99307,0.001728,0.990191,0.978831,0.99384,0.976938,0.994141,0.003128,24,0.003189,24,0.371094,24,57.5,24,,0,0.105312,24
18,22,24,False,native,24,0.98457,0.983129,0.985976,0.002847,0.980682,0.960435,0.986821,0.956784,0.987162,24,0.992225,0.991493,0.992939,0.001446,0.990222,0.979815,0.993367,0.977915,0.99354,0.003044,24,0.002983,24,0.376953,24,49.0,24,,0,0.10519,24
18,23,24,False,native,24,0.984718,0.982132,0.986421,0.004289,0.980518,0.96079,0.987236,0.95549,0.987459,24,0.9923,0.990986,0.993164,0.002178,0.990137,0.980003,0.993577,0.977239,0.99369,0.002975,24,0.00267,24,0.386719,24,50.0,24,,0,0.105103,24
18,24,24,False,native,24,0.98457,0.981284,0.985051,0.003767,0.980114,0.962988,0.986288,0.951477,0.987162,24,0.992225,0.990554,0.992469,0.001916,0.989931,0.981145,0.993096,0.975135,0.99354,0.002892,24,0.002708,24,0.386719,24,49.0,24,,0,0.105049,24
18,25,24,False,native,24,0.983683,0.981247,0.984718,0.003471,0.979357,0.95929,0.985488,0.952336,0.987014,24,0.991774,0.990535,0.9923,0.001765,0.989543,0.979222,0.992691,0.975586,0.993465,0.002663,24,0.002716,24,0.398438,24,47.0,24,,0,0.104949,24
18,26,24,False,native,24,0.983905,0.981579,0.984607,0.003028,0.97952,0.961559,0.985888,0.95019,0.986717,24,0.991887,0.990704,0.992244,0.00154,0.989627,0.980401,0.992894,0.974459,0.993314,0.002762,24,0.002632,24,0.398438,24,52.5,24,,0,0.104859,24
18,27,24,False,native,24,0.983092,0.981284,0.984866,0.003582,0.979713,0.964117,0.985843,0.952192,0.986421,24,0.991474,0.990554,0.992375,0.001822,0.98973,0.981731,0.992871,0.975511,0.993164,0.002701,24,0.002701,24,0.416016,24,49.0,24,,0,0.104744,24
18,28,24,False,native,24,0.982944,0.980253,0.984126,0.003874,0.979106,0.961671,0.985147,0.956209,0.986866,24,0.991399,0.990028,0.992,0.001972,0.989421,0.980461,0.992518,0.977614,0.993389,0.002609,24,0.002625,24,0.419922,24,48.5,24,,0,0.104682,24
18,29,24,False,native,24,0.982797,0.979516,0.98457,0.005054,0.979309,0.963451,0.985443,0.955059,0.986125,24,0.991324,0.989652,0.992225,0.002573,0.989527,0.981385,0.992668,0.977013,0.993014,0.002602,24,0.002617,24,0.423828,24,48.5,24,,0,0.104592,24
18,30,24,False,native,24,0.981616,0.979332,0.983498,0.004166,0.978749,0.96506,0.985162,0.955921,0.986125,24,0.990723,0.989558,0.99168,0.002122,0.989242,0.982219,0.992526,0.977464,0.993014,0.002693,24,0.002403,24,0.4375,24,53.0,24,0.999706,24,0.1045,24
18,31,24,False,native,24,0.981985,0.977385,0.984089,0.006705,0.978103,0.964842,0.985088,0.950762,0.986569,24,0.99091,0.988563,0.991981,0.003418,0.988907,0.982106,0.992488,0.97476,0.993239,0.002586,24,0.002762,24,0.425781,24,55.0,24,,0,0.104421,24
18,32,24,False,native,24,0.9811,0.978634,0.984385,0.005751,0.97834,0.966511,0.985503,0.951191,0.985828,24,0.99046,0.989201,0.992131,0.00293,0.989029,0.98297,0.992698,0.974985,0.992864,0.002663,24,0.002762,24,0.429688,24,58.5,24,,0,0.10437,24
18,33,24,False,native,24,0.981173,0.97713,0.983646,0.006516,0.977655,0.963495,0.985088,0.951191,0.986717,24,0.990497,0.988431,0.991756,0.003324,0.988679,0.981408,0.992488,0.974985,0.993314,0.002579,24,0.002655,24,0.441406,24,52.5,24,,0,0.104279,24
18,34,24,False,native,24,0.979995,0.975588,0.982686,0.007098,0.977539,0.965715,0.983905,0.954485,0.987607,24,0.989896,0.987643,0.991267,0.003625,0.988626,0.982557,0.991887,0.976713,0.993765,0.002625,24,0.002487,24,0.478516,24,53.0,24,,0,0.104186,24
18,35,24,False,native,24,0.980805,0.972332,0.982907,0.010575,0.976576,0.965946,0.984452,0.953195,0.986273,24,0.990309,0.985971,0.99138,0.005409,0.988128,0.982677,0.992165,0.976037,0.993089,0.002441,24,0.002312,24,0.447266,24,54.5,24,,0,0.104073,24
18,36,24,False,native,24,0.979774,0.971564,0.983277,0.011712,0.976213,0.962973,0.984112,0.953052,0.986866,24,0.989784,0.985577,0.991568,0.005991,0.98794,0.981137,0.991992,0.975962,0.993389,0.002625,24,0.002647,24,0.462891,24,54.5,24,,0,0.103986,24
18,37,24,False,native,24,0.979627,0.969377,0.981985,0.012608,0.976195,0.964856,0.984274,0.957503,0.98939,24,0.989709,0.98445,0.99091,0.00646,0.987934,0.982114,0.992075,0.97829,0.994666,0.002632,24,0.002655,24,0.457031,24,50.0,24,,0,0.103922,24
18,38,24,False,native,24,0.979259,0.968067,0.981874,0.013808,0.975928,0.964639,0.984067,0.958367,0.988053,24,0.989521,0.983774,0.990854,0.00708,0.987799,0.982001,0.99197,0.978741,0.99399,0.002487,24,0.002502,24,0.488281,24,51.0,24,,0,0.103856,24
18,39,24,False,native,24,0.978965,0.968212,0.982096,0.013884,0.975922,0.965379,0.984452,0.957935,0.98835,24,0.98937,0.983849,0.990967,0.007118,0.987796,0.982384,0.992165,0.978516,0.994141,0.002739,24,0.002403,24,0.476562,24,55.0,24,,0,0.103734,24
18,40,24,False,native,24,0.978597,0.969122,0.981985,0.012864,0.975834,0.963654,0.985947,0.958511,0.987459,24,0.989183,0.984319,0.99091,0.006592,0.987749,0.98149,0.992924,0.978816,0.99369,0.002419,24,0.002533,24,0.494141,24,53.5,24,0.999701,24,0.103615,24
18,41,24,False,native,24,0.977862,0.966758,0.981948,0.01519,0.975001,0.962265,0.985133,0.960675,0.986273,24,0.988807,0.983098,0.990892,0.007794,0.987323,0.980769,0.992511,0.979943,0.993089,0.002327,24,0.002487,24,0.511719,24,55.5,24,,0,0.103561,24
18,42,24,False,native,24,0.976467,0.967194,0.98169,0.014496,0.974647,0.962163,0.983609,0.960097,0.989092,24,0.988093,0.983323,0.99076,0.007437,0.987142,0.980717,0.991737,0.979642,0.994516,0.002464,24,0.002136,24,0.529297,24,51.0,24,,0,0.103542,24
18,43,24,False,native,24,0.976761,0.968976,0.980695,0.011719,0.975261,0.964639,0.984438,0.962698,0.988201,24,0.988244,0.984244,0.990253,0.00601,0.987461,0.982001,0.992157,0.980995,0.994066,0.002541,24,0.002342,24,0.519531,24,56.0,24,,0,0.103505,24
18,44,24,False,native,24,0.976467,0.96723,0.980326,0.013096,0.974822,0.962771,0.983476,0.959232,0.988944,24,0.988093,0.983342,0.990065,0.006723,0.987233,0.981032,0.991669,0.979192,0.994441,0.002411,24,0.002144,24,0.527344,24,65.0,24,,0,0.103597,24
18,45,24,False,native,24,0.975587,0.967157,0.979148,0.011991,0.974595,0.965524,0.981601,0.961397,0.989836,24,0.987643,0.983305,0.989464,0.00616,0.98712,0.982459,0.990715,0.980319,0.994892,0.00235,24,0.00222,24,0.558594,24,62.0,24,,0,0.103743,24
18,46,24,False,native,24,0.975001,0.969631,0.978597,0.008966,0.973901,0.963422,0.981483,0.959664,0.988944,24,0.987342,0.984582,0.989183,0.004601,0.986763,0.98137,0.990655,0.979417,0.994441,0.002281,24,0.002251,24,0.572266,24,68.5,24,,0,0.103935,24
18,47,24,False,native,24,0.973903,0.969523,0.976944,0.007421,0.973309,0.964349,0.98107,0.961252,0.987459,24,0.986779,0.984525,0.988338,0.003812,0.986463,0.981851,0.990445,0.980243,0.99369,0.002083,24,0.002136,24,0.572266,24,74.5,24,,0,0.104272,24
18,48,24,False,native,24,0.973464,0.969341,0.976137,0.006796,0.972998,0.961326,0.98054,0.959953,0.988498,24,0.986553,0.984431,0.987924,0.003493,0.9863,0.980281,0.990174,0.979567,0.994216,0.00209,24,0.002075,24,0.585938,24,73.5,24,,0,0.104497,24
18,49,24,False,native,24,0.972733,0.969085,0.975807,0.006722,0.972812,0.964973,0.97798,0.961975,0.986866,24,0.986178,0.9843,0.987755,0.003456,0.986209,0.982174,0.988867,0.980619,0.993389,0.002151,24,0.002113,24,0.603516,24,81.5,24,,0,0.104753,24
19,0,24,False,native,24,0.972148,0.964219,0.980289,0.016071,0.970793,0.955937,0.983979,0.94563,0.990579,24,0.985877,0.981783,0.990047,0.008263,0.985145,0.977471,0.991925,0.972055,0.995267,0.0,24,0.000656,24,0.595703,24,128.5,24,0.999765,24,0.104758,24
19,1,24,False,native,24,0.973318,0.966722,0.978193,0.011472,0.9721,0.957546,0.987105,0.951477,0.990877,24,0.986478,0.983079,0.988976,0.005897,0.985824,0.978313,0.99351,0.975135,0.995418,0.00172,24,0.000816,24,0.595703,24,126.0,24,,0,0.104198,24
19,2,24,False,native,24,0.973464,0.96894,0.978818,0.009878,0.973027,0.966395,0.981498,0.951334,0.983461,24,0.986553,0.984225,0.989295,0.005071,0.986312,0.98291,0.990663,0.97506,0.991662,0.001503,24,0.001492,24,0.574219,24,114.5,24,,0,0.10445,24
19,3,24,False,native,24,0.976394,0.970944,0.97856,0.007616,0.973212,0.961715,0.979435,0.953482,0.983313,24,0.988056,0.985258,0.989164,0.003906,0.98641,0.980484,0.989611,0.976187,0.991587,0.001553,24,0.001766,24,0.535156,24,109.5,24,,0,0.104582,24
19,4,24,False,native,24,0.974708,0.971054,0.977092,0.006038,0.973375,0.965118,0.981468,0.955634,0.984052,24,0.987192,0.985314,0.988413,0.003099,0.986494,0.982249,0.990648,0.977314,0.991962,0.001549,24,0.001747,24,0.558594,24,110.0,24,,0,0.104828,24
19,5,24,False,native,24,0.974781,0.972076,0.977201,0.005125,0.973626,0.960894,0.982295,0.956496,0.986717,24,0.98723,0.98584,0.988469,0.002629,0.986622,0.980056,0.991068,0.977764,0.993314,0.001934,24,0.001801,24,0.564453,24,105.5,24,,0,0.10491,24
19,6,24,False,native,24,0.974562,0.970798,0.976247,0.005449,0.972912,0.961947,0.982738,0.952765,0.986273,24,0.987117,0.985183,0.987981,0.002798,0.986253,0.980604,0.991294,0.975811,0.993089,0.001511,24,0.00156,24,0.580078,24,105.0,24,,0,0.105083,24
19,7,24,False,native,24,0.974049,0.970725,0.978266,0.007541,0.972814,0.958194,0.982132,0.956065,0.98287,24,0.986854,0.985145,0.989014,0.003869,0.986203,0.978651,0.990986,0.977539,0.991361,0.001652,24,0.001709,24,0.572266,24,106.5,24,,0,0.105176,24
19,8,24,False,native,24,0.974342,0.969635,0.977348,0.007712,0.972779,0.958814,0.983328,0.953768,0.987756,24,0.987004,0.984582,0.988544,0.003963,0.986181,0.978974,0.991594,0.976337,0.99384,0.001923,24,0.001682,24,0.564453,24,104.0,24,,0,0.105284,24
19,9,24,False,native,24,0.974635,0.970727,0.978854,0.008127,0.973413,0.958542,0.984289,0.952479,0.986125,24,0.987154,0.985145,0.989314,0.004169,0.986507,0.978831,0.992082,0.975661,0.993014,0.001968,24,0.001503,24,0.578125,24,106.0,24,,0,0.105377,24
19,10,24,False,native,24,0.975074,0.96909,0.978855,0.009765,0.973015,0.957994,0.984748,0.954055,0.985976,24,0.98738,0.9843,0.989314,0.005014,0.9863,0.978546,0.992315,0.976487,0.992939,0.00164,24,0.001804,24,0.564453,24,102.0,24,0.999799,24,0.105504,24
19,11,24,False,native,24,0.975587,0.970252,0.980289,0.010037,0.973156,0.959017,0.984023,0.95162,0.985532,24,0.987643,0.984901,0.990047,0.005146,0.986372,0.979079,0.991947,0.97521,0.992713,0.001595,24,0.001789,24,0.5625,24,102.5,24,,0,0.105632,24
19,12,24,False,native,24,0.975587,0.969963,0.978818,0.008854,0.97303,0.959392,0.982693,0.947765,0.984792,24,0.987643,0.984751,0.989295,0.004545,0.986306,0.979274,0.991271,0.973182,0.992338,0.001888,24,0.001678,24,0.552734,24,104.5,24,,0,0.105743,24
19,13,24,False,native,24,0.974781,0.971056,0.979222,0.008166,0.973131,0.960075,0.983994,0.94748,0.98568,24,0.98723,0.985314,0.989502,0.004188,0.986356,0.979627,0.991932,0.973032,0.992788,0.001522,24,0.001602,24,0.564453,24,102.0,24,,0,0.105886,24
19,14,24,False,native,24,0.975001,0.969418,0.978487,0.009069,0.972644,0.958586,0.984896,0.948193,0.98568,24,0.987342,0.984469,0.989126,0.004657,0.986106,0.978854,0.99239,0.973407,0.992788,0.001869,24,0.001675,24,0.570312,24,103.0,24,,0,0.105967,24
19,15,24,False,native,24,0.975807,0.970655,0.980253,0.009598,0.973186,0.959218,0.984748,0.946057,0.985976,24,0.987755,0.985107,0.990028,0.00492,0.986381,0.979184,0.992315,0.972281,0.992939,0.001808,24,0.001724,24,0.548828,24,99.0,24,,0,0.106076,24
19,16,24,False,native,24,0.975221,0.970105,0.980437,0.010332,0.97314,0.959751,0.983535,0.94691,0.985384,24,0.987455,0.984826,0.990122,0.005296,0.986359,0.979462,0.991699,0.972731,0.992638,0.001778,24,0.00182,24,0.5625,24,100.5,24,,0,0.106174,24
19,17,24,False,native,24,0.974342,0.96763,0.982096,0.014466,0.973269,0.959494,0.98571,0.946199,0.986421,24,0.987004,0.983549,0.990967,0.007418,0.986422,0.979327,0.992803,0.972356,0.993164,0.001625,24,0.001572,24,0.576172,24,106.5,24,,0,0.106233,24
19,18,24,False,native,24,0.975441,0.967812,0.981985,0.014173,0.973706,0.959405,0.986288,0.946626,0.987607,24,0.987568,0.983643,0.99091,0.007268,0.986644,0.979282,0.993096,0.972581,0.993765,0.001572,24,0.001583,24,0.546875,24,100.5,24,,0,0.106296,24
19,19,24,False,native,24,0.974562,0.971126,0.981653,0.010527,0.973812,0.961498,0.985206,0.946768,0.987014,24,0.987117,0.985352,0.990741,0.00539,0.986704,0.980371,0.992548,0.972656,0.993465,0.001656,24,0.001579,24,0.560547,24,103.5,24,,0,0.106356,24
19,20,24,False,native,24,0.976174,0.969814,0.981433,0.011619,0.973776,0.960444,0.986732,0.9435,0.986866,24,0.987943,0.984675,0.990629,0.005953,0.986679,0.979823,0.993322,0.970928,0.993389,0.001724,24,0.001686,24,0.546875,24,105.0,24,0.999809,24,0.10641,24
19,21,24,False,native,24,0.976467,0.966467,0.983609,0.017142,0.973494,0.960733,0.986036,0.945914,0.988647,24,0.988093,0.982948,0.991737,0.008789,0.986535,0.979973,0.992969,0.972206,0.994291,0.001553,24,0.001667,24,0.548828,24,102.0,24,,0,0.106454,24
19,22,24,False,native,24,0.977128,0.967558,0.982946,0.015388,0.974248,0.961876,0.986569,0.945346,0.991175,24,0.988431,0.983511,0.991399,0.007888,0.98692,0.980566,0.993239,0.971905,0.995568,0.001591,24,0.001591,24,0.535156,24,98.0,24,,0,0.106501,24
19,23,24,False,native,24,0.976027,0.967012,0.982944,0.015932,0.97393,0.961527,0.986821,0.945914,0.990282,24,0.987868,0.983229,0.991399,0.008169,0.986757,0.980386,0.993367,0.972206,0.995117,0.001614,24,0.001583,24,0.556641,24,102.5,24,,0,0.10656,24
19,24,24,False,native,24,0.976394,0.966431,0.984496,0.018065,0.973921,0.961948,0.987088,0.944351,0.988647,24,0.988056,0.982929,0.992188,0.009259,0.986751,0.980604,0.993502,0.971379,0.994291,0.001965,24,0.001572,24,0.541016,24,91.0,24,,0,0.106579,24
19,25,24,False,native,24,0.977275,0.968612,0.98324,0.014628,0.974541,0.962498,0.987697,0.944493,0.98939,24,0.988507,0.984056,0.991549,0.007493,0.98707,0.980889,0.99381,0.971454,0.994666,0.002018,24,0.001671,24,0.505859,24,100.5,24,,0,0.106588,24
19,26,24,False,native,24,0.977789,0.968325,0.984644,0.016319,0.974455,0.960733,0.987044,0.943783,0.988498,24,0.98877,0.983905,0.992263,0.008357,0.987023,0.979973,0.99348,0.971079,0.994216,0.001522,24,0.001888,24,0.505859,24,85.0,24,,0,0.106563,24
19,27,24,False,native,24,0.976981,0.967268,0.984311,0.017043,0.974149,0.959348,0.98694,0.943358,0.990728,24,0.988356,0.983361,0.992094,0.008733,0.986863,0.979252,0.993427,0.970853,0.995343,0.001591,24,0.001514,24,0.529297,24,96.0,24,,0,0.106564,24
19,28,24,False,native,24,0.977348,0.969346,0.983757,0.014411,0.97439,0.958943,0.98734,0.945203,0.988944,24,0.988544,0.984431,0.991812,0.007381,0.986989,0.979041,0.99363,0.97183,0.994441,0.002266,24,0.001617,24,0.517578,24,94.0,24,,0,0.106515,24
19,29,24,False,native,24,0.976907,0.968219,0.984681,0.016462,0.974208,0.959405,0.987192,0.943358,0.988647,24,0.988319,0.983849,0.992281,0.008432,0.986895,0.979282,0.993555,0.970853,0.994291,0.002083,24,0.001743,24,0.535156,24,88.0,24,,0,0.106492,24
19,30,24,False,native,24,0.977348,0.968873,0.985273,0.0164,0.974553,0.958685,0.987029,0.944635,0.989984,24,0.988544,0.984187,0.992582,0.008395,0.98707,0.978906,0.993472,0.971529,0.994967,0.001633,24,0.001572,24,0.537109,24,91.0,24,0.999785,24,0.106424,24
19,31,24,False,native,24,0.977421,0.968364,0.98668,0.018316,0.974683,0.959073,0.988379,0.945203,0.988944,24,0.988582,0.983924,0.993296,0.009371,0.987136,0.979109,0.994156,0.97183,0.994441,0.002224,24,0.002487,24,0.535156,24,92.0,24,,0,0.106352,24
19,32,24,False,native,24,0.976394,0.968842,0.985532,0.016691,0.974129,0.958497,0.987281,0.942224,0.988498,24,0.988056,0.984168,0.992713,0.008545,0.986848,0.978809,0.9936,0.970252,0.994216,0.001659,24,0.00172,24,0.550781,24,87.0,24,,0,0.10629,24
19,33,24,False,native,24,0.976908,0.970046,0.985495,0.01545,0.974646,0.959607,0.986969,0.943641,0.989092,24,0.988319,0.984788,0.992695,0.007906,0.987117,0.979387,0.993442,0.971004,0.994516,0.002186,24,0.002159,24,0.515625,24,86.0,24,,0,0.106213,24
19,34,24,False,native,24,0.975954,0.96928,0.986606,0.017326,0.974316,0.958915,0.987711,0.942649,0.98835,24,0.987831,0.984394,0.993258,0.008864,0.986945,0.979026,0.993818,0.970478,0.994141,0.001663,24,0.001701,24,0.542969,24,86.0,24,,0,0.106123,24
19,35,24,False,native,24,0.976541,0.968587,0.985236,0.01665,0.974056,0.956582,0.987696,0.944209,0.989092,24,0.988131,0.984037,0.992563,0.008526,0.98681,0.977809,0.99381,0.971304,0.994516,0.001686,24,0.001694,24,0.542969,24,83.5,24,,0,0.10604,24
19,36,24,False,native,24,0.975734,0.968878,0.985902,0.017025,0.97403,0.955706,0.988528,0.944635,0.991175,24,0.987718,0.984187,0.992901,0.008714,0.986798,0.977351,0.994231,0.971529,0.995568,0.002342,24,0.00209,24,0.572266,24,81.0,24,,0,0.105998,24
19,37,24,False,native,24,0.976174,0.966952,0.986199,0.019247,0.973874,0.953367,0.98936,0.943358,0.991026,24,0.987943,0.983192,0.993051,0.00986,0.98671,0.976127,0.994651,0.970853,0.995493,0.001915,24,0.001705,24,0.550781,24,87.5,24,,0,0.106021,24
19,38,24,False,native,24,0.979185,0.966114,0.984903,0.018789,0.973825,0.952837,0.98826,0.940525,0.989836,24,0.989483,0.98276,0.992394,0.009634,0.986682,0.975849,0.994096,0.969351,0.994892,0.002281,24,0.001442,24,0.492188,24,87.0,24,,0,0.105968,24
19,39,24,False,native,24,0.979038,0.968654,0.985014,0.016361,0.973996,0.955218,0.987726,0.938123,0.98939,24,0.989408,0.984075,0.99245,0.008376,0.986773,0.977096,0.993825,0.968074,0.994666,0.002289,24,0.002243,24,0.488281,24,78.0,24,,0,0.105943,24
19,40,24,False,native,24,0.979922,0.967895,0.984386,0.016491,0.973903,0.954616,0.988364,0.935728,0.989687,24,0.989859,0.98368,0.992131,0.008451,0.986719,0.97678,0.994148,0.966797,0.994817,0.001934,24,0.002365,24,0.470703,24,82.5,24,0.999773,24,0.105915,24
19,41,24,False,native,24,0.979112,0.967681,0.983979,0.016298,0.97342,0.953424,0.988246,0.937559,0.988795,24,0.989446,0.983567,0.991925,0.008357,0.986472,0.976157,0.994088,0.967773,0.994366,0.002251,24,0.002102,24,0.503906,24,79.5,24,,0,0.105898,24
19,42,24,False,native,24,0.978303,0.969357,0.98398,0.014623,0.973253,0.951664,0.987815,0.937559,0.989092,24,0.989032,0.984431,0.991925,0.007493,0.986384,0.975233,0.99387,0.967773,0.994516,0.002022,24,0.002327,24,0.505859,24,78.5,24,,0,0.105827,24
19,43,24,False,native,24,0.978891,0.967619,0.982947,0.015327,0.973059,0.953324,0.987756,0.937841,0.989538,24,0.989333,0.98353,0.991399,0.007869,0.986284,0.976104,0.99384,0.967924,0.994742,0.002113,24,0.001945,24,0.511719,24,79.0,24,,0,0.105784,24
19,44,24,False,native,24,0.977495,0.966076,0.983794,0.017718,0.97283,0.953984,0.986525,0.936995,0.989984,24,0.988619,0.982741,0.991831,0.00909,0.986172,0.97645,0.993217,0.967473,0.994967,0.001976,24,0.001881,24,0.535156,24,92.5,24,,0,0.105818,24
19,45,24,False,native,24,0.977862,0.968556,0.982909,0.014353,0.973011,0.955576,0.988647,0.934603,0.98939,24,0.988807,0.984018,0.99138,0.007362,0.986259,0.977284,0.994291,0.966196,0.994666,0.002136,24,0.00209,24,0.515625,24,84.0,24,,0,0.105873,24
19,46,24,False,native,24,0.976027,0.97019,0.984349,0.014158,0.973253,0.956669,0.989152,0.931935,0.989538,24,0.987868,0.984863,0.992112,0.007249,0.986381,0.977855,0.994546,0.964769,0.994742,0.002121,24,0.002071,24,0.544922,24,87.0,24,,0,0.106049,24
19,47,24,False,native,24,0.977128,0.972778,0.982761,0.009983,0.974069,0.958367,0.987785,0.935587,0.988647,24,0.988431,0.986197,0.991305,0.005108,0.98681,0.978741,0.993855,0.966722,0.994291,0.002296,24,0.002174,24,0.511719,24,79.5,24,,0,0.106249,24
19,48,24,False,native,24,0.977274,0.971833,0.981766,0.009934,0.973446,0.959621,0.988053,0.931935,0.989687,24,0.988507,0.985708,0.990798,0.005089,0.986485,0.979395,0.99399,0.964769,0.994817,0.002213,24,0.002098,24,0.537109,24,79.5,24,,0,0.106508,24
19,49,24,False,native,24,0.977054,0.970625,0.981837,0.011212,0.972365,0.953797,0.987622,0.930534,0.988201,24,0.988394,0.985089,0.990835,0.005747,0.985924,0.976352,0.993773,0.964017,0.994066,0.002106,24,0.00222,24,0.537109,24,77.0,24,,0,0.106502,24
20,0,24,False,native,24,0.967412,0.963024,0.976982,0.013958,0.969614,0.959895,0.981129,0.950048,0.989836,24,0.983436,0.981164,0.988356,0.007193,0.984547,0.979537,0.990475,0.974384,0.994892,0.002052,24,0.001865,24,0.673828,24,91.0,24,0.999657,24,0.103664,24
20,1,24,False,native,24,0.965886,0.963422,0.979112,0.01569,0.969608,0.958584,0.982944,0.950762,0.987607,24,0.982647,0.98137,0.989446,0.008075,0.984544,0.978854,0.991399,0.97476,0.993765,0.001907,24,0.001816,24,0.708984,24,89.0,24,,0,0.104852,24
20,2,24,False,native,24,0.968212,0.962193,0.979995,0.017802,0.970922,0.956986,0.98608,0.954485,0.990282,24,0.983849,0.980732,0.989896,0.009165,0.985214,0.97802,0.992991,0.976713,0.995117,0.001862,24,0.001881,24,0.675781,24,97.5,24,,0,0.104192,24
20,3,24,False,native,24,0.968285,0.963205,0.979406,0.016201,0.971301,0.960718,0.982737,0.955347,0.988647,24,0.983887,0.981258,0.989596,0.008338,0.985417,0.979965,0.991294,0.977163,0.994291,0.001831,24,0.001625,24,0.660156,24,93.0,24,,0,0.104226,24
20,4,24,False,native,24,0.969959,0.962156,0.979517,0.017361,0.971016,0.960227,0.981557,0.953338,0.991026,24,0.984751,0.980713,0.989652,0.008939,0.985267,0.97971,0.990693,0.976112,0.995493,0.001999,24,0.001896,24,0.636719,24,89.0,24,,0,0.104397,24
20,5,24,False,native,24,0.967849,0.959628,0.979774,0.020145,0.970233,0.957158,0.982885,0.954342,0.990282,24,0.983661,0.979398,0.989784,0.010385,0.98486,0.97811,0.991369,0.976638,0.995117,0.001881,24,0.001984,24,0.685547,24,92.5,24,,0,0.104387,24
20,6,24,False,native,24,0.967557,0.960711,0.981026,0.020315,0.970521,0.957964,0.983284,0.951763,0.990431,24,0.983511,0.979962,0.990422,0.01046,0.985007,0.978531,0.991572,0.975285,0.995192,0.001953,24,0.001915,24,0.669922,24,94.5,24,,0,0.104511,24
20,7,24,False,native,24,0.969012,0.959881,0.979848,0.019967,0.970105,0.958453,0.984467,0.951763,0.990282,24,0.984262,0.97953,0.989821,0.010291,0.984791,0.978786,0.992172,0.975285,0.995117,0.001923,24,0.001953,24,0.648438,24,90.0,24,,0,0.104597,24
20,8,24,False,native,24,0.968578,0.959917,0.979332,0.019415,0.969975,0.957733,0.983757,0.95549,0.98939,24,0.984037,0.979549,0.989558,0.01001,0.984729,0.97841,0.991812,0.977239,0.994666,0.001907,24,0.001904,24,0.662109,24,92.0,24,,0,0.104625,24
20,9,24,False,native,24,0.96843,0.959376,0.977863,0.018487,0.969391,0.958194,0.984274,0.95019,0.988944,24,0.983962,0.979267,0.988807,0.00954,0.984425,0.978651,0.992075,0.974459,0.994441,0.001945,24,0.001984,24,0.636719,24,89.5,24,,0,0.104595,24
20,10,24,False,native,24,0.969598,0.958295,0.97823,0.019935,0.969266,0.956453,0.985177,0.950333,0.989984,24,0.984563,0.978703,0.988995,0.010291,0.984356,0.977742,0.992533,0.974534,0.994967,0.001976,24,0.001976,24,0.634766,24,94.5,24,0.999665,24,0.104505,24
20,11,24,False,native,24,0.968869,0.958295,0.977717,0.019422,0.968935,0.954185,0.985044,0.950762,0.989538,24,0.984187,0.978703,0.988732,0.010029,0.984184,0.976555,0.992465,0.97476,0.994742,0.001953,24,0.002083,24,0.619141,24,91.0,24,,0,0.104449,24
20,12,24,False,native,24,0.969668,0.956928,0.977275,0.020348,0.968505,0.951592,0.985044,0.95019,0.990133,24,0.9846,0.97799,0.988507,0.010517,0.983959,0.975195,0.992465,0.974459,0.995042,0.001881,24,0.00193,24,0.648438,24,94.5,24,,0,0.10438,24
20,13,24,False,native,24,0.968212,0.955849,0.977238,0.021389,0.967678,0.950834,0.985281,0.946341,0.990431,24,0.983849,0.977426,0.988488,0.011061,0.983527,0.974797,0.992586,0.972431,0.995192,0.001892,24,0.001923,24,0.660156,24,91.5,24,,0,0.104291,24
20,14,24,False,native,24,0.967921,0.957071,0.976652,0.019581,0.967725,0.949419,0.985089,0.946341,0.989687,24,0.983699,0.978065,0.988187,0.010122,0.983552,0.974053,0.992488,0.972431,0.994817,0.001907,24,0.001907,24,0.662109,24,94.0,24,,0,0.10421,24
20,15,24,False,native,24,0.967848,0.957036,0.977864,0.020828,0.967766,0.949191,0.987237,0.945772,0.989092,24,0.983661,0.978046,0.988807,0.010761,0.983571,0.973933,0.993577,0.97213,0.994516,0.002007,24,0.00193,24,0.667969,24,95.5,24,,0,0.104106,24
20,16,24,False,native,24,0.967413,0.955347,0.976766,0.021419,0.967009,0.948792,0.985636,0.944635,0.989836,24,0.983436,0.977163,0.988244,0.01108,0.983176,0.973723,0.992766,0.971529,0.994892,0.002022,24,0.0019,24,0.695312,24,92.0,24,,0,0.104033,24
20,17,24,False,native,24,0.968943,0.954521,0.977132,0.02261,0.96714,0.946769,0.98783,0.940949,0.991771,24,0.984225,0.976732,0.988431,0.0117,0.983236,0.972656,0.993878,0.969576,0.995868,0.00206,24,0.001881,24,0.673828,24,92.0,24,,0,0.10395,24
20,18,24,False,native,24,0.969451,0.954737,0.977132,0.022395,0.966952,0.948264,0.98648,0.939818,0.990431,24,0.984488,0.976844,0.988431,0.011587,0.983139,0.973445,0.993194,0.968975,0.995192,0.001831,24,0.001862,24,0.644531,24,94.0,24,,0,0.103904,24
20,19,24,False,native,24,0.967854,0.954522,0.97684,0.022319,0.96626,0.947808,0.986036,0.939394,0.991026,24,0.983661,0.976732,0.988281,0.01155,0.982779,0.973205,0.992969,0.96875,0.995493,0.001785,24,0.001839,24,0.681641,24,94.5,24,,0,0.103874,24
20,20,24,False,native,24,0.96764,0.953768,0.976544,0.022776,0.966192,0.944567,0.986762,0.940383,0.991622,24,0.983549,0.976337,0.988131,0.011794,0.982741,0.971492,0.993337,0.969276,0.995793,0.001804,24,0.001801,24,0.652344,24,92.0,24,0.999602,24,0.10382,24
20,21,24,False,native,24,0.965754,0.95445,0.977902,0.023453,0.96592,0.943985,0.987266,0.940383,0.989538,24,0.982572,0.976694,0.988826,0.012132,0.9826,0.971184,0.993592,0.969276,0.994742,0.001766,24,0.001755,24,0.671875,24,92.5,24,,0,0.103802,24
20,22,24,False,native,24,0.965029,0.953088,0.978198,0.025111,0.965672,0.945189,0.985369,0.940242,0.992516,24,0.982197,0.97598,0.988976,0.012996,0.982469,0.971822,0.992631,0.969201,0.996244,0.001846,24,0.0019,24,0.693359,24,95.0,24,,0,0.103784,24
20,23,24,False,native,24,0.96474,0.952443,0.977241,0.024798,0.965838,0.947366,0.986228,0.943925,0.991324,24,0.982046,0.975642,0.988488,0.012846,0.982563,0.972972,0.993066,0.971154,0.995643,0.001904,24,0.001881,24,0.712891,24,95.5,24,,0,0.10374,24
20,24,24,False,native,24,0.965395,0.953589,0.975886,0.022297,0.965966,0.948093,0.988514,0.943358,0.99192,24,0.982384,0.976243,0.987793,0.01155,0.982628,0.973355,0.994223,0.970853,0.995944,0.00182,24,0.001904,24,0.705078,24,91.5,24,,0,0.103702,24
20,25,24,False,native,24,0.963935,0.952837,0.980032,0.027196,0.96574,0.947238,0.988112,0.941799,0.991473,24,0.981633,0.975849,0.989915,0.014066,0.982506,0.972904,0.99402,0.970027,0.995718,0.001743,24,0.001705,24,0.71875,24,87.5,24,,0,0.103685,24
20,26,24,False,native,24,0.964369,0.952658,0.977645,0.024987,0.965256,0.946242,0.987756,0.940525,0.992814,24,0.981858,0.975755,0.988694,0.012939,0.982253,0.972378,0.99384,0.969351,0.996394,0.001705,24,0.00169,24,0.708984,24,88.0,24,,0,0.103642,24
20,27,24,False,native,24,0.963064,0.952013,0.977313,0.025299,0.965103,0.945602,0.987444,0.939394,0.990877,24,0.981182,0.975417,0.988525,0.013108,0.982178,0.97204,0.993682,0.96875,0.995418,0.001694,24,0.001797,24,0.71875,24,91.5,24,,0,0.103561,24
20,28,24,False,native,24,0.962772,0.950941,0.978451,0.027511,0.964453,0.945731,0.987236,0.938406,0.990728,24,0.981032,0.974854,0.989108,0.014254,0.981837,0.972108,0.993577,0.968224,0.995343,0.001705,24,0.001831,24,0.738281,24,88.0,24,,0,0.103526,24
20,29,24,False,native,24,0.963567,0.949726,0.979296,0.02957,0.96426,0.945489,0.987489,0.936291,0.990877,24,0.981445,0.974215,0.98954,0.015325,0.98173,0.97198,0.993705,0.967097,0.995418,0.001797,24,0.001804,24,0.71875,24,93.5,24,,0,0.103465,24
20,30,24,False,native,24,0.962919,0.948121,0.979446,0.031324,0.964067,0.945474,0.987726,0.934603,0.99192,24,0.981107,0.97337,0.989615,0.016245,0.981624,0.971973,0.993825,0.966196,0.995944,0.001862,24,0.002007,24,0.699219,24,87.0,24,0.999524,24,0.103416,24
20,31,24,False,native,24,0.961254,0.947339,0.982687,0.035348,0.963703,0.942734,0.987653,0.934321,0.992069,24,0.980243,0.972957,0.991267,0.018311,0.981427,0.970523,0.993788,0.966046,0.996019,0.001858,24,0.00182,24,0.744141,24,95.5,24,,0,0.103384,24
20,32,24,False,native,24,0.961832,0.948268,0.980586,0.032318,0.963327,0.942125,0.985695,0.933338,0.991026,24,0.980544,0.973445,0.990197,0.016752,0.981236,0.9702,0.992796,0.96552,0.995493,0.001808,24,0.001888,24,0.726562,24,90.0,24,,0,0.103365,24
20,33,24,False,native,24,0.962483,0.94659,0.981101,0.03451,0.963313,0.942521,0.986569,0.934462,0.990877,24,0.980882,0.972562,0.99046,0.017897,0.981229,0.97041,0.993239,0.966121,0.995418,0.001816,24,0.001701,24,0.746094,24,94.0,24,,0,0.103323,24
20,34,24,False,native,24,0.961831,0.947374,0.979958,0.032584,0.963057,0.943528,0.986955,0.934603,0.991026,24,0.980544,0.972976,0.989878,0.016902,0.981098,0.970944,0.993434,0.966196,0.995493,0.00182,24,0.001789,24,0.736328,24,93.5,24,,0,0.103285,24
20,35,24,False,native,24,0.961976,0.946768,0.980217,0.033448,0.962713,0.943216,0.986807,0.934743,0.990431,24,0.980619,0.972656,0.990009,0.017353,0.980919,0.970778,0.993359,0.966271,0.995192,0.001907,24,0.001938,24,0.742188,24,95.0,24,,0,0.103268,24
20,36,24,False,native,24,0.961181,0.948478,0.980107,0.031629,0.962972,0.942054,0.987622,0.935024,0.989984,24,0.980206,0.973558,0.989953,0.016395,0.981051,0.970162,0.993773,0.966421,0.994967,0.001793,24,0.001793,24,0.746094,24,93.5,24,,0,0.103244,24
20,37,24,False,native,24,0.959664,0.947587,0.980991,0.033404,0.962283,0.940143,0.9846,0.935024,0.990728,24,0.979417,0.973088,0.990403,0.017315,0.980694,0.969148,0.99224,0.966421,0.995343,0.001938,24,0.002243,24,0.773438,24,86.0,24,,0,0.103274,24
20,38,24,False,native,24,0.960965,0.948442,0.980624,0.032182,0.963015,0.939748,0.98737,0.933619,0.989687,24,0.980093,0.973539,0.990216,0.016677,0.981073,0.968938,0.993645,0.96567,0.994817,0.001785,24,0.002235,24,0.753906,24,94.0,24,,0,0.103328,24
20,39,24,False,native,24,0.959953,0.948514,0.98136,0.032846,0.962392,0.937841,0.986243,0.934884,0.989538,24,0.979567,0.973576,0.990591,0.017015,0.980747,0.967924,0.993074,0.966346,0.994742,0.00219,24,0.001881,24,0.763672,24,97.5,24,,0,0.103346,24
20,40,24,False,native,24,0.961398,0.946805,0.981249,0.034444,0.961935,0.936995,0.98568,0.9339,0.989687,24,0.980319,0.972675,0.990535,0.01786,0.980506,0.967473,0.992788,0.96582,0.994817,0.002151,24,0.001789,24,0.751953,24,98.0,24,0.999455,24,0.103321,24
20,41,24,False,native,24,0.96147,0.948983,0.981876,0.032893,0.962509,0.936869,0.98648,0.932917,0.989538,24,0.980356,0.973821,0.990854,0.017034,0.980804,0.967405,0.993194,0.965294,0.994742,0.002171,24,0.001904,24,0.740234,24,94.0,24,,0,0.103287,24
20,42,24,False,native,24,0.959304,0.948202,0.981727,0.033526,0.962563,0.939126,0.986851,0.934462,0.991026,24,0.979229,0.973407,0.990779,0.017372,0.980832,0.968607,0.993382,0.966121,0.995493,0.002171,24,0.001938,24,0.759766,24,95.0,24,,0,0.103272,24
20,43,24,False,native,24,0.959232,0.948302,0.981471,0.033169,0.962203,0.939239,0.986628,0.932636,0.989836,24,0.979192,0.973464,0.990648,0.017184,0.980644,0.968667,0.993269,0.965144,0.994892,0.002533,24,0.002251,24,0.775391,24,91.5,24,,0,0.103246,24
20,44,24,False,native,24,0.958295,0.947231,0.981763,0.034532,0.961146,0.934266,0.985621,0.931515,0.98939,24,0.978703,0.9729,0.990798,0.017897,0.980093,0.966016,0.992758,0.964543,0.994666,0.002178,24,0.00251,24,0.78125,24,96.5,24,,0,0.103134,24
20,45,24,False,native,24,0.956065,0.945737,0.982022,0.036285,0.960583,0.934856,0.985769,0.929415,0.989687,24,0.977539,0.972112,0.990929,0.018818,0.979793,0.966331,0.992834,0.963416,0.994817,0.002148,24,0.00172,24,0.794922,24,94.0,24,,0,0.102983,24
20,46,24,False,native,24,0.953983,0.942046,0.982833,0.040787,0.958925,0.933029,0.984777,0.931095,0.987162,24,0.97645,0.970159,0.991342,0.021184,0.978926,0.965355,0.99233,0.964318,0.99354,0.002556,24,0.002117,24,0.835938,24,97.0,24,,0,0.102725,24
20,47,24,False,native,24,0.952121,0.940384,0.981985,0.041601,0.957632,0.931655,0.986169,0.924951,0.987014,24,0.975473,0.969276,0.99091,0.021635,0.978234,0.964618,0.993036,0.961013,0.993465,0.002186,24,0.001534,24,0.855469,24,95.0,24,,0,0.102335,24
20,48,24,False,native,24,0.949834,0.934357,0.982243,0.047887,0.954892,0.93258,0.985014,0.916637,0.985976,24,0.974271,0.966064,0.991042,0.024977,0.976782,0.965114,0.99245,0.956505,0.992939,0.001968,24,0.001419,24,0.845703,24,98.5,24,,0,0.101712,24
20,49,24,False,native,24,0.948907,0.933093,0.982907,0.049815,0.953839,0.927572,0.983772,0.91512,0.987162,24,0.973783,0.965388,0.99138,0.025992,0.976218,0.962425,0.991819,0.955679,0.99354,0.001865,24,0.002243,24,0.84375,24,102.0,24,,0,0.100243,24
21,0,24,False,native,24,0.970834,0.96212,0.981801,0.019681,0.966727,0.93876,0.987563,0.906754,0.989092,24,0.985201,0.980694,0.990817,0.010122,0.982973,0.968412,0.993742,0.951097,0.994516,0.001785,24,0.0019,24,0.623047,24,88.5,24,0.999698,24,0.104944,24
21,1,24,False,native,24,0.971491,0.966649,0.977202,0.010553,0.968511,0.946799,0.987281,0.918709,0.988795,24,0.985539,0.983042,0.988469,0.005427,0.983924,0.972664,0.9936,0.957632,0.994366,0.001915,24,0.001686,24,0.626953,24,80.5,24,,0,0.105294,24
21,2,24,False,native,24,0.972075,0.966904,0.980695,0.013791,0.972279,0.962684,0.987073,0.942507,0.989687,24,0.98584,0.983173,0.990253,0.00708,0.985909,0.980987,0.993495,0.970403,0.994817,0.001732,24,0.001812,24,0.603516,24,69.5,24,,0,0.105192,24
21,3,24,False,native,24,0.97171,0.966358,0.98287,0.016512,0.972954,0.965495,0.988009,0.945488,0.990877,24,0.985652,0.982891,0.991361,0.00847,0.986256,0.982444,0.993968,0.97198,0.995418,0.001678,24,0.001717,24,0.609375,24,77.0,24,,0,0.105262,24
21,4,24,False,native,24,0.972075,0.967412,0.983832,0.01642,0.973764,0.964943,0.988944,0.945488,0.991175,24,0.98584,0.983436,0.991849,0.008413,0.986672,0.982159,0.994441,0.97198,0.995568,0.001755,24,0.001862,24,0.615234,24,78.0,24,,0,0.105179,24
21,5,24,False,native,24,0.971565,0.96654,0.982207,0.015668,0.973403,0.964233,0.988498,0.948906,0.989687,24,0.985577,0.982985,0.991023,0.008038,0.986491,0.981791,0.994216,0.973783,0.994817,0.001827,24,0.001797,24,0.613281,24,74.5,24,,0,0.105196,24
21,6,24,False,native,24,0.97098,0.965451,0.98195,0.016499,0.973181,0.963176,0.987771,0.950619,0.991324,24,0.985276,0.982422,0.990892,0.00847,0.986375,0.981242,0.993848,0.974684,0.995643,0.00172,24,0.001789,24,0.644531,24,84.5,24,,0,0.105065,24
21,7,24,False,native,24,0.972733,0.966286,0.980848,0.014562,0.973748,0.964407,0.988201,0.951763,0.990431,24,0.986178,0.982854,0.990328,0.007474,0.986669,0.981881,0.994066,0.975285,0.995192,0.001984,24,0.002029,24,0.599609,24,73.5,24,,0,0.104965,24
21,8,24,False,native,24,0.973977,0.968649,0.980442,0.011793,0.974068,0.960289,0.988364,0.953482,0.990579,24,0.986816,0.984075,0.990122,0.006047,0.986835,0.97974,0.994148,0.976187,0.995267,0.001953,24,0.001953,24,0.554688,24,74.0,24,,0,0.104876,24
21,9,24,False,native,24,0.972075,0.968504,0.980515,0.012011,0.973372,0.959164,0.987548,0.953052,0.989538,24,0.98584,0.983999,0.990159,0.00616,0.986478,0.979154,0.993735,0.975962,0.994742,0.001789,24,0.00206,24,0.601562,24,77.0,24,,0,0.104711,24
21,10,24,False,native,24,0.97171,0.966431,0.982724,0.016293,0.973455,0.958326,0.987281,0.954055,0.989687,24,0.985652,0.982929,0.991286,0.008357,0.986519,0.978718,0.9936,0.976487,0.994817,0.001942,24,0.002022,24,0.574219,24,72.5,24,0.999726,24,0.104568,24
21,11,24,False,native,24,0.971637,0.965779,0.98158,0.015802,0.972985,0.958425,0.987088,0.954772,0.98939,24,0.985614,0.982591,0.990704,0.008113,0.986278,0.978771,0.993502,0.976863,0.994666,0.001823,24,0.001938,24,0.564453,24,74.0,24,,0,0.104426,24
21,12,24,False,native,24,0.971564,0.965779,0.981359,0.01558,0.972913,0.956584,0.986288,0.954629,0.98939,24,0.985577,0.982591,0.990591,0.008,0.98624,0.977809,0.993096,0.976788,0.994666,0.001904,24,0.002113,24,0.566406,24,78.0,24,,0,0.104302,24
21,13,24,False,native,24,0.972734,0.964619,0.981286,0.016667,0.972185,0.955964,0.986584,0.954629,0.989836,24,0.986178,0.98199,0.990554,0.008564,0.985865,0.977486,0.993247,0.976788,0.994892,0.001881,24,0.001854,24,0.589844,24,78.0,24,,0,0.10425,24
21,14,24,False,native,24,0.971053,0.965561,0.982761,0.0172,0.972597,0.956985,0.987222,0.954342,0.988795,24,0.985314,0.982478,0.991305,0.008827,0.986078,0.97802,0.99357,0.976638,0.994366,0.001812,24,0.001881,24,0.59375,24,71.0,24,,0,0.104152,24
21,15,24,False,native,24,0.971639,0.964291,0.981985,0.017693,0.972181,0.956151,0.986628,0.952479,0.988647,24,0.985614,0.981821,0.99091,0.00909,0.985862,0.977584,0.993269,0.975661,0.994291,0.001808,24,0.001854,24,0.582031,24,82.5,24,,0,0.104074,24
21,16,24,False,native,24,0.971571,0.963386,0.982243,0.018857,0.971678,0.955562,0.985384,0.952622,0.989687,24,0.985577,0.981351,0.991042,0.009691,0.985602,0.977276,0.992638,0.975736,0.994817,0.001793,24,0.00182,24,0.580078,24,76.0,24,,0,0.103976,24
21,17,24,False,native,24,0.970403,0.964038,0.983646,0.019608,0.972031,0.956224,0.987207,0.954342,0.988498,24,0.984976,0.981689,0.991756,0.010066,0.985784,0.977622,0.993562,0.976638,0.994216,0.00182,24,0.001781,24,0.605469,24,77.0,24,,0,0.103892,24
21,18,24,False,native,24,0.97033,0.964654,0.982464,0.017811,0.971925,0.955778,0.986376,0.954916,0.990133,24,0.984938,0.982009,0.991155,0.009146,0.98573,0.977389,0.993142,0.976938,0.995042,0.001808,24,0.001808,24,0.601562,24,77.0,24,,0,0.103778,24
21,19,24,False,native,24,0.970548,0.963277,0.98287,0.019593,0.971454,0.954485,0.985606,0.953625,0.988647,24,0.985051,0.981295,0.991361,0.010066,0.985486,0.976713,0.992751,0.976262,0.994291,0.001781,24,0.001999,24,0.59375,24,79.0,24,,0,0.103709,24
21,20,24,False,native,24,0.971934,0.963349,0.982206,0.018857,0.971816,0.955289,0.985947,0.952336,0.989538,24,0.985765,0.981333,0.991023,0.009691,0.985671,0.977133,0.992924,0.975586,0.994742,0.002068,24,0.001705,24,0.597656,24,82.0,24,0.999699,24,0.103638,24
21,21,24,False,native,24,0.969819,0.962301,0.982538,0.020238,0.970732,0.955002,0.984467,0.949334,0.989538,24,0.984675,0.980788,0.991192,0.010404,0.985111,0.976983,0.992172,0.974008,0.994742,0.001884,24,0.001991,24,0.626953,24,74.5,24,,0,0.103585,24
21,22,24,False,native,24,0.969893,0.961109,0.982575,0.021466,0.970475,0.955519,0.984659,0.947765,0.991026,24,0.984713,0.980168,0.991211,0.011043,0.984973,0.977254,0.99227,0.973182,0.995493,0.00172,24,0.001827,24,0.642578,24,81.5,24,,0,0.103535,24
21,23,24,False,native,24,0.96844,0.960641,0.98287,0.02223,0.969806,0.954529,0.985458,0.945203,0.989984,24,0.983962,0.979924,0.991361,0.011437,0.984625,0.976735,0.992676,0.97183,0.994967,0.001789,24,0.001751,24,0.626953,24,82.0,24,,0,0.103481,24
21,24,24,False,native,24,0.969536,0.959737,0.982391,0.022653,0.969883,0.955289,0.983964,0.946341,0.989538,24,0.984525,0.979455,0.991117,0.011662,0.984666,0.977133,0.991917,0.972431,0.994742,0.001846,24,0.001816,24,0.619141,24,86.0,24,,0,0.103462,24
21,25,24,False,native,24,0.969901,0.959809,0.981137,0.021328,0.969504,0.955706,0.983668,0.944067,0.990728,24,0.984713,0.979492,0.990479,0.010986,0.984469,0.977351,0.991767,0.971229,0.995343,0.001812,24,0.001949,24,0.632812,24,79.0,24,,0,0.103393,24
21,26,24,False,native,24,0.968666,0.957863,0.980437,0.022574,0.969199,0.955663,0.984999,0.944635,0.991026,24,0.984075,0.978478,0.990122,0.011644,0.984309,0.977329,0.992443,0.971529,0.995493,0.001846,24,0.001884,24,0.650391,24,89.0,24,,0,0.103333,24
21,27,24,False,native,24,0.968744,0.95844,0.980179,0.02174,0.968684,0.954371,0.984541,0.943216,0.989984,24,0.984112,0.978779,0.98999,0.011212,0.984043,0.976653,0.99221,0.970778,0.994967,0.001801,24,0.001804,24,0.642578,24,80.5,24,,0,0.103321,24
21,28,24,False,native,24,0.968083,0.957215,0.979774,0.022559,0.968439,0.953812,0.984792,0.94279,0.990133,24,0.983774,0.97814,0.989784,0.011644,0.983915,0.97636,0.992338,0.970553,0.995042,0.001858,24,0.001633,24,0.654297,24,83.5,24,,0,0.103294,24
21,29,24,False,native,24,0.968738,0.956424,0.979811,0.023387,0.968016,0.953482,0.982974,0.940808,0.990282,24,0.984112,0.977727,0.989802,0.012076,0.983696,0.976187,0.991414,0.969501,0.995117,0.001678,24,0.001633,24,0.636719,24,86.0,24,,0,0.103274,24
21,30,24,False,native,24,0.969453,0.955742,0.981137,0.025395,0.967403,0.951992,0.983136,0.938829,0.988053,24,0.984488,0.97737,0.990479,0.013108,0.983377,0.975406,0.991496,0.96845,0.99399,0.001938,24,0.001663,24,0.664062,24,91.0,24,0.999672,24,0.103256,24
21,31,24,False,native,24,0.970621,0.954916,0.979848,0.024932,0.967577,0.95112,0.982147,0.939959,0.989092,24,0.985089,0.976938,0.989821,0.012883,0.983467,0.974947,0.990993,0.96905,0.994516,0.001816,24,0.001728,24,0.628906,24,85.5,24,,0,0.103267,24
21,32,24,False,native,24,0.969091,0.95506,0.97845,0.02339,0.966889,0.950491,0.982074,0.939677,0.988795,24,0.9843,0.977013,0.989108,0.012094,0.983114,0.974617,0.990956,0.9689,0.994366,0.001686,24,0.001587,24,0.660156,24,90.5,24,,0,0.10325,24
21,33,24,False,native,24,0.969167,0.955491,0.979112,0.023621,0.966635,0.950905,0.98135,0.937277,0.987607,24,0.984337,0.977239,0.989446,0.012207,0.982979,0.974835,0.990587,0.967623,0.993765,0.001747,24,0.001713,24,0.662109,24,91.0,24,,0,0.103256,24
21,34,24,False,native,24,0.970255,0.955601,0.978744,0.023144,0.966749,0.950334,0.981793,0.936009,0.987756,24,0.984901,0.977295,0.989258,0.011963,0.983038,0.974534,0.990813,0.966947,0.99384,0.00169,24,0.00161,24,0.630859,24,88.0,24,,0,0.103284,24
21,35,24,False,native,24,0.96916,0.955133,0.979774,0.024641,0.966848,0.951277,0.98107,0.935869,0.989241,24,0.984337,0.977051,0.989784,0.012733,0.983089,0.97503,0.990445,0.966872,0.994591,0.001854,24,0.00148,24,0.652344,24,90.5,24,,0,0.103267,24
21,36,24,False,native,24,0.971565,0.954989,0.979148,0.024159,0.967072,0.950805,0.981159,0.936713,0.988647,24,0.985577,0.976976,0.989464,0.012489,0.983204,0.974782,0.99049,0.967323,0.994291,0.001633,24,0.002174,24,0.628906,24,87.0,24,,0,0.103289,24
21,37,24,False,native,24,0.970543,0.955852,0.979737,0.023885,0.966923,0.950133,0.981277,0.934321,0.987607,24,0.985051,0.977426,0.989765,0.012338,0.983126,0.974429,0.99055,0.966046,0.993765,0.001694,24,0.002113,24,0.640625,24,95.0,24,,0,0.103299,24
21,38,24,False,native,24,0.972075,0.955348,0.980032,0.024684,0.967351,0.949205,0.982575,0.935024,0.988201,24,0.98584,0.977163,0.989915,0.012752,0.983345,0.973941,0.991211,0.966421,0.994066,0.001869,24,0.001945,24,0.599609,24,88.5,24,,0,0.103324,24
21,39,24,False,native,24,0.970981,0.956212,0.979222,0.02301,0.967491,0.94932,0.982752,0.936291,0.987756,24,0.985276,0.977614,0.989502,0.011888,0.98342,0.974001,0.991301,0.967097,0.99384,0.002251,24,0.001858,24,0.609375,24,87.0,24,,0,0.103331,24
21,40,24,False,native,24,0.972149,0.955133,0.980621,0.025488,0.967292,0.947608,0.982649,0.9377,0.984792,24,0.985877,0.977051,0.990216,0.013165,0.983317,0.973099,0.991248,0.967849,0.992338,0.00238,24,0.002235,24,0.605469,24,80.5,24,0.99966,24,0.103385,24
21,41,24,False,native,24,0.970033,0.954737,0.978266,0.023529,0.966422,0.947281,0.982088,0.9377,0.982723,24,0.984788,0.976844,0.989014,0.012169,0.982873,0.972927,0.990963,0.967849,0.991286,0.001904,24,0.001884,24,0.640625,24,97.0,24,,0,0.103389,24
21,42,24,False,native,24,0.970181,0.956251,0.978891,0.02264,0.966235,0.94647,0.980584,0.938406,0.983166,24,0.984863,0.977633,0.989333,0.0117,0.982776,0.972498,0.990197,0.968224,0.991511,0.001728,24,0.002396,24,0.646484,24,87.5,24,,0,0.103432,24
21,43,24,False,native,24,0.971566,0.955927,0.977091,0.021164,0.966676,0.94492,0.982737,0.938688,0.9842,24,0.985577,0.977464,0.988413,0.010949,0.983001,0.97168,0.991294,0.968374,0.992037,0.001938,24,0.001968,24,0.595703,24,95.5,24,,0,0.103435,24
21,44,24,False,native,24,0.971274,0.954813,0.977752,0.022938,0.966286,0.943712,0.981027,0.941232,0.985532,24,0.985427,0.976882,0.988751,0.011869,0.982801,0.971041,0.990422,0.969727,0.992713,0.002373,24,0.001812,24,0.607422,24,96.5,24,,0,0.103466,24
21,45,24,False,native,24,0.969161,0.954457,0.976174,0.021717,0.965509,0.943784,0.980644,0.940808,0.983905,24,0.984337,0.976694,0.987943,0.011249,0.9824,0.971079,0.990227,0.969501,0.991887,0.001816,24,0.001759,24,0.642578,24,95.5,24,,0,0.103584,24
21,46,24,False,native,24,0.969451,0.953494,0.976247,0.022753,0.965393,0.943769,0.977539,0.942932,0.984348,24,0.984488,0.976187,0.987981,0.011794,0.98234,0.971071,0.988642,0.970628,0.992112,0.00193,24,0.001858,24,0.652344,24,99.0,24,,0,0.103738,24
21,47,24,False,native,24,0.972367,0.953422,0.975551,0.022129,0.96526,0.939677,0.978274,0.93897,0.987607,24,0.98599,0.976149,0.987624,0.011475,0.982259,0.9689,0.989017,0.968525,0.993765,0.001953,24,0.001869,24,0.605469,24,97.0,24,,0,0.104022,24
21,48,24,False,native,24,0.972002,0.956224,0.974708,0.018484,0.965188,0.940214,0.977216,0.937982,0.984792,24,0.985802,0.977614,0.987192,0.009578,0.982228,0.969186,0.988477,0.967999,0.992338,0.00222,24,0.001976,24,0.613281,24,91.0,24,,0,0.104239,24
21,49,24,False,native,24,0.973244,0.95432,0.976027,0.021707,0.964556,0.933577,0.977539,0.930394,0.983905,24,0.986441,0.976619,0.987868,0.011249,0.981877,0.965648,0.988642,0.963942,0.991887,0.002167,24,0.002174,24,0.591797,24,99.0,24,,0,0.104118,24
22,0,24,False,native,24,0.956281,0.942436,0.971092,0.028655,0.957733,0.932988,0.984541,0.928577,0.988944,24,0.977652,0.970365,0.985333,0.014968,0.978318,0.965332,0.99221,0.962966,0.994441,0.0,24,0.0,24,0.773438,24,164.0,24,0.999551,24,0.101176,24
22,1,24,False,native,24,0.966693,0.944671,0.978087,0.033415,0.962339,0.931937,0.989553,0.9194,0.991026,24,0.98306,0.971548,0.98892,0.017372,0.980685,0.964769,0.994749,0.958008,0.995493,0.0,24,0.000751,24,0.664062,24,132.0,24,,0,0.101626,24
22,2,24,False,native,24,0.978597,0.964219,0.983572,0.019353,0.971864,0.951093,0.986258,0.926902,0.991771,24,0.989183,0.981783,0.991718,0.009935,0.985661,0.974932,0.993081,0.962064,0.995868,0.002243,24,0.002235,24,0.505859,24,108.5,24,,0,0.102179,24
22,3,24,False,native,24,0.974134,0.965632,0.983498,0.017866,0.972563,0.955549,0.986866,0.940242,0.990133,24,0.986892,0.982516,0.99168,0.009165,0.986043,0.977269,0.993389,0.969201,0.995042,0.002083,24,0.001915,24,0.566406,24,117.0,24,,0,0.10272,24
22,4,24,False,native,24,0.977498,0.964293,0.984533,0.02024,0.973361,0.955347,0.986258,0.942224,0.991324,24,0.988619,0.981821,0.992206,0.010385,0.986453,0.977163,0.993081,0.970252,0.995643,0.000893,24,0.001068,24,0.513672,24,117.5,24,,0,0.103081,24
22,5,24,False,native,24,0.976689,0.966583,0.985643,0.01906,0.973198,0.950191,0.986821,0.944351,0.989538,24,0.988206,0.983004,0.99277,0.009766,0.986363,0.974459,0.993367,0.971379,0.994742,0.001015,24,0.002075,24,0.542969,24,122.0,24,,0,0.103213,24
22,6,24,False,native,24,0.975954,0.968294,0.985717,0.017423,0.973652,0.953497,0.987177,0.939677,0.992665,24,0.987831,0.983887,0.992807,0.008921,0.986594,0.976194,0.993547,0.9689,0.996319,0.00206,24,0.002174,24,0.546875,24,118.5,24,,0,0.103392,24
22,7,24,False,native,24,0.976322,0.968187,0.986606,0.018419,0.973293,0.955017,0.988513,0.929415,0.991026,24,0.988018,0.98383,0.993258,0.009428,0.986397,0.976991,0.994223,0.963416,0.995493,0.002121,24,0.001728,24,0.53125,24,121.0,24,,0,0.103488,24
22,8,24,False,native,24,0.976984,0.969855,0.986051,0.016195,0.97367,0.953584,0.989256,0.927599,0.991622,24,0.988356,0.984694,0.992976,0.008282,0.986585,0.976239,0.994599,0.96244,0.995793,0.001953,24,0.002197,24,0.511719,24,110.0,24,,0,0.103643,24
22,9,24,False,native,24,0.977201,0.969778,0.985273,0.015495,0.974055,0.956167,0.988588,0.927878,0.992218,24,0.988469,0.984657,0.992582,0.007925,0.986785,0.977592,0.994261,0.96259,0.996094,0.001774,24,0.001949,24,0.501953,24,118.0,24,,0,0.103681,24
22,10,24,False,native,24,0.976321,0.970803,0.986013,0.015211,0.973695,0.958338,0.989182,0.924673,0.991026,24,0.988018,0.985183,0.992957,0.007775,0.986594,0.978726,0.994561,0.960862,0.995493,0.00206,24,0.00206,24,0.533203,24,114.0,24,0.999712,24,0.103787,24
22,11,24,False,native,24,0.975881,0.970908,0.986014,0.015105,0.974152,0.959419,0.989078,0.927041,0.992218,24,0.987793,0.985239,0.992957,0.007719,0.986835,0.979289,0.994509,0.962139,0.996094,0.002266,24,0.001842,24,0.548828,24,113.5,24,,0,0.103832,24
22,12,24,False,native,24,0.976247,0.97131,0.983905,0.012595,0.973604,0.960373,0.988959,0.923283,0.991622,24,0.987981,0.985445,0.991887,0.006442,0.98655,0.979785,0.994449,0.960111,0.995793,0.002151,24,0.002113,24,0.509766,24,118.5,24,,0,0.103867,24
22,13,24,False,native,24,0.975294,0.971091,0.984348,0.013257,0.973418,0.960487,0.989345,0.922727,0.991622,24,0.987492,0.985333,0.992112,0.00678,0.98645,0.979845,0.994644,0.959811,0.995793,0.002151,24,0.001869,24,0.554688,24,120.0,24,,0,0.103879,24
22,14,24,False,native,24,0.975367,0.969449,0.983942,0.014492,0.97335,0.962352,0.989984,0.921617,0.991473,24,0.98753,0.984488,0.991906,0.007418,0.986413,0.980814,0.994967,0.95921,0.995718,0.002304,24,0.001915,24,0.548828,24,122.0,24,,0,0.103863,24
22,15,24,False,native,24,0.976394,0.970361,0.98457,0.014209,0.973203,0.963031,0.988424,0.920646,0.993262,24,0.988056,0.984957,0.992225,0.007268,0.986338,0.981167,0.994178,0.958684,0.99662,0.00206,24,0.002144,24,0.53125,24,106.5,24,,0,0.103882,24
22,16,24,False,native,24,0.974488,0.969413,0.98372,0.014307,0.97247,0.963321,0.98936,0.917879,0.991622,24,0.987079,0.984469,0.991793,0.007324,0.985956,0.981318,0.994651,0.957181,0.995793,0.002068,24,0.001888,24,0.560547,24,113.5,24,,0,0.103908,24
22,17,24,False,native,24,0.975001,0.967994,0.98287,0.014877,0.972102,0.963712,0.989152,0.913331,0.990728,24,0.987342,0.983736,0.991361,0.007625,0.985765,0.98152,0.994546,0.954703,0.995343,0.002159,24,0.002106,24,0.568359,24,113.5,24,,0,0.103979,24
22,18,24,False,native,24,0.974928,0.96614,0.9818,0.01566,0.97213,0.964349,0.988171,0.916637,0.992218,24,0.987305,0.982779,0.990817,0.008038,0.985787,0.981851,0.99405,0.956505,0.996094,0.001957,24,0.001949,24,0.564453,24,116.0,24,,0,0.104009,24
22,19,24,False,native,24,0.97632,0.968504,0.982723,0.014219,0.97259,0.962394,0.989553,0.92231,0.990579,24,0.988018,0.983999,0.991286,0.007287,0.986028,0.980837,0.994749,0.959585,0.995267,0.001968,24,0.001793,24,0.539062,24,123.5,24,,0,0.104091,24
22,20,24,False,native,24,0.974635,0.966976,0.982391,0.015415,0.971869,0.961152,0.988305,0.9194,0.990728,24,0.987154,0.983211,0.991117,0.007906,0.985652,0.980191,0.994118,0.958008,0.995343,0.002182,24,0.001881,24,0.568359,24,116.0,24,0.999722,24,0.104138,24
22,21,24,False,native,24,0.976027,0.968612,0.982206,0.013594,0.97196,0.960474,0.989405,0.917189,0.991771,24,0.987868,0.984056,0.991023,0.006967,0.98569,0.979838,0.994674,0.956806,0.995868,0.002087,24,0.001808,24,0.535156,24,122.0,24,,0,0.104197,24
22,22,24,False,native,24,0.97588,0.969741,0.981468,0.011728,0.972032,0.957705,0.988736,0.921755,0.993262,24,0.987793,0.984638,0.990648,0.00601,0.985737,0.978395,0.994336,0.959285,0.99662,0.001766,24,0.000889,24,0.554688,24,123.0,24,,0,0.104201,24
22,23,24,False,native,24,0.974708,0.967339,0.981395,0.014056,0.971166,0.954945,0.988216,0.922727,0.990728,24,0.987192,0.983398,0.99061,0.007212,0.985295,0.976953,0.994073,0.959811,0.995343,0.002167,24,0.001621,24,0.570312,24,113.5,24,,0,0.104222,24
22,24,24,False,native,24,0.973683,0.966249,0.981727,0.015477,0.971234,0.953181,0.989881,0.924395,0.991622,24,0.986666,0.982835,0.990779,0.007944,0.98533,0.976029,0.994914,0.960712,0.995793,0.001663,24,0.001793,24,0.582031,24,115.5,24,,0,0.104229,24
22,25,24,False,native,24,0.975954,0.966722,0.98169,0.014968,0.970827,0.951506,0.987741,0.921894,0.990133,24,0.987831,0.983079,0.99076,0.007681,0.985114,0.97515,0.993833,0.95936,0.995042,0.001438,24,0.001785,24,0.544922,24,120.5,24,,0,0.104219,24
22,26,24,False,native,24,0.976027,0.967775,0.980069,0.012293,0.97099,0.951451,0.989003,0.921894,0.991324,24,0.987868,0.983624,0.989934,0.00631,0.985201,0.97512,0.994471,0.95936,0.995643,0.001713,24,0.000782,24,0.546875,24,125.0,24,,0,0.104246,24
22,27,24,False,native,24,0.975367,0.967521,0.980032,0.012511,0.970492,0.949492,0.989152,0.922172,0.990877,24,0.98753,0.983492,0.989915,0.006423,0.984942,0.974091,0.994546,0.95951,0.995418,0.001511,24,0.000603,24,0.558594,24,127.5,24,,0,0.104213,24
22,28,24,False,native,24,0.974708,0.967048,0.981432,0.014383,0.971059,0.95185,0.98936,0.918847,0.990431,24,0.987192,0.983248,0.990629,0.007381,0.985229,0.975331,0.994651,0.957707,0.995192,0.001583,24,0.000774,24,0.550781,24,124.5,24,,0,0.104202,24
22,29,24,False,native,24,0.975367,0.968466,0.98121,0.012744,0.971447,0.953625,0.988989,0.921755,0.990877,24,0.98753,0.983981,0.990516,0.006535,0.985436,0.976262,0.994464,0.959285,0.995418,0.001789,24,0.00161,24,0.556641,24,118.5,24,,0,0.104183,24
22,30,24,False,native,24,0.976614,0.968612,0.97948,0.010868,0.970952,0.95245,0.989093,0.921339,0.990431,24,0.988169,0.984056,0.989633,0.005578,0.985179,0.975646,0.994516,0.959059,0.995192,0.000713,24,0.001785,24,0.546875,24,120.5,24,0.999709,24,0.104133,24
22,31,24,False,native,24,0.973903,0.970105,0.980952,0.010847,0.970659,0.953124,0.987845,0.916637,0.990579,24,0.986779,0.984826,0.990385,0.005559,0.985026,0.975999,0.993885,0.956505,0.995267,0.001694,24,0.00135,24,0.572266,24,116.5,24,,0,0.104101,24
22,32,24,False,native,24,0.975514,0.970433,0.981137,0.010704,0.970811,0.950176,0.987222,0.916085,0.991026,24,0.987605,0.984995,0.990479,0.005484,0.985095,0.974452,0.99357,0.956205,0.995493,0.001602,24,0.001518,24,0.570312,24,121.5,24,,0,0.104048,24
22,33,24,False,native,24,0.975661,0.968648,0.979958,0.01131,0.970418,0.950407,0.987964,0.914845,0.98939,24,0.98768,0.984075,0.989878,0.005803,0.984895,0.974572,0.993945,0.955529,0.994666,0.001827,24,0.001469,24,0.558594,24,115.5,24,,0,0.104034,24
22,34,24,False,native,24,0.975001,0.971017,0.979737,0.008721,0.970517,0.952092,0.98826,0.914569,0.989092,24,0.987342,0.985295,0.989765,0.00447,0.984945,0.975458,0.994096,0.955379,0.994516,0.001816,24,0.001705,24,0.576172,24,118.5,24,,0,0.103984,24
22,35,24,False,native,24,0.974122,0.970069,0.980326,0.010258,0.970991,0.952164,0.989196,0.916913,0.989687,24,0.986892,0.984807,0.990065,0.005258,0.985195,0.975496,0.994569,0.956656,0.994817,0.00156,24,0.001892,24,0.576172,24,120.5,24,,0,0.103911,24
22,36,24,False,native,24,0.975368,0.971564,0.979664,0.008099,0.971405,0.952135,0.988498,0.91857,0.990579,24,0.98753,0.985577,0.989727,0.00415,0.985414,0.975481,0.994216,0.957557,0.995267,0.002045,24,0.001972,24,0.554688,24,115.0,24,,0,0.103901,24
22,37,24,False,native,24,0.974415,0.972696,0.979553,0.006857,0.971549,0.952951,0.988424,0.924534,0.989984,24,0.987042,0.986159,0.989671,0.003512,0.985496,0.975909,0.994178,0.960787,0.994967,0.001438,24,0.001656,24,0.550781,24,122.0,24,,0,0.103922,24
22,38,24,False,native,24,0.974416,0.971564,0.979222,0.007658,0.972023,0.956511,0.988662,0.926065,0.990579,24,0.987042,0.985577,0.989502,0.003925,0.985749,0.977772,0.994298,0.961614,0.995267,0.001648,24,0.001831,24,0.5625,24,119.0,24,,0,0.103961,24
22,39,24,False,native,24,0.975807,0.972769,0.978229,0.00546,0.972101,0.956798,0.986717,0.928297,0.989241,24,0.987755,0.986197,0.988995,0.002798,0.985793,0.977922,0.993314,0.962816,0.994591,0.001713,24,0.001858,24,0.544922,24,114.0,24,,0,0.103998,24
22,40,24,False,native,24,0.975807,0.972075,0.978597,0.006522,0.972094,0.955318,0.98648,0.92746,0.990282,24,0.987755,0.98584,0.989183,0.003343,0.98579,0.977148,0.993194,0.962365,0.995117,0.001663,24,0.00219,24,0.548828,24,114.5,24,0.999726,24,0.104055,24
22,41,24,False,native,24,0.974049,0.972696,0.97856,0.005864,0.972385,0.957949,0.986169,0.934884,0.988647,24,0.986854,0.986159,0.989164,0.003005,0.985953,0.978523,0.993036,0.966346,0.994291,0.001625,24,0.001717,24,0.574219,24,118.5,24,,0,0.104083,24
22,42,24,False,native,24,0.974415,0.97182,0.978487,0.006667,0.972584,0.96215,0.985414,0.935165,0.987459,24,0.987042,0.985708,0.989126,0.003418,0.986059,0.980709,0.992653,0.966496,0.99369,0.001919,24,0.00182,24,0.572266,24,114.0,24,,0,0.104193,24
22,43,24,False,native,24,0.974488,0.971856,0.978928,0.007072,0.972445,0.960834,0.985369,0.938688,0.986717,24,0.987079,0.985727,0.989352,0.003625,0.985993,0.980026,0.992631,0.968374,0.993314,0.00172,24,0.00169,24,0.589844,24,123.5,24,,0,0.104364,24
22,44,24,False,native,24,0.974562,0.973244,0.978083,0.004838,0.973198,0.96147,0.984082,0.938547,0.986866,24,0.987117,0.986441,0.98892,0.002479,0.986384,0.980356,0.991977,0.968299,0.993389,0.001736,24,0.001774,24,0.558594,24,125.0,24,,0,0.104737,24
22,45,24,False,native,24,0.974488,0.97109,0.977825,0.006736,0.973092,0.963885,0.985162,0.943074,0.987459,24,0.987079,0.985333,0.988788,0.003456,0.986334,0.981611,0.992526,0.970703,0.99369,0.001774,24,0.001797,24,0.580078,24,119.0,24,,0,0.105208,24
22,46,24,False,native,24,0.975514,0.973062,0.977789,0.004728,0.973482,0.964582,0.984008,0.943074,0.985532,24,0.987605,0.986347,0.98877,0.002423,0.986535,0.981971,0.99194,0.970703,0.992713,0.001923,24,0.001793,24,0.554688,24,120.0,24,,0,0.105804,24
22,47,24,False,native,24,0.975001,0.972954,0.977715,0.004761,0.973089,0.962264,0.984008,0.94194,0.987014,24,0.987342,0.986291,0.988732,0.002441,0.986331,0.980769,0.99194,0.970102,0.993465,0.002014,24,0.001881,24,0.556641,24,111.5,24,,0,0.106588,24
22,48,24,False,native,24,0.975441,0.971527,0.9797,0.008173,0.973217,0.959536,0.982251,0.94805,0.983757,24,0.987568,0.985558,0.989746,0.004188,0.986403,0.979349,0.991046,0.973332,0.991812,0.002075,24,0.001781,24,0.558594,24,113.5,24,,0,0.10739,24
22,49,24,False,native,24,0.975294,0.967921,0.978928,0.011007,0.972152,0.957863,0.979833,0.954198,0.980658,24,0.987492,0.983699,0.989352,0.005653,0.985862,0.978478,0.989814,0.976562,0.990234,0.00193,24,0.002029,24,0.550781,24,106.0,24,,0,0.108557,24
23,0,24,False,native,24,0.958223,0.945921,0.977862,0.031941,0.956431,0.925182,0.980599,0.9009,0.983609,24,0.978666,0.972206,0.988807,0.016602,0.977592,0.961133,0.990204,0.947867,0.991737,0.0,24,0.0,24,0.761719,24,163.0,24,0.999629,24,0.106392,24
23,1,24,False,native,24,0.965887,0.946804,0.977972,0.031168,0.955783,0.924353,0.981233,0.85792,0.985532,24,0.982647,0.972675,0.988863,0.016188,0.977098,0.960675,0.990527,0.923528,0.992713,0.000828,24,0.0,24,0.703125,24,130.0,24,,0,0.106506,24
23,2,24,False,native,24,0.96306,0.953016,0.978744,0.025728,0.957013,0.941926,0.986658,0.825312,0.989836,24,0.981182,0.975943,0.989258,0.013315,0.977642,0.970095,0.993284,0.904297,0.994892,0.0,24,0.0,24,0.726562,24,151.5,24,,0,0.106545,24
23,3,24,False,native,24,0.965088,0.952873,0.979995,0.027122,0.958155,0.945918,0.986258,0.831969,0.98835,24,0.982234,0.975868,0.989896,0.014029,0.978281,0.972206,0.993081,0.908278,0.994141,0.0,24,0.0,24,0.712891,24,148.0,24,,0,0.106919,24
23,4,24,False,native,24,0.965088,0.957792,0.981801,0.024009,0.960504,0.950434,0.988929,0.834114,0.989836,24,0.982234,0.978441,0.990817,0.012376,0.979511,0.974587,0.994434,0.909555,0.994892,0.0,24,0.0,24,0.705078,24,151.5,24,,0,0.106851,24
23,5,24,False,native,24,0.964147,0.955167,0.980696,0.025529,0.960751,0.952923,0.987177,0.846453,0.990431,24,0.981746,0.97707,0.990253,0.013184,0.979693,0.975894,0.993547,0.916842,0.995192,0.0,24,0.0,24,0.705078,24,150.5,24,,0,0.106785,24
23,6,24,False,native,24,0.965671,0.956928,0.982354,0.025427,0.961794,0.952596,0.988008,0.854039,0.990282,24,0.982535,0.97799,0.991098,0.013108,0.980243,0.975721,0.993968,0.921274,0.995117,0.0,24,0.0,24,0.695312,24,153.0,24,,0,0.10673,24
23,7,24,False,native,24,0.966177,0.957864,0.983056,0.025192,0.962396,0.953754,0.989167,0.854943,0.990877,24,0.982797,0.978478,0.991455,0.012977,0.980566,0.97633,0.994554,0.9218,0.995418,0.0,24,0.0,24,0.666016,24,143.0,24,,0,0.106751,24
23,8,24,False,native,24,0.966322,0.957719,0.979233,0.021514,0.962495,0.953955,0.989092,0.85818,0.989687,24,0.982873,0.978403,0.989502,0.011099,0.980635,0.976435,0.994516,0.923678,0.994817,0.0,24,0.0,24,0.691406,24,147.5,24,,0,0.106636,24
23,9,24,False,native,24,0.967266,0.957863,0.978822,0.020959,0.962622,0.952264,0.989063,0.868744,0.990877,24,0.983361,0.978478,0.989295,0.010817,0.980725,0.975548,0.994501,0.929763,0.995418,0.0,24,0.0,24,0.667969,24,146.5,24,,0,0.106516,24
23,10,24,False,native,24,0.966613,0.957863,0.97875,0.020887,0.962791,0.955735,0.988067,0.871766,0.98939,24,0.983023,0.978478,0.989258,0.01078,0.980816,0.977366,0.993998,0.93149,0.994666,0.0,24,0.0,24,0.667969,24,139.5,24,0.999745,24,0.106343,24
23,11,24,False,native,24,0.966105,0.956892,0.97974,0.022849,0.962096,0.951894,0.987756,0.871634,0.98939,24,0.98276,0.977971,0.989765,0.011794,0.980444,0.975353,0.99384,0.931415,0.994666,0.0,24,0.0,24,0.689453,24,142.0,24,,0,0.106228,24
23,12,24,False,native,24,0.965379,0.95646,0.979816,0.023355,0.962765,0.955419,0.987311,0.870977,0.989836,24,0.982384,0.977746,0.989802,0.012057,0.980819,0.977201,0.993615,0.93104,0.994892,0.0,24,0.000927,24,0.6875,24,143.0,24,,0,0.106114,24
23,13,24,False,native,24,0.966685,0.956928,0.978342,0.021414,0.962699,0.95278,0.988067,0.873478,0.989836,24,0.98306,0.97799,0.989051,0.011061,0.980788,0.975819,0.993998,0.932467,0.994892,0.0,24,0.0,24,0.679688,24,150.0,24,,0,0.105976,24
23,14,24,False,native,24,0.96763,0.956604,0.979592,0.022988,0.962678,0.949348,0.986244,0.876383,0.990431,24,0.983549,0.977821,0.98969,0.011869,0.980791,0.974016,0.993074,0.93412,0.995192,0.0,24,0.0,24,0.658203,24,149.0,24,,0,0.1059,24
23,15,24,False,native,24,0.965814,0.956712,0.977572,0.02086,0.962412,0.950305,0.986051,0.876119,0.990728,24,0.98261,0.977877,0.988657,0.01078,0.980657,0.974519,0.992976,0.933969,0.995343,0.0,24,0.0,24,0.695312,24,144.5,24,,0,0.105765,24
23,16,24,False,native,24,0.967194,0.957936,0.975966,0.018029,0.962757,0.948364,0.985976,0.887959,0.989092,24,0.983323,0.978516,0.987831,0.009315,0.98086,0.973498,0.992939,0.940655,0.994516,0.0,24,0.0,24,0.666016,24,145.5,24,,0,0.10575,24
23,17,24,False,native,24,0.96763,0.958657,0.975233,0.016576,0.962723,0.944925,0.985354,0.889031,0.990133,24,0.983549,0.978891,0.987455,0.008564,0.980851,0.97168,0.992623,0.941256,0.995042,0.0,24,0.000874,24,0.679688,24,136.5,24,,0,0.105669,24
23,18,24,False,native,24,0.966322,0.959997,0.976474,0.016477,0.963661,0.947651,0.985384,0.899272,0.989984,24,0.982873,0.979586,0.988093,0.008507,0.981358,0.973122,0.992638,0.946965,0.994967,0.0,24,0.0,24,0.673828,24,141.5,24,,0,0.105627,24
23,19,24,False,native,24,0.966467,0.958297,0.978084,0.019786,0.962678,0.944182,0.984541,0.895486,0.989984,24,0.982948,0.978703,0.98892,0.010216,0.980841,0.971289,0.99221,0.944862,0.994967,0.0,24,0.0,24,0.6875,24,140.0,24,,0,0.105662,24
23,20,24,False,native,24,0.968358,0.957764,0.977352,0.019588,0.963298,0.944651,0.985696,0.899137,0.991324,24,0.983924,0.978422,0.988544,0.010122,0.98117,0.971537,0.992796,0.94689,0.995643,0.0,24,0.0,24,0.65625,24,137.0,24,0.999742,24,0.105586,24
23,21,24,False,native,24,0.968867,0.957508,0.978928,0.021421,0.963963,0.94825,0.984851,0.900764,0.990282,24,0.984187,0.97829,0.989352,0.011061,0.981514,0.973438,0.992368,0.947791,0.995117,0.0,24,0.0,24,0.644531,24,141.5,24,,0,0.105578,24
23,22,24,False,native,24,0.968066,0.958774,0.976544,0.017771,0.963948,0.941954,0.985399,0.905798,0.991026,24,0.983774,0.978948,0.988131,0.009183,0.981517,0.970102,0.992646,0.950571,0.995493,0.0,24,0.0,24,0.658203,24,148.0,24,,0,0.105534,24
23,23,24,False,native,24,0.968214,0.958232,0.976695,0.018462,0.9644,0.944907,0.984259,0.906617,0.993411,24,0.983849,0.978666,0.988206,0.00954,0.981755,0.971672,0.992067,0.951022,0.996695,0.0,24,0.0,24,0.650391,24,146.5,24,,0,0.105517,24
23,24,24,False,native,24,0.966541,0.958054,0.977682,0.019629,0.964015,0.942791,0.984068,0.905525,0.990579,24,0.982985,0.978572,0.988713,0.010141,0.981564,0.970553,0.99197,0.950421,0.995267,0.0,24,0.0,24,0.675781,24,146.0,24,,0,0.105504,24
23,25,24,False,native,24,0.968944,0.957731,0.976471,0.01874,0.964066,0.939891,0.985192,0.910037,0.991324,24,0.984225,0.978403,0.988093,0.009691,0.981586,0.969013,0.992541,0.9529,0.995643,0.0,24,0.0,24,0.636719,24,147.0,24,,0,0.105453,24
23,26,24,False,native,24,0.969522,0.955538,0.97629,0.020752,0.96368,0.941672,0.984719,0.908941,0.989984,24,0.984525,0.977257,0.988,0.010742,0.981389,0.969959,0.9923,0.952299,0.994967,0.0,24,0.0,24,0.615234,24,143.0,24,,0,0.105435,24
23,27,24,False,native,24,0.967124,0.957305,0.976396,0.019092,0.963847,0.940822,0.983432,0.917327,0.991622,24,0.983286,0.978178,0.988056,0.009878,0.981489,0.969509,0.991647,0.956881,0.995793,0.0,24,0.0,24,0.666016,24,140.0,24,,0,0.105368,24
23,28,24,False,native,24,0.967196,0.957303,0.977018,0.019715,0.963302,0.938411,0.981882,0.916085,0.989836,24,0.983323,0.978178,0.988375,0.010198,0.981207,0.968224,0.990858,0.956205,0.994892,0.0,24,0.0,24,0.675781,24,139.5,24,,0,0.105305,24
23,29,24,False,native,24,0.967269,0.957635,0.976031,0.018396,0.963377,0.937096,0.982383,0.914845,0.991175,24,0.983361,0.978347,0.987868,0.009521,0.981239,0.967526,0.991113,0.955529,0.995568,0.0,24,0.0,24,0.648438,24,140.0,24,,0,0.105231,24
23,30,24,False,native,24,0.968438,0.954322,0.976212,0.02189,0.96361,0.939677,0.982575,0.915671,0.991026,24,0.983962,0.976619,0.987962,0.011343,0.981364,0.9689,0.991211,0.95598,0.995493,0.0,24,0.0,24,0.652344,24,139.0,24,0.999721,24,0.105182,24
23,31,24,False,native,24,0.969168,0.955797,0.976798,0.021001,0.963383,0.938815,0.983122,0.911271,0.990579,24,0.984337,0.977389,0.988262,0.010874,0.981236,0.968442,0.991489,0.953576,0.995267,0.0,24,0.0,24,0.636719,24,141.5,24,,0,0.105098,24
23,32,24,False,native,24,0.968659,0.953677,0.977348,0.023671,0.963251,0.941912,0.981646,0.915947,0.991175,24,0.984075,0.976281,0.988544,0.012263,0.981179,0.970087,0.990738,0.95613,0.995568,0.0,24,0.0,24,0.640625,24,140.0,24,,0,0.105059,24
23,33,24,False,native,24,0.968657,0.953025,0.977899,0.024874,0.963372,0.938102,0.981056,0.919539,0.989836,24,0.984075,0.975943,0.988826,0.012883,0.981245,0.968059,0.990437,0.958083,0.994892,0.0,24,0.0,24,0.667969,24,139.0,24,,0,0.105053,24
23,34,24,False,native,24,0.968508,0.951376,0.977128,0.025752,0.962691,0.934165,0.980894,0.917879,0.990877,24,0.983999,0.975079,0.988431,0.013353,0.980888,0.965956,0.990355,0.957181,0.995418,0.0,24,0.0,24,0.628906,24,137.5,24,,0,0.104991,24
23,35,24,False,native,24,0.968217,0.951586,0.977752,0.026166,0.963274,0.93958,0.98113,0.917327,0.990282,24,0.983849,0.975192,0.988751,0.013559,0.981192,0.968848,0.990475,0.956881,0.995117,0.0,24,0.0,24,0.658203,24,139.0,24,,0,0.105006,24
23,36,24,False,native,24,0.967856,0.951585,0.975258,0.023672,0.963281,0.942494,0.981882,0.918017,0.988647,24,0.983661,0.975192,0.987474,0.012282,0.981204,0.970395,0.990858,0.957257,0.994291,0.000851,24,0.0,24,0.654297,24,140.5,24,,0,0.105032,24
23,37,24,False,native,24,0.969089,0.950655,0.976614,0.025959,0.963203,0.94098,0.978509,0.918156,0.987607,24,0.9843,0.974703,0.988169,0.013465,0.981167,0.969591,0.989138,0.957332,0.993765,0.0,24,0.0,24,0.626953,24,139.0,24,,0,0.105086,24
23,38,24,False,native,24,0.970837,0.949191,0.976871,0.02768,0.963781,0.945104,0.980673,0.919539,0.987459,24,0.985201,0.973933,0.9883,0.014367,0.981467,0.971777,0.990242,0.958083,0.99369,0.0,24,0.0,24,0.603516,24,137.0,24,,0,0.105171,24
23,39,24,False,native,24,0.970765,0.951334,0.977495,0.026161,0.964027,0.944324,0.980172,0.920231,0.988053,24,0.985164,0.97506,0.988619,0.013559,0.981596,0.971364,0.989986,0.958459,0.99399,0.0,24,0.0,24,0.619141,24,128.5,24,,0,0.10525,24
23,40,24,False,native,24,0.970618,0.949227,0.975074,0.025848,0.9633,0.944083,0.977539,0.922449,0.988053,24,0.985089,0.973952,0.98738,0.013428,0.981226,0.971236,0.988642,0.95966,0.99399,0.0,24,0.0,24,0.619141,24,130.0,24,0.999727,24,0.105328,24
23,41,24,False,native,24,0.971856,0.951155,0.976284,0.025128,0.964332,0.946613,0.979583,0.924673,0.988795,24,0.985727,0.974966,0.988,0.013033,0.981765,0.972574,0.989686,0.960862,0.994366,0.000813,24,0.0,24,0.623047,24,128.5,24,,0,0.1054,24
23,42,24,False,native,24,0.972587,0.952157,0.977164,0.025007,0.964889,0.947722,0.978803,0.928577,0.987756,24,0.986103,0.975492,0.98845,0.012958,0.982062,0.97316,0.989288,0.962966,0.99384,0.000805,24,0.001614,24,0.582031,24,125.0,24,,0,0.105479,24
23,43,24,False,native,24,0.971564,0.9523,0.975257,0.022958,0.964276,0.94788,0.977319,0.92509,0.986717,24,0.985577,0.975567,0.987474,0.011907,0.981746,0.973242,0.988529,0.961088,0.993314,0.0,24,0.001568,24,0.605469,24,126.0,24,,0,0.105556,24
23,44,24,False,native,24,0.971345,0.952694,0.976064,0.02337,0.964845,0.946185,0.978759,0.931235,0.987607,24,0.985464,0.975774,0.987887,0.012113,0.982046,0.972348,0.989265,0.964393,0.993765,0.001728,24,0.000767,24,0.615234,24,127.0,24,,0,0.105737,24
23,45,24,False,native,24,0.973391,0.951478,0.97577,0.024292,0.964937,0.947381,0.978376,0.935869,0.986717,24,0.986516,0.975135,0.987737,0.012601,0.982096,0.972979,0.98907,0.966872,0.993314,0.001583,24,0.001564,24,0.582031,24,125.5,24,,0,0.105955,24
23,46,24,False,native,24,0.974195,0.954522,0.975404,0.020882,0.965996,0.945944,0.979347,0.940666,0.98287,24,0.986929,0.976732,0.987549,0.010817,0.982657,0.972221,0.989566,0.969426,0.991361,0.000675,24,0.000759,24,0.582031,24,126.0,24,,0,0.106165,24
23,47,24,False,native,24,0.971565,0.957791,0.976797,0.019006,0.966166,0.943798,0.978156,0.940666,0.98287,24,0.985577,0.978441,0.988262,0.009822,0.982744,0.971086,0.988957,0.969426,0.991361,0.0,24,0.000652,24,0.609375,24,128.5,24,,0,0.106409,24
23,48,24,False,native,24,0.970695,0.961072,0.977421,0.01635,0.967291,0.95122,0.97895,0.935165,0.981837,24,0.985126,0.980149,0.988582,0.008432,0.98333,0.975,0.989363,0.966496,0.990835,0.000679,24,0.0,24,0.626953,24,133.0,24,,0,0.106604,24
23,49,24,False,native,24,0.968868,0.963675,0.975624,0.011948,0.967633,0.955577,0.979082,0.936573,0.981837,24,0.984187,0.981502,0.987662,0.00616,0.983514,0.977284,0.989431,0.967248,0.990835,0.000805,24,0.0,24,0.652344,24,132.5,24,,0,0.106837,24
24,0,24,False,native,24,0.97244,0.967194,0.978561,0.011367,0.968703,0.9436,0.986184,0.924395,0.986866,24,0.986028,0.983323,0.989164,0.005841,0.984028,0.970981,0.993044,0.960712,0.993389,0.000935,24,0.000437,24,0.595703,24,122.0,24,0.999702,24,0.106707,24
24,1,24,False,native,24,0.975514,0.967485,0.984829,0.017344,0.971871,0.940941,0.986866,0.931235,0.990877,24,0.987605,0.983474,0.992357,0.008883,0.985661,0.969561,0.993389,0.964393,0.995418,0.001472,24,0.002106,24,0.560547,24,115.5,24,,0,0.107394,24
24,2,24,False,native,24,0.985828,0.967455,0.988387,0.020932,0.978219,0.959131,0.990252,0.951906,0.992069,24,0.992864,0.983455,0.994159,0.010705,0.988945,0.979139,0.995102,0.975361,0.996019,0.003136,24,0.003471,24,0.355469,24,67.5,24,,0,0.107187,24
24,3,24,False,native,24,0.986199,0.969414,0.98783,0.018416,0.978247,0.957129,0.990133,0.953338,0.991175,24,0.993051,0.984469,0.993878,0.009409,0.98896,0.978095,0.995042,0.976112,0.995568,0.002831,24,0.002907,24,0.34375,24,76.0,24,,0,0.107289,24
24,4,24,False,native,24,0.987904,0.967739,0.989427,0.021688,0.979518,0.957922,0.989687,0.954342,0.990877,24,0.993915,0.983605,0.994685,0.01108,0.989612,0.978508,0.994817,0.976638,0.995418,0.003685,24,0.003464,24,0.306641,24,63.0,24,,0,0.107405,24
24,5,24,False,native,24,0.987459,0.968867,0.989092,0.020226,0.979482,0.959203,0.989984,0.95162,0.990579,24,0.99369,0.984187,0.994516,0.010329,0.989593,0.979177,0.994967,0.97521,0.995267,0.003448,24,0.003433,24,0.314453,24,62.0,24,,0,0.107357,24
24,6,24,False,native,24,0.987904,0.970069,0.988981,0.018912,0.979292,0.956712,0.989642,0.954055,0.990133,24,0.993915,0.984807,0.99446,0.009653,0.989496,0.977877,0.994794,0.976487,0.995042,0.003677,24,0.003487,24,0.306641,24,52.0,24,,0,0.107438,24
24,7,24,False,native,24,0.987014,0.97182,0.988869,0.01705,0.979576,0.957,0.99049,0.955203,0.990728,24,0.993465,0.985708,0.994404,0.008695,0.989643,0.978027,0.995222,0.977088,0.995343,0.003731,24,0.003456,24,0.328125,24,57.5,24,,0,0.107494,24
24,8,24,False,native,24,0.987607,0.973208,0.988869,0.015661,0.979905,0.96066,0.989538,0.954772,0.990133,24,0.993765,0.986422,0.994404,0.007982,0.989815,0.979935,0.994742,0.976863,0.995042,0.003166,24,0.003494,24,0.320312,24,58.5,24,,0,0.107585,24
24,9,24,False,native,24,0.986792,0.972258,0.989278,0.01702,0.980011,0.95867,0.990163,0.955634,0.991026,24,0.993352,0.985934,0.99461,0.008676,0.989868,0.978899,0.995057,0.977314,0.995493,0.003288,24,0.003288,24,0.333984,24,58.0,24,,0,0.107625,24
24,10,24,False,native,24,0.98694,0.97361,0.989278,0.015668,0.979945,0.958109,0.989836,0.953912,0.990133,24,0.993427,0.986629,0.99461,0.007982,0.989834,0.978606,0.994892,0.976412,0.995042,0.003448,24,0.003563,24,0.330078,24,53.5,24,0.999732,24,0.107689,24
24,11,24,False,native,24,0.988275,0.97361,0.989873,0.016263,0.981015,0.96,0.990297,0.954772,0.991324,24,0.994103,0.986629,0.994911,0.008282,0.990381,0.97959,0.995125,0.976863,0.995643,0.003593,24,0.00322,24,0.294922,24,52.5,24,,0,0.107709,24
24,12,24,False,native,24,0.98783,0.974928,0.988795,0.013867,0.980239,0.957778,0.990103,0.954629,0.991175,24,0.993878,0.987305,0.994366,0.007061,0.989984,0.978433,0.995027,0.976788,0.995568,0.0037,24,0.003326,24,0.318359,24,49.0,24,,0,0.10782,24
24,13,24,False,native,24,0.986569,0.973756,0.989055,0.015299,0.979781,0.961093,0.989538,0.953768,0.989984,24,0.993239,0.986704,0.994497,0.007794,0.989752,0.980161,0.994742,0.976337,0.994967,0.003502,24,0.003067,24,0.339844,24,54.5,24,,0,0.107899,24
24,14,24,False,native,24,0.987162,0.975954,0.988944,0.01299,0.980534,0.962424,0.989345,0.954342,0.990579,24,0.99354,0.987831,0.994441,0.006611,0.99014,0.980852,0.994644,0.976638,0.995267,0.003105,24,0.003052,24,0.310547,24,61.0,24,,0,0.107946,24
24,15,24,False,native,24,0.985607,0.975112,0.988461,0.013349,0.98022,0.961979,0.989494,0.95549,0.989836,24,0.992751,0.987399,0.994197,0.006798,0.989981,0.980619,0.994719,0.977239,0.994892,0.002968,24,0.002968,24,0.353516,24,49.5,24,,0,0.108013,24
24,16,24,False,native,24,0.984793,0.976724,0.987682,0.010958,0.979662,0.958511,0.988899,0.956352,0.989092,24,0.992338,0.988225,0.993803,0.005578,0.989696,0.978816,0.994419,0.977689,0.994516,0.002792,24,0.003014,24,0.384766,24,57.0,24,,0,0.108055,24
24,17,24,False,native,24,0.983979,0.97724,0.987051,0.009811,0.979847,0.961152,0.989598,0.955059,0.990133,24,0.991925,0.988488,0.993483,0.004995,0.989793,0.980191,0.994772,0.977013,0.995042,0.002724,24,0.002686,24,0.380859,24,54.5,24,,0,0.108149,24
24,18,24,False,native,24,0.984793,0.977348,0.98809,0.010742,0.980533,0.961802,0.98881,0.957215,0.990431,24,0.992338,0.988544,0.994009,0.005465,0.990144,0.980529,0.994373,0.97814,0.995192,0.002968,24,0.002769,24,0.365234,24,47.0,24,,0,0.108233,24
24,19,24,False,native,24,0.984793,0.977128,0.988053,0.010924,0.980292,0.962569,0.988751,0.957071,0.989241,24,0.992338,0.988431,0.99399,0.005559,0.990022,0.980927,0.994343,0.978065,0.994591,0.002884,24,0.002983,24,0.376953,24,58.0,24,,0,0.108291,24
24,20,24,False,native,24,0.983832,0.979149,0.988609,0.009461,0.981149,0.964597,0.989984,0.95664,0.990579,24,0.991849,0.989464,0.994272,0.004808,0.99046,0.981979,0.994967,0.97784,0.995267,0.002831,24,0.002945,24,0.394531,24,56.5,24,0.999729,24,0.108365,24
24,21,24,False,native,24,0.98339,0.977495,0.988721,0.011226,0.980826,0.96422,0.989955,0.956209,0.990431,24,0.991624,0.988619,0.994328,0.005709,0.990294,0.981783,0.994952,0.977614,0.995192,0.002808,24,0.002899,24,0.398438,24,55.5,24,,0,0.108406,24
24,22,24,False,native,24,0.983981,0.978009,0.988127,0.010118,0.980808,0.964233,0.989806,0.956352,0.990728,24,0.991925,0.988882,0.994028,0.005146,0.990284,0.981791,0.994877,0.977689,0.995343,0.003052,24,0.002983,24,0.388672,24,48.0,24,,0,0.108445,24
24,23,24,False,native,24,0.983684,0.979995,0.989427,0.009432,0.981595,0.966511,0.990728,0.955203,0.991473,24,0.991774,0.989896,0.994685,0.004789,0.990685,0.98297,0.995343,0.977088,0.995718,0.003502,24,0.00325,24,0.400391,24,52.0,24,,0,0.108431,24
24,24,24,False,native,24,0.98376,0.978597,0.987941,0.009344,0.981058,0.964743,0.990416,0.956496,0.992814,24,0.991812,0.989183,0.993934,0.004751,0.990413,0.982054,0.995185,0.977764,0.996394,0.003319,24,0.003075,24,0.398438,24,48.0,24,,0,0.108467,24
24,25,24,False,native,24,0.983241,0.978891,0.987459,0.008568,0.980895,0.964031,0.99049,0.958079,0.991324,24,0.991549,0.989333,0.99369,0.004357,0.990331,0.981686,0.995222,0.978591,0.995643,0.003166,24,0.002998,24,0.416016,24,48.0,24,,0,0.108471,24
24,26,24,False,native,24,0.982871,0.977936,0.987496,0.00956,0.980778,0.966656,0.990118,0.957071,0.992069,24,0.991361,0.988845,0.993709,0.004864,0.990272,0.983045,0.995035,0.978065,0.996019,0.00296,24,0.002983,24,0.417969,24,47.5,24,,0,0.108458,24
24,27,24,False,native,24,0.984053,0.97856,0.987014,0.008454,0.981066,0.968111,0.989018,0.957647,0.991175,24,0.991962,0.989164,0.993465,0.004301,0.990422,0.983797,0.994479,0.978365,0.995568,0.002861,24,0.003281,24,0.392578,24,50.5,24,,0,0.108417,24
24,28,24,False,native,24,0.984201,0.979885,0.987236,0.007352,0.980792,0.966729,0.989078,0.957791,0.991026,24,0.992037,0.98984,0.993577,0.003737,0.990281,0.983083,0.994509,0.978441,0.995493,0.003342,24,0.003281,24,0.375,24,50.0,24,,0,0.108342,24
24,29,24,False,native,24,0.982871,0.978377,0.986199,0.007822,0.980703,0.967935,0.98933,0.958655,0.990133,24,0.991361,0.98907,0.993051,0.003981,0.990238,0.983706,0.994636,0.978891,0.995042,0.003059,24,0.002884,24,0.410156,24,48.0,24,,0,0.108278,24
24,30,24,False,native,24,0.982871,0.978303,0.985458,0.007155,0.980311,0.967499,0.989152,0.957359,0.990579,24,0.991361,0.989032,0.992676,0.003643,0.990037,0.983481,0.994546,0.978215,0.995267,0.003326,24,0.002609,24,0.416016,24,47.5,24,0.999732,24,0.108243,24
24,31,24,False,native,24,0.982575,0.978046,0.985532,0.007486,0.979981,0.967659,0.989107,0.955203,0.990728,24,0.991211,0.988901,0.992713,0.003812,0.989868,0.983564,0.994524,0.977088,0.995343,0.002876,24,0.00296,24,0.417969,24,43.5,24,,0,0.108186,24
24,32,24,False,native,24,0.98287,0.979259,0.985162,0.005903,0.980059,0.966729,0.988914,0.956928,0.990133,24,0.991361,0.989521,0.992526,0.003005,0.989909,0.983083,0.994426,0.97799,0.995042,0.002861,24,0.003006,24,0.414062,24,46.0,24,,0,0.108164,24
24,33,24,False,native,24,0.983166,0.979591,0.98531,0.005719,0.980562,0.968984,0.989895,0.95664,0.990133,24,0.991511,0.98969,0.992601,0.002911,0.990166,0.984247,0.994922,0.97784,0.995042,0.002861,24,0.002747,24,0.40625,24,53.5,24,,0,0.108069,24
24,34,24,False,native,24,0.982944,0.978597,0.98531,0.006713,0.980222,0.96843,0.98829,0.956496,0.990431,24,0.991399,0.989183,0.992601,0.003418,0.989993,0.983962,0.994111,0.977764,0.995192,0.002869,24,0.002983,24,0.404297,24,48.0,24,,0,0.107995,24
24,35,24,False,native,24,0.982944,0.979407,0.984348,0.004942,0.979844,0.96612,0.98835,0.956784,0.989092,24,0.991399,0.989596,0.992112,0.002517,0.989799,0.982767,0.994141,0.977915,0.994516,0.002754,24,0.002876,24,0.414062,24,50.5,24,,0,0.107936,24
24,36,24,False,native,24,0.982354,0.977606,0.984866,0.00726,0.979708,0.96795,0.988988,0.956065,0.990728,24,0.991098,0.988676,0.992375,0.0037,0.98973,0.983714,0.994464,0.977539,0.995343,0.002716,24,0.002754,24,0.431641,24,51.5,24,,0,0.107918,24
24,37,24,False,native,24,0.982206,0.974928,0.984718,0.00979,0.979334,0.966586,0.988988,0.958511,0.990133,24,0.991023,0.987305,0.9923,0.004995,0.98954,0.983008,0.994464,0.978816,0.995042,0.002602,24,0.002663,24,0.431641,24,48.0,24,,0,0.107934,24
24,38,24,False,native,24,0.982649,0.977239,0.984681,0.007442,0.980012,0.969785,0.989449,0.959376,0.991622,24,0.991248,0.988488,0.992281,0.003794,0.989887,0.98466,0.994697,0.979267,0.995793,0.002647,24,0.00267,24,0.419922,24,53.0,24,,0,0.108038,24
24,39,24,False,native,24,0.981616,0.976028,0.984311,0.008283,0.979614,0.970586,0.988409,0.961397,0.989836,24,0.990723,0.987868,0.992094,0.004226,0.989687,0.985074,0.994171,0.980319,0.994892,0.002686,24,0.002625,24,0.433594,24,47.0,24,,0,0.108056,24
24,40,24,False,native,24,0.981542,0.976762,0.98494,0.008178,0.979588,0.96996,0.987682,0.961252,0.988647,24,0.990685,0.988244,0.992413,0.004169,0.989674,0.984751,0.993803,0.980243,0.994291,0.002586,24,0.00264,24,0.443359,24,55.0,24,0.999733,24,0.108097,24
24,41,24,False,native,24,0.980363,0.975514,0.984829,0.009315,0.978952,0.970528,0.987266,0.960097,0.990431,24,0.990084,0.987605,0.992357,0.004751,0.989349,0.985044,0.993592,0.979642,0.995192,0.002396,24,0.002403,24,0.474609,24,51.0,24,,0,0.108107,24
24,42,24,False,native,24,0.980142,0.973903,0.984496,0.010593,0.978706,0.970674,0.987192,0.95952,0.989836,24,0.989971,0.986779,0.992188,0.005409,0.989223,0.985119,0.993555,0.979342,0.994892,0.002396,24,0.002548,24,0.460938,24,52.5,24,,0,0.108188,24
24,43,24,False,native,24,0.981395,0.972733,0.983832,0.011099,0.978537,0.968882,0.988706,0.96183,0.98939,24,0.99061,0.986178,0.991849,0.005672,0.989136,0.984195,0.994321,0.980544,0.994666,0.002419,24,0.002518,24,0.445312,24,53.0,24,,0,0.1082,24
24,44,24,False,native,24,0.980216,0.974086,0.983425,0.009339,0.978309,0.971535,0.986673,0.958511,0.988944,24,0.990009,0.986873,0.991643,0.00477,0.98902,0.985562,0.993292,0.978816,0.994441,0.002342,24,0.002258,24,0.474609,24,61.0,24,,0,0.108386,24
24,45,24,False,native,24,0.977642,0.973683,0.983572,0.009889,0.977996,0.972251,0.987148,0.958799,0.989687,24,0.988694,0.986666,0.991718,0.005052,0.98886,0.98593,0.993532,0.978966,0.994817,0.002266,24,0.002251,24,0.525391,24,51.5,24,,0,0.108641,24
24,46,24,False,native,24,0.977936,0.973025,0.98409,0.011065,0.97776,0.972031,0.986866,0.957215,0.989687,24,0.988845,0.986328,0.991981,0.005653,0.988738,0.985817,0.993389,0.97814,0.994817,0.002121,24,0.002174,24,0.511719,24,59.5,24,,0,0.108876,24
24,47,24,False,native,24,0.978377,0.972915,0.984533,0.011618,0.977483,0.970426,0.985547,0.957935,0.988944,24,0.98907,0.986272,0.992206,0.005934,0.988597,0.984991,0.992721,0.978516,0.994441,0.002136,24,0.002098,24,0.507812,24,67.0,24,,0,0.109185,24
24,48,24,False,native,24,0.977054,0.972185,0.983166,0.010981,0.976951,0.969508,0.984748,0.962409,0.988201,24,0.988394,0.985896,0.991511,0.005615,0.988328,0.984518,0.992315,0.980844,0.994066,0.002151,24,0.002083,24,0.527344,24,65.0,24,,0,0.109382,24
24,49,24,False,native,24,0.976467,0.971382,0.980142,0.008761,0.976378,0.970003,0.983195,0.967194,0.986866,24,0.988093,0.985483,0.989971,0.004488,0.98804,0.984773,0.991526,0.983323,0.993389,0.001961,24,0.002113,24,0.529297,24,72.5,24,,0,0.109715,24
25,0,24,False,native,24,0.956496,0.934673,0.970838,0.036165,0.949388,0.907534,0.984067,0.864295,0.991026,24,0.977764,0.966233,0.985201,0.018968,0.973745,0.951525,0.99197,0.927209,0.995493,0.000194,24,0.000226,24,0.748047,24,144.5,24,0.999673,24,0.105971,24
25,1,24,False,native,24,0.948266,0.928961,0.974196,0.045235,0.94644,0.912913,0.980157,0.867696,0.987756,24,0.973445,0.963172,0.986929,0.023757,0.972218,0.95447,0.989979,0.929162,0.99384,0.0,24,0.0,24,0.769531,24,153.5,24,,0,0.106513,24
25,2,24,False,native,24,0.966616,0.94684,0.977239,0.030399,0.956491,0.935712,0.980334,0.861558,0.988053,24,0.983023,0.972694,0.988488,0.015794,0.977476,0.966782,0.990069,0.925631,0.99399,0.000544,24,0.000534,24,0.662109,24,111.0,24,,0,0.108139,24
25,3,24,False,native,24,0.969012,0.953842,0.976724,0.022882,0.955537,0.94061,0.9811,0.822313,0.989538,24,0.984262,0.976375,0.988225,0.01185,0.976813,0.969396,0.99046,0.902494,0.994742,0.000454,24,0.000246,24,0.650391,24,121.0,24,,0,0.10814,24
25,4,24,False,native,24,0.968868,0.957719,0.981137,0.023418,0.958715,0.941361,0.98429,0.828571,0.987311,24,0.984187,0.978403,0.990479,0.012076,0.978487,0.969794,0.992082,0.90625,0.993615,0.000773,24,0.00103,24,0.591797,24,115.0,24,,0,0.108327,24
25,5,24,False,native,24,0.969668,0.955706,0.980842,0.025136,0.9586,0.948706,0.983018,0.822189,0.990133,24,0.9846,0.977351,0.990328,0.012977,0.978387,0.973678,0.991436,0.902419,0.995042,0.000996,24,0.000957,24,0.597656,24,112.5,24,,0,0.108374,24
25,6,24,False,native,24,0.969086,0.958331,0.981468,0.023137,0.958517,0.948009,0.983166,0.823312,0.987756,24,0.9843,0.978722,0.990648,0.011925,0.978331,0.97331,0.991511,0.903095,0.99384,0.001019,24,0.000922,24,0.613281,24,100.5,24,,0,0.108431,24
25,7,24,False,native,24,0.971859,0.957468,0.982206,0.024738,0.957705,0.948521,0.983772,0.811896,0.989687,24,0.985727,0.978271,0.991023,0.012752,0.977824,0.97358,0.991819,0.896184,0.994817,0.00093,24,0.000968,24,0.597656,24,101.5,24,,0,0.108439,24
25,8,24,False,native,24,0.969963,0.957791,0.980731,0.02294,0.957791,0.952436,0.983757,0.808696,0.988944,24,0.984751,0.978441,0.990272,0.011831,0.977855,0.975639,0.991812,0.894231,0.994441,0.000951,24,0.000944,24,0.611328,24,109.5,24,,0,0.10846,24
25,9,24,False,native,24,0.970846,0.958079,0.980142,0.022063,0.957778,0.950606,0.984171,0.803183,0.98939,24,0.985201,0.978591,0.989971,0.011381,0.977818,0.974677,0.992022,0.89085,0.994666,0.000906,24,0.000931,24,0.605469,24,103.0,24,,0,0.108462,24
25,10,24,False,native,24,0.969968,0.959016,0.982427,0.023412,0.957952,0.952193,0.983713,0.809802,0.988944,24,0.984751,0.979079,0.991136,0.012057,0.97793,0.975511,0.991789,0.894907,0.994441,0.000907,24,0.000949,24,0.603516,24,103.0,24,0.999788,24,0.108446,24
25,11,24,False,native,24,0.969971,0.959917,0.981579,0.021662,0.958228,0.95539,0.984482,0.807468,0.98835,24,0.984751,0.979549,0.990704,0.011155,0.978052,0.977186,0.99218,0.89348,0.994141,0.00091,24,0.000931,24,0.617188,24,101.0,24,,0,0.108474,24
25,12,24,False,native,24,0.970408,0.957899,0.981468,0.023569,0.957722,0.952381,0.9846,0.804405,0.988795,24,0.984976,0.978497,0.990648,0.012151,0.977777,0.975608,0.99224,0.891602,0.994366,0.001389,24,0.000914,24,0.611328,24,99.0,24,,0,0.108492,24
25,13,24,False,native,24,0.971285,0.957539,0.980326,0.022787,0.958067,0.951867,0.984156,0.808081,0.988795,24,0.985427,0.978309,0.990065,0.011756,0.977987,0.975338,0.992015,0.893855,0.994366,0.000925,24,0.000911,24,0.591797,24,107.0,24,,0,0.108492,24
25,14,24,False,native,24,0.969826,0.957431,0.980033,0.022601,0.957885,0.954801,0.985695,0.804895,0.990133,24,0.984675,0.978253,0.989915,0.011662,0.977871,0.976878,0.992796,0.891902,0.995042,0.000878,24,0.00135,24,0.607422,24,106.0,24,,0,0.108533,24
25,15,24,False,native,24,0.970044,0.958799,0.980805,0.022006,0.958259,0.954385,0.983535,0.810418,0.988201,24,0.984788,0.978966,0.990309,0.011343,0.978112,0.97666,0.991699,0.895282,0.994066,0.00087,24,0.001396,24,0.615234,24,97.0,24,,0,0.108531,24
25,16,24,False,native,24,0.970546,0.959557,0.981505,0.021948,0.958832,0.956396,0.983786,0.81771,0.987607,24,0.985051,0.979361,0.990666,0.011306,0.978447,0.977712,0.991827,0.899715,0.993765,0.000902,24,0.001316,24,0.626953,24,108.0,24,,0,0.108531,24
25,17,24,False,native,24,0.971058,0.959809,0.981284,0.021475,0.959246,0.954945,0.983343,0.820693,0.987756,24,0.985314,0.979492,0.990554,0.011061,0.978675,0.976953,0.991602,0.901517,0.99384,0.00127,24,0.000927,24,0.585938,24,107.5,24,,0,0.108516,24
25,18,24,False,native,24,0.972593,0.957791,0.980253,0.022462,0.958804,0.953884,0.981867,0.820818,0.985828,24,0.986103,0.978441,0.990028,0.011587,0.978459,0.976397,0.99085,0.901593,0.992864,0.001282,24,0.001385,24,0.576172,24,110.0,24,,0,0.108455,24
25,19,24,False,native,24,0.972233,0.959232,0.980731,0.021499,0.959084,0.953482,0.983269,0.819449,0.98568,24,0.985915,0.979192,0.990272,0.01108,0.978613,0.976187,0.991564,0.900766,0.992788,0.001175,24,0.001076,24,0.591797,24,115.0,24,,0,0.108429,24
25,20,24,False,native,24,0.971787,0.958007,0.979075,0.021068,0.958846,0.954315,0.983255,0.823312,0.987162,24,0.98569,0.978553,0.989427,0.010874,0.978506,0.976623,0.991556,0.903095,0.99354,0.00132,24,0.001263,24,0.585938,24,118.5,24,0.999802,24,0.108398,24
25,21,24,False,native,24,0.972736,0.959268,0.980916,0.021648,0.959472,0.954443,0.982811,0.823312,0.985976,24,0.986178,0.97921,0.990366,0.011155,0.978832,0.97669,0.991331,0.903095,0.992939,0.001244,24,0.001244,24,0.587891,24,102.0,24,,0,0.108441,24
25,22,24,False,native,24,0.972737,0.958583,0.981247,0.022664,0.959624,0.955433,0.983964,0.823437,0.986569,24,0.986178,0.978854,0.990535,0.011681,0.978913,0.977209,0.991917,0.90317,0.993239,0.001305,24,0.001335,24,0.576172,24,108.0,24,,0,0.10847,24
25,23,24,False,native,24,0.971936,0.959412,0.980216,0.020804,0.959676,0.956036,0.983077,0.829074,0.987607,24,0.985765,0.979286,0.990009,0.010723,0.978973,0.977524,0.991466,0.90655,0.993765,0.001183,24,0.000883,24,0.599609,24,114.5,24,,0,0.108506,24
25,24,24,False,native,24,0.97383,0.959016,0.978156,0.01914,0.9592,0.95347,0.982044,0.831087,0.985828,24,0.986741,0.979079,0.988957,0.009878,0.978732,0.976179,0.990941,0.907752,0.992864,0.001148,24,0.001152,24,0.580078,24,115.0,24,,0,0.108502,24
25,25,24,False,native,24,0.97266,0.958079,0.979884,0.021805,0.959191,0.952894,0.983609,0.829954,0.985384,24,0.98614,0.978591,0.98984,0.011249,0.978725,0.975879,0.991737,0.907076,0.992638,0.001148,24,0.001171,24,0.589844,24,114.0,24,,0,0.108532,24
25,26,24,False,native,24,0.974636,0.958655,0.981579,0.022924,0.96019,0.951653,0.983727,0.83323,0.985532,24,0.987154,0.978891,0.990704,0.011813,0.979254,0.975225,0.991797,0.909029,0.992713,0.001438,24,0.001427,24,0.560547,24,113.0,24,,0,0.108579,24
25,27,24,False,native,24,0.974416,0.959196,0.978376,0.019181,0.959972,0.949578,0.98352,0.834367,0.986125,24,0.987042,0.979173,0.98907,0.009897,0.979164,0.974136,0.991692,0.909706,0.993014,0.001083,24,0.001732,24,0.566406,24,108.0,24,,0,0.108639,24
25,28,24,False,native,24,0.974854,0.958151,0.979921,0.02177,0.960704,0.950748,0.984259,0.840453,0.986273,24,0.987267,0.978628,0.989859,0.01123,0.979561,0.974752,0.992067,0.913311,0.993089,0.001068,24,0.001396,24,0.564453,24,108.5,24,,0,0.108646,24
25,29,24,False,native,24,0.974781,0.957575,0.979885,0.02231,0.9606,0.948864,0.983195,0.841599,0.985532,24,0.98723,0.978328,0.98984,0.011512,0.979517,0.973761,0.991526,0.913987,0.992713,0.001068,24,0.001583,24,0.564453,24,106.0,24,,0,0.108728,24
25,30,24,False,native,24,0.975074,0.957035,0.980179,0.023144,0.960632,0.952007,0.982442,0.839818,0.983609,24,0.98738,0.978046,0.98999,0.011944,0.979549,0.975413,0.991143,0.912936,0.991737,0.001083,24,0.001385,24,0.550781,24,109.5,24,0.999804,24,0.108799,24
25,31,24,False,native,24,0.972879,0.957467,0.980474,0.023007,0.960398,0.951091,0.983461,0.842491,0.984052,24,0.986253,0.978271,0.99014,0.011869,0.97943,0.974932,0.991662,0.914513,0.991962,0.001259,24,0.001259,24,0.599609,24,115.0,24,,0,0.108833,24
25,32,24,False,native,24,0.97427,0.957035,0.979112,0.022077,0.960832,0.951363,0.982295,0.844789,0.983313,24,0.986967,0.978046,0.989446,0.011399,0.97968,0.975075,0.991068,0.915865,0.991587,0.001049,24,0.001663,24,0.578125,24,104.0,24,,0,0.108926,24
25,33,24,False,native,24,0.975294,0.957935,0.977643,0.019708,0.960687,0.949362,0.983269,0.847606,0.985088,24,0.987492,0.978516,0.988694,0.010179,0.979608,0.974023,0.991564,0.917518,0.992488,0.001385,24,0.001537,24,0.554688,24,111.5,24,,0,0.108921,24
25,34,24,False,native,24,0.97383,0.958223,0.978158,0.019935,0.961236,0.950177,0.98287,0.850045,0.985532,24,0.986741,0.978666,0.988957,0.010291,0.979902,0.974452,0.991361,0.918945,0.992713,0.001186,24,0.001568,24,0.589844,24,117.0,24,,0,0.108987,24
25,35,24,False,native,24,0.973756,0.958115,0.978525,0.02041,0.961523,0.949291,0.983269,0.853136,0.984496,24,0.986704,0.97861,0.989145,0.010536,0.980065,0.973986,0.991564,0.920748,0.992188,0.001415,24,0.001514,24,0.576172,24,103.0,24,,0,0.108988,24
25,36,24,False,native,24,0.974049,0.956533,0.979002,0.02247,0.961188,0.949307,0.982885,0.855719,0.985088,24,0.986854,0.977783,0.989389,0.011606,0.979908,0.973993,0.991369,0.922251,0.992488,0.001545,24,0.001457,24,0.583984,24,110.0,24,,0,0.109033,24
25,37,24,False,native,24,0.974635,0.956209,0.979297,0.023088,0.961783,0.950392,0.982634,0.85805,0.984052,24,0.987154,0.977614,0.98954,0.011925,0.980225,0.974564,0.991241,0.923603,0.991962,0.001518,24,0.001732,24,0.580078,24,111.5,24,,0,0.108998,24
25,38,24,False,native,24,0.974049,0.956784,0.978598,0.021814,0.96195,0.953998,0.982147,0.859478,0.983313,24,0.986854,0.977915,0.989183,0.011268,0.980328,0.976457,0.990993,0.924429,0.991587,0.00119,24,0.001331,24,0.59375,24,103.5,24,,0,0.10904,24
25,39,24,False,native,24,0.975661,0.955921,0.97926,0.023339,0.96203,0.95341,0.982339,0.856884,0.983461,24,0.98768,0.977464,0.989521,0.012057,0.980359,0.976149,0.991091,0.922927,0.991662,0.001511,24,0.0014,24,0.546875,24,100.0,24,,0,0.109039,24
25,40,24,False,native,24,0.975002,0.956317,0.979517,0.0232,0.962726,0.953869,0.982486,0.8626,0.984792,24,0.987342,0.977671,0.989652,0.011982,0.980741,0.97639,0.991166,0.926232,0.992338,0.001591,24,0.001606,24,0.566406,24,107.0,24,0.999791,24,0.10909,24
25,41,24,False,native,24,0.974636,0.956281,0.980584,0.024303,0.963173,0.954672,0.983816,0.866255,0.98568,24,0.987154,0.977652,0.990197,0.012545,0.980991,0.97681,0.991842,0.928335,0.992788,0.001682,24,0.001659,24,0.568359,24,116.5,24,,0,0.109116,24
25,42,24,False,native,24,0.975295,0.956424,0.980253,0.023828,0.963451,0.95152,0.981852,0.870188,0.98287,24,0.987492,0.977727,0.990028,0.012301,0.981148,0.975158,0.990843,0.930589,0.991361,0.001522,24,0.001698,24,0.580078,24,105.5,24,,0,0.10918,24
25,43,24,False,native,24,0.974782,0.955491,0.98051,0.02502,0.963628,0.952021,0.981719,0.874666,0.983461,24,0.98723,0.977239,0.990159,0.012921,0.981258,0.975421,0.990775,0.933143,0.991662,0.001415,24,0.001507,24,0.574219,24,103.0,24,,0,0.109146,24
25,44,24,False,native,24,0.974708,0.956785,0.980032,0.023247,0.963865,0.951162,0.981542,0.879297,0.983461,24,0.987192,0.977915,0.989915,0.012,0.981405,0.97497,0.990685,0.935772,0.991662,0.00148,24,0.001595,24,0.580078,24,105.0,24,,0,0.10926,24
25,45,24,False,native,24,0.975148,0.956138,0.981726,0.025588,0.964758,0.951205,0.982339,0.884085,0.982723,24,0.987417,0.977577,0.990779,0.013202,0.981884,0.974992,0.991091,0.938477,0.991286,0.00164,24,0.001442,24,0.568359,24,113.0,24,,0,0.109355,24
25,46,24,False,native,24,0.974562,0.955922,0.981358,0.025436,0.965303,0.950448,0.98194,0.889299,0.986273,24,0.987117,0.977464,0.990591,0.013127,0.982181,0.974594,0.990888,0.941406,0.993089,0.001575,24,0.001564,24,0.558594,24,110.5,24,,0,0.109378,24
25,47,24,False,native,24,0.976834,0.959197,0.98169,0.022493,0.966771,0.952966,0.982649,0.899543,0.983461,24,0.988281,0.979173,0.99076,0.011587,0.982973,0.975916,0.991248,0.947115,0.991662,0.001614,24,0.001736,24,0.541016,24,111.0,24,,0,0.109473,24
25,48,24,False,native,24,0.976174,0.959492,0.979995,0.020503,0.966934,0.950662,0.982339,0.906617,0.985384,24,0.987943,0.979323,0.989896,0.010573,0.983073,0.974707,0.991091,0.951022,0.992638,0.001595,24,0.001572,24,0.541016,24,111.0,24,,0,0.109403,24
25,49,24,False,native,24,0.976981,0.962746,0.981063,0.018317,0.967565,0.940511,0.983284,0.915396,0.984348,24,0.988356,0.981013,0.990441,0.009428,0.983411,0.969343,0.991572,0.955829,0.992112,0.001633,24,0.001606,24,0.53125,24,103.0,24,,0,0.109275,24
26,0,24,False,native,24,0.957288,0.939871,0.965815,0.025944,0.952423,0.925146,0.974942,0.911682,0.987162,24,0.978178,0.968994,0.98261,0.013616,0.97553,0.961118,0.987312,0.953801,0.99354,0.0,24,0.0,24,0.78125,24,174.0,24,0.999525,24,0.107621,24
26,1,24,False,native,24,0.960604,0.9383,0.970834,0.032534,0.954998,0.929066,0.977752,0.915396,0.985828,24,0.979905,0.968168,0.985201,0.017034,0.976872,0.963229,0.988747,0.955829,0.992864,0.0,24,0.0,24,0.742188,24,163.0,24,,0,0.107486,24
26,2,24,False,native,24,0.963205,0.951763,0.971017,0.019253,0.961754,0.944683,0.978215,0.936713,0.984496,24,0.981258,0.975285,0.985295,0.01001,0.980456,0.971552,0.988987,0.967323,0.992188,0.0,24,0.0,24,0.742188,24,148.5,24,,0,0.106691,24
26,3,24,False,native,24,0.968794,0.95445,0.972294,0.017845,0.964304,0.947781,0.976408,0.938829,0.988201,24,0.98415,0.976694,0.985953,0.009259,0.981783,0.97319,0.988063,0.96845,0.994066,0.0,24,0.0,24,0.654297,24,141.0,24,,0,0.107106,24
26,4,24,False,native,24,0.968212,0.954916,0.970652,0.015736,0.9641,0.946499,0.980645,0.935869,0.987162,24,0.983849,0.976938,0.985107,0.008169,0.981674,0.972514,0.990227,0.966872,0.99354,0.0,24,0.0,24,0.679688,24,135.5,24,,0,0.107455,24
26,5,24,False,native,24,0.967557,0.959052,0.969997,0.010946,0.965006,0.949707,0.98088,0.936291,0.987459,24,0.983511,0.979098,0.984769,0.005672,0.98215,0.974204,0.990347,0.967097,0.99369,0.0,24,0.000813,24,0.695312,24,130.0,24,,0,0.10771,24
26,6,24,False,native,24,0.969158,0.962774,0.973354,0.01058,0.966406,0.950364,0.980526,0.932216,0.989687,24,0.984337,0.981032,0.986497,0.005465,0.982869,0.974549,0.990167,0.964919,0.994817,0.0,24,0.000629,24,0.666016,24,125.0,24,,0,0.107934,24
26,7,24,False,native,24,0.967848,0.96259,0.972002,0.009413,0.966499,0.95028,0.983461,0.928996,0.98835,24,0.983661,0.980938,0.985802,0.004864,0.982913,0.974504,0.991662,0.963191,0.994141,0.000786,24,0.00079,24,0.662109,24,128.5,24,,0,0.108206,24
26,8,24,False,native,24,0.967848,0.963712,0.973282,0.009571,0.966906,0.950319,0.981203,0.930254,0.989687,24,0.983661,0.98152,0.98646,0.004939,0.983126,0.974527,0.990512,0.963867,0.994817,0.001369,24,0.00079,24,0.654297,24,128.0,24,,0,0.108384,24
26,9,24,False,native,24,0.967266,0.964146,0.973427,0.009281,0.966695,0.952379,0.983906,0.929415,0.989538,24,0.983361,0.981746,0.986535,0.004789,0.983017,0.975608,0.991887,0.963416,0.994742,0.001534,24,0.000736,24,0.667969,24,126.5,24,,0,0.108445,24
26,10,24,False,native,24,0.968648,0.965307,0.974122,0.008815,0.9674,0.949762,0.985562,0.933057,0.989092,24,0.984075,0.982347,0.986892,0.004545,0.98338,0.974234,0.992728,0.96537,0.994516,0.001541,24,0.001534,24,0.644531,24,116.0,24,0.999705,24,0.108422,24
26,11,24,False,native,24,0.968867,0.965778,0.975404,0.009627,0.968271,0.953381,0.985606,0.932917,0.988647,24,0.984187,0.982591,0.987549,0.004958,0.98383,0.976134,0.992751,0.965294,0.994291,0.001747,24,0.00169,24,0.638672,24,111.0,24,,0,0.108374,24
26,12,24,False,native,24,0.96843,0.965016,0.976687,0.011671,0.968032,0.951836,0.986436,0.931375,0.987459,24,0.983962,0.982197,0.988206,0.00601,0.983705,0.975323,0.993172,0.964468,0.99369,0.001637,24,0.001469,24,0.648438,24,109.5,24,,0,0.10832,24
26,13,24,False,native,24,0.970032,0.965197,0.976467,0.01127,0.968469,0.953224,0.986451,0.930814,0.989092,24,0.984788,0.98229,0.988093,0.005803,0.983927,0.976052,0.993179,0.964168,0.994516,0.001663,24,0.001682,24,0.625,24,105.5,24,,0,0.108226,24
26,14,24,False,native,24,0.969741,0.965161,0.978855,0.013694,0.968951,0.951449,0.986288,0.932356,0.988053,24,0.984638,0.982272,0.989314,0.007043,0.984175,0.97512,0.993096,0.964994,0.99399,0.001839,24,0.001892,24,0.617188,24,105.5,24,,0,0.108141,24
26,15,24,False,native,24,0.968794,0.964907,0.97812,0.013213,0.968859,0.95351,0.985103,0.931515,0.988647,24,0.98415,0.98214,0.988939,0.006798,0.984128,0.976202,0.992495,0.964543,0.994291,0.001881,24,0.001675,24,0.621094,24,111.0,24,,0,0.108011,24
26,16,24,False,native,24,0.969595,0.96556,0.978119,0.01256,0.96914,0.954589,0.984407,0.930674,0.988944,24,0.984563,0.982478,0.988939,0.00646,0.984275,0.976765,0.992142,0.964093,0.994441,0.001373,24,0.001736,24,0.626953,24,109.5,24,,0,0.107891,24
26,17,24,False,native,24,0.971784,0.965379,0.9797,0.014322,0.969782,0.953971,0.985562,0.932216,0.989687,24,0.98569,0.982384,0.989746,0.007362,0.984603,0.976442,0.992728,0.964919,0.994817,0.001945,24,0.001438,24,0.611328,24,106.5,24,,0,0.107768,24
26,18,24,False,native,24,0.973098,0.966431,0.978891,0.01246,0.969873,0.951435,0.984748,0.934181,0.988795,24,0.986366,0.982929,0.989333,0.006404,0.984654,0.975113,0.992315,0.965971,0.994366,0.001598,24,0.001629,24,0.59375,24,100.5,24,,0,0.107631,24
26,19,24,False,native,24,0.973467,0.965778,0.979884,0.014107,0.970512,0.955204,0.985651,0.932917,0.988647,24,0.986553,0.982591,0.98984,0.007249,0.984982,0.977088,0.992773,0.965294,0.994291,0.001854,24,0.001915,24,0.558594,24,101.0,24,,0,0.107359,24
26,20,24,False,native,24,0.973392,0.966068,0.979112,0.013044,0.970949,0.952709,0.984467,0.935165,0.99192,24,0.986516,0.982741,0.989446,0.006704,0.985208,0.975781,0.992172,0.966496,0.995944,0.001907,24,0.0019,24,0.574219,24,98.5,24,0.999724,24,0.107158,24
26,21,24,False,native,24,0.972223,0.96723,0.980068,0.012838,0.970693,0.952824,0.984807,0.936573,0.989538,24,0.985915,0.983342,0.989934,0.006592,0.985079,0.975841,0.992345,0.967248,0.994742,0.001842,24,0.001892,24,0.597656,24,98.5,24,,0,0.106854,24
26,22,24,False,native,24,0.973905,0.966213,0.979627,0.013414,0.971108,0.95608,0.98617,0.933479,0.991026,24,0.986779,0.982816,0.989709,0.006892,0.985289,0.977547,0.993036,0.965595,0.995493,0.001858,24,0.001953,24,0.570312,24,98.0,24,,0,0.106561,24
26,23,24,False,native,24,0.9731,0.96585,0.97948,0.013629,0.970659,0.953453,0.98389,0.935165,0.990431,24,0.986366,0.982628,0.989633,0.007005,0.98506,0.976172,0.99188,0.966496,0.995192,0.001839,24,0.001945,24,0.59375,24,101.0,24,,0,0.106236,24
26,24,24,False,native,24,0.974417,0.966431,0.980363,0.013932,0.971325,0.954659,0.983875,0.93615,0.991771,24,0.987042,0.982929,0.990084,0.007155,0.985402,0.976803,0.991872,0.967022,0.995868,0.001945,24,0.001881,24,0.572266,24,107.0,24,,0,0.106057,24
26,25,24,False,native,24,0.974855,0.966177,0.980437,0.01426,0.971532,0.954429,0.984703,0.936995,0.991771,24,0.987267,0.982797,0.990122,0.007324,0.985511,0.976683,0.992293,0.967473,0.995868,0.002243,24,0.001961,24,0.560547,24,102.5,24,,0,0.105784,24
26,26,24,False,native,24,0.976688,0.965959,0.982317,0.016358,0.971853,0.954113,0.983269,0.936009,0.990579,24,0.988206,0.982685,0.991079,0.008395,0.985674,0.976517,0.991564,0.966947,0.995267,0.001984,24,0.002197,24,0.527344,24,99.5,24,,0,0.105504,24
26,27,24,False,native,24,0.974928,0.966576,0.982243,0.015667,0.971806,0.956569,0.983373,0.93615,0.99192,24,0.987305,0.983004,0.991042,0.008038,0.985652,0.977802,0.991617,0.967022,0.995944,0.002151,24,0.002167,24,0.542969,24,102.0,24,,0,0.105242,24
26,28,24,False,native,24,0.974854,0.966322,0.982169,0.015847,0.971921,0.956841,0.984126,0.937982,0.99192,24,0.987267,0.982873,0.991004,0.008132,0.985712,0.977945,0.992,0.967999,0.995944,0.001923,24,0.002083,24,0.550781,24,105.0,24,,0,0.104945,24
26,29,24,False,native,24,0.975587,0.966322,0.982464,0.016142,0.972125,0.958036,0.985369,0.937559,0.992814,24,0.987643,0.982873,0.991155,0.008282,0.985815,0.978568,0.992631,0.967773,0.996394,0.00209,24,0.002136,24,0.560547,24,101.0,24,,0,0.104776,24
26,30,24,False,native,24,0.975514,0.966578,0.982944,0.016366,0.97194,0.955677,0.984407,0.936995,0.992218,24,0.987605,0.983004,0.991399,0.008395,0.985718,0.977336,0.992142,0.967473,0.996094,0.002113,24,0.002113,24,0.539062,24,98.0,24,0.999753,24,0.104571,24
26,31,24,False,native,24,0.974195,0.967085,0.982391,0.015306,0.971811,0.956381,0.984156,0.936009,0.991771,24,0.986929,0.983267,0.991117,0.00785,0.985652,0.977704,0.992015,0.966947,0.995868,0.002068,24,0.002083,24,0.5625,24,104.0,24,,0,0.104448,24
26,32,24,False,native,24,0.974122,0.965379,0.983166,0.017787,0.971637,0.954772,0.98537,0.935024,0.992367,24,0.986892,0.982384,0.991511,0.009127,0.985558,0.976863,0.992631,0.966421,0.996169,0.002041,24,0.002037,24,0.566406,24,96.0,24,,0,0.104322,24
26,33,24,False,native,24,0.974342,0.966322,0.983498,0.017176,0.971757,0.955161,0.984881,0.936995,0.992218,24,0.987004,0.982873,0.99168,0.008808,0.985624,0.977066,0.992383,0.967473,0.996094,0.001995,24,0.002014,24,0.564453,24,101.5,24,,0,0.104212,24
26,34,24,False,native,24,0.974195,0.964472,0.983166,0.018694,0.971746,0.955922,0.985058,0.938688,0.992665,24,0.986929,0.981915,0.991511,0.009597,0.985621,0.977464,0.992473,0.968374,0.996319,0.001957,24,0.001953,24,0.564453,24,100.0,24,,0,0.10409,24
26,35,24,False,native,24,0.975074,0.966614,0.982058,0.015445,0.971949,0.956382,0.984852,0.938406,0.991324,24,0.98738,0.983023,0.990948,0.007925,0.985727,0.977704,0.992368,0.968224,0.995643,0.001945,24,0.001961,24,0.560547,24,99.5,24,,0,0.104011,24
26,36,24,False,native,24,0.975148,0.965635,0.982723,0.017088,0.971818,0.95529,0.986807,0.937841,0.991473,24,0.987417,0.982516,0.991286,0.00877,0.985655,0.977133,0.993359,0.967924,0.995718,0.001911,24,0.001915,24,0.546875,24,104.5,24,,0,0.10398,24
26,37,24,False,native,24,0.972952,0.96658,0.98287,0.01629,0.97197,0.957043,0.985384,0.938547,0.992069,24,0.986291,0.983004,0.991361,0.008357,0.985737,0.97805,0.992638,0.968299,0.996019,0.001896,24,0.001904,24,0.580078,24,105.0,24,,0,0.104047,24
26,38,24,False,native,24,0.972953,0.966291,0.981174,0.014882,0.971313,0.955203,0.984555,0.939677,0.992069,24,0.986291,0.982854,0.990497,0.007643,0.985402,0.977088,0.992218,0.9689,0.996019,0.001862,24,0.001854,24,0.568359,24,101.5,24,,0,0.104028,24
26,39,24,False,native,24,0.971858,0.966002,0.981579,0.015577,0.971011,0.955591,0.984467,0.937982,0.991771,24,0.985727,0.982704,0.990704,0.008,0.985242,0.977291,0.992172,0.967999,0.995868,0.00185,24,0.001846,24,0.597656,24,94.5,24,,0,0.104042,24
26,40,24,False,native,24,0.973611,0.963316,0.981542,0.018226,0.971037,0.954084,0.987281,0.939111,0.989687,24,0.986629,0.981314,0.990685,0.009371,0.985255,0.976502,0.9936,0.9686,0.994817,0.001801,24,0.001831,24,0.572266,24,100.0,24,0.999751,24,0.104138,24
26,41,24,False,native,24,0.972881,0.965384,0.981395,0.01601,0.971195,0.957072,0.988231,0.937982,0.989984,24,0.986253,0.982384,0.99061,0.008226,0.985336,0.978065,0.994081,0.967999,0.994967,0.001831,24,0.001823,24,0.595703,24,93.0,24,,0,0.104151,24
26,42,24,False,native,24,0.973905,0.9656,0.980253,0.014653,0.971446,0.958453,0.987073,0.936995,0.991175,24,0.986779,0.982497,0.990028,0.007531,0.985467,0.978786,0.993495,0.967473,0.995568,0.001762,24,0.00182,24,0.580078,24,94.5,24,,0,0.104244,24
26,43,24,False,native,24,0.97186,0.962592,0.97948,0.016888,0.970489,0.957719,0.988453,0.937418,0.989538,24,0.985727,0.980938,0.989633,0.008695,0.984973,0.978403,0.994193,0.967698,0.994742,0.001778,24,0.001774,24,0.607422,24,97.0,24,,0,0.104384,24
26,44,24,False,native,24,0.973319,0.960242,0.981026,0.020784,0.970598,0.956698,0.989449,0.938264,0.990133,24,0.986478,0.979718,0.990422,0.010705,0.985026,0.97787,0.994697,0.968149,0.995042,0.001728,24,0.001778,24,0.591797,24,99.5,24,,0,0.104573,24
26,45,24,False,native,24,0.97361,0.961072,0.981137,0.020065,0.970426,0.959131,0.988706,0.934321,0.989092,24,0.986629,0.980149,0.990479,0.010329,0.984935,0.979139,0.994321,0.966046,0.994516,0.001637,24,0.001774,24,0.574219,24,88.0,24,,0,0.104705,24
26,46,24,False,native,24,0.97471,0.959953,0.980253,0.0203,0.970427,0.958122,0.988379,0.934462,0.98939,24,0.987192,0.979567,0.990028,0.01046,0.984935,0.978613,0.994156,0.966121,0.994666,0.001652,24,0.001762,24,0.572266,24,90.0,24,,0,0.104938,24
26,47,24,False,native,24,0.975441,0.960749,0.978744,0.017995,0.970002,0.956726,0.986629,0.934462,0.990728,24,0.987568,0.97998,0.989258,0.009277,0.984716,0.977885,0.993269,0.966121,0.995343,0.001583,24,0.001701,24,0.554688,24,96.5,24,,0,0.105242,24
26,48,24,False,native,24,0.973391,0.962376,0.978854,0.016478,0.969877,0.95506,0.983136,0.934462,0.990877,24,0.986516,0.980826,0.989314,0.008489,0.984654,0.977013,0.991496,0.966121,0.995418,0.001534,24,0.001762,24,0.611328,24,89.5,24,,0,0.10555,24
26,49,24,False,native,24,0.97383,0.96542,0.978009,0.012589,0.969127,0.952221,0.981129,0.928996,0.990728,24,0.986741,0.982403,0.988882,0.006479,0.984262,0.975526,0.990475,0.963191,0.995343,0.001701,24,0.001598,24,0.582031,24,102.0,24,,0,0.105743,24
27,0,24,False,native,24,0.941586,0.934533,0.958764,0.024231,0.94623,0.926652,0.96891,0.921617,0.981395,24,0.969914,0.966158,0.978948,0.012789,0.972303,0.961929,0.98421,0.95921,0.99061,0.0,24,0.0,24,0.898438,24,173.0,24,0.999194,24,0.104474,24
27,1,24,False,native,24,0.951405,0.94102,0.962952,0.021931,0.951314,0.932139,0.968503,0.918294,0.979038,24,0.975098,0.969614,0.981126,0.011512,0.974985,0.964874,0.983999,0.957407,0.989408,0.0,24,0.0,24,0.826172,24,155.5,24,,0,0.105823,24
27,2,24,False,native,24,0.961252,0.951656,0.966213,0.014557,0.953319,0.941119,0.968561,0.870714,0.970397,24,0.980243,0.975229,0.982816,0.007587,0.975949,0.969666,0.984029,0.930889,0.984976,0.0,24,0.0,24,0.75,24,135.0,24,,0,0.105792,24
27,3,24,False,native,24,0.962844,0.949905,0.968612,0.018707,0.955626,0.944721,0.970455,0.896431,0.972002,24,0.98107,0.974309,0.984056,0.009747,0.977204,0.971575,0.985006,0.945388,0.985802,0.000595,24,0.001446,24,0.728516,24,124.0,24,,0,0.105388,24
27,4,24,False,native,24,0.964002,0.948442,0.968539,0.020097,0.955863,0.942437,0.971155,0.889165,0.97361,24,0.981671,0.973539,0.984018,0.010479,0.977311,0.970365,0.985367,0.941331,0.986629,0.001228,24,0.000603,24,0.705078,24,125.0,24,,0,0.105029,24
27,5,24,False,native,24,0.966685,0.947124,0.969012,0.021888,0.956364,0.940723,0.971506,0.897783,0.972879,24,0.98306,0.972844,0.984262,0.011418,0.977583,0.969456,0.985547,0.946139,0.986253,0.001396,24,0.001534,24,0.689453,24,120.0,24,,0,0.105028,24
27,6,24,False,native,24,0.964653,0.947732,0.971017,0.023285,0.956863,0.938464,0.97361,0.900357,0.974928,24,0.982009,0.973163,0.985295,0.012132,0.977843,0.968254,0.986629,0.947566,0.987305,0.000523,24,0.001579,24,0.703125,24,110.0,24,,0,0.104963,24
27,7,24,False,native,24,0.964364,0.946911,0.970105,0.023195,0.956863,0.937363,0.97228,0.906617,0.974049,24,0.981858,0.972731,0.984826,0.012094,0.977861,0.967668,0.985945,0.951022,0.986854,0.001434,24,0.001415,24,0.724609,24,119.5,24,,0,0.105007,24
27,8,24,False,native,24,0.966032,0.946199,0.969049,0.02285,0.957312,0.934701,0.973274,0.909489,0.975514,24,0.982722,0.972356,0.984281,0.011925,0.978102,0.966248,0.986456,0.952599,0.987605,0.00148,24,0.001423,24,0.707031,24,116.5,24,,0,0.105088,24
27,9,24,False,native,24,0.966032,0.946163,0.968976,0.022813,0.95729,0.931333,0.97345,0.915947,0.975367,24,0.982722,0.972337,0.984244,0.011907,0.978096,0.964446,0.986546,0.95613,0.98753,0.001358,24,0.001663,24,0.714844,24,120.5,24,,0,0.105155,24
27,10,24,False,native,24,0.966322,0.946768,0.969413,0.022645,0.957896,0.929038,0.974708,0.917603,0.978009,24,0.982873,0.972656,0.984469,0.011813,0.978409,0.963214,0.987192,0.957031,0.988882,0.001358,24,0.00164,24,0.695312,24,118.0,24,0.999631,24,0.10521,24
27,11,24,False,native,24,0.965451,0.948157,0.969487,0.02133,0.958648,0.929192,0.9761,0.919815,0.97948,24,0.982422,0.973389,0.984506,0.011118,0.978804,0.963296,0.987906,0.958233,0.989633,0.001774,24,0.001743,24,0.693359,24,119.0,24,,0,0.105151,24
27,12,24,False,native,24,0.966249,0.949765,0.96894,0.019176,0.959007,0.92693,0.975089,0.921617,0.982575,24,0.982835,0.974234,0.984225,0.009991,0.978988,0.962079,0.987387,0.95921,0.991211,0.001846,24,0.001751,24,0.689453,24,123.5,24,,0,0.10512,24
27,13,24,False,native,24,0.964581,0.948657,0.969232,0.020575,0.958815,0.926985,0.975572,0.924812,0.98228,24,0.981971,0.973652,0.984375,0.010723,0.978894,0.962109,0.987635,0.960938,0.991061,0.001919,24,0.001839,24,0.699219,24,113.0,24,,0,0.105132,24
27,14,24,False,native,24,0.965741,0.950548,0.970397,0.019849,0.959083,0.928173,0.973478,0.92523,0.98228,24,0.982572,0.974647,0.984976,0.010329,0.979038,0.962748,0.986561,0.961163,0.991061,0.001945,24,0.001774,24,0.710938,24,121.5,24,,0,0.10508,24
27,15,24,False,native,24,0.965379,0.951372,0.971747,0.020375,0.959591,0.930802,0.975338,0.925926,0.98169,24,0.982384,0.975079,0.985671,0.010592,0.979308,0.96416,0.987515,0.961538,0.99076,0.001724,24,0.00177,24,0.699219,24,117.5,24,,0,0.105153,24
27,16,24,False,native,24,0.965524,0.950157,0.971345,0.021188,0.960059,0.93209,0.976218,0.926762,0.984792,24,0.982459,0.97444,0.985464,0.011024,0.979552,0.964851,0.987966,0.961989,0.992338,0.001762,24,0.001984,24,0.703125,24,117.5,24,,0,0.105101,24
27,17,24,False,native,24,0.965234,0.951156,0.970032,0.018876,0.960451,0.933354,0.976658,0.930394,0.985088,24,0.982309,0.974966,0.984788,0.009822,0.979761,0.965527,0.988191,0.963942,0.992488,0.001797,24,0.001827,24,0.705078,24,114.5,24,,0,0.105115,24
27,18,24,False,native,24,0.964726,0.951764,0.971382,0.019618,0.96067,0.935587,0.975646,0.930954,0.986569,24,0.982046,0.975285,0.985483,0.010198,0.979877,0.966722,0.987673,0.964243,0.993239,0.001717,24,0.001736,24,0.691406,24,117.5,24,,0,0.105067,24
27,19,24,False,native,24,0.964581,0.952515,0.972112,0.019597,0.961246,0.936263,0.977745,0.932216,0.987162,24,0.981971,0.97568,0.985859,0.010179,0.980178,0.967082,0.988747,0.964919,0.99354,0.001904,24,0.001999,24,0.693359,24,121.5,24,,0,0.105049,24
27,20,24,False,native,24,0.964798,0.952049,0.970908,0.018859,0.961018,0.935728,0.977701,0.932216,0.984496,24,0.982084,0.975436,0.985239,0.009803,0.980062,0.966797,0.988724,0.964919,0.992188,0.002037,24,0.001919,24,0.708984,24,118.0,24,0.999619,24,0.10508,24
27,21,24,False,native,24,0.964653,0.951942,0.973245,0.021302,0.961813,0.938208,0.979392,0.933338,0.987162,24,0.982009,0.975379,0.986441,0.011061,0.980472,0.968119,0.989588,0.96552,0.99354,0.001705,24,0.001938,24,0.708984,24,115.0,24,,0,0.105034,24
27,22,24,False,native,24,0.965524,0.951012,0.973062,0.022049,0.961829,0.936742,0.978965,0.934181,0.988053,24,0.982459,0.974891,0.986347,0.011456,0.980481,0.967338,0.98937,0.965971,0.99399,0.001846,24,0.001644,24,0.707031,24,111.0,24,,0,0.104995,24
27,23,24,False,native,24,0.965814,0.951405,0.973647,0.022241,0.962033,0.937813,0.979879,0.936009,0.988498,24,0.98261,0.975098,0.986647,0.01155,0.980588,0.967909,0.989836,0.966947,0.994216,0.001976,24,0.001991,24,0.699219,24,117.5,24,,0,0.104998,24
27,24,24,False,native,24,0.965452,0.949405,0.972989,0.023584,0.96176,0.939083,0.977921,0.937841,0.988201,24,0.982422,0.974046,0.986309,0.012263,0.980447,0.968585,0.988837,0.967924,0.994066,0.001888,24,0.001869,24,0.705078,24,118.5,24,,0,0.104969,24
27,25,24,False,native,24,0.965453,0.94748,0.974159,0.026679,0.96151,0.939847,0.975572,0.938406,0.989836,24,0.982422,0.973032,0.98691,0.013878,0.980315,0.96899,0.987635,0.968224,0.994892,0.001823,24,0.001873,24,0.712891,24,115.5,24,,0,0.10495,24
27,26,24,False,native,24,0.9648,0.94595,0.974708,0.028758,0.961276,0.9402,0.97679,0.938829,0.986866,24,0.982084,0.972224,0.987192,0.014968,0.980193,0.969178,0.988259,0.96845,0.993389,0.001961,24,0.001698,24,0.712891,24,116.5,24,,0,0.104896,24
27,27,24,False,native,24,0.964509,0.947197,0.974708,0.027511,0.96153,0.941544,0.977554,0.939253,0.989538,24,0.981934,0.972882,0.987192,0.01431,0.980325,0.969892,0.988649,0.968675,0.994742,0.00161,24,0.001911,24,0.728516,24,117.0,24,,0,0.104882,24
27,28,24,False,native,24,0.964726,0.947339,0.975514,0.028175,0.961845,0.940893,0.977554,0.938829,0.990133,24,0.982046,0.972957,0.987605,0.014648,0.980488,0.969546,0.988649,0.96845,0.995042,0.001968,24,0.001625,24,0.722656,24,118.5,24,,0,0.104822,24
27,29,24,False,native,24,0.966177,0.946983,0.976174,0.029191,0.962454,0.941502,0.978171,0.939111,0.989538,24,0.982797,0.972769,0.987943,0.015174,0.980804,0.969869,0.988965,0.9686,0.994742,0.001968,24,0.001961,24,0.699219,24,110.0,24,,0,0.104704,24
27,30,24,False,native,24,0.966249,0.945561,0.975697,0.030136,0.961699,0.939677,0.977935,0.938264,0.991175,24,0.982835,0.972018,0.987699,0.015681,0.980406,0.9689,0.988845,0.968149,0.995568,0.001839,24,0.001911,24,0.701172,24,117.5,24,0.999624,24,0.104655,24
27,31,24,False,native,24,0.965016,0.946556,0.975697,0.029141,0.961661,0.938519,0.980924,0.937277,0.989538,24,0.982197,0.972544,0.987699,0.015155,0.980384,0.968284,0.99037,0.967623,0.994742,0.002014,24,0.001961,24,0.705078,24,112.5,24,,0,0.10459,24
27,32,24,False,native,24,0.964364,0.947125,0.976174,0.029049,0.961219,0.937404,0.978024,0.935728,0.989241,24,0.981858,0.972844,0.987943,0.015099,0.980156,0.967691,0.98889,0.966797,0.994591,0.001907,24,0.001865,24,0.705078,24,116.0,24,,0,0.104487,24
27,33,24,False,native,24,0.964219,0.946199,0.97643,0.030231,0.961214,0.936291,0.979009,0.935165,0.989984,24,0.981783,0.972356,0.988075,0.015719,0.980149,0.967097,0.989393,0.966496,0.994967,0.001884,24,0.001648,24,0.730469,24,118.0,24,,0,0.104413,24
27,34,24,False,native,24,0.963929,0.946341,0.977164,0.030823,0.961703,0.939338,0.978832,0.934603,0.991026,24,0.981633,0.972431,0.98845,0.016019,0.980406,0.96872,0.989303,0.966196,0.995493,0.001793,24,0.001915,24,0.714844,24,114.0,24,,0,0.104319,24
27,35,24,False,native,24,0.961758,0.947836,0.976247,0.028411,0.961235,0.939013,0.97845,0.933759,0.988498,24,0.980506,0.97322,0.987981,0.014761,0.980165,0.968547,0.989108,0.965745,0.994216,0.001804,24,0.00182,24,0.71875,24,114.5,24,,0,0.104217,24
27,36,24,False,native,24,0.962336,0.948727,0.976467,0.02774,0.961752,0.93938,0.979127,0.931935,0.98835,24,0.980807,0.973689,0.988093,0.014404,0.980434,0.968742,0.989453,0.964769,0.994141,0.001881,24,0.001583,24,0.71875,24,117.0,24,,0,0.104147,24
27,37,24,False,native,24,0.965016,0.949619,0.977274,0.027655,0.962386,0.942365,0.978935,0.932636,0.988201,24,0.982197,0.974159,0.988507,0.014348,0.980766,0.970328,0.989355,0.965144,0.994066,0.00172,24,0.002045,24,0.705078,24,113.5,24,,0,0.104114,24
27,38,24,False,native,24,0.962553,0.951085,0.976467,0.025383,0.962478,0.942763,0.979127,0.932917,0.989092,24,0.980919,0.974929,0.988093,0.013165,0.980816,0.970538,0.989453,0.965294,0.994516,0.001823,24,0.000751,24,0.728516,24,125.0,24,,0,0.104003,24
27,39,24,False,native,24,0.963856,0.953126,0.976687,0.023561,0.962701,0.942607,0.9797,0.932216,0.990133,24,0.981596,0.975999,0.988206,0.012207,0.980932,0.970455,0.989746,0.964919,0.995042,0.001751,24,0.001793,24,0.736328,24,117.5,24,,0,0.103907,24
27,40,24,False,native,24,0.962698,0.953195,0.97643,0.023235,0.96296,0.942537,0.981677,0.933198,0.98939,24,0.980995,0.976037,0.988075,0.012038,0.981067,0.970418,0.990753,0.965445,0.994666,0.001656,24,0.001713,24,0.728516,24,116.0,24,0.999641,24,0.10384,24
27,41,24,False,native,24,0.963784,0.954129,0.978009,0.02388,0.963378,0.944138,0.981011,0.929136,0.990282,24,0.981558,0.976525,0.988882,0.012357,0.981276,0.971267,0.990415,0.963266,0.995117,0.001717,24,0.001678,24,0.714844,24,116.0,24,,0,0.103777,24
27,42,24,False,native,24,0.962988,0.954239,0.97621,0.021972,0.963216,0.944125,0.980496,0.930254,0.990133,24,0.981145,0.976581,0.987962,0.011381,0.981198,0.971259,0.990152,0.963867,0.995042,0.001583,24,0.001675,24,0.732422,24,119.0,24,,0,0.103661,24
27,43,24,False,native,24,0.963567,0.956072,0.977459,0.021387,0.96363,0.946569,0.980658,0.929555,0.989687,24,0.981445,0.977539,0.988601,0.011061,0.981411,0.972551,0.990234,0.963492,0.994817,0.001869,24,0.00174,24,0.712891,24,109.5,24,,0,0.103565,24
27,44,24,False,native,24,0.962699,0.957296,0.977752,0.020456,0.963591,0.948307,0.978744,0.928577,0.989984,24,0.980995,0.978178,0.988751,0.010573,0.981392,0.973468,0.989258,0.962966,0.994967,0.001759,24,0.001751,24,0.716797,24,106.5,24,,0,0.103528,24
27,45,24,False,native,24,0.964001,0.956896,0.976431,0.019535,0.963606,0.949791,0.980584,0.926065,0.989538,24,0.981671,0.977971,0.988075,0.010104,0.981398,0.974249,0.990197,0.961614,0.994742,0.002056,24,0.001801,24,0.722656,24,112.0,24,,0,0.103468,24
27,46,24,False,native,24,0.963132,0.953589,0.976284,0.022695,0.962935,0.94922,0.980555,0.927599,0.98939,24,0.98122,0.976243,0.988,0.011756,0.981054,0.973948,0.990182,0.96244,0.994666,0.001713,24,0.001789,24,0.728516,24,112.5,24,,0,0.103321,24
27,47,24,False,native,24,0.960819,0.95549,0.975002,0.019512,0.962591,0.949163,0.979833,0.930954,0.985532,24,0.980018,0.977239,0.987342,0.010104,0.980885,0.973918,0.989814,0.964243,0.992713,0.001823,24,0.00156,24,0.744141,24,113.5,24,,0,0.103043,24
27,48,24,False,native,24,0.960892,0.951871,0.975734,0.023863,0.961454,0.949619,0.979068,0.928018,0.983018,24,0.980056,0.975342,0.987718,0.012376,0.98029,0.974159,0.989423,0.962665,0.991436,0.001743,24,0.00172,24,0.761719,24,112.5,24,,0,0.102593,24
27,49,24,False,native,24,0.960171,0.953195,0.974525,0.02133,0.960269,0.947623,0.977289,0.926623,0.979038,24,0.97968,0.976037,0.987098,0.011061,0.979677,0.973107,0.988514,0.961914,0.989408,0.001648,24,0.001553,24,0.753906,24,104.5,24,,0,0.101892,24
28,0,24,False,native,24,0.932568,0.902326,0.944637,0.042311,0.923038,0.891151,0.952608,0.851847,0.967921,24,0.965107,0.948655,0.971529,0.022874,0.959726,0.942443,0.975729,0.919997,0.983699,0.0,24,0.0,24,0.923828,24,149.0,24,0.998918,24,0.100831,24
28,1,24,False,native,24,0.926623,0.907915,0.938379,0.030464,0.918286,0.850663,0.964581,0.834367,0.97244,24,0.961914,0.951735,0.968205,0.01647,0.956981,0.919306,0.981971,0.909706,0.986028,0.0,24,0.000736,24,0.916016,24,134.0,24,,0,0.097769,24
28,2,24,False,native,24,0.929136,0.914156,0.939326,0.02517,0.922759,0.854196,0.968272,0.844278,0.972879,24,0.963266,0.955153,0.968712,0.013559,0.959454,0.921364,0.983879,0.915565,0.986253,0.000618,24,0.001171,24,0.927734,24,124.5,24,,0,0.099073,24
28,3,24,False,native,24,0.930045,0.919991,0.942692,0.022701,0.926323,0.878594,0.968868,0.851976,0.973756,24,0.963755,0.958327,0.970497,0.012169,0.961454,0.935374,0.984187,0.920072,0.986704,0.00127,24,0.00132,24,0.929688,24,123.0,24,,0,0.0981,24
28,4,24,False,native,24,0.929206,0.920266,0.940565,0.020298,0.926672,0.887732,0.968415,0.854297,0.97098,24,0.963304,0.958477,0.96937,0.010892,0.961682,0.940527,0.983954,0.921424,0.985276,0.001465,24,0.001202,24,0.921875,24,123.5,24,,0,0.098524,24
28,5,24,False,native,24,0.927321,0.919954,0.939961,0.020007,0.927341,0.89503,0.970484,0.855331,0.973464,24,0.96229,0.958308,0.96905,0.010742,0.962055,0.944606,0.985021,0.922025,0.986553,0.0,24,0.001347,24,0.935547,24,125.0,24,,0,0.098487,24
28,6,24,False,native,24,0.926832,0.921792,0.942755,0.020963,0.928426,0.89968,0.969464,0.855848,0.972733,24,0.962027,0.959304,0.970534,0.01123,0.96265,0.947191,0.984495,0.922326,0.986178,0.00132,24,0.001297,24,0.923828,24,123.0,24,,0,0.098557,24
28,7,24,False,native,24,0.926971,0.921686,0.941905,0.020219,0.929189,0.907562,0.967688,0.857402,0.972002,24,0.962102,0.959247,0.970083,0.010836,0.963082,0.95154,0.983579,0.923227,0.985802,0.001438,24,0.001373,24,0.912109,24,113.5,24,,0,0.098683,24
28,8,24,False,native,24,0.930539,0.920612,0.943252,0.02264,0.930887,0.918004,0.969916,0.861558,0.97098,24,0.964017,0.958665,0.970797,0.012132,0.964002,0.957249,0.984728,0.925631,0.985276,0.001541,24,0.001617,24,0.904297,24,120.0,24,,0,0.098742,24
28,9,24,False,native,24,0.9318,0.922311,0.944316,0.022005,0.931646,0.917604,0.969537,0.857661,0.97098,24,0.964694,0.959585,0.97136,0.011775,0.964406,0.957031,0.984533,0.923377,0.985276,0.001354,24,0.000751,24,0.896484,24,120.5,24,,0,0.098802,24
28,10,24,False,native,24,0.931585,0.923665,0.946626,0.022961,0.931923,0.91744,0.966846,0.858309,0.969668,24,0.964581,0.960318,0.972581,0.012263,0.964559,0.956941,0.983143,0.923753,0.9846,0.001377,24,0.001556,24,0.910156,24,115.0,24,0.998849,24,0.098843,24
28,11,24,False,native,24,0.931305,0.925196,0.946768,0.021572,0.932171,0.912878,0.967121,0.85818,0.97171,24,0.964431,0.961144,0.972656,0.011512,0.964684,0.954455,0.983286,0.923678,0.985652,0.001499,24,0.001526,24,0.886719,24,119.0,24,,0,0.098831,24
28,12,24,False,native,24,0.9339,0.924117,0.949369,0.025253,0.932656,0.914432,0.966032,0.85818,0.96763,24,0.96582,0.960562,0.974027,0.013465,0.964944,0.955303,0.982722,0.923678,0.983549,0.00153,24,0.001404,24,0.898438,24,122.0,24,,0,0.098889,24
28,13,24,False,native,24,0.933619,0.922762,0.950833,0.028072,0.933464,0.912672,0.966845,0.860907,0.967921,24,0.96567,0.959829,0.974797,0.014968,0.965376,0.954342,0.983143,0.925255,0.983699,0.001457,24,0.001408,24,0.900391,24,114.5,24,,0,0.098919,24
28,14,24,False,native,24,0.935519,0.922658,0.952586,0.029929,0.933999,0.915175,0.967209,0.856625,0.968212,24,0.966684,0.959773,0.975717,0.015944,0.965645,0.955709,0.983331,0.922776,0.983849,0.001465,24,0.001526,24,0.908203,24,114.5,24,,0,0.098948,24
28,15,24,False,native,24,0.938416,0.922935,0.953661,0.030725,0.934747,0.914102,0.966163,0.858569,0.968357,24,0.968224,0.959923,0.976281,0.016357,0.966046,0.955123,0.98279,0.923903,0.983924,0.001465,24,0.001526,24,0.878906,24,116.5,24,,0,0.09903,24
28,16,24,False,native,24,0.939689,0.922797,0.954019,0.031223,0.934577,0.915961,0.965132,0.855072,0.966177,24,0.9689,0.959848,0.976469,0.01662,0.965949,0.956137,0.982257,0.921875,0.982797,0.001572,24,0.001522,24,0.873047,24,114.0,24,,0,0.099166,24
28,17,24,False,native,24,0.940824,0.92377,0.956353,0.032583,0.935729,0.915012,0.964682,0.857402,0.966032,24,0.969501,0.960374,0.977689,0.017315,0.966562,0.955619,0.982024,0.923227,0.982722,0.001572,24,0.00153,24,0.867188,24,114.5,24,,0,0.099304,24
28,18,24,False,native,24,0.941107,0.924012,0.958079,0.034067,0.936613,0.916268,0.965451,0.857143,0.967339,24,0.969651,0.960506,0.978591,0.018085,0.967032,0.956303,0.982422,0.923077,0.983398,0.001507,24,0.001419,24,0.849609,24,123.5,24,,0,0.099514,24
28,19,24,False,native,24,0.941739,0.925369,0.962228,0.036859,0.938056,0.921631,0.965132,0.858699,0.966467,24,0.969989,0.961238,0.98075,0.019512,0.967802,0.959217,0.982257,0.923978,0.982948,0.001469,24,0.001461,24,0.869141,24,122.0,24,,0,0.099781,24
28,20,24,False,native,24,0.943242,0.926205,0.961577,0.035372,0.938311,0.920453,0.964175,0.853781,0.969522,24,0.970778,0.961689,0.980412,0.018724,0.967921,0.958579,0.981761,0.921124,0.984525,0.001553,24,0.001537,24,0.853516,24,115.5,24,0.998939,24,0.099938,24
28,21,24,False,native,24,0.94416,0.927111,0.962336,0.035225,0.938817,0.921755,0.963885,0.855072,0.967921,24,0.971267,0.962177,0.980807,0.01863,0.968196,0.959285,0.981611,0.921875,0.983699,0.001499,24,0.00145,24,0.849609,24,123.0,24,,0,0.100159,24
28,22,24,False,native,24,0.944656,0.927913,0.961867,0.033953,0.938979,0.922199,0.964161,0.856495,0.967484,24,0.971529,0.962609,0.980563,0.017954,0.96829,0.959525,0.981753,0.922701,0.983474,0.001465,24,0.001038,24,0.849609,24,125.0,24,,0,0.1004,24
28,23,24,False,native,24,0.947233,0.928053,0.963241,0.035188,0.939919,0.923991,0.964842,0.854297,0.966467,24,0.972882,0.962684,0.981276,0.018592,0.968778,0.960494,0.982106,0.921424,0.982948,0.001392,24,0.001488,24,0.833984,24,119.0,24,,0,0.100554,24
28,24,24,False,native,24,0.949869,0.927356,0.963965,0.036609,0.940523,0.923866,0.96532,0.85391,0.966177,24,0.974271,0.962308,0.981652,0.019343,0.969094,0.960427,0.982354,0.921199,0.982797,0.001476,24,0.001518,24,0.832031,24,119.5,24,,0,0.100654,24
28,25,24,False,native,24,0.950389,0.928858,0.962952,0.034095,0.941568,0.922727,0.968299,0.85546,0.969522,24,0.974534,0.963116,0.981126,0.01801,0.969639,0.959811,0.983894,0.9221,0.984525,0.001526,24,0.001537,24,0.810547,24,117.0,24,,0,0.100707,24
28,26,24,False,native,24,0.949866,0.930185,0.965161,0.034975,0.942181,0.925369,0.967194,0.854814,0.969668,24,0.974271,0.96383,0.982272,0.018442,0.969964,0.961238,0.983323,0.921725,0.9846,0.001507,24,0.001503,24,0.851562,24,121.5,24,,0,0.100773,24
28,27,24,False,native,24,0.950594,0.930676,0.965487,0.034812,0.942859,0.92679,0.967674,0.854039,0.973903,24,0.974647,0.964093,0.982441,0.018348,0.970318,0.962004,0.983571,0.921274,0.986779,0.001499,24,0.001465,24,0.818359,24,122.5,24,,0,0.100717,24
28,28,24,False,native,24,0.951167,0.929485,0.964726,0.035241,0.943043,0.927781,0.966714,0.855978,0.970834,24,0.974947,0.963454,0.982046,0.018592,0.970428,0.962538,0.983075,0.922401,0.985201,0.001331,24,0.001495,24,0.806641,24,122.0,24,,0,0.100734,24
28,29,24,False,native,24,0.950649,0.929415,0.965125,0.035709,0.943233,0.928493,0.96779,0.853265,0.972879,24,0.974684,0.963416,0.982253,0.018836,0.970518,0.962921,0.983631,0.920823,0.986253,0.001499,24,0.001518,24,0.820312,24,119.0,24,,0,0.100723,24
28,30,24,False,native,24,0.951091,0.93099,0.964871,0.033881,0.943346,0.92792,0.967005,0.852878,0.97566,24,0.97491,0.964262,0.982121,0.01786,0.970572,0.962613,0.983226,0.920598,0.98768,0.00148,24,0.001617,24,0.820312,24,119.5,24,0.999068,24,0.100703,24
28,31,24,False,native,24,0.95014,0.930885,0.964728,0.033843,0.943342,0.927404,0.969289,0.854814,0.972733,24,0.974422,0.964205,0.982046,0.017841,0.970581,0.962335,0.984405,0.921725,0.986178,0.001492,24,0.001534,24,0.833984,24,120.0,24,,0,0.100706,24
28,32,24,False,native,24,0.952,0.931795,0.965778,0.033983,0.943848,0.927543,0.970032,0.853523,0.974635,24,0.975398,0.964694,0.982591,0.017897,0.970838,0.96241,0.984788,0.920974,0.987154,0.00153,24,0.001556,24,0.806641,24,115.0,24,,0,0.100679,24
28,33,24,False,native,24,0.95228,0.931025,0.966141,0.035117,0.944167,0.929108,0.971564,0.853265,0.975954,24,0.975548,0.96428,0.982779,0.018498,0.971004,0.963251,0.985577,0.920823,0.987831,0.001556,24,0.001579,24,0.8125,24,117.0,24,,0,0.100615,24
28,34,24,False,native,24,0.952205,0.930744,0.967485,0.036741,0.943989,0.928227,0.970309,0.853265,0.975954,24,0.975511,0.96413,0.983474,0.019343,0.970903,0.962778,0.984931,0.920823,0.987831,0.001518,24,0.001511,24,0.824219,24,119.0,24,,0,0.100611,24
28,35,24,False,native,24,0.952413,0.930395,0.965741,0.035347,0.943789,0.928199,0.971448,0.850688,0.97566,24,0.975623,0.963942,0.982572,0.01863,0.970797,0.962763,0.985517,0.919321,0.98768,0.001686,24,0.001617,24,0.84375,24,110.5,24,,0,0.100564,24
28,36,24,False,native,24,0.953127,0.931657,0.966687,0.035031,0.944165,0.927097,0.972426,0.851718,0.976981,24,0.975999,0.964618,0.98306,0.018442,0.970991,0.962169,0.98602,0.919922,0.988356,0.001595,24,0.001629,24,0.830078,24,118.5,24,,0,0.100558,24
28,37,24,False,native,24,0.952909,0.932148,0.967849,0.035701,0.944279,0.926358,0.972324,0.852233,0.976247,24,0.975886,0.964881,0.983661,0.01878,0.971051,0.961771,0.985968,0.920222,0.987981,0.001617,24,0.001442,24,0.826172,24,125.0,24,,0,0.1005,24
28,38,24,False,native,24,0.952622,0.933694,0.967631,0.033937,0.944633,0.925508,0.973478,0.853007,0.975514,24,0.975736,0.965708,0.983549,0.017841,0.971241,0.961313,0.986561,0.920673,0.987605,0.001831,24,0.00164,24,0.839844,24,118.5,24,,0,0.100517,24
28,39,24,False,native,24,0.953554,0.93443,0.967412,0.032982,0.944543,0.92509,0.972791,0.854556,0.974049,24,0.976224,0.966102,0.983436,0.017334,0.971204,0.961088,0.986208,0.921575,0.986854,0.001713,24,0.001568,24,0.835938,24,119.0,24,,0,0.10061,24
28,40,24,False,native,24,0.954058,0.933586,0.965669,0.032083,0.944015,0.923214,0.97566,0.849788,0.977128,24,0.976487,0.965651,0.982535,0.016883,0.9709,0.960074,0.98768,0.918795,0.988431,0.001667,24,0.001652,24,0.835938,24,114.5,24,0.99939,24,0.100728,24
28,41,24,False,native,24,0.953411,0.933235,0.964474,0.031239,0.943697,0.92091,0.975632,0.849917,0.978156,24,0.976149,0.965463,0.981915,0.016451,0.970728,0.958827,0.987665,0.91887,0.988957,0.001625,24,0.001621,24,0.841797,24,116.0,24,,0,0.100875,24
28,42,24,False,native,24,0.95255,0.933516,0.967049,0.033533,0.943464,0.917686,0.975001,0.851332,0.976687,24,0.975699,0.965614,0.983248,0.017634,0.970615,0.957076,0.987342,0.919697,0.988206,0.001556,24,0.001743,24,0.855469,24,115.0,24,,0,0.101054,24
28,43,24,False,native,24,0.953768,0.934287,0.966358,0.032071,0.943723,0.917727,0.977158,0.853394,0.97845,24,0.976337,0.966027,0.982891,0.016864,0.970753,0.957099,0.988447,0.920898,0.989108,0.001656,24,0.001755,24,0.837891,24,119.0,24,,0,0.10116,24
28,44,24,False,native,24,0.953482,0.934112,0.966068,0.031956,0.943571,0.917548,0.976379,0.851976,0.977128,24,0.976187,0.965933,0.982741,0.016808,0.970675,0.957001,0.988048,0.920072,0.988431,0.00164,24,0.001705,24,0.824219,24,115.0,24,,0,0.101376,24
28,45,24,False,native,24,0.954701,0.933623,0.965669,0.032046,0.944223,0.916292,0.97613,0.854168,0.979038,24,0.976825,0.96567,0.982535,0.016864,0.971019,0.956318,0.987921,0.921349,0.989408,0.001823,24,0.001709,24,0.810547,24,115.0,24,,0,0.101617,24
28,46,24,False,native,24,0.954342,0.934148,0.964255,0.030107,0.943911,0.917548,0.975602,0.854297,0.979038,24,0.976638,0.965952,0.981802,0.01585,0.970856,0.957001,0.98765,0.921424,0.989408,0.001675,24,0.001801,24,0.826172,24,118.0,24,,0,0.10175,24
28,47,24,False,native,24,0.954055,0.934322,0.965161,0.030839,0.944551,0.91603,0.973713,0.859867,0.97948,24,0.976487,0.966046,0.982272,0.016226,0.971213,0.956175,0.986681,0.924654,0.989633,0.001659,24,0.001827,24,0.84375,24,109.0,24,,0,0.101848,24
28,48,24,False,native,24,0.955634,0.934251,0.965342,0.031091,0.945609,0.91828,0.973274,0.8626,0.980216,24,0.977314,0.966008,0.982366,0.016357,0.971786,0.957399,0.986456,0.926232,0.990009,0.001671,24,0.001762,24,0.818359,24,120.5,24,,0,0.101646,24
28,49,24,False,native,24,0.955852,0.939641,0.965417,0.025776,0.94771,0.92145,0.971418,0.86691,0.98051,24,0.977426,0.968881,0.982403,0.013522,0.972922,0.95912,0.985502,0.928711,0.990159,0.001488,24,0.001537,24,0.826172,24,116.5,24,,0,0.10078,24
29,0,24,False,native,24,0.948835,0.930725,0.958908,0.028183,0.942491,0.914418,0.969487,0.880226,0.980363,24,0.973745,0.964111,0.979023,0.014911,0.970227,0.955296,0.984503,0.936298,0.990084,0.000942,24,0.00034,24,0.861328,24,123.5,24,0.9991,24,0.102022,24
29,1,24,False,native,24,0.951477,0.929712,0.962705,0.032993,0.945023,0.909927,0.975573,0.885419,0.976834,24,0.975135,0.963567,0.980995,0.017428,0.971558,0.95284,0.987635,0.939228,0.988281,0.0,24,0.000721,24,0.826172,24,128.0,24,,0,0.103873,24
29,2,24,False,native,24,0.95155,0.929905,0.961722,0.031817,0.94688,0.91788,0.977583,0.904162,0.979627,24,0.975173,0.963679,0.980488,0.016808,0.972587,0.957174,0.988664,0.949669,0.989709,0.000751,24,0.00164,24,0.832031,24,124.5,24,,0,0.104518,24
29,3,24,False,native,24,0.950619,0.936502,0.963353,0.026851,0.949626,0.930606,0.975412,0.908941,0.980952,24,0.974684,0.96721,0.981333,0.014123,0.974058,0.964055,0.987553,0.952299,0.990385,0.000782,24,0.001701,24,0.814453,24,109.5,24,,0,0.104718,24
29,4,24,False,native,24,0.949125,0.935484,0.963061,0.027577,0.94923,0.928493,0.977231,0.909763,0.979774,24,0.973896,0.966665,0.981182,0.014517,0.973849,0.962921,0.988484,0.952749,0.989784,0.001652,24,0.001656,24,0.833984,24,117.0,24,,0,0.104975,24
29,5,24,False,native,24,0.949557,0.933198,0.964547,0.031349,0.948593,0.927057,0.971652,0.907983,0.978303,24,0.974121,0.965445,0.981952,0.016508,0.973517,0.962147,0.985622,0.951773,0.989032,0.001968,24,0.002007,24,0.822266,24,116.5,24,,0,0.105068,24
29,6,24,False,native,24,0.947982,0.934146,0.965778,0.031632,0.948407,0.927252,0.971827,0.904707,0.977715,24,0.973295,0.965952,0.982591,0.016639,0.973414,0.962252,0.985712,0.94997,0.988732,0.001808,24,0.002037,24,0.833984,24,117.0,24,,0,0.105022,24
29,7,24,False,native,24,0.948121,0.936115,0.965669,0.029553,0.948501,0.92551,0.97231,0.905116,0.978156,24,0.97337,0.967003,0.982535,0.015531,0.973461,0.961313,0.98596,0.950195,0.988957,0.001831,24,0.000751,24,0.861328,24,119.5,24,,0,0.104996,24
29,8,24,False,native,24,0.949691,0.938018,0.965632,0.027615,0.948692,0.926151,0.970455,0.90389,0.978597,24,0.974196,0.968018,0.982516,0.014498,0.973564,0.961659,0.985006,0.949519,0.989183,0.000751,24,0.000717,24,0.84375,24,119.0,24,,0,0.104841,24
29,9,24,False,native,24,0.949482,0.937031,0.96498,0.027949,0.948469,0.926107,0.970997,0.90498,0.980216,24,0.974084,0.967492,0.982178,0.014686,0.973448,0.961636,0.985284,0.95012,0.990009,0.000748,24,0.001656,24,0.855469,24,114.5,24,,0,0.104767,24
29,10,24,False,native,24,0.950622,0.937738,0.966613,0.028875,0.948671,0.925216,0.970981,0.901171,0.980363,24,0.974684,0.967867,0.983023,0.015155,0.973542,0.961155,0.985276,0.948017,0.990084,0.001656,24,0.001667,24,0.841797,24,116.0,24,0.999251,24,0.104688,24
29,11,24,False,native,24,0.951634,0.936398,0.965743,0.029345,0.949297,0.926219,0.970864,0.904162,0.979332,24,0.97521,0.967154,0.982572,0.015418,0.973874,0.961696,0.985216,0.949669,0.989558,0.001648,24,0.001438,24,0.802734,24,114.5,24,,0,0.104611,24
29,12,24,False,native,24,0.951204,0.936714,0.966722,0.030007,0.94919,0.924437,0.969828,0.902258,0.981247,24,0.974985,0.967323,0.983079,0.015756,0.973814,0.960735,0.984683,0.948618,0.990535,0.001812,24,0.001823,24,0.820312,24,113.5,24,,0,0.104502,24
29,13,24,False,native,24,0.952559,0.936258,0.967848,0.03159,0.948939,0.922686,0.970528,0.903346,0.980216,24,0.975699,0.967079,0.983661,0.016583,0.973677,0.959788,0.985044,0.949219,0.990009,0.001797,24,0.001667,24,0.804688,24,116.0,24,,0,0.104346,24
29,14,24,False,native,24,0.954139,0.934358,0.967557,0.0332,0.948978,0.923186,0.969916,0.902666,0.981985,24,0.976525,0.966064,0.983511,0.017447,0.973692,0.960059,0.984728,0.948843,0.99091,0.001442,24,0.001709,24,0.804688,24,118.0,24,,0,0.104227,24
29,15,24,False,native,24,0.954278,0.934358,0.966504,0.032146,0.948751,0.924687,0.968881,0.902394,0.9811,24,0.9766,0.966064,0.982966,0.016902,0.973573,0.96087,0.984195,0.948693,0.99046,0.001514,24,0.00185,24,0.800781,24,112.5,24,,0,0.104047,24
29,16,24,False,native,24,0.954274,0.933479,0.967085,0.033606,0.949108,0.92555,0.969333,0.90321,0.98494,24,0.9766,0.965595,0.983267,0.017672,0.973761,0.961336,0.984428,0.949144,0.992413,0.001419,24,0.001785,24,0.824219,24,115.5,24,,0,0.103836,24
29,17,24,False,native,24,0.954703,0.932917,0.966867,0.03395,0.949848,0.930493,0.971083,0.903754,0.982427,24,0.976825,0.965294,0.983154,0.01786,0.974152,0.963995,0.985329,0.949444,0.991136,0.001942,24,0.001785,24,0.818359,24,112.5,24,,0,0.10358,24
29,18,24,False,native,24,0.954344,0.933198,0.96763,0.034432,0.949901,0.930716,0.969639,0.902122,0.982723,24,0.976638,0.965445,0.983549,0.018104,0.974181,0.964115,0.984585,0.948543,0.991286,0.001789,24,0.001762,24,0.791016,24,113.5,24,,0,0.103436,24
29,19,24,False,native,24,0.955349,0.933338,0.968357,0.035019,0.950722,0.930857,0.97136,0.903074,0.983609,24,0.977163,0.96552,0.983924,0.018404,0.974609,0.96419,0.985472,0.949069,0.991737,0.001732,24,0.001915,24,0.789062,24,112.5,24,,0,0.103113,24
29,20,24,False,native,24,0.955922,0.933233,0.970032,0.036799,0.951405,0.930801,0.973157,0.903754,0.98169,24,0.977464,0.965463,0.984788,0.019325,0.974966,0.96416,0.986396,0.949444,0.99076,0.001793,24,0.001839,24,0.792969,24,120.5,24,0.999337,24,0.102867,24
29,21,24,False,native,24,0.95413,0.93383,0.969085,0.035255,0.951171,0.929401,0.974972,0.904435,0.983905,24,0.976525,0.965783,0.9843,0.018517,0.974841,0.963409,0.987327,0.94982,0.991887,0.001774,24,0.001701,24,0.822266,24,112.5,24,,0,0.10261,24
29,22,24,False,native,24,0.956138,0.933514,0.97047,0.036956,0.952063,0.931599,0.975265,0.905662,0.983609,24,0.977577,0.965614,0.985014,0.0194,0.975314,0.964588,0.987477,0.950496,0.991737,0.00156,24,0.001667,24,0.798828,24,115.5,24,,0,0.102475,24
29,23,24,False,native,24,0.954557,0.934146,0.971017,0.036871,0.952508,0.931515,0.976394,0.905253,0.984348,24,0.97675,0.965952,0.985295,0.019343,0.975542,0.964543,0.988056,0.95027,0.992112,0.002075,24,0.00169,24,0.8125,24,109.5,24,,0,0.102305,24
29,24,24,False,native,24,0.95549,0.934673,0.972002,0.037329,0.953132,0.93216,0.978465,0.906207,0.9842,24,0.977239,0.966233,0.985802,0.019569,0.975871,0.964889,0.989115,0.950796,0.992037,0.001892,24,0.001514,24,0.791016,24,106.5,24,,0,0.102123,24
29,25,24,False,native,24,0.955131,0.93404,0.971528,0.037488,0.953298,0.932006,0.978715,0.906754,0.9842,24,0.977051,0.965895,0.985558,0.019663,0.975958,0.964806,0.989243,0.951097,0.992037,0.001656,24,0.001858,24,0.785156,24,114.0,24,,0,0.102013,24
29,26,24,False,native,24,0.956569,0.935446,0.97098,0.035534,0.953555,0.932707,0.980629,0.906207,0.984644,24,0.977802,0.966647,0.985276,0.01863,0.976093,0.965182,0.990219,0.950796,0.992263,0.001926,24,0.002037,24,0.779297,24,107.0,24,,0,0.101937,24
29,27,24,False,native,24,0.956499,0.935974,0.972221,0.036247,0.953949,0.932805,0.980452,0.90771,0.986421,24,0.977764,0.966928,0.985915,0.018987,0.976296,0.965234,0.990129,0.951623,0.993164,0.001896,24,0.001865,24,0.78125,24,103.5,24,,0,0.101826,24
29,28,24,False,native,24,0.95578,0.935904,0.972148,0.036244,0.954018,0.932468,0.980805,0.907573,0.986273,24,0.977389,0.966891,0.985877,0.018987,0.976334,0.965054,0.990309,0.951547,0.993089,0.001926,24,0.002045,24,0.787109,24,108.0,24,,0,0.101755,24
29,29,24,False,native,24,0.954132,0.937701,0.972587,0.034886,0.954397,0.933984,0.98107,0.907847,0.985828,24,0.976525,0.967849,0.986103,0.018254,0.976534,0.965865,0.990445,0.951698,0.992864,0.001892,24,0.001957,24,0.794922,24,103.0,24,,0,0.101639,24
29,30,24,False,native,24,0.954558,0.937774,0.972076,0.034302,0.954201,0.931991,0.983136,0.905798,0.987904,24,0.97675,0.967886,0.98584,0.017954,0.976422,0.964799,0.991496,0.950571,0.993915,0.001667,24,0.002037,24,0.804688,24,100.5,24,0.999343,24,0.10156,24
29,31,24,False,native,24,0.954417,0.938724,0.972587,0.033863,0.954544,0.932412,0.983151,0.904435,0.988201,24,0.976675,0.968393,0.986103,0.01771,0.976597,0.965024,0.991504,0.94982,0.994066,0.001869,24,0.001896,24,0.787109,24,99.0,24,,0,0.101444,24
29,32,24,False,native,24,0.952991,0.939076,0.974049,0.034973,0.954556,0.933465,0.983417,0.903754,0.98835,24,0.975924,0.968581,0.986854,0.018273,0.976609,0.965587,0.991639,0.949444,0.994141,0.001793,24,0.001991,24,0.777344,24,101.5,24,,0,0.101303,24
29,33,24,False,native,24,0.952354,0.9395,0.974745,0.035244,0.954593,0.93376,0.98494,0.90689,0.988053,24,0.975586,0.968806,0.987211,0.018404,0.976625,0.965745,0.992413,0.951172,0.99399,0.001755,24,0.001831,24,0.810547,24,98.0,24,,0,0.101179,24
29,34,24,False,native,24,0.950587,0.939429,0.973683,0.034254,0.954579,0.934013,0.98491,0.906344,0.987014,24,0.974647,0.968769,0.986666,0.017897,0.976616,0.96588,0.992398,0.950871,0.993465,0.0019,24,0.001808,24,0.818359,24,102.0,24,,0,0.100992,24
29,35,24,False,native,24,0.949299,0.93897,0.974305,0.035335,0.954166,0.934251,0.985044,0.907163,0.987311,24,0.973971,0.968525,0.986985,0.018461,0.976397,0.966008,0.992465,0.951322,0.993615,0.001781,24,0.001789,24,0.835938,24,100.0,24,,0,0.100846,24
29,36,24,False,native,24,0.948857,0.937947,0.974928,0.036981,0.953775,0.933408,0.985281,0.906207,0.987162,24,0.973745,0.96798,0.987305,0.019325,0.97619,0.965557,0.992586,0.950796,0.99354,0.001778,24,0.001797,24,0.832031,24,98.5,24,,0,0.100707,24
29,37,24,False,native,24,0.948512,0.936432,0.975331,0.038899,0.953385,0.932931,0.985902,0.90253,0.988201,24,0.973558,0.967172,0.987511,0.020339,0.975968,0.965302,0.992901,0.948768,0.994066,0.001728,24,0.001755,24,0.845703,24,99.0,24,,0,0.100477,24
29,38,24,False,native,24,0.949295,0.937066,0.975148,0.038082,0.953809,0.931235,0.985828,0.904162,0.987756,24,0.973971,0.967511,0.987417,0.019907,0.976193,0.964393,0.992864,0.949669,0.99384,0.001701,24,0.001698,24,0.824219,24,106.5,24,,0,0.10027,24
29,39,24,False,native,24,0.949428,0.936432,0.977091,0.040659,0.953628,0.931683,0.986258,0.905253,0.987756,24,0.974046,0.967172,0.988413,0.02124,0.976099,0.964633,0.993081,0.95027,0.99384,0.001991,24,0.001709,24,0.828125,24,103.5,24,,0,0.100109,24
29,40,24,False,native,24,0.949068,0.937278,0.977018,0.039739,0.954013,0.931613,0.985044,0.903754,0.987459,24,0.973858,0.967623,0.988375,0.020752,0.9763,0.964596,0.992465,0.949444,0.99369,0.00185,24,0.001713,24,0.820312,24,92.0,24,0.999297,24,0.099977,24
29,41,24,False,native,24,0.949202,0.937735,0.977568,0.039833,0.953969,0.928898,0.986243,0.902122,0.987311,24,0.973933,0.967867,0.988657,0.02079,0.976268,0.963139,0.993074,0.948543,0.993615,0.001648,24,0.001839,24,0.851562,24,95.5,24,,0,0.099797,24
29,42,24,False,native,24,0.948484,0.936786,0.978082,0.041297,0.953744,0.927237,0.985932,0.901443,0.988498,24,0.973558,0.96736,0.98892,0.021559,0.976143,0.962245,0.992916,0.948167,0.994216,0.001694,24,0.001633,24,0.859375,24,104.5,24,,0,0.099556,24
29,43,24,False,native,24,0.948917,0.936365,0.977899,0.041533,0.953635,0.923602,0.986525,0.904162,0.989241,24,0.973783,0.967135,0.988826,0.021691,0.97608,0.960284,0.993217,0.949669,0.994591,0.00156,24,0.001583,24,0.863281,24,98.5,24,,0,0.099319,24
29,44,24,False,native,24,0.951068,0.934608,0.978414,0.043807,0.954066,0.925438,0.985991,0.905389,0.988944,24,0.97491,0.966196,0.989089,0.022893,0.976306,0.961276,0.992946,0.950346,0.994441,0.001999,24,0.001846,24,0.839844,24,105.5,24,,0,0.099095,24
29,45,24,False,native,24,0.953284,0.932715,0.977348,0.044633,0.953555,0.922588,0.986036,0.904707,0.988647,24,0.976074,0.965182,0.988544,0.023362,0.976034,0.959736,0.992969,0.94997,0.994291,0.002022,24,0.001999,24,0.828125,24,103.5,24,,0,0.098897,24
29,46,24,False,native,24,0.953778,0.930535,0.979038,0.048504,0.953946,0.921007,0.985917,0.9099,0.987756,24,0.976337,0.964017,0.989408,0.025391,0.976246,0.958879,0.992909,0.952825,0.99384,0.002205,24,0.002106,24,0.824219,24,95.0,24,,0,0.098624,24
29,47,24,False,native,24,0.953357,0.928193,0.978267,0.050074,0.954233,0.920993,0.985029,0.916637,0.986717,24,0.976112,0.962759,0.989014,0.026255,0.976406,0.958872,0.992458,0.956505,0.993314,0.002113,24,0.001999,24,0.816406,24,97.5,24,,0,0.098322,24
29,48,24,False,native,24,0.953294,0.932081,0.978376,0.046295,0.95452,0.923769,0.983092,0.917465,0.987014,24,0.976074,0.964844,0.98907,0.024226,0.976566,0.960374,0.991474,0.956956,0.993465,0.00206,24,0.002075,24,0.820312,24,104.5,24,,0,0.097893,24
29,49,24,False,native,24,0.954216,0.938725,0.976834,0.038109,0.95659,0.933268,0.980127,0.923977,0.984496,24,0.976562,0.968393,0.988281,0.019888,0.977702,0.965482,0.989964,0.960487,0.992188,0.001976,24,0.002014,24,0.798828,24,91.0,24,,0,0.097244,24
